entry_id	source	part_of_speech	level	official_source	definition_path	exact_definition	selected_candidate	selected_candidate_method	candidate_history	reason
ox5000-0324076e988934c9c7ca	booking	noun	B2	https://www.oxfordlearnersdictionaries.com/us/definition/english/booking	/us/definition/english/booking	an arrangement that you make in advance to buy a ticket to travel somewhere, go to the theatre, etc.	резервува́ння	en_wiktionary_matching_pos_uk_translation	en_wiktionary_matching_pos_uk_translation=>'резервува́ння';reverse='reserve';lex=0.000;candDef=0.399;revDef=0.185;decision=BLOCKED:low reverse lexical agreement 0.000 || en_wiktionary_matching_pos_uk_translation=>'бронюва́ння';reverse='armor';lex=0.167;candDef=0.072;revDef=0.120;decision=BLOCKED:low reverse lexical agreement 0.167 || Helsinki-NLP/opus-mt-en-uk_contextual_definition_candidate=>'записування (ноун): розпорядок, який ви зробите заздалегідь, щоб купити квиток, щоб кудись поїхати, піти до театру тощо.';reverse='Recording: The arrangement you make in advance to buy a ticket to go somewhere, go to the theater, and so forth.';lex=0.000;candDef=0.718;revDef=0.751;decision=BLOCKED:noun candidate is an infinitive/verb form || Helsinki-NLP/opus-mt-en-uk_surface_candidate=>'записування';reverse='recording';lex=0.500;candDef=0.214;revDef=0.083;decision=BLOCKED:candidate/reverse meaning does not align with exact Oxford definition (0.214)	BLOCKED: low reverse lexical agreement 0.000; method=en_wiktionary_matching_pos_uk_translation; exact Oxford definition='an arrangement that you make in advance to buy a ticket to travel somewhere, go to the theatre, etc.'; candidate='резервува́ння'; reverse='reserve'; lexical=0.000; candidate_definition_similarity=0.399; reverse_definition_similarity=0.185; semantic=0.399.
ox5000-00636bc1e91847dc273e	boost	noun	B2	https://www.oxfordlearnersdictionaries.com/us/definition/english/boost_2	/us/definition/english/boost_2	something that helps or encourages somebody/something	запомо́га	en_wiktionary_matching_pos_uk_translation	en_wiktionary_matching_pos_uk_translation=>'запомо́га';reverse='relief work';lex=0.125;candDef=0.355;revDef=0.366;decision=BLOCKED:low reverse lexical agreement 0.125 || Helsinki-NLP/opus-mt-en-uk_contextual_definition_candidate=>'Підсилити (нуун): щось, що допомагає або підбадьорює когось або щось';reverse='Supplies: something that helps or encourages someone or something';lex=0.000;candDef=0.876;revDef=0.729;decision=BLOCKED:noun candidate is an infinitive/verb form || Helsinki-NLP/opus-mt-en-uk_surface_candidate=>'Підсилення';reverse='Gain';lex=0.000;candDef=0.226;revDef=0.243;decision=BLOCKED:low reverse lexical agreement 0.000	BLOCKED: low reverse lexical agreement 0.125; method=en_wiktionary_matching_pos_uk_translation; exact Oxford definition='something that helps or encourages somebody/something'; candidate='запомо́га'; reverse='relief work'; lexical=0.125; candidate_definition_similarity=0.355; reverse_definition_similarity=0.366; semantic=0.366.
ox5000-c0b4a3f25a5eb7edbd5f	boost	verb	B2	https://www.oxfordlearnersdictionaries.com/us/definition/english/boost_1	/us/definition/english/boost_1	to make something increase, or become better or more successful	подвоєння (клацання): щоб збільшити значення, або стати кращим або успішнішим	Helsinki-NLP/opus-mt-en-uk_contextual_definition_candidate	Helsinki-NLP/opus-mt-en-uk_contextual_definition_candidate=>'подвоєння (клацання): щоб збільшити значення, або стати кращим або успішнішим';reverse='doubles (clicks): to increase value, or to become better or more successful';lex=0.000;candDef=0.805;revDef=0.577;decision=BLOCKED:verb candidate is not an appropriate Ukrainian infinitive/verb phrase || Helsinki-NLP/opus-mt-en-uk_surface_candidate=>'Підсилення';reverse='Gain';lex=0.000;candDef=0.493;revDef=0.464;decision=BLOCKED:verb candidate is not an appropriate Ukrainian infinitive/verb phrase	BLOCKED: verb candidate is not an appropriate Ukrainian infinitive/verb phrase; method=Helsinki-NLP/opus-mt-en-uk_contextual_definition_candidate; exact Oxford definition='to make something increase, or become better or more successful'; candidate='подвоєння (клацання): щоб збільшити значення, або стати кращим або успішнішим'; reverse='doubles (clicks): to increase value, or to become better or more successful'; lexical=0.000; candidate_definition_similarity=0.805; reverse_definition_similarity=0.577; semantic=0.000.
ox5000-1f5a6ea35a13b0e40dd1	bound	adjective	B2	https://www.oxfordlearnersdictionaries.com/us/definition/english/bound_1	/us/definition/english/bound_1	certain or likely to happen, or to do or be something	прив' язаний (підприємець): певний або ймовірний випадок, або зробити або бути чимось	Helsinki-NLP/opus-mt-en-uk_contextual_definition_candidate	"Helsinki-NLP/opus-mt-en-uk_contextual_definition_candidate=>""прив' язаний (підприємець): певний або ймовірний випадок, або зробити або бути чимось"";reverse='bound (Advanced): a certain or likely case, or do or be something';lex=0.000;candDef=0.677;revDef=0.599;decision=BLOCKED:adjective candidate has no plausible Ukrainian adjective morphology || Helsinki-NLP/opus-mt-en-uk_surface_candidate=>""прив' язаний"";reverse='bound';lex=0.000;candDef=0.209;revDef=0.126;decision=BLOCKED:adjective candidate has no plausible Ukrainian adjective morphology"	"BLOCKED: adjective candidate has no plausible Ukrainian adjective morphology; method=Helsinki-NLP/opus-mt-en-uk_contextual_definition_candidate; exact Oxford definition='certain or likely to happen, or to do or be something'; candidate=""прив' язаний (підприємець): певний або ймовірний випадок, або зробити або бути чимось""; reverse='bound (Advanced): a certain or likely case, or do or be something'; lexical=0.000; candidate_definition_similarity=0.677; reverse_definition_similarity=0.599; semantic=0.000."
ox5000-c665d95862829f444fe3	broadly	adverb	B2	https://www.oxfordlearnersdictionaries.com/us/definition/english/broadly	/us/definition/english/broadly	generally, without considering details	Широко ( прислівник): загалом, не розглядаючи подробиць	Helsinki-NLP/opus-mt-en-uk_contextual_definition_candidate	Helsinki-NLP/opus-mt-en-uk_contextual_definition_candidate=>'Широко ( прислівник): загалом, не розглядаючи подробиць';reverse='Wide (Adverb): generally without looking at details';lex=0.145;candDef=0.739;revDef=0.509;decision=BLOCKED:low reverse lexical agreement 0.145 || Helsinki-NLP/opus-mt-en-uk_surface_candidate=>'Широко';reverse='Wide';lex=0.182;candDef=0.437;revDef=0.228;decision=BLOCKED:low reverse lexical agreement 0.182	BLOCKED: low reverse lexical agreement 0.145; method=Helsinki-NLP/opus-mt-en-uk_contextual_definition_candidate; exact Oxford definition='generally, without considering details'; candidate='Широко ( прислівник): загалом, не розглядаючи подробиць'; reverse='Wide (Adverb): generally without looking at details'; lexical=0.145; candidate_definition_similarity=0.739; reverse_definition_similarity=0.509; semantic=0.739.
ox5000-7e010b349356a4ff144c	bug	noun	B2	https://www.oxfordlearnersdictionaries.com/us/definition/english/bug_1	/us/definition/english/bug_1	any small insect	кома́шка	en_wiktionary_matching_pos_uk_translation	en_wiktionary_matching_pos_uk_translation=>'клоп';reverse='crotch';lex=0.000;candDef=0.299;revDef=0.357;decision=BLOCKED:low reverse lexical agreement 0.000 || en_wiktionary_matching_pos_uk_translation=>'кома́шка';reverse='Cottach';lex=0.000;candDef=0.633;revDef=0.234;decision=BLOCKED:low reverse lexical agreement 0.000 || en_wiktionary_matching_pos_uk_translation=>'ку́зька';reverse='Coal';lex=0.000;candDef=0.378;revDef=0.097;decision=BLOCKED:low reverse lexical agreement 0.000 || en_wiktionary_matching_pos_uk_translation=>'ку́зка';reverse='Ostrich';lex=0.000;candDef=0.371;revDef=0.416;decision=BLOCKED:low reverse lexical agreement 0.000 || Helsinki-NLP/opus-mt-en-uk_contextual_definition_candidate=>'bug (noun): будь- яка маленька комаха';reverse='bug (noun): any small insect';lex=0.000;candDef=0.807;revDef=0.843;decision=BLOCKED:Latin-language residue remains || Helsinki-NLP/opus-mt-en-uk_surface_candidate=>'bug';reverse='bug';lex=0.000;candDef=0.401;revDef=0.401;decision=BLOCKED:candidate is not predominantly Ukrainian	BLOCKED: low reverse lexical agreement 0.000; method=en_wiktionary_matching_pos_uk_translation; exact Oxford definition='any small insect'; candidate='кома́шка'; reverse='Cottach'; lexical=0.000; candidate_definition_similarity=0.633; reverse_definition_similarity=0.234; semantic=0.633.
ox5000-bc1029015aec50c2aea1	cabin	noun	B2	https://www.oxfordlearnersdictionaries.com/us/definition/english/cabin	/us/definition/english/cabin	a small room on a ship in which you live or sleep	Каюта (ноун): невеличка кімната на кораблі, в якому ви живете або спите.	Helsinki-NLP/opus-mt-en-uk_contextual_definition_candidate	en_wiktionary_matching_pos_uk_translation=>'хати́на';reverse='House';lex=0.000;candDef=0.245;revDef=0.412;decision=BLOCKED:low reverse lexical agreement 0.000 || en_wiktionary_matching_pos_uk_translation=>'хи́жа';reverse='shawl';lex=0.200;candDef=0.264;revDef=0.180;decision=BLOCKED:low reverse lexical agreement 0.200 || en_wiktionary_matching_pos_uk_translation=>'халу́па';reverse='haluʹpa';lex=0.167;candDef=0.280;revDef=0.149;decision=BLOCKED:low reverse lexical agreement 0.167 || en_wiktionary_matching_pos_uk_translation=>'ха́та';reverse='haʹta';lex=0.200;candDef=0.288;revDef=0.158;decision=BLOCKED:low reverse lexical agreement 0.200 || Helsinki-NLP/opus-mt-en-uk_contextual_definition_candidate=>'Каюта (ноун): невеличка кімната на кораблі, в якому ви живете або спите.';reverse='Kauta (Noun): a small room on a ship where you live or sleep.';lex=0.065;candDef=0.896;revDef=0.687;decision=BLOCKED:low reverse lexical agreement 0.065 || Helsinki-NLP/opus-mt-en-uk_surface_candidate=>'хижина';reverse='precipitous';lex=0.250;candDef=0.424;revDef=0.179;decision=BLOCKED:low reverse lexical agreement 0.250	BLOCKED: low reverse lexical agreement 0.065; method=Helsinki-NLP/opus-mt-en-uk_contextual_definition_candidate; exact Oxford definition='a small room on a ship in which you live or sleep'; candidate='Каюта (ноун): невеличка кімната на кораблі, в якому ви живете або спите.'; reverse='Kauta (Noun): a small room on a ship where you live or sleep.'; lexical=0.065; candidate_definition_similarity=0.896; reverse_definition_similarity=0.687; semantic=0.896.
ox5000-9c94f94be7b1a888dd21	casual	adjective	B2	https://www.oxfordlearnersdictionaries.com/us/definition/english/casual_1	/us/definition/english/casual_1	not formal	випадковий (прикметник): не є формальним	Helsinki-NLP/opus-mt-en-uk_contextual_definition_candidate	Helsinki-NLP/opus-mt-en-uk_contextual_definition_candidate=>'випадковий (прикметник): не є формальним';reverse='random (announcer): not regular';lex=0.118;candDef=0.535;revDef=0.243;decision=BLOCKED:low reverse lexical agreement 0.118 || Helsinki-NLP/opus-mt-en-uk_surface_candidate=>'випадковий';reverse='random';lex=0.167;candDef=0.471;revDef=0.229;decision=BLOCKED:low reverse lexical agreement 0.167	BLOCKED: low reverse lexical agreement 0.118; method=Helsinki-NLP/opus-mt-en-uk_contextual_definition_candidate; exact Oxford definition='not formal'; candidate='випадковий (прикметник): не є формальним'; reverse='random (announcer): not regular'; lexical=0.118; candidate_definition_similarity=0.535; reverse_definition_similarity=0.243; semantic=0.535.
ox5000-faf95786d6bb15f92757	chase	noun	B2	https://www.oxfordlearnersdictionaries.com/us/definition/english/chase_2	/us/definition/english/chase_2	an act of running or driving after somebody/something in order to catch them or it	ганя́ти	en_wiktionary_matching_pos_uk_translation	en_wiktionary_matching_pos_uk_translation=>'ганя́ти';reverse='harbors';lex=0.000;candDef=0.344;revDef=0.129;decision=BLOCKED:noun candidate is an infinitive/verb form || en_wiktionary_matching_pos_uk_translation=>'поганя́ти';reverse='Figurative';lex=0.000;candDef=0.424;revDef=0.342;decision=BLOCKED:noun candidate is an infinitive/verb form || en_wiktionary_matching_pos_uk_translation=>'гна́ти';reverse='nuts';lex=0.000;candDef=0.370;revDef=0.207;decision=BLOCKED:noun candidate is an infinitive/verb form || en_wiktionary_matching_pos_uk_translation=>'погна́ти';reverse='Plowing';lex=0.000;candDef=0.416;revDef=0.321;decision=BLOCKED:noun candidate is an infinitive/verb form || Helsinki-NLP/opus-mt-en-uk_contextual_definition_candidate=>'pun (noun): акт запуску або водіння за кимось або чимось для того, щоб зловити їх або';reverse='pun (noun) an act of running or driving after someone or something to catch them or';lex=0.000;candDef=0.641;revDef=0.724;decision=BLOCKED:Latin-language residue remains || Helsinki-NLP/opus-mt-en-uk_surface_candidate=>'train';reverse='track';lex=0.000;candDef=0.219;revDef=0.373;decision=BLOCKED:candidate is not predominantly Ukrainian	BLOCKED: noun candidate is an infinitive/verb form; method=en_wiktionary_matching_pos_uk_translation; exact Oxford definition='an act of running or driving after somebody/something in order to catch them or it'; candidate='ганя́ти'; reverse='harbors'; lexical=0.000; candidate_definition_similarity=0.344; reverse_definition_similarity=0.129; semantic=0.000.
ox5000-1c569c97ca81d70efaf2	chase	verb	B2	https://www.oxfordlearnersdictionaries.com/us/definition/english/chase_1	/us/definition/english/chase_1	to run, drive, etc. after somebody/something in order to catch them or it	погна́ти	en_wiktionary_matching_pos_uk_translation	en_wiktionary_matching_pos_uk_translation=>'ганя́ти';reverse='harbors';lex=0.500;candDef=0.225;revDef=0.088;decision=BLOCKED:candidate/reverse meaning does not align with exact Oxford definition (0.225) || en_wiktionary_matching_pos_uk_translation=>'поганя́ти';reverse='Figurative';lex=0.267;candDef=0.274;revDef=0.153;decision=BLOCKED:low reverse lexical agreement 0.267 || en_wiktionary_matching_pos_uk_translation=>'гна́ти';reverse='nuts';lex=0.222;candDef=0.243;revDef=0.119;decision=BLOCKED:low reverse lexical agreement 0.222 || en_wiktionary_matching_pos_uk_translation=>'погна́ти';reverse='Plowing';lex=0.000;candDef=0.346;revDef=0.260;decision=BLOCKED:low reverse lexical agreement 0.000 || Helsinki-NLP/opus-mt-en-uk_contextual_definition_candidate=>'track (verboard): запустити, drive, і т.д. після когось або чогось для того, щоб спіймати їх або';reverse='track (verbboard): start, drive, etc. after someone or something to catch them or';lex=0.000;candDef=0.688;revDef=0.677;decision=BLOCKED:Latin-language residue remains || Helsinki-NLP/opus-mt-en-uk_surface_candidate=>'train';reverse='track';lex=0.000;candDef=0.198;revDef=0.339;decision=BLOCKED:candidate is not predominantly Ukrainian	BLOCKED: low reverse lexical agreement 0.000; method=en_wiktionary_matching_pos_uk_translation; exact Oxford definition='to run, drive, etc. after somebody/something in order to catch them or it'; candidate='погна́ти'; reverse='Plowing'; lexical=0.000; candidate_definition_similarity=0.346; reverse_definition_similarity=0.260; semantic=0.346.
ox5000-e9afbf1e9b9ba09c65ee	cheer	noun	B2	https://www.oxfordlearnersdictionaries.com/us/definition/english/cheer_2	/us/definition/english/cheer_2	a shout of joy, support or praise	Веселий (гучний): вигук радості, підтримки або похвали	Helsinki-NLP/opus-mt-en-uk_contextual_definition_candidate	Helsinki-NLP/opus-mt-en-uk_contextual_definition_candidate=>'Веселий (гучний): вигук радості, підтримки або похвали';reverse='Haughty (sound): A shout of joy, support, or commendation';lex=0.070;candDef=0.881;revDef=0.787;decision=BLOCKED:low reverse lexical agreement 0.070 || Helsinki-NLP/opus-mt-en-uk_surface_candidate=>'веселий';reverse='fun';lex=0.000;candDef=0.681;revDef=0.499;decision=BLOCKED:low reverse lexical agreement 0.000	BLOCKED: low reverse lexical agreement 0.070; method=Helsinki-NLP/opus-mt-en-uk_contextual_definition_candidate; exact Oxford definition='a shout of joy, support or praise'; candidate='Веселий (гучний): вигук радості, підтримки або похвали'; reverse='Haughty (sound): A shout of joy, support, or commendation'; lexical=0.070; candidate_definition_similarity=0.881; reverse_definition_similarity=0.787; semantic=0.881.
ox5000-042f56b4f8aa0bfb23f1	cheer	verb	B2	https://www.oxfordlearnersdictionaries.com/us/definition/english/cheer_1	/us/definition/english/cheer_1	to shout loudly, in order to show support or praise for somebody, or to encourage them	аплодувати (клацання): голосно вигукувати, щоб показати чи похвалити когось, або підбадьорювати	Helsinki-NLP/opus-mt-en-uk_contextual_definition_candidate	Helsinki-NLP/opus-mt-en-uk_contextual_definition_candidate=>'аплодувати (клацання): голосно вигукувати, щоб показати чи похвалити когось, або підбадьорювати';reverse='applaud: shout out loud to show or approve, or encourage';lex=0.068;candDef=0.850;revDef=0.751;decision=BLOCKED:low reverse lexical agreement 0.068 || Helsinki-NLP/opus-mt-en-uk_surface_candidate=>'веселий';reverse='fun';lex=0.000;candDef=0.377;revDef=0.246;decision=BLOCKED:verb candidate is not an appropriate Ukrainian infinitive/verb phrase	BLOCKED: low reverse lexical agreement 0.068; method=Helsinki-NLP/opus-mt-en-uk_contextual_definition_candidate; exact Oxford definition='to shout loudly, in order to show support or praise for somebody, or to encourage them'; candidate='аплодувати (клацання): голосно вигукувати, щоб показати чи похвалити когось, або підбадьорювати'; reverse='applaud: shout out loud to show or approve, or encourage'; lexical=0.068; candidate_definition_similarity=0.850; reverse_definition_similarity=0.751; semantic=0.850.
ox5000-5f21cc31a80fe8b694f6	chop	verb	B2	https://www.oxfordlearnersdictionaries.com/us/definition/english/chop_1	/us/definition/english/chop_1	to cut something into pieces with a sharp tool such as a knife	break (verboard): розрізати щось на шматки гострим інструментом, на зразок ножа	Helsinki-NLP/opus-mt-en-uk_contextual_definition_candidate	Helsinki-NLP/opus-mt-en-uk_contextual_definition_candidate=>'break (verboard): розрізати щось на шматки гострим інструментом, на зразок ножа';reverse='break (verbboard): Cut something into pieces with a sharp tool like a knife';lex=0.000;candDef=0.770;revDef=0.853;decision=BLOCKED:English/source-language residue or model artifact || Helsinki-NLP/opus-mt-en-uk_surface_candidate=>'bar';reverse='bar';lex=0.000;candDef=0.126;revDef=0.126;decision=BLOCKED:English/source-language residue or model artifact	BLOCKED: English/source-language residue or model artifact; method=Helsinki-NLP/opus-mt-en-uk_contextual_definition_candidate; exact Oxford definition='to cut something into pieces with a sharp tool such as a knife'; candidate='break (verboard): розрізати щось на шматки гострим інструментом, на зразок ножа'; reverse='break (verbboard): Cut something into pieces with a sharp tool like a knife'; lexical=0.000; candidate_definition_similarity=0.770; reverse_definition_similarity=0.853; semantic=0.000.
ox5000-14a30058a90886f8f5dc	circuit	noun	B2	https://www.oxfordlearnersdictionaries.com/us/definition/english/circuit	/us/definition/english/circuit	a line, route or journey around a place	схема (нуун): лінія, маршрут або подорож навколо місця	Helsinki-NLP/opus-mt-en-uk_contextual_definition_candidate	en_wiktionary_matching_pos_uk_translation=>'кругоо́біг';reverse='round run';lex=0.250;candDef=0.505;revDef=0.333;decision=BLOCKED:low reverse lexical agreement 0.250 || en_wiktionary_matching_pos_uk_translation=>'цикл';reverse='cycle';lex=0.333;candDef=0.235;revDef=0.235;decision=BLOCKED:candidate/reverse meaning does not align with exact Oxford definition (0.235) || en_wiktionary_matching_pos_uk_translation=>'оберта́ння';reverse='rotation';lex=0.133;candDef=0.417;revDef=0.286;decision=BLOCKED:low reverse lexical agreement 0.133 || en_wiktionary_matching_pos_uk_translation=>'окру́жність';reverse='Degrees';lex=0.143;candDef=0.436;revDef=0.164;decision=BLOCKED:low reverse lexical agreement 0.143 || Helsinki-NLP/opus-mt-en-uk_contextual_definition_candidate=>'схема (нуун): лінія, маршрут або подорож навколо місця';reverse='scheme (nuun): Line, route or journey around location';lex=0.179;candDef=0.861;revDef=0.715;decision=BLOCKED:low reverse lexical agreement 0.179 || Helsinki-NLP/opus-mt-en-uk_surface_candidate=>'схема';reverse='scheme';lex=0.154;candDef=0.420;revDef=0.311;decision=BLOCKED:low reverse lexical agreement 0.154	BLOCKED: low reverse lexical agreement 0.179; method=Helsinki-NLP/opus-mt-en-uk_contextual_definition_candidate; exact Oxford definition='a line, route or journey around a place'; candidate='схема (нуун): лінія, маршрут або подорож навколо місця'; reverse='scheme (nuun): Line, route or journey around location'; lexical=0.179; candidate_definition_similarity=0.861; reverse_definition_similarity=0.715; semantic=0.861.
ox5000-bf7922083634871fd76e	cliff	noun	B2	https://www.oxfordlearnersdictionaries.com/us/definition/english/cliff_1	/us/definition/english/cliff_1	a high area of rock with a very steep side, often at the edge of the sea or ocean	Скала (нуун): висока ділянка скелі з дуже крутим боком, часто на березі моря або океану.	Helsinki-NLP/opus-mt-en-uk_contextual_definition_candidate	en_wiktionary_matching_pos_uk_translation=>'ске́ля';reverse='rock';lex=0.222;candDef=0.182;revDef=0.506;decision=BLOCKED:low reverse lexical agreement 0.222 || en_wiktionary_matching_pos_uk_translation=>'кліф';reverse='maple';lex=0.200;candDef=0.176;revDef=-0.022;decision=BLOCKED:low reverse lexical agreement 0.200 || Helsinki-NLP/opus-mt-en-uk_contextual_definition_candidate=>'Скала (нуун): висока ділянка скелі з дуже крутим боком, часто на березі моря або океану.';reverse='Skala (nuun): A tall piece of rock with a very steep side, often on the beach of the sea or the ocean.';lex=0.078;candDef=0.875;revDef=0.668;decision=BLOCKED:low reverse lexical agreement 0.078 || Helsinki-NLP/opus-mt-en-uk_surface_candidate=>'Скала';reverse='Skala';lex=0.200;candDef=0.353;revDef=0.396;decision=BLOCKED:low reverse lexical agreement 0.200	BLOCKED: low reverse lexical agreement 0.078; method=Helsinki-NLP/opus-mt-en-uk_contextual_definition_candidate; exact Oxford definition='a high area of rock with a very steep side, often at the edge of the sea or ocean'; candidate='Скала (нуун): висока ділянка скелі з дуже крутим боком, часто на березі моря або океану.'; reverse='Skala (nuun): A tall piece of rock with a very steep side, often on the beach of the sea or the ocean.'; lexical=0.078; candidate_definition_similarity=0.875; reverse_definition_similarity=0.668; semantic=0.875.
ox5000-065f94e1d344097a9fb6	clinic	noun	B2	https://www.oxfordlearnersdictionaries.com/us/definition/english/clinic	/us/definition/english/clinic	a building or part of a hospital where people can go for special medical treatment or advice	Лікарня (ноун): будинок або частина лікарні, де люди можуть ходити до спеціальної медичної допомоги або поради.	Helsinki-NLP/opus-mt-en-uk_contextual_definition_candidate	en_wiktionary_matching_pos_uk_translation=>'клі́ніка';reverse='Kleonika';lex=0.429;candDef=0.275;revDef=0.182;decision=BLOCKED:candidate/reverse meaning does not align with exact Oxford definition (0.275) || en_wiktionary_matching_pos_uk_translation=>'амбулато́рія';reverse='ambultoria';lex=0.250;candDef=0.290;revDef=0.328;decision=BLOCKED:low reverse lexical agreement 0.250 || Helsinki-NLP/opus-mt-en-uk_contextual_definition_candidate=>'Лікарня (ноун): будинок або частина лікарні, де люди можуть ходити до спеціальної медичної допомоги або поради.';reverse='Hospital (Noun): A house or a part of a hospital where people can go to specialized medical care or advice.';lex=0.092;candDef=0.854;revDef=0.698;decision=BLOCKED:low reverse lexical agreement 0.092 || Helsinki-NLP/opus-mt-en-uk_surface_candidate=>'лікарня';reverse='Hospital';lex=0.143;candDef=0.719;revDef=0.718;decision=BLOCKED:low reverse lexical agreement 0.143	BLOCKED: low reverse lexical agreement 0.092; method=Helsinki-NLP/opus-mt-en-uk_contextual_definition_candidate; exact Oxford definition='a building or part of a hospital where people can go for special medical treatment or advice'; candidate='Лікарня (ноун): будинок або частина лікарні, де люди можуть ходити до спеціальної медичної допомоги або поради.'; reverse='Hospital (Noun): A house or a part of a hospital where people can go to specialized medical care or advice.'; lexical=0.092; candidate_definition_similarity=0.854; reverse_definition_similarity=0.698; semantic=0.854.
ox5000-85c56babf231b6fd11a6	comic	adjective	B2	https://www.oxfordlearnersdictionaries.com/us/definition/english/comic_1	/us/definition/english/comic_1	humorous and making you laugh	комікс (примітка): смішний і змушує сміятися	Helsinki-NLP/opus-mt-en-uk_contextual_definition_candidate	Helsinki-NLP/opus-mt-en-uk_contextual_definition_candidate=>'комікс (примітка): смішний і змушує сміятися';reverse='comic book (note): funny and makes you laugh.';lex=0.000;candDef=0.818;revDef=0.780;decision=BLOCKED:adjective candidate has no plausible Ukrainian adjective morphology || Helsinki-NLP/opus-mt-en-uk_surface_candidate=>'комікси';reverse='comics';lex=0.000;candDef=0.379;revDef=0.279;decision=BLOCKED:adjective candidate has no plausible Ukrainian adjective morphology	BLOCKED: adjective candidate has no plausible Ukrainian adjective morphology; method=Helsinki-NLP/opus-mt-en-uk_contextual_definition_candidate; exact Oxford definition='humorous and making you laugh'; candidate='комікс (примітка): смішний і змушує сміятися'; reverse='comic book (note): funny and makes you laugh.'; lexical=0.000; candidate_definition_similarity=0.818; reverse_definition_similarity=0.780; semantic=0.000.
ox5000-e07de55ff108c88cf492	compose	verb	B2	https://www.oxfordlearnersdictionaries.com/us/definition/english/compose	/us/definition/english/compose	to write music	склада́ти	en_wiktionary_matching_pos_uk_translation	"en_wiktionary_matching_pos_uk_translation=>'склада́ти';reverse='syllables';lex=0.250;candDef=0.347;revDef=0.301;decision=BLOCKED:low reverse lexical agreement 0.250 || en_wiktionary_matching_pos_uk_translation=>'скла́сти';reverse='glass';lex=0.167;candDef=0.328;revDef=0.120;decision=BLOCKED:low reverse lexical agreement 0.167 || en_wiktionary_matching_pos_uk_translation=>'компонува́ти';reverse='connovats';lex=0.500;candDef=0.282;revDef=0.269;decision=BLOCKED:candidate/reverse meaning does not align with exact Oxford definition (0.282) || en_wiktionary_matching_pos_uk_translation=>'скомпонува́ти';reverse='"" We\'re going to have to work together. ""';lex=0.140;candDef=0.333;revDef=0.200;decision=BLOCKED:low reverse lexical agreement 0.140 || Helsinki-NLP/opus-mt-en-uk_contextual_definition_candidate=>'create (verb): для запису музики';reverse='create (verb): for music writing';lex=0.000;candDef=0.661;revDef=0.739;decision=BLOCKED:candidate is not predominantly Ukrainian || Helsinki-NLP/opus-mt-en-uk_surface_candidate=>'Складання';reverse='Compiling';lex=0.000;candDef=0.399;revDef=0.398;decision=BLOCKED:verb candidate is not an appropriate Ukrainian infinitive/verb phrase"	BLOCKED: low reverse lexical agreement 0.250; method=en_wiktionary_matching_pos_uk_translation; exact Oxford definition='to write music'; candidate='склада́ти'; reverse='syllables'; lexical=0.250; candidate_definition_similarity=0.347; reverse_definition_similarity=0.301; semantic=0.347.
ox5000-0f76508d4a3a6e8d10e7	compound	noun	B2	https://www.oxfordlearnersdictionaries.com/us/definition/english/compound_1	/us/definition/english/compound_1	a thing consisting of two or more separate things combined together	complex (nun): річ, що складається з двох або декількох окремих об' єктів, з' єднаних разом	Helsinki-NLP/opus-mt-en-uk_contextual_definition_candidate	"Helsinki-NLP/opus-mt-en-uk_contextual_definition_candidate=>""complex (nun): річ, що складається з двох або декількох окремих об' єктів, з' єднаних разом"";reverse='complex (nun): A thing consisting of two or more distinct objects joined together';lex=0.000;candDef=0.650;revDef=0.669;decision=BLOCKED:Latin-language residue remains || Helsinki-NLP/opus-mt-en-uk_surface_candidate=>'complication';reverse='complication';lex=0.000;candDef=0.253;revDef=0.253;decision=BLOCKED:candidate is not predominantly Ukrainian"	"BLOCKED: Latin-language residue remains; method=Helsinki-NLP/opus-mt-en-uk_contextual_definition_candidate; exact Oxford definition='a thing consisting of two or more separate things combined together'; candidate=""complex (nun): річ, що складається з двох або декількох окремих об' єктів, з' єднаних разом""; reverse='complex (nun): A thing consisting of two or more distinct objects joined together'; lexical=0.000; candidate_definition_similarity=0.650; reverse_definition_similarity=0.669; semantic=0.000."
ox5000-cef7e9caa766c637d105	comprehensive	adjective	B2	https://www.oxfordlearnersdictionaries.com/us/definition/english/comprehensive_1	/us/definition/english/comprehensive_1	including all, or almost all, the items, details, facts, information, etc., that may be involved	комплексний (підприємець): разом з усіма або майже всіма елементами, подробицями, фактами, інформацією тощо, які можуть бути включені	Helsinki-NLP/opus-mt-en-uk_contextual_definition_candidate	en_wiktionary_matching_pos_uk_translation=>'всебі́чний';reverse='full - fledged';lex=0.160;candDef=0.332;revDef=0.216;decision=BLOCKED:low reverse lexical agreement 0.160 || en_wiktionary_matching_pos_uk_translation=>'всеося́жний';reverse='all - embracing';lex=0.154;candDef=0.353;revDef=0.162;decision=BLOCKED:low reverse lexical agreement 0.154 || en_wiktionary_matching_pos_uk_translation=>'по́вний';reverse='convex';lex=0.526;candDef=0.172;revDef=0.045;decision=BLOCKED:candidate/reverse meaning does not align with exact Oxford definition (0.172) || en_wiktionary_matching_pos_uk_translation=>'виче́рпний';reverse='pretier';lex=0.400;candDef=0.187;revDef=0.226;decision=BLOCKED:candidate/reverse meaning does not align with exact Oxford definition (0.226) || Helsinki-NLP/opus-mt-en-uk_contextual_definition_candidate=>'комплексний (підприємець): разом з усіма або майже всіма елементами, подробицями, фактами, інформацією тощо, які можуть бути включені';reverse='complex (entrepreneur): along with all or almost all elements, details, facts, information, etc. that may be included';lex=0.180;candDef=0.704;revDef=0.543;decision=BLOCKED:low reverse lexical agreement 0.180 || Helsinki-NLP/opus-mt-en-uk_surface_candidate=>'комплексний';reverse='complex';lex=0.500;candDef=0.366;revDef=0.300;decision=BLOCKED:candidate/reverse meaning does not align with exact Oxford definition (0.366)	BLOCKED: low reverse lexical agreement 0.180; method=Helsinki-NLP/opus-mt-en-uk_contextual_definition_candidate; exact Oxford definition='including all, or almost all, the items, details, facts, information, etc., that may be involved'; candidate='комплексний (підприємець): разом з усіма або майже всіма елементами, подробицями, фактами, інформацією тощо, які можуть бути включені'; reverse='complex (entrepreneur): along with all or almost all elements, details, facts, information, etc. that may be included'; lexical=0.180; candidate_definition_similarity=0.704; reverse_definition_similarity=0.543; semantic=0.704.
ox5000-3dbc882686b6ebef26d1	concrete	adjective	B2	https://www.oxfordlearnersdictionaries.com/us/definition/english/concrete_1	/us/definition/english/concrete_1	made of concrete	пе́вний	en_wiktionary_matching_pos_uk_translation	en_wiktionary_matching_pos_uk_translation=>'конкре́тний';reverse='comcreʹ';lex=0.714;candDef=0.272;revDef=0.211;decision=BLOCKED:candidate/reverse meaning does not align with exact Oxford definition (0.272) || en_wiktionary_matching_pos_uk_translation=>'пе́вний';reverse='Bold';lex=0.167;candDef=0.209;revDef=0.348;decision=BLOCKED:low reverse lexical agreement 0.167 || en_wiktionary_matching_pos_uk_translation=>'спра́вжній';reverse='question';lex=0.250;candDef=0.273;revDef=0.237;decision=BLOCKED:low reverse lexical agreement 0.250 || en_wiktionary_matching_pos_uk_translation=>'ді́йсний';reverse='die';lex=0.182;candDef=0.232;revDef=0.195;decision=BLOCKED:low reverse lexical agreement 0.182 || Helsinki-NLP/opus-mt-en-uk_contextual_definition_candidate=>'бетон (прикметник): зроблений з бетону.';reverse='concrete: made of concrete.';lex=0.000;candDef=0.935;revDef=0.939;decision=BLOCKED:adjective candidate has no plausible Ukrainian adjective morphology || Helsinki-NLP/opus-mt-en-uk_surface_candidate=>'бетон';reverse='concrete';lex=0.000;candDef=0.902;revDef=0.894;decision=BLOCKED:adjective candidate has no plausible Ukrainian adjective morphology	BLOCKED: low reverse lexical agreement 0.167; method=en_wiktionary_matching_pos_uk_translation; exact Oxford definition='made of concrete'; candidate='пе́вний'; reverse='Bold'; lexical=0.167; candidate_definition_similarity=0.209; reverse_definition_similarity=0.348; semantic=0.348.
ox5000-85a7a64b9f86bcca1831	confusion	noun	B2	https://www.oxfordlearnersdictionaries.com/us/definition/english/confusion	/us/definition/english/confusion	a state of not being certain about what is happening, what you should do, what something means, etc.	замішання (ніун): стан непевності щодо того, що відбувається, що вам слід робити, що щось означає і так далі.	Helsinki-NLP/opus-mt-en-uk_contextual_definition_candidate	Helsinki-NLP/opus-mt-en-uk_contextual_definition_candidate=>'замішання (ніун): стан непевності щодо того, що відбувається, що вам слід робити, що щось означає і так далі.';reverse='Frustration: The state of uncertainty as to what is going on, what to do, what to do, what to do, and so forth.';lex=0.105;candDef=0.803;revDef=0.505;decision=BLOCKED:low reverse lexical agreement 0.105 || Helsinki-NLP/opus-mt-en-uk_surface_candidate=>'плутанина';reverse='confusion';lex=1.000;candDef=0.323;revDef=0.312;decision=BLOCKED:candidate/reverse meaning does not align with exact Oxford definition (0.323)	BLOCKED: low reverse lexical agreement 0.105; method=Helsinki-NLP/opus-mt-en-uk_contextual_definition_candidate; exact Oxford definition='a state of not being certain about what is happening, what you should do, what something means, etc.'; candidate='замішання (ніун): стан непевності щодо того, що відбувається, що вам слід робити, що щось означає і так далі.'; reverse='Frustration: The state of uncertainty as to what is going on, what to do, what to do, what to do, and so forth.'; lexical=0.105; candidate_definition_similarity=0.803; reverse_definition_similarity=0.505; semantic=0.803.
ox5000-c88a5ab0c123045d4363	consequently	adverb	B2	https://www.oxfordlearnersdictionaries.com/us/definition/english/consequently	/us/definition/english/consequently	as a result; therefore	як наслідок	en_wiktionary_matching_pos_uk_translation	en_wiktionary_matching_pos_uk_translation=>'відповідно';reverse='appropriate';lex=0.174;candDef=0.678;revDef=0.448;decision=BLOCKED:low reverse lexical agreement 0.174 || en_wiktionary_matching_pos_uk_translation=>'як наслідок';reverse='the result.';lex=0.273;candDef=0.828;revDef=0.764;decision=BLOCKED:low reverse lexical agreement 0.273 || Helsinki-NLP/opus-mt-en-uk_contextual_definition_candidate=>'В результаті (приголос): як результат; отже';reverse='As a result (public): as result; so';lex=0.093;candDef=0.677;revDef=0.702;decision=BLOCKED:low reverse lexical agreement 0.093 || Helsinki-NLP/opus-mt-en-uk_surface_candidate=>'Отже';reverse='So...';lex=0.143;candDef=0.661;revDef=0.614;decision=BLOCKED:low reverse lexical agreement 0.143	BLOCKED: low reverse lexical agreement 0.273; method=en_wiktionary_matching_pos_uk_translation; exact Oxford definition='as a result; therefore'; candidate='як наслідок'; reverse='the result.'; lexical=0.273; candidate_definition_similarity=0.828; reverse_definition_similarity=0.764; semantic=0.828.
ox5000-26a00e51322ff7c8d3ee	considerable	adjective	B2	https://www.oxfordlearnersdictionaries.com/us/definition/english/considerable	/us/definition/english/considerable	great in amount, size, importance, etc.	minute (прикметник): велика величина, розмір, важливість тощо.	Helsinki-NLP/opus-mt-en-uk_contextual_definition_candidate	Helsinki-NLP/opus-mt-en-uk_contextual_definition_candidate=>'minute (прикметник): велика величина, розмір, важливість тощо.';reverse='minute: large size, size, importance, etc.';lex=0.000;candDef=0.447;revDef=0.467;decision=BLOCKED:Latin-language residue remains || Helsinki-NLP/opus-mt-en-uk_surface_candidate=>'minute';reverse='minute';lex=0.000;candDef=0.147;revDef=0.147;decision=BLOCKED:candidate is not predominantly Ukrainian	BLOCKED: Latin-language residue remains; method=Helsinki-NLP/opus-mt-en-uk_contextual_definition_candidate; exact Oxford definition='great in amount, size, importance, etc.'; candidate='minute (прикметник): велика величина, розмір, важливість тощо.'; reverse='minute: large size, size, importance, etc.'; lexical=0.000; candidate_definition_similarity=0.447; reverse_definition_similarity=0.467; semantic=0.000.
ox5000-53a7b9ea5ca0a81c0606	consult	verb	B2	https://www.oxfordlearnersdictionaries.com/us/definition/english/consult	/us/definition/english/consult	to go to somebody for information or advice	консультація (клацання): щоб звернутися до когось за інформацією або порадою	Helsinki-NLP/opus-mt-en-uk_contextual_definition_candidate	Helsinki-NLP/opus-mt-en-uk_contextual_definition_candidate=>'консультація (клацання): щоб звернутися до когось за інформацією або порадою';reverse='consult: to consult someone for information or advice';lex=0.000;candDef=0.746;revDef=0.722;decision=BLOCKED:verb candidate is not an appropriate Ukrainian infinitive/verb phrase || Helsinki-NLP/opus-mt-en-uk_surface_candidate=>'консультація';reverse='consult';lex=0.000;candDef=0.543;revDef=0.500;decision=BLOCKED:verb candidate is not an appropriate Ukrainian infinitive/verb phrase	BLOCKED: verb candidate is not an appropriate Ukrainian infinitive/verb phrase; method=Helsinki-NLP/opus-mt-en-uk_contextual_definition_candidate; exact Oxford definition='to go to somebody for information or advice'; candidate='консультація (клацання): щоб звернутися до когось за інформацією або порадою'; reverse='consult: to consult someone for information or advice'; lexical=0.000; candidate_definition_similarity=0.746; reverse_definition_similarity=0.722; semantic=0.000.
ox5000-0f41dc7cf551486cfea5	convention	noun	B2	https://www.oxfordlearnersdictionaries.com/us/definition/english/convention	/us/definition/english/convention	the way in which something is done that most people in a society expect and consider to be polite or the right way to do it	конгрес (ноун): спосіб, яким щось робиться, якого більшість людей у суспільстві сподіваються і вважають бути ввічливим або правильним способом зробити це	Helsinki-NLP/opus-mt-en-uk_contextual_definition_candidate	en_wiktionary_matching_pos_uk_translation=>'конве́нція';reverse='convencia';lex=0.737;candDef=0.240;revDef=0.259;decision=BLOCKED:candidate/reverse meaning does not align with exact Oxford definition (0.259) || Helsinki-NLP/opus-mt-en-uk_contextual_definition_candidate=>'конгрес (ноун): спосіб, яким щось робиться, якого більшість людей у суспільстві сподіваються і вважають бути ввічливим або правильним способом зробити це';reverse='Congress (Noun): the way something is done that most people in society expect and consider it either polite or proper to do so';lex=0.135;candDef=0.719;revDef=0.663;decision=BLOCKED:low reverse lexical agreement 0.135 || Helsinki-NLP/opus-mt-en-uk_surface_candidate=>'конгрес';reverse='Convention';lex=1.000;candDef=0.211;revDef=0.216;decision=BLOCKED:candidate/reverse meaning does not align with exact Oxford definition (0.216)	BLOCKED: low reverse lexical agreement 0.135; method=Helsinki-NLP/opus-mt-en-uk_contextual_definition_candidate; exact Oxford definition='the way in which something is done that most people in a society expect and consider to be polite or the right way to do it'; candidate='конгрес (ноун): спосіб, яким щось робиться, якого більшість людей у суспільстві сподіваються і вважають бути ввічливим або правильним способом зробити це'; reverse='Congress (Noun): the way something is done that most people in society expect and consider it either polite or proper to do so'; lexical=0.135; candidate_definition_similarity=0.719; reverse_definition_similarity=0.663; semantic=0.719.
ox5000-e1c13a38e16cdfc2623d	conventional	adjective	B2	https://www.oxfordlearnersdictionaries.com/us/definition/english/conventional	/us/definition/english/conventional	tending to follow what is done or considered acceptable by society in general; normal and ordinary, and perhaps not very interesting	традиційний (підприємець): схильний дотримуватися того, що робиться або вважається прийнятним для суспільства загалом; нормальний і звичайний, можливо, не дуже цікавим	Helsinki-NLP/opus-mt-en-uk_contextual_definition_candidate	en_wiktionary_matching_pos_uk_translation=>'загальнопри́йнятий';reverse='generally accepted';lex=0.267;candDef=0.344;revDef=0.534;decision=BLOCKED:low reverse lexical agreement 0.267 || en_wiktionary_matching_pos_uk_translation=>'конвенційний';reverse='assembly';lex=0.200;candDef=0.260;revDef=0.006;decision=BLOCKED:low reverse lexical agreement 0.200 || en_wiktionary_matching_pos_uk_translation=>'звича́йний';reverse='Fabulous';lex=0.100;candDef=0.417;revDef=0.008;decision=BLOCKED:low reverse lexical agreement 0.100 || Helsinki-NLP/opus-mt-en-uk_contextual_definition_candidate=>'традиційний (підприємець): схильний дотримуватися того, що робиться або вважається прийнятним для суспільства загалом; нормальний і звичайний, можливо, не дуже цікавим';reverse='traditional: one inclined to stick to what is done or considered acceptable to society in general; normal and ordinary, perhaps not very interesting';lex=0.076;candDef=0.793;revDef=0.855;decision=BLOCKED:low reverse lexical agreement 0.076 || Helsinki-NLP/opus-mt-en-uk_surface_candidate=>'традиційний';reverse='traditional';lex=0.522;candDef=0.339;revDef=0.307;decision=BLOCKED:candidate/reverse meaning does not align with exact Oxford definition (0.339)	BLOCKED: low reverse lexical agreement 0.076; method=Helsinki-NLP/opus-mt-en-uk_contextual_definition_candidate; exact Oxford definition='tending to follow what is done or considered acceptable by society in general; normal and ordinary, and perhaps not very interesting'; candidate='традиційний (підприємець): схильний дотримуватися того, що робиться або вважається прийнятним для суспільства загалом; нормальний і звичайний, можливо, не дуже цікавим'; reverse='traditional: one inclined to stick to what is done or considered acceptable to society in general; normal and ordinary, perhaps not very interesting'; lexical=0.076; candidate_definition_similarity=0.793; reverse_definition_similarity=0.855; semantic=0.855.
ox5000-3ed6772c28d9fdbd70ca	convey	verb	B2	https://www.oxfordlearnersdictionaries.com/us/definition/english/convey	/us/definition/english/convey	to make ideas, feelings, etc. known to somebody	передати (клацання): зробити ідеї, почуття і т.д. відомими комусь	Helsinki-NLP/opus-mt-en-uk_contextual_definition_candidate	en_wiktionary_matching_pos_uk_translation=>'передава́ти';reverse='translats';lex=0.133;candDef=0.254;revDef=0.208;decision=BLOCKED:low reverse lexical agreement 0.133 || en_wiktionary_matching_pos_uk_translation=>'переда́ти';reverse='transfers';lex=0.267;candDef=0.343;revDef=0.061;decision=BLOCKED:low reverse lexical agreement 0.267 || en_wiktionary_matching_pos_uk_translation=>'доно́сити';reverse='do·no·toʹtos';lex=0.222;candDef=0.346;revDef=0.205;decision=BLOCKED:low reverse lexical agreement 0.222 || en_wiktionary_matching_pos_uk_translation=>'донести́';reverse='report';lex=0.000;candDef=0.349;revDef=0.186;decision=BLOCKED:verb candidate is not an appropriate Ukrainian infinitive/verb phrase || Helsinki-NLP/opus-mt-en-uk_contextual_definition_candidate=>'передати (клацання): зробити ідеї, почуття і т.д. відомими комусь';reverse='pass (click): make ideas, feelings, etc. known to';lex=0.122;candDef=0.841;revDef=0.566;decision=BLOCKED:low reverse lexical agreement 0.122 || Helsinki-NLP/opus-mt-en-uk_surface_candidate=>'передати';reverse='transfer';lex=0.286;candDef=0.352;revDef=0.101;decision=BLOCKED:candidate/reverse meaning does not align with exact Oxford definition (0.352)	BLOCKED: low reverse lexical agreement 0.122; method=Helsinki-NLP/opus-mt-en-uk_contextual_definition_candidate; exact Oxford definition='to make ideas, feelings, etc. known to somebody'; candidate='передати (клацання): зробити ідеї, почуття і т.д. відомими комусь'; reverse='pass (click): make ideas, feelings, etc. known to'; lexical=0.122; candidate_definition_similarity=0.841; reverse_definition_similarity=0.566; semantic=0.841.
ox5000-acdf0358f54cd515da09	convincing	adjective	B2	https://www.oxfordlearnersdictionaries.com/us/definition/english/convincing	/us/definition/english/convincing	that makes somebody believe that something is true	переко́нливий	en_wiktionary_matching_pos_uk_translation	en_wiktionary_matching_pos_uk_translation=>'переко́нливий';reverse='transflexive';lex=0.182;candDef=0.470;revDef=0.064;decision=BLOCKED:low reverse lexical agreement 0.182 || Helsinki-NLP/opus-mt-en-uk_contextual_definition_candidate=>'convert (примітка): що змушує когось вірити, що щось є правдою';reverse='convert: that forces one to believe that something is true';lex=0.000;candDef=0.792;revDef=0.824;decision=BLOCKED:Latin-language residue remains || Helsinki-NLP/opus-mt-en-uk_surface_candidate=>'convert';reverse='convert';lex=0.000;candDef=0.153;revDef=0.153;decision=BLOCKED:candidate is not predominantly Ukrainian	BLOCKED: low reverse lexical agreement 0.182; method=en_wiktionary_matching_pos_uk_translation; exact Oxford definition='that makes somebody believe that something is true'; candidate='переко́нливий'; reverse='transflexive'; lexical=0.182; candidate_definition_similarity=0.470; reverse_definition_similarity=0.064; semantic=0.470.
ox5000-58b2e3328e4ac0838b4d	craft	noun	B2	https://www.oxfordlearnersdictionaries.com/us/definition/english/craft_1	/us/definition/english/craft_1	an activity involving a special skill at making things with your hands	ремеслу (нуун): робота, пов'язана з особливою майстерністю створювати речі руками.	Helsinki-NLP/opus-mt-en-uk_contextual_definition_candidate	"en_wiktionary_matching_pos_uk_translation=>'вмі́ння';reverse='volume';lex=0.000;candDef=0.410;revDef=0.157;decision=BLOCKED:low reverse lexical agreement 0.000 || en_wiktionary_matching_pos_uk_translation=>'впра́вність';reverse='carefulness';lex=0.375;candDef=0.338;revDef=0.291;decision=BLOCKED:candidate/reverse meaning does not align with exact Oxford definition (0.338) || en_wiktionary_matching_pos_uk_translation=>'майсте́рність';reverse='or·steiʹty';lex=0.267;candDef=0.358;revDef=0.181;decision=BLOCKED:low reverse lexical agreement 0.267 || en_wiktionary_matching_pos_uk_translation=>'хи́трість';reverse='cheʹtris';lex=0.308;candDef=0.294;revDef=0.216;decision=BLOCKED:candidate/reverse meaning does not align with exact Oxford definition (0.294) || Helsinki-NLP/opus-mt-en-uk_contextual_definition_candidate=>""ремеслу (нуун): робота, пов'язана з особливою майстерністю створювати речі руками."";reverse='rememsl (nunu): work with the ability to make things with your hands.';lex=0.086;candDef=0.851;revDef=0.683;decision=BLOCKED:low reverse lexical agreement 0.086 || Helsinki-NLP/opus-mt-en-uk_surface_candidate=>'рейка';reverse='rail';lex=0.444;candDef=0.326;revDef=0.109;decision=BLOCKED:candidate/reverse meaning does not align with exact Oxford definition (0.326)"	"BLOCKED: low reverse lexical agreement 0.086; method=Helsinki-NLP/opus-mt-en-uk_contextual_definition_candidate; exact Oxford definition='an activity involving a special skill at making things with your hands'; candidate=""ремеслу (нуун): робота, пов'язана з особливою майстерністю створювати речі руками.""; reverse='rememsl (nunu): work with the ability to make things with your hands.'; lexical=0.086; candidate_definition_similarity=0.851; reverse_definition_similarity=0.683; semantic=0.851."
ox5000-66932a98dca84a2dbbc3	cruise	verb	B2	https://www.oxfordlearnersdictionaries.com/us/definition/english/cruise_2	/us/definition/english/cruise_2	to travel in a ship or boat visiting different places, especially as a holiday	Круїз (вербло): подорожувати кораблем або човном, відвідуючи різні місця, особливо як свято.	Helsinki-NLP/opus-mt-en-uk_contextual_definition_candidate	Helsinki-NLP/opus-mt-en-uk_contextual_definition_candidate=>'Круїз (вербло): подорожувати кораблем або човном, відвідуючи різні місця, особливо як свято.';reverse='Cruises: Travel by ship or boat, visiting various places, especially as a festival.';lex=0.000;candDef=0.884;revDef=0.739;decision=BLOCKED:verb candidate is not an appropriate Ukrainian infinitive/verb phrase || Helsinki-NLP/opus-mt-en-uk_surface_candidate=>'Круїз';reverse='Cruise';lex=0.000;candDef=0.159;revDef=0.392;decision=BLOCKED:verb candidate is not an appropriate Ukrainian infinitive/verb phrase	BLOCKED: verb candidate is not an appropriate Ukrainian infinitive/verb phrase; method=Helsinki-NLP/opus-mt-en-uk_contextual_definition_candidate; exact Oxford definition='to travel in a ship or boat visiting different places, especially as a holiday'; candidate='Круїз (вербло): подорожувати кораблем або човном, відвідуючи різні місця, особливо як свято.'; reverse='Cruises: Travel by ship or boat, visiting various places, especially as a festival.'; lexical=0.000; candidate_definition_similarity=0.884; reverse_definition_similarity=0.739; semantic=0.000.
ox5000-816dc4076d218bff7be8	cue	noun	B2	https://www.oxfordlearnersdictionaries.com/us/definition/english/cue_1	/us/definition/english/cue_1	an action or event that is a signal for somebody to do something	cue (noun): дія або подія, що є сигналом для когось зробити щось	Helsinki-NLP/opus-mt-en-uk_contextual_definition_candidate	Helsinki-NLP/opus-mt-en-uk_contextual_definition_candidate=>'cue (noun): дія або подія, що є сигналом для когось зробити щось';reverse='cue (noun): an action or event that is a signal for someone to do something';lex=0.000;candDef=0.748;revDef=0.786;decision=BLOCKED:Latin-language residue remains || Helsinki-NLP/opus-mt-en-uk_surface_candidate=>'cue';reverse='cue';lex=0.000;candDef=0.488;revDef=0.488;decision=BLOCKED:candidate is not predominantly Ukrainian	BLOCKED: Latin-language residue remains; method=Helsinki-NLP/opus-mt-en-uk_contextual_definition_candidate; exact Oxford definition='an action or event that is a signal for somebody to do something'; candidate='cue (noun): дія або подія, що є сигналом для когось зробити щось'; reverse='cue (noun): an action or event that is a signal for someone to do something'; lexical=0.000; candidate_definition_similarity=0.748; reverse_definition_similarity=0.786; semantic=0.000.
ox5000-f0ac4360614dd59c0109	cult	noun	C1	https://www.oxfordlearnersdictionaries.com/us/definition/english/cult_1	/us/definition/english/cult_1	a way of life, an attitude, an idea, etc. that has become very popular	секта (ніун): спосіб життя, відношення, ідея, і т.д., яка сталась дуже популярною	Helsinki-NLP/opus-mt-en-uk_contextual_definition_candidate	en_wiktionary_matching_pos_uk_translation=>'культ';reverse='cult';lex=1.000;candDef=0.326;revDef=0.311;decision=BLOCKED:candidate/reverse meaning does not align with exact Oxford definition (0.326) || en_wiktionary_matching_pos_uk_translation=>'се́кта';reverse='cecta';lex=0.444;candDef=0.235;revDef=0.195;decision=BLOCKED:candidate/reverse meaning does not align with exact Oxford definition (0.235) || Helsinki-NLP/opus-mt-en-uk_contextual_definition_candidate=>'секта (ніун): спосіб життя, відношення, ідея, і т.д., яка сталась дуже популярною';reverse='sect (Neun): way of life, attitude, idea, etc., which has become very popular';lex=0.082;candDef=0.545;revDef=0.618;decision=BLOCKED:low reverse lexical agreement 0.082 || Helsinki-NLP/opus-mt-en-uk_surface_candidate=>'секта';reverse='sect';lex=0.500;candDef=0.230;revDef=0.139;decision=BLOCKED:candidate/reverse meaning does not align with exact Oxford definition (0.230)	BLOCKED: low reverse lexical agreement 0.082; method=Helsinki-NLP/opus-mt-en-uk_contextual_definition_candidate; exact Oxford definition='a way of life, an attitude, an idea, etc. that has become very popular'; candidate='секта (ніун): спосіб життя, відношення, ідея, і т.д., яка сталась дуже популярною'; reverse='sect (Neun): way of life, attitude, idea, etc., which has become very popular'; lexical=0.082; candidate_definition_similarity=0.545; reverse_definition_similarity=0.618; semantic=0.618.
ox5000-0061f78f727f6b7f1472	curriculum	noun	B2	https://www.oxfordlearnersdictionaries.com/us/definition/english/curriculum	/us/definition/english/curriculum	the subjects that are included in a course of study or taught in a school, college, etc.	Програма навчання (нуун): предмети, які включаються в курс навчання або навчання в школі, коледжі тощо.	Helsinki-NLP/opus-mt-en-uk_contextual_definition_candidate	"en_wiktionary_matching_pos_uk_translation=>'навча́льна програ́ма';reverse=""The school's Loser"";lex=0.143;candDef=0.448;revDef=0.172;decision=BLOCKED:low reverse lexical agreement 0.143 || en_wiktionary_matching_pos_uk_translation=>'ро́зклад';reverse='role';lex=0.286;candDef=0.144;revDef=0.254;decision=BLOCKED:candidate/reverse meaning does not align with exact Oxford definition (0.254) || Helsinki-NLP/opus-mt-en-uk_contextual_definition_candidate=>'Програма навчання (нуун): предмети, які включаються в курс навчання або навчання в школі, коледжі тощо.';reverse='Teaching program (nuun): Things that are included in learning or studying at school, college, and so forth.';lex=0.126;candDef=0.734;revDef=0.628;decision=BLOCKED:low reverse lexical agreement 0.126 || Helsinki-NLP/opus-mt-en-uk_surface_candidate=>'навчальний план';reverse='learning plan';lex=0.261;candDef=0.575;revDef=0.374;decision=BLOCKED:low reverse lexical agreement 0.261"	BLOCKED: low reverse lexical agreement 0.126; method=Helsinki-NLP/opus-mt-en-uk_contextual_definition_candidate; exact Oxford definition='the subjects that are included in a course of study or taught in a school, college, etc.'; candidate='Програма навчання (нуун): предмети, які включаються в курс навчання або навчання в школі, коледжі тощо.'; reverse='Teaching program (nuun): Things that are included in learning or studying at school, college, and so forth.'; lexical=0.126; candidate_definition_similarity=0.734; reverse_definition_similarity=0.628; semantic=0.734.
ox5000-6ae71c9ddb8dfc06bde3	cute	adjective	B2	https://www.oxfordlearnersdictionaries.com/us/definition/english/cute	/us/definition/english/cute	pretty and attractive	симпати́чний	en_wiktionary_matching_pos_uk_translation	en_wiktionary_matching_pos_uk_translation=>'ми́лий';reverse='soap';lex=0.000;candDef=0.398;revDef=0.211;decision=BLOCKED:low reverse lexical agreement 0.000 || en_wiktionary_matching_pos_uk_translation=>'симпати́чний';reverse='sympathetic';lex=0.133;candDef=0.666;revDef=0.268;decision=BLOCKED:low reverse lexical agreement 0.133 || en_wiktionary_matching_pos_uk_translation=>'прива́бливий';reverse='appetizing';lex=0.143;candDef=0.439;revDef=0.141;decision=BLOCKED:low reverse lexical agreement 0.143 || en_wiktionary_matching_pos_uk_translation=>'га́рний';reverse='hard';lex=0.000;candDef=0.331;revDef=0.184;decision=BLOCKED:low reverse lexical agreement 0.000 || Helsinki-NLP/opus-mt-en-uk_contextual_definition_candidate=>'мило (примітка): гарне і гарне';reverse='soap (note): beautiful and beautiful';lex=0.000;candDef=0.720;revDef=0.450;decision=BLOCKED:adjective candidate has no plausible Ukrainian adjective morphology || Helsinki-NLP/opus-mt-en-uk_surface_candidate=>'милий';reverse='Oh, honey.';lex=0.167;candDef=0.517;revDef=0.338;decision=BLOCKED:low reverse lexical agreement 0.167	BLOCKED: low reverse lexical agreement 0.133; method=en_wiktionary_matching_pos_uk_translation; exact Oxford definition='pretty and attractive'; candidate='симпати́чний'; reverse='sympathetic'; lexical=0.133; candidate_definition_similarity=0.666; reverse_definition_similarity=0.268; semantic=0.666.
ox5000-558d5b9a795fc132d65a	dare	verb	B2	https://www.oxfordlearnersdictionaries.com/us/definition/english/dare_1	/us/definition/english/dare_1	to be brave enough to do something	нава́житися	en_wiktionary_matching_pos_uk_translation	en_wiktionary_matching_pos_uk_translation=>'смі́ти';reverse='(Laughter)';lex=0.333;candDef=0.299;revDef=0.220;decision=BLOCKED:candidate/reverse meaning does not align with exact Oxford definition (0.299) || en_wiktionary_matching_pos_uk_translation=>'дерза́ти';reverse='derzats';lex=0.364;candDef=0.281;revDef=0.229;decision=BLOCKED:candidate/reverse meaning does not align with exact Oxford definition (0.281) || en_wiktionary_matching_pos_uk_translation=>'нава́жуватися';reverse='Take it upon yourself.';lex=0.240;candDef=0.516;revDef=0.432;decision=BLOCKED:low reverse lexical agreement 0.240 || en_wiktionary_matching_pos_uk_translation=>'нава́житися';reverse='Take it easy.';lex=0.250;candDef=0.540;revDef=0.405;decision=BLOCKED:low reverse lexical agreement 0.250 || Helsinki-NLP/opus-mt-en-uk_contextual_definition_candidate=>'verb (verb): бути достатньо хоробрим, щоб зробити щось';reverse='verb (verb): be brave enough to do something';lex=0.000;candDef=0.879;revDef=0.879;decision=BLOCKED:Latin-language residue remains || Helsinki-NLP/opus-mt-en-uk_surface_candidate=>'насмілитись';reverse='laugh';lex=0.000;candDef=0.282;revDef=0.165;decision=BLOCKED:verb candidate is not an appropriate Ukrainian infinitive/verb phrase	BLOCKED: low reverse lexical agreement 0.250; method=en_wiktionary_matching_pos_uk_translation; exact Oxford definition='to be brave enough to do something'; candidate='нава́житися'; reverse='Take it easy.'; lexical=0.250; candidate_definition_similarity=0.540; reverse_definition_similarity=0.405; semantic=0.540.
ox5000-4071455ab57c18eb70f1	deadline	noun	B2	https://www.oxfordlearnersdictionaries.com/us/definition/english/deadline	/us/definition/english/deadline	a point in time by which something must be done	кінцевий термін (нуун): точка у часі, на яку має бути виконано якусь дію	Helsinki-NLP/opus-mt-en-uk_contextual_definition_candidate	en_wiktionary_matching_pos_uk_translation=>'строк';reverse='term';lex=0.167;candDef=0.346;revDef=0.302;decision=BLOCKED:low reverse lexical agreement 0.167 || en_wiktionary_matching_pos_uk_translation=>'те́рмін';reverse='thʹrmin';lex=0.267;candDef=0.350;revDef=0.188;decision=BLOCKED:low reverse lexical agreement 0.267 || Helsinki-NLP/opus-mt-en-uk_contextual_definition_candidate=>'кінцевий термін (нуун): точка у часі, на яку має бути виконано якусь дію';reverse='ending term (nuun): the point in time at which some action should be executed';lex=0.098;candDef=0.762;revDef=0.679;decision=BLOCKED:low reverse lexical agreement 0.098 || Helsinki-NLP/opus-mt-en-uk_surface_candidate=>'термін';reverse='term';lex=0.167;candDef=0.421;revDef=0.302;decision=BLOCKED:low reverse lexical agreement 0.167	BLOCKED: low reverse lexical agreement 0.098; method=Helsinki-NLP/opus-mt-en-uk_contextual_definition_candidate; exact Oxford definition='a point in time by which something must be done'; candidate='кінцевий термін (нуун): точка у часі, на яку має бути виконано якусь дію'; reverse='ending term (nuun): the point in time at which some action should be executed'; lexical=0.098; candidate_definition_similarity=0.762; reverse_definition_similarity=0.679; semantic=0.762.
ox5000-71e206a3f3fcd711ce46	derive	verb	B2	https://www.oxfordlearnersdictionaries.com/us/definition/english/derive	/us/definition/english/derive		comprece (verb):	Helsinki-NLP/opus-mt-en-uk_contextual_definition_candidate	Helsinki-NLP/opus-mt-en-uk_contextual_definition_candidate=>'comprece (verb):';reverse='comprece (verb):';lex=0.000;candDef=0.407;revDef=0.407;decision=BLOCKED:candidate is not predominantly Ukrainian || Helsinki-NLP/opus-mt-en-uk_surface_candidate=>'отримання';reverse='get';lex=0.000;candDef=0.812;revDef=0.660;decision=BLOCKED:verb candidate is not an appropriate Ukrainian infinitive/verb phrase	BLOCKED: Oxford definition text not found at exact definition path; method=Helsinki-NLP/opus-mt-en-uk_contextual_definition_candidate; exact Oxford definition=''; candidate='comprece (verb):'; reverse='comprece (verb):'; lexical=0.000; candidate_definition_similarity=0.407; reverse_definition_similarity=0.407; semantic=0.000.
ox5000-5b3bd8fde7b374b2bfab	determination	noun	B2	https://www.oxfordlearnersdictionaries.com/us/definition/english/determination	/us/definition/english/determination	the quality that makes you continue trying to do something even when this is difficult	визначення (нуун): якість, яка змушує вас продовжувати намагатися щось робити, навіть якщо це важко.	Helsinki-NLP/opus-mt-en-uk_contextual_definition_candidate	"en_wiktionary_matching_pos_uk_translation=>'ви́значення';reverse='definition';lex=0.696;candDef=0.281;revDef=0.213;decision=BLOCKED:candidate/reverse meaning does not align with exact Oxford definition (0.281) || en_wiktionary_matching_pos_uk_translation=>'встано́влення';reverse='installation';lex=0.560;candDef=0.245;revDef=0.009;decision=BLOCKED:candidate/reverse meaning does not align with exact Oxford definition (0.245) || en_wiktionary_matching_pos_uk_translation=>'устано́влення';reverse='guination';lex=0.636;candDef=0.279;revDef=0.230;decision=BLOCKED:candidate/reverse meaning does not align with exact Oxford definition (0.279) || en_wiktionary_matching_pos_uk_translation=>'рішу́чість';reverse='Accuracy';lex=0.190;candDef=0.298;revDef=0.317;decision=BLOCKED:low reverse lexical agreement 0.190 || Helsinki-NLP/opus-mt-en-uk_contextual_definition_candidate=>'визначення (нуун): якість, яка змушує вас продовжувати намагатися щось робити, навіть якщо це важко.';reverse=""definition (nuun): The quality that keeps you trying to do something, even if it's hard."";lex=0.167;candDef=0.907;revDef=0.768;decision=BLOCKED:low reverse lexical agreement 0.167 || Helsinki-NLP/opus-mt-en-uk_surface_candidate=>'рішення';reverse='Decisions';lex=0.545;candDef=0.308;revDef=0.147;decision=BLOCKED:candidate/reverse meaning does not align with exact Oxford definition (0.308)"	"BLOCKED: low reverse lexical agreement 0.167; method=Helsinki-NLP/opus-mt-en-uk_contextual_definition_candidate; exact Oxford definition='the quality that makes you continue trying to do something even when this is difficult'; candidate='визначення (нуун): якість, яка змушує вас продовжувати намагатися щось робити, навіть якщо це важко.'; reverse=""definition (nuun): The quality that keeps you trying to do something, even if it's hard.""; lexical=0.167; candidate_definition_similarity=0.907; reverse_definition_similarity=0.768; semantic=0.907."
ox5000-56ba360389067adbba25	devote	verb	B2	https://www.oxfordlearnersdictionaries.com/us/definition/english/devote	/us/definition/english/devote		присвя́чувати	en_wiktionary_matching_pos_uk_translation	en_wiktionary_matching_pos_uk_translation=>'присвя́чувати';reverse='consecration';lex=0.000;candDef=0.832;revDef=0.489;decision=BLOCKED:exact Oxford definition unavailable || en_wiktionary_matching_pos_uk_translation=>'приділя́ти';reverse='Payback';lex=0.000;candDef=0.875;revDef=0.299;decision=BLOCKED:exact Oxford definition unavailable || Helsinki-NLP/opus-mt-en-uk_contextual_definition_candidate=>'відданий (вербло):';reverse='loyal:';lex=0.000;candDef=0.732;revDef=0.395;decision=BLOCKED:verb candidate is not an appropriate Ukrainian infinitive/verb phrase || Helsinki-NLP/opus-mt-en-uk_surface_candidate=>'відданий';reverse='loyal';lex=0.000;candDef=0.889;revDef=0.505;decision=BLOCKED:verb candidate is not an appropriate Ukrainian infinitive/verb phrase	BLOCKED: Oxford definition text not found at exact definition path; method=en_wiktionary_matching_pos_uk_translation; exact Oxford definition=''; candidate='присвя́чувати'; reverse='consecration'; lexical=0.000; candidate_definition_similarity=0.832; reverse_definition_similarity=0.489; semantic=0.000.
ox5000-cf8453ee7b04d2901e89	disagreement	noun	B2	https://www.oxfordlearnersdictionaries.com/us/definition/english/disagreement	/us/definition/english/disagreement	a situation where people have different opinions about something and often argue	Розбіжність (ніуун): ситуація, коли люди мають різні погляди на щось і часто сперечаються.	Helsinki-NLP/opus-mt-en-uk_contextual_definition_candidate	Helsinki-NLP/opus-mt-en-uk_contextual_definition_candidate=>'Розбіжність (ніуун): ситуація, коли люди мають різні погляди на щось і часто сперечаються.';reverse='Confused: The situation is where people have different opinions and often argue.';lex=0.133;candDef=0.886;revDef=0.920;decision=BLOCKED:low reverse lexical agreement 0.133 || Helsinki-NLP/opus-mt-en-uk_surface_candidate=>'Розбіжність';reverse='Diff';lex=0.250;candDef=0.471;revDef=0.193;decision=BLOCKED:low reverse lexical agreement 0.250	BLOCKED: low reverse lexical agreement 0.133; method=Helsinki-NLP/opus-mt-en-uk_contextual_definition_candidate; exact Oxford definition='a situation where people have different opinions about something and often argue'; candidate='Розбіжність (ніуун): ситуація, коли люди мають різні погляди на щось і часто сперечаються.'; reverse='Confused: The situation is where people have different opinions and often argue.'; lexical=0.133; candidate_definition_similarity=0.886; reverse_definition_similarity=0.920; semantic=0.920.
ox5000-7218b3757288c078fffe	discourage	verb	B2	https://www.oxfordlearnersdictionaries.com/us/definition/english/discourage	/us/definition/english/discourage	to try to prevent something or to prevent somebody from doing something, especially by making it difficult to do or by showing that you do not approve of it	Заборонити	Helsinki-NLP/opus-mt-en-uk_surface_candidate	Helsinki-NLP/opus-mt-en-uk_contextual_definition_candidate=>'Знеохочуючи (версія): намагатися запобігти чомусь або запобігти тому, щоб хтось щось робив, особливо, роблячи це важко або показуючи, що ви цього не схвалюєте.';reverse='To discourage (version): To try to prevent or prevent others from doing things, especially doing so is difficult or to show that you do not approve.';lex=0.000;candDef=0.912;revDef=0.894;decision=BLOCKED:verb candidate is not an appropriate Ukrainian infinitive/verb phrase || Helsinki-NLP/opus-mt-en-uk_surface_candidate=>'Заборонити';reverse='Ban';lex=0.154;candDef=0.404;revDef=0.321;decision=BLOCKED:low reverse lexical agreement 0.154	BLOCKED: low reverse lexical agreement 0.154; method=Helsinki-NLP/opus-mt-en-uk_surface_candidate; exact Oxford definition='to try to prevent something or to prevent somebody from doing something, especially by making it difficult to do or by showing that you do not approve of it'; candidate='Заборонити'; reverse='Ban'; lexical=0.154; candidate_definition_similarity=0.404; reverse_definition_similarity=0.321; semantic=0.404.
ox5000-5e7d80af5eef97168291	distant	adjective	B2	https://www.oxfordlearnersdictionaries.com/us/definition/english/distant	/us/definition/english/distant	far away in space or time	віддалений (прикметник): далекий у просторі або часі	Helsinki-NLP/opus-mt-en-uk_contextual_definition_candidate	Helsinki-NLP/opus-mt-en-uk_contextual_definition_candidate=>'віддалений (прикметник): далекий у просторі або часі';reverse='remote (marker): remote in space or time';lex=0.136;candDef=0.853;revDef=0.376;decision=BLOCKED:low reverse lexical agreement 0.136 || Helsinki-NLP/opus-mt-en-uk_surface_candidate=>'віддалений';reverse='remote';lex=0.154;candDef=0.311;revDef=0.091;decision=BLOCKED:low reverse lexical agreement 0.154	BLOCKED: low reverse lexical agreement 0.136; method=Helsinki-NLP/opus-mt-en-uk_contextual_definition_candidate; exact Oxford definition='far away in space or time'; candidate='віддалений (прикметник): далекий у просторі або часі'; reverse='remote (marker): remote in space or time'; lexical=0.136; candidate_definition_similarity=0.853; reverse_definition_similarity=0.376; semantic=0.853.
ox5000-1d3333e465f30469350d	distinct	adjective	B2	https://www.oxfordlearnersdictionaries.com/us/definition/english/distinct	/us/definition/english/distinct	easily or clearly heard, seen, felt, etc.	Окремі (підприємливі): легко або чітко чутні, видимі, відчутні і т. д.	Helsinki-NLP/opus-mt-en-uk_contextual_definition_candidate	en_wiktionary_matching_pos_uk_translation=>'чітки́й';reverse='clear';lex=0.000;candDef=0.413;revDef=0.290;decision=BLOCKED:adjective candidate has no plausible Ukrainian adjective morphology || en_wiktionary_matching_pos_uk_translation=>'я́сний';reverse='heavy';lex=0.000;candDef=0.351;revDef=0.107;decision=BLOCKED:low reverse lexical agreement 0.000 || en_wiktionary_matching_pos_uk_translation=>'вира́зний';reverse='burly';lex=0.000;candDef=0.298;revDef=0.272;decision=BLOCKED:low reverse lexical agreement 0.000 || en_wiktionary_matching_pos_uk_translation=>'окре́мий';reverse='sharp';lex=0.154;candDef=0.369;revDef=0.223;decision=BLOCKED:low reverse lexical agreement 0.154 || Helsinki-NLP/opus-mt-en-uk_contextual_definition_candidate=>'Окремі (підприємливі): легко або чітко чутні, видимі, відчутні і т. д.';reverse='Individual: light or clear sense, visible, tangible, etc.';lex=0.200;candDef=0.687;revDef=0.551;decision=BLOCKED:low reverse lexical agreement 0.200 || Helsinki-NLP/opus-mt-en-uk_surface_candidate=>'різні';reverse='different';lex=0.353;candDef=0.328;revDef=0.223;decision=BLOCKED:candidate/reverse meaning does not align with exact Oxford definition (0.328)	BLOCKED: low reverse lexical agreement 0.200; method=Helsinki-NLP/opus-mt-en-uk_contextual_definition_candidate; exact Oxford definition='easily or clearly heard, seen, felt, etc.'; candidate='Окремі (підприємливі): легко або чітко чутні, видимі, відчутні і т. д.'; reverse='Individual: light or clear sense, visible, tangible, etc.'; lexical=0.200; candidate_definition_similarity=0.687; reverse_definition_similarity=0.551; semantic=0.687.
ox5000-6295e7f64b9eba4b0db2	dive	verb	B2	https://www.oxfordlearnersdictionaries.com/us/definition/english/dive_1	/us/definition/english/dive_1	to jump into water with your head and arms going in first	пірну́ти	en_wiktionary_matching_pos_uk_translation	en_wiktionary_matching_pos_uk_translation=>'ниря́ти';reverse='Nipples';lex=0.364;candDef=0.120;revDef=0.117;decision=BLOCKED:candidate/reverse meaning does not align with exact Oxford definition (0.120) || en_wiktionary_matching_pos_uk_translation=>'пірна́ти';reverse='pirnaths';lex=0.167;candDef=0.252;revDef=0.103;decision=BLOCKED:low reverse lexical agreement 0.167 || en_wiktionary_matching_pos_uk_translation=>'пірну́ти';reverse='pyrutos';lex=0.000;candDef=0.403;revDef=0.220;decision=BLOCKED:low reverse lexical agreement 0.000 || Helsinki-NLP/opus-mt-en-uk_contextual_definition_candidate=>'пірнання (верф): щоб стрибнути у воду з головою і руками, що йдуть першим';reverse='diving: to jump into the water with the heads and hands coming first';lex=0.000;candDef=0.881;revDef=0.871;decision=BLOCKED:verb candidate is not an appropriate Ukrainian infinitive/verb phrase || Helsinki-NLP/opus-mt-en-uk_surface_candidate=>'пірнання';reverse='dive';lex=0.000;candDef=0.293;revDef=0.603;decision=BLOCKED:verb candidate is not an appropriate Ukrainian infinitive/verb phrase	BLOCKED: low reverse lexical agreement 0.000; method=en_wiktionary_matching_pos_uk_translation; exact Oxford definition='to jump into water with your head and arms going in first'; candidate='пірну́ти'; reverse='pyrutos'; lexical=0.000; candidate_definition_similarity=0.403; reverse_definition_similarity=0.220; semantic=0.403.
ox5000-4933941ca6507b1fe891	diversity	noun	B2	https://www.oxfordlearnersdictionaries.com/us/definition/english/diversity	/us/definition/english/diversity	a range of many people or things that are very different from each other	різноманітність (нуун): діапазон багатьох людей або речей, які дуже відрізняються одна від одної.	Helsinki-NLP/opus-mt-en-uk_contextual_definition_candidate	en_wiktionary_matching_pos_uk_translation=>'різномані́тність';reverse='varyingi·oma·niʹa';lex=0.154;candDef=0.548;revDef=0.274;decision=BLOCKED:low reverse lexical agreement 0.154 || Helsinki-NLP/opus-mt-en-uk_contextual_definition_candidate=>'різноманітність (нуун): діапазон багатьох людей або речей, які дуже відрізняються одна від одної.';reverse='Variation (nuun): The range of many people or things that differ greatly from one another.';lex=0.126;candDef=0.757;revDef=0.688;decision=BLOCKED:low reverse lexical agreement 0.126 || Helsinki-NLP/opus-mt-en-uk_surface_candidate=>'різноманітність';reverse='Variation';lex=0.222;candDef=0.548;revDef=0.383;decision=BLOCKED:low reverse lexical agreement 0.222	BLOCKED: low reverse lexical agreement 0.126; method=Helsinki-NLP/opus-mt-en-uk_contextual_definition_candidate; exact Oxford definition='a range of many people or things that are very different from each other'; candidate='різноманітність (нуун): діапазон багатьох людей або речей, які дуже відрізняються одна від одної.'; reverse='Variation (nuun): The range of many people or things that differ greatly from one another.'; lexical=0.126; candidate_definition_similarity=0.757; reverse_definition_similarity=0.688; semantic=0.757.
ox5000-b73b2ba3671d7892c96a	downtown	adjective	B2	https://www.oxfordlearnersdictionaries.com/us/definition/english/downtown_2	/us/definition/english/downtown_2	in, towards or typical of the centre of a city, especially its main business area	В центрі міста (примітка): у напрямку або типовому центрі міста, особливо в його головній діловій області.	Helsinki-NLP/opus-mt-en-uk_contextual_definition_candidate	Helsinki-NLP/opus-mt-en-uk_contextual_definition_candidate=>'В центрі міста (примітка): у напрямку або типовому центрі міста, особливо в його головній діловій області.';reverse='In the center of the city (note): towards or to the typical center of the city, especially in its main business district.';lex=0.000;candDef=0.934;revDef=0.911;decision=BLOCKED:adjective candidate has no plausible Ukrainian adjective morphology || Helsinki-NLP/opus-mt-en-uk_surface_candidate=>'центр';reverse='center';lex=0.000;candDef=0.483;revDef=0.528;decision=BLOCKED:adjective candidate has no plausible Ukrainian adjective morphology	BLOCKED: adjective candidate has no plausible Ukrainian adjective morphology; method=Helsinki-NLP/opus-mt-en-uk_contextual_definition_candidate; exact Oxford definition='in, towards or typical of the centre of a city, especially its main business area'; candidate='В центрі міста (примітка): у напрямку або типовому центрі міста, особливо в його головній діловій області.'; reverse='In the center of the city (note): towards or to the typical center of the city, especially in its main business district.'; lexical=0.000; candidate_definition_similarity=0.934; reverse_definition_similarity=0.911; semantic=0.000.
ox5000-315c08663012957ec8b3	dull	adjective	B2	https://www.oxfordlearnersdictionaries.com/us/definition/english/dull_1	/us/definition/english/dull_1	not interesting or exciting	тьмяний	Helsinki-NLP/opus-mt-en-uk_surface_candidate	en_wiktionary_matching_pos_uk_translation=>'тупи́й';reverse='dumbie.';lex=0.000;candDef=0.345;revDef=0.392;decision=BLOCKED:adjective candidate has no plausible Ukrainian adjective morphology || Helsinki-NLP/opus-mt-en-uk_contextual_definition_candidate=>'tim (примітка): нецікавий або захоплюючий';reverse='timid (note): uninterested or exciting';lex=0.000;candDef=0.665;revDef=0.548;decision=BLOCKED:Latin-language residue remains || Helsinki-NLP/opus-mt-en-uk_surface_candidate=>'тьмяний';reverse='faint';lex=0.000;candDef=0.343;revDef=0.249;decision=BLOCKED:low reverse lexical agreement 0.000	BLOCKED: low reverse lexical agreement 0.000; method=Helsinki-NLP/opus-mt-en-uk_surface_candidate; exact Oxford definition='not interesting or exciting'; candidate='тьмяний'; reverse='faint'; lexical=0.000; candidate_definition_similarity=0.343; reverse_definition_similarity=0.249; semantic=0.343.
ox5000-c6dc877cf05d2ddfc872	dump	verb	B2	https://www.oxfordlearnersdictionaries.com/us/definition/english/dump_1	/us/definition/english/dump_1	to get rid of something you do not want, especially in a place that is not suitable	демпінгувати	en_wiktionary_matching_pos_uk_translation	en_wiktionary_matching_pos_uk_translation=>'демпінгувати';reverse='demapping';lex=0.462;candDef=0.358;revDef=0.194;decision=BLOCKED:candidate/reverse meaning does not align with exact Oxford definition (0.358) || Helsinki-NLP/opus-mt-en-uk_contextual_definition_candidate=>'dump (verboard): щоб позбутися того, чого ви не бажаєте, особливо у місці, яке не підходить';reverse='dump (verbboard): to get rid of something you do not want, especially in the wrong place';lex=0.000;candDef=0.738;revDef=0.719;decision=BLOCKED:Latin-language residue remains || Helsinki-NLP/opus-mt-en-uk_surface_candidate=>'дамп';reverse='dump';lex=0.000;candDef=0.106;revDef=0.275;decision=BLOCKED:verb candidate is not an appropriate Ukrainian infinitive/verb phrase	BLOCKED: candidate/reverse meaning does not align with exact Oxford definition (0.358); method=en_wiktionary_matching_pos_uk_translation; exact Oxford definition='to get rid of something you do not want, especially in a place that is not suitable'; candidate='демпінгувати'; reverse='demapping'; lexical=0.462; candidate_definition_similarity=0.358; reverse_definition_similarity=0.194; semantic=0.358.
ox5000-69666b6f95ecaf8dceb5	equip	verb	B2	https://www.oxfordlearnersdictionaries.com/us/definition/english/equip	/us/definition/english/equip	to provide yourself/somebody/something with the things that are needed for a particular purpose or activity	споряджати (клацання): щоб забезпечити себе/тіло/щось з речами, які потрібні для конкретної цілі або діяльності	Helsinki-NLP/opus-mt-en-uk_contextual_definition_candidate	Helsinki-NLP/opus-mt-en-uk_contextual_definition_candidate=>'споряджати (клацання): щоб забезпечити себе/тіло/щось з речами, які потрібні для конкретної цілі або діяльності';reverse='prepare (click): to secure yourself/ body/ something with the things needed for a specific purpose or activity';lex=0.073;candDef=0.777;revDef=0.607;decision=BLOCKED:low reverse lexical agreement 0.073 || Helsinki-NLP/opus-mt-en-uk_surface_candidate=>'спорядження';reverse='equipment';lex=0.000;candDef=0.335;revDef=0.213;decision=BLOCKED:verb candidate is not an appropriate Ukrainian infinitive/verb phrase	BLOCKED: low reverse lexical agreement 0.073; method=Helsinki-NLP/opus-mt-en-uk_contextual_definition_candidate; exact Oxford definition='to provide yourself/somebody/something with the things that are needed for a particular purpose or activity'; candidate='споряджати (клацання): щоб забезпечити себе/тіло/щось з речами, які потрібні для конкретної цілі або діяльності'; reverse='prepare (click): to secure yourself/ body/ something with the things needed for a specific purpose or activity'; lexical=0.073; candidate_definition_similarity=0.777; reverse_definition_similarity=0.607; semantic=0.777.
ox5000-a4eb18bbc1606607a948	exceed	verb	B2	https://www.oxfordlearnersdictionaries.com/us/definition/english/exceed	/us/definition/english/exceed	to be greater than a particular number or amount	переви́щувати	en_wiktionary_matching_pos_uk_translation	en_wiktionary_matching_pos_uk_translation=>'переви́щувати';reverse='Rewind';lex=0.333;candDef=0.243;revDef=0.003;decision=BLOCKED:candidate/reverse meaning does not align with exact Oxford definition (0.243) || en_wiktionary_matching_pos_uk_translation=>'переви́щити';reverse='Resorts';lex=0.154;candDef=0.226;revDef=0.052;decision=BLOCKED:low reverse lexical agreement 0.154 || Helsinki-NLP/opus-mt-en-uk_contextual_definition_candidate=>'більше (версії): бути більшим за певне число або суму';reverse='greater than (versions): be greater than a certain number or sum';lex=0.000;candDef=0.869;revDef=0.811;decision=BLOCKED:verb candidate is not an appropriate Ukrainian infinitive/verb phrase || Helsinki-NLP/opus-mt-en-uk_surface_candidate=>'більше';reverse='greater';lex=0.000;candDef=0.435;revDef=0.592;decision=BLOCKED:verb candidate is not an appropriate Ukrainian infinitive/verb phrase	BLOCKED: candidate/reverse meaning does not align with exact Oxford definition (0.243); method=en_wiktionary_matching_pos_uk_translation; exact Oxford definition='to be greater than a particular number or amount'; candidate='переви́щувати'; reverse='Rewind'; lexical=0.333; candidate_definition_similarity=0.243; reverse_definition_similarity=0.003; semantic=0.243.
ox5000-47ce42b1dcae59990d04	extension	noun	B2	https://www.oxfordlearnersdictionaries.com/us/definition/english/extension	/us/definition/english/extension	the act of increasing the area of activity, group of people, etc. that is affected by something	додаток (нуун): дія збільшення області діяльності, групи людей тощо, на яку щось впливає.	Helsinki-NLP/opus-mt-en-uk_contextual_definition_candidate	Helsinki-NLP/opus-mt-en-uk_contextual_definition_candidate=>'додаток (нуун): дія збільшення області діяльності, групи людей тощо, на яку щось впливає.';reverse='appendix (nuun): an operation of increased activity, groups of people, etc., which is affected by something.';lex=0.092;candDef=0.774;revDef=0.597;decision=BLOCKED:low reverse lexical agreement 0.092 || Helsinki-NLP/opus-mt-en-uk_surface_candidate=>'суфікс';reverse='extension';lex=1.000;candDef=0.190;revDef=0.179;decision=BLOCKED:candidate/reverse meaning does not align with exact Oxford definition (0.190)	BLOCKED: low reverse lexical agreement 0.092; method=Helsinki-NLP/opus-mt-en-uk_contextual_definition_candidate; exact Oxford definition='the act of increasing the area of activity, group of people, etc. that is affected by something'; candidate='додаток (нуун): дія збільшення області діяльності, групи людей тощо, на яку щось впливає.'; reverse='appendix (nuun): an operation of increased activity, groups of people, etc., which is affected by something.'; lexical=0.092; candidate_definition_similarity=0.774; reverse_definition_similarity=0.597; semantic=0.774.
ox5000-293e2fc606e4bb1f9c71	extensive	adjective	B2	https://www.oxfordlearnersdictionaries.com/us/definition/english/extensive	/us/definition/english/extensive	covering a large area; great in amount	Величезна (прикметник): закриття великої ділянки; велика кількість	Helsinki-NLP/opus-mt-en-uk_contextual_definition_candidate	en_wiktionary_matching_pos_uk_translation=>'обши́рний';reverse='ruffled';lex=0.125;candDef=0.466;revDef=0.153;decision=BLOCKED:low reverse lexical agreement 0.125 || en_wiktionary_matching_pos_uk_translation=>'широ́кий';reverse='broad';lex=0.000;candDef=0.499;revDef=0.453;decision=BLOCKED:low reverse lexical agreement 0.000 || Helsinki-NLP/opus-mt-en-uk_contextual_definition_candidate=>'Величезна (прикметник): закриття великої ділянки; велика кількість';reverse='Huge (note): closing large area; large number';lex=0.240;candDef=0.718;revDef=0.659;decision=BLOCKED:low reverse lexical agreement 0.240 || Helsinki-NLP/opus-mt-en-uk_surface_candidate=>'широкий';reverse='wide';lex=0.154;candDef=0.598;revDef=0.584;decision=BLOCKED:low reverse lexical agreement 0.154	BLOCKED: low reverse lexical agreement 0.240; method=Helsinki-NLP/opus-mt-en-uk_contextual_definition_candidate; exact Oxford definition='covering a large area; great in amount'; candidate='Величезна (прикметник): закриття великої ділянки; велика кількість'; reverse='Huge (note): closing large area; large number'; lexical=0.240; candidate_definition_similarity=0.718; reverse_definition_similarity=0.659; semantic=0.718.
ox5000-0a3468782d34d84170d5	extensively	adverb	B2	https://www.oxfordlearnersdictionaries.com/us/definition/english/extensively	/us/definition/english/extensively	in a way that covers a large area	широко (приголосний): у спосіб, який охоплює велику територію	Helsinki-NLP/opus-mt-en-uk_contextual_definition_candidate	Helsinki-NLP/opus-mt-en-uk_contextual_definition_candidate=>'широко (приголосний): у спосіб, який охоплює велику територію';reverse='wide (public): in the way that covers a vast area';lex=0.175;candDef=0.704;revDef=0.695;decision=BLOCKED:low reverse lexical agreement 0.175 || Helsinki-NLP/opus-mt-en-uk_surface_candidate=>'багато';reverse='many';lex=0.267;candDef=0.444;revDef=0.379;decision=BLOCKED:low reverse lexical agreement 0.267	BLOCKED: low reverse lexical agreement 0.175; method=Helsinki-NLP/opus-mt-en-uk_contextual_definition_candidate; exact Oxford definition='in a way that covers a large area'; candidate='широко (приголосний): у спосіб, який охоплює велику територію'; reverse='wide (public): in the way that covers a vast area'; lexical=0.175; candidate_definition_similarity=0.704; reverse_definition_similarity=0.695; semantic=0.704.
ox5000-332726e8976ae1dd9d77	extract	noun	B2	https://www.oxfordlearnersdictionaries.com/us/definition/english/extract_1	/us/definition/english/extract_1	a short passage from a book, piece of music, etc. that gives you an idea of what the whole thing is like	видобуток	Helsinki-NLP/opus-mt-en-uk_surface_candidate	en_wiktionary_matching_pos_uk_translation=>'ви́тяг';reverse='pull';lex=0.000;candDef=0.271;revDef=0.122;decision=BLOCKED:low reverse lexical agreement 0.000 || en_wiktionary_matching_pos_uk_translation=>'екстра́кт';reverse='extract';lex=1.000;candDef=0.265;revDef=0.221;decision=BLOCKED:candidate/reverse meaning does not align with exact Oxford definition (0.265) || en_wiktionary_matching_pos_uk_translation=>'ви́тяжка';reverse='pullout';lex=0.143;candDef=0.267;revDef=0.135;decision=BLOCKED:low reverse lexical agreement 0.143 || Helsinki-NLP/opus-mt-en-uk_contextual_definition_candidate=>'extract (нун): короткий уривок з книги, музичного твору тощо, що дає вам уявлення про те, як все виглядає.';reverse='extract: a short clip of a book, a piece of music, etc. gives you an idea of what it looks like.';lex=0.000;candDef=0.716;revDef=0.726;decision=BLOCKED:Latin-language residue remains || Helsinki-NLP/opus-mt-en-uk_surface_candidate=>'видобуток';reverse='extracts';lex=1.000;candDef=0.296;revDef=0.231;decision=BLOCKED:candidate/reverse meaning does not align with exact Oxford definition (0.296)	BLOCKED: candidate/reverse meaning does not align with exact Oxford definition (0.296); method=Helsinki-NLP/opus-mt-en-uk_surface_candidate; exact Oxford definition='a short passage from a book, piece of music, etc. that gives you an idea of what the whole thing is like'; candidate='видобуток'; reverse='extracts'; lexical=1.000; candidate_definition_similarity=0.296; reverse_definition_similarity=0.231; semantic=0.296.
ox5000-ef35efd68f20517aad21	fabulous	adjective	B2	https://www.oxfordlearnersdictionaries.com/us/definition/english/fabulous	/us/definition/english/fabulous	extremely good	Неймовірне (примітка): дуже добре	Helsinki-NLP/opus-mt-en-uk_contextual_definition_candidate	Helsinki-NLP/opus-mt-en-uk_contextual_definition_candidate=>'Неймовірне (примітка): дуже добре';reverse='Incredible (note): very good';lex=0.182;candDef=0.759;revDef=0.824;decision=BLOCKED:low reverse lexical agreement 0.182 || Helsinki-NLP/opus-mt-en-uk_surface_candidate=>'Дивовижно';reverse='Amazing';lex=0.000;candDef=0.677;revDef=0.684;decision=BLOCKED:adjective candidate has no plausible Ukrainian adjective morphology	BLOCKED: low reverse lexical agreement 0.182; method=Helsinki-NLP/opus-mt-en-uk_contextual_definition_candidate; exact Oxford definition='extremely good'; candidate='Неймовірне (примітка): дуже добре'; reverse='Incredible (note): very good'; lexical=0.182; candidate_definition_similarity=0.759; reverse_definition_similarity=0.824; semantic=0.824.
ox5000-af9f6fc2822a5032991b	fame	noun	B2	https://www.oxfordlearnersdictionaries.com/us/definition/english/fame	/us/definition/english/fame	the state of being known and talked about by many people	слава (ноун): стан, коли багато людей знають і говорять про неї.	Helsinki-NLP/opus-mt-en-uk_contextual_definition_candidate	en_wiktionary_matching_pos_uk_translation=>'сла́ва';reverse='Glow';lex=0.000;candDef=0.251;revDef=0.097;decision=BLOCKED:low reverse lexical agreement 0.000 || en_wiktionary_matching_pos_uk_translation=>'відо́мість';reverse='rhomʹ';lex=0.250;candDef=0.360;revDef=0.137;decision=BLOCKED:low reverse lexical agreement 0.250 || Helsinki-NLP/opus-mt-en-uk_contextual_definition_candidate=>'слава (ноун): стан, коли багато людей знають і говорять про неї.';reverse='glory: the situation where many people know and talk about it.';lex=0.094;candDef=0.712;revDef=0.601;decision=BLOCKED:low reverse lexical agreement 0.094 || Helsinki-NLP/opus-mt-en-uk_surface_candidate=>'слава';reverse='glory';lex=0.000;candDef=0.366;revDef=0.288;decision=BLOCKED:low reverse lexical agreement 0.000	BLOCKED: low reverse lexical agreement 0.094; method=Helsinki-NLP/opus-mt-en-uk_contextual_definition_candidate; exact Oxford definition='the state of being known and talked about by many people'; candidate='слава (ноун): стан, коли багато людей знають і говорять про неї.'; reverse='glory: the situation where many people know and talk about it.'; lexical=0.094; candidate_definition_similarity=0.712; reverse_definition_similarity=0.601; semantic=0.712.
ox5000-e8f9305cf8015bbc5cee	firm	adjective	B2	https://www.oxfordlearnersdictionaries.com/us/definition/english/firm_2	/us/definition/english/firm_2	fairly hard; not easy to press into a different shape	тверда	Helsinki-NLP/opus-mt-en-uk_surface_candidate	en_wiktionary_matching_pos_uk_translation=>'стійки́й';reverse='stand firm';lex=0.000;candDef=0.256;revDef=0.096;decision=BLOCKED:adjective candidate has no plausible Ukrainian adjective morphology || en_wiktionary_matching_pos_uk_translation=>'непохи́тний';reverse='Ambiguous';lex=0.154;candDef=0.366;revDef=0.254;decision=BLOCKED:low reverse lexical agreement 0.154 || en_wiktionary_matching_pos_uk_translation=>'тверди́й';reverse='Certifies';lex=0.000;candDef=0.347;revDef=0.074;decision=BLOCKED:adjective candidate has no plausible Ukrainian adjective morphology || Helsinki-NLP/opus-mt-en-uk_contextual_definition_candidate=>'firm (прикметник): досить жорстко; непросто натиснути на іншу форму';reverse='firm: quite hard; hard to click on another form';lex=0.000;candDef=0.565;revDef=0.452;decision=BLOCKED:Latin-language residue remains || Helsinki-NLP/opus-mt-en-uk_surface_candidate=>'тверда';reverse='solid';lex=0.222;candDef=0.435;revDef=0.396;decision=BLOCKED:low reverse lexical agreement 0.222	BLOCKED: low reverse lexical agreement 0.222; method=Helsinki-NLP/opus-mt-en-uk_surface_candidate; exact Oxford definition='fairly hard; not easy to press into a different shape'; candidate='тверда'; reverse='solid'; lexical=0.222; candidate_definition_similarity=0.435; reverse_definition_similarity=0.396; semantic=0.435.
ox5000-4f6617b9287ff2da9ea7	firmly	adverb	B2	https://www.oxfordlearnersdictionaries.com/us/definition/english/firmly	/us/definition/english/firmly	in a strong or definite way	твердий ( прислівник): в сильний або означений спосіб	Helsinki-NLP/opus-mt-en-uk_contextual_definition_candidate	Helsinki-NLP/opus-mt-en-uk_contextual_definition_candidate=>'твердий ( прислівник): в сильний або означений спосіб';reverse='hard (adverb): in a strong or definite way';lex=0.133;candDef=0.797;revDef=0.670;decision=BLOCKED:low reverse lexical agreement 0.133 || Helsinki-NLP/opus-mt-en-uk_surface_candidate=>'твердо';reverse='solid';lex=0.182;candDef=0.604;revDef=0.420;decision=BLOCKED:low reverse lexical agreement 0.182	BLOCKED: low reverse lexical agreement 0.133; method=Helsinki-NLP/opus-mt-en-uk_contextual_definition_candidate; exact Oxford definition='in a strong or definite way'; candidate='твердий ( прислівник): в сильний або означений спосіб'; reverse='hard (adverb): in a strong or definite way'; lexical=0.133; candidate_definition_similarity=0.797; reverse_definition_similarity=0.670; semantic=0.797.
ox5000-bd79c052fa5d352fbb27	flavour	noun	B2	https://www.oxfordlearnersdictionaries.com/us/definition/english/flavour_1	/us/definition/english/flavour_1	how food or drink tastes	flavour (nun): смаки їжі та напоїв	Helsinki-NLP/opus-mt-en-uk_contextual_definition_candidate	Helsinki-NLP/opus-mt-en-uk_contextual_definition_candidate=>'flavour (nun): смаки їжі та напоїв';reverse='flavour (nun): Tastes of food and drink';lex=0.000;candDef=0.798;revDef=0.830;decision=BLOCKED:candidate is not predominantly Ukrainian || Helsinki-NLP/opus-mt-en-uk_surface_candidate=>'flavour';reverse='flavour';lex=0.000;candDef=0.543;revDef=0.543;decision=BLOCKED:candidate is not predominantly Ukrainian	BLOCKED: candidate is not predominantly Ukrainian; method=Helsinki-NLP/opus-mt-en-uk_contextual_definition_candidate; exact Oxford definition='how food or drink tastes'; candidate='flavour (nun): смаки їжі та напоїв'; reverse='flavour (nun): Tastes of food and drink'; lexical=0.000; candidate_definition_similarity=0.798; reverse_definition_similarity=0.830; semantic=0.000.
ox5000-afa74ec045528b9642d4	fool	noun	B2	https://www.oxfordlearnersdictionaries.com/us/definition/english/fool_1	/us/definition/english/fool_1	a person who you think behaves or speaks in a way that lacks intelligence or good judgement	дурень	Helsinki-NLP/opus-mt-en-uk_surface_candidate	en_wiktionary_matching_pos_uk_translation=>'ду́рень';reverse='dune';lex=0.000;candDef=0.177;revDef=0.091;decision=BLOCKED:low reverse lexical agreement 0.000 || en_wiktionary_matching_pos_uk_translation=>'те́лепень';reverse='You fool!';lex=1.000;candDef=0.174;revDef=0.263;decision=BLOCKED:candidate/reverse meaning does not align with exact Oxford definition (0.263) || en_wiktionary_matching_pos_uk_translation=>'йо́лоп';reverse='yoʹlop';lex=0.400;candDef=0.219;revDef=0.098;decision=BLOCKED:candidate/reverse meaning does not align with exact Oxford definition (0.219) || en_wiktionary_matching_pos_uk_translation=>'кеп';reverse='kep';lex=0.000;candDef=0.204;revDef=0.140;decision=BLOCKED:low reverse lexical agreement 0.000 || Helsinki-NLP/opus-mt-en-uk_contextual_definition_candidate=>'дурень (ні) людина, яка, на вашу думку, поводиться або говорить так, що їй бракує розуму або доброго розсудку';reverse='A fool (no) who you think acts or speaks in a way that lacks reason or good judgment';lex=0.000;candDef=0.867;revDef=0.774;decision=BLOCKED:noun candidate is an infinitive/verb form || Helsinki-NLP/opus-mt-en-uk_surface_candidate=>'дурень';reverse='fool';lex=1.000;candDef=0.377;revDef=0.351;decision=BLOCKED:candidate/reverse meaning does not align with exact Oxford definition (0.377)	BLOCKED: candidate/reverse meaning does not align with exact Oxford definition (0.377); method=Helsinki-NLP/opus-mt-en-uk_surface_candidate; exact Oxford definition='a person who you think behaves or speaks in a way that lacks intelligence or good judgement'; candidate='дурень'; reverse='fool'; lexical=1.000; candidate_definition_similarity=0.377; reverse_definition_similarity=0.351; semantic=0.377.
ox5000-e74afd4a21b32dd7948a	forbid	verb	B2	https://www.oxfordlearnersdictionaries.com/us/definition/english/forbid	/us/definition/english/forbid	to order somebody not to do something; to order that something must not be done	забороняти (клацання): наказати комусь не робити чогось; наказувати, щоб щось не було зроблено	Helsinki-NLP/opus-mt-en-uk_contextual_definition_candidate	en_wiktionary_matching_pos_uk_translation=>'забороня́ти';reverse='Bans';lex=0.200;candDef=0.507;revDef=0.353;decision=BLOCKED:low reverse lexical agreement 0.200 || en_wiktionary_matching_pos_uk_translation=>'заборони́ти';reverse='bans';lex=0.200;candDef=0.505;revDef=0.367;decision=BLOCKED:low reverse lexical agreement 0.200 || Helsinki-NLP/opus-mt-en-uk_contextual_definition_candidate=>'забороняти (клацання): наказати комусь не робити чогось; наказувати, щоб щось не було зроблено';reverse='ban (click): order one not to do anything; command that something not be done';lex=0.101;candDef=0.771;revDef=0.637;decision=BLOCKED:low reverse lexical agreement 0.101 || Helsinki-NLP/opus-mt-en-uk_surface_candidate=>'забороняти';reverse='deny';lex=0.200;candDef=0.511;revDef=0.370;decision=BLOCKED:low reverse lexical agreement 0.200	BLOCKED: low reverse lexical agreement 0.101; method=Helsinki-NLP/opus-mt-en-uk_contextual_definition_candidate; exact Oxford definition='to order somebody not to do something; to order that something must not be done'; candidate='забороняти (клацання): наказати комусь не робити чогось; наказувати, щоб щось не було зроблено'; reverse='ban (click): order one not to do anything; command that something not be done'; lexical=0.101; candidate_definition_similarity=0.771; reverse_definition_similarity=0.637; semantic=0.771.
ox5000-0ca7565db377e67a8c2c	format	noun	B2	https://www.oxfordlearnersdictionaries.com/us/definition/english/format_1	/us/definition/english/format_1	the general arrangement, plan, design, etc. of something	формат	Helsinki-NLP/opus-mt-en-uk_surface_candidate	Helsinki-NLP/opus-mt-en-uk_contextual_definition_candidate=>'формат (noun): загальний розпорядок, план, дизайн і т. д.';reverse='format (noun): General arrangement, plan, design, etc.';lex=0.000;candDef=0.693;revDef=0.763;decision=BLOCKED:Latin-language residue remains || Helsinki-NLP/opus-mt-en-uk_surface_candidate=>'формат';reverse='format';lex=1.000;candDef=0.326;revDef=0.328;decision=BLOCKED:candidate/reverse meaning does not align with exact Oxford definition (0.328)	BLOCKED: candidate/reverse meaning does not align with exact Oxford definition (0.328); method=Helsinki-NLP/opus-mt-en-uk_surface_candidate; exact Oxford definition='the general arrangement, plan, design, etc. of something'; candidate='формат'; reverse='format'; lexical=1.000; candidate_definition_similarity=0.326; reverse_definition_similarity=0.328; semantic=0.328.
ox5000-9f9486a0d8382b5782ea	fortunate	adjective	B2	https://www.oxfordlearnersdictionaries.com/us/definition/english/fortunate	/us/definition/english/fortunate	having or bringing an advantage, an opportunity, a piece of good luck, etc.	Щаслива (принцип): маючи або приносячи перевагу, можливість, частину удачі і т.д.	Helsinki-NLP/opus-mt-en-uk_contextual_definition_candidate	Helsinki-NLP/opus-mt-en-uk_contextual_definition_candidate=>'Щаслива (принцип): маючи або приносячи перевагу, можливість, частину удачі і т.д.';reverse='Lucky: having or preferring, opportunity, some luck, etc.';lex=0.262;candDef=0.780;revDef=0.797;decision=BLOCKED:low reverse lexical agreement 0.262 || Helsinki-NLP/opus-mt-en-uk_surface_candidate=>'щастило';reverse='lucky';lex=0.000;candDef=0.474;revDef=0.531;decision=BLOCKED:adjective candidate has no plausible Ukrainian adjective morphology	BLOCKED: low reverse lexical agreement 0.262; method=Helsinki-NLP/opus-mt-en-uk_contextual_definition_candidate; exact Oxford definition='having or bringing an advantage, an opportunity, a piece of good luck, etc.'; candidate='Щаслива (принцип): маючи або приносячи перевагу, можливість, частину удачі і т.д.'; reverse='Lucky: having or preferring, opportunity, some luck, etc.'; lexical=0.262; candidate_definition_similarity=0.780; reverse_definition_similarity=0.797; semantic=0.797.
ox5000-8eb2e0b61582abcd29fd	framework	noun	B2	https://www.oxfordlearnersdictionaries.com/us/definition/english/framework	/us/definition/english/framework	the parts of a building or an object that support its weight and give it shape	оболонка (нуун): частини будинку або об' єкта, які підтримують його вагу і надають йому форми	Helsinki-NLP/opus-mt-en-uk_contextual_definition_candidate	"Helsinki-NLP/opus-mt-en-uk_contextual_definition_candidate=>""оболонка (нуун): частини будинку або об' єкта, які підтримують його вагу і надають йому форми"";reverse='Shell (nuun): Parts of a building or object supporting its weight form';lex=0.105;candDef=0.852;revDef=0.680;decision=BLOCKED:low reverse lexical agreement 0.105 || Helsinki-NLP/opus-mt-en-uk_surface_candidate=>'оболонка';reverse='shell';lex=0.143;candDef=0.355;revDef=0.009;decision=BLOCKED:low reverse lexical agreement 0.143"	"BLOCKED: low reverse lexical agreement 0.105; method=Helsinki-NLP/opus-mt-en-uk_contextual_definition_candidate; exact Oxford definition='the parts of a building or an object that support its weight and give it shape'; candidate=""оболонка (нуун): частини будинку або об' єкта, які підтримують його вагу і надають йому форми""; reverse='Shell (nuun): Parts of a building or object supporting its weight form'; lexical=0.105; candidate_definition_similarity=0.852; reverse_definition_similarity=0.680; semantic=0.852."
ox5000-a2f3332e44595061040d	freely	adverb	B2	https://www.oxfordlearnersdictionaries.com/us/definition/english/freely	/us/definition/english/freely	without anyone trying to prevent or control something	вільний (клацання): без будь- кого, хто намагається запобігти чи контролювати щось	Helsinki-NLP/opus-mt-en-uk_contextual_definition_candidate	en_wiktionary_matching_pos_uk_translation=>'ві́льно';reverse='heavy';lex=0.364;candDef=0.217;revDef=-0.004;decision=BLOCKED:candidate/reverse meaning does not align with exact Oxford definition (0.217) || Helsinki-NLP/opus-mt-en-uk_contextual_definition_candidate=>'вільний (клацання): без будь- кого, хто намагається запобігти чи контролювати щось';reverse='free (click): no one trying to prevent or control anything';lex=0.197;candDef=0.795;revDef=0.733;decision=BLOCKED:low reverse lexical agreement 0.197 || Helsinki-NLP/opus-mt-en-uk_surface_candidate=>'вільно';reverse='free';lex=1.000;candDef=0.262;revDef=0.309;decision=BLOCKED:candidate/reverse meaning does not align with exact Oxford definition (0.309)	BLOCKED: low reverse lexical agreement 0.197; method=Helsinki-NLP/opus-mt-en-uk_contextual_definition_candidate; exact Oxford definition='without anyone trying to prevent or control something'; candidate='вільний (клацання): без будь- кого, хто намагається запобігти чи контролювати щось'; reverse='free (click): no one trying to prevent or control anything'; lexical=0.197; candidate_definition_similarity=0.795; reverse_definition_similarity=0.733; semantic=0.795.
ox5000-7d8f5e0b4363007ea90f	fulfil	verb	B2	https://www.oxfordlearnersdictionaries.com/us/definition/english/fulfil	/us/definition/english/fulfil	to do or achieve what was hoped for or expected	Завершення (слово): виконання або досягнення сподіваного або очікуваного	Helsinki-NLP/opus-mt-en-uk_contextual_definition_candidate	Helsinki-NLP/opus-mt-en-uk_contextual_definition_candidate=>'Завершення (слово): виконання або досягнення сподіваного або очікуваного';reverse='Completion (word): execution or achievement of expected or expected';lex=0.000;candDef=0.803;revDef=0.720;decision=BLOCKED:verb candidate is not an appropriate Ukrainian infinitive/verb phrase || Helsinki-NLP/opus-mt-en-uk_surface_candidate=>'Задоволення';reverse='Satisfaction';lex=0.000;candDef=0.304;revDef=0.357;decision=BLOCKED:verb candidate is not an appropriate Ukrainian infinitive/verb phrase	BLOCKED: verb candidate is not an appropriate Ukrainian infinitive/verb phrase; method=Helsinki-NLP/opus-mt-en-uk_contextual_definition_candidate; exact Oxford definition='to do or achieve what was hoped for or expected'; candidate='Завершення (слово): виконання або досягнення сподіваного або очікуваного'; reverse='Completion (word): execution or achievement of expected or expected'; lexical=0.000; candidate_definition_similarity=0.803; reverse_definition_similarity=0.720; semantic=0.000.
ox5000-842908a0c1db6a162da8	full-time	adjective	B2	https://www.oxfordlearnersdictionaries.com/us/definition/english/full-time_2	/us/definition/english/full-time_2	for all the hours of a week during which people normally work or study, rather than just for a part of it	пості́йна робо́та	en_wiktionary_matching_pos_uk_translation	en_wiktionary_matching_pos_uk_translation=>'пості́йна робо́та';reverse='Powdered Roboth';lex=0.167;candDef=0.196;revDef=0.033;decision=BLOCKED:low reverse lexical agreement 0.167 || Helsinki-NLP/opus-mt-en-uk_contextual_definition_candidate=>'весь час (примітка): для всіх годин тижня, протягом яких люди зазвичай працюють або вивчають, замість просто для частини';reverse='all the time (note): for all the hours of the week that people usually work or study, instead of just the parts';lex=0.000;candDef=0.929;revDef=0.902;decision=BLOCKED:adjective candidate has no plausible Ukrainian adjective morphology || Helsinki-NLP/opus-mt-en-uk_surface_candidate=>'весь час';reverse='all the time';lex=0.000;candDef=0.386;revDef=0.335;decision=BLOCKED:adjective candidate has no plausible Ukrainian adjective morphology	BLOCKED: low reverse lexical agreement 0.167; method=en_wiktionary_matching_pos_uk_translation; exact Oxford definition='for all the hours of a week during which people normally work or study, rather than just for a part of it'; candidate='пості́йна робо́та'; reverse='Powdered Roboth'; lexical=0.167; candidate_definition_similarity=0.196; reverse_definition_similarity=0.033; semantic=0.196.
ox5000-f0d18f20e6160ed0969d	furious	adjective	B2	https://www.oxfordlearnersdictionaries.com/us/definition/english/furious	/us/definition/english/furious	very angry	розлючений	Helsinki-NLP/opus-mt-en-uk_surface_candidate	"en_wiktionary_matching_pos_uk_translation=>'шале́ний';reverse='gile';lex=0.182;candDef=0.328;revDef=0.157;decision=BLOCKED:low reverse lexical agreement 0.182 || en_wiktionary_matching_pos_uk_translation=>""роз'ю́шений"";reverse='dissolute';lex=0.125;candDef=0.381;revDef=0.157;decision=BLOCKED:low reverse lexical agreement 0.125 || en_wiktionary_matching_pos_uk_translation=>'розлюто́ваний';reverse='Irrelevant';lex=0.118;candDef=0.840;revDef=0.149;decision=BLOCKED:low reverse lexical agreement 0.118 || Helsinki-NLP/opus-mt-en-uk_contextual_definition_candidate=>'розлючена (примітка): дуже сердита';reverse='angry (note): very angry';lex=0.143;candDef=0.935;revDef=0.910;decision=BLOCKED:low reverse lexical agreement 0.143 || Helsinki-NLP/opus-mt-en-uk_surface_candidate=>'розлючений';reverse='angry';lex=0.167;candDef=0.940;revDef=0.944;decision=BLOCKED:low reverse lexical agreement 0.167"	BLOCKED: low reverse lexical agreement 0.167; method=Helsinki-NLP/opus-mt-en-uk_surface_candidate; exact Oxford definition='very angry'; candidate='розлючений'; reverse='angry'; lexical=0.167; candidate_definition_similarity=0.940; reverse_definition_similarity=0.944; semantic=0.944.
ox5000-75514d52c27e0f4cd7f7	gay	adjective	B2	https://www.oxfordlearnersdictionaries.com/us/definition/english/gay_1	/us/definition/english/gay_1	sexually or romantically attracted to people of the same sex	ґей	en_wiktionary_matching_pos_uk_translation	en_wiktionary_matching_pos_uk_translation=>'ґей';reverse='gay';lex=0.000;candDef=0.445;revDef=0.443;decision=BLOCKED:adjective candidate has no plausible Ukrainian adjective morphology || en_wiktionary_matching_pos_uk_translation=>'гомосексуа́л';reverse='homosecsial';lex=0.000;candDef=0.126;revDef=0.469;decision=BLOCKED:adjective candidate has no plausible Ukrainian adjective morphology || Helsinki-NLP/opus-mt-en-uk_contextual_definition_candidate=>'геї (підприємець): сексуальний або романтичний потяг до людей однієї статі.';reverse='gay: sexual or romantic attraction to people of the same sex.';lex=0.000;candDef=0.652;revDef=0.740;decision=BLOCKED:adjective candidate has no plausible Ukrainian adjective morphology || Helsinki-NLP/opus-mt-en-uk_surface_candidate=>'педик';reverse='_';lex=0.000;candDef=0.159;revDef=0.177;decision=BLOCKED:adjective candidate has no plausible Ukrainian adjective morphology	BLOCKED: adjective candidate has no plausible Ukrainian adjective morphology; method=en_wiktionary_matching_pos_uk_translation; exact Oxford definition='sexually or romantically attracted to people of the same sex'; candidate='ґей'; reverse='gay'; lexical=0.000; candidate_definition_similarity=0.445; reverse_definition_similarity=0.443; semantic=0.000.
ox5000-05655f6fadd0b485ca75	genuine	adjective	B2	https://www.oxfordlearnersdictionaries.com/us/definition/english/genuine	/us/definition/english/genuine	real; exactly what it appears to be; not artificial	справжній	Helsinki-NLP/opus-mt-en-uk_surface_candidate	en_wiktionary_matching_pos_uk_translation=>'спра́вжній';reverse='question';lex=0.267;candDef=0.384;revDef=0.302;decision=BLOCKED:low reverse lexical agreement 0.267 || Helsinki-NLP/opus-mt-en-uk_contextual_definition_candidate=>'Real (підмет): реальний; точно той, який він виглядає; а не штучний';reverse='Real: real; exactly what it looks; not artificial';lex=0.000;candDef=0.936;revDef=0.930;decision=BLOCKED:Latin-language residue remains || Helsinki-NLP/opus-mt-en-uk_surface_candidate=>'справжній';reverse='real';lex=0.182;candDef=0.727;revDef=0.768;decision=BLOCKED:low reverse lexical agreement 0.182	BLOCKED: low reverse lexical agreement 0.182; method=Helsinki-NLP/opus-mt-en-uk_surface_candidate; exact Oxford definition='real; exactly what it appears to be; not artificial'; candidate='справжній'; reverse='real'; lexical=0.182; candidate_definition_similarity=0.727; reverse_definition_similarity=0.768; semantic=0.768.
ox5000-0910ae2efee31d9ab3a4	gig	noun	B2	https://www.oxfordlearnersdictionaries.com/us/definition/english/gig_1	/us/definition/english/gig_1	a performance by musicians playing popular music or jazz in front of an audience; a similar performance by a comedian	Гра (ноун): гра музикантів, які грають популярну музику або джаз перед аудиторією; подібна вистава комікської	Helsinki-NLP/opus-mt-en-uk_contextual_definition_candidate	Helsinki-NLP/opus-mt-en-uk_contextual_definition_candidate=>'Гра (ноун): гра музикантів, які грають популярну музику або джаз перед аудиторією; подібна вистава комікської';reverse='Game (Noun): A game of musicians playing popular music or jazz before an audience; a similar comic book show';lex=0.056;candDef=0.662;revDef=0.460;decision=BLOCKED:low reverse lexical agreement 0.056 || Helsinki-NLP/opus-mt-en-uk_surface_candidate=>'джойстик';reverse='joystick';lex=0.182;candDef=0.273;revDef=0.271;decision=BLOCKED:low reverse lexical agreement 0.182	BLOCKED: low reverse lexical agreement 0.056; method=Helsinki-NLP/opus-mt-en-uk_contextual_definition_candidate; exact Oxford definition='a performance by musicians playing popular music or jazz in front of an audience; a similar performance by a comedian'; candidate='Гра (ноун): гра музикантів, які грають популярну музику або джаз перед аудиторією; подібна вистава комікської'; reverse='Game (Noun): A game of musicians playing popular music or jazz before an audience; a similar comic book show'; lexical=0.056; candidate_definition_similarity=0.662; reverse_definition_similarity=0.460; semantic=0.662.
ox5000-127e5b46dd0bae6f7a06	glance	noun	C1	https://www.oxfordlearnersdictionaries.com/us/definition/english/glance_2	/us/definition/english/glance_2	a quick look	по́гляд	en_wiktionary_matching_pos_uk_translation	en_wiktionary_matching_pos_uk_translation=>'по́гляд';reverse='peer';lex=0.200;candDef=0.801;revDef=0.481;decision=BLOCKED:low reverse lexical agreement 0.200 || Helsinki-NLP/opus-mt-en-uk_contextual_definition_candidate=>'view (nun): швидкий погляд';reverse='view (nun): Quick look';lex=0.000;candDef=0.661;revDef=0.682;decision=BLOCKED:candidate is not predominantly Ukrainian || Helsinki-NLP/opus-mt-en-uk_surface_candidate=>'погляд';reverse='look';lex=0.200;candDef=0.774;revDef=0.771;decision=BLOCKED:low reverse lexical agreement 0.200	BLOCKED: low reverse lexical agreement 0.200; method=en_wiktionary_matching_pos_uk_translation; exact Oxford definition='a quick look'; candidate='по́гляд'; reverse='peer'; lexical=0.200; candidate_definition_similarity=0.801; reverse_definition_similarity=0.481; semantic=0.801.
ox5000-78a493bf921bb7477c7c	glimpse	noun	C1	https://www.oxfordlearnersdictionaries.com/us/definition/english/glimpse_1	/us/definition/english/glimpse_1	a sight of somebody/something for a very short time, when you do not see the person or thing completely	(ніун): якийсь вид на когось або щось на дуже короткий час, коли ви не бачите повністю особи або речі	Helsinki-NLP/opus-mt-en-uk_contextual_definition_candidate	"Helsinki-NLP/opus-mt-en-uk_contextual_definition_candidate=>'(ніун): якийсь вид на когось або щось на дуже короткий час, коли ви не бачите повністю особи або речі';reverse=""(Noun): some kind of person or something for a very short time, when you don't see the whole person or thing."";lex=0.090;candDef=0.911;revDef=0.747;decision=BLOCKED:low reverse lexical agreement 0.090 || Helsinki-NLP/opus-mt-en-uk_surface_candidate=>'light';reverse='light';lex=0.000;candDef=0.412;revDef=0.412;decision=BLOCKED:candidate is not predominantly Ukrainian"	"BLOCKED: low reverse lexical agreement 0.090; method=Helsinki-NLP/opus-mt-en-uk_contextual_definition_candidate; exact Oxford definition='a sight of somebody/something for a very short time, when you do not see the person or thing completely'; candidate='(ніун): якийсь вид на когось або щось на дуже короткий час, коли ви не бачите повністю особи або речі'; reverse=""(Noun): some kind of person or something for a very short time, when you don't see the whole person or thing.""; lexical=0.090; candidate_definition_similarity=0.911; reverse_definition_similarity=0.747; semantic=0.911."
ox5000-8645840cb5bbd2168ad2	gorgeous	adjective	B2	https://www.oxfordlearnersdictionaries.com/us/definition/english/gorgeous	/us/definition/english/gorgeous	very beautiful and attractive; giving great pleasure	прекрасний (примітка): дуже красивий і привабливим; приносить велике задоволення	Helsinki-NLP/opus-mt-en-uk_contextual_definition_candidate	Helsinki-NLP/opus-mt-en-uk_contextual_definition_candidate=>'прекрасний (примітка): дуже красивий і привабливим; приносить велике задоволення';reverse='beautiful (note): very beautiful and attractive; it brings great pleasure';lex=0.104;candDef=0.895;revDef=0.856;decision=BLOCKED:low reverse lexical agreement 0.104 || Helsinki-NLP/opus-mt-en-uk_surface_candidate=>'розкішна';reverse='luxury';lex=0.143;candDef=0.661;revDef=0.467;decision=BLOCKED:low reverse lexical agreement 0.143	BLOCKED: low reverse lexical agreement 0.104; method=Helsinki-NLP/opus-mt-en-uk_contextual_definition_candidate; exact Oxford definition='very beautiful and attractive; giving great pleasure'; candidate='прекрасний (примітка): дуже красивий і привабливим; приносить велике задоволення'; reverse='beautiful (note): very beautiful and attractive; it brings great pleasure'; lexical=0.104; candidate_definition_similarity=0.895; reverse_definition_similarity=0.856; semantic=0.895.
ox5000-f20da69ea37da6663eb9	greatly	adverb	B2	https://www.oxfordlearnersdictionaries.com/us/definition/english/greatly	/us/definition/english/greatly	very much	дуже багато (клацання): дуже багато	Helsinki-NLP/opus-mt-en-uk_contextual_definition_candidate	Helsinki-NLP/opus-mt-en-uk_contextual_definition_candidate=>'дуже багато (клацання): дуже багато';reverse='too many (clicks):';lex=0.182;candDef=0.815;revDef=0.395;decision=BLOCKED:low reverse lexical agreement 0.182 || Helsinki-NLP/opus-mt-en-uk_surface_candidate=>'дуже добре.';reverse='Very good.';lex=0.125;candDef=0.579;revDef=0.529;decision=BLOCKED:low reverse lexical agreement 0.125	BLOCKED: low reverse lexical agreement 0.182; method=Helsinki-NLP/opus-mt-en-uk_contextual_definition_candidate; exact Oxford definition='very much'; candidate='дуже багато (клацання): дуже багато'; reverse='too many (clicks):'; lexical=0.182; candidate_definition_similarity=0.815; reverse_definition_similarity=0.395; semantic=0.815.
ox5000-ff9332c8a6a6a58fb82f	grocery	noun	B2	https://www.oxfordlearnersdictionaries.com/us/definition/english/grocery_1	/us/definition/english/grocery_1	a shop that sells food and other things used in the home. In American English ‘ grocery store ’ is often used to mean ‘supermarket’.	"В американській англійській мові слово "" ні "" часто вживається в значенні "" ні "" *."	Helsinki-NLP/opus-mt-en-uk_contextual_definition_candidate	"Helsinki-NLP/opus-mt-en-uk_contextual_definition_candidate=>'В американській англійській мові слово "" ні "" часто вживається в значенні "" ні "" *.';reverse='In English, the word ""no "" is often used for"" no. "" *';lex=0.200;candDef=0.110;revDef=0.179;decision=BLOCKED:low reverse lexical agreement 0.200 || Helsinki-NLP/opus-mt-en-uk_surface_candidate=>'Продукти';reverse='Products';lex=0.000;candDef=0.248;revDef=0.277;decision=BLOCKED:noun candidate is an infinitive/verb form"	"BLOCKED: low reverse lexical agreement 0.200; method=Helsinki-NLP/opus-mt-en-uk_contextual_definition_candidate; exact Oxford definition='a shop that sells food and other things used in the home. In American English ‘ grocery store ’ is often used to mean ‘supermarket’.'; candidate='В американській англійській мові слово "" ні "" часто вживається в значенні "" ні "" *.'; reverse='In English, the word ""no "" is often used for"" no. "" *'; lexical=0.200; candidate_definition_similarity=0.110; reverse_definition_similarity=0.179; semantic=0.179."
ox5000-94aa2afe2d9372cb4229	herb	noun	B2	https://www.oxfordlearnersdictionaries.com/us/definition/english/herb_1	/us/definition/english/herb_1	a plant whose leaves, flowers or seeds are used to add taste to food, in medicines or for their pleasant smell. parsley , mint and oregano are all herbs .	герб	Helsinki-NLP/opus-mt-en-uk_surface_candidate	Helsinki-NLP/opus-mt-en-uk_contextual_definition_candidate=>'Герб (нун): рослина, листя якої, квіти або насіння додають смаку до їжі, ліків або приємного запаху.';reverse='Herb: A plant whose leaves, flowers or seeds add flavor to food, medicine or a pleasant odor.';lex=0.000;candDef=0.795;revDef=0.810;decision=BLOCKED:noun candidate is an infinitive/verb form || Helsinki-NLP/opus-mt-en-uk_surface_candidate=>'герб';reverse='seal';lex=0.250;candDef=0.066;revDef=-0.004;decision=BLOCKED:low reverse lexical agreement 0.250	BLOCKED: low reverse lexical agreement 0.250; method=Helsinki-NLP/opus-mt-en-uk_surface_candidate; exact Oxford definition='a plant whose leaves, flowers or seeds are used to add taste to food, in medicines or for their pleasant smell. parsley , mint and oregano are all herbs .'; candidate='герб'; reverse='seal'; lexical=0.250; candidate_definition_similarity=0.066; reverse_definition_similarity=-0.004; semantic=0.066.
ox5000-b6f7336242fe1a0172bf	hilarious	adjective	B2	https://www.oxfordlearnersdictionaries.com/us/definition/english/hilarious	/us/definition/english/hilarious	extremely funny	смішни́й	en_wiktionary_matching_pos_uk_translation	en_wiktionary_matching_pos_uk_translation=>'смішни́й';reverse='funny';lex=0.000;candDef=0.891;revDef=0.933;decision=BLOCKED:adjective candidate has no plausible Ukrainian adjective morphology || Helsinki-NLP/opus-mt-en-uk_contextual_definition_candidate=>'Забавно (примітка): дуже смішно';reverse='Funny (note): very funny';lex=0.000;candDef=0.902;revDef=0.856;decision=BLOCKED:adjective candidate has no plausible Ukrainian adjective morphology || Helsinki-NLP/opus-mt-en-uk_surface_candidate=>'Смішно';reverse='Funny';lex=0.000;candDef=0.896;revDef=0.914;decision=BLOCKED:adjective candidate has no plausible Ukrainian adjective morphology	BLOCKED: adjective candidate has no plausible Ukrainian adjective morphology; method=en_wiktionary_matching_pos_uk_translation; exact Oxford definition='extremely funny'; candidate='смішни́й'; reverse='funny'; lexical=0.000; candidate_definition_similarity=0.891; reverse_definition_similarity=0.933; semantic=0.000.
ox5000-39a64cc0f2bccb1d329c	immune	adjective	B2	https://www.oxfordlearnersdictionaries.com/us/definition/english/immune	/us/definition/english/immune	that cannot catch or be affected by a particular disease or illness	імунітет (підприємець): який не може упіймати або завдати шкоди якійсь конкретній хворобі чи хворобі.	Helsinki-NLP/opus-mt-en-uk_contextual_definition_candidate	Helsinki-NLP/opus-mt-en-uk_contextual_definition_candidate=>'імунітет (підприємець): який не може упіймати або завдати шкоди якійсь конкретній хворобі чи хворобі.';reverse='immunity: which cannot catch or harm a particular disease or disease.';lex=0.000;candDef=0.757;revDef=0.733;decision=BLOCKED:adjective candidate has no plausible Ukrainian adjective morphology || Helsinki-NLP/opus-mt-en-uk_surface_candidate=>'імуноглобулін';reverse='immunoglobulin';lex=0.000;candDef=0.353;revDef=0.256;decision=BLOCKED:adjective candidate has no plausible Ukrainian adjective morphology	BLOCKED: adjective candidate has no plausible Ukrainian adjective morphology; method=Helsinki-NLP/opus-mt-en-uk_contextual_definition_candidate; exact Oxford definition='that cannot catch or be affected by a particular disease or illness'; candidate='імунітет (підприємець): який не може упіймати або завдати шкоди якійсь конкретній хворобі чи хворобі.'; reverse='immunity: which cannot catch or harm a particular disease or disease.'; lexical=0.000; candidate_definition_similarity=0.757; reverse_definition_similarity=0.733; semantic=0.000.
ox5000-be988b1dff39f57ff813	index	noun	B2	https://www.oxfordlearnersdictionaries.com/us/definition/english/index_1	/us/definition/english/index_1	a list of names or topics that are referred to in a book, etc., usually arranged at the end of a book in alphabetical order or listed in a separate file or book	і́ндекс	en_wiktionary_matching_pos_uk_translation	"en_wiktionary_matching_pos_uk_translation=>'і́ндекс';reverse=""th'dex"";lex=0.545;candDef=0.363;revDef=0.143;decision=BLOCKED:candidate/reverse meaning does not align with exact Oxford definition (0.363) || Helsinki-NLP/opus-mt-en-uk_contextual_definition_candidate=>'index (nun): список імен або тем, про які говориться у книзі тощо, зазвичай впорядкований у кінці книги у алфавітному порядку або записаному у окремому файлі або книзі';reverse='index (nun): a list of names or themes spoken of in the book, & etc; normally sorted at the end of a book in alphabetical order or in a separate file or book';lex=0.000;candDef=0.760;revDef=0.720;decision=BLOCKED:Latin-language residue remains || Helsinki-NLP/opus-mt-en-uk_surface_candidate=>'індекс';reverse='index';lex=1.000;candDef=0.335;revDef=0.319;decision=BLOCKED:candidate/reverse meaning does not align with exact Oxford definition (0.335)"	"BLOCKED: candidate/reverse meaning does not align with exact Oxford definition (0.363); method=en_wiktionary_matching_pos_uk_translation; exact Oxford definition='a list of names or topics that are referred to in a book, etc., usually arranged at the end of a book in alphabetical order or listed in a separate file or book'; candidate='і́ндекс'; reverse=""th'dex""; lexical=0.545; candidate_definition_similarity=0.363; reverse_definition_similarity=0.143; semantic=0.363."
ox5000-7ff9e2bdabdf73fcdf4d	infer	verb	B2	https://www.oxfordlearnersdictionaries.com/us/definition/english/infer	/us/definition/english/infer	to reach an opinion or decide that something is true on the basis of information that is available	робити висновок	en_wiktionary_matching_pos_uk_translation	en_wiktionary_matching_pos_uk_translation=>'робити висновок';reverse='reason';lex=0.182;candDef=0.447;revDef=0.205;decision=BLOCKED:low reverse lexical agreement 0.182 || Helsinki-NLP/opus-mt-en-uk_contextual_definition_candidate=>'infer (версія): щоб досягти певної думки або вирішити, що щось правдиве на основі наявної інформації';reverse='infer: to reach a certain point or to decide that something is true based on available information';lex=0.000;candDef=0.863;revDef=0.791;decision=BLOCKED:Latin-language residue remains || Helsinki-NLP/opus-mt-en-uk_surface_candidate=>'infer';reverse='infer';lex=0.000;candDef=0.206;revDef=0.206;decision=BLOCKED:candidate is not predominantly Ukrainian	BLOCKED: low reverse lexical agreement 0.182; method=en_wiktionary_matching_pos_uk_translation; exact Oxford definition='to reach an opinion or decide that something is true on the basis of information that is available'; candidate='робити висновок'; reverse='reason'; lexical=0.182; candidate_definition_similarity=0.447; reverse_definition_similarity=0.205; semantic=0.447.
ox5000-49955cd8897590e06eb7	info	noun	B2	https://www.oxfordlearnersdictionaries.com/us/definition/english/info	/us/definition/english/info	information	info (noun): інформація	Helsinki-NLP/opus-mt-en-uk_contextual_definition_candidate	Helsinki-NLP/opus-mt-en-uk_contextual_definition_candidate=>'info (noun): інформація';reverse='info (noun): Information';lex=0.000;candDef=0.725;revDef=0.725;decision=BLOCKED:candidate is not predominantly Ukrainian || Helsinki-NLP/opus-mt-en-uk_surface_candidate=>'info';reverse='info';lex=0.000;candDef=0.951;revDef=0.951;decision=BLOCKED:candidate is not predominantly Ukrainian	BLOCKED: candidate is not predominantly Ukrainian; method=Helsinki-NLP/opus-mt-en-uk_contextual_definition_candidate; exact Oxford definition='information'; candidate='info (noun): інформація'; reverse='info (noun): Information'; lexical=0.000; candidate_definition_similarity=0.725; reverse_definition_similarity=0.725; semantic=0.000.
ox5000-e1ca54e0e4d0e1a16fac	input	noun	B2	https://www.oxfordlearnersdictionaries.com/us/definition/english/input_1	/us/definition/english/input_1	time, knowledge, ideas, etc. that you put into work, a project, etc. in order to make it succeed; the act of putting something in	вхід	en_wiktionary_matching_pos_uk_translation	en_wiktionary_matching_pos_uk_translation=>'вхід';reverse='login';lex=0.400;candDef=0.274;revDef=0.052;decision=BLOCKED:candidate/reverse meaning does not align with exact Oxford definition (0.274) || Helsinki-NLP/opus-mt-en-uk_contextual_definition_candidate=>'input (nun): час, знання, ідеї тощо, які ви вклали у роботу, проект тощо, щоб зробити його успішним; дія додавання чогось до програми';reverse='input (nun): time, knowledge, ideas, etc., which you put into work, project, etc. to make it successful; add something to the program';lex=0.000;candDef=0.750;revDef=0.729;decision=BLOCKED:Latin-language residue remains || Helsinki-NLP/opus-mt-en-uk_surface_candidate=>'input';reverse='input';lex=0.000;candDef=0.241;revDef=0.241;decision=BLOCKED:candidate is not predominantly Ukrainian	BLOCKED: candidate/reverse meaning does not align with exact Oxford definition (0.274); method=en_wiktionary_matching_pos_uk_translation; exact Oxford definition='time, knowledge, ideas, etc. that you put into work, a project, etc. in order to make it succeed; the act of putting something in'; candidate='вхід'; reverse='login'; lexical=0.400; candidate_definition_similarity=0.274; reverse_definition_similarity=0.052; semantic=0.274.
ox5000-057f0fb509e5dcf12e33	installation	noun	B2	https://www.oxfordlearnersdictionaries.com/us/definition/english/installation	/us/definition/english/installation	the act of fixing equipment or furniture in position so that it can be used	встановлення (немає): дія виправлення обладнання або меблів у позиції так, щоб їх можна було використовувати	Helsinki-NLP/opus-mt-en-uk_contextual_definition_candidate	Helsinki-NLP/opus-mt-en-uk_contextual_definition_candidate=>'встановлення (немає): дія виправлення обладнання або меблів у позиції так, щоб їх можна було використовувати';reverse='install (no): fix operation of hardware or furniture in position so that it can be used';lex=0.250;candDef=0.881;revDef=0.692;decision=BLOCKED:low reverse lexical agreement 0.250 || Helsinki-NLP/opus-mt-en-uk_surface_candidate=>'встановлення';reverse='installing';lex=0.818;candDef=0.375;revDef=0.137;decision=BLOCKED:candidate/reverse meaning does not align with exact Oxford definition (0.375)	BLOCKED: low reverse lexical agreement 0.250; method=Helsinki-NLP/opus-mt-en-uk_contextual_definition_candidate; exact Oxford definition='the act of fixing equipment or furniture in position so that it can be used'; candidate='встановлення (немає): дія виправлення обладнання або меблів у позиції так, щоб їх можна було використовувати'; reverse='install (no): fix operation of hardware or furniture in position so that it can be used'; lexical=0.250; candidate_definition_similarity=0.881; reverse_definition_similarity=0.692; semantic=0.881.
ox5000-c54f9279e34437f21931	interact	verb	B2	https://www.oxfordlearnersdictionaries.com/us/definition/english/interact	/us/definition/english/interact	to communicate with somebody, especially while you work, play or spend time with them	взаємоді́яти	en_wiktionary_matching_pos_uk_translation	en_wiktionary_matching_pos_uk_translation=>'взаємоді́яти';reverse='Collision';lex=0.235;candDef=0.534;revDef=0.004;decision=BLOCKED:low reverse lexical agreement 0.235 || Helsinki-NLP/opus-mt-en-uk_contextual_definition_candidate=>'взаємодія (версія): для спілкування з кимось, особливо під час роботи, гри або проведення часу з ними.';reverse='interaction: to communicate with someone, especially when working, playing, or spending time with them.';lex=0.000;candDef=0.816;revDef=0.830;decision=BLOCKED:verb candidate is not an appropriate Ukrainian infinitive/verb phrase || Helsinki-NLP/opus-mt-en-uk_surface_candidate=>'взаємодія';reverse='interaction';lex=0.000;candDef=0.533;revDef=0.502;decision=BLOCKED:verb candidate is not an appropriate Ukrainian infinitive/verb phrase	BLOCKED: low reverse lexical agreement 0.235; method=en_wiktionary_matching_pos_uk_translation; exact Oxford definition='to communicate with somebody, especially while you work, play or spend time with them'; candidate='взаємоді́яти'; reverse='Collision'; lexical=0.235; candidate_definition_similarity=0.534; reverse_definition_similarity=0.004; semantic=0.534.
ox5000-67085d75a6593c5849c3	invade	verb	B2	https://www.oxfordlearnersdictionaries.com/us/definition/english/invade	/us/definition/english/invade	to enter a country, town, etc. using military force in order to take control of it	вдира́тися	en_wiktionary_matching_pos_uk_translation	en_wiktionary_matching_pos_uk_translation=>'вдира́тися';reverse='taking part';lex=0.353;candDef=0.249;revDef=0.315;decision=BLOCKED:candidate/reverse meaning does not align with exact Oxford definition (0.315) || en_wiktionary_matching_pos_uk_translation=>'вде́ртися';reverse='Come on, come on, come on, come on, come on, come on, come on, come on, come on, come on, come on, come on, come on, come on, come on, come on, come on, come on, come on, come on, come on, come on, come on, come on';lex=0.020;candDef=0.269;revDef=0.100;decision=BLOCKED:low reverse lexical agreement 0.020 || en_wiktionary_matching_pos_uk_translation=>'окупува́ти';reverse='Occupationate';lex=0.421;candDef=0.141;revDef=0.280;decision=BLOCKED:candidate/reverse meaning does not align with exact Oxford definition (0.280) || en_wiktionary_matching_pos_uk_translation=>'захо́плювати';reverse='hide';lex=0.600;candDef=0.208;revDef=0.126;decision=BLOCKED:candidate/reverse meaning does not align with exact Oxford definition (0.208) || Helsinki-NLP/opus-mt-en-uk_contextual_definition_candidate=>'вторгнення (версія): увійти в країну, місто і т. д., використовуючи військові сили для того, щоб керувати нею';reverse='invasion: enter a country, a city, etc., using military forces to control it';lex=0.000;candDef=0.791;revDef=0.838;decision=BLOCKED:verb candidate is not an appropriate Ukrainian infinitive/verb phrase || Helsinki-NLP/opus-mt-en-uk_surface_candidate=>'вторгнення';reverse='invasion';lex=0.000;candDef=0.474;revDef=0.393;decision=BLOCKED:verb candidate is not an appropriate Ukrainian infinitive/verb phrase	BLOCKED: candidate/reverse meaning does not align with exact Oxford definition (0.315); method=en_wiktionary_matching_pos_uk_translation; exact Oxford definition='to enter a country, town, etc. using military force in order to take control of it'; candidate='вдира́тися'; reverse='taking part'; lexical=0.353; candidate_definition_similarity=0.249; reverse_definition_similarity=0.315; semantic=0.315.
ox5000-68dfdd415bb302e71b0a	isolate	verb	B2	https://www.oxfordlearnersdictionaries.com/us/definition/english/isolate	/us/definition/english/isolate	to separate somebody/something physically or socially from other people or things	відокре́млювати	en_wiktionary_matching_pos_uk_translation	en_wiktionary_matching_pos_uk_translation=>'відокре́млювати';reverse='recrex';lex=0.154;candDef=0.376;revDef=0.124;decision=BLOCKED:low reverse lexical agreement 0.154 || en_wiktionary_matching_pos_uk_translation=>'відокре́мити';reverse='recro *mit';lex=0.250;candDef=0.348;revDef=0.120;decision=BLOCKED:low reverse lexical agreement 0.250 || en_wiktionary_matching_pos_uk_translation=>'ізолюва́ти';reverse='Isolavats';lex=0.750;candDef=0.275;revDef=0.284;decision=BLOCKED:candidate/reverse meaning does not align with exact Oxford definition (0.284) || Helsinki-NLP/opus-mt-en-uk_contextual_definition_candidate=>'відокремлення (клацання): щоб відокремити когось або щось фізично або соціально від інших людей або речей';reverse='separation (click): to separate someone or something physically or socially from other people or things';lex=0.000;candDef=0.892;revDef=0.857;decision=BLOCKED:verb candidate is not an appropriate Ukrainian infinitive/verb phrase || Helsinki-NLP/opus-mt-en-uk_surface_candidate=>'ізолювати';reverse='isolate';lex=1.000;candDef=0.362;revDef=0.370;decision=BLOCKED:candidate/reverse meaning does not align with exact Oxford definition (0.370)	BLOCKED: low reverse lexical agreement 0.154; method=en_wiktionary_matching_pos_uk_translation; exact Oxford definition='to separate somebody/something physically or socially from other people or things'; candidate='відокре́млювати'; reverse='recrex'; lexical=0.154; candidate_definition_similarity=0.376; reverse_definition_similarity=0.124; semantic=0.376.
ox5000-2bdd3cdbe3b5841b8f62	jail	noun	B2	https://www.oxfordlearnersdictionaries.com/us/definition/english/jail_1	/us/definition/english/jail_1		в'язни́ця	en_wiktionary_matching_pos_uk_translation	"en_wiktionary_matching_pos_uk_translation=>""в'язни́ця"";reverse='prisoner';lex=0.000;candDef=0.504;revDef=0.390;decision=BLOCKED:exact Oxford definition unavailable || en_wiktionary_matching_pos_uk_translation=>'тюрма́';reverse='prison';lex=0.000;candDef=0.509;revDef=0.371;decision=BLOCKED:exact Oxford definition unavailable || Helsinki-NLP/opus-mt-en-uk_contextual_definition_candidate=>""в'язниця (немає):"";reverse='prison (no):';lex=0.000;candDef=0.474;revDef=0.288;decision=BLOCKED:exact Oxford definition unavailable || Helsinki-NLP/opus-mt-en-uk_surface_candidate=>""в'язниця"";reverse='prison';lex=0.000;candDef=0.485;revDef=0.371;decision=BLOCKED:exact Oxford definition unavailable"	"BLOCKED: Oxford definition text not found at exact definition path; method=en_wiktionary_matching_pos_uk_translation; exact Oxford definition=''; candidate=""в'язни́ця""; reverse='prisoner'; lexical=0.000; candidate_definition_similarity=0.504; reverse_definition_similarity=0.390; semantic=0.000."
ox5000-031f0c28f6bfce2b6e15	jail	verb	B2	https://www.oxfordlearnersdictionaries.com/us/definition/english/jail_2	/us/definition/english/jail_2	to put somebody in prison	В'язниця (верф): ув'язнити когось	Helsinki-NLP/opus-mt-en-uk_contextual_definition_candidate	"Helsinki-NLP/opus-mt-en-uk_contextual_definition_candidate=>""В'язниця (верф): ув'язнити когось"";reverse='Prison (verf): to trap someone';lex=0.000;candDef=0.842;revDef=0.769;decision=BLOCKED:verb candidate is not an appropriate Ukrainian infinitive/verb phrase || Helsinki-NLP/opus-mt-en-uk_surface_candidate=>""в'язниця"";reverse='prison';lex=0.000;candDef=0.770;revDef=0.753;decision=BLOCKED:verb candidate is not an appropriate Ukrainian infinitive/verb phrase"	"BLOCKED: verb candidate is not an appropriate Ukrainian infinitive/verb phrase; method=Helsinki-NLP/opus-mt-en-uk_contextual_definition_candidate; exact Oxford definition='to put somebody in prison'; candidate=""В'язниця (верф): ув'язнити когось""; reverse='Prison (verf): to trap someone'; lexical=0.000; candidate_definition_similarity=0.842; reverse_definition_similarity=0.769; semantic=0.000."
ox5000-70c5c8f51acbab122f67	joint	adjective	B2	https://www.oxfordlearnersdictionaries.com/us/definition/english/joint_1	/us/definition/english/joint_1	involving two or more people together	об'єднаний	en_wiktionary_matching_pos_uk_translation	"en_wiktionary_matching_pos_uk_translation=>'сумі́сний';reverse='sad';lex=0.000;candDef=0.290;revDef=0.268;decision=BLOCKED:low reverse lexical agreement 0.000 || en_wiktionary_matching_pos_uk_translation=>'спі́льний';reverse='heavy';lex=0.000;candDef=0.374;revDef=0.174;decision=BLOCKED:low reverse lexical agreement 0.000 || en_wiktionary_matching_pos_uk_translation=>""об'єднаний"";reverse='merged';lex=0.000;candDef=0.408;revDef=0.286;decision=BLOCKED:low reverse lexical agreement 0.000 || en_wiktionary_matching_pos_uk_translation=>""з'є́днання"";reverse='binding';lex=0.333;candDef=0.297;revDef=0.180;decision=BLOCKED:candidate/reverse meaning does not align with exact Oxford definition (0.297) || Helsinki-NLP/opus-mt-en-uk_contextual_definition_candidate=>'common (підприємець): складається з двох або декількох людей разом';reverse='common: consists of two or more people together';lex=0.000;candDef=0.580;revDef=0.700;decision=BLOCKED:Latin-language residue remains || Helsinki-NLP/opus-mt-en-uk_surface_candidate=>'collection';reverse='collection';lex=0.000;candDef=0.173;revDef=0.173;decision=BLOCKED:candidate is not predominantly Ukrainian"	"BLOCKED: low reverse lexical agreement 0.000; method=en_wiktionary_matching_pos_uk_translation; exact Oxford definition='involving two or more people together'; candidate=""об'єднаний""; reverse='merged'; lexical=0.000; candidate_definition_similarity=0.408; reverse_definition_similarity=0.286; semantic=0.408."
ox5000-daa9b791eff027caf0b2	jury	noun	B2	https://www.oxfordlearnersdictionaries.com/us/definition/english/jury	/us/definition/english/jury	a group of members of the public who listen to the facts of a case in a court and decide whether or not somebody is guilty of a crime, or whether a claim has been proved	Жюрі (ніун): група людей, які слухають факти судового процесу і вирішують, чи хтось винен у злочині, чи було доведено, що справу було скоєно.	Helsinki-NLP/opus-mt-en-uk_contextual_definition_candidate	en_wiktionary_matching_pos_uk_translation=>'прися́жні';reverse='colts';lex=0.000;candDef=0.217;revDef=-0.008;decision=BLOCKED:low reverse lexical agreement 0.000 || en_wiktionary_matching_pos_uk_translation=>'суд прися́жних';reverse='The Judgment of the Conscientious';lex=0.108;candDef=0.518;revDef=0.414;decision=BLOCKED:low reverse lexical agreement 0.108 || en_wiktionary_matching_pos_uk_translation=>'журі́';reverse='crhi';lex=0.250;candDef=0.171;revDef=0.113;decision=BLOCKED:low reverse lexical agreement 0.250 || Helsinki-NLP/opus-mt-en-uk_contextual_definition_candidate=>'Жюрі (ніун): група людей, які слухають факти судового процесу і вирішують, чи хтось винен у злочині, чи було доведено, що справу було скоєно.';reverse='Jouri (Neun): A group of people who listen to the facts of the case and decide whether someone is guilty of a crime or whether the case has been proved guilty.';lex=0.050;candDef=0.892;revDef=0.662;decision=BLOCKED:low reverse lexical agreement 0.050 || Helsinki-NLP/opus-mt-en-uk_surface_candidate=>'jus';reverse='jus';lex=0.000;candDef=0.115;revDef=0.115;decision=BLOCKED:candidate is not predominantly Ukrainian	BLOCKED: low reverse lexical agreement 0.050; method=Helsinki-NLP/opus-mt-en-uk_contextual_definition_candidate; exact Oxford definition='a group of members of the public who listen to the facts of a case in a court and decide whether or not somebody is guilty of a crime, or whether a claim has been proved'; candidate='Жюрі (ніун): група людей, які слухають факти судового процесу і вирішують, чи хтось винен у злочині, чи було доведено, що справу було скоєно.'; reverse='Jouri (Neun): A group of people who listen to the facts of the case and decide whether someone is guilty of a crime or whether the case has been proved guilty.'; lexical=0.050; candidate_definition_similarity=0.892; reverse_definition_similarity=0.662; semantic=0.892.
ox5000-b9a7aa2033cb2e0c7400	lane	noun	B2	https://www.oxfordlearnersdictionaries.com/us/definition/english/lane	/us/definition/english/lane	a narrow road in the country	Смуга (ноун): вузька дорога в країні	Helsinki-NLP/opus-mt-en-uk_contextual_definition_candidate	en_wiktionary_matching_pos_uk_translation=>'прову́лок';reverse='alleys';lex=0.400;candDef=0.377;revDef=0.375;decision=BLOCKED:candidate/reverse meaning does not align with exact Oxford definition (0.377) || en_wiktionary_matching_pos_uk_translation=>'але́я';reverse='aleʹ';lex=0.571;candDef=0.307;revDef=0.237;decision=BLOCKED:candidate/reverse meaning does not align with exact Oxford definition (0.307) || en_wiktionary_matching_pos_uk_translation=>'сму́га ру́ху';reverse='ruhhhʹ';lex=0.000;candDef=0.334;revDef=0.244;decision=BLOCKED:low reverse lexical agreement 0.000 || en_wiktionary_matching_pos_uk_translation=>'сму́га';reverse='muʹga';lex=0.222;candDef=0.293;revDef=0.239;decision=BLOCKED:low reverse lexical agreement 0.222 || Helsinki-NLP/opus-mt-en-uk_contextual_definition_candidate=>'Смуга (ноун): вузька дорога в країні';reverse='Nun: narrow road in the country';lex=0.176;candDef=0.688;revDef=0.672;decision=BLOCKED:low reverse lexical agreement 0.176 || Helsinki-NLP/opus-mt-en-uk_surface_candidate=>'смужка';reverse='bar';lex=0.286;candDef=0.346;revDef=0.071;decision=BLOCKED:candidate/reverse meaning does not align with exact Oxford definition (0.346)	BLOCKED: low reverse lexical agreement 0.176; method=Helsinki-NLP/opus-mt-en-uk_contextual_definition_candidate; exact Oxford definition='a narrow road in the country'; candidate='Смуга (ноун): вузька дорога в країні'; reverse='Nun: narrow road in the country'; lexical=0.176; candidate_definition_similarity=0.688; reverse_definition_similarity=0.672; semantic=0.688.
ox5000-e7ea035601a37a9a4722	leaflet	noun	B2	https://www.oxfordlearnersdictionaries.com/us/definition/english/leaflet_1	/us/definition/english/leaflet_1	a printed sheet of paper or a few printed pages that are given free to advertise or give information about something	листівка (ноун): друкований аркуш паперу або кілька друкованих сторінок, які можна безкоштовно оприлюднити або надати інформацію про щось.	Helsinki-NLP/opus-mt-en-uk_contextual_definition_candidate	en_wiktionary_matching_pos_uk_translation=>'листі́вка';reverse='Leave';lex=0.667;candDef=0.222;revDef=0.110;decision=BLOCKED:candidate/reverse meaning does not align with exact Oxford definition (0.222) || Helsinki-NLP/opus-mt-en-uk_contextual_definition_candidate=>'листівка (ноун): друкований аркуш паперу або кілька друкованих сторінок, які можна безкоштовно оприлюднити або надати інформацію про щось.';reverse='card (noun): A printed page of paper or a few printed pages that can be read or provided free of charge.';lex=0.075;candDef=0.809;revDef=0.613;decision=BLOCKED:low reverse lexical agreement 0.075 || Helsinki-NLP/opus-mt-en-uk_surface_candidate=>'листівка';reverse='card';lex=0.182;candDef=0.458;revDef=0.255;decision=BLOCKED:low reverse lexical agreement 0.182	BLOCKED: low reverse lexical agreement 0.075; method=Helsinki-NLP/opus-mt-en-uk_contextual_definition_candidate; exact Oxford definition='a printed sheet of paper or a few printed pages that are given free to advertise or give information about something'; candidate='листівка (ноун): друкований аркуш паперу або кілька друкованих сторінок, які можна безкоштовно оприлюднити або надати інформацію про щось.'; reverse='card (noun): A printed page of paper or a few printed pages that can be read or provided free of charge.'; lexical=0.075; candidate_definition_similarity=0.809; reverse_definition_similarity=0.613; semantic=0.809.
ox5000-51bc5ea8a66b539c5223	lifetime	noun	B2	https://www.oxfordlearnersdictionaries.com/us/definition/english/lifetime	/us/definition/english/lifetime	the length of time that somebody lives or that something lasts	Життєвий (нун): тривалість життя, який хтось живе, або те, що щось триває.	Helsinki-NLP/opus-mt-en-uk_contextual_definition_candidate	en_wiktionary_matching_pos_uk_translation=>'вік';reverse='age';lex=0.182;candDef=0.481;revDef=0.399;decision=BLOCKED:low reverse lexical agreement 0.182 || Helsinki-NLP/opus-mt-en-uk_contextual_definition_candidate=>'Життєвий (нун): тривалість життя, який хтось живе, або те, що щось триває.';reverse='Life span: Life expectancy someone lives on or that something lasts.';lex=0.189;candDef=0.756;revDef=0.756;decision=BLOCKED:low reverse lexical agreement 0.189 || Helsinki-NLP/opus-mt-en-uk_surface_candidate=>'Life';reverse='Life';lex=0.000;candDef=0.503;revDef=0.503;decision=BLOCKED:candidate is not predominantly Ukrainian	BLOCKED: low reverse lexical agreement 0.189; method=Helsinki-NLP/opus-mt-en-uk_contextual_definition_candidate; exact Oxford definition='the length of time that somebody lives or that something lasts'; candidate='Життєвий (нун): тривалість життя, який хтось живе, або те, що щось триває.'; reverse='Life span: Life expectancy someone lives on or that something lasts.'; lexical=0.189; candidate_definition_similarity=0.756; reverse_definition_similarity=0.756; semantic=0.756.
ox5000-772478c07738c9ee4fbc	litter	noun	B2	https://www.oxfordlearnersdictionaries.com/us/definition/english/litter_1	/us/definition/english/litter_1	small pieces of rubbish such as paper, cans and bottles, that people have left lying in a public place	(ноун): такі маленькі сміття, як папір, банки і пляшки, яких люди лишили в публічному місці	Helsinki-NLP/opus-mt-en-uk_contextual_definition_candidate	en_wiktionary_matching_pos_uk_translation=>'підсти́лка';reverse='Stinger';lex=0.462;candDef=0.247;revDef=0.178;decision=BLOCKED:candidate/reverse meaning does not align with exact Oxford definition (0.247) || en_wiktionary_matching_pos_uk_translation=>'пости́лка';reverse='stasy';lex=0.182;candDef=0.349;revDef=0.192;decision=BLOCKED:low reverse lexical agreement 0.182 || en_wiktionary_matching_pos_uk_translation=>'паланкі́н';reverse='palan·kiʹ';lex=0.286;candDef=0.234;revDef=0.211;decision=BLOCKED:candidate/reverse meaning does not align with exact Oxford definition (0.234) || en_wiktionary_matching_pos_uk_translation=>'носи́лки';reverse='Nobles';lex=0.333;candDef=0.325;revDef=0.199;decision=BLOCKED:candidate/reverse meaning does not align with exact Oxford definition (0.325) || Helsinki-NLP/opus-mt-en-uk_contextual_definition_candidate=>'(ноун): такі маленькі сміття, як папір, банки і пляшки, яких люди лишили в публічному місці';reverse='(Noun): Small garbage, paper, cans and bottles that people left in a public place.';lex=0.073;candDef=0.845;revDef=0.792;decision=BLOCKED:low reverse lexical agreement 0.073 || Helsinki-NLP/opus-mt-en-uk_surface_candidate=>'sweet';reverse='sweet';lex=0.000;candDef=0.036;revDef=0.036;decision=BLOCKED:candidate is not predominantly Ukrainian	BLOCKED: low reverse lexical agreement 0.073; method=Helsinki-NLP/opus-mt-en-uk_contextual_definition_candidate; exact Oxford definition='small pieces of rubbish such as paper, cans and bottles, that people have left lying in a public place'; candidate='(ноун): такі маленькі сміття, як папір, банки і пляшки, яких люди лишили в публічному місці'; reverse='(Noun): Small garbage, paper, cans and bottles that people left in a public place.'; lexical=0.073; candidate_definition_similarity=0.845; reverse_definition_similarity=0.792; semantic=0.845.
ox5000-3e0bca958a799ee3c3b2	magnificent	adjective	B2	https://www.oxfordlearnersdictionaries.com/us/definition/english/magnificent	/us/definition/english/magnificent	extremely attractive and impressive; deserving praise	велична (примітка): надзвичайно приваблива і вражаюча, гідна хвали	Helsinki-NLP/opus-mt-en-uk_contextual_definition_candidate	Helsinki-NLP/opus-mt-en-uk_contextual_definition_candidate=>'велична (примітка): надзвичайно приваблива і вражаюча, гідна хвали';reverse='majestic (note): extremely attractive and striking, worthy of praise';lex=0.187;candDef=0.889;revDef=0.823;decision=BLOCKED:low reverse lexical agreement 0.187 || Helsinki-NLP/opus-mt-en-uk_surface_candidate=>'чудовий';reverse='great';lex=0.250;candDef=0.548;revDef=0.462;decision=BLOCKED:low reverse lexical agreement 0.250	BLOCKED: low reverse lexical agreement 0.187; method=Helsinki-NLP/opus-mt-en-uk_contextual_definition_candidate; exact Oxford definition='extremely attractive and impressive; deserving praise'; candidate='велична (примітка): надзвичайно приваблива і вражаюча, гідна хвали'; reverse='majestic (note): extremely attractive and striking, worthy of praise'; lexical=0.187; candidate_definition_similarity=0.889; reverse_definition_similarity=0.823; semantic=0.889.
ox5000-6c870370430f84ac75d1	make-up	noun	B2	https://www.oxfordlearnersdictionaries.com/us/definition/english/make-up_2	/us/definition/english/make-up_2	coloured substances used on the skin to make yourself look more attractive or to change your appearance	make- up (nun): кольорові речовини, які використовуються на шкірі для того, щоб зробити вас привабливішим або щоб змінити ваш вигляд	Helsinki-NLP/opus-mt-en-uk_contextual_definition_candidate	Helsinki-NLP/opus-mt-en-uk_contextual_definition_candidate=>'make- up (nun): кольорові речовини, які використовуються на шкірі для того, щоб зробити вас привабливішим або щоб змінити ваш вигляд';reverse='make-up (nun): Colored substances used on your skin to make you more attractive or to change your appearance';lex=0.000;candDef=0.791;revDef=0.890;decision=BLOCKED:Latin-language residue remains || Helsinki-NLP/opus-mt-en-uk_surface_candidate=>'make- up';reverse='make-up';lex=0.000;candDef=0.336;revDef=0.449;decision=BLOCKED:candidate is not predominantly Ukrainian	BLOCKED: Latin-language residue remains; method=Helsinki-NLP/opus-mt-en-uk_contextual_definition_candidate; exact Oxford definition='coloured substances used on the skin to make yourself look more attractive or to change your appearance'; candidate='make- up (nun): кольорові речовини, які використовуються на шкірі для того, щоб зробити вас привабливішим або щоб змінити ваш вигляд'; reverse='make-up (nun): Colored substances used on your skin to make you more attractive or to change your appearance'; lexical=0.000; candidate_definition_similarity=0.791; reverse_definition_similarity=0.890; semantic=0.000.
ox5000-79019916bd7e8a187527	mate	noun	B2	https://www.oxfordlearnersdictionaries.com/us/definition/english/mate_1	/us/definition/english/mate_1	used as a friendly way of addressing somebody, especially between men	супутник	Helsinki-NLP/opus-mt-en-uk_surface_candidate	Helsinki-NLP/opus-mt-en-uk_contextual_definition_candidate=>'car (noun): використовується як дружній спосіб звертання до когось, особливо між чоловіками.';reverse='car (noun): used as a friendly way of addressing someone, especially men.';lex=0.000;candDef=0.694;revDef=0.716;decision=BLOCKED:Latin-language residue remains || Helsinki-NLP/opus-mt-en-uk_surface_candidate=>'супутник';reverse='satellite';lex=0.462;candDef=0.090;revDef=0.072;decision=BLOCKED:candidate/reverse meaning does not align with exact Oxford definition (0.090)	BLOCKED: candidate/reverse meaning does not align with exact Oxford definition (0.090); method=Helsinki-NLP/opus-mt-en-uk_surface_candidate; exact Oxford definition='used as a friendly way of addressing somebody, especially between men'; candidate='супутник'; reverse='satellite'; lexical=0.462; candidate_definition_similarity=0.090; reverse_definition_similarity=0.072; semantic=0.090.
ox5000-803233f8756ba059a15c	mate	verb	B2	https://www.oxfordlearnersdictionaries.com/us/definition/english/mate_2	/us/definition/english/mate_2	to have sex in order to produce young	супутник ( прислів'я): мати статеві стосунки, щоб народжувати дітей.	Helsinki-NLP/opus-mt-en-uk_contextual_definition_candidate	"Helsinki-NLP/opus-mt-en-uk_contextual_definition_candidate=>""супутник ( прислів'я): мати статеві стосунки, щоб народжувати дітей."";reverse='satellite: having sex in order to have children.';lex=0.000;candDef=0.623;revDef=0.617;decision=BLOCKED:verb candidate is not an appropriate Ukrainian infinitive/verb phrase || Helsinki-NLP/opus-mt-en-uk_surface_candidate=>'супутник';reverse='satellite';lex=0.000;candDef=0.051;revDef=0.052;decision=BLOCKED:verb candidate is not an appropriate Ukrainian infinitive/verb phrase"	"BLOCKED: verb candidate is not an appropriate Ukrainian infinitive/verb phrase; method=Helsinki-NLP/opus-mt-en-uk_contextual_definition_candidate; exact Oxford definition='to have sex in order to produce young'; candidate=""супутник ( прислів'я): мати статеві стосунки, щоб народжувати дітей.""; reverse='satellite: having sex in order to have children.'; lexical=0.000; candidate_definition_similarity=0.623; reverse_definition_similarity=0.617; semantic=0.000."
ox5000-88c7868cbefd07d53bac	memorable	adjective	B2	https://www.oxfordlearnersdictionaries.com/us/definition/english/memorable	/us/definition/english/memorable	worth remembering or easy to remember, especially because of being special or unusual	незабутня (примітка): варто запам' ятати або просто запам' ятати, особливо тому, що вона особлива або незвичайна	Helsinki-NLP/opus-mt-en-uk_contextual_definition_candidate	"Helsinki-NLP/opus-mt-en-uk_contextual_definition_candidate=>""незабутня (примітка): варто запам' ятати або просто запам' ятати, особливо тому, що вона особлива або незвичайна"";reverse='unforgettable (note): It is good to remember or just remember, especially since it is special or unusual';lex=0.110;candDef=0.864;revDef=0.854;decision=BLOCKED:low reverse lexical agreement 0.110 || Helsinki-NLP/opus-mt-en-uk_surface_candidate=>""пам' ять"";reverse='memory';lex=0.000;candDef=0.553;revDef=0.410;decision=BLOCKED:adjective candidate has no plausible Ukrainian adjective morphology"	"BLOCKED: low reverse lexical agreement 0.110; method=Helsinki-NLP/opus-mt-en-uk_contextual_definition_candidate; exact Oxford definition='worth remembering or easy to remember, especially because of being special or unusual'; candidate=""незабутня (примітка): варто запам' ятати або просто запам' ятати, особливо тому, що вона особлива або незвичайна""; reverse='unforgettable (note): It is good to remember or just remember, especially since it is special or unusual'; lexical=0.110; candidate_definition_similarity=0.864; reverse_definition_similarity=0.854; semantic=0.864."
ox5000-1c1409a8020c89e8377e	modest	adjective	B2	https://www.oxfordlearnersdictionaries.com/us/definition/english/modest	/us/definition/english/modest	not very large, expensive, important, etc.	помірний (прикметник): не дуже великий, дорогий, важливий тощо.	Helsinki-NLP/opus-mt-en-uk_contextual_definition_candidate	en_wiktionary_matching_pos_uk_translation=>'скро́мний';reverse='closed';lex=0.333;candDef=0.351;revDef=0.068;decision=BLOCKED:candidate/reverse meaning does not align with exact Oxford definition (0.351) || Helsinki-NLP/opus-mt-en-uk_contextual_definition_candidate=>'помірний (прикметник): не дуже великий, дорогий, важливий тощо.';reverse='Moderate (precise): not too large, expensive, important, etc.';lex=0.200;candDef=0.830;revDef=0.739;decision=BLOCKED:low reverse lexical agreement 0.200 || Helsinki-NLP/opus-mt-en-uk_surface_candidate=>'помірний';reverse='moderate';lex=0.714;candDef=0.375;revDef=0.189;decision=BLOCKED:candidate/reverse meaning does not align with exact Oxford definition (0.375)	BLOCKED: low reverse lexical agreement 0.200; method=Helsinki-NLP/opus-mt-en-uk_contextual_definition_candidate; exact Oxford definition='not very large, expensive, important, etc.'; candidate='помірний (прикметник): не дуже великий, дорогий, важливий тощо.'; reverse='Moderate (precise): not too large, expensive, important, etc.'; lexical=0.200; candidate_definition_similarity=0.830; reverse_definition_similarity=0.739; semantic=0.830.
ox5000-625446803ce6f0d5cf1a	monument	noun	B2	https://www.oxfordlearnersdictionaries.com/us/definition/english/monument	/us/definition/english/monument	a building, column, statue, etc. built to remind people of a famous person or event	Пам' ять (нуун): будівля, колона, статуя тощо. Побудована, щоб нагадувати людям про відому особу або подію.	Helsinki-NLP/opus-mt-en-uk_contextual_definition_candidate	"en_wiktionary_matching_pos_uk_translation=>""па́м'ятник"";reverse='Paʹmont';lex=0.533;candDef=0.311;revDef=0.216;decision=BLOCKED:candidate/reverse meaning does not align with exact Oxford definition (0.311) || en_wiktionary_matching_pos_uk_translation=>'монуме́нт';reverse='Modument';lex=0.875;candDef=0.306;revDef=0.220;decision=BLOCKED:candidate/reverse meaning does not align with exact Oxford definition (0.306) || Helsinki-NLP/opus-mt-en-uk_contextual_definition_candidate=>""Пам' ять (нуун): будівля, колона, статуя тощо. Побудована, щоб нагадувати людям про відому особу або подію."";reverse='Memory (nuun): Building, column, statue, etc. Built to remind people of a known person or event.';lex=0.167;candDef=0.878;revDef=0.708;decision=BLOCKED:low reverse lexical agreement 0.167 || Helsinki-NLP/opus-mt-en-uk_surface_candidate=>""пам' ять"";reverse='memory';lex=0.286;candDef=0.351;revDef=0.164;decision=BLOCKED:candidate/reverse meaning does not align with exact Oxford definition (0.351)"	"BLOCKED: low reverse lexical agreement 0.167; method=Helsinki-NLP/opus-mt-en-uk_contextual_definition_candidate; exact Oxford definition='a building, column, statue, etc. built to remind people of a famous person or event'; candidate=""Пам' ять (нуун): будівля, колона, статуя тощо. Побудована, щоб нагадувати людям про відому особу або подію.""; reverse='Memory (nuun): Building, column, statue, etc. Built to remind people of a known person or event.'; lexical=0.167; candidate_definition_similarity=0.878; reverse_definition_similarity=0.708; semantic=0.878."
ox5000-88734672e90f2e89d10b	moreover	adverb	B2	https://www.oxfordlearnersdictionaries.com/us/definition/english/moreover	/us/definition/english/moreover	used to introduce some new information that adds to or supports what you have said previously	більше ( прислівник): використовується для представлення нової інформації, яка додає або підтримує те, що ви сказали раніше	Helsinki-NLP/opus-mt-en-uk_contextual_definition_candidate	en_wiktionary_matching_pos_uk_translation=>'до то́го ж';reverse='to thho';lex=0.267;candDef=0.225;revDef=0.185;decision=BLOCKED:low reverse lexical agreement 0.267 || Helsinki-NLP/opus-mt-en-uk_contextual_definition_candidate=>'більше ( прислівник): використовується для представлення нової інформації, яка додає або підтримує те, що ви сказали раніше';reverse='greater (adverb): used to present new information that adds or supports what you said earlier';lex=0.102;candDef=0.810;revDef=0.654;decision=BLOCKED:low reverse lexical agreement 0.102 || Helsinki-NLP/opus-mt-en-uk_surface_candidate=>'більше';reverse='greater';lex=0.533;candDef=0.302;revDef=0.105;decision=BLOCKED:candidate/reverse meaning does not align with exact Oxford definition (0.302)	BLOCKED: low reverse lexical agreement 0.102; method=Helsinki-NLP/opus-mt-en-uk_contextual_definition_candidate; exact Oxford definition='used to introduce some new information that adds to or supports what you have said previously'; candidate='більше ( прислівник): використовується для представлення нової інформації, яка додає або підтримує те, що ви сказали раніше'; reverse='greater (adverb): used to present new information that adds or supports what you said earlier'; lexical=0.102; candidate_definition_similarity=0.810; reverse_definition_similarity=0.654; semantic=0.810.
ox5000-2f6f191c073dce6857c8	openly	adverb	B2	https://www.oxfordlearnersdictionaries.com/us/definition/english/openly	/us/definition/english/openly	without hiding any feelings, opinions or information	відкрито (клацання): без приховування почуттів, опіній або інформації	Helsinki-NLP/opus-mt-en-uk_contextual_definition_candidate	en_wiktionary_matching_pos_uk_translation=>'відкри́то';reverse='open';lex=1.000;candDef=0.246;revDef=0.154;decision=BLOCKED:candidate/reverse meaning does not align with exact Oxford definition (0.246) || en_wiktionary_matching_pos_uk_translation=>'відве́рто';reverse='answered';lex=0.143;candDef=0.340;revDef=0.216;decision=BLOCKED:low reverse lexical agreement 0.143 || Helsinki-NLP/opus-mt-en-uk_contextual_definition_candidate=>'відкрито (клацання): без приховування почуттів, опіній або інформації';reverse='open (click) without hiding feelings, opinion or information';lex=0.159;candDef=0.636;revDef=0.499;decision=BLOCKED:low reverse lexical agreement 0.159 || Helsinki-NLP/opus-mt-en-uk_surface_candidate=>'відкрито';reverse='open';lex=1.000;candDef=0.378;revDef=0.154;decision=BLOCKED:candidate/reverse meaning does not align with exact Oxford definition (0.378)	BLOCKED: low reverse lexical agreement 0.159; method=Helsinki-NLP/opus-mt-en-uk_contextual_definition_candidate; exact Oxford definition='without hiding any feelings, opinions or information'; candidate='відкрито (клацання): без приховування почуттів, опіній або інформації'; reverse='open (click) without hiding feelings, opinion or information'; lexical=0.159; candidate_definition_similarity=0.636; reverse_definition_similarity=0.499; semantic=0.636.
ox5000-14a1cc720a6156b2bef8	overseas	adverb	B2	https://www.oxfordlearnersdictionaries.com/us/definition/english/overseas_2	/us/definition/english/overseas_2	to or in a foreign country, especially those separated from your country by the sea or ocean	За кордоном (приголос): до або за кордоном, особливо ті, що відділяються від вашої країни морем або океаном.	Helsinki-NLP/opus-mt-en-uk_contextual_definition_candidate	Helsinki-NLP/opus-mt-en-uk_contextual_definition_candidate=>'За кордоном (приголос): до або за кордоном, особливо ті, що відділяються від вашої країни морем або океаном.';reverse='Foreign (sland): to or abroad, especially those who separate themselves from your country by sea or ocean.';lex=0.128;candDef=0.878;revDef=0.839;decision=BLOCKED:low reverse lexical agreement 0.128 || Helsinki-NLP/opus-mt-en-uk_surface_candidate=>'За кордоном';reverse='In a Foreign Field';lex=0.231;candDef=0.568;revDef=0.502;decision=BLOCKED:low reverse lexical agreement 0.231	BLOCKED: low reverse lexical agreement 0.128; method=Helsinki-NLP/opus-mt-en-uk_contextual_definition_candidate; exact Oxford definition='to or in a foreign country, especially those separated from your country by the sea or ocean'; candidate='За кордоном (приголос): до або за кордоном, особливо ті, що відділяються від вашої країни морем або океаном.'; reverse='Foreign (sland): to or abroad, especially those who separate themselves from your country by sea or ocean.'; lexical=0.128; candidate_definition_similarity=0.878; reverse_definition_similarity=0.839; semantic=0.878.
ox5000-9a43f8a85ef922837b3c	patch	noun	C1	https://www.oxfordlearnersdictionaries.com/us/definition/english/patch_1	/us/definition/english/patch_1	a small area of something, especially one which is different from the area around it	латка	Helsinki-NLP/opus-mt-en-uk_surface_candidate	en_wiktionary_matching_pos_uk_translation=>'ла́тка';reverse='varnish';lex=0.333;candDef=0.336;revDef=0.250;decision=BLOCKED:candidate/reverse meaning does not align with exact Oxford definition (0.336) || en_wiktionary_matching_pos_uk_translation=>'ла́та';reverse='laʹta';lex=0.400;candDef=0.310;revDef=0.273;decision=BLOCKED:candidate/reverse meaning does not align with exact Oxford definition (0.310) || en_wiktionary_matching_pos_uk_translation=>'патч';reverse='patch';lex=1.000;candDef=0.214;revDef=0.145;decision=BLOCKED:candidate/reverse meaning does not align with exact Oxford definition (0.214) || Helsinki-NLP/opus-mt-en-uk_contextual_definition_candidate=>'patch (nun): невеличка ділянка чогось, особливо ділянка, яка відрізняється від ділянки навколо нього';reverse='patch (nun): a small area of something, especially a region that is different from the area around it';lex=0.000;candDef=0.675;revDef=0.664;decision=BLOCKED:Latin-language residue remains || Helsinki-NLP/opus-mt-en-uk_surface_candidate=>'латка';reverse='patch';lex=1.000;candDef=0.363;revDef=0.145;decision=BLOCKED:candidate/reverse meaning does not align with exact Oxford definition (0.363)	BLOCKED: candidate/reverse meaning does not align with exact Oxford definition (0.363); method=Helsinki-NLP/opus-mt-en-uk_surface_candidate; exact Oxford definition='a small area of something, especially one which is different from the area around it'; candidate='латка'; reverse='patch'; lexical=1.000; candidate_definition_similarity=0.363; reverse_definition_similarity=0.145; semantic=0.363.
ox5000-33ef55c0137f6d5d734c	patrol	verb	C1	https://www.oxfordlearnersdictionaries.com/us/definition/english/patrol_2	/us/definition/english/patrol_2	to go around an area or a building at regular times to check that it is safe and that there is no trouble	патрулювання (версії): регулярно обходити якусь ділянку або будинок, щоб перевірити, чи вона безпечна і що немає проблем	Helsinki-NLP/opus-mt-en-uk_contextual_definition_candidate	Helsinki-NLP/opus-mt-en-uk_contextual_definition_candidate=>'патрулювання (версії): регулярно обходити якусь ділянку або будинок, щоб перевірити, чи вона безпечна і що немає проблем';reverse='Patrolment: regularly stroll around a property or building to check whether it is safe or not and that there is no problem';lex=0.000;candDef=0.768;revDef=0.748;decision=BLOCKED:verb candidate is not an appropriate Ukrainian infinitive/verb phrase || Helsinki-NLP/opus-mt-en-uk_surface_candidate=>'патруль';reverse='Patrol';lex=0.000;candDef=0.261;revDef=0.275;decision=BLOCKED:verb candidate is not an appropriate Ukrainian infinitive/verb phrase	BLOCKED: verb candidate is not an appropriate Ukrainian infinitive/verb phrase; method=Helsinki-NLP/opus-mt-en-uk_contextual_definition_candidate; exact Oxford definition='to go around an area or a building at regular times to check that it is safe and that there is no trouble'; candidate='патрулювання (версії): регулярно обходити якусь ділянку або будинок, щоб перевірити, чи вона безпечна і що немає проблем'; reverse='Patrolment: regularly stroll around a property or building to check whether it is safe or not and that there is no problem'; lexical=0.000; candidate_definition_similarity=0.768; reverse_definition_similarity=0.748; semantic=0.000.
ox5000-5bf6bb98b0aa6e88e25d	pause	noun	B2	https://www.oxfordlearnersdictionaries.com/us/definition/english/pause_2	/us/definition/english/pause_2	a period of time during which somebody stops talking or stops what they are doing	зупинка (нуун): проміжок часу, протягом якого хтось припиняє говорити або зупиняти те, що робить	Helsinki-NLP/opus-mt-en-uk_contextual_definition_candidate	en_wiktionary_matching_pos_uk_translation=>'па́уза';reverse='pa·usaʹ';lex=0.727;candDef=0.271;revDef=0.162;decision=BLOCKED:candidate/reverse meaning does not align with exact Oxford definition (0.271) || en_wiktionary_matching_pos_uk_translation=>'па́вза';reverse='pavesa';lex=0.545;candDef=0.276;revDef=0.204;decision=BLOCKED:candidate/reverse meaning does not align with exact Oxford definition (0.276) || en_wiktionary_matching_pos_uk_translation=>'пере́рва';reverse='break';lex=0.200;candDef=0.489;revDef=0.350;decision=BLOCKED:low reverse lexical agreement 0.200 || Helsinki-NLP/opus-mt-en-uk_contextual_definition_candidate=>'зупинка (нуун): проміжок часу, протягом якого хтось припиняє говорити або зупиняти те, що робить';reverse='Stop (nuun): The amount of time one stops talking or stopping what one is doing';lex=0.123;candDef=0.913;revDef=0.857;decision=BLOCKED:low reverse lexical agreement 0.123 || Helsinki-NLP/opus-mt-en-uk_surface_candidate=>'пауза';reverse='rest';lex=0.222;candDef=0.532;revDef=0.311;decision=BLOCKED:low reverse lexical agreement 0.222	BLOCKED: low reverse lexical agreement 0.123; method=Helsinki-NLP/opus-mt-en-uk_contextual_definition_candidate; exact Oxford definition='a period of time during which somebody stops talking or stops what they are doing'; candidate='зупинка (нуун): проміжок часу, протягом якого хтось припиняє говорити або зупиняти те, що робить'; reverse='Stop (nuun): The amount of time one stops talking or stopping what one is doing'; lexical=0.123; candidate_definition_similarity=0.913; reverse_definition_similarity=0.857; semantic=0.913.
ox5000-b65a62db9abd8eef3cff	pause	verb	B2	https://www.oxfordlearnersdictionaries.com/us/definition/english/pause_1	/us/definition/english/pause_1	to stop talking or doing something for a short time before continuing	зупинка (клацання): припинити говорити або робити щось на короткий час, перш ніж продовжувати	Helsinki-NLP/opus-mt-en-uk_contextual_definition_candidate	Helsinki-NLP/opus-mt-en-uk_contextual_definition_candidate=>'зупинка (клацання): припинити говорити або робити щось на короткий час, перш ніж продовжувати';reverse='Stop (click): stop talking or do something for a short time before continuing';lex=0.000;candDef=0.892;revDef=0.853;decision=BLOCKED:verb candidate is not an appropriate Ukrainian infinitive/verb phrase || Helsinki-NLP/opus-mt-en-uk_surface_candidate=>'пауза';reverse='rest';lex=0.000;candDef=0.584;revDef=0.368;decision=BLOCKED:verb candidate is not an appropriate Ukrainian infinitive/verb phrase	BLOCKED: verb candidate is not an appropriate Ukrainian infinitive/verb phrase; method=Helsinki-NLP/opus-mt-en-uk_contextual_definition_candidate; exact Oxford definition='to stop talking or doing something for a short time before continuing'; candidate='зупинка (клацання): припинити говорити або робити щось на короткий час, перш ніж продовжувати'; reverse='Stop (click): stop talking or do something for a short time before continuing'; lexical=0.000; candidate_definition_similarity=0.892; reverse_definition_similarity=0.853; semantic=0.000.
ox5000-9a85f61c8b8cc997a0b0	peak	noun	C1	https://www.oxfordlearnersdictionaries.com/us/definition/english/peak_1	/us/definition/english/peak_1	the point when somebody/something is best, most successful, strongest, etc.	вершина (нуун): точка, коли хтось або щось є найкращим, найбільш успішним, найсильнішим тощо.	Helsinki-NLP/opus-mt-en-uk_contextual_definition_candidate	Helsinki-NLP/opus-mt-en-uk_contextual_definition_candidate=>'вершина (нуун): точка, коли хтось або щось є найкращим, найбільш успішним, найсильнішим тощо.';reverse='top (nuun): The point where someone or something is the best, the most successful, the strongest, etc.';lex=0.040;candDef=0.796;revDef=0.755;decision=BLOCKED:low reverse lexical agreement 0.040 || Helsinki-NLP/opus-mt-en-uk_surface_candidate=>'пік';reverse='spikes';lex=0.400;candDef=0.324;revDef=0.207;decision=BLOCKED:candidate/reverse meaning does not align with exact Oxford definition (0.324)	BLOCKED: low reverse lexical agreement 0.040; method=Helsinki-NLP/opus-mt-en-uk_contextual_definition_candidate; exact Oxford definition='the point when somebody/something is best, most successful, strongest, etc.'; candidate='вершина (нуун): точка, коли хтось або щось є найкращим, найбільш успішним, найсильнішим тощо.'; reverse='top (nuun): The point where someone or something is the best, the most successful, the strongest, etc.'; lexical=0.040; candidate_definition_similarity=0.796; reverse_definition_similarity=0.755; semantic=0.796.
ox5000-8a40036adfd1df61e55e	peasant	noun	C1	https://www.oxfordlearnersdictionaries.com/us/definition/english/peasant	/us/definition/english/peasant	(especially in the past, or in poorer countries) a farmer who owns or rents a small piece of land	Селянин (ніун): (особливо в минулому, або в бідніших країнах) хлібороб, який володіє або бере напрокат малу ділянку землі	Helsinki-NLP/opus-mt-en-uk_contextual_definition_candidate	en_wiktionary_matching_pos_uk_translation=>'селя́нин';reverse='Selʹnein';lex=0.267;candDef=0.195;revDef=0.039;decision=BLOCKED:low reverse lexical agreement 0.267 || en_wiktionary_matching_pos_uk_translation=>'селя́нка';reverse='se·leʹka';lex=0.267;candDef=0.225;revDef=0.020;decision=BLOCKED:low reverse lexical agreement 0.267 || en_wiktionary_matching_pos_uk_translation=>'селю́к';reverse='seʹk';lex=0.182;candDef=0.162;revDef=0.042;decision=BLOCKED:low reverse lexical agreement 0.182 || Helsinki-NLP/opus-mt-en-uk_contextual_definition_candidate=>'Селянин (ніун): (особливо в минулому, або в бідніших країнах) хлібороб, який володіє або бере напрокат малу ділянку землі';reverse='Villager: (especially in the past, or in poorer countries) a farmer who owns or rents a small plot of land';lex=0.110;candDef=0.769;revDef=0.882;decision=BLOCKED:low reverse lexical agreement 0.110 || Helsinki-NLP/opus-mt-en-uk_surface_candidate=>'Селянин';reverse='Villager';lex=0.133;candDef=0.460;revDef=0.497;decision=BLOCKED:low reverse lexical agreement 0.133	BLOCKED: low reverse lexical agreement 0.110; method=Helsinki-NLP/opus-mt-en-uk_contextual_definition_candidate; exact Oxford definition='(especially in the past, or in poorer countries) a farmer who owns or rents a small piece of land'; candidate='Селянин (ніун): (особливо в минулому, або в бідніших країнах) хлібороб, який володіє або бере напрокат малу ділянку землі'; reverse='Villager: (especially in the past, or in poorer countries) a farmer who owns or rents a small plot of land'; lexical=0.110; candidate_definition_similarity=0.769; reverse_definition_similarity=0.882; semantic=0.882.
ox5000-3532569e450a869942b8	permanently	adverb	B2	https://www.oxfordlearnersdictionaries.com/us/definition/english/permanently	/us/definition/english/permanently	in a way that lasts for a long time or for all time in the future; in a way that exists all the time	назавжди (кнопник): таким чином, що триває довгий час або весь час у майбутньому; таким чином, що існує весь час	Helsinki-NLP/opus-mt-en-uk_contextual_definition_candidate	Helsinki-NLP/opus-mt-en-uk_contextual_definition_candidate=>'назавжди (кнопник): таким чином, що триває довгий час або весь час у майбутньому; таким чином, що існує весь час';reverse='forever (button): in such a way that it takes a long time or all the time in the future; in such a way that there is all the time';lex=0.132;candDef=0.876;revDef=0.774;decision=BLOCKED:low reverse lexical agreement 0.132 || Helsinki-NLP/opus-mt-en-uk_surface_candidate=>'назавжди';reverse='Forever';lex=0.222;candDef=0.653;revDef=0.613;decision=BLOCKED:low reverse lexical agreement 0.222	BLOCKED: low reverse lexical agreement 0.132; method=Helsinki-NLP/opus-mt-en-uk_contextual_definition_candidate; exact Oxford definition='in a way that lasts for a long time or for all time in the future; in a way that exists all the time'; candidate='назавжди (кнопник): таким чином, що триває довгий час або весь час у майбутньому; таким чином, що існує весь час'; reverse='forever (button): in such a way that it takes a long time or all the time in the future; in such a way that there is all the time'; lexical=0.132; candidate_definition_similarity=0.876; reverse_definition_similarity=0.774; semantic=0.876.
ox5000-9f15b17f09337ac45081	persist	verb	C1	https://www.oxfordlearnersdictionaries.com/us/definition/english/persist	/us/definition/english/persist	to continue to do something despite difficulties or opposition, in a way that can seem unreasonable	наполегливе (версія): і далі робити щось, незважаючи на труднощі чи протидію, що може здаватися необґрунтованим.	Helsinki-NLP/opus-mt-en-uk_contextual_definition_candidate	Helsinki-NLP/opus-mt-en-uk_contextual_definition_candidate=>'наполегливе (версія): і далі робити щось, незважаючи на труднощі чи протидію, що може здаватися необґрунтованим.';reverse='Persevere: Keep on doing something regardless of the challenges or opposition that may seem unreasonable.';lex=0.000;candDef=0.845;revDef=0.777;decision=BLOCKED:verb candidate is not an appropriate Ukrainian infinitive/verb phrase || Helsinki-NLP/opus-mt-en-uk_surface_candidate=>'стійкий';reverse='stable';lex=0.000;candDef=0.348;revDef=0.203;decision=BLOCKED:verb candidate is not an appropriate Ukrainian infinitive/verb phrase	BLOCKED: verb candidate is not an appropriate Ukrainian infinitive/verb phrase; method=Helsinki-NLP/opus-mt-en-uk_contextual_definition_candidate; exact Oxford definition='to continue to do something despite difficulties or opposition, in a way that can seem unreasonable'; candidate='наполегливе (версія): і далі робити щось, незважаючи на труднощі чи протидію, що може здаватися необґрунтованим.'; reverse='Persevere: Keep on doing something regardless of the challenges or opposition that may seem unreasonable.'; lexical=0.000; candidate_definition_similarity=0.845; reverse_definition_similarity=0.777; semantic=0.000.
ox5000-a7b952c88c032e59859f	persistent	adjective	C1	https://www.oxfordlearnersdictionaries.com/us/definition/english/persistent	/us/definition/english/persistent	determined to do something despite difficulties, especially when other people are against you and think that you are being annoying or unreasonable	наполеглива (примітка): сповнена рішучості щось робити, незважаючи на труднощі, особливо коли інші люди противляться вам і думають, що ви дратуєте або нерозсудливі.	Helsinki-NLP/opus-mt-en-uk_contextual_definition_candidate	en_wiktionary_matching_pos_uk_translation=>'настійний';reverse='Perseverance';lex=0.545;candDef=0.102;revDef=0.351;decision=BLOCKED:candidate/reverse meaning does not align with exact Oxford definition (0.351) || en_wiktionary_matching_pos_uk_translation=>'насті́йливий';reverse='Stingy';lex=0.375;candDef=0.114;revDef=0.100;decision=BLOCKED:candidate/reverse meaning does not align with exact Oxford definition (0.114) || Helsinki-NLP/opus-mt-en-uk_contextual_definition_candidate=>'наполеглива (примітка): сповнена рішучості щось робити, незважаючи на труднощі, особливо коли інші люди противляться вам і думають, що ви дратуєте або нерозсудливі.';reverse='Perseverance: Determined to do something despite difficulties, especially when others oppose you and think you are annoying or unreasonable.';lex=0.109;candDef=0.858;revDef=0.728;decision=BLOCKED:low reverse lexical agreement 0.109 || Helsinki-NLP/opus-mt-en-uk_surface_candidate=>'незмінний';reverse='constant';lex=0.444;candDef=0.141;revDef=-0.022;decision=BLOCKED:candidate/reverse meaning does not align with exact Oxford definition (0.141)	BLOCKED: low reverse lexical agreement 0.109; method=Helsinki-NLP/opus-mt-en-uk_contextual_definition_candidate; exact Oxford definition='determined to do something despite difficulties, especially when other people are against you and think that you are being annoying or unreasonable'; candidate='наполеглива (примітка): сповнена рішучості щось робити, незважаючи на труднощі, особливо коли інші люди противляться вам і думають, що ви дратуєте або нерозсудливі.'; reverse='Perseverance: Determined to do something despite difficulties, especially when others oppose you and think you are annoying or unreasonable.'; lexical=0.109; candidate_definition_similarity=0.858; reverse_definition_similarity=0.728; semantic=0.858.
ox5000-7f50e5d4ea8b939bb645	physician	noun	C1	https://www.oxfordlearnersdictionaries.com/us/definition/english/physician	/us/definition/english/physician	a doctor, especially one who is a specialist in general medicine and not surgery	Лікар (ноун): лікар, а головно спеціаліст у загальній медицині, без хірургічного втручання.	Helsinki-NLP/opus-mt-en-uk_contextual_definition_candidate	en_wiktionary_matching_pos_uk_translation=>'лі́кар';reverse='liʹkar';lex=0.267;candDef=0.545;revDef=0.132;decision=BLOCKED:low reverse lexical agreement 0.267 || en_wiktionary_matching_pos_uk_translation=>'до́ктор';reverse='dotor';lex=0.000;candDef=0.633;revDef=0.609;decision=BLOCKED:low reverse lexical agreement 0.000 || en_wiktionary_matching_pos_uk_translation=>'ме́дик';reverse='Meʹkay';lex=0.133;candDef=0.250;revDef=0.139;decision=BLOCKED:low reverse lexical agreement 0.133 || en_wiktionary_matching_pos_uk_translation=>'лі́карка';reverse='lycarka';lex=0.375;candDef=0.265;revDef=0.191;decision=BLOCKED:candidate/reverse meaning does not align with exact Oxford definition (0.265) || Helsinki-NLP/opus-mt-en-uk_contextual_definition_candidate=>'Лікар (ноун): лікар, а головно спеціаліст у загальній медицині, без хірургічного втручання.';reverse='Doctor: A doctor, and especially a specialist in general medicine, without surgery.';lex=0.159;candDef=0.932;revDef=0.919;decision=BLOCKED:low reverse lexical agreement 0.159 || Helsinki-NLP/opus-mt-en-uk_surface_candidate=>'терапевт';reverse='Therapist';lex=0.222;candDef=0.483;revDef=0.423;decision=BLOCKED:low reverse lexical agreement 0.222	BLOCKED: low reverse lexical agreement 0.159; method=Helsinki-NLP/opus-mt-en-uk_contextual_definition_candidate; exact Oxford definition='a doctor, especially one who is a specialist in general medicine and not surgery'; candidate='Лікар (ноун): лікар, а головно спеціаліст у загальній медицині, без хірургічного втручання.'; reverse='Doctor: A doctor, and especially a specialist in general medicine, without surgery.'; lexical=0.159; candidate_definition_similarity=0.932; reverse_definition_similarity=0.919; semantic=0.932.
ox5000-d150b012b581766179eb	pity	noun	B2	https://www.oxfordlearnersdictionaries.com/us/definition/english/pity_1	/us/definition/english/pity_1	used to show that you are disappointed about something	жалість (ноун): зазвичай виявляється, що ви розчаровані чимось.	Helsinki-NLP/opus-mt-en-uk_contextual_definition_candidate	"en_wiktionary_matching_pos_uk_translation=>'жаль';reverse='Sorry.';lex=0.222;candDef=0.494;revDef=0.376;decision=BLOCKED:low reverse lexical agreement 0.222 || en_wiktionary_matching_pos_uk_translation=>'жа́лість';reverse='voltiness';lex=0.154;candDef=0.439;revDef=0.095;decision=BLOCKED:low reverse lexical agreement 0.154 || Helsinki-NLP/opus-mt-en-uk_contextual_definition_candidate=>'жалість (ноун): зазвичай виявляється, що ви розчаровані чимось.';reverse=""Sorry, it's usually that you're disappointed with something."";lex=0.097;candDef=0.803;revDef=0.794;decision=BLOCKED:low reverse lexical agreement 0.097"	"BLOCKED: low reverse lexical agreement 0.097; method=Helsinki-NLP/opus-mt-en-uk_contextual_definition_candidate; exact Oxford definition='used to show that you are disappointed about something'; candidate='жалість (ноун): зазвичай виявляється, що ви розчаровані чимось.'; reverse=""Sorry, it's usually that you're disappointed with something.""; lexical=0.097; candidate_definition_similarity=0.803; reverse_definition_similarity=0.794; semantic=0.803."
ox5000-160c8d7d475bdeee5fa4	plea	noun	C1	https://www.oxfordlearnersdictionaries.com/us/definition/english/plea	/us/definition/english/plea	a serious emotional request, especially for something needing action now	просьба (ноун): серйозна хвилююча просьба, а особливо про те, що потрібно зробити зараз	Helsinki-NLP/opus-mt-en-uk_contextual_definition_candidate	Helsinki-NLP/opus-mt-en-uk_contextual_definition_candidate=>'просьба (ноун): серйозна хвилююча просьба, а особливо про те, що потрібно зробити зараз';reverse='Request: a serious emotional request, and especially what needs to be done now';lex=0.075;candDef=0.726;revDef=0.942;decision=BLOCKED:low reverse lexical agreement 0.075 || Helsinki-NLP/opus-mt-en-uk_surface_candidate=>'spection';reverse='special';lex=0.000;candDef=0.048;revDef=0.261;decision=BLOCKED:candidate is not predominantly Ukrainian	BLOCKED: low reverse lexical agreement 0.075; method=Helsinki-NLP/opus-mt-en-uk_contextual_definition_candidate; exact Oxford definition='a serious emotional request, especially for something needing action now'; candidate='просьба (ноун): серйозна хвилююча просьба, а особливо про те, що потрібно зробити зараз'; reverse='Request: a serious emotional request, and especially what needs to be done now'; lexical=0.075; candidate_definition_similarity=0.726; reverse_definition_similarity=0.942; semantic=0.942.
ox5000-da6c1e1198461773e1dc	plead	verb	C1	https://www.oxfordlearnersdictionaries.com/us/definition/english/plead	/us/definition/english/plead	to ask somebody for something in a very strong and serious way	valid (verb): попросити когось про щось дуже сильним і серйозним чином	Helsinki-NLP/opus-mt-en-uk_contextual_definition_candidate	Helsinki-NLP/opus-mt-en-uk_contextual_definition_candidate=>'valid (verb): попросити когось про щось дуже сильним і серйозним чином';reverse='valid (verb): ask someone for something very strong and serious';lex=0.000;candDef=0.744;revDef=0.724;decision=BLOCKED:Latin-language residue remains || Helsinki-NLP/opus-mt-en-uk_surface_candidate=>'support';reverse='support';lex=0.000;candDef=0.188;revDef=0.188;decision=BLOCKED:English/source-language residue or model artifact	BLOCKED: Latin-language residue remains; method=Helsinki-NLP/opus-mt-en-uk_contextual_definition_candidate; exact Oxford definition='to ask somebody for something in a very strong and serious way'; candidate='valid (verb): попросити когось про щось дуже сильним і серйозним чином'; reverse='valid (verb): ask someone for something very strong and serious'; lexical=0.000; candidate_definition_similarity=0.744; reverse_definition_similarity=0.724; semantic=0.000.
ox5000-f7ec77c63ef59898cba2	pledge	verb	C1	https://www.oxfordlearnersdictionaries.com/us/definition/english/pledge_1	/us/definition/english/pledge_1	to formally promise to give or do something	символ (версія): формально пообіцяти щось дати або зробити	Helsinki-NLP/opus-mt-en-uk_contextual_definition_candidate	Helsinki-NLP/opus-mt-en-uk_contextual_definition_candidate=>'символ (версія): формально пообіцяти щось дати або зробити';reverse='character (version): formally promise a date or do';lex=0.000;candDef=0.768;revDef=0.506;decision=BLOCKED:verb candidate is not an appropriate Ukrainian infinitive/verb phrase || Helsinki-NLP/opus-mt-en-uk_surface_candidate=>'project';reverse='project';lex=0.000;candDef=0.271;revDef=0.271;decision=BLOCKED:candidate is not predominantly Ukrainian	BLOCKED: verb candidate is not an appropriate Ukrainian infinitive/verb phrase; method=Helsinki-NLP/opus-mt-en-uk_contextual_definition_candidate; exact Oxford definition='to formally promise to give or do something'; candidate='символ (версія): формально пообіцяти щось дати або зробити'; reverse='character (version): formally promise a date or do'; lexical=0.000; candidate_definition_similarity=0.768; reverse_definition_similarity=0.506; semantic=0.000.
ox5000-f363b0d81ea651cb2c6a	plug	noun	C1	https://www.oxfordlearnersdictionaries.com/us/definition/english/plug_2	/us/definition/english/plug_2	a small plastic object with two or three metal pins that connects a piece of electrical equipment to the main supply of electricity	Латка (нуун): маленький пластиковий об'єкт з двома або трьома металевими шпильками, що з'єднує шматок електричного обладнання з основним постачанням електроенергії.	Helsinki-NLP/opus-mt-en-uk_contextual_definition_candidate	"en_wiktionary_matching_pos_uk_translation=>'ште́псель';reverse='schtepsel';lex=0.308;candDef=0.181;revDef=0.190;decision=BLOCKED:candidate/reverse meaning does not align with exact Oxford definition (0.190) || en_wiktionary_matching_pos_uk_translation=>'ште́кер';reverse='stecker';lex=0.000;candDef=0.156;revDef=0.238;decision=BLOCKED:low reverse lexical agreement 0.000 || en_wiktionary_matching_pos_uk_translation=>'ви́лка';reverse='fork';lex=0.000;candDef=0.146;revDef=0.060;decision=BLOCKED:low reverse lexical agreement 0.000 || Helsinki-NLP/opus-mt-en-uk_contextual_definition_candidate=>""Латка (нуун): маленький пластиковий об'єкт з двома або трьома металевими шпильками, що з'єднує шматок електричного обладнання з основним постачанням електроенергії."";reverse='Patch (nuun): A small plastic object with two or three metal pins connecting a piece of electrical equipment to a basic power supply.';lex=0.045;candDef=0.817;revDef=0.728;decision=BLOCKED:low reverse lexical agreement 0.045 || Helsinki-NLP/opus-mt-en-uk_surface_candidate=>'Додаток';reverse='Plugin';lex=1.000;candDef=0.267;revDef=0.185;decision=BLOCKED:candidate/reverse meaning does not align with exact Oxford definition (0.267)"	"BLOCKED: low reverse lexical agreement 0.045; method=Helsinki-NLP/opus-mt-en-uk_contextual_definition_candidate; exact Oxford definition='a small plastic object with two or three metal pins that connects a piece of electrical equipment to the main supply of electricity'; candidate=""Латка (нуун): маленький пластиковий об'єкт з двома або трьома металевими шпильками, що з'єднує шматок електричного обладнання з основним постачанням електроенергії.""; reverse='Patch (nuun): A small plastic object with two or three metal pins connecting a piece of electrical equipment to a basic power supply.'; lexical=0.045; candidate_definition_similarity=0.817; reverse_definition_similarity=0.728; semantic=0.817."
ox5000-30f8b5e2f3659b82af9e	plug	verb	C1	https://www.oxfordlearnersdictionaries.com/us/definition/english/plug_1	/us/definition/english/plug_1	to fill a hole with a substance or piece of material that fits tightly into it	plug (версія): щоб заповнити дірку речовиною або шматком матеріалу, який в неї вкладається	Helsinki-NLP/opus-mt-en-uk_contextual_definition_candidate	Helsinki-NLP/opus-mt-en-uk_contextual_definition_candidate=>'plug (версія): щоб заповнити дірку речовиною або шматком матеріалу, який в неї вкладається';reverse='plug: to fill the hole with the substance or piece of material it fits';lex=0.000;candDef=0.637;revDef=0.853;decision=BLOCKED:Latin-language residue remains || Helsinki-NLP/opus-mt-en-uk_surface_candidate=>'Додаток';reverse='Plugin';lex=0.000;candDef=0.271;revDef=0.196;decision=BLOCKED:verb candidate is not an appropriate Ukrainian infinitive/verb phrase	BLOCKED: Latin-language residue remains; method=Helsinki-NLP/opus-mt-en-uk_contextual_definition_candidate; exact Oxford definition='to fill a hole with a substance or piece of material that fits tightly into it'; candidate='plug (версія): щоб заповнити дірку речовиною або шматком матеріалу, який в неї вкладається'; reverse='plug: to fill the hole with the substance or piece of material it fits'; lexical=0.000; candidate_definition_similarity=0.637; reverse_definition_similarity=0.853; semantic=0.000.
ox5000-a2a56181aff99fea04b0	plunge	verb	C1	https://www.oxfordlearnersdictionaries.com/us/definition/english/plunge_1	/us/definition/english/plunge_1	to move or make somebody/something move suddenly forwards and/or downwards	float (verboard): щоб пересунути або зробити якийсь рух раптово вперед і/або вниз	Helsinki-NLP/opus-mt-en-uk_contextual_definition_candidate	Helsinki-NLP/opus-mt-en-uk_contextual_definition_candidate=>'float (verboard): щоб пересунути або зробити якийсь рух раптово вперед і/або вниз';reverse='float (verbboard): to move or make some move suddenly forward and/or down';lex=0.000;candDef=0.638;revDef=0.679;decision=BLOCKED:English/source-language residue or model artifact || Helsinki-NLP/opus-mt-en-uk_surface_candidate=>'fall';reverse='fall';lex=0.000;candDef=0.353;revDef=0.353;decision=BLOCKED:English/source-language residue or model artifact	BLOCKED: English/source-language residue or model artifact; method=Helsinki-NLP/opus-mt-en-uk_contextual_definition_candidate; exact Oxford definition='to move or make somebody/something move suddenly forwards and/or downwards'; candidate='float (verboard): щоб пересунути або зробити якийсь рух раптово вперед і/або вниз'; reverse='float (verbboard): to move or make some move suddenly forward and/or down'; lexical=0.000; candidate_definition_similarity=0.638; reverse_definition_similarity=0.679; semantic=0.000.
ox5000-a56bffc14b7623ca92d5	pop	verb	C1	https://www.oxfordlearnersdictionaries.com/us/definition/english/pop_3	/us/definition/english/pop_3	to make a short explosive sound; to cause something to make this sound	fop (verboard): щоб зробити короткий вибуховий звук; щоб щось робило цей звук	Helsinki-NLP/opus-mt-en-uk_contextual_definition_candidate	Helsinki-NLP/opus-mt-en-uk_contextual_definition_candidate=>'fop (verboard): щоб зробити короткий вибуховий звук; щоб щось робило цей звук';reverse='top (verbboard): to make a short explosive sound; for something to do this sound';lex=0.000;candDef=0.755;revDef=0.724;decision=BLOCKED:Latin-language residue remains || Helsinki-NLP/opus-mt-en-uk_surface_candidate=>'pop';reverse='pop';lex=0.000;candDef=0.234;revDef=0.234;decision=BLOCKED:candidate is not predominantly Ukrainian	BLOCKED: Latin-language residue remains; method=Helsinki-NLP/opus-mt-en-uk_contextual_definition_candidate; exact Oxford definition='to make a short explosive sound; to cause something to make this sound'; candidate='fop (verboard): щоб зробити короткий вибуховий звук; щоб щось робило цей звук'; reverse='top (verbboard): to make a short explosive sound; for something to do this sound'; lexical=0.000; candidate_definition_similarity=0.755; reverse_definition_similarity=0.724; semantic=0.000.
ox5000-56711d8b015a24df31cf	portray	verb	C1	https://www.oxfordlearnersdictionaries.com/us/definition/english/portray	/us/definition/english/portray	to show somebody/something in a picture; to describe somebody/something in a piece of writing	picture (verboard): щоб показати комусь або комусь щось на картинці; описати когось або щось у клаптику письма	Helsinki-NLP/opus-mt-en-uk_contextual_definition_candidate	Helsinki-NLP/opus-mt-en-uk_contextual_definition_candidate=>'picture (verboard): щоб показати комусь або комусь щось на картинці; описати когось або щось у клаптику письма';reverse='picture (verbboard): to show someone or something in a picture; to describe someone or something in a piece of writing';lex=0.000;candDef=0.841;revDef=0.842;decision=BLOCKED:Latin-language residue remains || Helsinki-NLP/opus-mt-en-uk_surface_candidate=>'зображення';reverse='image';lex=0.000;candDef=0.508;revDef=0.438;decision=BLOCKED:verb candidate is not an appropriate Ukrainian infinitive/verb phrase	BLOCKED: Latin-language residue remains; method=Helsinki-NLP/opus-mt-en-uk_contextual_definition_candidate; exact Oxford definition='to show somebody/something in a picture; to describe somebody/something in a piece of writing'; candidate='picture (verboard): щоб показати комусь або комусь щось на картинці; описати когось або щось у клаптику письма'; reverse='picture (verbboard): to show someone or something in a picture; to describe someone or something in a piece of writing'; lexical=0.000; candidate_definition_similarity=0.841; reverse_definition_similarity=0.842; semantic=0.000.
ox5000-f68f5a29d94b8b03690e	postpone	verb	C1	https://www.oxfordlearnersdictionaries.com/us/definition/english/postpone	/us/definition/english/postpone	to arrange for an event, etc. to take place at a later time or date than originally planned	відстро́чувати	en_wiktionary_matching_pos_uk_translation	en_wiktionary_matching_pos_uk_translation=>'відклада́ти';reverse='declination';lex=0.316;candDef=0.290;revDef=0.137;decision=BLOCKED:candidate/reverse meaning does not align with exact Oxford definition (0.290) || en_wiktionary_matching_pos_uk_translation=>'відкла́сти';reverse='repudiate';lex=0.353;candDef=0.142;revDef=0.100;decision=BLOCKED:candidate/reverse meaning does not align with exact Oxford definition (0.142) || en_wiktionary_matching_pos_uk_translation=>'відстро́чувати';reverse='schedule';lex=0.250;candDef=0.156;revDef=0.475;decision=BLOCKED:low reverse lexical agreement 0.250 || en_wiktionary_matching_pos_uk_translation=>'відстро́чити';reverse='schedule';lex=0.250;candDef=0.165;revDef=0.475;decision=BLOCKED:low reverse lexical agreement 0.250 || Helsinki-NLP/opus-mt-en-uk_contextual_definition_candidate=>'відкласти (вербло): організувати подію, тощо, яка має відбутися у пізніший час або дату, ніж початково запланована@ info: whatsthis';reverse='defer (verb): organize the event, & etc;, which should occur at a later time or date than originally scheduled';lex=0.000;candDef=0.756;revDef=0.692;decision=BLOCKED:Latin-language residue remains || Helsinki-NLP/opus-mt-en-uk_surface_candidate=>'відкласти';reverse='defer';lex=0.154;candDef=0.449;revDef=0.104;decision=BLOCKED:low reverse lexical agreement 0.154	BLOCKED: low reverse lexical agreement 0.250; method=en_wiktionary_matching_pos_uk_translation; exact Oxford definition='to arrange for an event, etc. to take place at a later time or date than originally planned'; candidate='відстро́чувати'; reverse='schedule'; lexical=0.250; candidate_definition_similarity=0.156; reverse_definition_similarity=0.475; semantic=0.475.
ox5000-9a62e37d0085deb94e17	precede	verb	B2	https://www.oxfordlearnersdictionaries.com/us/definition/english/precede	/us/definition/english/precede	to happen before something or come before something/somebody in order	передува́ти	en_wiktionary_matching_pos_uk_translation	en_wiktionary_matching_pos_uk_translation=>'передува́ти';reverse='Requisition';lex=0.222;candDef=0.359;revDef=0.179;decision=BLOCKED:low reverse lexical agreement 0.222 || Helsinki-NLP/opus-mt-en-uk_contextual_definition_candidate=>'перед (кнопка):, щоб сталося перед чимось або прийти перед чимось/ким у порядку';reverse='before (button): to appear before something or to appear before something/ someone in order';lex=0.000;candDef=0.813;revDef=0.827;decision=BLOCKED:verb candidate is not an appropriate Ukrainian infinitive/verb phrase || Helsinki-NLP/opus-mt-en-uk_surface_candidate=>'Перед';reverse='Before';lex=0.000;candDef=0.548;revDef=0.565;decision=BLOCKED:verb candidate is not an appropriate Ukrainian infinitive/verb phrase	BLOCKED: low reverse lexical agreement 0.222; method=en_wiktionary_matching_pos_uk_translation; exact Oxford definition='to happen before something or come before something/somebody in order'; candidate='передува́ти'; reverse='Requisition'; lexical=0.222; candidate_definition_similarity=0.359; reverse_definition_similarity=0.179; semantic=0.359.
ox5000-f3c417c667c17aef688f	preference	noun	B2	https://www.oxfordlearnersdictionaries.com/us/definition/english/preference	/us/definition/english/preference	a greater interest in or desire for somebody/something than somebody/something else	ви́бір	en_wiktionary_matching_pos_uk_translation	en_wiktionary_matching_pos_uk_translation=>'перева́га';reverse='regression';lex=0.500;candDef=0.214;revDef=0.077;decision=BLOCKED:candidate/reverse meaning does not align with exact Oxford definition (0.214) || en_wiktionary_matching_pos_uk_translation=>'ви́бір';reverse='choice';lex=0.250;candDef=0.345;revDef=0.387;decision=BLOCKED:low reverse lexical agreement 0.250 || Helsinki-NLP/opus-mt-en-uk_contextual_definition_candidate=>'previous (noun): більший інтерес до когось або чогось більшого, ніж до когось або чогось іншого.';reverse='previosus (noun): More interest in someone or something than with someone or something else.';lex=0.000;candDef=0.767;revDef=0.764;decision=BLOCKED:Latin-language residue remains || Helsinki-NLP/opus-mt-en-uk_surface_candidate=>'previous';reverse='previos';lex=0.000;candDef=0.196;revDef=0.287;decision=BLOCKED:candidate is not predominantly Ukrainian	BLOCKED: low reverse lexical agreement 0.250; method=en_wiktionary_matching_pos_uk_translation; exact Oxford definition='a greater interest in or desire for somebody/something than somebody/something else'; candidate='ви́бір'; reverse='choice'; lexical=0.250; candidate_definition_similarity=0.345; reverse_definition_similarity=0.387; semantic=0.387.
ox5000-0d4c9a47753a14c4905c	premier	adjective	C1	https://www.oxfordlearnersdictionaries.com/us/definition/english/premier_1	/us/definition/english/premier_1	most important, famous or successful	premier (примітка): найважливіший, знаменитий або успішний	Helsinki-NLP/opus-mt-en-uk_contextual_definition_candidate	Helsinki-NLP/opus-mt-en-uk_contextual_definition_candidate=>'premier (примітка): найважливіший, знаменитий або успішний';reverse='premier (note): Most important, famous or successful';lex=0.000;candDef=0.896;revDef=0.767;decision=BLOCKED:Latin-language residue remains || Helsinki-NLP/opus-mt-en-uk_surface_candidate=>'premier';reverse='premier';lex=0.000;candDef=0.397;revDef=0.397;decision=BLOCKED:candidate is not predominantly Ukrainian	BLOCKED: Latin-language residue remains; method=Helsinki-NLP/opus-mt-en-uk_contextual_definition_candidate; exact Oxford definition='most important, famous or successful'; candidate='premier (примітка): найважливіший, знаменитий або успішний'; reverse='premier (note): Most important, famous or successful'; lexical=0.000; candidate_definition_similarity=0.896; reverse_definition_similarity=0.767; semantic=0.000.
ox5000-16a18c346465b0809338	premise	noun	C1	https://www.oxfordlearnersdictionaries.com/us/definition/english/premise	/us/definition/english/premise	a statement or an idea that forms the basis for a reasonable line of argument	Концепція	Helsinki-NLP/opus-mt-en-uk_surface_candidate	en_wiktionary_matching_pos_uk_translation=>'примі́щення';reverse='Placement';lex=0.500;candDef=0.262;revDef=0.136;decision=BLOCKED:candidate/reverse meaning does not align with exact Oxford definition (0.262) || Helsinki-NLP/opus-mt-en-uk_contextual_definition_candidate=>'forpose (nun): вираз або ідея, що створює основу для логічного рядка аргументу';reverse='forward (nun): an expression or an idea that creates the basis for a logical line of argument';lex=0.000;candDef=0.740;revDef=0.677;decision=BLOCKED:Latin-language residue remains || Helsinki-NLP/opus-mt-en-uk_surface_candidate=>'Концепція';reverse='Conceptive';lex=0.235;candDef=0.581;revDef=0.529;decision=BLOCKED:low reverse lexical agreement 0.235	BLOCKED: low reverse lexical agreement 0.235; method=Helsinki-NLP/opus-mt-en-uk_surface_candidate; exact Oxford definition='a statement or an idea that forms the basis for a reasonable line of argument'; candidate='Концепція'; reverse='Conceptive'; lexical=0.235; candidate_definition_similarity=0.581; reverse_definition_similarity=0.529; semantic=0.581.
ox5000-dd232a1e434e044d510f	premium	noun	C1	https://www.oxfordlearnersdictionaries.com/us/definition/english/premium_1	/us/definition/english/premium_1	an amount of money that you pay once or regularly for an insurance policy	Внесок (нуун): сума грошей, яку ви платите один раз або регулярно за страховий поліс.	Helsinki-NLP/opus-mt-en-uk_contextual_definition_candidate	Helsinki-NLP/opus-mt-en-uk_contextual_definition_candidate=>'Внесок (нуун): сума грошей, яку ви платите один раз або регулярно за страховий поліс.';reverse='Donations: The amount of money you pay once or regularly for insurance policy.';lex=0.120;candDef=0.895;revDef=0.772;decision=BLOCKED:low reverse lexical agreement 0.120 || Helsinki-NLP/opus-mt-en-uk_surface_candidate=>'внесок';reverse='contribute';lex=0.235;candDef=0.170;revDef=0.167;decision=BLOCKED:low reverse lexical agreement 0.235	BLOCKED: low reverse lexical agreement 0.120; method=Helsinki-NLP/opus-mt-en-uk_contextual_definition_candidate; exact Oxford definition='an amount of money that you pay once or regularly for an insurance policy'; candidate='Внесок (нуун): сума грошей, яку ви платите один раз або регулярно за страховий поліс.'; reverse='Donations: The amount of money you pay once or regularly for insurance policy.'; lexical=0.120; candidate_definition_similarity=0.895; reverse_definition_similarity=0.772; semantic=0.895.
ox5000-d056bc62812b9372974f	prescribe	verb	C1	https://www.oxfordlearnersdictionaries.com/us/definition/english/prescribe	/us/definition/english/prescribe	to tell somebody to take a particular medicine or have a particular treatment; to write a prescription for a particular medicine, etc.	Прописати (клацання): сказати комусь приймати ліки або мати певне лікування; написати рецепт для конкретної медицини тощо.	Helsinki-NLP/opus-mt-en-uk_contextual_definition_candidate	"en_wiktionary_matching_pos_uk_translation=>'признача́ти';reverse='Qualifications';lex=0.087;candDef=0.361;revDef=0.044;decision=BLOCKED:low reverse lexical agreement 0.087 || en_wiktionary_matching_pos_uk_translation=>'припи́сувати';reverse=""stop 'em."";lex=0.250;candDef=0.284;revDef=0.001;decision=BLOCKED:low reverse lexical agreement 0.250 || Helsinki-NLP/opus-mt-en-uk_contextual_definition_candidate=>'Прописати (клацання): сказати комусь приймати ліки або мати певне лікування; написати рецепт для конкретної медицини тощо.';reverse='To write (click): To tell someone to take a medication or to have a certain treatment; to write a prescription for a particular medicine; and so on.';lex=0.106;candDef=0.837;revDef=0.776;decision=BLOCKED:low reverse lexical agreement 0.106 || Helsinki-NLP/opus-mt-en-uk_surface_candidate=>'проксимувати';reverse='decrypt';lex=0.375;candDef=0.365;revDef=0.101;decision=BLOCKED:candidate/reverse meaning does not align with exact Oxford definition (0.365)"	BLOCKED: low reverse lexical agreement 0.106; method=Helsinki-NLP/opus-mt-en-uk_contextual_definition_candidate; exact Oxford definition='to tell somebody to take a particular medicine or have a particular treatment; to write a prescription for a particular medicine, etc.'; candidate='Прописати (клацання): сказати комусь приймати ліки або мати певне лікування; написати рецепт для конкретної медицини тощо.'; reverse='To write (click): To tell someone to take a medication or to have a certain treatment; to write a prescription for a particular medicine; and so on.'; lexical=0.106; candidate_definition_similarity=0.837; reverse_definition_similarity=0.776; semantic=0.837.
ox5000-348b91b4e7de9e998ca1	prescription	noun	C1	https://www.oxfordlearnersdictionaries.com/us/definition/english/prescription	/us/definition/english/prescription	an official piece of paper on which a doctor writes the type of medicine you should have, and which enables you to get it from a chemist's	(нуун): офіційний папір на якому лікар пише вам потрібні ліки, і це дає вам змогу одержати їх від хіміка.	Helsinki-NLP/opus-mt-en-uk_contextual_definition_candidate	en_wiktionary_matching_pos_uk_translation=>'реце́пт';reverse='receʹpt';lex=0.526;candDef=0.186;revDef=0.123;decision=BLOCKED:candidate/reverse meaning does not align with exact Oxford definition (0.186) || Helsinki-NLP/opus-mt-en-uk_contextual_definition_candidate=>'(нуун): офіційний папір на якому лікар пише вам потрібні ліки, і це дає вам змогу одержати їх від хіміка.';reverse='(nuun): The official paper on which your doctor writes you the drugs you need, and this enables you to obtain them from a chemist.';lex=0.102;candDef=0.862;revDef=0.871;decision=BLOCKED:low reverse lexical agreement 0.102 || Helsinki-NLP/opus-mt-en-uk_surface_candidate=>'рецепт';reverse='recipe';lex=0.556;candDef=0.315;revDef=0.209;decision=BLOCKED:candidate/reverse meaning does not align with exact Oxford definition (0.315)	"BLOCKED: low reverse lexical agreement 0.102; method=Helsinki-NLP/opus-mt-en-uk_contextual_definition_candidate; exact Oxford definition=""an official piece of paper on which a doctor writes the type of medicine you should have, and which enables you to get it from a chemist's""; candidate='(нуун): офіційний папір на якому лікар пише вам потрібні ліки, і це дає вам змогу одержати їх від хіміка.'; reverse='(nuun): The official paper on which your doctor writes you the drugs you need, and this enables you to obtain them from a chemist.'; lexical=0.102; candidate_definition_similarity=0.862; reverse_definition_similarity=0.871; semantic=0.871."
ox5000-15097a8cdb577f28ab80	preside	verb	C1	https://www.oxfordlearnersdictionaries.com/us/definition/english/preside	/us/definition/english/preside	to lead or be in charge of a meeting, ceremony, etc.	головува́ти	en_wiktionary_matching_pos_uk_translation	en_wiktionary_matching_pos_uk_translation=>'головува́ти';reverse='chairmans';lex=0.250;candDef=0.238;revDef=0.579;decision=BLOCKED:low reverse lexical agreement 0.250 || Helsinki-NLP/opus-mt-en-uk_contextual_definition_candidate=>'предсідник (версія): очолити або наглядати за зібраннями, церемоніями тощо.';reverse='The chairman: to lead or supervise meetings, ceremonies, and so forth.';lex=0.000;candDef=0.863;revDef=0.844;decision=BLOCKED:verb candidate is not an appropriate Ukrainian infinitive/verb phrase || Helsinki-NLP/opus-mt-en-uk_surface_candidate=>'presider';reverse='presider';lex=0.000;candDef=0.274;revDef=0.274;decision=BLOCKED:candidate is not predominantly Ukrainian	BLOCKED: low reverse lexical agreement 0.250; method=en_wiktionary_matching_pos_uk_translation; exact Oxford definition='to lead or be in charge of a meeting, ceremony, etc.'; candidate='головува́ти'; reverse='chairmans'; lexical=0.250; candidate_definition_similarity=0.238; reverse_definition_similarity=0.579; semantic=0.579.
ox5000-b149024523e283a89471	prestigious	adjective	C1	https://www.oxfordlearnersdictionaries.com/us/definition/english/prestigious	/us/definition/english/prestigious	respected and admired as very important or of very high quality	Відомий (привабливий): дуже важливий або дуже високоякісний.	Helsinki-NLP/opus-mt-en-uk_contextual_definition_candidate	en_wiktionary_matching_pos_uk_translation=>'прести́жний';reverse='pressive';lex=0.526;candDef=0.272;revDef=0.233;decision=BLOCKED:candidate/reverse meaning does not align with exact Oxford definition (0.272) || Helsinki-NLP/opus-mt-en-uk_contextual_definition_candidate=>'Відомий (привабливий): дуже важливий або дуже високоякісний.';reverse='Known: very important or very high-quality.';lex=0.231;candDef=0.783;revDef=0.728;decision=BLOCKED:low reverse lexical agreement 0.231 || Helsinki-NLP/opus-mt-en-uk_surface_candidate=>'Гідничний';reverse='Hydic';lex=0.125;candDef=0.368;revDef=0.208;decision=BLOCKED:low reverse lexical agreement 0.125	BLOCKED: low reverse lexical agreement 0.231; method=Helsinki-NLP/opus-mt-en-uk_contextual_definition_candidate; exact Oxford definition='respected and admired as very important or of very high quality'; candidate='Відомий (привабливий): дуже важливий або дуже високоякісний.'; reverse='Known: very important or very high-quality.'; lexical=0.231; candidate_definition_similarity=0.783; reverse_definition_similarity=0.728; semantic=0.783.
ox5000-abfa3a9d7dde6c0b639b	presumably	adverb	C1	https://www.oxfordlearnersdictionaries.com/us/definition/english/presumably	/us/definition/english/presumably	used to say that you think that something is probably true	Мабуть (версія): казали, що ви думаєте, що щось є правдою	Helsinki-NLP/opus-mt-en-uk_contextual_definition_candidate	Helsinki-NLP/opus-mt-en-uk_contextual_definition_candidate=>'Мабуть (версія): казали, що ви думаєте, що щось є правдою';reverse='Perhaps (version): They said that you think something is true.';lex=0.176;candDef=0.878;revDef=0.861;decision=BLOCKED:low reverse lexical agreement 0.176 || Helsinki-NLP/opus-mt-en-uk_surface_candidate=>'Ймовірно';reverse='Probably.';lex=0.667;candDef=0.377;revDef=0.349;decision=BLOCKED:candidate/reverse meaning does not align with exact Oxford definition (0.377)	BLOCKED: low reverse lexical agreement 0.176; method=Helsinki-NLP/opus-mt-en-uk_contextual_definition_candidate; exact Oxford definition='used to say that you think that something is probably true'; candidate='Мабуть (версія): казали, що ви думаєте, що щось є правдою'; reverse='Perhaps (version): They said that you think something is true.'; lexical=0.176; candidate_definition_similarity=0.878; reverse_definition_similarity=0.861; semantic=0.878.
ox5000-0de61af433bd2562aabd	presume	verb	C1	https://www.oxfordlearnersdictionaries.com/us/definition/english/presume	/us/definition/english/presume	to suppose that something is true, although you do not have actual proof	Припускати (клацання): припустити, що щось є правдою, хоча у вас немає реальних доказів.	Helsinki-NLP/opus-mt-en-uk_contextual_definition_candidate	"en_wiktionary_matching_pos_uk_translation=>'припускати';reverse='assume';lex=0.615;candDef=0.223;revDef=0.378;decision=BLOCKED:candidate/reverse meaning does not align with exact Oxford definition (0.378) || Helsinki-NLP/opus-mt-en-uk_contextual_definition_candidate=>'Припускати (клацання): припустити, що щось є правдою, хоча у вас немає реальних доказів.';reverse=""Let's assume that something is true, although you don't have any real proof."";lex=0.123;candDef=0.902;revDef=0.931;decision=BLOCKED:low reverse lexical agreement 0.123"	"BLOCKED: low reverse lexical agreement 0.123; method=Helsinki-NLP/opus-mt-en-uk_contextual_definition_candidate; exact Oxford definition='to suppose that something is true, although you do not have actual proof'; candidate='Припускати (клацання): припустити, що щось є правдою, хоча у вас немає реальних доказів.'; reverse=""Let's assume that something is true, although you don't have any real proof.""; lexical=0.123; candidate_definition_similarity=0.902; reverse_definition_similarity=0.931; semantic=0.931."
ox5000-fb17dd90d15283541768	prevail	verb	C1	https://www.oxfordlearnersdictionaries.com/us/definition/english/prevail	/us/definition/english/prevail	to exist or be very common at a particular time or in a particular place	guit (verboard): існує або є дуже поширеним у певний час або у певному місці	Helsinki-NLP/opus-mt-en-uk_contextual_definition_candidate	Helsinki-NLP/opus-mt-en-uk_contextual_definition_candidate=>'guit (verboard): існує або є дуже поширеним у певний час або у певному місці';reverse='guit (verbboard): exists or is very popular at a certain time or at a certain place';lex=0.000;candDef=0.540;revDef=0.565;decision=BLOCKED:Latin-language residue remains || Helsinki-NLP/opus-mt-en-uk_surface_candidate=>'ribility';reverse='ribility';lex=0.000;candDef=0.176;revDef=0.176;decision=BLOCKED:candidate is not predominantly Ukrainian	BLOCKED: Latin-language residue remains; method=Helsinki-NLP/opus-mt-en-uk_contextual_definition_candidate; exact Oxford definition='to exist or be very common at a particular time or in a particular place'; candidate='guit (verboard): існує або є дуже поширеним у певний час або у певному місці'; reverse='guit (verbboard): exists or is very popular at a certain time or at a certain place'; lexical=0.000; candidate_definition_similarity=0.540; reverse_definition_similarity=0.565; semantic=0.000.
ox5000-c89fe72ec539245bc6d4	primarily	adverb	B2	https://www.oxfordlearnersdictionaries.com/us/definition/english/primarily	/us/definition/english/primarily		переважно	en_wiktionary_matching_pos_uk_translation	en_wiktionary_matching_pos_uk_translation=>'переважно';reverse='usually';lex=0.000;candDef=0.808;revDef=0.684;decision=BLOCKED:exact Oxford definition unavailable || en_wiktionary_matching_pos_uk_translation=>'головно';reverse='Mainly';lex=0.000;candDef=0.795;revDef=0.697;decision=BLOCKED:exact Oxford definition unavailable || Helsinki-NLP/opus-mt-en-uk_contextual_definition_candidate=>'в основному (клацання):';reverse='Mainly (click):';lex=0.000;candDef=0.616;revDef=0.313;decision=BLOCKED:exact Oxford definition unavailable || Helsinki-NLP/opus-mt-en-uk_surface_candidate=>'в основному';reverse='basically';lex=0.000;candDef=0.716;revDef=0.774;decision=BLOCKED:exact Oxford definition unavailable	BLOCKED: Oxford definition text not found at exact definition path; method=en_wiktionary_matching_pos_uk_translation; exact Oxford definition=''; candidate='переважно'; reverse='usually'; lexical=0.000; candidate_definition_similarity=0.808; reverse_definition_similarity=0.684; semantic=0.000.
ox5000-451ecb3cefa2fed9058c	principal	adjective	B2	https://www.oxfordlearnersdictionaries.com/us/definition/english/principal_1	/us/definition/english/principal_1	most important; main	головни́й	en_wiktionary_matching_pos_uk_translation	en_wiktionary_matching_pos_uk_translation=>'головни́й';reverse='chairman';lex=0.000;candDef=0.443;revDef=0.404;decision=BLOCKED:adjective candidate has no plausible Ukrainian adjective morphology || en_wiktionary_matching_pos_uk_translation=>'основни́й';reverse='basics';lex=0.000;candDef=0.669;revDef=0.425;decision=BLOCKED:adjective candidate has no plausible Ukrainian adjective morphology || Helsinki-NLP/opus-mt-en-uk_contextual_definition_candidate=>'main (підмет): найважливіший; основний';reverse='main (below): most important; primary';lex=0.000;candDef=0.874;revDef=0.885;decision=BLOCKED:Latin-language residue remains || Helsinki-NLP/opus-mt-en-uk_surface_candidate=>'main';reverse='main';lex=0.000;candDef=0.751;revDef=0.751;decision=BLOCKED:candidate is not predominantly Ukrainian	BLOCKED: adjective candidate has no plausible Ukrainian adjective morphology; method=en_wiktionary_matching_pos_uk_translation; exact Oxford definition='most important; main'; candidate='головни́й'; reverse='chairman'; lexical=0.000; candidate_definition_similarity=0.443; reverse_definition_similarity=0.404; semantic=0.000.
ox5000-ad4ef8e9f1d30f7387b6	principal	noun	C1	https://www.oxfordlearnersdictionaries.com/us/definition/english/principal_2	/us/definition/english/principal_2	the person who is in charge of a college or (in Scotland and Canada) a university	головний (нуун): людина, яка відповідає за коледж або (в Шотландії та Канаді) університет.	Helsinki-NLP/opus-mt-en-uk_contextual_definition_candidate	en_wiktionary_matching_pos_uk_translation=>'капіта́л';reverse='Capital';lex=0.500;candDef=0.340;revDef=0.317;decision=BLOCKED:candidate/reverse meaning does not align with exact Oxford definition (0.340) || en_wiktionary_matching_pos_uk_translation=>'дире́ктор';reverse='talker';lex=0.267;candDef=0.447;revDef=0.233;decision=BLOCKED:low reverse lexical agreement 0.267 || en_wiktionary_matching_pos_uk_translation=>'дире́кторка';reverse='conductor';lex=0.111;candDef=0.436;revDef=0.299;decision=BLOCKED:low reverse lexical agreement 0.111 || en_wiktionary_matching_pos_uk_translation=>'ре́ктор';reverse='rehector';lex=0.235;candDef=0.309;revDef=0.178;decision=BLOCKED:low reverse lexical agreement 0.235 || Helsinki-NLP/opus-mt-en-uk_contextual_definition_candidate=>'головний (нуун): людина, яка відповідає за коледж або (в Шотландії та Канаді) університет.';reverse='head (nuun): the person responsible for college or (in Scotland and Canada) of the university.';lex=0.124;candDef=0.917;revDef=0.704;decision=BLOCKED:low reverse lexical agreement 0.124 || Helsinki-NLP/opus-mt-en-uk_surface_candidate=>'main';reverse='main';lex=0.000;candDef=0.297;revDef=0.297;decision=BLOCKED:candidate is not predominantly Ukrainian	BLOCKED: low reverse lexical agreement 0.124; method=Helsinki-NLP/opus-mt-en-uk_contextual_definition_candidate; exact Oxford definition='the person who is in charge of a college or (in Scotland and Canada) a university'; candidate='головний (нуун): людина, яка відповідає за коледж або (в Шотландії та Канаді) університет.'; reverse='head (nuun): the person responsible for college or (in Scotland and Canada) of the university.'; lexical=0.124; candidate_definition_similarity=0.917; reverse_definition_similarity=0.704; semantic=0.917.
ox5000-61a7b9ce4472358ebc62	probable	adjective	B2	https://www.oxfordlearnersdictionaries.com/us/definition/english/probable_1	/us/definition/english/probable_1	likely to happen, to exist or to be true	правдоподі́бний	en_wiktionary_matching_pos_uk_translation	en_wiktionary_matching_pos_uk_translation=>'правдоподі́бний';reverse='True - Minded';lex=0.211;candDef=0.576;revDef=0.412;decision=BLOCKED:low reverse lexical agreement 0.211 || en_wiktionary_matching_pos_uk_translation=>'імові́рний';reverse='impuductural';lex=0.400;candDef=0.170;revDef=0.162;decision=BLOCKED:candidate/reverse meaning does not align with exact Oxford definition (0.170) || en_wiktionary_matching_pos_uk_translation=>'ймові́рний';reverse='ambiguous';lex=0.118;candDef=0.227;revDef=0.258;decision=BLOCKED:low reverse lexical agreement 0.118 || Helsinki-NLP/opus-mt-en-uk_contextual_definition_candidate=>'Можливо (примітка): скоріше за все станеться, існує або має бути true';reverse='Possible (note): Most likely there will be, either exists or must be true';lex=0.000;candDef=0.818;revDef=0.834;decision=BLOCKED:Latin-language residue remains || Helsinki-NLP/opus-mt-en-uk_surface_candidate=>'Можливо';reverse='Maybe';lex=0.000;candDef=0.511;revDef=0.499;decision=BLOCKED:adjective candidate has no plausible Ukrainian adjective morphology	BLOCKED: low reverse lexical agreement 0.211; method=en_wiktionary_matching_pos_uk_translation; exact Oxford definition='likely to happen, to exist or to be true'; candidate='правдоподі́бний'; reverse='True - Minded'; lexical=0.211; candidate_definition_similarity=0.576; reverse_definition_similarity=0.412; semantic=0.576.
ox5000-4aeb7f96a546ae5c38dc	probe	verb	C1	https://www.oxfordlearnersdictionaries.com/us/definition/english/probe_2	/us/definition/english/probe_2	to ask questions in order to find out secret or hidden information about somebody/something	sync (клацання): щоб задати питання для того, щоб дізнатися секретну або приховану інформацію про когось або щось	Helsinki-NLP/opus-mt-en-uk_contextual_definition_candidate	Helsinki-NLP/opus-mt-en-uk_contextual_definition_candidate=>'sync (клацання): щоб задати питання для того, щоб дізнатися секретну або приховану інформацію про когось або щось';reverse='sync (click): to ask a question to find out secret or hidden information about someone or something';lex=0.000;candDef=0.784;revDef=0.798;decision=BLOCKED:Latin-language residue remains || Helsinki-NLP/opus-mt-en-uk_surface_candidate=>'зонд';reverse='probe';lex=0.000;candDef=0.139;revDef=0.151;decision=BLOCKED:verb candidate is not an appropriate Ukrainian infinitive/verb phrase	BLOCKED: Latin-language residue remains; method=Helsinki-NLP/opus-mt-en-uk_contextual_definition_candidate; exact Oxford definition='to ask questions in order to find out secret or hidden information about somebody/something'; candidate='sync (клацання): щоб задати питання для того, щоб дізнатися секретну або приховану інформацію про когось або щось'; reverse='sync (click): to ask a question to find out secret or hidden information about someone or something'; lexical=0.000; candidate_definition_similarity=0.784; reverse_definition_similarity=0.798; semantic=0.000.
ox5000-48325aefe1723d71cdea	problematic	adjective	C1	https://www.oxfordlearnersdictionaries.com/us/definition/english/problematic	/us/definition/english/problematic	difficult to deal with or to understand; full of problems; not certain to be successful	Загадкові (підприємницькі): важко справлятися з або зрозумітими; сповнені проблем; не обов' язково мають бути успішними	Helsinki-NLP/opus-mt-en-uk_contextual_definition_candidate	"Helsinki-NLP/opus-mt-en-uk_contextual_definition_candidate=>""Загадкові (підприємницькі): важко справлятися з або зрозумітими; сповнені проблем; не обов' язково мають бути успішними"";reverse='Puzzle: Hard to deal with or understand; full of problems; not necessarily successful';lex=0.215;candDef=0.861;revDef=0.858;decision=BLOCKED:low reverse lexical agreement 0.215 || Helsinki-NLP/opus-mt-en-uk_surface_candidate=>'проблематично';reverse='problematic';lex=0.000;candDef=0.641;revDef=0.592;decision=BLOCKED:adjective candidate has no plausible Ukrainian adjective morphology"	"BLOCKED: low reverse lexical agreement 0.215; method=Helsinki-NLP/opus-mt-en-uk_contextual_definition_candidate; exact Oxford definition='difficult to deal with or to understand; full of problems; not certain to be successful'; candidate=""Загадкові (підприємницькі): важко справлятися з або зрозумітими; сповнені проблем; не обов' язково мають бути успішними""; reverse='Puzzle: Hard to deal with or understand; full of problems; not necessarily successful'; lexical=0.215; candidate_definition_similarity=0.861; reverse_definition_similarity=0.858; semantic=0.861."
ox5000-ebeab91aea8d3bf23114	proceeding	noun	C1	https://www.oxfordlearnersdictionaries.com/us/definition/english/proceeding	/us/definition/english/proceeding	the process of using a court to settle an argument or to deal with a complaint	Продовження (не обов' язкове): процес використання суду для вирішення суперечки або обговорення скарги.	Helsinki-NLP/opus-mt-en-uk_contextual_definition_candidate	"Helsinki-NLP/opus-mt-en-uk_contextual_definition_candidate=>""Продовження (не обов' язкове): процес використання суду для вирішення суперечки або обговорення скарги."";reverse='Continue (optional): The process of using a court to resolve a dispute or a discussion of a complaint.';lex=0.148;candDef=0.867;revDef=0.813;decision=BLOCKED:low reverse lexical agreement 0.148 || Helsinki-NLP/opus-mt-en-uk_surface_candidate=>'Продовжити';reverse='Continue';lex=0.000;candDef=0.263;revDef=0.252;decision=BLOCKED:noun candidate is an infinitive/verb form"	"BLOCKED: low reverse lexical agreement 0.148; method=Helsinki-NLP/opus-mt-en-uk_contextual_definition_candidate; exact Oxford definition='the process of using a court to settle an argument or to deal with a complaint'; candidate=""Продовження (не обов' язкове): процес використання суду для вирішення суперечки або обговорення скарги.""; reverse='Continue (optional): The process of using a court to resolve a dispute or a discussion of a complaint.'; lexical=0.148; candidate_definition_similarity=0.867; reverse_definition_similarity=0.813; semantic=0.867."
ox5000-90f8226b2495c8b502e3	proceeds	noun	C1	https://www.oxfordlearnersdictionaries.com/us/definition/english/proceeds	/us/definition/english/proceeds	the money that you receive when you sell something or organize a performance, etc.; profits	доходи (немає): гроші, які ви отримуєте, коли продаєте щось або організовуєте виступ тощо; прибуток	Helsinki-NLP/opus-mt-en-uk_contextual_definition_candidate	Helsinki-NLP/opus-mt-en-uk_contextual_definition_candidate=>'доходи (немає): гроші, які ви отримуєте, коли продаєте щось або організовуєте виступ тощо; прибуток';reverse='income (no): the money you get when you sell something or you organize a performance, etc.; revenue';lex=0.119;candDef=0.878;revDef=0.828;decision=BLOCKED:low reverse lexical agreement 0.119 || Helsinki-NLP/opus-mt-en-uk_surface_candidate=>'return';reverse='return';lex=0.000;candDef=0.274;revDef=0.274;decision=BLOCKED:candidate is not predominantly Ukrainian	BLOCKED: low reverse lexical agreement 0.119; method=Helsinki-NLP/opus-mt-en-uk_contextual_definition_candidate; exact Oxford definition='the money that you receive when you sell something or organize a performance, etc.; profits'; candidate='доходи (немає): гроші, які ви отримуєте, коли продаєте щось або організовуєте виступ тощо; прибуток'; reverse='income (no): the money you get when you sell something or you organize a performance, etc.; revenue'; lexical=0.119; candidate_definition_similarity=0.878; reverse_definition_similarity=0.828; semantic=0.878.
ox5000-df0312b92094c5740bdb	processing	noun	C1	https://www.oxfordlearnersdictionaries.com/us/definition/english/processing	/us/definition/english/processing	the treatment of raw material, food, etc. in order to change it, preserve it, etc.	обробка	Helsinki-NLP/opus-mt-en-uk_surface_candidate	Helsinki-NLP/opus-mt-en-uk_contextual_definition_candidate=>'обробка (ноун): лікування сирого матеріалу, їжі тощо для того, щоб змінити його, зберегти тощо.';reverse='processing (nun): treating raw material, food, and so forth in order to change, save, and so on.';lex=0.000;candDef=0.845;revDef=0.730;decision=BLOCKED:noun candidate is an infinitive/verb form || Helsinki-NLP/opus-mt-en-uk_surface_candidate=>'обробка';reverse='process';lex=1.000;candDef=0.261;revDef=0.238;decision=BLOCKED:candidate/reverse meaning does not align with exact Oxford definition (0.261)	BLOCKED: candidate/reverse meaning does not align with exact Oxford definition (0.261); method=Helsinki-NLP/opus-mt-en-uk_surface_candidate; exact Oxford definition='the treatment of raw material, food, etc. in order to change it, preserve it, etc.'; candidate='обробка'; reverse='process'; lexical=1.000; candidate_definition_similarity=0.261; reverse_definition_similarity=0.238; semantic=0.261.
ox5000-9bfc0299d5cbf77457ab	profound	adjective	C1	https://www.oxfordlearnersdictionaries.com/us/definition/english/profound	/us/definition/english/profound	very great; felt or experienced very strongly	Глибокий (прикметник): дуже великий; відчував або відчувався дуже сильно	Helsinki-NLP/opus-mt-en-uk_contextual_definition_candidate	en_wiktionary_matching_pos_uk_translation=>'глибо́кий';reverse='deep';lex=0.167;candDef=0.398;revDef=0.337;decision=BLOCKED:low reverse lexical agreement 0.167 || en_wiktionary_matching_pos_uk_translation=>'ґрунто́вний';reverse='soil';lex=0.167;candDef=0.259;revDef=0.084;decision=BLOCKED:low reverse lexical agreement 0.167 || Helsinki-NLP/opus-mt-en-uk_contextual_definition_candidate=>'Глибокий (прикметник): дуже великий; відчував або відчувався дуже сильно';reverse='Deeper: very large; felt or felt very much';lex=0.208;candDef=0.696;revDef=0.735;decision=BLOCKED:low reverse lexical agreement 0.208 || Helsinki-NLP/opus-mt-en-uk_surface_candidate=>'Глибокий';reverse='Deep';lex=0.167;candDef=0.378;revDef=0.339;decision=BLOCKED:low reverse lexical agreement 0.167	BLOCKED: low reverse lexical agreement 0.208; method=Helsinki-NLP/opus-mt-en-uk_contextual_definition_candidate; exact Oxford definition='very great; felt or experienced very strongly'; candidate='Глибокий (прикметник): дуже великий; відчував або відчувався дуже сильно'; reverse='Deeper: very large; felt or felt very much'; lexical=0.208; candidate_definition_similarity=0.696; reverse_definition_similarity=0.735; semantic=0.735.
ox5000-b1d82ddeb70360d85d9e	prominent	adjective	C1	https://www.oxfordlearnersdictionaries.com/us/definition/english/prominent	/us/definition/english/prominent	important or well known	славний (підприємець): важливий або добре відомий	Helsinki-NLP/opus-mt-en-uk_contextual_definition_candidate	"en_wiktionary_matching_pos_uk_translation=>'помі́тний';reverse='ambiguous';lex=0.111;candDef=0.476;revDef=0.396;decision=BLOCKED:low reverse lexical agreement 0.111 || en_wiktionary_matching_pos_uk_translation=>'видатни́й';reverse=""Why Don't You Make the Best of It?"";lex=0.000;candDef=0.585;revDef=0.101;decision=BLOCKED:adjective candidate has no plausible Ukrainian adjective morphology || Helsinki-NLP/opus-mt-en-uk_contextual_definition_candidate=>'славний (підприємець): важливий або добре відомий';reverse='famous: important or well known';lex=0.205;candDef=0.783;revDef=0.892;decision=BLOCKED:low reverse lexical agreement 0.205 || Helsinki-NLP/opus-mt-en-uk_surface_candidate=>'виокремлений';reverse='highlight';lex=0.222;candDef=0.353;revDef=0.262;decision=BLOCKED:low reverse lexical agreement 0.222"	BLOCKED: low reverse lexical agreement 0.205; method=Helsinki-NLP/opus-mt-en-uk_contextual_definition_candidate; exact Oxford definition='important or well known'; candidate='славний (підприємець): важливий або добре відомий'; reverse='famous: important or well known'; lexical=0.205; candidate_definition_similarity=0.783; reverse_definition_similarity=0.892; semantic=0.892.
ox5000-ce708c928b594b9a6027	pronounced	adjective	C1	https://www.oxfordlearnersdictionaries.com/us/definition/english/pronounced	/us/definition/english/pronounced	very obvious, easy to notice or strongly expressed	вимова (примітка): дуже очевидна, легко помітити або сильно виражена	Helsinki-NLP/opus-mt-en-uk_contextual_definition_candidate	Helsinki-NLP/opus-mt-en-uk_contextual_definition_candidate=>'вимова (примітка): дуже очевидна, легко помітити або сильно виражена';reverse='pronunciation (note): very obvious, easy to see or strongly expressed';lex=0.240;candDef=0.881;revDef=0.689;decision=BLOCKED:low reverse lexical agreement 0.240 || Helsinki-NLP/opus-mt-en-uk_surface_candidate=>'вимовлено';reverse='spoken';lex=0.000;candDef=0.459;revDef=0.364;decision=BLOCKED:adjective candidate has no plausible Ukrainian adjective morphology	BLOCKED: low reverse lexical agreement 0.240; method=Helsinki-NLP/opus-mt-en-uk_contextual_definition_candidate; exact Oxford definition='very obvious, easy to notice or strongly expressed'; candidate='вимова (примітка): дуже очевидна, легко помітити або сильно виражена'; reverse='pronunciation (note): very obvious, easy to see or strongly expressed'; lexical=0.240; candidate_definition_similarity=0.881; reverse_definition_similarity=0.689; semantic=0.881.
ox5000-4bb8d65260da2fa814ee	prosecute	verb	C1	https://www.oxfordlearnersdictionaries.com/us/definition/english/prosecute	/us/definition/english/prosecute	to officially charge somebody with a crime in court	(версія): офіційно обвинувачувати когось у злочині в суді.	Helsinki-NLP/opus-mt-en-uk_contextual_definition_candidate	Helsinki-NLP/opus-mt-en-uk_contextual_definition_candidate=>'(версія): офіційно обвинувачувати когось у злочині в суді.';reverse='A formal charge of a crime in court.';lex=0.000;candDef=0.788;revDef=0.820;decision=BLOCKED:verb candidate is not an appropriate Ukrainian infinitive/verb phrase || Helsinki-NLP/opus-mt-en-uk_surface_candidate=>'судова справа';reverse='a court case';lex=0.000;candDef=0.429;revDef=0.434;decision=BLOCKED:verb candidate is not an appropriate Ukrainian infinitive/verb phrase	BLOCKED: verb candidate is not an appropriate Ukrainian infinitive/verb phrase; method=Helsinki-NLP/opus-mt-en-uk_contextual_definition_candidate; exact Oxford definition='to officially charge somebody with a crime in court'; candidate='(версія): офіційно обвинувачувати когось у злочині в суді.'; reverse='A formal charge of a crime in court.'; lexical=0.000; candidate_definition_similarity=0.788; reverse_definition_similarity=0.820; semantic=0.000.
ox5000-f04358c550167dff6b4c	prospective	adjective	C1	https://www.oxfordlearnersdictionaries.com/us/definition/english/prospective	/us/definition/english/prospective	expected to do something or to become something	майбутній (підприємець): очікував чогось або стати чимось	Helsinki-NLP/opus-mt-en-uk_contextual_definition_candidate	Helsinki-NLP/opus-mt-en-uk_contextual_definition_candidate=>'майбутній (підприємець): очікував чогось або стати чимось';reverse='future (entrepreneur): expected something or become something';lex=0.232;candDef=0.752;revDef=0.716;decision=BLOCKED:low reverse lexical agreement 0.232 || Helsinki-NLP/opus-mt-en-uk_surface_candidate=>'майбутня';reverse='the future';lex=0.190;candDef=0.388;revDef=0.342;decision=BLOCKED:low reverse lexical agreement 0.190	BLOCKED: low reverse lexical agreement 0.232; method=Helsinki-NLP/opus-mt-en-uk_contextual_definition_candidate; exact Oxford definition='expected to do something or to become something'; candidate='майбутній (підприємець): очікував чогось або стати чимось'; reverse='future (entrepreneur): expected something or become something'; lexical=0.232; candidate_definition_similarity=0.752; reverse_definition_similarity=0.716; semantic=0.752.
ox5000-c68475adc97d62708bf1	protective	adjective	C1	https://www.oxfordlearnersdictionaries.com/us/definition/english/protective	/us/definition/english/protective	providing or intended to provide protection	захисний (підприємець): забезпечений або призначений для захисту	Helsinki-NLP/opus-mt-en-uk_contextual_definition_candidate	Helsinki-NLP/opus-mt-en-uk_contextual_definition_candidate=>'захисний (підприємець): забезпечений або призначений для захисту';reverse='defender (entrepreneur): provided or intended for protection';lex=0.239;candDef=0.779;revDef=0.671;decision=BLOCKED:low reverse lexical agreement 0.239 || Helsinki-NLP/opus-mt-en-uk_surface_candidate=>'security';reverse='security';lex=0.000;candDef=0.492;revDef=0.492;decision=BLOCKED:English/source-language residue or model artifact	BLOCKED: low reverse lexical agreement 0.239; method=Helsinki-NLP/opus-mt-en-uk_contextual_definition_candidate; exact Oxford definition='providing or intended to provide protection'; candidate='захисний (підприємець): забезпечений або призначений для захисту'; reverse='defender (entrepreneur): provided or intended for protection'; lexical=0.239; candidate_definition_similarity=0.779; reverse_definition_similarity=0.671; semantic=0.779.
ox5000-37f9eeeb75524cee3ab6	provision	noun	C1	https://www.oxfordlearnersdictionaries.com/us/definition/english/provision_1	/us/definition/english/provision_1	the act of supplying somebody with something that they need or want; something that is supplied	забезпечення (нуун): акт забезпечення когось чимось, що їм потрібно або що вони хочуть; щось, що дається	Helsinki-NLP/opus-mt-en-uk_contextual_definition_candidate	Helsinki-NLP/opus-mt-en-uk_contextual_definition_candidate=>'забезпечення (нуун): акт забезпечення когось чимось, що їм потрібно або що вони хочуть; щось, що дається';reverse='security (nuun): An act of providing someone with something they need or want; something that is given';lex=0.150;candDef=0.857;revDef=0.552;decision=BLOCKED:low reverse lexical agreement 0.150 || Helsinki-NLP/opus-mt-en-uk_surface_candidate=>'process';reverse='process';lex=0.000;candDef=0.319;revDef=0.319;decision=BLOCKED:English/source-language residue or model artifact	BLOCKED: low reverse lexical agreement 0.150; method=Helsinki-NLP/opus-mt-en-uk_contextual_definition_candidate; exact Oxford definition='the act of supplying somebody with something that they need or want; something that is supplied'; candidate='забезпечення (нуун): акт забезпечення когось чимось, що їм потрібно або що вони хочуть; щось, що дається'; reverse='security (nuun): An act of providing someone with something they need or want; something that is given'; lexical=0.150; candidate_definition_similarity=0.857; reverse_definition_similarity=0.552; semantic=0.857.
ox5000-e72aef296449310d3771	psychiatric	adjective	C1	https://www.oxfordlearnersdictionaries.com/us/definition/english/psychiatric	/us/definition/english/psychiatric	relating to psychiatry or to mental illnesses	Психічний (підприємець): пов'язаний з психіатрією або психічними захворюваннями	Helsinki-NLP/opus-mt-en-uk_contextual_definition_candidate	"Helsinki-NLP/opus-mt-en-uk_contextual_definition_candidate=>""Психічний (підприємець): пов'язаний з психіатрією або психічними захворюваннями"";reverse='Mentally (Eductor) is associated with a mental or mental illness';lex=0.192;candDef=0.893;revDef=0.707;decision=BLOCKED:low reverse lexical agreement 0.192 || Helsinki-NLP/opus-mt-en-uk_surface_candidate=>'Психічний';reverse='Mental';lex=0.118;candDef=0.710;revDef=0.644;decision=BLOCKED:low reverse lexical agreement 0.118"	"BLOCKED: low reverse lexical agreement 0.192; method=Helsinki-NLP/opus-mt-en-uk_contextual_definition_candidate; exact Oxford definition='relating to psychiatry or to mental illnesses'; candidate=""Психічний (підприємець): пов'язаний з психіатрією або психічними захворюваннями""; reverse='Mentally (Eductor) is associated with a mental or mental illness'; lexical=0.192; candidate_definition_similarity=0.893; reverse_definition_similarity=0.707; semantic=0.893."
ox5000-1a3a79b493580cdcfd44	publishing	noun	B2	https://www.oxfordlearnersdictionaries.com/us/definition/english/publishing	/us/definition/english/publishing	the profession or business of preparing and printing books, magazines, CD-ROMs , etc. and selling or making them available to the public	видання (ноун): професія або справа підготовки та друкування книжок, журналів, CD-ROM тощо, і продаж або надання їх громадськості.	Helsinki-NLP/opus-mt-en-uk_contextual_definition_candidate	Helsinki-NLP/opus-mt-en-uk_contextual_definition_candidate=>'видання (ноун): професія або справа підготовки та друкування книжок, журналів, CD-ROM тощо, і продаж або надання їх громадськості.';reverse='publication (Noun): a profession or a preparation and printing of books, magazines, CD-ROMs, etc., and selling or providing them to the public.';lex=0.000;candDef=0.882;revDef=0.750;decision=BLOCKED:Latin-language residue remains || Helsinki-NLP/opus-mt-en-uk_surface_candidate=>'публікується';reverse='published';lex=0.000;candDef=0.302;revDef=0.283;decision=BLOCKED:noun candidate is an infinitive/verb form	BLOCKED: Latin-language residue remains; method=Helsinki-NLP/opus-mt-en-uk_contextual_definition_candidate; exact Oxford definition='the profession or business of preparing and printing books, magazines, CD-ROMs , etc. and selling or making them available to the public'; candidate='видання (ноун): професія або справа підготовки та друкування книжок, журналів, CD-ROM тощо, і продаж або надання їх громадськості.'; reverse='publication (Noun): a profession or a preparation and printing of books, magazines, CD-ROMs, etc., and selling or providing them to the public.'; lexical=0.000; candidate_definition_similarity=0.882; reverse_definition_similarity=0.750; semantic=0.000.
ox5000-3631f2773b187680d3a9	pulse	noun	C1	https://www.oxfordlearnersdictionaries.com/us/definition/english/pulse_1	/us/definition/english/pulse_1	the regular beat of the heart as it sends blood around the body, that can be felt in different places, especially on the inside part of the wrist ; the number of times the heart beats in a minute	пульс (нун): регулярний удар серця, коли він посилає кров навколо тіла, який можна відчути в різних місцях, особливо на внутрішній частині зап'ястка ; кількість разів за хвилину серце б'є	Helsinki-NLP/opus-mt-en-uk_contextual_definition_candidate	"Helsinki-NLP/opus-mt-en-uk_contextual_definition_candidate=>""пульс (нун): регулярний удар серця, коли він посилає кров навколо тіла, який можна відчути в різних місцях, особливо на внутрішній частині зап'ястка ; кількість разів за хвилину серце б'є"";reverse='pulsar (nun) regularly punches the heart when it sends blood around the body, which can be felt in different places, especially on the inner part of the wrist; the number of times per minute beats the heart';lex=0.039;candDef=0.785;revDef=0.734;decision=BLOCKED:low reverse lexical agreement 0.039 || Helsinki-NLP/opus-mt-en-uk_surface_candidate=>'імпульс';reverse='momentum';lex=0.154;candDef=0.407;revDef=0.284;decision=BLOCKED:low reverse lexical agreement 0.154"	"BLOCKED: low reverse lexical agreement 0.039; method=Helsinki-NLP/opus-mt-en-uk_contextual_definition_candidate; exact Oxford definition='the regular beat of the heart as it sends blood around the body, that can be felt in different places, especially on the inside part of the wrist ; the number of times the heart beats in a minute'; candidate=""пульс (нун): регулярний удар серця, коли він посилає кров навколо тіла, який можна відчути в різних місцях, особливо на внутрішній частині зап'ястка ; кількість разів за хвилину серце б'є""; reverse='pulsar (nun) regularly punches the heart when it sends blood around the body, which can be felt in different places, especially on the inner part of the wrist; the number of times per minute beats the heart'; lexical=0.039; candidate_definition_similarity=0.785; reverse_definition_similarity=0.734; semantic=0.785."
ox5000-496b6fa809f3e321f985	pump	verb	C1	https://www.oxfordlearnersdictionaries.com/us/definition/english/pump_1	/us/definition/english/pump_1	to make water, air, gas, etc. flow in a particular direction by using a pump or something that works like a pump	насос (вербло): щоб вода, повітря, газ тощо рухалися в певному напрямку за допомогою насоса або чогось, що працює як насос.	Helsinki-NLP/opus-mt-en-uk_contextual_definition_candidate	Helsinki-NLP/opus-mt-en-uk_contextual_definition_candidate=>'насос (вербло): щоб вода, повітря, газ тощо рухалися в певному напрямку за допомогою насоса або чогось, що працює як насос.';reverse='pump: for water, air, gas, and so forth, to move in a certain direction by means of a pump or something that acts as a pump.';lex=0.000;candDef=0.862;revDef=0.846;decision=BLOCKED:verb candidate is not an appropriate Ukrainian infinitive/verb phrase || Helsinki-NLP/opus-mt-en-uk_surface_candidate=>'насос';reverse='pump';lex=0.000;candDef=0.573;revDef=0.653;decision=BLOCKED:verb candidate is not an appropriate Ukrainian infinitive/verb phrase	BLOCKED: verb candidate is not an appropriate Ukrainian infinitive/verb phrase; method=Helsinki-NLP/opus-mt-en-uk_contextual_definition_candidate; exact Oxford definition='to make water, air, gas, etc. flow in a particular direction by using a pump or something that works like a pump'; candidate='насос (вербло): щоб вода, повітря, газ тощо рухалися в певному напрямку за допомогою насоса або чогось, що працює як насос.'; reverse='pump: for water, air, gas, and so forth, to move in a certain direction by means of a pump or something that acts as a pump.'; lexical=0.000; candidate_definition_similarity=0.862; reverse_definition_similarity=0.846; semantic=0.000.
ox5000-8f1c8ff0d448af6b1b00	punch	verb	C1	https://www.oxfordlearnersdictionaries.com/us/definition/english/punch_1	/us/definition/english/punch_1	to hit somebody/something hard with your fist (= closed hand)	удар (клацання): щоб вдарити когось або щось тверде вашим кулаком (=закрита рука)	Helsinki-NLP/opus-mt-en-uk_contextual_definition_candidate	Helsinki-NLP/opus-mt-en-uk_contextual_definition_candidate=>'удар (клацання): щоб вдарити когось або щось тверде вашим кулаком (=закрита рука)';reverse='punch (click) to hit someone or something with your fist (=closed hand)';lex=0.000;candDef=0.909;revDef=0.863;decision=BLOCKED:verb candidate is not an appropriate Ukrainian infinitive/verb phrase || Helsinki-NLP/opus-mt-en-uk_surface_candidate=>'удар';reverse='strike';lex=0.000;candDef=0.573;revDef=0.488;decision=BLOCKED:verb candidate is not an appropriate Ukrainian infinitive/verb phrase	BLOCKED: verb candidate is not an appropriate Ukrainian infinitive/verb phrase; method=Helsinki-NLP/opus-mt-en-uk_contextual_definition_candidate; exact Oxford definition='to hit somebody/something hard with your fist (= closed hand)'; candidate='удар (клацання): щоб вдарити когось або щось тверде вашим кулаком (=закрита рука)'; reverse='punch (click) to hit someone or something with your fist (=closed hand)'; lexical=0.000; candidate_definition_similarity=0.909; reverse_definition_similarity=0.863; semantic=0.000.
ox5000-0fbbc2a505e3fca073f1	pursuit	noun	B2	https://www.oxfordlearnersdictionaries.com/us/definition/english/pursuit	/us/definition/english/pursuit	the act of looking for or trying to get something	гонитва (нуун): акт пошуку або спроби отримати щось	Helsinki-NLP/opus-mt-en-uk_contextual_definition_candidate	Helsinki-NLP/opus-mt-en-uk_contextual_definition_candidate=>'гонитва (нуун): акт пошуку або спроби отримати щось';reverse='chase (nuun): Search act or try to get something';lex=0.154;candDef=0.838;revDef=0.674;decision=BLOCKED:low reverse lexical agreement 0.154 || Helsinki-NLP/opus-mt-en-uk_surface_candidate=>'пошук';reverse='search';lex=0.154;candDef=0.602;revDef=0.561;decision=BLOCKED:low reverse lexical agreement 0.154	BLOCKED: low reverse lexical agreement 0.154; method=Helsinki-NLP/opus-mt-en-uk_contextual_definition_candidate; exact Oxford definition='the act of looking for or trying to get something'; candidate='гонитва (нуун): акт пошуку або спроби отримати щось'; reverse='chase (nuun): Search act or try to get something'; lexical=0.154; candidate_definition_similarity=0.838; reverse_definition_similarity=0.674; semantic=0.838.
ox5000-fef76f9ad1ae3b385d52	query	noun	C1	https://www.oxfordlearnersdictionaries.com/us/definition/english/query_1	/us/definition/english/query_1	a question, especially one asking for information or expressing a doubt about something	query (noun): питання, особливо питання, яке запитує про інформацію або висловлює сумніви щодо чогось	Helsinki-NLP/opus-mt-en-uk_contextual_definition_candidate	Helsinki-NLP/opus-mt-en-uk_contextual_definition_candidate=>'query (noun): питання, особливо питання, яке запитує про інформацію або висловлює сумніви щодо чогось';reverse='query (noun): A question, especially a question that asks for information or raises doubts about something';lex=0.000;candDef=0.627;revDef=0.686;decision=BLOCKED:Latin-language residue remains || Helsinki-NLP/opus-mt-en-uk_surface_candidate=>'query';reverse='query';lex=0.000;candDef=0.306;revDef=0.306;decision=BLOCKED:candidate is not predominantly Ukrainian	BLOCKED: Latin-language residue remains; method=Helsinki-NLP/opus-mt-en-uk_contextual_definition_candidate; exact Oxford definition='a question, especially one asking for information or expressing a doubt about something'; candidate='query (noun): питання, особливо питання, яке запитує про інформацію або висловлює сумніви щодо чогось'; reverse='query (noun): A question, especially a question that asks for information or raises doubts about something'; lexical=0.000; candidate_definition_similarity=0.627; reverse_definition_similarity=0.686; semantic=0.000.
ox5000-f8f10d86fe3b2b70cd7b	quest	noun	C1	https://www.oxfordlearnersdictionaries.com/us/definition/english/quest_1	/us/definition/english/quest_1	a long search for something, especially for some quality such as happiness	Пошук (ноун): довгі пошуки чогось, особливо такої якості, як щастя	Helsinki-NLP/opus-mt-en-uk_contextual_definition_candidate	Helsinki-NLP/opus-mt-en-uk_contextual_definition_candidate=>'Пошук (ноун): довгі пошуки чогось, особливо такої якості, як щастя';reverse='Search (Noun): Long search for something, especially the quality of happiness';lex=0.103;candDef=0.885;revDef=0.856;decision=BLOCKED:low reverse lexical agreement 0.103 || Helsinki-NLP/opus-mt-en-uk_surface_candidate=>'пошук';reverse='search';lex=0.182;candDef=0.453;revDef=0.426;decision=BLOCKED:low reverse lexical agreement 0.182	BLOCKED: low reverse lexical agreement 0.103; method=Helsinki-NLP/opus-mt-en-uk_contextual_definition_candidate; exact Oxford definition='a long search for something, especially for some quality such as happiness'; candidate='Пошук (ноун): довгі пошуки чогось, особливо такої якості, як щастя'; reverse='Search (Noun): Long search for something, especially the quality of happiness'; lexical=0.103; candidate_definition_similarity=0.885; reverse_definition_similarity=0.856; semantic=0.885.
ox5000-4d67d866c647b72f7c3c	raid	verb	C1	https://www.oxfordlearnersdictionaries.com/us/definition/english/raid_2	/us/definition/english/raid_2	to visit a person or place without warning to look for criminals, illegal goods, drugs, etc.	Напад (версія): відвідати людину або місце без попередження шукати злочинців, нелегальні товари, наркотики тощо.	Helsinki-NLP/opus-mt-en-uk_contextual_definition_candidate	Helsinki-NLP/opus-mt-en-uk_contextual_definition_candidate=>'Напад (версія): відвідати людину або місце без попередження шукати злочинців, нелегальні товари, наркотики тощо.';reverse='Attack: Visit a person or place without warning to seek out criminals, illegal products, drugs, etc.';lex=0.000;candDef=0.654;revDef=0.727;decision=BLOCKED:verb candidate is not an appropriate Ukrainian infinitive/verb phrase || Helsinki-NLP/opus-mt-en-uk_surface_candidate=>'рейди';reverse='turn around.';lex=0.000;candDef=0.158;revDef=0.139;decision=BLOCKED:verb candidate is not an appropriate Ukrainian infinitive/verb phrase	BLOCKED: verb candidate is not an appropriate Ukrainian infinitive/verb phrase; method=Helsinki-NLP/opus-mt-en-uk_contextual_definition_candidate; exact Oxford definition='to visit a person or place without warning to look for criminals, illegal goods, drugs, etc.'; candidate='Напад (версія): відвідати людину або місце без попередження шукати злочинців, нелегальні товари, наркотики тощо.'; reverse='Attack: Visit a person or place without warning to seek out criminals, illegal products, drugs, etc.'; lexical=0.000; candidate_definition_similarity=0.654; reverse_definition_similarity=0.727; semantic=0.000.
ox5000-cfb300586a991fa0eabe	rally	noun	C1	https://www.oxfordlearnersdictionaries.com/us/definition/english/rally_1	/us/definition/english/rally_1	a large public meeting, especially one held to support a particular idea or political party	демонстрація (ноун): велике публічне зібрання, особливо зібрання, яке проводилось для підтримки певної ідеї або політичної партії.	Helsinki-NLP/opus-mt-en-uk_contextual_definition_candidate	"en_wiktionary_matching_pos_uk_translation=>'мі́тинг';reverse='miing';lex=0.000;candDef=0.195;revDef=0.060;decision=BLOCKED:low reverse lexical agreement 0.000 || en_wiktionary_matching_pos_uk_translation=>'ра́ллі';reverse='Raʹli';lex=0.600;candDef=0.134;revDef=0.082;decision=BLOCKED:candidate/reverse meaning does not align with exact Oxford definition (0.134) || en_wiktionary_matching_pos_uk_translation=>'автора́ллі';reverse='authorʹli';lex=0.286;candDef=0.148;revDef=0.077;decision=BLOCKED:candidate/reverse meaning does not align with exact Oxford definition (0.148) || Helsinki-NLP/opus-mt-en-uk_contextual_definition_candidate=>'демонстрація (ноун): велике публічне зібрання, особливо зібрання, яке проводилось для підтримки певної ідеї або політичної партії.';reverse='demonstration (Noun): a large public meeting, especially for a certain idea or political party.';lex=0.105;candDef=0.857;revDef=0.776;decision=BLOCKED:low reverse lexical agreement 0.105 || Helsinki-NLP/opus-mt-en-uk_surface_candidate=>""з' єднання"";reverse='connection';lex=0.000;candDef=0.208;revDef=0.051;decision=BLOCKED:low reverse lexical agreement 0.000"	BLOCKED: low reverse lexical agreement 0.105; method=Helsinki-NLP/opus-mt-en-uk_contextual_definition_candidate; exact Oxford definition='a large public meeting, especially one held to support a particular idea or political party'; candidate='демонстрація (ноун): велике публічне зібрання, особливо зібрання, яке проводилось для підтримки певної ідеї або політичної партії.'; reverse='demonstration (Noun): a large public meeting, especially for a certain idea or political party.'; lexical=0.105; candidate_definition_similarity=0.857; reverse_definition_similarity=0.776; semantic=0.857.
ox5000-7da870e0b860693f3ac5	rally	verb	C1	https://www.oxfordlearnersdictionaries.com/us/definition/english/rally_2	/us/definition/english/rally_2	to come together or bring people together in order to help or support somebody/something	демонстрація (клацання): щоб зібратися або зібрати людей разом для того, щоб допомогти або підтримати когось або щось	Helsinki-NLP/opus-mt-en-uk_contextual_definition_candidate	"Helsinki-NLP/opus-mt-en-uk_contextual_definition_candidate=>'демонстрація (клацання): щоб зібратися або зібрати людей разом для того, щоб допомогти або підтримати когось або щось';reverse='demo (click): to get together or gather people together to help or support someone or something';lex=0.000;candDef=0.691;revDef=0.650;decision=BLOCKED:verb candidate is not an appropriate Ukrainian infinitive/verb phrase || Helsinki-NLP/opus-mt-en-uk_surface_candidate=>""з' єднання"";reverse='connection';lex=0.000;candDef=0.402;revDef=0.225;decision=BLOCKED:verb candidate is not an appropriate Ukrainian infinitive/verb phrase"	BLOCKED: verb candidate is not an appropriate Ukrainian infinitive/verb phrase; method=Helsinki-NLP/opus-mt-en-uk_contextual_definition_candidate; exact Oxford definition='to come together or bring people together in order to help or support somebody/something'; candidate='демонстрація (клацання): щоб зібратися або зібрати людей разом для того, щоб допомогти або підтримати когось або щось'; reverse='demo (click): to get together or gather people together to help or support someone or something'; lexical=0.000; candidate_definition_similarity=0.691; reverse_definition_similarity=0.650; semantic=0.000.
ox5000-295bea1c47af665a1dba	random	adjective	B2	https://www.oxfordlearnersdictionaries.com/us/definition/english/random_1	/us/definition/english/random_1	done, chosen, etc. without somebody deciding in advance what is going to happen, or without any regular pattern	недоречний	en_wiktionary_matching_pos_uk_translation	en_wiktionary_matching_pos_uk_translation=>'випадко́вий';reverse='accident';lex=0.286;candDef=0.242;revDef=0.215;decision=BLOCKED:candidate/reverse meaning does not align with exact Oxford definition (0.242) || en_wiktionary_matching_pos_uk_translation=>'недоцільний';reverse='not valid';lex=0.267;candDef=0.195;revDef=0.155;decision=BLOCKED:low reverse lexical agreement 0.267 || en_wiktionary_matching_pos_uk_translation=>'недоречний';reverse='inappropriate';lex=0.211;candDef=0.320;revDef=0.194;decision=BLOCKED:low reverse lexical agreement 0.211 || Helsinki-NLP/opus-mt-en-uk_contextual_definition_candidate=>'random (прикметник): виконано, вибрано тощо без того, щоб хтось заздалегідь не вирішував, що станеться, або без звичайного шаблона';reverse='random (announcer): done, selected, & etc; without having one decide beforehand what will happen, or without the normal pattern';lex=0.000;candDef=0.622;revDef=0.621;decision=BLOCKED:Latin-language residue remains || Helsinki-NLP/opus-mt-en-uk_surface_candidate=>'random';reverse='random';lex=0.000;candDef=0.343;revDef=0.343;decision=BLOCKED:candidate is not predominantly Ukrainian	BLOCKED: low reverse lexical agreement 0.211; method=en_wiktionary_matching_pos_uk_translation; exact Oxford definition='done, chosen, etc. without somebody deciding in advance what is going to happen, or without any regular pattern'; candidate='недоречний'; reverse='inappropriate'; lexical=0.211; candidate_definition_similarity=0.320; reverse_definition_similarity=0.194; semantic=0.320.
ox5000-44e91337ba5dff9097c9	rape	verb	C1	https://www.oxfordlearnersdictionaries.com/us/definition/english/rape_2	/us/definition/english/rape_2	to force somebody to have sex when they do not want it or are not able to agree to it	зґвалтува́ти	en_wiktionary_matching_pos_uk_translation	en_wiktionary_matching_pos_uk_translation=>'ґвалтува́ти';reverse='The Exalts';lex=0.143;candDef=0.317;revDef=0.012;decision=BLOCKED:low reverse lexical agreement 0.143 || en_wiktionary_matching_pos_uk_translation=>'зґвалтува́ти';reverse='rape';lex=1.000;candDef=0.282;revDef=0.323;decision=BLOCKED:candidate/reverse meaning does not align with exact Oxford definition (0.323) || Helsinki-NLP/opus-mt-en-uk_contextual_definition_candidate=>'Зґвалтування (клацання): примушувати когось до статевих зносин, якщо вони цього не хочуть, або не можуть погодитись з цим.';reverse='Rape: To force sexual relations, if they do not want to, or to disagree.';lex=0.000;candDef=0.667;revDef=0.641;decision=BLOCKED:verb candidate is not an appropriate Ukrainian infinitive/verb phrase || Helsinki-NLP/opus-mt-en-uk_surface_candidate=>'гвалтування';reverse='rape';lex=0.000;candDef=0.332;revDef=0.323;decision=BLOCKED:verb candidate is not an appropriate Ukrainian infinitive/verb phrase	BLOCKED: candidate/reverse meaning does not align with exact Oxford definition (0.323); method=en_wiktionary_matching_pos_uk_translation; exact Oxford definition='to force somebody to have sex when they do not want it or are not able to agree to it'; candidate='зґвалтува́ти'; reverse='rape'; lexical=1.000; candidate_definition_similarity=0.282; reverse_definition_similarity=0.323; semantic=0.323.
ox5000-f6e06778ccf9167c70f9	realm	noun	C1	https://www.oxfordlearnersdictionaries.com/us/definition/english/realm	/us/definition/english/realm	an area of activity, interest or knowledge	ца́рство	en_wiktionary_matching_pos_uk_translation	en_wiktionary_matching_pos_uk_translation=>'о́бласть';reverse='Frustration';lex=0.250;candDef=0.405;revDef=0.356;decision=BLOCKED:low reverse lexical agreement 0.250 || en_wiktionary_matching_pos_uk_translation=>'сфе́ра';reverse='steʹra';lex=0.364;candDef=0.346;revDef=0.172;decision=BLOCKED:candidate/reverse meaning does not align with exact Oxford definition (0.346) || en_wiktionary_matching_pos_uk_translation=>'королі́вство';reverse='The Kings of the Kings';lex=0.074;candDef=0.246;revDef=0.157;decision=BLOCKED:low reverse lexical agreement 0.074 || en_wiktionary_matching_pos_uk_translation=>'ца́рство';reverse='Tsarʹ';lex=0.222;candDef=0.470;revDef=0.240;decision=BLOCKED:low reverse lexical agreement 0.222 || Helsinki-NLP/opus-mt-en-uk_contextual_definition_candidate=>'land (noun): ділянка діяльності, інтересу або знання';reverse='land (noun): activity, interest or knowledge area';lex=0.000;candDef=0.701;revDef=0.755;decision=BLOCKED:Latin-language residue remains || Helsinki-NLP/opus-mt-en-uk_surface_candidate=>'land';reverse='land';lex=0.000;candDef=0.470;revDef=0.470;decision=BLOCKED:candidate is not predominantly Ukrainian	BLOCKED: low reverse lexical agreement 0.222; method=en_wiktionary_matching_pos_uk_translation; exact Oxford definition='an area of activity, interest or knowledge'; candidate='ца́рство'; reverse='Tsarʹ'; lexical=0.222; candidate_definition_similarity=0.470; reverse_definition_similarity=0.240; semantic=0.470.
ox5000-69b2f9590153df6988ce	rear	noun	C1	https://www.oxfordlearnersdictionaries.com/us/definition/english/rear_2	/us/definition/english/rear_2	the back part of something	зад	Helsinki-NLP/opus-mt-en-uk_surface_candidate	Helsinki-NLP/opus-mt-en-uk_contextual_definition_candidate=>'Aack (noun): зворотна частина чогось';reverse='Aack (noun): Back part of something';lex=0.000;candDef=0.520;revDef=0.646;decision=BLOCKED:Latin-language residue remains || Helsinki-NLP/opus-mt-en-uk_surface_candidate=>'зад';reverse='bottom';lex=0.000;candDef=0.735;revDef=0.557;decision=BLOCKED:low reverse lexical agreement 0.000	BLOCKED: low reverse lexical agreement 0.000; method=Helsinki-NLP/opus-mt-en-uk_surface_candidate; exact Oxford definition='the back part of something'; candidate='зад'; reverse='bottom'; lexical=0.000; candidate_definition_similarity=0.735; reverse_definition_similarity=0.557; semantic=0.735.
ox5000-9297029e6028ab551ec4	reasonably	adverb	B2	https://www.oxfordlearnersdictionaries.com/us/definition/english/reasonably	/us/definition/english/reasonably	to a degree that is fairly good but not very good	До певної міри це досить добре, але не дуже добре.	Helsinki-NLP/opus-mt-en-uk_contextual_definition_candidate	"Helsinki-NLP/opus-mt-en-uk_contextual_definition_candidate=>'До певної міри це досить добре, але не дуже добре.';reverse=""To some degree it's pretty good, but it's not very good."";lex=0.188;candDef=0.744;revDef=0.739;decision=BLOCKED:low reverse lexical agreement 0.188 || Helsinki-NLP/opus-mt-en-uk_surface_candidate=>'Доволі.';reverse=""That's enough."";lex=0.174;candDef=0.383;revDef=0.206;decision=BLOCKED:low reverse lexical agreement 0.174"	"BLOCKED: low reverse lexical agreement 0.188; method=Helsinki-NLP/opus-mt-en-uk_contextual_definition_candidate; exact Oxford definition='to a degree that is fairly good but not very good'; candidate='До певної міри це досить добре, але не дуже добре.'; reverse=""To some degree it's pretty good, but it's not very good.""; lexical=0.188; candidate_definition_similarity=0.744; reverse_definition_similarity=0.739; semantic=0.744."
ox5000-1278d12e916dee475af0	reassure	verb	C1	https://www.oxfordlearnersdictionaries.com/us/definition/english/reassure	/us/definition/english/reassure	to say or do something that makes somebody less frightened or worried	заспоко́ювати	en_wiktionary_matching_pos_uk_translation	"en_wiktionary_matching_pos_uk_translation=>'завіря́ти';reverse='Shut the fuck up.';lex=0.167;candDef=0.324;revDef=0.177;decision=BLOCKED:low reverse lexical agreement 0.167 || en_wiktionary_matching_pos_uk_translation=>'заспоко́ювати';reverse='quiet down';lex=0.111;candDef=0.455;revDef=0.357;decision=BLOCKED:low reverse lexical agreement 0.111 || Helsinki-NLP/opus-mt-en-uk_contextual_definition_candidate=>'Запевняйте (клацання): говорити або робити щось, що робить когось менш наляканим або стурбованим';reverse='Assure (click): to say or do things that make one less scared or anxious';lex=0.000;candDef=0.898;revDef=0.801;decision=BLOCKED:verb candidate is not an appropriate Ukrainian infinitive/verb phrase || Helsinki-NLP/opus-mt-en-uk_surface_candidate=>""Зав' язати"";reverse='Close';lex=0.000;candDef=0.301;revDef=0.134;decision=BLOCKED:verb candidate is not an appropriate Ukrainian infinitive/verb phrase"	BLOCKED: low reverse lexical agreement 0.111; method=en_wiktionary_matching_pos_uk_translation; exact Oxford definition='to say or do something that makes somebody less frightened or worried'; candidate='заспоко́ювати'; reverse='quiet down'; lexical=0.111; candidate_definition_similarity=0.455; reverse_definition_similarity=0.357; semantic=0.455.
ox5000-82e5e823e0220b1f8d8d	receiver	noun	B2	https://www.oxfordlearnersdictionaries.com/us/definition/english/receiver	/us/definition/english/receiver	the part of a phone that you hold close to your mouth and ear	отримувач (нун): частина телефону, яку ви тримаєте близько до вашого рота і вуха	Helsinki-NLP/opus-mt-en-uk_contextual_definition_candidate	en_wiktionary_matching_pos_uk_translation=>'оде́ржувач';reverse='Steaker';lex=0.400;candDef=0.259;revDef=0.058;decision=BLOCKED:candidate/reverse meaning does not align with exact Oxford definition (0.259) || en_wiktionary_matching_pos_uk_translation=>'оде́ржувачка';reverse='Stirl';lex=0.154;candDef=0.356;revDef=0.251;decision=BLOCKED:low reverse lexical agreement 0.154 || en_wiktionary_matching_pos_uk_translation=>'прийма́ч';reverse='receiver';lex=1.000;candDef=0.339;revDef=0.200;decision=BLOCKED:candidate/reverse meaning does not align with exact Oxford definition (0.339) || en_wiktionary_matching_pos_uk_translation=>'слу́хавка';reverse='of a person who was a servant';lex=0.108;candDef=0.373;revDef=0.081;decision=BLOCKED:low reverse lexical agreement 0.108 || Helsinki-NLP/opus-mt-en-uk_contextual_definition_candidate=>'отримувач (нун): частина телефону, яку ви тримаєте близько до вашого рота і вуха';reverse='recipient: part of the phone you keep close to your mouth and ear';lex=0.167;candDef=0.909;revDef=0.881;decision=BLOCKED:low reverse lexical agreement 0.167 || Helsinki-NLP/opus-mt-en-uk_surface_candidate=>'отримувач';reverse='payee';lex=0.308;candDef=0.348;revDef=0.005;decision=BLOCKED:candidate/reverse meaning does not align with exact Oxford definition (0.348)	BLOCKED: low reverse lexical agreement 0.167; method=Helsinki-NLP/opus-mt-en-uk_contextual_definition_candidate; exact Oxford definition='the part of a phone that you hold close to your mouth and ear'; candidate='отримувач (нун): частина телефону, яку ви тримаєте близько до вашого рота і вуха'; reverse='recipient: part of the phone you keep close to your mouth and ear'; lexical=0.167; candidate_definition_similarity=0.909; reverse_definition_similarity=0.881; semantic=0.909.
ox5000-378f3b22f72b712307df	reckon	verb	B2	https://www.oxfordlearnersdictionaries.com/us/definition/english/reckon	/us/definition/english/reckon	to think something or have an opinion about something	score (verb): for think something or have a permission about something	Helsinki-NLP/opus-mt-en-uk_contextual_definition_candidate	Helsinki-NLP/opus-mt-en-uk_contextual_definition_candidate=>'score (verb): for think something or have a permission about something';reverse='score (verb): for thinking something or has a permission about something';lex=0.000;candDef=0.584;revDef=0.536;decision=BLOCKED:candidate is not predominantly Ukrainian || Helsinki-NLP/opus-mt-en-uk_surface_candidate=>'Підрахунки';reverse='Calculated';lex=0.000;candDef=0.212;revDef=0.051;decision=BLOCKED:verb candidate is not an appropriate Ukrainian infinitive/verb phrase	BLOCKED: candidate is not predominantly Ukrainian; method=Helsinki-NLP/opus-mt-en-uk_contextual_definition_candidate; exact Oxford definition='to think something or have an opinion about something'; candidate='score (verb): for think something or have a permission about something'; reverse='score (verb): for thinking something or has a permission about something'; lexical=0.000; candidate_definition_similarity=0.584; reverse_definition_similarity=0.536; semantic=0.000.
ox5000-948b85bbe7732bc16534	recount	verb	C1	https://www.oxfordlearnersdictionaries.com/us/definition/english/recount1_1	/us/definition/english/recount1_1	to tell somebody about something, especially something that you have experienced	розповіда́ти	en_wiktionary_matching_pos_uk_translation	en_wiktionary_matching_pos_uk_translation=>'розповіда́ти';reverse='story';lex=0.167;candDef=0.519;revDef=0.462;decision=BLOCKED:low reverse lexical agreement 0.167 || en_wiktionary_matching_pos_uk_translation=>'розпові́сти';reverse='story';lex=0.167;candDef=0.455;revDef=0.462;decision=BLOCKED:low reverse lexical agreement 0.167 || Helsinki-NLP/opus-mt-en-uk_contextual_definition_candidate=>'Розкажіть комусь про щось, особливо про те, що ви пережили.';reverse='Tell someone something, especially about your experiences.';lex=0.000;candDef=0.779;revDef=0.853;decision=BLOCKED:verb candidate is not an appropriate Ukrainian infinitive/verb phrase || Helsinki-NLP/opus-mt-en-uk_surface_candidate=>'Резюме';reverse='Summary';lex=0.000;candDef=0.218;revDef=0.179;decision=BLOCKED:verb candidate is not an appropriate Ukrainian infinitive/verb phrase	BLOCKED: low reverse lexical agreement 0.167; method=en_wiktionary_matching_pos_uk_translation; exact Oxford definition='to tell somebody about something, especially something that you have experienced'; candidate='розповіда́ти'; reverse='story'; lexical=0.167; candidate_definition_similarity=0.519; reverse_definition_similarity=0.462; semantic=0.519.
ox5000-585e02d27fde1a6416d9	recruit	verb	B2	https://www.oxfordlearnersdictionaries.com/us/definition/english/recruit_1	/us/definition/english/recruit_1	to find new people to join a company, an organization, the armed forces, etc.	вербува́ти	en_wiktionary_matching_pos_uk_translation	en_wiktionary_matching_pos_uk_translation=>'вербува́ти';reverse='Ovvuta';lex=0.308;candDef=0.269;revDef=0.114;decision=BLOCKED:candidate/reverse meaning does not align with exact Oxford definition (0.269) || en_wiktionary_matching_pos_uk_translation=>'завербо́вувати';reverse='& Loot';lex=0.182;candDef=0.145;revDef=0.124;decision=BLOCKED:low reverse lexical agreement 0.182 || en_wiktionary_matching_pos_uk_translation=>'завербува́ти';reverse='Replacement';lex=0.444;candDef=0.146;revDef=0.149;decision=BLOCKED:candidate/reverse meaning does not align with exact Oxford definition (0.149) || en_wiktionary_matching_pos_uk_translation=>'рекрутува́ти';reverse='regreevats';lex=0.471;candDef=0.211;revDef=0.158;decision=BLOCKED:candidate/reverse meaning does not align with exact Oxford definition (0.211) || Helsinki-NLP/opus-mt-en-uk_contextual_definition_candidate=>'Новонавернений (версія): знайти нових людей, щоб приєднатися до компанії, організації, збройних сил тощо.';reverse='Convertion: find new people to join the company, the organization, the armed forces, and so on.';lex=0.000;candDef=0.880;revDef=0.891;decision=BLOCKED:verb candidate is not an appropriate Ukrainian infinitive/verb phrase || Helsinki-NLP/opus-mt-en-uk_surface_candidate=>'reword';reverse='replace';lex=0.000;candDef=0.097;revDef=0.121;decision=BLOCKED:candidate is not predominantly Ukrainian	BLOCKED: candidate/reverse meaning does not align with exact Oxford definition (0.269); method=en_wiktionary_matching_pos_uk_translation; exact Oxford definition='to find new people to join a company, an organization, the armed forces, etc.'; candidate='вербува́ти'; reverse='Ovvuta'; lexical=0.308; candidate_definition_similarity=0.269; reverse_definition_similarity=0.114; semantic=0.269.
ox5000-9d471a0aecbe7bc0ce6c	referee	noun	B2	https://www.oxfordlearnersdictionaries.com/us/definition/english/referee_1	/us/definition/english/referee_1	the official who controls the game in some sports	рефері (нуун): офіційний керівник, який керує грою у деяких видах спорту.	Helsinki-NLP/opus-mt-en-uk_contextual_definition_candidate	en_wiktionary_matching_pos_uk_translation=>'суддя́';reverse='judge';lex=0.167;candDef=0.371;revDef=0.296;decision=BLOCKED:low reverse lexical agreement 0.167 || en_wiktionary_matching_pos_uk_translation=>'рефері́';reverse='referériʹ';lex=0.667;candDef=0.334;revDef=0.195;decision=BLOCKED:candidate/reverse meaning does not align with exact Oxford definition (0.334) || en_wiktionary_matching_pos_uk_translation=>'арбі́тр';reverse='abritre';lex=0.286;candDef=0.312;revDef=0.284;decision=BLOCKED:candidate/reverse meaning does not align with exact Oxford definition (0.312) || Helsinki-NLP/opus-mt-en-uk_contextual_definition_candidate=>'рефері (нуун): офіційний керівник, який керує грою у деяких видах спорту.';reverse='referri (nuun): The official director of some sports game.';lex=0.230;candDef=0.848;revDef=0.621;decision=BLOCKED:low reverse lexical agreement 0.230 || Helsinki-NLP/opus-mt-en-uk_surface_candidate=>'recipee';reverse='repeat';lex=0.000;candDef=0.001;revDef=0.110;decision=BLOCKED:candidate is not predominantly Ukrainian	BLOCKED: low reverse lexical agreement 0.230; method=Helsinki-NLP/opus-mt-en-uk_contextual_definition_candidate; exact Oxford definition='the official who controls the game in some sports'; candidate='рефері (нуун): офіційний керівник, який керує грою у деяких видах спорту.'; reverse='referri (nuun): The official director of some sports game.'; lexical=0.230; candidate_definition_similarity=0.848; reverse_definition_similarity=0.621; semantic=0.848.
ox5000-dbd50724500be7d1c07d	regain	verb	C1	https://www.oxfordlearnersdictionaries.com/us/definition/english/regain	/us/definition/english/regain	to get back something you no longer have, especially an ability or a quality	return (verboard): щоб повернути те, чого ви більше не маєте, особливо здатність або якість	Helsinki-NLP/opus-mt-en-uk_contextual_definition_candidate	Helsinki-NLP/opus-mt-en-uk_contextual_definition_candidate=>'return (verboard): щоб повернути те, чого ви більше не маєте, особливо здатність або якість';reverse='return (verbboard): to return what you no longer have, especially ability or quality';lex=0.000;candDef=0.765;revDef=0.735;decision=BLOCKED:Latin-language residue remains || Helsinki-NLP/opus-mt-en-uk_surface_candidate=>'return';reverse='return';lex=0.000;candDef=0.344;revDef=0.344;decision=BLOCKED:candidate is not predominantly Ukrainian	BLOCKED: Latin-language residue remains; method=Helsinki-NLP/opus-mt-en-uk_contextual_definition_candidate; exact Oxford definition='to get back something you no longer have, especially an ability or a quality'; candidate='return (verboard): щоб повернути те, чого ви більше не маєте, особливо здатність або якість'; reverse='return (verbboard): to return what you no longer have, especially ability or quality'; lexical=0.000; candidate_definition_similarity=0.765; reverse_definition_similarity=0.735; semantic=0.000.
ox5000-483abc4f09223bd18c48	regardless	adverb	C1	https://www.oxfordlearnersdictionaries.com/us/definition/english/regardless	/us/definition/english/regardless	paying no attention, even if the situation is bad or there are difficulties	незалежно від того, (клацання): не звертайте уваги, навіть якщо ситуація погана або виникають труднощі	Helsinki-NLP/opus-mt-en-uk_contextual_definition_candidate	"en_wiktionary_matching_pos_uk_translation=>'все одно́';reverse=""No, it doesn't matter."";lex=0.200;candDef=0.215;revDef=0.235;decision=BLOCKED:low reverse lexical agreement 0.200 || en_wiktionary_matching_pos_uk_translation=>'усе́ одно́';reverse='everything is the same.';lex=0.250;candDef=0.207;revDef=0.052;decision=BLOCKED:low reverse lexical agreement 0.250 || en_wiktionary_matching_pos_uk_translation=>'одна́ково';reverse='Same.';lex=0.143;candDef=0.272;revDef=0.102;decision=BLOCKED:low reverse lexical agreement 0.143 || Helsinki-NLP/opus-mt-en-uk_contextual_definition_candidate=>'незалежно від того, (клацання): не звертайте уваги, навіть якщо ситуація погана або виникають труднощі';reverse=""No matter what (clicks): Don't pay attention, even if the situation is bad or the situation is having problems."";lex=0.121;candDef=0.780;revDef=0.763;decision=BLOCKED:low reverse lexical agreement 0.121 || Helsinki-NLP/opus-mt-en-uk_surface_candidate=>'байдуже';reverse=""Doesn't matter."";lex=0.250;candDef=0.420;revDef=0.206;decision=BLOCKED:low reverse lexical agreement 0.250"	"BLOCKED: low reverse lexical agreement 0.121; method=Helsinki-NLP/opus-mt-en-uk_contextual_definition_candidate; exact Oxford definition='paying no attention, even if the situation is bad or there are difficulties'; candidate='незалежно від того, (клацання): не звертайте уваги, навіть якщо ситуація погана або виникають труднощі'; reverse=""No matter what (clicks): Don't pay attention, even if the situation is bad or the situation is having problems.""; lexical=0.121; candidate_definition_similarity=0.780; reverse_definition_similarity=0.763; semantic=0.780."
ox5000-770cb1cb41ee7278607c	regime	noun	C1	https://www.oxfordlearnersdictionaries.com/us/definition/english/regime	/us/definition/english/regime	a method or system of government, especially one that has not been elected in a fair way	режим (нун): метод або система уряду, особливо той, який не було справедливо обрано.	Helsinki-NLP/opus-mt-en-uk_contextual_definition_candidate	en_wiktionary_matching_pos_uk_translation=>'режи́м';reverse='subterfuge';lex=0.250;candDef=0.136;revDef=0.142;decision=BLOCKED:low reverse lexical agreement 0.250 || en_wiktionary_matching_pos_uk_translation=>'лад';reverse='system';lex=0.333;candDef=0.121;revDef=0.350;decision=BLOCKED:candidate/reverse meaning does not align with exact Oxford definition (0.350) || Helsinki-NLP/opus-mt-en-uk_contextual_definition_candidate=>'режим (нун): метод або система уряду, особливо той, який не було справедливо обрано.';reverse='mode (nun): a method or system of government, especially one not selected correctly.';lex=0.047;candDef=0.803;revDef=0.558;decision=BLOCKED:low reverse lexical agreement 0.047 || Helsinki-NLP/opus-mt-en-uk_surface_candidate=>'режим';reverse='mode';lex=0.200;candDef=0.341;revDef=0.140;decision=BLOCKED:low reverse lexical agreement 0.200	BLOCKED: low reverse lexical agreement 0.047; method=Helsinki-NLP/opus-mt-en-uk_contextual_definition_candidate; exact Oxford definition='a method or system of government, especially one that has not been elected in a fair way'; candidate='режим (нун): метод або система уряду, особливо той, який не було справедливо обрано.'; reverse='mode (nun): a method or system of government, especially one not selected correctly.'; lexical=0.047; candidate_definition_similarity=0.803; reverse_definition_similarity=0.558; semantic=0.803.
ox5000-89fc68aa89e0ce017d46	regulatory	adjective	C1	https://www.oxfordlearnersdictionaries.com/us/definition/english/regulatory	/us/definition/english/regulatory	having the power to control an area of business or industry and make sure that it is operating fairly	Регулятор (підприємець): має силу керувати діловою або промисловою сферою і дбати про те, щоб вона функціонувала справедливо	Helsinki-NLP/opus-mt-en-uk_contextual_definition_candidate	Helsinki-NLP/opus-mt-en-uk_contextual_definition_candidate=>'Регулятор (підприємець): має силу керувати діловою або промисловою сферою і дбати про те, щоб вона функціонувала справедливо';reverse='Controller: has the power to control the business or industrial sphere and to ensure that it functions fairly';lex=0.000;candDef=0.780;revDef=0.836;decision=BLOCKED:adjective candidate has no plausible Ukrainian adjective morphology || Helsinki-NLP/opus-mt-en-uk_surface_candidate=>'Регулятор';reverse='Controller';lex=0.000;candDef=0.489;revDef=0.365;decision=BLOCKED:adjective candidate has no plausible Ukrainian adjective morphology	BLOCKED: adjective candidate has no plausible Ukrainian adjective morphology; method=Helsinki-NLP/opus-mt-en-uk_contextual_definition_candidate; exact Oxford definition='having the power to control an area of business or industry and make sure that it is operating fairly'; candidate='Регулятор (підприємець): має силу керувати діловою або промисловою сферою і дбати про те, щоб вона функціонувала справедливо'; reverse='Controller: has the power to control the business or industrial sphere and to ensure that it functions fairly'; lexical=0.000; candidate_definition_similarity=0.780; reverse_definition_similarity=0.836; semantic=0.000.
ox5000-cb8f971d89616d8fc057	rejection	noun	C1	https://www.oxfordlearnersdictionaries.com/us/definition/english/rejection	/us/definition/english/rejection	the act of refusing to accept or consider something	відмова (ніун): дія відмови від прийняття або розгляду чогось	Helsinki-NLP/opus-mt-en-uk_contextual_definition_candidate	en_wiktionary_matching_pos_uk_translation=>'відмо́ва';reverse='reflectivity';lex=0.571;candDef=0.280;revDef=0.227;decision=BLOCKED:candidate/reverse meaning does not align with exact Oxford definition (0.280) || en_wiktionary_matching_pos_uk_translation=>'відхи́лення';reverse='declination';lex=0.600;candDef=0.351;revDef=0.302;decision=BLOCKED:candidate/reverse meaning does not align with exact Oxford definition (0.351) || Helsinki-NLP/opus-mt-en-uk_contextual_definition_candidate=>'відмова (ніун): дія відмови від прийняття або розгляду чогось';reverse='refusal (Neun): Action refusing to accept or consider something';lex=0.232;candDef=0.816;revDef=0.887;decision=BLOCKED:low reverse lexical agreement 0.232 || Helsinki-NLP/opus-mt-en-uk_surface_candidate=>'відлуння';reverse='echo';lex=0.462;candDef=0.345;revDef=0.113;decision=BLOCKED:candidate/reverse meaning does not align with exact Oxford definition (0.345)	BLOCKED: low reverse lexical agreement 0.232; method=Helsinki-NLP/opus-mt-en-uk_contextual_definition_candidate; exact Oxford definition='the act of refusing to accept or consider something'; candidate='відмова (ніун): дія відмови від прийняття або розгляду чогось'; reverse='refusal (Neun): Action refusing to accept or consider something'; lexical=0.232; candidate_definition_similarity=0.816; reverse_definition_similarity=0.887; semantic=0.887.
ox5000-647655f1ee5e1d3ecef4	relevance	noun	C1	https://www.oxfordlearnersdictionaries.com/us/definition/english/relevance	/us/definition/english/relevance	a close connection with the subject you are discussing or the situation you are in	Доступність (нуун): тісний зв' язок з темою, яку ви обговорюєте, або з ситуацією, у якій ви перебуваєте	Helsinki-NLP/opus-mt-en-uk_contextual_definition_candidate	"Helsinki-NLP/opus-mt-en-uk_contextual_definition_candidate=>""Доступність (нуун): тісний зв' язок з темою, яку ви обговорюєте, або з ситуацією, у якій ви перебуваєте"";reverse='Accessibility (nuun): Close association with the subject you are discussing, or with the situation in which you are living';lex=0.079;candDef=0.641;revDef=0.592;decision=BLOCKED:low reverse lexical agreement 0.079 || Helsinki-NLP/opus-mt-en-uk_surface_candidate=>'Доступність';reverse='Accessibility';lex=0.273;candDef=0.189;revDef=0.181;decision=BLOCKED:low reverse lexical agreement 0.273"	"BLOCKED: low reverse lexical agreement 0.079; method=Helsinki-NLP/opus-mt-en-uk_contextual_definition_candidate; exact Oxford definition='a close connection with the subject you are discussing or the situation you are in'; candidate=""Доступність (нуун): тісний зв' язок з темою, яку ви обговорюєте, або з ситуацією, у якій ви перебуваєте""; reverse='Accessibility (nuun): Close association with the subject you are discussing, or with the situation in which you are living'; lexical=0.079; candidate_definition_similarity=0.641; reverse_definition_similarity=0.592; semantic=0.641."
ox5000-302058e7a3d7857fa595	relieve	verb	B2	https://www.oxfordlearnersdictionaries.com/us/definition/english/relieve	/us/definition/english/relieve	to remove or reduce an unpleasant feeling or pain	увімкнути	Helsinki-NLP/opus-mt-en-uk_surface_candidate	Helsinki-NLP/opus-mt-en-uk_contextual_definition_candidate=>'видалення (клацання): щоб усунути або зменшити неприємні почуття або біль';reverse='delete (click): to remove or reduce unpleasant feelings or pain';lex=0.000;candDef=0.883;revDef=0.791;decision=BLOCKED:verb candidate is not an appropriate Ukrainian infinitive/verb phrase || Helsinki-NLP/opus-mt-en-uk_surface_candidate=>'увімкнути';reverse='enable';lex=0.462;candDef=0.338;revDef=0.279;decision=BLOCKED:candidate/reverse meaning does not align with exact Oxford definition (0.338)	BLOCKED: candidate/reverse meaning does not align with exact Oxford definition (0.338); method=Helsinki-NLP/opus-mt-en-uk_surface_candidate; exact Oxford definition='to remove or reduce an unpleasant feeling or pain'; candidate='увімкнути'; reverse='enable'; lexical=0.462; candidate_definition_similarity=0.338; reverse_definition_similarity=0.279; semantic=0.338.
ox5000-b992f758262a990feb46	relieved	adjective	B2	https://www.oxfordlearnersdictionaries.com/us/definition/english/relieved	/us/definition/english/relieved	feeling happy because something unpleasant has stopped or has not happened; showing this	з' єднання (примітка): бути щасливим, тому що щось неприємне зупинилося або не сталося; показати це	Helsinki-NLP/opus-mt-en-uk_contextual_definition_candidate	"Helsinki-NLP/opus-mt-en-uk_contextual_definition_candidate=>""з' єднання (примітка): бути щасливим, тому що щось неприємне зупинилося або не сталося; показати це"";reverse='connection (note): to be happy because something unpleasant has stopped or has not happened; to show this';lex=0.000;candDef=0.863;revDef=0.769;decision=BLOCKED:adjective candidate has no plausible Ukrainian adjective morphology || Helsinki-NLP/opus-mt-en-uk_surface_candidate=>""з' єднання"";reverse='connection';lex=0.000;candDef=0.285;revDef=0.129;decision=BLOCKED:adjective candidate has no plausible Ukrainian adjective morphology"	"BLOCKED: adjective candidate has no plausible Ukrainian adjective morphology; method=Helsinki-NLP/opus-mt-en-uk_contextual_definition_candidate; exact Oxford definition='feeling happy because something unpleasant has stopped or has not happened; showing this'; candidate=""з' єднання (примітка): бути щасливим, тому що щось неприємне зупинилося або не сталося; показати це""; reverse='connection (note): to be happy because something unpleasant has stopped or has not happened; to show this'; lexical=0.000; candidate_definition_similarity=0.863; reverse_definition_similarity=0.769; semantic=0.000."
ox5000-30e4fdf929282bee2e41	reluctant	adjective	C1	https://www.oxfordlearnersdictionaries.com/us/definition/english/reluctant	/us/definition/english/reluctant	hesitating before doing something because you do not want to do it or because you are not sure that it is the right thing to do	несхильний (підприємець): вагатися перед тим, як щось робити, тому що ви не хочете цього робити, або тому що ви не впевнені, що це правильно.	Helsinki-NLP/opus-mt-en-uk_contextual_definition_candidate	"en_wiktionary_matching_pos_uk_translation=>'неохо́чий';reverse='Unpalatable';lex=0.300;candDef=0.277;revDef=0.184;decision=BLOCKED:candidate/reverse meaning does not align with exact Oxford definition (0.277) || Helsinki-NLP/opus-mt-en-uk_contextual_definition_candidate=>'несхильний (підприємець): вагатися перед тим, як щось робити, тому що ви не хочете цього робити, або тому що ви не впевнені, що це правильно.';reverse=""non-composite: hesitate before doing anything, because you don't want to do it, or because you're not sure it's the right thing to do."";lex=0.101;candDef=0.846;revDef=0.846;decision=BLOCKED:low reverse lexical agreement 0.101 || Helsinki-NLP/opus-mt-en-uk_surface_candidate=>'неохоче';reverse='Not willing';lex=0.200;candDef=0.325;revDef=0.367;decision=BLOCKED:low reverse lexical agreement 0.200"	"BLOCKED: low reverse lexical agreement 0.101; method=Helsinki-NLP/opus-mt-en-uk_contextual_definition_candidate; exact Oxford definition='hesitating before doing something because you do not want to do it or because you are not sure that it is the right thing to do'; candidate='несхильний (підприємець): вагатися перед тим, як щось робити, тому що ви не хочете цього робити, або тому що ви не впевнені, що це правильно.'; reverse=""non-composite: hesitate before doing anything, because you don't want to do it, or because you're not sure it's the right thing to do.""; lexical=0.101; candidate_definition_similarity=0.846; reverse_definition_similarity=0.846; semantic=0.846."
ox5000-c5cf348853a28d5a4697	remarkable	adjective	B2	https://www.oxfordlearnersdictionaries.com/us/definition/english/remarkable	/us/definition/english/remarkable	unusual or surprising in a way that causes people to take notice	дивовижний (примітка): незвичний або несподіваний спосіб, який змушує людей звертати увагу на	Helsinki-NLP/opus-mt-en-uk_contextual_definition_candidate	en_wiktionary_matching_pos_uk_translation=>'вида́тний';reverse='visible';lex=0.353;candDef=0.260;revDef=0.349;decision=BLOCKED:candidate/reverse meaning does not align with exact Oxford definition (0.349) || Helsinki-NLP/opus-mt-en-uk_contextual_definition_candidate=>'дивовижний (примітка): незвичний або несподіваний спосіб, який змушує людей звертати увагу на';reverse='amazing (note): an unusual or unexpected way to make people pay attention';lex=0.150;candDef=0.812;revDef=0.696;decision=BLOCKED:low reverse lexical agreement 0.150 || Helsinki-NLP/opus-mt-en-uk_surface_candidate=>'надзвичайне';reverse='extraordinary';lex=0.261;candDef=0.320;revDef=0.366;decision=BLOCKED:low reverse lexical agreement 0.261	BLOCKED: low reverse lexical agreement 0.150; method=Helsinki-NLP/opus-mt-en-uk_contextual_definition_candidate; exact Oxford definition='unusual or surprising in a way that causes people to take notice'; candidate='дивовижний (примітка): незвичний або несподіваний спосіб, який змушує людей звертати увагу на'; reverse='amazing (note): an unusual or unexpected way to make people pay attention'; lexical=0.150; candidate_definition_similarity=0.812; reverse_definition_similarity=0.696; semantic=0.812.
ox5000-7d9c7f501d331eeb13b1	remarkably	adverb	B2	https://www.oxfordlearnersdictionaries.com/us/definition/english/remarkably	/us/definition/english/remarkably	in a way that is unusual or surprising and causes people to take notice	Дивовижно (клацання): у незвичний або несподіваний спосіб, що змушує людей звертати увагу на	Helsinki-NLP/opus-mt-en-uk_contextual_definition_candidate	Helsinki-NLP/opus-mt-en-uk_contextual_definition_candidate=>'Дивовижно (клацання): у незвичний або несподіваний спосіб, що змушує людей звертати увагу на';reverse='Amazing (clicks): in an unusual or unexpected way that makes people pay attention';lex=0.136;candDef=0.767;revDef=0.620;decision=BLOCKED:low reverse lexical agreement 0.136 || Helsinki-NLP/opus-mt-en-uk_surface_candidate=>'Дивовижно';reverse='Amazing';lex=0.235;candDef=0.312;revDef=0.242;decision=BLOCKED:low reverse lexical agreement 0.235	BLOCKED: low reverse lexical agreement 0.136; method=Helsinki-NLP/opus-mt-en-uk_contextual_definition_candidate; exact Oxford definition='in a way that is unusual or surprising and causes people to take notice'; candidate='Дивовижно (клацання): у незвичний або несподіваний спосіб, що змушує людей звертати увагу на'; reverse='Amazing (clicks): in an unusual or unexpected way that makes people pay attention'; lexical=0.136; candidate_definition_similarity=0.767; reverse_definition_similarity=0.620; semantic=0.767.
ox5000-7a422dddafa973b3ef5b	remedy	noun	C1	https://www.oxfordlearnersdictionaries.com/us/definition/english/remedy_1	/us/definition/english/remedy_1	a way of dealing with or improving an unpleasant or difficult situation	● (ніун): спосіб, яким можна справлятися з неприємними або важкими ситуаціями.	Helsinki-NLP/opus-mt-en-uk_contextual_definition_candidate	Helsinki-NLP/opus-mt-en-uk_contextual_definition_candidate=>'● (ніун): спосіб, яким можна справлятися з неприємними або важкими ситуаціями.';reverse='● (Neun): A way to cope with unpleasant or difficult situations.';lex=0.062;candDef=0.838;revDef=0.797;decision=BLOCKED:low reverse lexical agreement 0.062 || Helsinki-NLP/opus-mt-en-uk_surface_candidate=>'ліки';reverse='medicine';lex=0.429;candDef=0.332;revDef=0.303;decision=BLOCKED:candidate/reverse meaning does not align with exact Oxford definition (0.332)	BLOCKED: low reverse lexical agreement 0.062; method=Helsinki-NLP/opus-mt-en-uk_contextual_definition_candidate; exact Oxford definition='a way of dealing with or improving an unpleasant or difficult situation'; candidate='● (ніун): спосіб, яким можна справлятися з неприємними або важкими ситуаціями.'; reverse='● (Neun): A way to cope with unpleasant or difficult situations.'; lexical=0.062; candidate_definition_similarity=0.838; reverse_definition_similarity=0.797; semantic=0.838.
ox5000-b3b931657b2f20d42654	removal	noun	C1	https://www.oxfordlearnersdictionaries.com/us/definition/english/removal	/us/definition/english/removal	the act of taking somebody/something away from a particular place	вилучення	Helsinki-NLP/opus-mt-en-uk_surface_candidate	Helsinki-NLP/opus-mt-en-uk_contextual_definition_candidate=>'remove (noun): дія з вилучення когось/щось у певному місці';reverse='remove (noun): remove someone/ something at a certain location';lex=0.000;candDef=0.740;revDef=0.669;decision=BLOCKED:Latin-language residue remains || Helsinki-NLP/opus-mt-en-uk_surface_candidate=>'вилучення';reverse='delete';lex=0.308;candDef=0.346;revDef=0.347;decision=BLOCKED:candidate/reverse meaning does not align with exact Oxford definition (0.347)	BLOCKED: candidate/reverse meaning does not align with exact Oxford definition (0.347); method=Helsinki-NLP/opus-mt-en-uk_surface_candidate; exact Oxford definition='the act of taking somebody/something away from a particular place'; candidate='вилучення'; reverse='delete'; lexical=0.308; candidate_definition_similarity=0.346; reverse_definition_similarity=0.347; semantic=0.347.
ox5000-72494ae94d9b371b61d7	render	verb	C1	https://www.oxfordlearnersdictionaries.com/us/definition/english/render	/us/definition/english/render	to cause somebody/something to be in a particular state or condition	відре́ндерити	en_wiktionary_matching_pos_uk_translation	en_wiktionary_matching_pos_uk_translation=>'ре́ндерити';reverse='regrinders';lex=0.750;candDef=0.279;revDef=0.071;decision=BLOCKED:candidate/reverse meaning does not align with exact Oxford definition (0.279) || en_wiktionary_matching_pos_uk_translation=>'відре́ндерити';reverse='reproderts';lex=0.625;candDef=0.315;revDef=0.128;decision=BLOCKED:candidate/reverse meaning does not align with exact Oxford definition (0.315) || Helsinki-NLP/opus-mt-en-uk_contextual_definition_candidate=>'передавання (клацання): щоб змусити когось або щось бути у певному стані або умові';reverse='transfer: to force someone or something to be in a certain state or condition';lex=0.000;candDef=0.631;revDef=0.550;decision=BLOCKED:verb candidate is not an appropriate Ukrainian infinitive/verb phrase || Helsinki-NLP/opus-mt-en-uk_surface_candidate=>'показати';reverse='show';lex=0.000;candDef=0.286;revDef=0.206;decision=BLOCKED:low reverse lexical agreement 0.000	BLOCKED: candidate/reverse meaning does not align with exact Oxford definition (0.315); method=en_wiktionary_matching_pos_uk_translation; exact Oxford definition='to cause somebody/something to be in a particular state or condition'; candidate='відре́ндерити'; reverse='reproderts'; lexical=0.625; candidate_definition_similarity=0.315; reverse_definition_similarity=0.128; semantic=0.315.
ox5000-c38154f0b0dc7bc68cca	rental	noun	C1	https://www.oxfordlearnersdictionaries.com/us/definition/english/rental	/us/definition/english/rental	the amount of money that you pay to use something for a particular period of time	Оренда (нуун): сума грошей, яку ви платите, щоб використати їх на певний період часу.	Helsinki-NLP/opus-mt-en-uk_contextual_definition_candidate	Helsinki-NLP/opus-mt-en-uk_contextual_definition_candidate=>'Оренда (нуун): сума грошей, яку ви платите, щоб використати їх на певний період часу.';reverse='Rent: The amount of money you pay to use for a period of time.';lex=0.152;candDef=0.556;revDef=0.517;decision=BLOCKED:low reverse lexical agreement 0.152 || Helsinki-NLP/opus-mt-en-uk_surface_candidate=>'Оренда';reverse='Rent';lex=1.000;candDef=0.143;revDef=0.168;decision=BLOCKED:candidate/reverse meaning does not align with exact Oxford definition (0.168)	BLOCKED: low reverse lexical agreement 0.152; method=Helsinki-NLP/opus-mt-en-uk_contextual_definition_candidate; exact Oxford definition='the amount of money that you pay to use something for a particular period of time'; candidate='Оренда (нуун): сума грошей, яку ви платите, щоб використати їх на певний період часу.'; reverse='Rent: The amount of money you pay to use for a period of time.'; lexical=0.152; candidate_definition_similarity=0.556; reverse_definition_similarity=0.517; semantic=0.556.
ox5000-807618fb1ab06afab56f	reportedly	adverb	C1	https://www.oxfordlearnersdictionaries.com/us/definition/english/reportedly	/us/definition/english/reportedly	according to what some people say	кажуть	Helsinki-NLP/opus-mt-en-uk_surface_candidate	Helsinki-NLP/opus-mt-en-uk_contextual_definition_candidate=>'так звані (словник): згідно з тим, що декотрі люди кажуть';reverse='so - called (word): According to what some people say';lex=0.241;candDef=0.730;revDef=0.654;decision=BLOCKED:low reverse lexical agreement 0.241 || Helsinki-NLP/opus-mt-en-uk_surface_candidate=>'кажуть';reverse='They say';lex=0.222;candDef=0.694;revDef=0.751;decision=BLOCKED:low reverse lexical agreement 0.222	BLOCKED: low reverse lexical agreement 0.222; method=Helsinki-NLP/opus-mt-en-uk_surface_candidate; exact Oxford definition='according to what some people say'; candidate='кажуть'; reverse='They say'; lexical=0.222; candidate_definition_similarity=0.694; reverse_definition_similarity=0.751; semantic=0.751.
ox5000-c3bb081811e8ea86c41e	reproduce	verb	C1	https://www.oxfordlearnersdictionaries.com/us/definition/english/reproduce	/us/definition/english/reproduce	to make a copy of a picture, piece of text, etc.	відтворення (verboard): щоб зробити копію картинки, фрагмента тексту тощо.	Helsinki-NLP/opus-mt-en-uk_contextual_definition_candidate	Helsinki-NLP/opus-mt-en-uk_contextual_definition_candidate=>'відтворення (verboard): щоб зробити копію картинки, фрагмента тексту тощо.';reverse='playing (verbboard): to make a copy of a picture, a piece of text, etc.';lex=0.000;candDef=0.866;revDef=0.751;decision=BLOCKED:Latin-language residue remains || Helsinki-NLP/opus-mt-en-uk_surface_candidate=>'відтворення';reverse='playing';lex=0.000;candDef=0.372;revDef=0.037;decision=BLOCKED:verb candidate is not an appropriate Ukrainian infinitive/verb phrase	BLOCKED: Latin-language residue remains; method=Helsinki-NLP/opus-mt-en-uk_contextual_definition_candidate; exact Oxford definition='to make a copy of a picture, piece of text, etc.'; candidate='відтворення (verboard): щоб зробити копію картинки, фрагмента тексту тощо.'; reverse='playing (verbboard): to make a copy of a picture, a piece of text, etc.'; lexical=0.000; candidate_definition_similarity=0.866; reverse_definition_similarity=0.751; semantic=0.000.
ox5000-e479fa4b3f34648974c8	resemble	verb	C1	https://www.oxfordlearnersdictionaries.com/us/definition/english/resemble	/us/definition/english/resemble	to look like or be similar to another person or thing	бу́ти [[схожий	en_wiktionary_matching_pos_uk_translation	en_wiktionary_matching_pos_uk_translation=>'бу́ти [[поді́бний';reverse='boi [[thym]';lex=0.125;candDef=0.242;revDef=0.182;decision=BLOCKED:low reverse lexical agreement 0.125 || en_wiktionary_matching_pos_uk_translation=>'бу́ти [[схожий';reverse='boʹte [similar]';lex=0.095;candDef=0.283;revDef=0.351;decision=BLOCKED:low reverse lexical agreement 0.095 || Helsinki-NLP/opus-mt-en-uk_contextual_definition_candidate=>'подібно (версія): виглядати або бути схожим на іншу особу або річ';reverse='similar (version): look or look like another person or thing';lex=0.000;candDef=0.914;revDef=0.869;decision=BLOCKED:verb candidate is not an appropriate Ukrainian infinitive/verb phrase || Helsinki-NLP/opus-mt-en-uk_surface_candidate=>'подібно';reverse='similar';lex=0.000;candDef=0.394;revDef=0.376;decision=BLOCKED:verb candidate is not an appropriate Ukrainian infinitive/verb phrase	BLOCKED: low reverse lexical agreement 0.095; method=en_wiktionary_matching_pos_uk_translation; exact Oxford definition='to look like or be similar to another person or thing'; candidate='бу́ти [[схожий'; reverse='boʹte [similar]'; lexical=0.095; candidate_definition_similarity=0.283; reverse_definition_similarity=0.351; semantic=0.351.
ox5000-3e450a4dbd3782654ccb	reside	verb	C1	https://www.oxfordlearnersdictionaries.com/us/definition/english/reside	/us/definition/english/reside	to live in a particular place	прожива́ти	en_wiktionary_matching_pos_uk_translation	en_wiktionary_matching_pos_uk_translation=>'ме́шкати';reverse='Meshkats';lex=0.286;candDef=0.236;revDef=0.170;decision=BLOCKED:candidate/reverse meaning does not align with exact Oxford definition (0.236) || en_wiktionary_matching_pos_uk_translation=>'жи́ти';reverse='icʹ';lex=0.250;candDef=0.230;revDef=0.143;decision=BLOCKED:low reverse lexical agreement 0.250 || en_wiktionary_matching_pos_uk_translation=>'прожива́ти';reverse='Come on, come on, come on, come on, come on, come on, come on, come on, come on, come on, come on, come on, come on, come on, come on, come on, come on, come on, come on, come on, come on, come on, come on, come on';lex=0.020;candDef=0.508;revDef=0.045;decision=BLOCKED:low reverse lexical agreement 0.020 || Helsinki-NLP/opus-mt-en-uk_contextual_definition_candidate=>'location (verboard): щоб жити у певному місці';reverse='location (verbboard): to live in a specific location';lex=0.000;candDef=0.719;revDef=0.769;decision=BLOCKED:candidate is not predominantly Ukrainian || Helsinki-NLP/opus-mt-en-uk_surface_candidate=>'перебування';reverse='stay';lex=0.000;candDef=0.404;revDef=0.303;decision=BLOCKED:verb candidate is not an appropriate Ukrainian infinitive/verb phrase	BLOCKED: low reverse lexical agreement 0.020; method=en_wiktionary_matching_pos_uk_translation; exact Oxford definition='to live in a particular place'; candidate='прожива́ти'; reverse='Come on, come on, come on, come on, come on, come on, come on, come on, come on, come on, come on, come on, come on, come on, come on, come on, come on, come on, come on, come on, come on, come on, come on, come on'; lexical=0.020; candidate_definition_similarity=0.508; reverse_definition_similarity=0.045; semantic=0.508.
ox5000-20a1f65811686513d9f4	resign	verb	B2	https://www.oxfordlearnersdictionaries.com/us/definition/english/resign	/us/definition/english/resign	to officially tell somebody that you are leaving your job, an organization, etc.	іти́ у [[відставка	en_wiktionary_matching_pos_uk_translation	en_wiktionary_matching_pos_uk_translation=>'іти́ у [[відставка';reverse='go to [[resource]';lex=0.000;candDef=0.206;revDef=0.189;decision=BLOCKED:verb candidate is not an appropriate Ukrainian infinitive/verb phrase || en_wiktionary_matching_pos_uk_translation=>'піти́ у [[відставка';reverse='go to [resistance]';lex=0.000;candDef=0.219;revDef=0.213;decision=BLOCKED:verb candidate is not an appropriate Ukrainian infinitive/verb phrase || Helsinki-NLP/opus-mt-en-uk_contextual_definition_candidate=>'відмова (версія): офіційно повідомити комусь, що ви полишили роботу, організацію тощо.';reverse='refusal: Officially inform someone that you have quit your job, your organization, etc.';lex=0.000;candDef=0.867;revDef=0.754;decision=BLOCKED:verb candidate is not an appropriate Ukrainian infinitive/verb phrase || Helsinki-NLP/opus-mt-en-uk_surface_candidate=>'здача';reverse='change';lex=0.000;candDef=0.216;revDef=0.226;decision=BLOCKED:verb candidate is not an appropriate Ukrainian infinitive/verb phrase	BLOCKED: verb candidate is not an appropriate Ukrainian infinitive/verb phrase; method=en_wiktionary_matching_pos_uk_translation; exact Oxford definition='to officially tell somebody that you are leaving your job, an organization, etc.'; candidate='іти́ у [[відставка'; reverse='go to [[resource]'; lexical=0.000; candidate_definition_similarity=0.206; reverse_definition_similarity=0.189; semantic=0.000.
ox5000-0025be25ef16855099a4	respective	adjective	C1	https://www.oxfordlearnersdictionaries.com/us/definition/english/respective	/us/definition/english/respective	belonging or relating separately to each of the people or things already mentioned	відповідні (примітка): належать або пов' язуються окремо з кожним з цих людей або з тим, що вже згадано	Helsinki-NLP/opus-mt-en-uk_contextual_definition_candidate	"en_wiktionary_matching_pos_uk_translation=>'відпові́дний';reverse='reply';lex=0.400;candDef=0.374;revDef=0.334;decision=BLOCKED:candidate/reverse meaning does not align with exact Oxford definition (0.374) || Helsinki-NLP/opus-mt-en-uk_contextual_definition_candidate=>""відповідні (примітка): належать або пов' язуються окремо з кожним з цих людей або з тим, що вже згадано"";reverse='appropriate (note): either associate with each of these people or with what is already mentioned';lex=0.117;candDef=0.806;revDef=0.736;decision=BLOCKED:low reverse lexical agreement 0.117 || Helsinki-NLP/opus-mt-en-uk_surface_candidate=>'відповідно';reverse='appropriate';lex=0.000;candDef=0.387;revDef=0.285;decision=BLOCKED:adjective candidate has no plausible Ukrainian adjective morphology"	"BLOCKED: low reverse lexical agreement 0.117; method=Helsinki-NLP/opus-mt-en-uk_contextual_definition_candidate; exact Oxford definition='belonging or relating separately to each of the people or things already mentioned'; candidate=""відповідні (примітка): належать або пов' язуються окремо з кожним з цих людей або з тим, що вже згадано""; reverse='appropriate (note): either associate with each of these people or with what is already mentioned'; lexical=0.117; candidate_definition_similarity=0.806; reverse_definition_similarity=0.736; semantic=0.806."
ox5000-889a381eef3e62e7724c	resume	verb	C1	https://www.oxfordlearnersdictionaries.com/us/definition/english/resume_1	/us/definition/english/resume_1	if you resume an activity, or if it resumes , it begins again or continues after being interrupted	поновлювати (клацання): якщо ви продовжите діяльність, або, якщо вона продовжить, вона починатиметься знову або продовжуватиметься після переривання	Helsinki-NLP/opus-mt-en-uk_contextual_definition_candidate	Helsinki-NLP/opus-mt-en-uk_contextual_definition_candidate=>'поновлювати (клацання): якщо ви продовжите діяльність, або, якщо вона продовжить, вона починатиметься знову або продовжуватиметься після переривання';reverse='refresh (click): If you continue, or if it continues, it will start again or continue after the interrupt';lex=0.094;candDef=0.783;revDef=0.804;decision=BLOCKED:low reverse lexical agreement 0.094 || Helsinki-NLP/opus-mt-en-uk_surface_candidate=>'refresh';reverse='refresh';lex=0.000;candDef=0.445;revDef=0.445;decision=BLOCKED:candidate is not predominantly Ukrainian	BLOCKED: low reverse lexical agreement 0.094; method=Helsinki-NLP/opus-mt-en-uk_contextual_definition_candidate; exact Oxford definition='if you resume an activity, or if it resumes , it begins again or continues after being interrupted'; candidate='поновлювати (клацання): якщо ви продовжите діяльність, або, якщо вона продовжить, вона починатиметься знову або продовжуватиметься після переривання'; reverse='refresh (click): If you continue, or if it continues, it will start again or continue after the interrupt'; lexical=0.094; candidate_definition_similarity=0.783; reverse_definition_similarity=0.804; semantic=0.804.
ox5000-4624f0a076289b652979	retail	noun	B2	https://www.oxfordlearnersdictionaries.com/us/definition/english/retail_1	/us/definition/english/retail_1	the selling of goods to the public, usually through shops	Торгівля (ноун): продаж товарів для широкого загалу, зазвичай через магазини.	Helsinki-NLP/opus-mt-en-uk_contextual_definition_candidate	en_wiktionary_matching_pos_uk_translation=>'ро́здріб';reverse='toil';lex=0.600;candDef=0.173;revDef=0.195;decision=BLOCKED:candidate/reverse meaning does not align with exact Oxford definition (0.195) || Helsinki-NLP/opus-mt-en-uk_contextual_definition_candidate=>'Торгівля (ноун): продаж товарів для широкого загалу, зазвичай через магазини.';reverse='Trade: Sales of goods to the public, usually through stores';lex=0.063;candDef=0.850;revDef=0.912;decision=BLOCKED:low reverse lexical agreement 0.063 || Helsinki-NLP/opus-mt-en-uk_surface_candidate=>'Роздрібна';reverse='Distributing';lex=0.333;candDef=0.265;revDef=0.353;decision=BLOCKED:candidate/reverse meaning does not align with exact Oxford definition (0.353)	BLOCKED: low reverse lexical agreement 0.063; method=Helsinki-NLP/opus-mt-en-uk_contextual_definition_candidate; exact Oxford definition='the selling of goods to the public, usually through shops'; candidate='Торгівля (ноун): продаж товарів для широкого загалу, зазвичай через магазини.'; reverse='Trade: Sales of goods to the public, usually through stores'; lexical=0.063; candidate_definition_similarity=0.850; reverse_definition_similarity=0.912; semantic=0.912.
ox5000-8e4c7fdab2a371068a91	retreat	verb	C1	https://www.oxfordlearnersdictionaries.com/us/definition/english/retreat_2	/us/definition/english/retreat_2	to move away from a place or an enemy because you are in danger or because you have been defeated	відступа́ти	en_wiktionary_matching_pos_uk_translation	en_wiktionary_matching_pos_uk_translation=>'відступа́ти';reverse='Instinct';lex=0.267;candDef=0.537;revDef=0.295;decision=BLOCKED:low reverse lexical agreement 0.267 || en_wiktionary_matching_pos_uk_translation=>'відступи́ти';reverse='Instinct';lex=0.267;candDef=0.528;revDef=0.295;decision=BLOCKED:low reverse lexical agreement 0.267 || Helsinki-NLP/opus-mt-en-uk_contextual_definition_candidate=>'remove (verb): перейти з якогось місця або ворога через те, що ви у небезпеці або через те, що зазнали поразки';reverse='remove (verb): move from some place or enemy because you are in danger or because you have been defeated';lex=0.000;candDef=0.820;revDef=0.864;decision=BLOCKED:Latin-language residue remains || Helsinki-NLP/opus-mt-en-uk_surface_candidate=>'remove';reverse='remove';lex=0.000;candDef=0.288;revDef=0.288;decision=BLOCKED:candidate is not predominantly Ukrainian	BLOCKED: low reverse lexical agreement 0.267; method=en_wiktionary_matching_pos_uk_translation; exact Oxford definition='to move away from a place or an enemy because you are in danger or because you have been defeated'; candidate='відступа́ти'; reverse='Instinct'; lexical=0.267; candidate_definition_similarity=0.537; reverse_definition_similarity=0.295; semantic=0.537.
ox5000-a3bdd3de0b78cccadf30	revenue	noun	B2	https://www.oxfordlearnersdictionaries.com/us/definition/english/revenue	/us/definition/english/revenue	the money that a government receives from taxes or that an organization, etc. receives from its business	Доходи (ніун): гроші, які уряд отримує від податків або організації, і т. д. отримують від свого бізнесу.	Helsinki-NLP/opus-mt-en-uk_contextual_definition_candidate	en_wiktionary_matching_pos_uk_translation=>'прибу́ток';reverse='Arrival';lex=0.286;candDef=0.047;revDef=0.074;decision=BLOCKED:candidate/reverse meaning does not align with exact Oxford definition (0.074) || en_wiktionary_matching_pos_uk_translation=>'дохі́д';reverse='bhidhdhdh';lex=0.000;candDef=0.092;revDef=-0.049;decision=BLOCKED:low reverse lexical agreement 0.000 || en_wiktionary_matching_pos_uk_translation=>'ви́торг';reverse='duel';lex=0.364;candDef=0.047;revDef=-0.120;decision=BLOCKED:candidate/reverse meaning does not align with exact Oxford definition (0.047) || Helsinki-NLP/opus-mt-en-uk_contextual_definition_candidate=>'Доходи (ніун): гроші, які уряд отримує від податків або організації, і т. д. отримують від свого бізнесу.';reverse='Income (Nun): The money the government gets from taxes or organizations, etc. it gets from its business.';lex=0.114;candDef=0.884;revDef=0.888;decision=BLOCKED:low reverse lexical agreement 0.114 || Helsinki-NLP/opus-mt-en-uk_surface_candidate=>'Прибуток';reverse='Income';lex=0.154;candDef=0.041;revDef=0.502;decision=BLOCKED:low reverse lexical agreement 0.154	BLOCKED: low reverse lexical agreement 0.114; method=Helsinki-NLP/opus-mt-en-uk_contextual_definition_candidate; exact Oxford definition='the money that a government receives from taxes or that an organization, etc. receives from its business'; candidate='Доходи (ніун): гроші, які уряд отримує від податків або організації, і т. д. отримують від свого бізнесу.'; reverse='Income (Nun): The money the government gets from taxes or organizations, etc. it gets from its business.'; lexical=0.114; candidate_definition_similarity=0.884; reverse_definition_similarity=0.888; semantic=0.888.
ox5000-09672226d1b64a0b6aa3	reverse	verb	C1	https://www.oxfordlearnersdictionaries.com/us/definition/english/reverse_1	/us/definition/english/reverse_1	to change something completely so that it is the opposite of what it was before	скасува́ти	en_wiktionary_matching_pos_uk_translation	"en_wiktionary_matching_pos_uk_translation=>'касува́ти';reverse='kasua·tas';lex=0.125;candDef=0.154;revDef=0.053;decision=BLOCKED:low reverse lexical agreement 0.125 || en_wiktionary_matching_pos_uk_translation=>'скасува́ти';reverse='ostraca';lex=0.143;candDef=0.206;revDef=0.046;decision=BLOCKED:low reverse lexical agreement 0.143 || Helsinki-NLP/opus-mt-en-uk_contextual_definition_candidate=>'Зворотне (версія): повністю змінити щось так, щоб воно було протилежним тому, що було раніше';reverse=""Reverse: completely change something so it's opposite because it used to be"";lex=0.000;candDef=0.806;revDef=0.793;decision=BLOCKED:verb candidate is not an appropriate Ukrainian infinitive/verb phrase || Helsinki-NLP/opus-mt-en-uk_surface_candidate=>'Зворотний';reverse='Reverse';lex=0.000;candDef=0.303;revDef=0.359;decision=BLOCKED:verb candidate is not an appropriate Ukrainian infinitive/verb phrase"	BLOCKED: low reverse lexical agreement 0.143; method=en_wiktionary_matching_pos_uk_translation; exact Oxford definition='to change something completely so that it is the opposite of what it was before'; candidate='скасува́ти'; reverse='ostraca'; lexical=0.143; candidate_definition_similarity=0.206; reverse_definition_similarity=0.046; semantic=0.206.
ox5000-5b2ae027f51366bee7c7	revival	noun	C1	https://www.oxfordlearnersdictionaries.com/us/definition/english/revival	/us/definition/english/revival	an improvement in the condition or strength of something	Відродження (нун): поліпшення стану або сили чогось	Helsinki-NLP/opus-mt-en-uk_contextual_definition_candidate	Helsinki-NLP/opus-mt-en-uk_contextual_definition_candidate=>'Відродження (нун): поліпшення стану або сили чогось';reverse='Renaissance (nun): improving the state or force of something';lex=0.156;candDef=0.450;revDef=0.399;decision=BLOCKED:low reverse lexical agreement 0.156 || Helsinki-NLP/opus-mt-en-uk_surface_candidate=>'Відновлення';reverse='Restoration';lex=0.333;candDef=0.351;revDef=0.310;decision=BLOCKED:candidate/reverse meaning does not align with exact Oxford definition (0.351)	BLOCKED: low reverse lexical agreement 0.156; method=Helsinki-NLP/opus-mt-en-uk_contextual_definition_candidate; exact Oxford definition='an improvement in the condition or strength of something'; candidate='Відродження (нун): поліпшення стану або сили чогось'; reverse='Renaissance (nun): improving the state or force of something'; lexical=0.156; candidate_definition_similarity=0.450; reverse_definition_similarity=0.399; semantic=0.450.
ox5000-9bd54337e6ebc0e55b60	revive	verb	C1	https://www.oxfordlearnersdictionaries.com/us/definition/english/revive	/us/definition/english/revive	to become, or to make somebody/something become, conscious or healthy and strong again	відродження (версія): стати, або змусити когось/щось стати, свідомим або здоровим і сильним знову	Helsinki-NLP/opus-mt-en-uk_contextual_definition_candidate	Helsinki-NLP/opus-mt-en-uk_contextual_definition_candidate=>'відродження (версія): стати, або змусити когось/щось стати, свідомим або здоровим і сильним знову';reverse='regeneration: become, or force someone/ something to become, conscious or healthy and strong again';lex=0.000;candDef=0.775;revDef=0.748;decision=BLOCKED:verb candidate is not an appropriate Ukrainian infinitive/verb phrase || Helsinki-NLP/opus-mt-en-uk_surface_candidate=>'відновлення';reverse='restore';lex=0.000;candDef=0.303;revDef=0.303;decision=BLOCKED:verb candidate is not an appropriate Ukrainian infinitive/verb phrase	BLOCKED: verb candidate is not an appropriate Ukrainian infinitive/verb phrase; method=Helsinki-NLP/opus-mt-en-uk_contextual_definition_candidate; exact Oxford definition='to become, or to make somebody/something become, conscious or healthy and strong again'; candidate='відродження (версія): стати, або змусити когось/щось стати, свідомим або здоровим і сильним знову'; reverse='regeneration: become, or force someone/ something to become, conscious or healthy and strong again'; lexical=0.000; candidate_definition_similarity=0.775; reverse_definition_similarity=0.748; semantic=0.000.
ox5000-cea8cee4e720619285f1	rip	verb	C1	https://www.oxfordlearnersdictionaries.com/us/definition/english/rip_1	/us/definition/english/rip_1	to tear something or to become torn, often suddenly or violently	rack (verboard): щоб розірвати що-небудь або розбитися, часто раптово або брутально	Helsinki-NLP/opus-mt-en-uk_contextual_definition_candidate	Helsinki-NLP/opus-mt-en-uk_contextual_definition_candidate=>'rack (verboard): щоб розірвати що-небудь або розбитися, часто раптово або брутально';reverse='round (verbboard): to break anything or break something, often suddenly or violently';lex=0.000;candDef=0.527;revDef=0.483;decision=BLOCKED:Latin-language residue remains || Helsinki-NLP/opus-mt-en-uk_surface_candidate=>'видирання';reverse='ripping';lex=0.000;candDef=0.407;revDef=0.546;decision=BLOCKED:verb candidate is not an appropriate Ukrainian infinitive/verb phrase	BLOCKED: Latin-language residue remains; method=Helsinki-NLP/opus-mt-en-uk_contextual_definition_candidate; exact Oxford definition='to tear something or to become torn, often suddenly or violently'; candidate='rack (verboard): щоб розірвати що-небудь або розбитися, часто раптово або брутально'; reverse='round (verbboard): to break anything or break something, often suddenly or violently'; lexical=0.000; candidate_definition_similarity=0.527; reverse_definition_similarity=0.483; semantic=0.000.
ox5000-0c88c4e63156b3a83e3b	rival	adjective	B2	https://www.oxfordlearnersdictionaries.com/us/definition/english/rival_2	/us/definition/english/rival_2	competing with another person, company, thing, etc.	суперник (підприємець): конкурує з іншою особою, компанією, речами тощо.	Helsinki-NLP/opus-mt-en-uk_contextual_definition_candidate	Helsinki-NLP/opus-mt-en-uk_contextual_definition_candidate=>'суперник (підприємець): конкурує з іншою особою, компанією, речами тощо.';reverse='opponent: competes with another person, company, things, etc.';lex=0.000;candDef=0.845;revDef=0.910;decision=BLOCKED:adjective candidate has no plausible Ukrainian adjective morphology || Helsinki-NLP/opus-mt-en-uk_surface_candidate=>'суперник';reverse='opponent';lex=0.000;candDef=0.436;revDef=0.569;decision=BLOCKED:adjective candidate has no plausible Ukrainian adjective morphology	BLOCKED: adjective candidate has no plausible Ukrainian adjective morphology; method=Helsinki-NLP/opus-mt-en-uk_contextual_definition_candidate; exact Oxford definition='competing with another person, company, thing, etc.'; candidate='суперник (підприємець): конкурує з іншою особою, компанією, речами тощо.'; reverse='opponent: competes with another person, company, things, etc.'; lexical=0.000; candidate_definition_similarity=0.845; reverse_definition_similarity=0.910; semantic=0.000.
ox5000-dac23ee9598106867c47	rival	noun	B2	https://www.oxfordlearnersdictionaries.com/us/definition/english/rival_1	/us/definition/english/rival_1	a person, company or thing that competes with another in sport, business, etc.	суперник (нуун): особа, компанія або річ, яка конкурує з кимось у спорті, бізнесі тощо.	Helsinki-NLP/opus-mt-en-uk_contextual_definition_candidate	en_wiktionary_matching_pos_uk_translation=>'супе́рник';reverse='soup';lex=0.000;candDef=0.205;revDef=-0.002;decision=BLOCKED:low reverse lexical agreement 0.000 || en_wiktionary_matching_pos_uk_translation=>'супе́рниця';reverse='soup';lex=0.000;candDef=0.227;revDef=-0.002;decision=BLOCKED:low reverse lexical agreement 0.000 || en_wiktionary_matching_pos_uk_translation=>'проти́вник';reverse='resister';lex=0.308;candDef=0.210;revDef=0.234;decision=BLOCKED:candidate/reverse meaning does not align with exact Oxford definition (0.234) || en_wiktionary_matching_pos_uk_translation=>'проти́вниця';reverse='counterbrow';lex=0.125;candDef=0.216;revDef=0.145;decision=BLOCKED:low reverse lexical agreement 0.125 || Helsinki-NLP/opus-mt-en-uk_contextual_definition_candidate=>'суперник (нуун): особа, компанія або річ, яка конкурує з кимось у спорті, бізнесі тощо.';reverse='opponent: A person, a company, or something to compete with in sports, business, etc.';lex=0.048;candDef=0.792;revDef=0.842;decision=BLOCKED:low reverse lexical agreement 0.048 || Helsinki-NLP/opus-mt-en-uk_surface_candidate=>'суперник';reverse='opponent';lex=0.000;candDef=0.371;revDef=0.431;decision=BLOCKED:low reverse lexical agreement 0.000	BLOCKED: low reverse lexical agreement 0.048; method=Helsinki-NLP/opus-mt-en-uk_contextual_definition_candidate; exact Oxford definition='a person, company or thing that competes with another in sport, business, etc.'; candidate='суперник (нуун): особа, компанія або річ, яка конкурує з кимось у спорті, бізнесі тощо.'; reverse='opponent: A person, a company, or something to compete with in sports, business, etc.'; lexical=0.048; candidate_definition_similarity=0.792; reverse_definition_similarity=0.842; semantic=0.842.
ox5000-500fd17c9e36773f7ba3	rob	verb	B2	https://www.oxfordlearnersdictionaries.com/us/definition/english/rob_1	/us/definition/english/rob_1	to steal money or property from a person or place	грабува́ти	en_wiktionary_matching_pos_uk_translation	en_wiktionary_matching_pos_uk_translation=>'грабува́ти';reverse='looting';lex=0.200;candDef=0.214;revDef=0.670;decision=BLOCKED:low reverse lexical agreement 0.200 || Helsinki-NLP/opus-mt-en-uk_contextual_definition_candidate=>'rob (verboard): щоб викрасти гроші або майно у особи або місця';reverse='rob (verbboard): to steal money or property from persons or places';lex=0.000;candDef=0.785;revDef=0.792;decision=BLOCKED:Latin-language residue remains || Helsinki-NLP/opus-mt-en-uk_surface_candidate=>'rob';reverse='rob';lex=0.000;candDef=0.269;revDef=0.269;decision=BLOCKED:candidate is not predominantly Ukrainian	BLOCKED: low reverse lexical agreement 0.200; method=en_wiktionary_matching_pos_uk_translation; exact Oxford definition='to steal money or property from a person or place'; candidate='грабува́ти'; reverse='looting'; lexical=0.200; candidate_definition_similarity=0.214; reverse_definition_similarity=0.670; semantic=0.670.
ox5000-864bba3e87bfdad57702	ruling	noun	C1	https://www.oxfordlearnersdictionaries.com/us/definition/english/ruling_1	/us/definition/english/ruling_1	an official decision made by somebody in a position of authority, especially a judge	Правління (нуун): офіційне рішення, зроблене кимось, хто має владу, особливо суддею.	Helsinki-NLP/opus-mt-en-uk_contextual_definition_candidate	Helsinki-NLP/opus-mt-en-uk_contextual_definition_candidate=>'Правління (нуун): офіційне рішення, зроблене кимось, хто має владу, особливо суддею.';reverse='Rule (nuun): A formal decision made by someone having authority, especially a judge.';lex=0.141;candDef=0.899;revDef=0.810;decision=BLOCKED:low reverse lexical agreement 0.141 || Helsinki-NLP/opus-mt-en-uk_surface_candidate=>'rule';reverse='rule';lex=0.000;candDef=0.504;revDef=0.504;decision=BLOCKED:candidate is not predominantly Ukrainian	BLOCKED: low reverse lexical agreement 0.141; method=Helsinki-NLP/opus-mt-en-uk_contextual_definition_candidate; exact Oxford definition='an official decision made by somebody in a position of authority, especially a judge'; candidate='Правління (нуун): офіційне рішення, зроблене кимось, хто має владу, особливо суддею.'; reverse='Rule (nuun): A formal decision made by someone having authority, especially a judge.'; lexical=0.141; candidate_definition_similarity=0.899; reverse_definition_similarity=0.810; semantic=0.899.
ox5000-4236cda79c17e2e2fd1c	rumour	noun	C1	https://www.oxfordlearnersdictionaries.com/us/definition/english/rumour_1	/us/definition/english/rumour_1	a piece of information, or a story, that people talk about, but that may not be true	слух (нун): частина інформації, або історії, про яку люди говорять, але це може бути неправдою.	Helsinki-NLP/opus-mt-en-uk_contextual_definition_candidate	Helsinki-NLP/opus-mt-en-uk_contextual_definition_candidate=>'слух (нун): частина інформації, або історії, про яку люди говорять, але це може бути неправдою.';reverse='hearing (nun): a piece of information, or history, that people talk about, but it can be a lie.';lex=0.106;candDef=0.656;revDef=0.566;decision=BLOCKED:low reverse lexical agreement 0.106 || Helsinki-NLP/opus-mt-en-uk_surface_candidate=>'слухи';reverse='Hearings';lex=0.143;candDef=0.474;revDef=0.210;decision=BLOCKED:low reverse lexical agreement 0.143	BLOCKED: low reverse lexical agreement 0.106; method=Helsinki-NLP/opus-mt-en-uk_contextual_definition_candidate; exact Oxford definition='a piece of information, or a story, that people talk about, but that may not be true'; candidate='слух (нун): частина інформації, або історії, про яку люди говорять, але це може бути неправдою.'; reverse='hearing (nun): a piece of information, or history, that people talk about, but it can be a lie.'; lexical=0.106; candidate_definition_similarity=0.656; reverse_definition_similarity=0.566; semantic=0.656.
ox5000-8d27293d75e4127e70d3	sack	verb	C1	https://www.oxfordlearnersdictionaries.com/us/definition/english/sack_1	/us/definition/english/sack_1	to dismiss somebody from a job	mack (verboard): щоб звільнити когось з роботи	Helsinki-NLP/opus-mt-en-uk_contextual_definition_candidate	Helsinki-NLP/opus-mt-en-uk_contextual_definition_candidate=>'mack (verboard): щоб звільнити когось з роботи';reverse='mack (verbboard): to fire someone from work';lex=0.000;candDef=0.542;revDef=0.534;decision=BLOCKED:candidate is not predominantly Ukrainian || Helsinki-NLP/opus-mt-en-uk_surface_candidate=>'мішок';reverse='bag';lex=0.000;candDef=0.155;revDef=0.115;decision=BLOCKED:verb candidate is not an appropriate Ukrainian infinitive/verb phrase	BLOCKED: candidate is not predominantly Ukrainian; method=Helsinki-NLP/opus-mt-en-uk_contextual_definition_candidate; exact Oxford definition='to dismiss somebody from a job'; candidate='mack (verboard): щоб звільнити когось з роботи'; reverse='mack (verbboard): to fire someone from work'; lexical=0.000; candidate_definition_similarity=0.542; reverse_definition_similarity=0.534; semantic=0.000.
ox5000-bb788d95f9d070364e6e	sacrifice	verb	C1	https://www.oxfordlearnersdictionaries.com/us/definition/english/sacrifice_2	/us/definition/english/sacrifice_2	to give up something that is important or valuable to you in order to get or do something that seems more important for yourself or for another person	же́ртвувати	en_wiktionary_matching_pos_uk_translation	"en_wiktionary_matching_pos_uk_translation=>'же́ртвувати';reverse='bier';lex=0.154;candDef=0.322;revDef=0.033;decision=BLOCKED:low reverse lexical agreement 0.154 || Helsinki-NLP/opus-mt-en-uk_contextual_definition_candidate=>""( прислів'я): віддати щось важливе або цінне для вас, щоб отримати або зробити щось, що здається важливішим для себе або для когось іншого."";reverse='(word: to give something important or valuable to you in order to receive or do something that seems more important to yourself or to someone else.)';lex=0.000;candDef=0.831;revDef=0.828;decision=BLOCKED:verb candidate is not an appropriate Ukrainian infinitive/verb phrase || Helsinki-NLP/opus-mt-en-uk_surface_candidate=>'жертва';reverse='sacrifice';lex=0.000;candDef=0.282;revDef=0.436;decision=BLOCKED:verb candidate is not an appropriate Ukrainian infinitive/verb phrase"	BLOCKED: low reverse lexical agreement 0.154; method=en_wiktionary_matching_pos_uk_translation; exact Oxford definition='to give up something that is important or valuable to you in order to get or do something that seems more important for yourself or for another person'; candidate='же́ртвувати'; reverse='bier'; lexical=0.154; candidate_definition_similarity=0.322; reverse_definition_similarity=0.033; semantic=0.322.
ox5000-0417d4afb8b747832299	sake	noun	C1	https://www.oxfordlearnersdictionaries.com/us/definition/english/sake1	/us/definition/english/sake1	used to emphasize that it is important to do something or when you are annoyed about something	(ноун): підкреслював, що важливо щось робити або коли тебе щось дратує	Helsinki-NLP/opus-mt-en-uk_contextual_definition_candidate	en_wiktionary_matching_pos_uk_translation=>'користь';reverse='benefit';lex=0.182;candDef=0.394;revDef=0.180;decision=BLOCKED:low reverse lexical agreement 0.182 || Helsinki-NLP/opus-mt-en-uk_contextual_definition_candidate=>'(ноун): підкреслював, що важливо щось робити або коли тебе щось дратує';reverse='(Noun): Stressing the importance of doing something or getting annoyed by something';lex=0.071;candDef=0.853;revDef=0.773;decision=BLOCKED:low reverse lexical agreement 0.071 || Helsinki-NLP/opus-mt-en-uk_surface_candidate=>'боже';reverse='Oh, boy.';lex=0.000;candDef=0.248;revDef=0.217;decision=BLOCKED:low reverse lexical agreement 0.000	BLOCKED: low reverse lexical agreement 0.071; method=Helsinki-NLP/opus-mt-en-uk_contextual_definition_candidate; exact Oxford definition='used to emphasize that it is important to do something or when you are annoyed about something'; candidate='(ноун): підкреслював, що важливо щось робити або коли тебе щось дратує'; reverse='(Noun): Stressing the importance of doing something or getting annoyed by something'; lexical=0.071; candidate_definition_similarity=0.853; reverse_definition_similarity=0.773; semantic=0.853.
ox5000-6ae77755b68bdc591694	sanction	noun	C1	https://www.oxfordlearnersdictionaries.com/us/definition/english/sanction_1	/us/definition/english/sanction_1	an official order that limits trade, contact, etc. with a particular country, in order to make it do something, such as obeying international law	са́нкція	en_wiktionary_matching_pos_uk_translation	en_wiktionary_matching_pos_uk_translation=>'са́нкція';reverse='insinuation';lex=0.632;candDef=0.189;revDef=0.127;decision=BLOCKED:candidate/reverse meaning does not align with exact Oxford definition (0.189) || Helsinki-NLP/opus-mt-en-uk_contextual_definition_candidate=>'санкціонування (нуун): офіційний наказ, що обмежує торгівлю, контакти тощо з певною країною, щоб змусити її зробити щось, наприклад, підкорятися міжнародному закону.';reverse='Sanctification (nuun): A formal command restricting trade, contact, and so forth with a certain country in order to force it to do something, such as obedience to international law.';lex=0.000;candDef=0.730;revDef=0.540;decision=BLOCKED:noun candidate is an infinitive/verb form || Helsinki-NLP/opus-mt-en-uk_surface_candidate=>'subject';reverse='subject';lex=0.000;candDef=0.233;revDef=0.233;decision=BLOCKED:candidate is not predominantly Ukrainian	BLOCKED: candidate/reverse meaning does not align with exact Oxford definition (0.189); method=en_wiktionary_matching_pos_uk_translation; exact Oxford definition='an official order that limits trade, contact, etc. with a particular country, in order to make it do something, such as obeying international law'; candidate='са́нкція'; reverse='insinuation'; lexical=0.632; candidate_definition_similarity=0.189; reverse_definition_similarity=0.127; semantic=0.189.
ox5000-2d0378e6f60450a4e78c	say	noun	C1	https://www.oxfordlearnersdictionaries.com/us/definition/english/say_2	/us/definition/english/say_2	the right to influence something by giving your opinion before a decision is made	сказати (нуун): право впливати на щось тим, що даватимете свою думку перед прийняттям рішення	Helsinki-NLP/opus-mt-en-uk_contextual_definition_candidate	Helsinki-NLP/opus-mt-en-uk_contextual_definition_candidate=>'сказати (нуун): право впливати на щось тим, що даватимете свою думку перед прийняттям рішення';reverse='to say (nunuun): The right to influence something by giving your mind before making a decision';lex=0.000;candDef=0.915;revDef=0.848;decision=BLOCKED:noun candidate is an infinitive/verb form || Helsinki-NLP/opus-mt-en-uk_surface_candidate=>'сказати';reverse='say';lex=0.000;candDef=0.308;revDef=0.330;decision=BLOCKED:noun candidate is an infinitive/verb form	BLOCKED: noun candidate is an infinitive/verb form; method=Helsinki-NLP/opus-mt-en-uk_contextual_definition_candidate; exact Oxford definition='the right to influence something by giving your opinion before a decision is made'; candidate='сказати (нуун): право впливати на щось тим, що даватимете свою думку перед прийняттям рішення'; reverse='to say (nunuun): The right to influence something by giving your mind before making a decision'; lexical=0.000; candidate_definition_similarity=0.915; reverse_definition_similarity=0.848; semantic=0.000.
ox5000-ec9d25a572db338403d1	scenario	noun	B2	https://www.oxfordlearnersdictionaries.com/us/definition/english/scenario	/us/definition/english/scenario	a description of how things might happen in the future	сценарій	Helsinki-NLP/opus-mt-en-uk_surface_candidate	en_wiktionary_matching_pos_uk_translation=>'сцена́рій';reverse='script';lex=0.571;candDef=0.278;revDef=0.088;decision=BLOCKED:candidate/reverse meaning does not align with exact Oxford definition (0.278) || Helsinki-NLP/opus-mt-en-uk_contextual_definition_candidate=>'special (noun): опис того, як може статися у майбутньому';reverse='special (noun): a description of what might happen in the future';lex=0.000;candDef=0.774;revDef=0.765;decision=BLOCKED:Latin-language residue remains || Helsinki-NLP/opus-mt-en-uk_surface_candidate=>'сценарій';reverse='script';lex=0.571;candDef=0.308;revDef=0.088;decision=BLOCKED:candidate/reverse meaning does not align with exact Oxford definition (0.308)	BLOCKED: candidate/reverse meaning does not align with exact Oxford definition (0.308); method=Helsinki-NLP/opus-mt-en-uk_surface_candidate; exact Oxford definition='a description of how things might happen in the future'; candidate='сценарій'; reverse='script'; lexical=0.571; candidate_definition_similarity=0.308; reverse_definition_similarity=0.088; semantic=0.308.
ox5000-5fdb661427fb2416a77b	sceptical	adjective	C1	https://www.oxfordlearnersdictionaries.com/us/definition/english/sceptical	/us/definition/english/sceptical	having doubts that a claim or statement is true or that something will happen	spectical (примітка): сумніваючись у правдивості якогось твердження або твердження, або що щось станеться	Helsinki-NLP/opus-mt-en-uk_contextual_definition_candidate	Helsinki-NLP/opus-mt-en-uk_contextual_definition_candidate=>'spectical (примітка): сумніваючись у правдивості якогось твердження або твердження, або що щось станеться';reverse='sprectical: Doubting that a statement or statement is true or that something is going to happen';lex=0.000;candDef=0.645;revDef=0.815;decision=BLOCKED:Latin-language residue remains || Helsinki-NLP/opus-mt-en-uk_surface_candidate=>'scopetic';reverse='spopetic';lex=0.000;candDef=0.117;revDef=0.064;decision=BLOCKED:candidate is not predominantly Ukrainian	BLOCKED: Latin-language residue remains; method=Helsinki-NLP/opus-mt-en-uk_contextual_definition_candidate; exact Oxford definition='having doubts that a claim or statement is true or that something will happen'; candidate='spectical (примітка): сумніваючись у правдивості якогось твердження або твердження, або що щось станеться'; reverse='sprectical: Doubting that a statement or statement is true or that something is going to happen'; lexical=0.000; candidate_definition_similarity=0.645; reverse_definition_similarity=0.815; semantic=0.000.
ox5000-f2e0ce9a5923766253d1	scratch	verb	B2	https://www.oxfordlearnersdictionaries.com/us/definition/english/scratch_1	/us/definition/english/scratch_1	to rub your skin with your nails, usually because it is itching	шкря́бати	en_wiktionary_matching_pos_uk_translation	en_wiktionary_matching_pos_uk_translation=>'шкря́бати';reverse='Squashing';lex=0.375;candDef=0.189;revDef=0.153;decision=BLOCKED:candidate/reverse meaning does not align with exact Oxford definition (0.189) || en_wiktionary_matching_pos_uk_translation=>'дря́пати';reverse='Whispering';lex=0.235;candDef=0.121;revDef=0.132;decision=BLOCKED:low reverse lexical agreement 0.235 || en_wiktionary_matching_pos_uk_translation=>'чу́хати';reverse='Chug';lex=0.364;candDef=0.097;revDef=0.052;decision=BLOCKED:candidate/reverse meaning does not align with exact Oxford definition (0.097) || Helsinki-NLP/opus-mt-en-uk_contextual_definition_candidate=>'штучка (верп): щоб потерти шкіру нігтями, зазвичай тому, що вона свербить.';reverse='trick: To rub the skin with your nails, usually because of it it itches.';lex=0.000;candDef=0.786;revDef=0.937;decision=BLOCKED:verb candidate is not an appropriate Ukrainian infinitive/verb phrase || Helsinki-NLP/opus-mt-en-uk_surface_candidate=>'подряпина';reverse='scratch';lex=0.000;candDef=0.169;revDef=0.405;decision=BLOCKED:verb candidate is not an appropriate Ukrainian infinitive/verb phrase	BLOCKED: candidate/reverse meaning does not align with exact Oxford definition (0.189); method=en_wiktionary_matching_pos_uk_translation; exact Oxford definition='to rub your skin with your nails, usually because it is itching'; candidate='шкря́бати'; reverse='Squashing'; lexical=0.375; candidate_definition_similarity=0.189; reverse_definition_similarity=0.153; semantic=0.189.
ox5000-5f1633f73def75e46766	screening	noun	B2	https://www.oxfordlearnersdictionaries.com/us/definition/english/screening	/us/definition/english/screening	the act of showing a film or television programme	показ фільму або телевізійної програми (ноун):	Helsinki-NLP/opus-mt-en-uk_contextual_definition_candidate	Helsinki-NLP/opus-mt-en-uk_contextual_definition_candidate=>'показ фільму або телевізійної програми (ноун):';reverse='show a movie or TV program (non):';lex=0.205;candDef=0.850;revDef=0.745;decision=BLOCKED:low reverse lexical agreement 0.205 || Helsinki-NLP/opus-mt-en-uk_surface_candidate=>'перевірка';reverse='checking';lex=0.588;candDef=0.235;revDef=0.139;decision=BLOCKED:candidate/reverse meaning does not align with exact Oxford definition (0.235)	BLOCKED: low reverse lexical agreement 0.205; method=Helsinki-NLP/opus-mt-en-uk_contextual_definition_candidate; exact Oxford definition='the act of showing a film or television programme'; candidate='показ фільму або телевізійної програми (ноун):'; reverse='show a movie or TV program (non):'; lexical=0.205; candidate_definition_similarity=0.850; reverse_definition_similarity=0.745; semantic=0.850.
ox5000-31812c64a559ba0e6be3	screw	verb	C1	https://www.oxfordlearnersdictionaries.com/us/definition/english/screw_1	/us/definition/english/screw_1	to fasten one thing to another or make something tight with a screw or screws	shit (verboard): щоб закріпити одну річ на іншу або зробити щось щільно з гвинтом або гвинти	Helsinki-NLP/opus-mt-en-uk_contextual_definition_candidate	Helsinki-NLP/opus-mt-en-uk_contextual_definition_candidate=>'shit (verboard): щоб закріпити одну річ на іншу або зробити щось щільно з гвинтом або гвинти';reverse='shit (verbboard): to attach one item to another or to make something tight with a screw or screw';lex=0.000;candDef=0.711;revDef=0.759;decision=BLOCKED:Latin-language residue remains || Helsinki-NLP/opus-mt-en-uk_surface_candidate=>'shit';reverse='shit';lex=0.000;candDef=0.140;revDef=0.140;decision=BLOCKED:candidate is not predominantly Ukrainian	BLOCKED: Latin-language residue remains; method=Helsinki-NLP/opus-mt-en-uk_contextual_definition_candidate; exact Oxford definition='to fasten one thing to another or make something tight with a screw or screws'; candidate='shit (verboard): щоб закріпити одну річ на іншу або зробити щось щільно з гвинтом або гвинти'; reverse='shit (verbboard): to attach one item to another or to make something tight with a screw or screw'; lexical=0.000; candidate_definition_similarity=0.711; reverse_definition_similarity=0.759; semantic=0.000.
ox5000-db3ceafda1454861cd55	seal	verb	C1	https://www.oxfordlearnersdictionaries.com/us/definition/english/seal_1	/us/definition/english/seal_1	to close an envelope , etc. by sticking the edges of the opening together	печатка ( прислів'я): щоб закрити конверт тощо, натиснувши краї відкриття докупи	Helsinki-NLP/opus-mt-en-uk_contextual_definition_candidate	"Helsinki-NLP/opus-mt-en-uk_contextual_definition_candidate=>""печатка ( прислів'я): щоб закрити конверт тощо, натиснувши краї відкриття докупи"";reverse='seal (word): to close the envelope, etc., pressing the edge of the discovery together';lex=0.000;candDef=0.686;revDef=0.628;decision=BLOCKED:verb candidate is not an appropriate Ukrainian infinitive/verb phrase || Helsinki-NLP/opus-mt-en-uk_surface_candidate=>'печатка';reverse='seal';lex=0.000;candDef=0.363;revDef=0.164;decision=BLOCKED:verb candidate is not an appropriate Ukrainian infinitive/verb phrase"	"BLOCKED: verb candidate is not an appropriate Ukrainian infinitive/verb phrase; method=Helsinki-NLP/opus-mt-en-uk_contextual_definition_candidate; exact Oxford definition='to close an envelope , etc. by sticking the edges of the opening together'; candidate=""печатка ( прислів'я): щоб закрити конверт тощо, натиснувши краї відкриття докупи""; reverse='seal (word): to close the envelope, etc., pressing the edge of the discovery together'; lexical=0.000; candidate_definition_similarity=0.686; reverse_definition_similarity=0.628; semantic=0.000."
ox5000-f135a53ed4965a23fbbc	seeker	noun	B2	https://www.oxfordlearnersdictionaries.com/us/definition/english/seeker	/us/definition/english/seeker	a person who is trying to find or get the thing mentioned	шуканець (ніун): людина, яка намагається знайти або отримати про що згадується	Helsinki-NLP/opus-mt-en-uk_contextual_definition_candidate	"Helsinki-NLP/opus-mt-en-uk_contextual_definition_candidate=>'шуканець (ніун): людина, яка намагається знайти або отримати про що згадується';reverse='Nincane: a person who is trying to find or get what is mentioned';lex=0.087;candDef=0.804;revDef=0.782;decision=BLOCKED:low reverse lexical agreement 0.087 || Helsinki-NLP/opus-mt-en-uk_surface_candidate=>'Шукаю';reverse=""I'm looking."";lex=0.118;candDef=0.355;revDef=0.357;decision=BLOCKED:low reverse lexical agreement 0.118"	BLOCKED: low reverse lexical agreement 0.087; method=Helsinki-NLP/opus-mt-en-uk_contextual_definition_candidate; exact Oxford definition='a person who is trying to find or get the thing mentioned'; candidate='шуканець (ніун): людина, яка намагається знайти або отримати про що згадується'; reverse='Nincane: a person who is trying to find or get what is mentioned'; lexical=0.087; candidate_definition_similarity=0.804; reverse_definition_similarity=0.782; semantic=0.804.
ox5000-477a1ec3087bffb2fc14	seemingly	adverb	C1	https://www.oxfordlearnersdictionaries.com/us/definition/english/seemingly	/us/definition/english/seemingly	in a way that appears to be true but may in fact not be	Здається (приголос): у спосіб, який здається правдивим, але насправді не є правдою.	Helsinki-NLP/opus-mt-en-uk_contextual_definition_candidate	Helsinki-NLP/opus-mt-en-uk_contextual_definition_candidate=>'Здається (приголос): у спосіб, який здається правдивим, але насправді не є правдою.';reverse='It seems, in a way that seems true, but is not really true.';lex=0.246;candDef=0.840;revDef=0.875;decision=BLOCKED:low reverse lexical agreement 0.246 || Helsinki-NLP/opus-mt-en-uk_surface_candidate=>'Здається';reverse='I think';lex=0.250;candDef=0.612;revDef=0.403;decision=BLOCKED:low reverse lexical agreement 0.250	BLOCKED: low reverse lexical agreement 0.246; method=Helsinki-NLP/opus-mt-en-uk_contextual_definition_candidate; exact Oxford definition='in a way that appears to be true but may in fact not be'; candidate='Здається (приголос): у спосіб, який здається правдивим, але насправді не є правдою.'; reverse='It seems, in a way that seems true, but is not really true.'; lexical=0.246; candidate_definition_similarity=0.840; reverse_definition_similarity=0.875; semantic=0.875.
ox5000-75eee68ef68baad02a6c	seize	verb	C1	https://www.oxfordlearnersdictionaries.com/us/definition/english/seize	/us/definition/english/seize	to take somebody/something in your hand suddenly and using force	Захопити	Helsinki-NLP/opus-mt-en-uk_surface_candidate	en_wiktionary_matching_pos_uk_translation=>'захо́плювати';reverse='hide';lex=0.222;candDef=0.378;revDef=0.204;decision=BLOCKED:low reverse lexical agreement 0.222 || en_wiktionary_matching_pos_uk_translation=>'захопи́ти';reverse='Opponents';lex=0.143;candDef=0.403;revDef=0.188;decision=BLOCKED:low reverse lexical agreement 0.143 || Helsinki-NLP/opus-mt-en-uk_contextual_definition_candidate=>'Натисніть (клацання): щоб взяти когось або щось у вашу руку раптово і використати силу';reverse='Press (click): to take someone or something into your hand suddenly and use force';lex=0.000;candDef=0.897;revDef=0.827;decision=BLOCKED:verb candidate is not an appropriate Ukrainian infinitive/verb phrase || Helsinki-NLP/opus-mt-en-uk_surface_candidate=>'Захопити';reverse='Capture';lex=0.167;candDef=0.456;revDef=0.366;decision=BLOCKED:low reverse lexical agreement 0.167	BLOCKED: low reverse lexical agreement 0.167; method=Helsinki-NLP/opus-mt-en-uk_surface_candidate; exact Oxford definition='to take somebody/something in your hand suddenly and using force'; candidate='Захопити'; reverse='Capture'; lexical=0.167; candidate_definition_similarity=0.456; reverse_definition_similarity=0.366; semantic=0.456.
ox5000-a65a55e1b5d084563b73	sentiment	noun	C1	https://www.oxfordlearnersdictionaries.com/us/definition/english/sentiment	/us/definition/english/sentiment	a feeling or an opinion, especially one based on emotions	Почуття (нун): почуття або опінія, а особливо почуття засновані на хвилюванні.	Helsinki-NLP/opus-mt-en-uk_contextual_definition_candidate	Helsinki-NLP/opus-mt-en-uk_contextual_definition_candidate=>'Почуття (нун): почуття або опінія, а особливо почуття засновані на хвилюванні.';reverse='Feelings (nun): Feelings or opinions, especially feelings based on emotion.';lex=0.152;candDef=0.759;revDef=0.876;decision=BLOCKED:low reverse lexical agreement 0.152 || Helsinki-NLP/opus-mt-en-uk_surface_candidate=>'Почуття';reverse='Feelings';lex=0.118;candDef=0.681;revDef=0.744;decision=BLOCKED:low reverse lexical agreement 0.118	BLOCKED: low reverse lexical agreement 0.152; method=Helsinki-NLP/opus-mt-en-uk_contextual_definition_candidate; exact Oxford definition='a feeling or an opinion, especially one based on emotions'; candidate='Почуття (нун): почуття або опінія, а особливо почуття засновані на хвилюванні.'; reverse='Feelings (nun): Feelings or opinions, especially feelings based on emotion.'; lexical=0.152; candidate_definition_similarity=0.759; reverse_definition_similarity=0.876; semantic=0.876.
ox5000-ec0ef04aa89a267d0603	set-up	noun	C1	https://www.oxfordlearnersdictionaries.com/us/definition/english/set-up_2	/us/definition/english/set-up_2	a way of organizing something; a system	set- up (noun): спосіб організації чогось; система	Helsinki-NLP/opus-mt-en-uk_contextual_definition_candidate	Helsinki-NLP/opus-mt-en-uk_contextual_definition_candidate=>'set- up (noun): спосіб організації чогось; система';reverse='set-up (noun): how to organize something; system';lex=0.000;candDef=0.749;revDef=0.831;decision=BLOCKED:Latin-language residue remains || Helsinki-NLP/opus-mt-en-uk_surface_candidate=>'set- up';reverse='set-up';lex=0.000;candDef=0.537;revDef=0.582;decision=BLOCKED:candidate is not predominantly Ukrainian	BLOCKED: Latin-language residue remains; method=Helsinki-NLP/opus-mt-en-uk_contextual_definition_candidate; exact Oxford definition='a way of organizing something; a system'; candidate='set- up (noun): спосіб організації чогось; система'; reverse='set-up (noun): how to organize something; system'; lexical=0.000; candidate_definition_similarity=0.749; reverse_definition_similarity=0.831; semantic=0.000.
ox5000-0a860de45afe655f17cd	shaped	adjective	B2	https://www.oxfordlearnersdictionaries.com/us/definition/english/shaped	/us/definition/english/shaped	having the type of shape mentioned	форма (примітка): тип форми, про який згадується	Helsinki-NLP/opus-mt-en-uk_contextual_definition_candidate	Helsinki-NLP/opus-mt-en-uk_contextual_definition_candidate=>'форма (примітка): тип форми, про який згадується';reverse='form (note): the type of form mentioned';lex=0.190;candDef=0.686;revDef=0.499;decision=BLOCKED:low reverse lexical agreement 0.190 || Helsinki-NLP/opus-mt-en-uk_surface_candidate=>'форма';reverse='form';lex=0.000;candDef=0.546;revDef=0.335;decision=BLOCKED:low reverse lexical agreement 0.000	BLOCKED: low reverse lexical agreement 0.190; method=Helsinki-NLP/opus-mt-en-uk_contextual_definition_candidate; exact Oxford definition='having the type of shape mentioned'; candidate='форма (примітка): тип форми, про який згадується'; reverse='form (note): the type of form mentioned'; lexical=0.190; candidate_definition_similarity=0.686; reverse_definition_similarity=0.499; semantic=0.686.
ox5000-351ced5f86497f5f4a9e	shareholder	noun	C1	https://www.oxfordlearnersdictionaries.com/us/definition/english/shareholder	/us/definition/english/shareholder	an owner of shares in a company or business	акціоне́рка	en_wiktionary_matching_pos_uk_translation	en_wiktionary_matching_pos_uk_translation=>'акціоне́р';reverse='akzioner';lex=0.421;candDef=0.282;revDef=0.377;decision=BLOCKED:candidate/reverse meaning does not align with exact Oxford definition (0.377) || en_wiktionary_matching_pos_uk_translation=>'акціоне́рка';reverse='akzionika';lex=0.200;candDef=0.308;revDef=0.413;decision=BLOCKED:low reverse lexical agreement 0.200 || Helsinki-NLP/opus-mt-en-uk_contextual_definition_candidate=>'aprofile (noun): власник спільних ресурсів у компанії або бізнесі';reverse='aprofile (noun): Owner of shares in the company or business';lex=0.000;candDef=0.637;revDef=0.797;decision=BLOCKED:Latin-language residue remains || Helsinki-NLP/opus-mt-en-uk_surface_candidate=>'shareholder';reverse='shareholder';lex=0.000;candDef=0.791;revDef=0.791;decision=BLOCKED:candidate is not predominantly Ukrainian	BLOCKED: low reverse lexical agreement 0.200; method=en_wiktionary_matching_pos_uk_translation; exact Oxford definition='an owner of shares in a company or business'; candidate='акціоне́рка'; reverse='akzionika'; lexical=0.200; candidate_definition_similarity=0.308; reverse_definition_similarity=0.413; semantic=0.413.
ox5000-a8750364b0bf00f55b71	shed	verb	C1	https://www.oxfordlearnersdictionaries.com/us/definition/english/shed_1	/us/definition/english/shed_1	to get rid of something that is no longer wanted	relay (verboard): щоб позбутися чогось, чого більше не потрібно	Helsinki-NLP/opus-mt-en-uk_contextual_definition_candidate	Helsinki-NLP/opus-mt-en-uk_contextual_definition_candidate=>'relay (verboard): щоб позбутися чогось, чого більше не потрібно';reverse='play (verbboard): to get rid of something that is no longer necessary';lex=0.000;candDef=0.544;revDef=0.673;decision=BLOCKED:Latin-language residue remains || Helsinki-NLP/opus-mt-en-uk_surface_candidate=>'сарана';reverse='locusts';lex=0.000;candDef=0.171;revDef=0.075;decision=BLOCKED:verb candidate is not an appropriate Ukrainian infinitive/verb phrase	BLOCKED: Latin-language residue remains; method=Helsinki-NLP/opus-mt-en-uk_contextual_definition_candidate; exact Oxford definition='to get rid of something that is no longer wanted'; candidate='relay (verboard): щоб позбутися чогось, чого більше не потрібно'; reverse='play (verbboard): to get rid of something that is no longer necessary'; lexical=0.000; candidate_definition_similarity=0.544; reverse_definition_similarity=0.673; semantic=0.000.
ox5000-00f794702182a285364c	sheer	adjective	C1	https://www.oxfordlearnersdictionaries.com/us/definition/english/sheer_1	/us/definition/english/sheer_1	used to emphasize the size, degree or amount of something	і́стиний	en_wiktionary_matching_pos_uk_translation	"en_wiktionary_matching_pos_uk_translation=>'прозо́рий';reverse='prozoʹpe';lex=0.154;candDef=0.379;revDef=0.329;decision=BLOCKED:low reverse lexical agreement 0.154 || en_wiktionary_matching_pos_uk_translation=>'по́вний';reverse='convex';lex=0.182;candDef=0.389;revDef=0.347;decision=BLOCKED:low reverse lexical agreement 0.182 || en_wiktionary_matching_pos_uk_translation=>'чи́стий';reverse='orʹsy';lex=0.200;candDef=0.385;revDef=0.309;decision=BLOCKED:low reverse lexical agreement 0.200 || en_wiktionary_matching_pos_uk_translation=>'і́стиний';reverse='iʹstyn';lex=0.182;candDef=0.406;revDef=0.335;decision=BLOCKED:low reverse lexical agreement 0.182 || Helsinki-NLP/opus-mt-en-uk_contextual_definition_candidate=>""fal (прикметник): використовується для підкреслення розміру, ступень або об' єму чогось"";reverse='false (note): used to emphasize the size, degree or volume of something';lex=0.000;candDef=0.648;revDef=0.707;decision=BLOCKED:Latin-language residue remains || Helsinki-NLP/opus-mt-en-uk_surface_candidate=>'raw';reverse='raw';lex=0.000;candDef=0.158;revDef=0.158;decision=BLOCKED:candidate is not predominantly Ukrainian"	BLOCKED: low reverse lexical agreement 0.182; method=en_wiktionary_matching_pos_uk_translation; exact Oxford definition='used to emphasize the size, degree or amount of something'; candidate='і́стиний'; reverse='iʹstyn'; lexical=0.182; candidate_definition_similarity=0.406; reverse_definition_similarity=0.335; semantic=0.406.
ox5000-c182c4aaf92aa43b7d78	shipping	noun	C1	https://www.oxfordlearnersdictionaries.com/us/definition/english/shipping	/us/definition/english/shipping	ships in general or considered as a group	відсилання (ноун): кораблі загалом або як група	Helsinki-NLP/opus-mt-en-uk_contextual_definition_candidate	Helsinki-NLP/opus-mt-en-uk_contextual_definition_candidate=>'відсилання (ноун): кораблі загалом або як група';reverse='send (Noun): Ships total or as group';lex=0.244;candDef=0.853;revDef=0.733;decision=BLOCKED:low reverse lexical agreement 0.244 || Helsinki-NLP/opus-mt-en-uk_surface_candidate=>'доставка';reverse='delivery';lex=0.125;candDef=0.217;revDef=0.084;decision=BLOCKED:low reverse lexical agreement 0.125	BLOCKED: low reverse lexical agreement 0.244; method=Helsinki-NLP/opus-mt-en-uk_contextual_definition_candidate; exact Oxford definition='ships in general or considered as a group'; candidate='відсилання (ноун): кораблі загалом або як група'; reverse='send (Noun): Ships total or as group'; lexical=0.244; candidate_definition_similarity=0.853; reverse_definition_similarity=0.733; semantic=0.853.
ox5000-f14cfdecffdef8e98007	shoot	noun	C1	https://www.oxfordlearnersdictionaries.com/us/definition/english/shoot_2	/us/definition/english/shoot_2	the part that grows up from the ground when a plant starts to grow; a new part that grows on plants or trees	постріл (ніун): частина, що росте з землі, коли рослина починає рости; нова частина, яка росте на рослинах або деревах.	Helsinki-NLP/opus-mt-en-uk_contextual_definition_candidate	Helsinki-NLP/opus-mt-en-uk_contextual_definition_candidate=>'постріл (ніун): частина, що росте з землі, коли рослина починає рости; нова частина, яка росте на рослинах або деревах.';reverse='shot: part growing from the ground as the plant begins to grow; new part growing in plants or trees.';lex=0.098;candDef=0.803;revDef=0.875;decision=BLOCKED:low reverse lexical agreement 0.098 || Helsinki-NLP/opus-mt-en-uk_surface_candidate=>'shoot';reverse='shoot';lex=0.000;candDef=0.200;revDef=0.200;decision=BLOCKED:candidate is not predominantly Ukrainian	BLOCKED: low reverse lexical agreement 0.098; method=Helsinki-NLP/opus-mt-en-uk_contextual_definition_candidate; exact Oxford definition='the part that grows up from the ground when a plant starts to grow; a new part that grows on plants or trees'; candidate='постріл (ніун): частина, що росте з землі, коли рослина починає рости; нова частина, яка росте на рослинах або деревах.'; reverse='shot: part growing from the ground as the plant begins to grow; new part growing in plants or trees.'; lexical=0.098; candidate_definition_similarity=0.803; reverse_definition_similarity=0.875; semantic=0.875.
ox5000-1a031da6eac7d925338b	shortage	noun	B2	https://www.oxfordlearnersdictionaries.com/us/definition/english/shortage	/us/definition/english/shortage	a situation when there is not enough of the people or things that are needed	Брак (немає): ситуація, коли людей або речей недостатньо.	Helsinki-NLP/opus-mt-en-uk_contextual_definition_candidate	Helsinki-NLP/opus-mt-en-uk_contextual_definition_candidate=>'Брак (немає): ситуація, коли людей або речей недостатньо.';reverse='Lack (no): The situation is where people or things are insufficient.';lex=0.194;candDef=0.679;revDef=0.811;decision=BLOCKED:low reverse lexical agreement 0.194 || Helsinki-NLP/opus-mt-en-uk_surface_candidate=>'Нестача';reverse='Not Enough';lex=0.111;candDef=0.364;revDef=0.572;decision=BLOCKED:low reverse lexical agreement 0.111	BLOCKED: low reverse lexical agreement 0.194; method=Helsinki-NLP/opus-mt-en-uk_contextual_definition_candidate; exact Oxford definition='a situation when there is not enough of the people or things that are needed'; candidate='Брак (немає): ситуація, коли людей або речей недостатньо.'; reverse='Lack (no): The situation is where people or things are insufficient.'; lexical=0.194; candidate_definition_similarity=0.679; reverse_definition_similarity=0.811; semantic=0.811.
ox5000-d64e66d05e0c72293139	shrink	verb	C1	https://www.oxfordlearnersdictionaries.com/us/definition/english/shrink_1	/us/definition/english/shrink_1	to become smaller, especially when washed in water that is too hot; to make clothes, cloth, etc. smaller in this way	скороти́тися	en_wiktionary_matching_pos_uk_translation	en_wiktionary_matching_pos_uk_translation=>'скоро́чуватися';reverse='fasten';lex=0.333;candDef=0.170;revDef=0.135;decision=BLOCKED:candidate/reverse meaning does not align with exact Oxford definition (0.170) || en_wiktionary_matching_pos_uk_translation=>'скороти́тися';reverse='fasten';lex=0.333;candDef=0.317;revDef=0.135;decision=BLOCKED:candidate/reverse meaning does not align with exact Oxford definition (0.317) || en_wiktionary_matching_pos_uk_translation=>'стиска́тися';reverse='Squash';lex=0.333;candDef=0.177;revDef=0.083;decision=BLOCKED:candidate/reverse meaning does not align with exact Oxford definition (0.177) || en_wiktionary_matching_pos_uk_translation=>'сти́скуватися';reverse='musculating';lex=0.353;candDef=0.209;revDef=0.158;decision=BLOCKED:candidate/reverse meaning does not align with exact Oxford definition (0.209) || Helsinki-NLP/opus-mt-en-uk_contextual_definition_candidate=>'скорочення: щоб стати меншим, особливо коли його миють у надто гарячій воді; щоб зробити одяг, тканину тощо.';reverse='abbreviations: To become smaller, especially when washed in hot water; to make clothing, cloth, and so forth.';lex=0.000;candDef=0.900;revDef=0.749;decision=BLOCKED:verb candidate is not an appropriate Ukrainian infinitive/verb phrase || Helsinki-NLP/opus-mt-en-uk_surface_candidate=>'pixer';reverse='faxer';lex=0.000;candDef=0.123;revDef=-0.056;decision=BLOCKED:English/source-language residue or model artifact	BLOCKED: candidate/reverse meaning does not align with exact Oxford definition (0.317); method=en_wiktionary_matching_pos_uk_translation; exact Oxford definition='to become smaller, especially when washed in water that is too hot; to make clothes, cloth, etc. smaller in this way'; candidate='скороти́тися'; reverse='fasten'; lexical=0.333; candidate_definition_similarity=0.317; reverse_definition_similarity=0.135; semantic=0.317.
ox5000-3560fef85dd1fc6debc0	sibling	noun	B2	https://www.oxfordlearnersdictionaries.com/us/definition/english/sibling	/us/definition/english/sibling	a brother or sister	брат чи сестра	Helsinki-NLP/opus-mt-en-uk_surface_candidate	en_wiktionary_matching_pos_uk_translation=>'суро́дженець';reverse='Sorrow';lex=0.154;candDef=0.399;revDef=0.212;decision=BLOCKED:low reverse lexical agreement 0.154 || en_wiktionary_matching_pos_uk_translation=>'родже́нство';reverse='being a member of the family';lex=0.229;candDef=0.651;revDef=0.511;decision=BLOCKED:low reverse lexical agreement 0.229 || Helsinki-NLP/opus-mt-en-uk_contextual_definition_candidate=>'брат чи сестра (на ноун): брат або сестра.';reverse='Brother or sister (Noun): Brother or sister.';lex=0.170;candDef=0.905;revDef=0.862;decision=BLOCKED:low reverse lexical agreement 0.170 || Helsinki-NLP/opus-mt-en-uk_surface_candidate=>'брат чи сестра';reverse='brother or sister';lex=0.167;candDef=0.953;revDef=0.949;decision=BLOCKED:low reverse lexical agreement 0.167	BLOCKED: low reverse lexical agreement 0.167; method=Helsinki-NLP/opus-mt-en-uk_surface_candidate; exact Oxford definition='a brother or sister'; candidate='брат чи сестра'; reverse='brother or sister'; lexical=0.167; candidate_definition_similarity=0.953; reverse_definition_similarity=0.949; semantic=0.953.
ox5000-4993892b52f0aadb8436	significance	noun	B2	https://www.oxfordlearnersdictionaries.com/us/definition/english/significance	/us/definition/english/significance	the importance of something, especially when this has an effect on what happens in the future	значення (нуль): важливість чогось, особливо якщо це впливає на те, що станеться в майбутньому	Helsinki-NLP/opus-mt-en-uk_contextual_definition_candidate	Helsinki-NLP/opus-mt-en-uk_contextual_definition_candidate=>'значення (нуль): важливість чогось, особливо якщо це впливає на те, що станеться в майбутньому';reverse='value (null): the importance of something, especially if it affects what happens in the future';lex=0.098;candDef=0.749;revDef=0.644;decision=BLOCKED:low reverse lexical agreement 0.098 || Helsinki-NLP/opus-mt-en-uk_surface_candidate=>'значення';reverse='value';lex=0.235;candDef=0.430;revDef=0.203;decision=BLOCKED:low reverse lexical agreement 0.235	BLOCKED: low reverse lexical agreement 0.098; method=Helsinki-NLP/opus-mt-en-uk_contextual_definition_candidate; exact Oxford definition='the importance of something, especially when this has an effect on what happens in the future'; candidate='значення (нуль): важливість чогось, особливо якщо це впливає на те, що станеться в майбутньому'; reverse='value (null): the importance of something, especially if it affects what happens in the future'; lexical=0.098; candidate_definition_similarity=0.749; reverse_definition_similarity=0.644; semantic=0.749.
ox5000-10facdce071582e626d6	simultaneously	adverb	C1	https://www.oxfordlearnersdictionaries.com/us/definition/english/simultaneously	/us/definition/english/simultaneously	at the same time as something else	одночасно	Helsinki-NLP/opus-mt-en-uk_surface_candidate	en_wiktionary_matching_pos_uk_translation=>'одноча́сно';reverse='Unchained';lex=0.261;candDef=0.579;revDef=0.233;decision=BLOCKED:low reverse lexical agreement 0.261 || Helsinki-NLP/opus-mt-en-uk_contextual_definition_candidate=>'одночасно (клацання): одночасно з чимось іншим';reverse='at the same time (click): with something else at the same time';lex=0.219;candDef=0.765;revDef=0.541;decision=BLOCKED:low reverse lexical agreement 0.219 || Helsinki-NLP/opus-mt-en-uk_surface_candidate=>'одночасно';reverse='at the same time';lex=0.267;candDef=0.644;revDef=0.787;decision=BLOCKED:low reverse lexical agreement 0.267	BLOCKED: low reverse lexical agreement 0.267; method=Helsinki-NLP/opus-mt-en-uk_surface_candidate; exact Oxford definition='at the same time as something else'; candidate='одночасно'; reverse='at the same time'; lexical=0.267; candidate_definition_similarity=0.644; reverse_definition_similarity=0.787; semantic=0.787.
ox5000-55316c416a7c5af7e278	situated	adjective	C1	https://www.oxfordlearnersdictionaries.com/us/definition/english/situated	/us/definition/english/situated	in a particular place or position	де знаходиться (прикметник): у певному місці або позиції	Helsinki-NLP/opus-mt-en-uk_contextual_definition_candidate	Helsinki-NLP/opus-mt-en-uk_contextual_definition_candidate=>'де знаходиться (прикметник): у певному місці або позиції';reverse='where is (pointer): at a certain location or position';lex=0.103;candDef=0.886;revDef=0.756;decision=BLOCKED:low reverse lexical agreement 0.103 || Helsinki-NLP/opus-mt-en-uk_surface_candidate=>'знаходиться';reverse='is';lex=0.200;candDef=0.478;revDef=0.377;decision=BLOCKED:low reverse lexical agreement 0.200	BLOCKED: low reverse lexical agreement 0.103; method=Helsinki-NLP/opus-mt-en-uk_contextual_definition_candidate; exact Oxford definition='in a particular place or position'; candidate='де знаходиться (прикметник): у певному місці або позиції'; reverse='where is (pointer): at a certain location or position'; lexical=0.103; candidate_definition_similarity=0.886; reverse_definition_similarity=0.756; semantic=0.886.
ox5000-067976a3fc213d3e15bc	skilled	adjective	B2	https://www.oxfordlearnersdictionaries.com/us/definition/english/skilled	/us/definition/english/skilled	having enough ability, experience and knowledge to be able to do something well	здібний (підприємець): маючи досить здібностей, досвіду і знання, щоб мати змогу робити щось добре	Helsinki-NLP/opus-mt-en-uk_contextual_definition_candidate	Helsinki-NLP/opus-mt-en-uk_contextual_definition_candidate=>'здібний (підприємець): маючи досить здібностей, досвіду і знання, щоб мати змогу робити щось добре';reverse='capable (entrepreneur): with enough skills, experience and knowledge to be able to do good';lex=0.151;candDef=0.850;revDef=0.779;decision=BLOCKED:low reverse lexical agreement 0.151 || Helsinki-NLP/opus-mt-en-uk_surface_candidate=>'вправний';reverse='smart';lex=0.167;candDef=0.343;revDef=0.353;decision=BLOCKED:low reverse lexical agreement 0.167	BLOCKED: low reverse lexical agreement 0.151; method=Helsinki-NLP/opus-mt-en-uk_contextual_definition_candidate; exact Oxford definition='having enough ability, experience and knowledge to be able to do something well'; candidate='здібний (підприємець): маючи досить здібностей, досвіду і знання, щоб мати змогу робити щось добре'; reverse='capable (entrepreneur): with enough skills, experience and knowledge to be able to do good'; lexical=0.151; candidate_definition_similarity=0.850; reverse_definition_similarity=0.779; semantic=0.850.
ox5000-5cfb8a0fa422d38e65ee	slam	verb	C1	https://www.oxfordlearnersdictionaries.com/us/definition/english/slam_1	/us/definition/english/slam_1	to shut, or to make something shut, with a lot of force, making a loud noise	ХЛОПЕЦЬ: закрити або зробити щось закрите, з великою силою, роблячи гучний звук	Helsinki-NLP/opus-mt-en-uk_contextual_definition_candidate	Helsinki-NLP/opus-mt-en-uk_contextual_definition_candidate=>'ХЛОПЕЦЬ: закрити або зробити щось закрите, з великою силою, роблячи гучний звук';reverse='BOOK: Close or do something closed, with great force, making a loud sound';lex=0.000;candDef=0.860;revDef=0.726;decision=BLOCKED:verb candidate is not an appropriate Ukrainian infinitive/verb phrase || Helsinki-NLP/opus-mt-en-uk_surface_candidate=>'sock';reverse='sock';lex=0.000;candDef=0.096;revDef=0.096;decision=BLOCKED:candidate is not predominantly Ukrainian	BLOCKED: verb candidate is not an appropriate Ukrainian infinitive/verb phrase; method=Helsinki-NLP/opus-mt-en-uk_contextual_definition_candidate; exact Oxford definition='to shut, or to make something shut, with a lot of force, making a loud noise'; candidate='ХЛОПЕЦЬ: закрити або зробити щось закрите, з великою силою, роблячи гучний звук'; reverse='BOOK: Close or do something closed, with great force, making a loud sound'; lexical=0.000; candidate_definition_similarity=0.860; reverse_definition_similarity=0.726; semantic=0.000.
ox5000-3b3a7ce403b20d8fc4af	slap	verb	C1	https://www.oxfordlearnersdictionaries.com/us/definition/english/slap_1	/us/definition/english/slap_1	to hit somebody/something with the flat part of your hand	ляпас (клацання): щоб вдарити когось або щось пласкою частиною вашої руки	Helsinki-NLP/opus-mt-en-uk_contextual_definition_candidate	Helsinki-NLP/opus-mt-en-uk_contextual_definition_candidate=>'ляпас (клацання): щоб вдарити когось або щось пласкою частиною вашої руки';reverse='slap (click): to hit someone or something flat in your hand';lex=0.000;candDef=0.855;revDef=0.876;decision=BLOCKED:verb candidate is not an appropriate Ukrainian infinitive/verb phrase || Helsinki-NLP/opus-mt-en-uk_surface_candidate=>'ляпас';reverse='slap';lex=0.000;candDef=0.385;revDef=0.672;decision=BLOCKED:verb candidate is not an appropriate Ukrainian infinitive/verb phrase	BLOCKED: verb candidate is not an appropriate Ukrainian infinitive/verb phrase; method=Helsinki-NLP/opus-mt-en-uk_contextual_definition_candidate; exact Oxford definition='to hit somebody/something with the flat part of your hand'; candidate='ляпас (клацання): щоб вдарити когось або щось пласкою частиною вашої руки'; reverse='slap (click): to hit someone or something flat in your hand'; lexical=0.000; candidate_definition_similarity=0.855; reverse_definition_similarity=0.876; semantic=0.000.
ox5000-fbee093b230e25594ad6	slash	verb	C1	https://www.oxfordlearnersdictionaries.com/us/definition/english/slash_1	/us/definition/english/slash_1	to make a long cut with a sharp object, especially in a violent way	похила риска (версія): щоб зробити довгий надріз з гострим об' єктом, особливо у насильницький спосіб	Helsinki-NLP/opus-mt-en-uk_contextual_definition_candidate	"Helsinki-NLP/opus-mt-en-uk_contextual_definition_candidate=>""похила риска (версія): щоб зробити довгий надріз з гострим об' єктом, особливо у насильницький спосіб"";reverse='slash: to make a long cut with a sharp object, especially in a violent way';lex=0.000;candDef=0.755;revDef=0.924;decision=BLOCKED:verb candidate is not an appropriate Ukrainian infinitive/verb phrase || Helsinki-NLP/opus-mt-en-uk_surface_candidate=>'похила риска';reverse='slash';lex=0.000;candDef=0.245;revDef=0.374;decision=BLOCKED:verb candidate is not an appropriate Ukrainian infinitive/verb phrase"	"BLOCKED: verb candidate is not an appropriate Ukrainian infinitive/verb phrase; method=Helsinki-NLP/opus-mt-en-uk_contextual_definition_candidate; exact Oxford definition='to make a long cut with a sharp object, especially in a violent way'; candidate=""похила риска (версія): щоб зробити довгий надріз з гострим об' єктом, особливо у насильницький спосіб""; reverse='slash: to make a long cut with a sharp object, especially in a violent way'; lexical=0.000; candidate_definition_similarity=0.755; reverse_definition_similarity=0.924; semantic=0.000."
ox5000-45ce43966d81aa1e49c2	smash	verb	C1	https://www.oxfordlearnersdictionaries.com/us/definition/english/smash_1	/us/definition/english/smash_1	to break something, or to be broken, violently and noisily into many pieces	розбива́тися	en_wiktionary_matching_pos_uk_translation	en_wiktionary_matching_pos_uk_translation=>'розбива́тися';reverse='break';lex=0.200;candDef=0.654;revDef=0.528;decision=BLOCKED:low reverse lexical agreement 0.200 || en_wiktionary_matching_pos_uk_translation=>'розби́тися';reverse='fight';lex=0.200;candDef=0.635;revDef=0.315;decision=BLOCKED:low reverse lexical agreement 0.200 || Helsinki-NLP/opus-mt-en-uk_contextual_definition_candidate=>'float (версія): щоб розбити щось, або щоб бути зламаним, буйно і галасливо на багато частин';reverse='float: to break something, or to be broken, violent and noisy in many parts';lex=0.000;candDef=0.558;revDef=0.681;decision=BLOCKED:English/source-language residue or model artifact || Helsinki-NLP/opus-mt-en-uk_surface_candidate=>'float';reverse='float';lex=0.000;candDef=0.163;revDef=0.163;decision=BLOCKED:English/source-language residue or model artifact	BLOCKED: low reverse lexical agreement 0.200; method=en_wiktionary_matching_pos_uk_translation; exact Oxford definition='to break something, or to be broken, violently and noisily into many pieces'; candidate='розбива́тися'; reverse='break'; lexical=0.200; candidate_definition_similarity=0.654; reverse_definition_similarity=0.528; semantic=0.654.
ox5000-fd37b4b2ae6240ee9ec1	snap	verb	C1	https://www.oxfordlearnersdictionaries.com/us/definition/english/snap_1	/us/definition/english/snap_1	to break something suddenly with a sharp noise; to be broken in this way	float (verboard): щоб розбити щось раптово різким шумом; щоб його було розбито таким чином	Helsinki-NLP/opus-mt-en-uk_contextual_definition_candidate	Helsinki-NLP/opus-mt-en-uk_contextual_definition_candidate=>'float (verboard): щоб розбити щось раптово різким шумом; щоб його було розбито таким чином';reverse='float (verbboard): to break something suddenly with a sharp noise; to break it this way';lex=0.000;candDef=0.714;revDef=0.748;decision=BLOCKED:English/source-language residue or model artifact || Helsinki-NLP/opus-mt-en-uk_surface_candidate=>'захоплення';reverse='capture';lex=0.000;candDef=0.291;revDef=0.166;decision=BLOCKED:verb candidate is not an appropriate Ukrainian infinitive/verb phrase	BLOCKED: English/source-language residue or model artifact; method=Helsinki-NLP/opus-mt-en-uk_contextual_definition_candidate; exact Oxford definition='to break something suddenly with a sharp noise; to be broken in this way'; candidate='float (verboard): щоб розбити щось раптово різким шумом; щоб його було розбито таким чином'; reverse='float (verbboard): to break something suddenly with a sharp noise; to break it this way'; lexical=0.000; candidate_definition_similarity=0.714; reverse_definition_similarity=0.748; semantic=0.000.
ox5000-20919655f6e7d5062f90	soak	verb	C1	https://www.oxfordlearnersdictionaries.com/us/definition/english/soak_1	/us/definition/english/soak_1	to put something in liquid for a time so that it becomes completely wet; to become completely wet in this way	sump (верпгін): щоб покласти щось у рідину на деякий час так, щоб вона стала повністю мокрою; щоб повністю мокра таким чином	Helsinki-NLP/opus-mt-en-uk_contextual_definition_candidate	Helsinki-NLP/opus-mt-en-uk_contextual_definition_candidate=>'sump (верпгін): щоб покласти щось у рідину на деякий час так, щоб вона стала повністю мокрою; щоб повністю мокра таким чином';reverse='mp (Vemp): to put something in the liquid for some time, so that it becomes completely wet; to completely wet like this';lex=0.000;candDef=0.850;revDef=0.816;decision=BLOCKED:Latin-language residue remains || Helsinki-NLP/opus-mt-en-uk_surface_candidate=>'swap';reverse='swap';lex=0.000;candDef=-0.059;revDef=-0.059;decision=BLOCKED:candidate is not predominantly Ukrainian	BLOCKED: Latin-language residue remains; method=Helsinki-NLP/opus-mt-en-uk_contextual_definition_candidate; exact Oxford definition='to put something in liquid for a time so that it becomes completely wet; to become completely wet in this way'; candidate='sump (верпгін): щоб покласти щось у рідину на деякий час так, щоб вона стала повністю мокрою; щоб повністю мокра таким чином'; reverse='mp (Vemp): to put something in the liquid for some time, so that it becomes completely wet; to completely wet like this'; lexical=0.000; candidate_definition_similarity=0.850; reverse_definition_similarity=0.816; semantic=0.000.
ox5000-64a492fdbd43b68e3427	soar	verb	C1	https://www.oxfordlearnersdictionaries.com/us/definition/english/soar	/us/definition/english/soar	if the value, amount or level of something soars , it rises very quickly	toplace (verboard): якщо значення, об' єм або рівень чогось згортатиметься, воно дуже швидко піднімається	Helsinki-NLP/opus-mt-en-uk_contextual_definition_candidate	"Helsinki-NLP/opus-mt-en-uk_contextual_definition_candidate=>""toplace (verboard): якщо значення, об' єм або рівень чогось згортатиметься, воно дуже швидко піднімається"";reverse='topspace: If the value, volume or level of something collapses, it goes up very quickly';lex=0.000;candDef=0.788;revDef=0.756;decision=BLOCKED:Latin-language residue remains || Helsinki-NLP/opus-mt-en-uk_surface_candidate=>'ширяння';reverse='latitude';lex=0.000;candDef=0.270;revDef=0.090;decision=BLOCKED:verb candidate is not an appropriate Ukrainian infinitive/verb phrase"	"BLOCKED: Latin-language residue remains; method=Helsinki-NLP/opus-mt-en-uk_contextual_definition_candidate; exact Oxford definition='if the value, amount or level of something soars , it rises very quickly'; candidate=""toplace (verboard): якщо значення, об' єм або рівень чогось згортатиметься, воно дуже швидко піднімається""; reverse='topspace: If the value, volume or level of something collapses, it goes up very quickly'; lexical=0.000; candidate_definition_similarity=0.788; reverse_definition_similarity=0.756; semantic=0.000."
ox5000-c4f3415deb86368145e7	solicitor	noun	C1	https://www.oxfordlearnersdictionaries.com/us/definition/english/solicitor	/us/definition/english/solicitor	a lawyer who prepares legal documents, for example for the sale of land or buildings, advises people on legal matters, and can speak for them in some courts of law	правоохоронець (нуун): адвокат, який готує юридичні документи, наприклад, для продажу земель або будинків, дає поради людям стосовно юридичних справ і може виступати за них в деяких судах.	Helsinki-NLP/opus-mt-en-uk_contextual_definition_candidate	Helsinki-NLP/opus-mt-en-uk_contextual_definition_candidate=>'правоохоронець (нуун): адвокат, який готує юридичні документи, наприклад, для продажу земель або будинків, дає поради людям стосовно юридичних справ і може виступати за них в деяких судах.';reverse='law enforcement (nuun): A lawyer who prepares legal documents, such as the sale of land or houses, gives advice to people on legal matters and may file for them in some courts.';lex=0.045;candDef=0.938;revDef=0.848;decision=BLOCKED:low reverse lexical agreement 0.045 || Helsinki-NLP/opus-mt-en-uk_surface_candidate=>'applicator';reverse='application';lex=0.000;candDef=0.146;revDef=0.129;decision=BLOCKED:candidate is not predominantly Ukrainian	BLOCKED: low reverse lexical agreement 0.045; method=Helsinki-NLP/opus-mt-en-uk_contextual_definition_candidate; exact Oxford definition='a lawyer who prepares legal documents, for example for the sale of land or buildings, advises people on legal matters, and can speak for them in some courts of law'; candidate='правоохоронець (нуун): адвокат, який готує юридичні документи, наприклад, для продажу земель або будинків, дає поради людям стосовно юридичних справ і може виступати за них в деяких судах.'; reverse='law enforcement (nuun): A lawyer who prepares legal documents, such as the sale of land or houses, gives advice to people on legal matters and may file for them in some courts.'; lexical=0.045; candidate_definition_similarity=0.938; reverse_definition_similarity=0.848; semantic=0.938.
ox5000-504941675ad8a7232c26	solo	adjective	C1	https://www.oxfordlearnersdictionaries.com/us/definition/english/solo_2	/us/definition/english/solo_2	done by one person alone, without anyone helping them	Само (примітка): робиться однією людиною, ніхто не допомагає їй	Helsinki-NLP/opus-mt-en-uk_contextual_definition_candidate	Helsinki-NLP/opus-mt-en-uk_contextual_definition_candidate=>'Само (примітка): робиться однією людиною, ніхто не допомагає їй';reverse='Merely (note): made by one person, no one helps him';lex=0.000;candDef=0.728;revDef=0.694;decision=BLOCKED:adjective candidate has no plausible Ukrainian adjective morphology || Helsinki-NLP/opus-mt-en-uk_surface_candidate=>'соло';reverse='Solo';lex=0.000;candDef=0.122;revDef=0.604;decision=BLOCKED:adjective candidate has no plausible Ukrainian adjective morphology	BLOCKED: adjective candidate has no plausible Ukrainian adjective morphology; method=Helsinki-NLP/opus-mt-en-uk_contextual_definition_candidate; exact Oxford definition='done by one person alone, without anyone helping them'; candidate='Само (примітка): робиться однією людиною, ніхто не допомагає їй'; reverse='Merely (note): made by one person, no one helps him'; lexical=0.000; candidate_definition_similarity=0.728; reverse_definition_similarity=0.694; semantic=0.000.
ox5000-293d1b73e1a52bb7a6b4	sometime	adverb	B2	https://www.oxfordlearnersdictionaries.com/us/definition/english/sometime_1	/us/definition/english/sometime_1	at a time that you do not know exactly or has not yet been decided	якийсь ( прислівник): у той час, коли ви точно не знали або ще не були визначені	Helsinki-NLP/opus-mt-en-uk_contextual_definition_candidate	"en_wiktionary_matching_pos_uk_translation=>'коли́сь';reverse='*';lex=0.000;candDef=0.382;revDef=0.295;decision=BLOCKED:low reverse lexical agreement 0.000 || en_wiktionary_matching_pos_uk_translation=>'коли́-небудь';reverse='someday';lex=0.533;candDef=0.361;revDef=0.311;decision=BLOCKED:candidate/reverse meaning does not align with exact Oxford definition (0.361) || Helsinki-NLP/opus-mt-en-uk_contextual_definition_candidate=>'якийсь ( прислівник): у той час, коли ви точно не знали або ще не були визначені';reverse=""some (adversary): at a time when you didn't know exactly or hadn't yet been defined"";lex=0.182;candDef=0.759;revDef=0.689;decision=BLOCKED:low reverse lexical agreement 0.182 || Helsinki-NLP/opus-mt-en-uk_surface_candidate=>'колись';reverse='Once';lex=0.333;candDef=0.357;revDef=0.323;decision=BLOCKED:candidate/reverse meaning does not align with exact Oxford definition (0.357)"	"BLOCKED: low reverse lexical agreement 0.182; method=Helsinki-NLP/opus-mt-en-uk_contextual_definition_candidate; exact Oxford definition='at a time that you do not know exactly or has not yet been decided'; candidate='якийсь ( прислівник): у той час, коли ви точно не знали або ще не були визначені'; reverse=""some (adversary): at a time when you didn't know exactly or hadn't yet been defined""; lexical=0.182; candidate_definition_similarity=0.759; reverse_definition_similarity=0.689; semantic=0.759."
ox5000-a6dcbf692802d9819c27	sound	adjective	C1	https://www.oxfordlearnersdictionaries.com/us/definition/english/sound_3	/us/definition/english/sound_3	sensible; that you can rely on and that will probably give good results	sound (примітка): smart; на який можна покластися і який, ймовірно, дасть добрі результати	Helsinki-NLP/opus-mt-en-uk_contextual_definition_candidate	Helsinki-NLP/opus-mt-en-uk_contextual_definition_candidate=>'sound (примітка): smart; на який можна покластися і який, ймовірно, дасть добрі результати';reverse='sound (note): smart; which can be trusted and which will probably produce good results';lex=0.000;candDef=0.566;revDef=0.555;decision=BLOCKED:Latin-language residue remains || Helsinki-NLP/opus-mt-en-uk_surface_candidate=>'звук';reverse='sound';lex=0.000;candDef=0.149;revDef=0.098;decision=BLOCKED:adjective candidate has no plausible Ukrainian adjective morphology	BLOCKED: Latin-language residue remains; method=Helsinki-NLP/opus-mt-en-uk_contextual_definition_candidate; exact Oxford definition='sensible; that you can rely on and that will probably give good results'; candidate='sound (примітка): smart; на який можна покластися і який, ймовірно, дасть добрі результати'; reverse='sound (note): smart; which can be trusted and which will probably produce good results'; lexical=0.000; candidate_definition_similarity=0.566; reverse_definition_similarity=0.555; semantic=0.000.
ox5000-8fd493c6b8c66d55716d	span	noun	C1	https://www.oxfordlearnersdictionaries.com/us/definition/english/span_2	/us/definition/english/span_2	the length of time that something lasts or is able to continue	тривалість (нуун): тривалість, протягом якої щось триває або може продовжуватися	Helsinki-NLP/opus-mt-en-uk_contextual_definition_candidate	"en_wiktionary_matching_pos_uk_translation=>""п'ядь"";reverse='Five.';lex=0.000;candDef=0.188;revDef=0.174;decision=BLOCKED:low reverse lexical agreement 0.000 || en_wiktionary_matching_pos_uk_translation=>'пері́од';reverse='rhod';lex=0.000;candDef=0.176;revDef=0.150;decision=BLOCKED:low reverse lexical agreement 0.000 || en_wiktionary_matching_pos_uk_translation=>'перекриття́';reverse='Overcover';lex=0.000;candDef=0.257;revDef=0.077;decision=BLOCKED:low reverse lexical agreement 0.000 || Helsinki-NLP/opus-mt-en-uk_contextual_definition_candidate=>'тривалість (нуун): тривалість, протягом якої щось триває або може продовжуватися';reverse='duration (nuun): The duration for which something lasts or can continue';lex=0.083;candDef=0.898;revDef=0.912;decision=BLOCKED:low reverse lexical agreement 0.083 || Helsinki-NLP/opus-mt-en-uk_surface_candidate=>'spane';reverse='spane';lex=0.000;candDef=0.195;revDef=0.195;decision=BLOCKED:candidate is not predominantly Ukrainian"	BLOCKED: low reverse lexical agreement 0.083; method=Helsinki-NLP/opus-mt-en-uk_contextual_definition_candidate; exact Oxford definition='the length of time that something lasts or is able to continue'; candidate='тривалість (нуун): тривалість, протягом якої щось триває або може продовжуватися'; reverse='duration (nuun): The duration for which something lasts or can continue'; lexical=0.083; candidate_definition_similarity=0.898; reverse_definition_similarity=0.912; semantic=0.912.
ox5000-3bab93a0f0ba68954ca0	span	verb	C1	https://www.oxfordlearnersdictionaries.com/us/definition/english/span_1	/us/definition/english/span_1	to last all through a period of time or to cover the whole of it	охо́плювати	en_wiktionary_matching_pos_uk_translation	en_wiktionary_matching_pos_uk_translation=>'охо́плювати';reverse='tingling';lex=0.167;candDef=0.375;revDef=0.043;decision=BLOCKED:low reverse lexical agreement 0.167 || en_wiktionary_matching_pos_uk_translation=>'охопи́ти';reverse='Opponents';lex=0.154;candDef=0.334;revDef=0.084;decision=BLOCKED:low reverse lexical agreement 0.154 || Helsinki-NLP/opus-mt-en-uk_contextual_definition_candidate=>'період (версія): щоб тривати весь час або покрити весь його час';reverse='period (version): to take all the time or cover all the time';lex=0.000;candDef=0.742;revDef=0.664;decision=BLOCKED:verb candidate is not an appropriate Ukrainian infinitive/verb phrase || Helsinki-NLP/opus-mt-en-uk_surface_candidate=>'spane';reverse='spane';lex=0.000;candDef=0.264;revDef=0.264;decision=BLOCKED:candidate is not predominantly Ukrainian	BLOCKED: low reverse lexical agreement 0.167; method=en_wiktionary_matching_pos_uk_translation; exact Oxford definition='to last all through a period of time or to cover the whole of it'; candidate='охо́плювати'; reverse='tingling'; lexical=0.167; candidate_definition_similarity=0.375; reverse_definition_similarity=0.043; semantic=0.375.
ox5000-dc4fbe2d5fe2f3d96177	spare	adjective	B2	https://www.oxfordlearnersdictionaries.com/us/definition/english/spare_1	/us/definition/english/spare_1	available to do what you want with rather than work	запасний	Helsinki-NLP/opus-mt-en-uk_surface_candidate	en_wiktionary_matching_pos_uk_translation=>'запасни́й';reverse='Reservation';lex=0.000;candDef=0.278;revDef=0.213;decision=BLOCKED:adjective candidate has no plausible Ukrainian adjective morphology || Helsinki-NLP/opus-mt-en-uk_contextual_definition_candidate=>'keep (примітка): доступне для виконання того, що вам потрібно, а не для роботи';reverse='keep: is available to do what you need, not work';lex=0.000;candDef=0.612;revDef=0.524;decision=BLOCKED:Latin-language residue remains || Helsinki-NLP/opus-mt-en-uk_surface_candidate=>'запасний';reverse='spare';lex=1.000;candDef=0.265;revDef=0.249;decision=BLOCKED:candidate/reverse meaning does not align with exact Oxford definition (0.265)	BLOCKED: candidate/reverse meaning does not align with exact Oxford definition (0.265); method=Helsinki-NLP/opus-mt-en-uk_surface_candidate; exact Oxford definition='available to do what you want with rather than work'; candidate='запасний'; reverse='spare'; lexical=1.000; candidate_definition_similarity=0.265; reverse_definition_similarity=0.249; semantic=0.265.
ox5000-b4691477dac3ae734168	spare	verb	C1	https://www.oxfordlearnersdictionaries.com/us/definition/english/spare_2	/us/definition/english/spare_2	to make something such as time or money available to somebody or for something, especially when it requires an effort for you to do this	шкодува́ти	en_wiktionary_matching_pos_uk_translation	en_wiktionary_matching_pos_uk_translation=>'шкодува́ти';reverse='regrets';lex=0.333;candDef=0.174;revDef=0.091;decision=BLOCKED:candidate/reverse meaning does not align with exact Oxford definition (0.174) || Helsinki-NLP/opus-mt-en-uk_contextual_definition_candidate=>'зайвий (версія): щоб зробити щось на зразок часу або грошей доступним для когось або для чогось, особливо, коли потрібно докласти зусиль, щоб зробити це';reverse='unwanted: to make something like time or money available to someone or something, especially when it takes effort to do it';lex=0.000;candDef=0.901;revDef=0.860;decision=BLOCKED:verb candidate is not an appropriate Ukrainian infinitive/verb phrase || Helsinki-NLP/opus-mt-en-uk_surface_candidate=>'запасний';reverse='spare';lex=0.000;candDef=0.230;revDef=0.222;decision=BLOCKED:verb candidate is not an appropriate Ukrainian infinitive/verb phrase	BLOCKED: candidate/reverse meaning does not align with exact Oxford definition (0.174); method=en_wiktionary_matching_pos_uk_translation; exact Oxford definition='to make something such as time or money available to somebody or for something, especially when it requires an effort for you to do this'; candidate='шкодува́ти'; reverse='regrets'; lexical=0.333; candidate_definition_similarity=0.174; reverse_definition_similarity=0.091; semantic=0.174.
ox5000-af276684cc6b331a5780	spark	verb	C1	https://www.oxfordlearnersdictionaries.com/us/definition/english/spark_1	/us/definition/english/spark_1	to cause something to start or develop, especially suddenly	іскра (версія): щоб щось почати або розвинути, особливо раптово	Helsinki-NLP/opus-mt-en-uk_contextual_definition_candidate	Helsinki-NLP/opus-mt-en-uk_contextual_definition_candidate=>'іскра (версія): щоб щось почати або розвинути, особливо раптово';reverse='spark: to start or develop, especially suddenly';lex=0.000;candDef=0.624;revDef=0.654;decision=BLOCKED:verb candidate is not an appropriate Ukrainian infinitive/verb phrase || Helsinki-NLP/opus-mt-en-uk_surface_candidate=>'іскра';reverse='spark';lex=0.000;candDef=0.210;revDef=0.345;decision=BLOCKED:verb candidate is not an appropriate Ukrainian infinitive/verb phrase	BLOCKED: verb candidate is not an appropriate Ukrainian infinitive/verb phrase; method=Helsinki-NLP/opus-mt-en-uk_contextual_definition_candidate; exact Oxford definition='to cause something to start or develop, especially suddenly'; candidate='іскра (версія): щоб щось почати або розвинути, особливо раптово'; reverse='spark: to start or develop, especially suddenly'; lexical=0.000; candidate_definition_similarity=0.624; reverse_definition_similarity=0.654; semantic=0.000.
ox5000-4caf07a464d00cf4d539	spectacle	noun	C1	https://www.oxfordlearnersdictionaries.com/us/definition/english/spectacle	/us/definition/english/spectacle	two lenses in a frame that rests on the nose and ears. People wear spectacles in order to be able to see better or to protect their eyes from bright light.	Люди носять окуляри, щоб бачити краще, або щоб захистити свої очі від яскравого світла.	Helsinki-NLP/opus-mt-en-uk_contextual_definition_candidate	en_wiktionary_matching_pos_uk_translation=>'видо́вище';reverse='Swirl';lex=0.286;candDef=0.305;revDef=0.150;decision=BLOCKED:candidate/reverse meaning does not align with exact Oxford definition (0.305) || en_wiktionary_matching_pos_uk_translation=>'видо́висько';reverse='tall';lex=0.462;candDef=0.233;revDef=0.166;decision=BLOCKED:candidate/reverse meaning does not align with exact Oxford definition (0.233) || en_wiktionary_matching_pos_uk_translation=>'спекта́кль';reverse='play·aʹkl';lex=0.333;candDef=0.332;revDef=0.060;decision=BLOCKED:candidate/reverse meaning does not align with exact Oxford definition (0.332) || Helsinki-NLP/opus-mt-en-uk_contextual_definition_candidate=>'Люди носять окуляри, щоб бачити краще, або щоб захистити свої очі від яскравого світла.';reverse='People wear glasses to see better, or to protect their eyes against bright light.';lex=0.159;candDef=0.832;revDef=0.821;decision=BLOCKED:low reverse lexical agreement 0.159 || Helsinki-NLP/opus-mt-en-uk_surface_candidate=>'спектакль';reverse='play';lex=0.308;candDef=0.255;revDef=0.053;decision=BLOCKED:candidate/reverse meaning does not align with exact Oxford definition (0.255)	BLOCKED: low reverse lexical agreement 0.159; method=Helsinki-NLP/opus-mt-en-uk_contextual_definition_candidate; exact Oxford definition='two lenses in a frame that rests on the nose and ears. People wear spectacles in order to be able to see better or to protect their eyes from bright light.'; candidate='Люди носять окуляри, щоб бачити краще, або щоб захистити свої очі від яскравого світла.'; reverse='People wear glasses to see better, or to protect their eyes against bright light.'; lexical=0.159; candidate_definition_similarity=0.832; reverse_definition_similarity=0.821; semantic=0.832.
ox5000-602abdcb3ba37942bc00	speculate	verb	B2	https://www.oxfordlearnersdictionaries.com/us/definition/english/speculate	/us/definition/english/speculate	to form an opinion about something without knowing all the details or facts	припущення (версія): щоб сформувати думку про щось, не знаючи всіх подробиць або фактів	Helsinki-NLP/opus-mt-en-uk_contextual_definition_candidate	Helsinki-NLP/opus-mt-en-uk_contextual_definition_candidate=>'припущення (версія): щоб сформувати думку про щось, не знаючи всіх подробиць або фактів';reverse='Guesses: to formulate an idea of something, not knowing all the details or facts';lex=0.000;candDef=0.821;revDef=0.685;decision=BLOCKED:verb candidate is not an appropriate Ukrainian infinitive/verb phrase || Helsinki-NLP/opus-mt-en-uk_surface_candidate=>'Припущення';reverse='Guess';lex=0.000;candDef=0.366;revDef=0.235;decision=BLOCKED:verb candidate is not an appropriate Ukrainian infinitive/verb phrase	BLOCKED: verb candidate is not an appropriate Ukrainian infinitive/verb phrase; method=Helsinki-NLP/opus-mt-en-uk_contextual_definition_candidate; exact Oxford definition='to form an opinion about something without knowing all the details or facts'; candidate='припущення (версія): щоб сформувати думку про щось, не знаючи всіх подробиць або фактів'; reverse='Guesses: to formulate an idea of something, not knowing all the details or facts'; lexical=0.000; candidate_definition_similarity=0.821; reverse_definition_similarity=0.685; semantic=0.000.
ox5000-f320d9d13d4ccd549468	spell	noun	C1	https://www.oxfordlearnersdictionaries.com/us/definition/english/spell_2	/us/definition/english/spell_2	a short period of time during which something lasts	заклина́ння	en_wiktionary_matching_pos_uk_translation	en_wiktionary_matching_pos_uk_translation=>'заклина́ння';reverse='incantation';lex=0.000;candDef=0.404;revDef=0.322;decision=BLOCKED:low reverse lexical agreement 0.000 || en_wiktionary_matching_pos_uk_translation=>'закля́ття';reverse='Accordation';lex=0.000;candDef=0.394;revDef=0.231;decision=BLOCKED:low reverse lexical agreement 0.000 || en_wiktionary_matching_pos_uk_translation=>'ча́ри';reverse='chaʹras';lex=0.167;candDef=0.269;revDef=0.221;decision=BLOCKED:low reverse lexical agreement 0.167 || Helsinki-NLP/opus-mt-en-uk_contextual_definition_candidate=>'sure (noun): короткий проміжок часу, протягом якого щось триває';reverse='sure (noun): a short amount of time that something lasts';lex=0.000;candDef=0.683;revDef=0.736;decision=BLOCKED:Latin-language residue remains || Helsinki-NLP/opus-mt-en-uk_surface_candidate=>'правопис';reverse='spelling';lex=1.000;candDef=0.240;revDef=0.121;decision=BLOCKED:candidate/reverse meaning does not align with exact Oxford definition (0.240)	BLOCKED: low reverse lexical agreement 0.000; method=en_wiktionary_matching_pos_uk_translation; exact Oxford definition='a short period of time during which something lasts'; candidate='заклина́ння'; reverse='incantation'; lexical=0.000; candidate_definition_similarity=0.404; reverse_definition_similarity=0.322; semantic=0.404.
ox5000-b97520fdd3dde5fb23d2	spine	noun	C1	https://www.oxfordlearnersdictionaries.com/us/definition/english/spine	/us/definition/english/spine	the row of small bones that are connected together down the middle of the back	хребет (нуун): ряд маленьких кісток, що з'єднані між собою посередині спини.	Helsinki-NLP/opus-mt-en-uk_contextual_definition_candidate	"en_wiktionary_matching_pos_uk_translation=>'хребе́т';reverse='Krebeth';lex=0.167;candDef=0.334;revDef=0.333;decision=BLOCKED:low reverse lexical agreement 0.167 || en_wiktionary_matching_pos_uk_translation=>'коріне́ць';reverse='corinés';lex=0.333;candDef=0.368;revDef=0.290;decision=BLOCKED:candidate/reverse meaning does not align with exact Oxford definition (0.368) || en_wiktionary_matching_pos_uk_translation=>'спи́нка';reverse='Sleepy';lex=0.364;candDef=0.379;revDef=0.110;decision=BLOCKED:candidate/reverse meaning does not align with exact Oxford definition (0.379) || Helsinki-NLP/opus-mt-en-uk_contextual_definition_candidate=>""хребет (нуун): ряд маленьких кісток, що з'єднані між собою посередині спини."";reverse='vertebrae: A series of small bones connected to one another in the middle of the back';lex=0.090;candDef=0.891;revDef=0.861;decision=BLOCKED:low reverse lexical agreement 0.090 || Helsinki-NLP/opus-mt-en-uk_surface_candidate=>'хребет';reverse='vertebrae';lex=0.143;candDef=0.394;revDef=0.567;decision=BLOCKED:low reverse lexical agreement 0.143"	"BLOCKED: low reverse lexical agreement 0.090; method=Helsinki-NLP/opus-mt-en-uk_contextual_definition_candidate; exact Oxford definition='the row of small bones that are connected together down the middle of the back'; candidate=""хребет (нуун): ряд маленьких кісток, що з'єднані між собою посередині спини.""; reverse='vertebrae: A series of small bones connected to one another in the middle of the back'; lexical=0.090; candidate_definition_similarity=0.891; reverse_definition_similarity=0.861; semantic=0.891."
ox5000-14d85262aab9f4e3bb18	spoil	verb	B2	https://www.oxfordlearnersdictionaries.com/us/definition/english/spoil_1	/us/definition/english/spoil_1	to change something good into something bad, unpleasant, etc.	псува́ти	en_wiktionary_matching_pos_uk_translation	en_wiktionary_matching_pos_uk_translation=>'псува́ти';reverse='trasuaʹte';lex=0.143;candDef=0.348;revDef=0.214;decision=BLOCKED:low reverse lexical agreement 0.143 || Helsinki-NLP/opus-mt-en-uk_contextual_definition_candidate=>'notification (verb): змінити щось добре на щось погане, неприємне тощо.';reverse='notation (verb): to change something good into something bad, unpleasant, etc.';lex=0.000;candDef=0.633;revDef=0.689;decision=BLOCKED:candidate is not predominantly Ukrainian || Helsinki-NLP/opus-mt-en-uk_surface_candidate=>'clob';reverse='clob';lex=0.000;candDef=0.125;revDef=0.125;decision=BLOCKED:candidate is not predominantly Ukrainian	BLOCKED: low reverse lexical agreement 0.143; method=en_wiktionary_matching_pos_uk_translation; exact Oxford definition='to change something good into something bad, unpleasant, etc.'; candidate='псува́ти'; reverse='trasuaʹte'; lexical=0.143; candidate_definition_similarity=0.348; reverse_definition_similarity=0.214; semantic=0.348.
ox5000-74d7b573de8710a0722e	spouse	noun	C1	https://www.oxfordlearnersdictionaries.com/us/definition/english/spouse	/us/definition/english/spouse	a husband or wife	Чоловік або дружина (ні)	Helsinki-NLP/opus-mt-en-uk_contextual_definition_candidate	en_wiktionary_matching_pos_uk_translation=>'супру́г';reverse='Sobrugue';lex=0.571;candDef=0.266;revDef=0.073;decision=BLOCKED:candidate/reverse meaning does not align with exact Oxford definition (0.266) || en_wiktionary_matching_pos_uk_translation=>'супру́га';reverse='Sorbah';lex=0.333;candDef=0.270;revDef=0.376;decision=BLOCKED:candidate/reverse meaning does not align with exact Oxford definition (0.376) || en_wiktionary_matching_pos_uk_translation=>'чолові́к';reverse='Male';lex=0.200;candDef=0.459;revDef=0.396;decision=BLOCKED:low reverse lexical agreement 0.200 || en_wiktionary_matching_pos_uk_translation=>'дружи́на';reverse='Friendly';lex=0.143;candDef=0.361;revDef=0.238;decision=BLOCKED:low reverse lexical agreement 0.143 || Helsinki-NLP/opus-mt-en-uk_contextual_definition_candidate=>'Чоловік або дружина (ні)';reverse='Husband or Wife (no)';lex=0.250;candDef=0.906;revDef=0.880;decision=BLOCKED:low reverse lexical agreement 0.250 || Helsinki-NLP/opus-mt-en-uk_surface_candidate=>'Подружнього партнера';reverse='A Marriage Mate';lex=0.095;candDef=0.628;revDef=0.709;decision=BLOCKED:low reverse lexical agreement 0.095	BLOCKED: low reverse lexical agreement 0.250; method=Helsinki-NLP/opus-mt-en-uk_contextual_definition_candidate; exact Oxford definition='a husband or wife'; candidate='Чоловік або дружина (ні)'; reverse='Husband or Wife (no)'; lexical=0.250; candidate_definition_similarity=0.906; reverse_definition_similarity=0.880; semantic=0.906.
ox5000-71db30d2a889c264257c	squad	noun	C1	https://www.oxfordlearnersdictionaries.com/us/definition/english/squad	/us/definition/english/squad	a section of a police force that deals with a particular type of crime	команда (ніун): частина поліцейської поліції, яка має справу з певним видом злочину.	Helsinki-NLP/opus-mt-en-uk_contextual_definition_candidate	en_wiktionary_matching_pos_uk_translation=>'гру́па';reverse='weight';lex=0.000;candDef=0.167;revDef=-0.017;decision=BLOCKED:low reverse lexical agreement 0.000 || en_wiktionary_matching_pos_uk_translation=>'кома́нда';reverse='Comanda';lex=0.333;candDef=0.192;revDef=0.180;decision=BLOCKED:candidate/reverse meaning does not align with exact Oxford definition (0.192) || en_wiktionary_matching_pos_uk_translation=>'брига́да';reverse='burri·daʹda';lex=0.375;candDef=0.137;revDef=0.131;decision=BLOCKED:candidate/reverse meaning does not align with exact Oxford definition (0.137) || en_wiktionary_matching_pos_uk_translation=>'загі́н';reverse='hi·giʹ';lex=0.000;candDef=0.146;revDef=0.070;decision=BLOCKED:low reverse lexical agreement 0.000 || Helsinki-NLP/opus-mt-en-uk_contextual_definition_candidate=>'команда (ніун): частина поліцейської поліції, яка має справу з певним видом злочину.';reverse='Team (Nun): part of the police force dealing with a certain type of crime.';lex=0.080;candDef=0.775;revDef=0.745;decision=BLOCKED:low reverse lexical agreement 0.080 || Helsinki-NLP/opus-mt-en-uk_surface_candidate=>'команда';reverse='command';lex=0.333;candDef=0.245;revDef=0.223;decision=BLOCKED:candidate/reverse meaning does not align with exact Oxford definition (0.245)	BLOCKED: low reverse lexical agreement 0.080; method=Helsinki-NLP/opus-mt-en-uk_contextual_definition_candidate; exact Oxford definition='a section of a police force that deals with a particular type of crime'; candidate='команда (ніун): частина поліцейської поліції, яка має справу з певним видом злочину.'; reverse='Team (Nun): part of the police force dealing with a certain type of crime.'; lexical=0.080; candidate_definition_similarity=0.775; reverse_definition_similarity=0.745; semantic=0.775.
ox5000-e6f44a958562bf7abf7c	stab	verb	C1	https://www.oxfordlearnersdictionaries.com/us/definition/english/stab_1	/us/definition/english/stab_1	to push a sharp, pointed object, especially a knife, into somebody, killing or injuring them	удар (клацання): щоб наштовхнути різкий, загострений об' єкт, особливо ніж, на когось, вбити або поранити його.	Helsinki-NLP/opus-mt-en-uk_contextual_definition_candidate	"Helsinki-NLP/opus-mt-en-uk_contextual_definition_candidate=>""удар (клацання): щоб наштовхнути різкий, загострений об' єкт, особливо ніж, на когось, вбити або поранити його."";reverse='hit: to push a sharp, pointed object, especially a knife, to kill or injure someone.';lex=0.072;candDef=0.776;revDef=0.847;decision=BLOCKED:low reverse lexical agreement 0.072 || Helsinki-NLP/opus-mt-en-uk_surface_candidate=>'удар';reverse='strike';lex=0.000;candDef=0.452;revDef=0.301;decision=BLOCKED:verb candidate is not an appropriate Ukrainian infinitive/verb phrase"	"BLOCKED: low reverse lexical agreement 0.072; method=Helsinki-NLP/opus-mt-en-uk_contextual_definition_candidate; exact Oxford definition='to push a sharp, pointed object, especially a knife, into somebody, killing or injuring them'; candidate=""удар (клацання): щоб наштовхнути різкий, загострений об' єкт, особливо ніж, на когось, вбити або поранити його.""; reverse='hit: to push a sharp, pointed object, especially a knife, to kill or injure someone.'; lexical=0.072; candidate_definition_similarity=0.776; reverse_definition_similarity=0.847; semantic=0.847."
ox5000-1f971ffc38a84dfdc9eb	stake	noun	C1	https://www.oxfordlearnersdictionaries.com/us/definition/english/stake_1	/us/definition/english/stake_1	money that somebody invests in a company	ставок (ніун): гроші, які хтось інвестує в компанію	Helsinki-NLP/opus-mt-en-uk_contextual_definition_candidate	Helsinki-NLP/opus-mt-en-uk_contextual_definition_candidate=>'ставок (ніун): гроші, які хтось інвестує в компанію';reverse='pond: the money someone invests in the company';lex=0.120;candDef=0.893;revDef=0.806;decision=BLOCKED:low reverse lexical agreement 0.120 || Helsinki-NLP/opus-mt-en-uk_surface_candidate=>'стовпець';reverse='column';lex=0.000;candDef=0.142;revDef=0.117;decision=BLOCKED:low reverse lexical agreement 0.000	BLOCKED: low reverse lexical agreement 0.120; method=Helsinki-NLP/opus-mt-en-uk_contextual_definition_candidate; exact Oxford definition='money that somebody invests in a company'; candidate='ставок (ніун): гроші, які хтось інвестує в компанію'; reverse='pond: the money someone invests in the company'; lexical=0.120; candidate_definition_similarity=0.893; reverse_definition_similarity=0.806; semantic=0.893.
ox5000-8eaceadbb1ee581b62f9	stall	noun	B2	https://www.oxfordlearnersdictionaries.com/us/definition/english/stall_1	/us/definition/english/stall_1	a table or small shop with an open front that people sell things from, especially at a market	Призупинка (ноун): стіл або маленький магазин з відкритим фасадом, з якого люди продають речі, особливо на ринку.	Helsinki-NLP/opus-mt-en-uk_contextual_definition_candidate	Helsinki-NLP/opus-mt-en-uk_contextual_definition_candidate=>'Призупинка (ноун): стіл або маленький магазин з відкритим фасадом, з якого люди продають речі, особливо на ринку.';reverse='Pause (Nonun): a desk or a small open - front store from which people sell things, especially in the market';lex=0.075;candDef=0.893;revDef=0.671;decision=BLOCKED:low reverse lexical agreement 0.075 || Helsinki-NLP/opus-mt-en-uk_surface_candidate=>'Призупинити';reverse='Suspend';lex=0.000;candDef=0.040;revDef=-0.068;decision=BLOCKED:noun candidate is an infinitive/verb form	BLOCKED: low reverse lexical agreement 0.075; method=Helsinki-NLP/opus-mt-en-uk_contextual_definition_candidate; exact Oxford definition='a table or small shop with an open front that people sell things from, especially at a market'; candidate='Призупинка (ноун): стіл або маленький магазин з відкритим фасадом, з якого люди продають речі, особливо на ринку.'; reverse='Pause (Nonun): a desk or a small open - front store from which people sell things, especially in the market'; lexical=0.075; candidate_definition_similarity=0.893; reverse_definition_similarity=0.671; semantic=0.893.
ox5000-7a3a677b37b7297ea39e	stance	noun	B2	https://www.oxfordlearnersdictionaries.com/us/definition/english/stance	/us/definition/english/stance	the opinions that somebody has about something and expresses publicly	Позиція (нуун): опінії, що хтось має про щось і публічно висловлюється.	Helsinki-NLP/opus-mt-en-uk_contextual_definition_candidate	Helsinki-NLP/opus-mt-en-uk_contextual_definition_candidate=>'Позиція (нуун): опінії, що хтось має про щось і публічно висловлюється.';reverse='Position (nuun): The opinion that someone has something and is spoken in public.';lex=0.122;candDef=0.711;revDef=0.682;decision=BLOCKED:low reverse lexical agreement 0.122 || Helsinki-NLP/opus-mt-en-uk_surface_candidate=>'Позиція';reverse='Position';lex=0.429;candDef=0.288;revDef=0.214;decision=BLOCKED:candidate/reverse meaning does not align with exact Oxford definition (0.288)	BLOCKED: low reverse lexical agreement 0.122; method=Helsinki-NLP/opus-mt-en-uk_contextual_definition_candidate; exact Oxford definition='the opinions that somebody has about something and expresses publicly'; candidate='Позиція (нуун): опінії, що хтось має про щось і публічно висловлюється.'; reverse='Position (nuun): The opinion that someone has something and is spoken in public.'; lexical=0.122; candidate_definition_similarity=0.711; reverse_definition_similarity=0.682; semantic=0.711.
ox5000-cdc26e4c72368b040b24	starve	verb	B2	https://www.oxfordlearnersdictionaries.com/us/definition/english/starve	/us/definition/english/starve	to suffer or die because you do not have enough food to eat; to make somebody suffer or die in this way	Голод (словник): страждати або померти через те, що у вас недостатньо їжі; змусити когось страждати або померти в цей спосіб.	Helsinki-NLP/opus-mt-en-uk_contextual_definition_candidate	Helsinki-NLP/opus-mt-en-uk_contextual_definition_candidate=>'Голод (словник): страждати або померти через те, що у вас недостатньо їжі; змусити когось страждати або померти в цей спосіб.';reverse='Food shortages: suffering or death because you do not have enough to eat; making someone suffer or die in this way.';lex=0.102;candDef=0.835;revDef=0.778;decision=BLOCKED:low reverse lexical agreement 0.102 || Helsinki-NLP/opus-mt-en-uk_surface_candidate=>'Голод';reverse='Famine';lex=0.000;candDef=0.487;revDef=0.501;decision=BLOCKED:verb candidate is not an appropriate Ukrainian infinitive/verb phrase	BLOCKED: low reverse lexical agreement 0.102; method=Helsinki-NLP/opus-mt-en-uk_contextual_definition_candidate; exact Oxford definition='to suffer or die because you do not have enough food to eat; to make somebody suffer or die in this way'; candidate='Голод (словник): страждати або померти через те, що у вас недостатньо їжі; змусити когось страждати або померти в цей спосіб.'; reverse='Food shortages: suffering or death because you do not have enough to eat; making someone suffer or die in this way.'; lexical=0.102; candidate_definition_similarity=0.835; reverse_definition_similarity=0.778; semantic=0.835.
ox5000-f26f65eeec860e7aee0e	steer	verb	C1	https://www.oxfordlearnersdictionaries.com/us/definition/english/steer_1	/us/definition/english/steer_1	to control the direction in which a boat, car, etc. moves	Drive (verboard): для керування напрямком руху човна, автомобіля тощо.	Helsinki-NLP/opus-mt-en-uk_contextual_definition_candidate	Helsinki-NLP/opus-mt-en-uk_contextual_definition_candidate=>'Drive (verboard): для керування напрямком руху човна, автомобіля тощо.';reverse='Drive (verbboard): to control the direction of the boat, the car, etc.';lex=0.000;candDef=0.694;revDef=0.812;decision=BLOCKED:Latin-language residue remains || Helsinki-NLP/opus-mt-en-uk_surface_candidate=>'wheel';reverse='sheel';lex=0.000;candDef=0.421;revDef=0.137;decision=BLOCKED:candidate is not predominantly Ukrainian	BLOCKED: Latin-language residue remains; method=Helsinki-NLP/opus-mt-en-uk_contextual_definition_candidate; exact Oxford definition='to control the direction in which a boat, car, etc. moves'; candidate='Drive (verboard): для керування напрямком руху човна, автомобіля тощо.'; reverse='Drive (verbboard): to control the direction of the boat, the car, etc.'; lexical=0.000; candidate_definition_similarity=0.694; reverse_definition_similarity=0.812; semantic=0.000.
ox5000-953f191b3f02189d014a	stem	verb	C1	https://www.oxfordlearnersdictionaries.com/us/definition/english/stem_3	/us/definition/english/stem_3	to stop something that is flowing from spreading or increasing	sigh (verb): щоб зупинити поширення або збільшення чогось	Helsinki-NLP/opus-mt-en-uk_contextual_definition_candidate	Helsinki-NLP/opus-mt-en-uk_contextual_definition_candidate=>'sigh (verb): щоб зупинити поширення або збільшення чогось';reverse='ig (verb): to stop spreading or increasing something';lex=0.000;candDef=0.504;revDef=0.642;decision=BLOCKED:Latin-language residue remains || Helsinki-NLP/opus-mt-en-uk_surface_candidate=>'стовбур';reverse='trunk';lex=0.000;candDef=0.222;revDef=0.032;decision=BLOCKED:verb candidate is not an appropriate Ukrainian infinitive/verb phrase	BLOCKED: Latin-language residue remains; method=Helsinki-NLP/opus-mt-en-uk_contextual_definition_candidate; exact Oxford definition='to stop something that is flowing from spreading or increasing'; candidate='sigh (verb): щоб зупинити поширення або збільшення чогось'; reverse='ig (verb): to stop spreading or increasing something'; lexical=0.000; candidate_definition_similarity=0.504; reverse_definition_similarity=0.642; semantic=0.000.
ox5000-89ee912889a76e3be149	stir	verb	C1	https://www.oxfordlearnersdictionaries.com/us/definition/english/stir_1	/us/definition/english/stir_1	to move a liquid or substance around, using a spoon or something similar, in order to mix it completely	перемішування (клацання): щоб переміщати рідину або речовину навколо, використовуючи ложку або щось подібне, щоб повністю змішати її	Helsinki-NLP/opus-mt-en-uk_contextual_definition_candidate	Helsinki-NLP/opus-mt-en-uk_contextual_definition_candidate=>'перемішування (клацання): щоб переміщати рідину або речовину навколо, використовуючи ложку або щось подібне, щоб повністю змішати її';reverse='stir (click): to move fluid or substance around using a spoon or something like that to mix it completely';lex=0.000;candDef=0.897;revDef=0.892;decision=BLOCKED:verb candidate is not an appropriate Ukrainian infinitive/verb phrase || Helsinki-NLP/opus-mt-en-uk_surface_candidate=>'перемішування';reverse='mingling';lex=0.000;candDef=0.500;revDef=0.162;decision=BLOCKED:verb candidate is not an appropriate Ukrainian infinitive/verb phrase	BLOCKED: verb candidate is not an appropriate Ukrainian infinitive/verb phrase; method=Helsinki-NLP/opus-mt-en-uk_contextual_definition_candidate; exact Oxford definition='to move a liquid or substance around, using a spoon or something similar, in order to mix it completely'; candidate='перемішування (клацання): щоб переміщати рідину або речовину навколо, використовуючи ложку або щось подібне, щоб повністю змішати її'; reverse='stir (click): to move fluid or substance around using a spoon or something like that to mix it completely'; lexical=0.000; candidate_definition_similarity=0.897; reverse_definition_similarity=0.892; semantic=0.000.
ox5000-f6b29aa22c04b745a26a	straightforward	adjective	C1	https://www.oxfordlearnersdictionaries.com/us/definition/english/straightforward	/us/definition/english/straightforward	easy to do or to understand; not complicated	відкрите (примітка): просто виконати або зрозуміти; нескладне	Helsinki-NLP/opus-mt-en-uk_contextual_definition_candidate	Helsinki-NLP/opus-mt-en-uk_contextual_definition_candidate=>'відкрите (примітка): просто виконати або зрозуміти; нескладне';reverse='open (note): simple to execute or understand; simple';lex=0.127;candDef=0.818;revDef=0.550;decision=BLOCKED:low reverse lexical agreement 0.127 || Helsinki-NLP/opus-mt-en-uk_surface_candidate=>'просте';reverse='simple';lex=0.190;candDef=0.703;revDef=0.680;decision=BLOCKED:low reverse lexical agreement 0.190	BLOCKED: low reverse lexical agreement 0.127; method=Helsinki-NLP/opus-mt-en-uk_contextual_definition_candidate; exact Oxford definition='easy to do or to understand; not complicated'; candidate='відкрите (примітка): просто виконати або зрозуміти; нескладне'; reverse='open (note): simple to execute or understand; simple'; lexical=0.127; candidate_definition_similarity=0.818; reverse_definition_similarity=0.550; semantic=0.818.
ox5000-9459734beb39d10c7e71	strain	noun	C1	https://www.oxfordlearnersdictionaries.com/us/definition/english/strain_1	/us/definition/english/strain_1	pressure on a system or relationship because great demands are being placed on it	напруга (нуун): тиск на систему або зв' язки тому, що на неї накладають великі вимоги	Helsinki-NLP/opus-mt-en-uk_contextual_definition_candidate	"Helsinki-NLP/opus-mt-en-uk_contextual_definition_candidate=>""напруга (нуун): тиск на систему або зв' язки тому, що на неї накладають великі вимоги"";reverse='voltage (nuun): System pressure or connections because of high requirements';lex=0.154;candDef=0.821;revDef=0.429;decision=BLOCKED:low reverse lexical agreement 0.154 || Helsinki-NLP/opus-mt-en-uk_surface_candidate=>'mix';reverse='mix';lex=0.000;candDef=0.059;revDef=0.059;decision=BLOCKED:candidate is not predominantly Ukrainian"	"BLOCKED: low reverse lexical agreement 0.154; method=Helsinki-NLP/opus-mt-en-uk_contextual_definition_candidate; exact Oxford definition='pressure on a system or relationship because great demands are being placed on it'; candidate=""напруга (нуун): тиск на систему або зв' язки тому, що на неї накладають великі вимоги""; reverse='voltage (nuun): System pressure or connections because of high requirements'; lexical=0.154; candidate_definition_similarity=0.821; reverse_definition_similarity=0.429; semantic=0.821."
ox5000-17714dd4e4a9a5258b0d	strengthen	verb	B2	https://www.oxfordlearnersdictionaries.com/us/definition/english/strengthen	/us/definition/english/strengthen	to become more powerful or effective; to make somebody/something more powerful or effective	глиблення (клацання): щоб стати потужнішим або ефективнішим; щоб зробити когось або щось більш потужним або ефективним	Helsinki-NLP/opus-mt-en-uk_contextual_definition_candidate	Helsinki-NLP/opus-mt-en-uk_contextual_definition_candidate=>'глиблення (клацання): щоб стати потужнішим або ефективнішим; щоб зробити когось або щось більш потужним або ефективним';reverse='deep down: to become more powerful or more effective; to make someone or something more powerful or effective';lex=0.000;candDef=0.823;revDef=0.880;decision=BLOCKED:verb candidate is not an appropriate Ukrainian infinitive/verb phrase || Helsinki-NLP/opus-mt-en-uk_surface_candidate=>'зміцнення';reverse='strengthen';lex=0.000;candDef=0.566;revDef=0.504;decision=BLOCKED:verb candidate is not an appropriate Ukrainian infinitive/verb phrase	BLOCKED: verb candidate is not an appropriate Ukrainian infinitive/verb phrase; method=Helsinki-NLP/opus-mt-en-uk_contextual_definition_candidate; exact Oxford definition='to become more powerful or effective; to make somebody/something more powerful or effective'; candidate='глиблення (клацання): щоб стати потужнішим або ефективнішим; щоб зробити когось або щось більш потужним або ефективним'; reverse='deep down: to become more powerful or more effective; to make someone or something more powerful or effective'; lexical=0.000; candidate_definition_similarity=0.823; reverse_definition_similarity=0.880; semantic=0.000.
ox5000-257a7edd9932fb46a134	strip	noun	C1	https://www.oxfordlearnersdictionaries.com/us/definition/english/strip_1	/us/definition/english/strip_1	a long narrow piece of paper, metal, cloth, etc.	Стрічка (ноун): довгий вузький шматок паперу, металу, тканини тощо.	Helsinki-NLP/opus-mt-en-uk_contextual_definition_candidate	en_wiktionary_matching_pos_uk_translation=>'сму́га';reverse='muʹga';lex=0.000;candDef=0.305;revDef=0.242;decision=BLOCKED:low reverse lexical agreement 0.000 || Helsinki-NLP/opus-mt-en-uk_contextual_definition_candidate=>'Стрічка (ноун): довгий вузький шматок паперу, металу, тканини тощо.';reverse='Tape: A long, narrow piece of paper, metal, fabric, etc.';lex=0.109;candDef=0.947;revDef=0.814;decision=BLOCKED:low reverse lexical agreement 0.109 || Helsinki-NLP/opus-mt-en-uk_surface_candidate=>'смужка';reverse='bar';lex=0.250;candDef=0.405;revDef=0.196;decision=BLOCKED:low reverse lexical agreement 0.250	BLOCKED: low reverse lexical agreement 0.109; method=Helsinki-NLP/opus-mt-en-uk_contextual_definition_candidate; exact Oxford definition='a long narrow piece of paper, metal, cloth, etc.'; candidate='Стрічка (ноун): довгий вузький шматок паперу, металу, тканини тощо.'; reverse='Tape: A long, narrow piece of paper, metal, fabric, etc.'; lexical=0.109; candidate_definition_similarity=0.947; reverse_definition_similarity=0.814; semantic=0.947.
ox5000-8fdf7c3fa1ff0749e888	strip	verb	C1	https://www.oxfordlearnersdictionaries.com/us/definition/english/strip_2	/us/definition/english/strip_2	to take off all or most of your clothes or another person’s clothes	смуга (версія): зняти весь або більшість вашого одягу або іншу особу йде в одяг	Helsinki-NLP/opus-mt-en-uk_contextual_definition_candidate	Helsinki-NLP/opus-mt-en-uk_contextual_definition_candidate=>'смуга (версія): зняти весь або більшість вашого одягу або іншу особу йде в одяг';reverse='strip: remove all or most of your clothes or other person goes to clothes';lex=0.000;candDef=0.865;revDef=0.814;decision=BLOCKED:verb candidate is not an appropriate Ukrainian infinitive/verb phrase || Helsinki-NLP/opus-mt-en-uk_surface_candidate=>'смужка';reverse='bar';lex=0.000;candDef=0.184;revDef=0.101;decision=BLOCKED:verb candidate is not an appropriate Ukrainian infinitive/verb phrase	BLOCKED: verb candidate is not an appropriate Ukrainian infinitive/verb phrase; method=Helsinki-NLP/opus-mt-en-uk_contextual_definition_candidate; exact Oxford definition='to take off all or most of your clothes or another person’s clothes'; candidate='смуга (версія): зняти весь або більшість вашого одягу або іншу особу йде в одяг'; reverse='strip: remove all or most of your clothes or other person goes to clothes'; lexical=0.000; candidate_definition_similarity=0.865; reverse_definition_similarity=0.814; semantic=0.000.
ox5000-daeb6d79b4d634b68b53	stroke	noun	B2	https://www.oxfordlearnersdictionaries.com/us/definition/english/stroke_1	/us/definition/english/stroke_1	an act of hitting a ball, for example with a bat or racket	удар (нуун): дія з удару м' ячем, наприклад, кажаном або ракеткою.	Helsinki-NLP/opus-mt-en-uk_contextual_definition_candidate	"en_wiktionary_matching_pos_uk_translation=>'уда́р';reverse='Adáur';lex=0.182;candDef=0.237;revDef=0.145;decision=BLOCKED:low reverse lexical agreement 0.182 || en_wiktionary_matching_pos_uk_translation=>'ри́са';reverse='risʹsa';lex=0.167;candDef=0.215;revDef=0.165;decision=BLOCKED:low reverse lexical agreement 0.167 || en_wiktionary_matching_pos_uk_translation=>'штрих';reverse='dashes';lex=0.333;candDef=0.301;revDef=0.280;decision=BLOCKED:candidate/reverse meaning does not align with exact Oxford definition (0.301) || Helsinki-NLP/opus-mt-en-uk_contextual_definition_candidate=>""удар (нуун): дія з удару м' ячем, наприклад, кажаном або ракеткою."";reverse='beat (nuun): Hit the ball, for example, a bat or a rocket.';lex=0.172;candDef=0.827;revDef=0.791;decision=BLOCKED:low reverse lexical agreement 0.172"	"BLOCKED: low reverse lexical agreement 0.172; method=Helsinki-NLP/opus-mt-en-uk_contextual_definition_candidate; exact Oxford definition='an act of hitting a ball, for example with a bat or racket'; candidate=""удар (нуун): дія з удару м' ячем, наприклад, кажаном або ракеткою.""; reverse='beat (nuun): Hit the ball, for example, a bat or a rocket.'; lexical=0.172; candidate_definition_similarity=0.827; reverse_definition_similarity=0.791; semantic=0.827."
ox5000-82524e734d9ba7cdeb6d	subscription	noun	C1	https://www.oxfordlearnersdictionaries.com/us/definition/english/subscription	/us/definition/english/subscription	an amount of money that you pay regularly to receive a service, be a member of a club, support a charity or receive regular copies of a newspaper or magazine; the act of paying this money	Підписка	Helsinki-NLP/opus-mt-en-uk_surface_candidate	en_wiktionary_matching_pos_uk_translation=>'підпи́ска';reverse='Pop-Ups';lex=0.105;candDef=0.164;revDef=0.111;decision=BLOCKED:low reverse lexical agreement 0.105 || en_wiktionary_matching_pos_uk_translation=>'абонеме́нт';reverse='ornemeth';lex=0.200;candDef=0.225;revDef=0.047;decision=BLOCKED:low reverse lexical agreement 0.200 || en_wiktionary_matching_pos_uk_translation=>'передпла́та';reverse='prepalata';lex=0.286;candDef=0.189;revDef=0.149;decision=BLOCKED:candidate/reverse meaning does not align with exact Oxford definition (0.189) || en_wiktionary_matching_pos_uk_translation=>'пі́дпис';reverse='piddtion';lex=0.500;candDef=0.202;revDef=0.164;decision=BLOCKED:candidate/reverse meaning does not align with exact Oxford definition (0.202) || Helsinki-NLP/opus-mt-en-uk_contextual_definition_candidate=>'Підписання (ноун): гроші, які ви регулярно платите, щоб отримати послугу, бути членом клубу, підтримувати благодійність або регулярно отримувати примірники газет або журналів; акт сплати цих грошей.';reverse='Signing (Noun): The money you pay regularly to receive a service, to be a member of a club, to support charity, or to receive regular copies of newspaper or magazine; the payment of this money.';lex=0.000;candDef=0.845;revDef=0.625;decision=BLOCKED:noun candidate is an infinitive/verb form || Helsinki-NLP/opus-mt-en-uk_surface_candidate=>'Підписка';reverse='Subscription';lex=1.000;candDef=0.253;revDef=0.249;decision=BLOCKED:candidate/reverse meaning does not align with exact Oxford definition (0.253)	BLOCKED: candidate/reverse meaning does not align with exact Oxford definition (0.253); method=Helsinki-NLP/opus-mt-en-uk_surface_candidate; exact Oxford definition='an amount of money that you pay regularly to receive a service, be a member of a club, support a charity or receive regular copies of a newspaper or magazine; the act of paying this money'; candidate='Підписка'; reverse='Subscription'; lexical=1.000; candidate_definition_similarity=0.253; reverse_definition_similarity=0.249; semantic=0.253.
ox5000-deeafc102a5fc0edcb7e	subsequently	adverb	B2	https://www.oxfordlearnersdictionaries.com/us/definition/english/subsequently	/us/definition/english/subsequently	afterwards; later; after something else has happened	Пізніше (клацання): після; пізніше; після чогось іншого сталося	Helsinki-NLP/opus-mt-en-uk_contextual_definition_candidate	Helsinki-NLP/opus-mt-en-uk_contextual_definition_candidate=>'Пізніше (клацання): після; пізніше; після чогось іншого сталося';reverse='Later (click) afterward; after something else happened';lex=0.159;candDef=0.914;revDef=0.765;decision=BLOCKED:low reverse lexical agreement 0.159 || Helsinki-NLP/opus-mt-en-uk_surface_candidate=>'Згодом';reverse='Later';lex=0.118;candDef=0.466;revDef=0.699;decision=BLOCKED:low reverse lexical agreement 0.118	BLOCKED: low reverse lexical agreement 0.159; method=Helsinki-NLP/opus-mt-en-uk_contextual_definition_candidate; exact Oxford definition='afterwards; later; after something else has happened'; candidate='Пізніше (клацання): після; пізніше; після чогось іншого сталося'; reverse='Later (click) afterward; after something else happened'; lexical=0.159; candidate_definition_similarity=0.914; reverse_definition_similarity=0.765; semantic=0.914.
ox5000-8497fff50f2f4451b1fa	substantial	adjective	C1	https://www.oxfordlearnersdictionaries.com/us/definition/english/substantial	/us/definition/english/substantial	large in amount, value or importance	valid (примітка): велика величина, значення або важливість	Helsinki-NLP/opus-mt-en-uk_contextual_definition_candidate	Helsinki-NLP/opus-mt-en-uk_contextual_definition_candidate=>'valid (примітка): велика величина, значення або важливість';reverse='valid (note): Large value, value or importance';lex=0.000;candDef=0.722;revDef=0.719;decision=BLOCKED:Latin-language residue remains || Helsinki-NLP/opus-mt-en-uk_surface_candidate=>'valid';reverse='valid';lex=0.000;candDef=0.213;revDef=0.213;decision=BLOCKED:candidate is not predominantly Ukrainian	BLOCKED: Latin-language residue remains; method=Helsinki-NLP/opus-mt-en-uk_contextual_definition_candidate; exact Oxford definition='large in amount, value or importance'; candidate='valid (примітка): велика величина, значення або важливість'; reverse='valid (note): Large value, value or importance'; lexical=0.000; candidate_definition_similarity=0.722; reverse_definition_similarity=0.719; semantic=0.000.
ox5000-ccb0aa16d20fc2fac36c	substantially	adverb	C1	https://www.oxfordlearnersdictionaries.com/us/definition/english/substantially	/us/definition/english/substantially	very much; a lot	Значно (клацання): дуже багато; багато	Helsinki-NLP/opus-mt-en-uk_contextual_definition_candidate	Helsinki-NLP/opus-mt-en-uk_contextual_definition_candidate=>'Значно (клацання): дуже багато; багато';reverse='Largely (click): many; many';lex=0.222;candDef=0.887;revDef=0.563;decision=BLOCKED:low reverse lexical agreement 0.222 || Helsinki-NLP/opus-mt-en-uk_surface_candidate=>'Значно';reverse='Large';lex=0.111;candDef=0.579;revDef=0.462;decision=BLOCKED:low reverse lexical agreement 0.111	BLOCKED: low reverse lexical agreement 0.222; method=Helsinki-NLP/opus-mt-en-uk_contextual_definition_candidate; exact Oxford definition='very much; a lot'; candidate='Значно (клацання): дуже багато; багато'; reverse='Largely (click): many; many'; lexical=0.222; candidate_definition_similarity=0.887; reverse_definition_similarity=0.563; semantic=0.887.
ox5000-ccf6c1169dbd08cdf21d	substitute	noun	C1	https://www.oxfordlearnersdictionaries.com/us/definition/english/substitute_1	/us/definition/english/substitute_1	a person or thing that you use or have instead of the one you normally use or have	заміна (ніу): особа або річ, яку ви використовуєте або маєте замість тої, яку ви зазвичай використовуєте або маєте	Helsinki-NLP/opus-mt-en-uk_contextual_definition_candidate	en_wiktionary_matching_pos_uk_translation=>'заміна';reverse='replace';lex=0.118;candDef=0.247;revDef=0.249;decision=BLOCKED:low reverse lexical agreement 0.118 || Helsinki-NLP/opus-mt-en-uk_contextual_definition_candidate=>'заміна (ніу): особа або річ, яку ви використовуєте або маєте замість тої, яку ви зазвичай використовуєте або маєте';reverse='replace: the person or thing you use or have instead of the one you normally use or have';lex=0.144;candDef=0.850;revDef=0.822;decision=BLOCKED:low reverse lexical agreement 0.144 || Helsinki-NLP/opus-mt-en-uk_surface_candidate=>'замінник';reverse='replacement';lex=0.095;candDef=0.331;revDef=0.244;decision=BLOCKED:low reverse lexical agreement 0.095	BLOCKED: low reverse lexical agreement 0.144; method=Helsinki-NLP/opus-mt-en-uk_contextual_definition_candidate; exact Oxford definition='a person or thing that you use or have instead of the one you normally use or have'; candidate='заміна (ніу): особа або річ, яку ви використовуєте або маєте замість тої, яку ви зазвичай використовуєте або маєте'; reverse='replace: the person or thing you use or have instead of the one you normally use or have'; lexical=0.144; candidate_definition_similarity=0.850; reverse_definition_similarity=0.822; semantic=0.850.
ox5000-3c58d0022914fdbdef9d	substitute	verb	C1	https://www.oxfordlearnersdictionaries.com/us/definition/english/substitute_2	/us/definition/english/substitute_2	to take the place of somebody/something else; to use somebody/something instead of somebody/something else	підстановка: замінити когось або щось інше; використати когось або щось замість когось або чогось іншого	Helsinki-NLP/opus-mt-en-uk_contextual_definition_candidate	en_wiktionary_matching_pos_uk_translation=>'заміня́ти';reverse='replace';lex=0.118;candDef=0.520;revDef=0.396;decision=BLOCKED:low reverse lexical agreement 0.118 || Helsinki-NLP/opus-mt-en-uk_contextual_definition_candidate=>'підстановка: замінити когось або щось інше; використати когось або щось замість когось або чогось іншого';reverse='device: replace someone or something; use someone or something instead of someone or something';lex=0.098;candDef=0.846;revDef=0.653;decision=BLOCKED:low reverse lexical agreement 0.098 || Helsinki-NLP/opus-mt-en-uk_surface_candidate=>'замінник';reverse='replacement';lex=0.000;candDef=0.492;revDef=0.365;decision=BLOCKED:verb candidate is not an appropriate Ukrainian infinitive/verb phrase	BLOCKED: low reverse lexical agreement 0.098; method=Helsinki-NLP/opus-mt-en-uk_contextual_definition_candidate; exact Oxford definition='to take the place of somebody/something else; to use somebody/something instead of somebody/something else'; candidate='підстановка: замінити когось або щось інше; використати когось або щось замість когось або чогось іншого'; reverse='device: replace someone or something; use someone or something instead of someone or something'; lexical=0.098; candidate_definition_similarity=0.846; reverse_definition_similarity=0.653; semantic=0.846.
ox5000-e74fd3b31557c9905855	subtle	adjective	C1	https://www.oxfordlearnersdictionaries.com/us/definition/english/subtle	/us/definition/english/subtle	not very obvious or easy to notice	timal (примітка): не дуже очевидний або простий для позначення	Helsinki-NLP/opus-mt-en-uk_contextual_definition_candidate	Helsinki-NLP/opus-mt-en-uk_contextual_definition_candidate=>'timal (примітка): не дуже очевидний або простий для позначення';reverse='timid (note): not very obvious or easy to mark';lex=0.000;candDef=0.481;revDef=0.513;decision=BLOCKED:Latin-language residue remains || Helsinki-NLP/opus-mt-en-uk_surface_candidate=>'timple';reverse='timidple';lex=0.000;candDef=0.231;revDef=0.256;decision=BLOCKED:candidate is not predominantly Ukrainian	BLOCKED: Latin-language residue remains; method=Helsinki-NLP/opus-mt-en-uk_contextual_definition_candidate; exact Oxford definition='not very obvious or easy to notice'; candidate='timal (примітка): не дуже очевидний або простий для позначення'; reverse='timid (note): not very obvious or easy to mark'; lexical=0.000; candidate_definition_similarity=0.481; reverse_definition_similarity=0.513; semantic=0.000.
ox5000-bb9ca1bf424237d86e34	suburban	adjective	C1	https://www.oxfordlearnersdictionaries.com/us/definition/english/suburban	/us/definition/english/suburban	in or connected with a suburb	Приміський (прикметник): всередину або з' єднано з передмістям.	Helsinki-NLP/opus-mt-en-uk_contextual_definition_candidate	"en_wiktionary_matching_pos_uk_translation=>'приміськи́й';reverse='Clothe yourselves.';lex=0.000;candDef=0.182;revDef=0.097;decision=BLOCKED:adjective candidate has no plausible Ukrainian adjective morphology || en_wiktionary_matching_pos_uk_translation=>'передміськи́й';reverse='transmit.';lex=0.000;candDef=0.217;revDef=0.231;decision=BLOCKED:adjective candidate has no plausible Ukrainian adjective morphology || en_wiktionary_matching_pos_uk_translation=>'підміськи́й';reverse='emeeze';lex=0.000;candDef=0.188;revDef=0.151;decision=BLOCKED:adjective candidate has no plausible Ukrainian adjective morphology || Helsinki-NLP/opus-mt-en-uk_contextual_definition_candidate=>""Приміський (прикметник): всередину або з' єднано з передмістям."";reverse='Primitive: either in or out of the suburbs.';lex=0.245;candDef=0.262;revDef=0.639;decision=BLOCKED:low reverse lexical agreement 0.245 || Helsinki-NLP/opus-mt-en-uk_surface_candidate=>'Приміський районazerbaijan. kgm';reverse='Primi';lex=0.000;candDef=0.148;revDef=0.206;decision=BLOCKED:candidate is not predominantly Ukrainian"	"BLOCKED: low reverse lexical agreement 0.245; method=Helsinki-NLP/opus-mt-en-uk_contextual_definition_candidate; exact Oxford definition='in or connected with a suburb'; candidate=""Приміський (прикметник): всередину або з' єднано з передмістям.""; reverse='Primitive: either in or out of the suburbs.'; lexical=0.245; candidate_definition_similarity=0.262; reverse_definition_similarity=0.639; semantic=0.639."
ox5000-7825b41eb321cdf7f96a	succession	noun	C1	https://www.oxfordlearnersdictionaries.com/us/definition/english/succession	/us/definition/english/succession	a number of people or things that follow each other in time or order	Наслідування (нуун): декілька людей або речей, які слідують один за одним у часі або порядку	Helsinki-NLP/opus-mt-en-uk_contextual_definition_candidate	Helsinki-NLP/opus-mt-en-uk_contextual_definition_candidate=>'Наслідування (нуун): декілька людей або речей, які слідують один за одним у часі або порядку';reverse='Imitation (nuun): multiple people or things that follow each other in time or order';lex=0.067;candDef=0.856;revDef=0.676;decision=BLOCKED:low reverse lexical agreement 0.067 || Helsinki-NLP/opus-mt-en-uk_surface_candidate=>'Наступницький';reverse='Next';lex=0.143;candDef=0.368;revDef=0.289;decision=BLOCKED:low reverse lexical agreement 0.143	BLOCKED: low reverse lexical agreement 0.067; method=Helsinki-NLP/opus-mt-en-uk_contextual_definition_candidate; exact Oxford definition='a number of people or things that follow each other in time or order'; candidate='Наслідування (нуун): декілька людей або речей, які слідують один за одним у часі або порядку'; reverse='Imitation (nuun): multiple people or things that follow each other in time or order'; lexical=0.067; candidate_definition_similarity=0.856; reverse_definition_similarity=0.676; semantic=0.856.
ox5000-e4c75e1c4323b1a9129c	successor	noun	C1	https://www.oxfordlearnersdictionaries.com/us/definition/english/successor	/us/definition/english/successor	a person or thing that comes after somebody/something else and takes their/its place	Наступник (нуун): особа або річ, яка йде за кимось або чимось іншим і займає місце їх/їх	Helsinki-NLP/opus-mt-en-uk_contextual_definition_candidate	en_wiktionary_matching_pos_uk_translation=>'спадкоє́мець';reverse='fascám';lex=0.267;candDef=0.318;revDef=0.354;decision=BLOCKED:low reverse lexical agreement 0.267 || en_wiktionary_matching_pos_uk_translation=>'спадкоє́миця';reverse='pre - Christian';lex=0.091;candDef=0.300;revDef=0.168;decision=BLOCKED:low reverse lexical agreement 0.091 || en_wiktionary_matching_pos_uk_translation=>'насту́пник';reverse='puppets';lex=0.125;candDef=0.317;revDef=0.389;decision=BLOCKED:low reverse lexical agreement 0.125 || en_wiktionary_matching_pos_uk_translation=>'насту́пниця';reverse='Potionsman';lex=0.105;candDef=0.336;revDef=0.357;decision=BLOCKED:low reverse lexical agreement 0.105 || Helsinki-NLP/opus-mt-en-uk_contextual_definition_candidate=>'Наступник (нуун): особа або річ, яка йде за кимось або чимось іншим і займає місце їх/їх';reverse='Next (nuun): A person or something that follows or else takes place them/ them';lex=0.072;candDef=0.842;revDef=0.786;decision=BLOCKED:low reverse lexical agreement 0.072 || Helsinki-NLP/opus-mt-en-uk_surface_candidate=>'наступник';reverse='successor';lex=1.000;candDef=0.357;revDef=0.258;decision=BLOCKED:candidate/reverse meaning does not align with exact Oxford definition (0.357)	BLOCKED: low reverse lexical agreement 0.072; method=Helsinki-NLP/opus-mt-en-uk_contextual_definition_candidate; exact Oxford definition='a person or thing that comes after somebody/something else and takes their/its place'; candidate='Наступник (нуун): особа або річ, яка йде за кимось або чимось іншим і займає місце їх/їх'; reverse='Next (nuun): A person or something that follows or else takes place them/ them'; lexical=0.072; candidate_definition_similarity=0.842; reverse_definition_similarity=0.786; semantic=0.842.
ox5000-78c91736c18630ab8264	suck	verb	C1	https://www.oxfordlearnersdictionaries.com/us/definition/english/suck_1	/us/definition/english/suck_1	to take liquid, air, etc. into your mouth by using the muscles of your lips	смокта́ти	en_wiktionary_matching_pos_uk_translation	"en_wiktionary_matching_pos_uk_translation=>'смокта́ти';reverse='Suctions';lex=0.500;candDef=0.254;revDef=0.133;decision=BLOCKED:candidate/reverse meaning does not align with exact Oxford definition (0.254) || en_wiktionary_matching_pos_uk_translation=>'сса́ти';reverse='sash';lex=0.250;candDef=0.150;revDef=0.111;decision=BLOCKED:low reverse lexical agreement 0.250 || Helsinki-NLP/opus-mt-en-uk_contextual_definition_candidate=>""сироватка: щоб взяти рідину, повітря і т. д. у рот, використовуючи м'язи губ."";reverse='serum: to pick up fluid, air, and so on in the mouth, using lip muscles.';lex=0.000;candDef=0.906;revDef=0.712;decision=BLOCKED:verb candidate is not an appropriate Ukrainian infinitive/verb phrase || Helsinki-NLP/opus-mt-en-uk_surface_candidate=>'fuck';reverse='Fuck.';lex=0.000;candDef=0.209;revDef=0.193;decision=BLOCKED:candidate is not predominantly Ukrainian"	BLOCKED: candidate/reverse meaning does not align with exact Oxford definition (0.254); method=en_wiktionary_matching_pos_uk_translation; exact Oxford definition='to take liquid, air, etc. into your mouth by using the muscles of your lips'; candidate='смокта́ти'; reverse='Suctions'; lexical=0.500; candidate_definition_similarity=0.254; reverse_definition_similarity=0.133; semantic=0.254.
ox5000-8f9ed5ef41a7acfc59ed	sue	verb	C1	https://www.oxfordlearnersdictionaries.com/us/definition/english/sue_1	/us/definition/english/sue_1	to make a claim against a person or an organization in court about something that they have said or done to harm you	судовий позов (словник): заявити проти особи або організації в суді про те, що́ вони сказали або зробили, аби завдати вам шкоди.	Helsinki-NLP/opus-mt-en-uk_contextual_definition_candidate	Helsinki-NLP/opus-mt-en-uk_contextual_definition_candidate=>'судовий позов (словник): заявити проти особи або організації в суді про те, що́ вони сказали або зробили, аби завдати вам шкоди.';reverse='a court case (a dictionary): to state against a person or an organization in court what they have said or done to harm you.';lex=0.000;candDef=0.858;revDef=0.772;decision=BLOCKED:verb candidate is not an appropriate Ukrainian infinitive/verb phrase || Helsinki-NLP/opus-mt-en-uk_surface_candidate=>'суд';reverse='judgment';lex=0.000;candDef=0.424;revDef=0.402;decision=BLOCKED:verb candidate is not an appropriate Ukrainian infinitive/verb phrase	BLOCKED: verb candidate is not an appropriate Ukrainian infinitive/verb phrase; method=Helsinki-NLP/opus-mt-en-uk_contextual_definition_candidate; exact Oxford definition='to make a claim against a person or an organization in court about something that they have said or done to harm you'; candidate='судовий позов (словник): заявити проти особи або організації в суді про те, що́ вони сказали або зробили, аби завдати вам шкоди.'; reverse='a court case (a dictionary): to state against a person or an organization in court what they have said or done to harm you.'; lexical=0.000; candidate_definition_similarity=0.858; reverse_definition_similarity=0.772; semantic=0.000.
ox5000-9c9d29e2d90c4d840d2a	sufficiently	adverb	B2	https://www.oxfordlearnersdictionaries.com/us/definition/english/sufficiently	/us/definition/english/sufficiently	enough for a particular purpose; as much as you need	Достатньо (клацання): достатньо для конкретної цілі; стільки, скільки потрібно	Helsinki-NLP/opus-mt-en-uk_contextual_definition_candidate	"Helsinki-NLP/opus-mt-en-uk_contextual_definition_candidate=>'Достатньо (клацання): достатньо для конкретної цілі; стільки, скільки потрібно';reverse='Enough (click): enough for a specific purpose; as much as needed';lex=0.167;candDef=0.789;revDef=0.777;decision=BLOCKED:low reverse lexical agreement 0.167 || Helsinki-NLP/opus-mt-en-uk_surface_candidate=>'Досить.';reverse=""That's enough."";lex=0.240;candDef=0.495;revDef=0.560;decision=BLOCKED:low reverse lexical agreement 0.240"	BLOCKED: low reverse lexical agreement 0.167; method=Helsinki-NLP/opus-mt-en-uk_contextual_definition_candidate; exact Oxford definition='enough for a particular purpose; as much as you need'; candidate='Достатньо (клацання): достатньо для конкретної цілі; стільки, скільки потрібно'; reverse='Enough (click): enough for a specific purpose; as much as needed'; lexical=0.167; candidate_definition_similarity=0.789; reverse_definition_similarity=0.777; semantic=0.789.
ox5000-26cdfee87f685bfe771c	suite	noun	C1	https://www.oxfordlearnersdictionaries.com/us/definition/english/suite	/us/definition/english/suite	a set of rooms, especially in a hotel	набір (ноун): набір кімнат, особливо у готелі	Helsinki-NLP/opus-mt-en-uk_contextual_definition_candidate	en_wiktionary_matching_pos_uk_translation=>'сюї́та';reverse='Seitha';lex=0.545;candDef=0.185;revDef=0.075;decision=BLOCKED:candidate/reverse meaning does not align with exact Oxford definition (0.185) || Helsinki-NLP/opus-mt-en-uk_contextual_definition_candidate=>'набір (ноун): набір кімнат, особливо у готелі';reverse='set (Noun): A set of rooms, especially in a hotel';lex=0.200;candDef=0.924;revDef=0.691;decision=BLOCKED:low reverse lexical agreement 0.200 || Helsinki-NLP/opus-mt-en-uk_surface_candidate=>'набір';reverse='type';lex=0.444;candDef=0.227;revDef=0.109;decision=BLOCKED:candidate/reverse meaning does not align with exact Oxford definition (0.227)	BLOCKED: low reverse lexical agreement 0.200; method=Helsinki-NLP/opus-mt-en-uk_contextual_definition_candidate; exact Oxford definition='a set of rooms, especially in a hotel'; candidate='набір (ноун): набір кімнат, особливо у готелі'; reverse='set (Noun): A set of rooms, especially in a hotel'; lexical=0.200; candidate_definition_similarity=0.924; reverse_definition_similarity=0.691; semantic=0.924.
ox5000-8607021522147aedac9a	super	adjective	B2	https://www.oxfordlearnersdictionaries.com/us/definition/english/super_1	/us/definition/english/super_1	extremely good	Супер (прикметник): дуже добре	Helsinki-NLP/opus-mt-en-uk_contextual_definition_candidate	Helsinki-NLP/opus-mt-en-uk_contextual_definition_candidate=>'Супер (прикметник): дуже добре';reverse='Superlative: very well.';lex=0.000;candDef=0.756;revDef=0.691;decision=BLOCKED:adjective candidate has no plausible Ukrainian adjective morphology || Helsinki-NLP/opus-mt-en-uk_surface_candidate=>'Супер';reverse='Super';lex=0.000;candDef=0.736;revDef=0.638;decision=BLOCKED:adjective candidate has no plausible Ukrainian adjective morphology	BLOCKED: adjective candidate has no plausible Ukrainian adjective morphology; method=Helsinki-NLP/opus-mt-en-uk_contextual_definition_candidate; exact Oxford definition='extremely good'; candidate='Супер (прикметник): дуже добре'; reverse='Superlative: very well.'; lexical=0.000; candidate_definition_similarity=0.756; reverse_definition_similarity=0.691; semantic=0.000.
ox5000-824eec4d0d7f52aa8d7b	superb	adjective	C1	https://www.oxfordlearnersdictionaries.com/us/definition/english/superb	/us/definition/english/superb	excellent; of very good quality	Чудово (прикметник): чудово; дуже хорошої якості	Helsinki-NLP/opus-mt-en-uk_contextual_definition_candidate	Helsinki-NLP/opus-mt-en-uk_contextual_definition_candidate=>'Чудово (прикметник): чудово; дуже хорошої якості';reverse='Wonderful (Precise): excellent; very good quality';lex=0.078;candDef=0.849;revDef=0.933;decision=BLOCKED:low reverse lexical agreement 0.078 || Helsinki-NLP/opus-mt-en-uk_surface_candidate=>'Чудово.';reverse='Great.';lex=0.000;candDef=0.674;revDef=0.637;decision=BLOCKED:adjective candidate has no plausible Ukrainian adjective morphology	BLOCKED: low reverse lexical agreement 0.078; method=Helsinki-NLP/opus-mt-en-uk_contextual_definition_candidate; exact Oxford definition='excellent; of very good quality'; candidate='Чудово (прикметник): чудово; дуже хорошої якості'; reverse='Wonderful (Precise): excellent; very good quality'; lexical=0.078; candidate_definition_similarity=0.849; reverse_definition_similarity=0.933; semantic=0.933.
ox5000-4d0da66a5d904274e542	supervise	verb	C1	https://www.oxfordlearnersdictionaries.com/us/definition/english/supervise	/us/definition/english/supervise	to be in charge of somebody/something and make sure that everything is done correctly, safely, etc.	Наглядати (клацання): щоб бути відповідальним за когось/щось і переконатися, що все робиться правильно, безпечно тощо.	Helsinki-NLP/opus-mt-en-uk_contextual_definition_candidate	en_wiktionary_matching_pos_uk_translation=>'наглядати';reverse='monitor';lex=0.125;candDef=0.335;revDef=0.149;decision=BLOCKED:low reverse lexical agreement 0.125 || Helsinki-NLP/opus-mt-en-uk_contextual_definition_candidate=>'Наглядати (клацання): щоб бути відповідальним за когось/щось і переконатися, що все робиться правильно, безпечно тощо.';reverse='Look out: to be responsible for someone/ something and make sure everything is done right, safe, etc.';lex=0.133;candDef=0.803;revDef=0.784;decision=BLOCKED:low reverse lexical agreement 0.133	BLOCKED: low reverse lexical agreement 0.133; method=Helsinki-NLP/opus-mt-en-uk_contextual_definition_candidate; exact Oxford definition='to be in charge of somebody/something and make sure that everything is done correctly, safely, etc.'; candidate='Наглядати (клацання): щоб бути відповідальним за когось/щось і переконатися, що все робиться правильно, безпечно тощо.'; reverse='Look out: to be responsible for someone/ something and make sure everything is done right, safe, etc.'; lexical=0.133; candidate_definition_similarity=0.803; reverse_definition_similarity=0.784; semantic=0.803.
ox5000-fde1789bdbf890c1d0f3	supervision	noun	C1	https://www.oxfordlearnersdictionaries.com/us/definition/english/supervision	/us/definition/english/supervision	the work or activity involved in being in charge of somebody/something and making sure that everything is done correctly, safely, etc.	нагляд (нуун): робота або діяльність, пов'язана з відповідальністю за когось/щось і забезпечення того, щоб усе робилося правильно, безпечно і так далі.	Helsinki-NLP/opus-mt-en-uk_contextual_definition_candidate	"en_wiktionary_matching_pos_uk_translation=>'на́гляд';reverse='peering';lex=0.556;candDef=0.211;revDef=0.151;decision=BLOCKED:candidate/reverse meaning does not align with exact Oxford definition (0.211) || Helsinki-NLP/opus-mt-en-uk_contextual_definition_candidate=>""нагляд (нуун): робота або діяльність, пов'язана з відповідальністю за когось/щось і забезпечення того, щоб усе робилося правильно, безпечно і так далі."";reverse='surveillance (nuun): A job or activity that involves someone/ anything and ensure that everything is done properly, safely, and so on.';lex=0.116;candDef=0.749;revDef=0.444;decision=BLOCKED:low reverse lexical agreement 0.116 || Helsinki-NLP/opus-mt-en-uk_surface_candidate=>'нагляд';reverse='watch';lex=0.000;candDef=0.333;revDef=0.157;decision=BLOCKED:low reverse lexical agreement 0.000"	"BLOCKED: low reverse lexical agreement 0.116; method=Helsinki-NLP/opus-mt-en-uk_contextual_definition_candidate; exact Oxford definition='the work or activity involved in being in charge of somebody/something and making sure that everything is done correctly, safely, etc.'; candidate=""нагляд (нуун): робота або діяльність, пов'язана з відповідальністю за когось/щось і забезпечення того, щоб усе робилося правильно, безпечно і так далі.""; reverse='surveillance (nuun): A job or activity that involves someone/ anything and ensure that everything is done properly, safely, and so on.'; lexical=0.116; candidate_definition_similarity=0.749; reverse_definition_similarity=0.444; semantic=0.749."
ox5000-5b59a8ab069bcaef408e	supervisor	noun	C1	https://www.oxfordlearnersdictionaries.com/us/definition/english/supervisor	/us/definition/english/supervisor	a person who supervises somebody/something	Керівник (ноун): людина, яка наглядає за кимось або чимось.	Helsinki-NLP/opus-mt-en-uk_contextual_definition_candidate	Helsinki-NLP/opus-mt-en-uk_contextual_definition_candidate=>'Керівник (ноун): людина, яка наглядає за кимось або чимось.';reverse='Leader (Noun): A person who watches over someone or something.';lex=0.206;candDef=0.858;revDef=0.623;decision=BLOCKED:low reverse lexical agreement 0.206 || Helsinki-NLP/opus-mt-en-uk_surface_candidate=>'Менеджер';reverse='Manager';lex=0.235;candDef=0.599;revDef=0.552;decision=BLOCKED:low reverse lexical agreement 0.235	BLOCKED: low reverse lexical agreement 0.206; method=Helsinki-NLP/opus-mt-en-uk_contextual_definition_candidate; exact Oxford definition='a person who supervises somebody/something'; candidate='Керівник (ноун): людина, яка наглядає за кимось або чимось.'; reverse='Leader (Noun): A person who watches over someone or something.'; lexical=0.206; candidate_definition_similarity=0.858; reverse_definition_similarity=0.623; semantic=0.858.
ox5000-10812603ad461c08338d	supplement	verb	C1	https://www.oxfordlearnersdictionaries.com/us/definition/english/supplement_2	/us/definition/english/supplement_2	to add something to something in order to improve it or make it more complete	додавання (клацання): щоб додати щось до чогось для того, щоб покращити або зробити його завершеним	Helsinki-NLP/opus-mt-en-uk_contextual_definition_candidate	Helsinki-NLP/opus-mt-en-uk_contextual_definition_candidate=>'додавання (клацання): щоб додати щось до чогось для того, щоб покращити або зробити його завершеним';reverse='addition (click): to add something to something in order to enhance or to make it complete';lex=0.000;candDef=0.891;revDef=0.760;decision=BLOCKED:verb candidate is not an appropriate Ukrainian infinitive/verb phrase || Helsinki-NLP/opus-mt-en-uk_surface_candidate=>'додаток';reverse='plugin';lex=0.000;candDef=0.261;revDef=0.287;decision=BLOCKED:verb candidate is not an appropriate Ukrainian infinitive/verb phrase	BLOCKED: verb candidate is not an appropriate Ukrainian infinitive/verb phrase; method=Helsinki-NLP/opus-mt-en-uk_contextual_definition_candidate; exact Oxford definition='to add something to something in order to improve it or make it more complete'; candidate='додавання (клацання): щоб додати щось до чогось для того, щоб покращити або зробити його завершеним'; reverse='addition (click): to add something to something in order to enhance or to make it complete'; lexical=0.000; candidate_definition_similarity=0.891; reverse_definition_similarity=0.760; semantic=0.000.
ox5000-70bac98958c4279b6c15	suppress	verb	C1	https://www.oxfordlearnersdictionaries.com/us/definition/english/suppress	/us/definition/english/suppress	to put an end, often by force, to a group or an activity that is believed to threaten authority	забороняти	en_wiktionary_matching_pos_uk_translation	en_wiktionary_matching_pos_uk_translation=>'пригнічувати';reverse='downsized';lex=0.235;candDef=0.307;revDef=0.174;decision=BLOCKED:low reverse lexical agreement 0.235 || en_wiktionary_matching_pos_uk_translation=>'забороняти';reverse='deny';lex=0.167;candDef=0.369;revDef=0.268;decision=BLOCKED:low reverse lexical agreement 0.167 || Helsinki-NLP/opus-mt-en-uk_contextual_definition_candidate=>'придушення (клацання): покласти кінець, часто силою, групі або діяльності, яка, як вважають, загрожує владі';reverse='Repression: End, often by force, group, or activity, supposedly threatened by the authorities';lex=0.000;candDef=0.867;revDef=0.742;decision=BLOCKED:verb candidate is not an appropriate Ukrainian infinitive/verb phrase || Helsinki-NLP/opus-mt-en-uk_surface_candidate=>'придушити';reverse='& Stop';lex=0.333;candDef=0.338;revDef=0.355;decision=BLOCKED:candidate/reverse meaning does not align with exact Oxford definition (0.355)	BLOCKED: low reverse lexical agreement 0.167; method=en_wiktionary_matching_pos_uk_translation; exact Oxford definition='to put an end, often by force, to a group or an activity that is believed to threaten authority'; candidate='забороняти'; reverse='deny'; lexical=0.167; candidate_definition_similarity=0.369; reverse_definition_similarity=0.268; semantic=0.369.
ox5000-75c216147dc0dd0f318a	surge	noun	C1	https://www.oxfordlearnersdictionaries.com/us/definition/english/surge_1	/us/definition/english/surge_1	a sudden increase of a strong feeling	раптове збільшення сильних почуттів (нун):	Helsinki-NLP/opus-mt-en-uk_contextual_definition_candidate	Helsinki-NLP/opus-mt-en-uk_contextual_definition_candidate=>'раптове збільшення сильних почуттів (нун):';reverse='Sudden increase of strong emotions:';lex=0.256;candDef=0.855;revDef=0.852;decision=BLOCKED:low reverse lexical agreement 0.256 || Helsinki-NLP/opus-mt-en-uk_surface_candidate=>'сплеск';reverse='splash';lex=0.182;candDef=0.376;revDef=0.226;decision=BLOCKED:low reverse lexical agreement 0.182	BLOCKED: low reverse lexical agreement 0.256; method=Helsinki-NLP/opus-mt-en-uk_contextual_definition_candidate; exact Oxford definition='a sudden increase of a strong feeling'; candidate='раптове збільшення сильних почуттів (нун):'; reverse='Sudden increase of strong emotions:'; lexical=0.256; candidate_definition_similarity=0.855; reverse_definition_similarity=0.852; semantic=0.855.
ox5000-b474e0b4944829bd2037	surge	verb	C1	https://www.oxfordlearnersdictionaries.com/us/definition/english/surge_2	/us/definition/english/surge_2	to move quickly and with force in a particular direction	flower (verboard): для пришвидшення руху з силою у певному напрямку	Helsinki-NLP/opus-mt-en-uk_contextual_definition_candidate	Helsinki-NLP/opus-mt-en-uk_contextual_definition_candidate=>'flower (verboard): для пришвидшення руху з силою у певному напрямку';reverse='float (verbboard): to speed up a force in a certain direction';lex=0.000;candDef=0.624;revDef=0.635;decision=BLOCKED:Latin-language residue remains || Helsinki-NLP/opus-mt-en-uk_surface_candidate=>'сплеск';reverse='splash';lex=0.000;candDef=0.309;revDef=0.251;decision=BLOCKED:verb candidate is not an appropriate Ukrainian infinitive/verb phrase	BLOCKED: Latin-language residue remains; method=Helsinki-NLP/opus-mt-en-uk_contextual_definition_candidate; exact Oxford definition='to move quickly and with force in a particular direction'; candidate='flower (verboard): для пришвидшення руху з силою у певному напрямку'; reverse='float (verbboard): to speed up a force in a certain direction'; lexical=0.000; candidate_definition_similarity=0.624; reverse_definition_similarity=0.635; semantic=0.000.
ox5000-8b89abec05a631c8437d	surveillance	noun	C1	https://www.oxfordlearnersdictionaries.com/us/definition/english/surveillance	/us/definition/english/surveillance	the act of carefully watching a person suspected of a crime or a place where a crime may be committed	спостереження (нуун): акт уважного спостереження за особою, яку підозрюють у злочині або в місці, де можна вчинити злочин.	Helsinki-NLP/opus-mt-en-uk_contextual_definition_candidate	en_wiktionary_matching_pos_uk_translation=>'нагляд';reverse='watch';lex=0.235;candDef=0.545;revDef=0.495;decision=BLOCKED:low reverse lexical agreement 0.235 || Helsinki-NLP/opus-mt-en-uk_contextual_definition_candidate=>'спостереження (нуун): акт уважного спостереження за особою, яку підозрюють у злочині або в місці, де можна вчинити злочин.';reverse='observation: An act of careful observation of a person suspected of a crime or of a crime.';lex=0.120;candDef=0.849;revDef=0.820;decision=BLOCKED:low reverse lexical agreement 0.120 || Helsinki-NLP/opus-mt-en-uk_surface_candidate=>'спостереження';reverse='monitor';lex=0.105;candDef=0.536;revDef=0.292;decision=BLOCKED:low reverse lexical agreement 0.105	BLOCKED: low reverse lexical agreement 0.120; method=Helsinki-NLP/opus-mt-en-uk_contextual_definition_candidate; exact Oxford definition='the act of carefully watching a person suspected of a crime or a place where a crime may be committed'; candidate='спостереження (нуун): акт уважного спостереження за особою, яку підозрюють у злочині або в місці, де можна вчинити злочин.'; reverse='observation: An act of careful observation of a person suspected of a crime or of a crime.'; lexical=0.120; candidate_definition_similarity=0.849; reverse_definition_similarity=0.820; semantic=0.849.
ox5000-90a3b2270d93e39c774d	suspension	noun	C1	https://www.oxfordlearnersdictionaries.com/us/definition/english/suspension	/us/definition/english/suspension	the act of officially removing somebody from their job, school, team, etc. for a period of time, usually as a punishment	Призупинення (нуун): офіційне вилучення когось з роботи, школи, команди тощо на якийсь час, зазвичай як покарання.	Helsinki-NLP/opus-mt-en-uk_contextual_definition_candidate	"en_wiktionary_matching_pos_uk_translation=>'підві́ска';reverse='substrate';lex=0.421;candDef=0.203;revDef=0.012;decision=BLOCKED:candidate/reverse meaning does not align with exact Oxford definition (0.203) || Helsinki-NLP/opus-mt-en-uk_contextual_definition_candidate=>'Призупинення (нуун): офіційне вилучення когось з роботи, школи, команди тощо на якийсь час, зазвичай як покарання.';reverse=""Pause (un): official deletion of someone's job, school, team, etc. for a while, usually as punishment."";lex=0.136;candDef=0.902;revDef=0.754;decision=BLOCKED:low reverse lexical agreement 0.136 || Helsinki-NLP/opus-mt-en-uk_surface_candidate=>'shutdown';reverse='shutdown';lex=0.000;candDef=0.287;revDef=0.287;decision=BLOCKED:candidate is not predominantly Ukrainian"	"BLOCKED: low reverse lexical agreement 0.136; method=Helsinki-NLP/opus-mt-en-uk_contextual_definition_candidate; exact Oxford definition='the act of officially removing somebody from their job, school, team, etc. for a period of time, usually as a punishment'; candidate='Призупинення (нуун): офіційне вилучення когось з роботи, школи, команди тощо на якийсь час, зазвичай як покарання.'; reverse=""Pause (un): official deletion of someone's job, school, team, etc. for a while, usually as punishment.""; lexical=0.136; candidate_definition_similarity=0.902; reverse_definition_similarity=0.754; semantic=0.902."
ox5000-29a86954fd91de4cdea4	sustain	verb	C1	https://www.oxfordlearnersdictionaries.com/us/definition/english/sustain	/us/definition/english/sustain	to provide enough of what somebody/something needs in order to live or exist	result (verb): достатньо того, що потрібно комусь або комусь, щоб жити або існувати	Helsinki-NLP/opus-mt-en-uk_contextual_definition_candidate	Helsinki-NLP/opus-mt-en-uk_contextual_definition_candidate=>'result (verb): достатньо того, що потрібно комусь або комусь, щоб жити або існувати';reverse='result (verb): enough that someone or someone needs to live or exist';lex=0.000;candDef=0.777;revDef=0.775;decision=BLOCKED:Latin-language residue remains || Helsinki-NLP/opus-mt-en-uk_surface_candidate=>'reserve';reverse='reserve';lex=0.000;candDef=0.295;revDef=0.295;decision=BLOCKED:English/source-language residue or model artifact	BLOCKED: Latin-language residue remains; method=Helsinki-NLP/opus-mt-en-uk_contextual_definition_candidate; exact Oxford definition='to provide enough of what somebody/something needs in order to live or exist'; candidate='result (verb): достатньо того, що потрібно комусь або комусь, щоб жити або існувати'; reverse='result (verb): enough that someone or someone needs to live or exist'; lexical=0.000; candidate_definition_similarity=0.777; reverse_definition_similarity=0.775; semantic=0.000.
ox5000-564c6a5ae7b34c28f825	sustainable	adjective	B2	https://www.oxfordlearnersdictionaries.com/us/definition/english/sustainable	/us/definition/english/sustainable	involving the use of natural products and energy in a way that does not harm the environment	Проникливий (прикметний) спосіб використання природних продуктів та енергії таким чином, що не шкодить навколишньому середовищу.	Helsinki-NLP/opus-mt-en-uk_contextual_definition_candidate	Helsinki-NLP/opus-mt-en-uk_contextual_definition_candidate=>'Проникливий (прикметний) спосіб використання природних продуктів та енергії таким чином, що не шкодить навколишньому середовищу.';reverse='A clever way of using natural products and energy in such a way that it does not harm the environment.';lex=0.143;candDef=0.915;revDef=0.878;decision=BLOCKED:low reverse lexical agreement 0.143 || Helsinki-NLP/opus-mt-en-uk_surface_candidate=>'стійкий';reverse='stable';lex=0.706;candDef=0.263;revDef=0.159;decision=BLOCKED:candidate/reverse meaning does not align with exact Oxford definition (0.263)	BLOCKED: low reverse lexical agreement 0.143; method=Helsinki-NLP/opus-mt-en-uk_contextual_definition_candidate; exact Oxford definition='involving the use of natural products and energy in a way that does not harm the environment'; candidate='Проникливий (прикметний) спосіб використання природних продуктів та енергії таким чином, що не шкодить навколишньому середовищу.'; reverse='A clever way of using natural products and energy in such a way that it does not harm the environment.'; lexical=0.143; candidate_definition_similarity=0.915; reverse_definition_similarity=0.878; semantic=0.915.
ox5000-5fb1dc01382b06997232	swallow	verb	B2	https://www.oxfordlearnersdictionaries.com/us/definition/english/swallow_1	/us/definition/english/swallow_1	to make food, drink, etc. go down your throat into your stomach	Проковтнута (версія): зробити їжу, пити і т. д.	Helsinki-NLP/opus-mt-en-uk_contextual_definition_candidate	en_wiktionary_matching_pos_uk_translation=>'ковта́ти';reverse='swallows';lex=1.000;candDef=0.232;revDef=0.361;decision=BLOCKED:candidate/reverse meaning does not align with exact Oxford definition (0.361) || en_wiktionary_matching_pos_uk_translation=>'глита́ти';reverse='glitah';lex=0.154;candDef=0.192;revDef=0.198;decision=BLOCKED:low reverse lexical agreement 0.154 || Helsinki-NLP/opus-mt-en-uk_contextual_definition_candidate=>'Проковтнута (версія): зробити їжу, пити і т. д.';reverse='Dried: making food, drinking, etc.';lex=0.108;candDef=0.622;revDef=0.564;decision=BLOCKED:low reverse lexical agreement 0.108 || Helsinki-NLP/opus-mt-en-uk_surface_candidate=>'Ластівка';reverse='Styp';lex=0.000;candDef=0.287;revDef=0.168;decision=BLOCKED:verb candidate is not an appropriate Ukrainian infinitive/verb phrase	BLOCKED: low reverse lexical agreement 0.108; method=Helsinki-NLP/opus-mt-en-uk_contextual_definition_candidate; exact Oxford definition='to make food, drink, etc. go down your throat into your stomach'; candidate='Проковтнута (версія): зробити їжу, пити і т. д.'; reverse='Dried: making food, drinking, etc.'; lexical=0.108; candidate_definition_similarity=0.622; reverse_definition_similarity=0.564; semantic=0.622.
ox5000-75247d85028f1327c80b	synthesis	noun	C1	https://www.oxfordlearnersdictionaries.com/us/definition/english/synthesis	/us/definition/english/synthesis	the act of combining separate ideas, beliefs, styles, etc.; a mixture or combination of ideas, beliefs, styles, etc.	Синтез (нуун): акт поєднання окремих ідей, вірувань, стилів тощо; суміш або поєднання ідей, вірувань, стилів тощо.	Helsinki-NLP/opus-mt-en-uk_contextual_definition_candidate	en_wiktionary_matching_pos_uk_translation=>'си́нтез';reverse='siʹntez';lex=0.500;candDef=0.227;revDef=0.170;decision=BLOCKED:candidate/reverse meaning does not align with exact Oxford definition (0.227) || Helsinki-NLP/opus-mt-en-uk_contextual_definition_candidate=>'Синтез (нуун): акт поєднання окремих ідей, вірувань, стилів тощо; суміш або поєднання ідей, вірувань, стилів тощо.';reverse='Synthes (New: An act of combining ideas, beliefs, styles, etc.; a mixture or combination of ideas, beliefs, styles, etc.';lex=0.153;candDef=0.881;revDef=0.700;decision=BLOCKED:low reverse lexical agreement 0.153 || Helsinki-NLP/opus-mt-en-uk_surface_candidate=>'Синтез';reverse='Synthes';lex=1.000;candDef=0.269;revDef=0.311;decision=BLOCKED:candidate/reverse meaning does not align with exact Oxford definition (0.311)	BLOCKED: low reverse lexical agreement 0.153; method=Helsinki-NLP/opus-mt-en-uk_contextual_definition_candidate; exact Oxford definition='the act of combining separate ideas, beliefs, styles, etc.; a mixture or combination of ideas, beliefs, styles, etc.'; candidate='Синтез (нуун): акт поєднання окремих ідей, вірувань, стилів тощо; суміш або поєднання ідей, вірувань, стилів тощо.'; reverse='Synthes (New: An act of combining ideas, beliefs, styles, etc.; a mixture or combination of ideas, beliefs, styles, etc.'; lexical=0.153; candidate_definition_similarity=0.881; reverse_definition_similarity=0.700; semantic=0.881.
ox5000-d452052b6bcd9d0b63b7	tackle	noun	C1	https://www.oxfordlearnersdictionaries.com/us/definition/english/tackle_2	/us/definition/english/tackle_2	an act of trying to take the ball from an opponent in football (soccer), hockey, etc.; an act of knocking somebody to the ground, for example in rugby or American football	"pun (nun): акт спроби отримати м'яч від суперника у футболі (сосер), хокей тощо; акт стукання когось на землю, наприклад, в "" rubby "" або "" Американський футбол ."""	Helsinki-NLP/opus-mt-en-uk_contextual_definition_candidate	"Helsinki-NLP/opus-mt-en-uk_contextual_definition_candidate=>'pun (nun): акт спроби отримати м\'яч від суперника у футболі (сосер), хокей тощо; акт стукання когось на землю, наприклад, в "" rubby "" або "" Американський футбол .""';reverse='pun (nun) an act of trying to get a ball from a rival in football (ser), hockey, etc.; an act of knocking someone to the ground, such as ""rubby "" or"" American football. ""';lex=0.000;candDef=0.709;revDef=0.672;decision=BLOCKED:Latin-language residue remains || Helsinki-NLP/opus-mt-en-uk_surface_candidate=>'runk';reverse='run';lex=0.000;candDef=0.204;revDef=0.227;decision=BLOCKED:candidate is not predominantly Ukrainian"	"BLOCKED: Latin-language residue remains; method=Helsinki-NLP/opus-mt-en-uk_contextual_definition_candidate; exact Oxford definition='an act of trying to take the ball from an opponent in football (soccer), hockey, etc.; an act of knocking somebody to the ground, for example in rugby or American football'; candidate='pun (nun): акт спроби отримати м\'яч від суперника у футболі (сосер), хокей тощо; акт стукання когось на землю, наприклад, в "" rubby "" або "" Американський футбол .""'; reverse='pun (nun) an act of trying to get a ball from a rival in football (ser), hockey, etc.; an act of knocking someone to the ground, such as ""rubby "" or"" American football. ""'; lexical=0.000; candidate_definition_similarity=0.709; reverse_definition_similarity=0.672; semantic=0.000."
ox5000-ce168d9f42f9cfc043c4	tackle	verb	B2	https://www.oxfordlearnersdictionaries.com/us/definition/english/tackle_1	/us/definition/english/tackle_1	to make a determined effort to deal with a difficult problem or situation	running (verboard): щоб докласти рішучих зусиль, щоб справитися з складною проблемою або ситуацією	Helsinki-NLP/opus-mt-en-uk_contextual_definition_candidate	Helsinki-NLP/opus-mt-en-uk_contextual_definition_candidate=>'running (verboard): щоб докласти рішучих зусиль, щоб справитися з складною проблемою або ситуацією';reverse='running (verbboard): to make a determined effort to handle a complex problem or situation';lex=0.000;candDef=0.666;revDef=0.715;decision=BLOCKED:Latin-language residue remains || Helsinki-NLP/opus-mt-en-uk_surface_candidate=>'runk';reverse='run';lex=0.000;candDef=0.183;revDef=0.264;decision=BLOCKED:candidate is not predominantly Ukrainian	BLOCKED: Latin-language residue remains; method=Helsinki-NLP/opus-mt-en-uk_contextual_definition_candidate; exact Oxford definition='to make a determined effort to deal with a difficult problem or situation'; candidate='running (verboard): щоб докласти рішучих зусиль, щоб справитися з складною проблемою або ситуацією'; reverse='running (verbboard): to make a determined effort to handle a complex problem or situation'; lexical=0.000; candidate_definition_similarity=0.666; reverse_definition_similarity=0.715; semantic=0.000.
ox5000-e1f09b75c5cfde794c49	tag	noun	B2	https://www.oxfordlearnersdictionaries.com/us/definition/english/tag_1	/us/definition/english/tag_1	a small piece of paper, cloth, plastic, etc. attached to something to identify it or give information about it	теґ	en_wiktionary_matching_pos_uk_translation	en_wiktionary_matching_pos_uk_translation=>'теґ';reverse='tag';lex=1.000;candDef=0.329;revDef=0.326;decision=BLOCKED:candidate/reverse meaning does not align with exact Oxford definition (0.329) || en_wiktionary_matching_pos_uk_translation=>'тег';reverse='tag';lex=1.000;candDef=0.319;revDef=0.326;decision=BLOCKED:candidate/reverse meaning does not align with exact Oxford definition (0.326) || Helsinki-NLP/opus-mt-en-uk_contextual_definition_candidate=>'tag (нун): маленький шматок паперу, тканини, пластику тощо. кріпиться до чогось, що визначає його або надає інформацію про нього';reverse='tag (nun): a small piece of paper, fabric, plastic, etc. attached to something that defines it or provides information about it';lex=0.000;candDef=0.796;revDef=0.729;decision=BLOCKED:Latin-language residue remains || Helsinki-NLP/opus-mt-en-uk_surface_candidate=>'tag';reverse='tag';lex=0.000;candDef=0.326;revDef=0.326;decision=BLOCKED:candidate is not predominantly Ukrainian	BLOCKED: candidate/reverse meaning does not align with exact Oxford definition (0.329); method=en_wiktionary_matching_pos_uk_translation; exact Oxford definition='a small piece of paper, cloth, plastic, etc. attached to something to identify it or give information about it'; candidate='теґ'; reverse='tag'; lexical=1.000; candidate_definition_similarity=0.329; reverse_definition_similarity=0.326; semantic=0.329.
ox5000-c13c5c56d6aa8c66105e	tag	verb	B2	https://www.oxfordlearnersdictionaries.com/us/definition/english/tag_2	/us/definition/english/tag_2	to fasten a tag onto something/somebody	tag (verb): щоб прикріпити мітку до чогось/ якогось тіла	Helsinki-NLP/opus-mt-en-uk_contextual_definition_candidate	Helsinki-NLP/opus-mt-en-uk_contextual_definition_candidate=>'tag (verb): щоб прикріпити мітку до чогось/ якогось тіла';reverse='tag (verb): to attach a label to something/ some body';lex=0.000;candDef=0.674;revDef=0.629;decision=BLOCKED:Latin-language residue remains || Helsinki-NLP/opus-mt-en-uk_surface_candidate=>'tag';reverse='tag';lex=0.000;candDef=0.603;revDef=0.603;decision=BLOCKED:candidate is not predominantly Ukrainian	BLOCKED: Latin-language residue remains; method=Helsinki-NLP/opus-mt-en-uk_contextual_definition_candidate; exact Oxford definition='to fasten a tag onto something/somebody'; candidate='tag (verb): щоб прикріпити мітку до чогось/ якогось тіла'; reverse='tag (verb): to attach a label to something/ some body'; lexical=0.000; candidate_definition_similarity=0.674; reverse_definition_similarity=0.629; semantic=0.000.
ox5000-36b311e1c376086e7c8b	tap	verb	B2	https://www.oxfordlearnersdictionaries.com/us/definition/english/tap_1	/us/definition/english/tap_1	to hit somebody/something quickly and lightly	tap (версія): щоб вдарити когось або щось швидко і легко	Helsinki-NLP/opus-mt-en-uk_contextual_definition_candidate	Helsinki-NLP/opus-mt-en-uk_contextual_definition_candidate=>'tap (версія): щоб вдарити когось або щось швидко і легко';reverse='tap (version): to hit someone or something fast and easily';lex=0.000;candDef=0.709;revDef=0.681;decision=BLOCKED:Latin-language residue remains || Helsinki-NLP/opus-mt-en-uk_surface_candidate=>'квадратний метрarea unit';reverse='%1 kroons';lex=0.000;candDef=0.085;revDef=0.216;decision=BLOCKED:English/source-language residue or model artifact	BLOCKED: Latin-language residue remains; method=Helsinki-NLP/opus-mt-en-uk_contextual_definition_candidate; exact Oxford definition='to hit somebody/something quickly and lightly'; candidate='tap (версія): щоб вдарити когось або щось швидко і легко'; reverse='tap (version): to hit someone or something fast and easily'; lexical=0.000; candidate_definition_similarity=0.709; reverse_definition_similarity=0.681; semantic=0.000.
ox5000-01af49ce53e4d6902091	tendency	noun	B2	https://www.oxfordlearnersdictionaries.com/us/definition/english/tendency	/us/definition/english/tendency	if somebody/something has a particular tendency , they are likely to behave or act in a particular way	тенде́нція	en_wiktionary_matching_pos_uk_translation	en_wiktionary_matching_pos_uk_translation=>'тенде́нція';reverse='Tendeencia';lex=0.778;candDef=0.152;revDef=0.370;decision=BLOCKED:candidate/reverse meaning does not align with exact Oxford definition (0.370) || en_wiktionary_matching_pos_uk_translation=>'схи́льність';reverse='Deceit';lex=0.429;candDef=0.256;revDef=0.244;decision=BLOCKED:candidate/reverse meaning does not align with exact Oxford definition (0.256) || Helsinki-NLP/opus-mt-en-uk_contextual_definition_candidate=>'тенденція (ніун): якщо хтось або щось має певну схильність, то вони, ймовірно, поводитимуться або діятимуть певним чином.';reverse='The trend is: If someone or something has a certain disposition, they will likely act or act in certain ways.';lex=0.000;candDef=0.852;revDef=0.861;decision=BLOCKED:noun candidate is an infinitive/verb form || Helsinki-NLP/opus-mt-en-uk_surface_candidate=>'custom';reverse='custom';lex=0.000;candDef=0.146;revDef=0.146;decision=BLOCKED:English/source-language residue or model artifact	BLOCKED: candidate/reverse meaning does not align with exact Oxford definition (0.370); method=en_wiktionary_matching_pos_uk_translation; exact Oxford definition='if somebody/something has a particular tendency , they are likely to behave or act in a particular way'; candidate='тенде́нція'; reverse='Tendeencia'; lexical=0.778; candidate_definition_similarity=0.152; reverse_definition_similarity=0.370; semantic=0.370.
ox5000-b5861253624427055cb6	tenure	noun	C1	https://www.oxfordlearnersdictionaries.com/us/definition/english/tenure	/us/definition/english/tenure	the period of time when somebody holds an important job, especially a political one; the act of holding an important job	тезур (нуун): період, коли хтось займає важливу роботу, особливо політичну; дія утримання важливої роботи.	Helsinki-NLP/opus-mt-en-uk_contextual_definition_candidate	Helsinki-NLP/opus-mt-en-uk_contextual_definition_candidate=>'тезур (нуун): період, коли хтось займає важливу роботу, особливо політичну; дія утримання важливої роботи.';reverse='Tezure: A period of vital work, especially political activity, to maintain important work.';lex=0.109;candDef=0.830;revDef=0.599;decision=BLOCKED:low reverse lexical agreement 0.109 || Helsinki-NLP/opus-mt-en-uk_surface_candidate=>'теноретна';reverse='tenortna';lex=0.571;candDef=0.324;revDef=0.188;decision=BLOCKED:candidate/reverse meaning does not align with exact Oxford definition (0.324)	BLOCKED: low reverse lexical agreement 0.109; method=Helsinki-NLP/opus-mt-en-uk_contextual_definition_candidate; exact Oxford definition='the period of time when somebody holds an important job, especially a political one; the act of holding an important job'; candidate='тезур (нуун): період, коли хтось займає важливу роботу, особливо політичну; дія утримання важливої роботи.'; reverse='Tezure: A period of vital work, especially political activity, to maintain important work.'; lexical=0.109; candidate_definition_similarity=0.830; reverse_definition_similarity=0.599; semantic=0.830.
ox5000-8689367dc831422e6281	terminal	adjective	C1	https://www.oxfordlearnersdictionaries.com/us/definition/english/terminal_2	/us/definition/english/terminal_2	that cannot be cured and will lead to death, often slowly	термінал (прикметник): який не може бути вилікуваним і веде до смерті, часто повільно	Helsinki-NLP/opus-mt-en-uk_contextual_definition_candidate	Helsinki-NLP/opus-mt-en-uk_contextual_definition_candidate=>'термінал (прикметник): який не може бути вилікуваним і веде до смерті, часто повільно';reverse='terminal (pointer): which cannot be cured and leads to death, often slowly';lex=0.000;candDef=0.754;revDef=0.656;decision=BLOCKED:adjective candidate has no plausible Ukrainian adjective morphology || Helsinki-NLP/opus-mt-en-uk_surface_candidate=>'термінал';reverse='terminal';lex=0.000;candDef=-0.043;revDef=0.004;decision=BLOCKED:adjective candidate has no plausible Ukrainian adjective morphology	BLOCKED: adjective candidate has no plausible Ukrainian adjective morphology; method=Helsinki-NLP/opus-mt-en-uk_contextual_definition_candidate; exact Oxford definition='that cannot be cured and will lead to death, often slowly'; candidate='термінал (прикметник): який не може бути вилікуваним і веде до смерті, часто повільно'; reverse='terminal (pointer): which cannot be cured and leads to death, often slowly'; lexical=0.000; candidate_definition_similarity=0.754; reverse_definition_similarity=0.656; semantic=0.000.
ox5000-f0295bdc35545089ba26	terminate	verb	C1	https://www.oxfordlearnersdictionaries.com/us/definition/english/terminate	/us/definition/english/terminate	to end; to make something end	завершити	Helsinki-NLP/opus-mt-en-uk_surface_candidate	Helsinki-NLP/opus-mt-en-uk_contextual_definition_candidate=>'завершення (версії): завершення; завершення чогось';reverse='completion (versions): completion; completion of something';lex=0.000;candDef=0.804;revDef=0.676;decision=BLOCKED:verb candidate is not an appropriate Ukrainian infinitive/verb phrase || Helsinki-NLP/opus-mt-en-uk_surface_candidate=>'завершити';reverse='finish';lex=0.267;candDef=0.792;revDef=0.667;decision=BLOCKED:low reverse lexical agreement 0.267	BLOCKED: low reverse lexical agreement 0.267; method=Helsinki-NLP/opus-mt-en-uk_surface_candidate; exact Oxford definition='to end; to make something end'; candidate='завершити'; reverse='finish'; lexical=0.267; candidate_definition_similarity=0.792; reverse_definition_similarity=0.667; semantic=0.792.
ox5000-0a12ac0cb859d36ef42c	terribly	adverb	B2	https://www.oxfordlearnersdictionaries.com/us/definition/english/terribly	/us/definition/english/terribly	very much; very badly	Дуже сильно (клацання): дуже багато; дуже погано	Helsinki-NLP/opus-mt-en-uk_contextual_definition_candidate	Helsinki-NLP/opus-mt-en-uk_contextual_definition_candidate=>'Дуже сильно (клацання): дуже багато; дуже погано';reverse='Very hard (click): very much; very bad';lex=0.238;candDef=0.854;revDef=0.578;decision=BLOCKED:low reverse lexical agreement 0.238 || Helsinki-NLP/opus-mt-en-uk_surface_candidate=>'Жахливо';reverse='Awful.';lex=0.154;candDef=0.543;revDef=0.467;decision=BLOCKED:low reverse lexical agreement 0.154	BLOCKED: low reverse lexical agreement 0.238; method=Helsinki-NLP/opus-mt-en-uk_contextual_definition_candidate; exact Oxford definition='very much; very badly'; candidate='Дуже сильно (клацання): дуже багато; дуже погано'; reverse='Very hard (click): very much; very bad'; lexical=0.238; candidate_definition_similarity=0.854; reverse_definition_similarity=0.578; semantic=0.854.
ox5000-8467812af37b5bb10cb1	terrific	adjective	C1	https://www.oxfordlearnersdictionaries.com/us/definition/english/terrific	/us/definition/english/terrific	excellent; wonderful	Чудовий (прикметник): чудовий; чудовий	Helsinki-NLP/opus-mt-en-uk_contextual_definition_candidate	Helsinki-NLP/opus-mt-en-uk_contextual_definition_candidate=>'Чудовий (прикметник): чудовий; чудовий';reverse='Wonderful (Precise): excellent; wonderful.';lex=0.222;candDef=0.835;revDef=0.944;decision=BLOCKED:low reverse lexical agreement 0.222 || Helsinki-NLP/opus-mt-en-uk_surface_candidate=>'Чудово.';reverse='Great.';lex=0.000;candDef=0.885;revDef=0.874;decision=BLOCKED:adjective candidate has no plausible Ukrainian adjective morphology	BLOCKED: low reverse lexical agreement 0.222; method=Helsinki-NLP/opus-mt-en-uk_contextual_definition_candidate; exact Oxford definition='excellent; wonderful'; candidate='Чудовий (прикметник): чудовий; чудовий'; reverse='Wonderful (Precise): excellent; wonderful.'; lexical=0.222; candidate_definition_similarity=0.835; reverse_definition_similarity=0.944; semantic=0.944.
ox5000-96d49f016884d37e2cb8	terrify	verb	B2	https://www.oxfordlearnersdictionaries.com/us/definition/english/terrify	/us/definition/english/terrify	to make somebody feel extremely frightened	earrize (verbose): щоб змусити когось відчувати себе дуже наляканим	Helsinki-NLP/opus-mt-en-uk_contextual_definition_candidate	Helsinki-NLP/opus-mt-en-uk_contextual_definition_candidate=>'earrize (verbose): щоб змусити когось відчувати себе дуже наляканим';reverse='errize: to make someone feel very scared';lex=0.000;candDef=0.794;revDef=0.787;decision=BLOCKED:Latin-language residue remains || Helsinki-NLP/opus-mt-en-uk_surface_candidate=>'urrize';reverse='urize';lex=0.000;candDef=0.309;revDef=0.340;decision=BLOCKED:candidate is not predominantly Ukrainian	BLOCKED: Latin-language residue remains; method=Helsinki-NLP/opus-mt-en-uk_contextual_definition_candidate; exact Oxford definition='to make somebody feel extremely frightened'; candidate='earrize (verbose): щоб змусити когось відчувати себе дуже наляканим'; reverse='errize: to make someone feel very scared'; lexical=0.000; candidate_definition_similarity=0.794; reverse_definition_similarity=0.787; semantic=0.000.
ox5000-6b4fed09d6a7acdd3dc7	terror	noun	B2	https://www.oxfordlearnersdictionaries.com/us/definition/english/	/us/definition/english/		жах	en_wiktionary_matching_pos_uk_translation	en_wiktionary_matching_pos_uk_translation=>'жах';reverse='Horror';lex=0.000;candDef=0.678;revDef=0.522;decision=BLOCKED:exact Oxford definition unavailable || en_wiktionary_matching_pos_uk_translation=>'тера́кт';reverse='teraʹk';lex=0.000;candDef=0.885;revDef=0.685;decision=BLOCKED:exact Oxford definition unavailable || en_wiktionary_matching_pos_uk_translation=>'теро́р';reverse='teroʹ';lex=0.000;candDef=0.794;revDef=0.681;decision=BLOCKED:exact Oxford definition unavailable || en_wiktionary_matching_pos_uk_translation=>'терори́зм';reverse='Terrorism';lex=0.000;candDef=0.511;revDef=0.371;decision=BLOCKED:exact Oxford definition unavailable || Helsinki-NLP/opus-mt-en-uk_contextual_definition_candidate=>'Терор (ноун):';reverse='Terror (New):';lex=0.000;candDef=0.537;revDef=0.350;decision=BLOCKED:exact Oxford definition unavailable || Helsinki-NLP/opus-mt-en-uk_surface_candidate=>'терор';reverse='Terror';lex=0.000;candDef=0.544;revDef=0.520;decision=BLOCKED:exact Oxford definition unavailable	BLOCKED: Oxford definition text not found at exact definition path; method=en_wiktionary_matching_pos_uk_translation; exact Oxford definition=''; candidate='жах'; reverse='Horror'; lexical=0.000; candidate_definition_similarity=0.678; reverse_definition_similarity=0.522; semantic=0.000.
ox5000-81809345392305d7171b	testify	verb	C1	https://www.oxfordlearnersdictionaries.com/us/definition/english/testify	/us/definition/english/testify	to make a statement that something happened or that something is true, especially as a witness in court	свідчить (версія): щоб сказати, що щось сталося, або що щось сталося, особливо як свідок у суді.	Helsinki-NLP/opus-mt-en-uk_contextual_definition_candidate	Helsinki-NLP/opus-mt-en-uk_contextual_definition_candidate=>'свідчить (версія): щоб сказати, що щось сталося, або що щось сталося, особливо як свідок у суді.';reverse='testify: to say that something has happened or that something has happened, especially as a witness in court.';lex=0.000;candDef=0.897;revDef=0.893;decision=BLOCKED:verb candidate is not an appropriate Ukrainian infinitive/verb phrase || Helsinki-NLP/opus-mt-en-uk_surface_candidate=>'services';reverse='services';lex=0.000;candDef=0.023;revDef=0.023;decision=BLOCKED:candidate is not predominantly Ukrainian	BLOCKED: verb candidate is not an appropriate Ukrainian infinitive/verb phrase; method=Helsinki-NLP/opus-mt-en-uk_contextual_definition_candidate; exact Oxford definition='to make a statement that something happened or that something is true, especially as a witness in court'; candidate='свідчить (версія): щоб сказати, що щось сталося, або що щось сталося, особливо як свідок у суді.'; reverse='testify: to say that something has happened or that something has happened, especially as a witness in court.'; lexical=0.000; candidate_definition_similarity=0.897; reverse_definition_similarity=0.893; semantic=0.000.
ox5000-b245a804462b0d41915a	thereby	adverb	C1	https://www.oxfordlearnersdictionaries.com/us/definition/english/thereby	/us/definition/english/thereby	used to introduce the result of the action or situation mentioned	Таким чином ( прислівник): використовували для представлення результатів дії або ситуації, про яку згадується	Helsinki-NLP/opus-mt-en-uk_contextual_definition_candidate	"en_wiktionary_matching_pos_uk_translation=>'таки́м чи́ном';reverse='Yes, it is.';lex=0.125;candDef=0.357;revDef=0.125;decision=BLOCKED:low reverse lexical agreement 0.125 || Helsinki-NLP/opus-mt-en-uk_contextual_definition_candidate=>'Таким чином ( прислівник): використовували для представлення результатів дії або ситуації, про яку згадується';reverse='Thus (adverb): used to represent the outcome of an action or situation mentioned';lex=0.119;candDef=0.872;revDef=0.749;decision=BLOCKED:low reverse lexical agreement 0.119 || Helsinki-NLP/opus-mt-en-uk_surface_candidate=>'Таким чином';reverse=""So that's how it's done."";lex=0.200;candDef=0.328;revDef=0.327;decision=BLOCKED:low reverse lexical agreement 0.200"	BLOCKED: low reverse lexical agreement 0.119; method=Helsinki-NLP/opus-mt-en-uk_contextual_definition_candidate; exact Oxford definition='used to introduce the result of the action or situation mentioned'; candidate='Таким чином ( прислівник): використовували для представлення результатів дії або ситуації, про яку згадується'; reverse='Thus (adverb): used to represent the outcome of an action or situation mentioned'; lexical=0.119; candidate_definition_similarity=0.872; reverse_definition_similarity=0.749; semantic=0.872.
ox5000-7bc234c4dcd2f3c2875b	thesis	noun	B2	https://www.oxfordlearnersdictionaries.com/us/definition/english/thesis	/us/definition/english/thesis	a long piece of writing completed by a student as part of a university degree, based on their own research	дисертація (ноун): довга частина письма, яку завершив студент, як частина університетської школи, заснована на власних дослідженнях.	Helsinki-NLP/opus-mt-en-uk_contextual_definition_candidate	en_wiktionary_matching_pos_uk_translation=>'те́за';reverse='theza';lex=0.545;candDef=0.227;revDef=0.174;decision=BLOCKED:candidate/reverse meaning does not align with exact Oxford definition (0.227) || en_wiktionary_matching_pos_uk_translation=>'те́зис';reverse='teʹsis';lex=0.833;candDef=0.255;revDef=0.135;decision=BLOCKED:candidate/reverse meaning does not align with exact Oxford definition (0.255) || en_wiktionary_matching_pos_uk_translation=>'поло́ження';reverse='position';lex=0.286;candDef=0.271;revDef=0.137;decision=BLOCKED:candidate/reverse meaning does not align with exact Oxford definition (0.271) || en_wiktionary_matching_pos_uk_translation=>'дисерта́ція';reverse='dissertation';lex=0.222;candDef=0.540;revDef=0.504;decision=BLOCKED:low reverse lexical agreement 0.222 || Helsinki-NLP/opus-mt-en-uk_contextual_definition_candidate=>'дисертація (ноун): довга частина письма, яку завершив студент, як частина університетської школи, заснована на власних дослідженнях.';reverse='dissertation: a long piece of writing completed by a student as part of a university school based on his own research.';lex=0.066;candDef=0.826;revDef=0.839;decision=BLOCKED:low reverse lexical agreement 0.066 || Helsinki-NLP/opus-mt-en-uk_surface_candidate=>'thesis';reverse='thesis';lex=0.000;candDef=0.514;revDef=0.514;decision=BLOCKED:candidate is not predominantly Ukrainian	BLOCKED: low reverse lexical agreement 0.066; method=Helsinki-NLP/opus-mt-en-uk_contextual_definition_candidate; exact Oxford definition='a long piece of writing completed by a student as part of a university degree, based on their own research'; candidate='дисертація (ноун): довга частина письма, яку завершив студент, як частина університетської школи, заснована на власних дослідженнях.'; reverse='dissertation: a long piece of writing completed by a student as part of a university school based on his own research.'; lexical=0.066; candidate_definition_similarity=0.826; reverse_definition_similarity=0.839; semantic=0.839.
ox5000-feaf4b50d932346d1b13	thorough	adjective	B2	https://www.oxfordlearnersdictionaries.com/us/definition/english/thorough	/us/definition/english/thorough	done completely; with great attention to detail	Докладний (прикметник): виконано повністю; з великою увагою до подробиць	Helsinki-NLP/opus-mt-en-uk_contextual_definition_candidate	Helsinki-NLP/opus-mt-en-uk_contextual_definition_candidate=>'Докладний (прикметник): виконано повністю; з великою увагою до подробиць';reverse='Verbose: complete; with great attention to details';lex=0.143;candDef=0.794;revDef=0.611;decision=BLOCKED:low reverse lexical agreement 0.143 || Helsinki-NLP/opus-mt-en-uk_surface_candidate=>'Докладно';reverse='Verbose';lex=0.000;candDef=0.476;revDef=0.274;decision=BLOCKED:adjective candidate has no plausible Ukrainian adjective morphology	BLOCKED: low reverse lexical agreement 0.143; method=Helsinki-NLP/opus-mt-en-uk_contextual_definition_candidate; exact Oxford definition='done completely; with great attention to detail'; candidate='Докладний (прикметник): виконано повністю; з великою увагою до подробиць'; reverse='Verbose: complete; with great attention to details'; lexical=0.143; candidate_definition_similarity=0.794; reverse_definition_similarity=0.611; semantic=0.794.
ox5000-cbd9ca36a79de9b55081	thought-provoking	adjective	C1	https://www.oxfordlearnersdictionaries.com/us/definition/english/thought-provoking	/us/definition/english/thought-provoking	making people think seriously about a particular subject or issue	spect- procing (примітка): примушує людей серйозно задуматися про якусь конкретну тему або питання.	Helsinki-NLP/opus-mt-en-uk_contextual_definition_candidate	Helsinki-NLP/opus-mt-en-uk_contextual_definition_candidate=>'spect- procing (примітка): примушує людей серйозно задуматися про якусь конкретну тему або питання.';reverse='speed-procing: makes people think seriously about a particular subject or question.';lex=0.000;candDef=0.593;revDef=0.669;decision=BLOCKED:Latin-language residue remains || Helsinki-NLP/opus-mt-en-uk_surface_candidate=>'think-procing';reverse='think-procing';lex=0.000;candDef=0.540;revDef=0.540;decision=BLOCKED:candidate is not predominantly Ukrainian	BLOCKED: Latin-language residue remains; method=Helsinki-NLP/opus-mt-en-uk_contextual_definition_candidate; exact Oxford definition='making people think seriously about a particular subject or issue'; candidate='spect- procing (примітка): примушує людей серйозно задуматися про якусь конкретну тему або питання.'; reverse='speed-procing: makes people think seriously about a particular subject or question.'; lexical=0.000; candidate_definition_similarity=0.593; reverse_definition_similarity=0.669; semantic=0.000.
ox5000-4dbc6b87df9f0ea26bb9	thoughtful	adjective	C1	https://www.oxfordlearnersdictionaries.com/us/definition/english/thoughtful	/us/definition/english/thoughtful	quiet, because you are thinking	ува́жний	en_wiktionary_matching_pos_uk_translation	"en_wiktionary_matching_pos_uk_translation=>'заду́мливий';reverse='Sufficient';lex=0.100;candDef=0.383;revDef=0.211;decision=BLOCKED:low reverse lexical agreement 0.100 || en_wiktionary_matching_pos_uk_translation=>'ува́жний';reverse='Considerate';lex=0.095;candDef=0.349;revDef=0.405;decision=BLOCKED:low reverse lexical agreement 0.095 || Helsinki-NLP/opus-mt-en-uk_contextual_definition_candidate=>'ти тихий, бо ти думаєш';reverse=""You're quiet because you think"";lex=0.000;candDef=0.899;revDef=0.873;decision=BLOCKED:adjective candidate has no plausible Ukrainian adjective morphology || Helsinki-NLP/opus-mt-en-uk_surface_candidate=>'продумано';reverse='thoughtful';lex=0.000;candDef=0.503;revDef=0.462;decision=BLOCKED:adjective candidate has no plausible Ukrainian adjective morphology"	BLOCKED: low reverse lexical agreement 0.095; method=en_wiktionary_matching_pos_uk_translation; exact Oxford definition='quiet, because you are thinking'; candidate='ува́жний'; reverse='Considerate'; lexical=0.095; candidate_definition_similarity=0.349; reverse_definition_similarity=0.405; semantic=0.405.
ox5000-4e4dfe0384c9e2bd4d60	thrilled	adjective	C1	https://www.oxfordlearnersdictionaries.com/us/definition/english/thrilled	/us/definition/english/thrilled	very excited and pleased	зворушений (примітний): дуже збуджений і задоволений	Helsinki-NLP/opus-mt-en-uk_contextual_definition_candidate	Helsinki-NLP/opus-mt-en-uk_contextual_definition_candidate=>'зворушений (примітний): дуже збуджений і задоволений';reverse='excited (notable): very excited and pleased';lex=0.167;candDef=0.841;revDef=0.899;decision=BLOCKED:low reverse lexical agreement 0.167 || Helsinki-NLP/opus-mt-en-uk_surface_candidate=>'захоплено';reverse='captured';lex=0.000;candDef=0.548;revDef=0.215;decision=BLOCKED:adjective candidate has no plausible Ukrainian adjective morphology	BLOCKED: low reverse lexical agreement 0.167; method=Helsinki-NLP/opus-mt-en-uk_contextual_definition_candidate; exact Oxford definition='very excited and pleased'; candidate='зворушений (примітний): дуже збуджений і задоволений'; reverse='excited (notable): very excited and pleased'; lexical=0.167; candidate_definition_similarity=0.841; reverse_definition_similarity=0.899; semantic=0.899.
ox5000-eec8e05bb7719b3d5517	tighten	verb	C1	https://www.oxfordlearnersdictionaries.com/us/definition/english/tighten	/us/definition/english/tighten	to hold or fix something more securely in position; to make something or become more difficult to move, open or separate	Затягнути (версія): щоб утримати або виправити щось надійніше у позиції; щоб зробити щось або зробити більш складним для пересування, відкриття або окремої позиції	Helsinki-NLP/opus-mt-en-uk_contextual_definition_candidate	Helsinki-NLP/opus-mt-en-uk_contextual_definition_candidate=>'Затягнути (версія): щоб утримати або виправити щось надійніше у позиції; щоб зробити щось або зробити більш складним для пересування, відкриття або окремої позиції';reverse='Drag (version): to hold or fix something more reliable in position; to do something or make it more difficult to move, open or separate position';lex=0.082;candDef=0.840;revDef=0.557;decision=BLOCKED:low reverse lexical agreement 0.082 || Helsinki-NLP/opus-mt-en-uk_surface_candidate=>'Затягнути';reverse='Load';lex=0.000;candDef=0.473;revDef=0.120;decision=BLOCKED:low reverse lexical agreement 0.000	BLOCKED: low reverse lexical agreement 0.082; method=Helsinki-NLP/opus-mt-en-uk_contextual_definition_candidate; exact Oxford definition='to hold or fix something more securely in position; to make something or become more difficult to move, open or separate'; candidate='Затягнути (версія): щоб утримати або виправити щось надійніше у позиції; щоб зробити щось або зробити більш складним для пересування, відкриття або окремої позиції'; reverse='Drag (version): to hold or fix something more reliable in position; to do something or make it more difficult to move, open or separate position'; lexical=0.082; candidate_definition_similarity=0.840; reverse_definition_similarity=0.557; semantic=0.840.
ox5000-e94181c64d5aa8e60302	tissue	noun	B2	https://www.oxfordlearnersdictionaries.com/us/definition/english/tissue	/us/definition/english/tissue	a piece of soft paper, used especially as a handkerchief	тканина (нун): м'який папір, який використовують як носовичок.	Helsinki-NLP/opus-mt-en-uk_contextual_definition_candidate	"en_wiktionary_matching_pos_uk_translation=>'серве́тка';reverse='servitka';lex=0.143;candDef=0.348;revDef=0.274;decision=BLOCKED:low reverse lexical agreement 0.143 || en_wiktionary_matching_pos_uk_translation=>'ткани́на';reverse='cloth';lex=0.182;candDef=0.304;revDef=0.588;decision=BLOCKED:low reverse lexical agreement 0.182 || Helsinki-NLP/opus-mt-en-uk_contextual_definition_candidate=>""тканина (нун): м'який папір, який використовують як носовичок."";reverse='cloth (nun): soft paper used as handkerchiefs';lex=0.125;candDef=0.845;revDef=0.844;decision=BLOCKED:low reverse lexical agreement 0.125 || Helsinki-NLP/opus-mt-en-uk_surface_candidate=>'тканина';reverse='fabric';lex=0.167;candDef=0.614;revDef=0.478;decision=BLOCKED:low reverse lexical agreement 0.167"	"BLOCKED: low reverse lexical agreement 0.125; method=Helsinki-NLP/opus-mt-en-uk_contextual_definition_candidate; exact Oxford definition='a piece of soft paper, used especially as a handkerchief'; candidate=""тканина (нун): м'який папір, який використовують як носовичок.""; reverse='cloth (nun): soft paper used as handkerchiefs'; lexical=0.125; candidate_definition_similarity=0.845; reverse_definition_similarity=0.844; semantic=0.845."
ox5000-e2eb585666597b22d60b	toll	noun	C1	https://www.oxfordlearnersdictionaries.com/us/definition/english/toll_1	/us/definition/english/toll_1	money that you pay to use a particular road or bridge	доро́жній збір	en_wiktionary_matching_pos_uk_translation	en_wiktionary_matching_pos_uk_translation=>'доро́жній збір';reverse='road congregation';lex=0.190;candDef=0.021;revDef=0.216;decision=BLOCKED:low reverse lexical agreement 0.190 || en_wiktionary_matching_pos_uk_translation=>'збір';reverse='congregation';lex=0.250;candDef=0.030;revDef=-0.101;decision=BLOCKED:low reverse lexical agreement 0.250 || en_wiktionary_matching_pos_uk_translation=>'опла́та';reverse='bo·laʹta';lex=0.167;candDef=0.047;revDef=0.104;decision=BLOCKED:low reverse lexical agreement 0.167 || en_wiktionary_matching_pos_uk_translation=>'ми́то';reverse='miʹto';lex=0.444;candDef=0.021;revDef=0.115;decision=BLOCKED:candidate/reverse meaning does not align with exact Oxford definition (0.115) || Helsinki-NLP/opus-mt-en-uk_contextual_definition_candidate=>'toll (noun): гроші, які ви платите за користування певною дорогою або мостом';reverse='toll (noun): The money you pay for using a certain road or bridge';lex=0.000;candDef=0.766;revDef=0.733;decision=BLOCKED:Latin-language residue remains || Helsinki-NLP/opus-mt-en-uk_surface_candidate=>'толNote this is a KRunner keyword;% 1 is a KRunner keyword;% 2 is a parameter';reverse='tol';lex=0.000;candDef=0.044;revDef=0.079;decision=BLOCKED:candidate is not predominantly Ukrainian	BLOCKED: low reverse lexical agreement 0.190; method=en_wiktionary_matching_pos_uk_translation; exact Oxford definition='money that you pay to use a particular road or bridge'; candidate='доро́жній збір'; reverse='road congregation'; lexical=0.190; candidate_definition_similarity=0.021; reverse_definition_similarity=0.216; semantic=0.216.
ox5000-d4c9367c23e5a72152e3	top	verb	C1	https://www.oxfordlearnersdictionaries.com/us/definition/english/top_3	/us/definition/english/top_3	to be higher than a particular amount	переве́ршувати	en_wiktionary_matching_pos_uk_translation	en_wiktionary_matching_pos_uk_translation=>'покрива́ти';reverse='substrates';lex=0.154;candDef=0.238;revDef=0.063;decision=BLOCKED:low reverse lexical agreement 0.154 || en_wiktionary_matching_pos_uk_translation=>'покри́ти';reverse='cover';lex=0.250;candDef=0.229;revDef=0.058;decision=BLOCKED:low reverse lexical agreement 0.250 || en_wiktionary_matching_pos_uk_translation=>'переве́ршувати';reverse='reweaving';lex=0.000;candDef=0.291;revDef=0.155;decision=BLOCKED:low reverse lexical agreement 0.000 || en_wiktionary_matching_pos_uk_translation=>'переве́ршити';reverse='reweaving';lex=0.000;candDef=0.288;revDef=0.155;decision=BLOCKED:low reverse lexical agreement 0.000 || Helsinki-NLP/opus-mt-en-uk_contextual_definition_candidate=>'top (verboard): бути вищим за певну кількість';reverse='top (verbboard): be higher than a certain number';lex=0.000;candDef=0.563;revDef=0.544;decision=BLOCKED:candidate is not predominantly Ukrainian || Helsinki-NLP/opus-mt-en-uk_surface_candidate=>'top';reverse='top';lex=0.000;candDef=0.301;revDef=0.301;decision=BLOCKED:candidate is not predominantly Ukrainian	BLOCKED: low reverse lexical agreement 0.000; method=en_wiktionary_matching_pos_uk_translation; exact Oxford definition='to be higher than a particular amount'; candidate='переве́ршувати'; reverse='reweaving'; lexical=0.000; candidate_definition_similarity=0.291; reverse_definition_similarity=0.155; semantic=0.291.
ox5000-7e9ceec203d2d50cf233	torture	verb	C1	https://www.oxfordlearnersdictionaries.com/us/definition/english/torture_2	/us/definition/english/torture_2	to hurt somebody physically or mentally in order to punish them or make them tell you something	му́чити	en_wiktionary_matching_pos_uk_translation	"en_wiktionary_matching_pos_uk_translation=>'катува́ти';reverse='katuatha';lex=0.267;candDef=0.126;revDef=0.074;decision=BLOCKED:low reverse lexical agreement 0.267 || en_wiktionary_matching_pos_uk_translation=>'му́чити';reverse='Mourning';lex=0.400;candDef=0.178;revDef=0.182;decision=BLOCKED:candidate/reverse meaning does not align with exact Oxford definition (0.182) || Helsinki-NLP/opus-mt-en-uk_contextual_definition_candidate=>""тортури ( прислів'я): щоб завдати комусь фізичного або розумового болю, щоб покарати його або змусити сказати вам щось."";reverse='torture (the saying): to cause physical or mental pain to the victim, either to punish him or to force him to tell you something.';lex=0.000;candDef=0.715;revDef=0.686;decision=BLOCKED:verb candidate is not an appropriate Ukrainian infinitive/verb phrase || Helsinki-NLP/opus-mt-en-uk_surface_candidate=>'тортури';reverse='torture';lex=0.000;candDef=0.455;revDef=0.452;decision=BLOCKED:verb candidate is not an appropriate Ukrainian infinitive/verb phrase"	BLOCKED: candidate/reverse meaning does not align with exact Oxford definition (0.182); method=en_wiktionary_matching_pos_uk_translation; exact Oxford definition='to hurt somebody physically or mentally in order to punish them or make them tell you something'; candidate='му́чити'; reverse='Mourning'; lexical=0.400; candidate_definition_similarity=0.178; reverse_definition_similarity=0.182; semantic=0.182.
ox5000-639d0f39bd92fd319b5a	toss	verb	C1	https://www.oxfordlearnersdictionaries.com/us/definition/english/toss_1	/us/definition/english/toss_1	to throw something lightly or carelessly	tos (verboard): щоб кинути щось легковажно або недбало	Helsinki-NLP/opus-mt-en-uk_contextual_definition_candidate	Helsinki-NLP/opus-mt-en-uk_contextual_definition_candidate=>'tos (verboard): щоб кинути щось легковажно або недбало';reverse='tos (verbboard): to throw something lightly or careless';lex=0.000;candDef=0.669;revDef=0.858;decision=BLOCKED:Latin-language residue remains || Helsinki-NLP/opus-mt-en-uk_surface_candidate=>'осunit synonyms for matching user input';reverse='os';lex=0.000;candDef=0.122;revDef=0.214;decision=BLOCKED:English/source-language residue or model artifact	BLOCKED: Latin-language residue remains; method=Helsinki-NLP/opus-mt-en-uk_contextual_definition_candidate; exact Oxford definition='to throw something lightly or carelessly'; candidate='tos (verboard): щоб кинути щось легковажно або недбало'; reverse='tos (verbboard): to throw something lightly or careless'; lexical=0.000; candidate_definition_similarity=0.669; reverse_definition_similarity=0.858; semantic=0.000.
ox5000-1cd96ead96b42105fd96	total	verb	C1	https://www.oxfordlearnersdictionaries.com/us/definition/english/total_3	/us/definition/english/total_3	to reach a particular total	загальна (версія): щоб отримати доступ до певної загальної кількості	Helsinki-NLP/opus-mt-en-uk_contextual_definition_candidate	Helsinki-NLP/opus-mt-en-uk_contextual_definition_candidate=>'загальна (версія): щоб отримати доступ до певної загальної кількості';reverse='total (version): to access a certain total number';lex=0.000;candDef=0.569;revDef=0.645;decision=BLOCKED:verb candidate is not an appropriate Ukrainian infinitive/verb phrase || Helsinki-NLP/opus-mt-en-uk_surface_candidate=>'загалом';reverse='total';lex=0.000;candDef=0.371;revDef=0.672;decision=BLOCKED:verb candidate is not an appropriate Ukrainian infinitive/verb phrase	BLOCKED: verb candidate is not an appropriate Ukrainian infinitive/verb phrase; method=Helsinki-NLP/opus-mt-en-uk_contextual_definition_candidate; exact Oxford definition='to reach a particular total'; candidate='загальна (версія): щоб отримати доступ до певної загальної кількості'; reverse='total (version): to access a certain total number'; lexical=0.000; candidate_definition_similarity=0.569; reverse_definition_similarity=0.645; semantic=0.000.
ox5000-42868b1c764b72b41688	trace	verb	B2	https://www.oxfordlearnersdictionaries.com/us/definition/english/trace_1	/us/definition/english/trace_1	to find or discover somebody/something by looking carefully for them/it	trace (verb): щоб знайти або знайти когось або щось, ретельно шукаючи їх/ it	Helsinki-NLP/opus-mt-en-uk_contextual_definition_candidate	Helsinki-NLP/opus-mt-en-uk_contextual_definition_candidate=>'trace (verb): щоб знайти або знайти когось або щось, ретельно шукаючи їх/ it';reverse='place (verb): to find or find someone or something, carefully searching for them/ it';lex=0.000;candDef=0.739;revDef=0.805;decision=BLOCKED:Latin-language residue remains || Helsinki-NLP/opus-mt-en-uk_surface_candidate=>'trace';reverse='trace';lex=0.000;candDef=0.377;revDef=0.377;decision=BLOCKED:candidate is not predominantly Ukrainian	BLOCKED: Latin-language residue remains; method=Helsinki-NLP/opus-mt-en-uk_contextual_definition_candidate; exact Oxford definition='to find or discover somebody/something by looking carefully for them/it'; candidate='trace (verb): щоб знайти або знайти когось або щось, ретельно шукаючи їх/ it'; reverse='place (verb): to find or find someone or something, carefully searching for them/ it'; lexical=0.000; candidate_definition_similarity=0.739; reverse_definition_similarity=0.805; semantic=0.000.
ox5000-4db0352bf40a8fbb1a02	trail	verb	C1	https://www.oxfordlearnersdictionaries.com/us/definition/english/trail_2	/us/definition/english/trail_2	to pull something behind somebody/something, usually along the ground; to be pulled along in this way	тягти	en_wiktionary_matching_pos_uk_translation	en_wiktionary_matching_pos_uk_translation=>'переслідувати';reverse='chase';lex=0.200;candDef=0.384;revDef=0.343;decision=BLOCKED:low reverse lexical agreement 0.200 || en_wiktionary_matching_pos_uk_translation=>'тягти';reverse='pull';lex=0.222;candDef=0.424;revDef=0.661;decision=BLOCKED:low reverse lexical agreement 0.222 || Helsinki-NLP/opus-mt-en-uk_contextual_definition_candidate=>'слід (версія): щоб витягнути щось за когось/щось, зазвичай вздовж землі; щоб тягнутися цим шляхом';reverse='trace: to pull something for someone/ something, usually along the ground; to drag it along this path';lex=0.000;candDef=0.860;revDef=0.724;decision=BLOCKED:verb candidate is not an appropriate Ukrainian infinitive/verb phrase || Helsinki-NLP/opus-mt-en-uk_surface_candidate=>'street';reverse='street';lex=0.000;candDef=0.367;revDef=0.367;decision=BLOCKED:candidate is not predominantly Ukrainian	BLOCKED: low reverse lexical agreement 0.222; method=en_wiktionary_matching_pos_uk_translation; exact Oxford definition='to pull something behind somebody/something, usually along the ground; to be pulled along in this way'; candidate='тягти'; reverse='pull'; lexical=0.222; candidate_definition_similarity=0.424; reverse_definition_similarity=0.661; semantic=0.661.
ox5000-cb988ddc79bd599be3e4	transcript	noun	C1	https://www.oxfordlearnersdictionaries.com/us/definition/english/transcript	/us/definition/english/transcript	a written or printed copy of words that have been spoken	Запис (ноун): написана або надрукована копія слів, які було вимовлено	Helsinki-NLP/opus-mt-en-uk_contextual_definition_candidate	Helsinki-NLP/opus-mt-en-uk_contextual_definition_candidate=>'Запис (ноун): написана або надрукована копія слів, які було вимовлено';reverse='Record (Noun): a written or printed copy of the words spoken';lex=0.179;candDef=0.901;revDef=0.735;decision=BLOCKED:low reverse lexical agreement 0.179 || Helsinki-NLP/opus-mt-en-uk_surface_candidate=>'трансферт';reverse='transfer';lex=0.667;candDef=0.232;revDef=0.208;decision=BLOCKED:candidate/reverse meaning does not align with exact Oxford definition (0.232)	BLOCKED: low reverse lexical agreement 0.179; method=Helsinki-NLP/opus-mt-en-uk_contextual_definition_candidate; exact Oxford definition='a written or printed copy of words that have been spoken'; candidate='Запис (ноун): написана або надрукована копія слів, які було вимовлено'; reverse='Record (Noun): a written or printed copy of the words spoken'; lexical=0.179; candidate_definition_similarity=0.901; reverse_definition_similarity=0.735; semantic=0.901.
ox5000-2d305ec23cbf7b219f80	transmission	noun	C1	https://www.oxfordlearnersdictionaries.com/us/definition/english/transmission	/us/definition/english/transmission	the act or process of passing something from one person, place or thing to another	трансляція (нуун): акт або процес передачі чогось від однієї особи, місця або речі до іншої	Helsinki-NLP/opus-mt-en-uk_contextual_definition_candidate	Helsinki-NLP/opus-mt-en-uk_contextual_definition_candidate=>'трансляція (нуун): акт або процес передачі чогось від однієї особи, місця або речі до іншої';reverse='broadcast (nuun): an act or process of passing something from one person, place or thing to another';lex=0.168;candDef=0.741;revDef=0.630;decision=BLOCKED:low reverse lexical agreement 0.168 || Helsinki-NLP/opus-mt-en-uk_surface_candidate=>'трансляція';reverse='broadcast';lex=0.095;candDef=0.316;revDef=0.187;decision=BLOCKED:low reverse lexical agreement 0.095	BLOCKED: low reverse lexical agreement 0.168; method=Helsinki-NLP/opus-mt-en-uk_contextual_definition_candidate; exact Oxford definition='the act or process of passing something from one person, place or thing to another'; candidate='трансляція (нуун): акт або процес передачі чогось від однієї особи, місця або речі до іншої'; reverse='broadcast (nuun): an act or process of passing something from one person, place or thing to another'; lexical=0.168; candidate_definition_similarity=0.741; reverse_definition_similarity=0.630; semantic=0.741.
ox5000-753d9d8240ce68a8b47d	trap	verb	B2	https://www.oxfordlearnersdictionaries.com/us/definition/english/trap_2	/us/definition/english/trap_2	to put somebody in a dangerous place that they cannot get out of	chatch (verboard): щоб покласти когось у небезпечне місце, з якого вони не зможуть вибратися	Helsinki-NLP/opus-mt-en-uk_contextual_definition_candidate	"Helsinki-NLP/opus-mt-en-uk_contextual_definition_candidate=>'chatch (verboard): щоб покласти когось у небезпечне місце, з якого вони не зможуть вибратися';reverse=""chatch (verbboard): to put someone in a dangerous place from which they can't get out"";lex=0.000;candDef=0.619;revDef=0.692;decision=BLOCKED:Latin-language residue remains || Helsinki-NLP/opus-mt-en-uk_surface_candidate=>'пастка';reverse='trap';lex=0.000;candDef=0.426;revDef=0.405;decision=BLOCKED:verb candidate is not an appropriate Ukrainian infinitive/verb phrase"	"BLOCKED: Latin-language residue remains; method=Helsinki-NLP/opus-mt-en-uk_contextual_definition_candidate; exact Oxford definition='to put somebody in a dangerous place that they cannot get out of'; candidate='chatch (verboard): щоб покласти когось у небезпечне місце, з якого вони не зможуть вибратися'; reverse=""chatch (verbboard): to put someone in a dangerous place from which they can't get out""; lexical=0.000; candidate_definition_similarity=0.619; reverse_definition_similarity=0.692; semantic=0.000."
ox5000-ba5c96ee38f220c30435	tremendous	adjective	C1	https://www.oxfordlearnersdictionaries.com/us/definition/english/tremendous	/us/definition/english/tremendous	very great	величезний	Helsinki-NLP/opus-mt-en-uk_surface_candidate	Helsinki-NLP/opus-mt-en-uk_contextual_definition_candidate=>'величезний (прикметник): дуже великий';reverse='huge (mark): very large';lex=0.200;candDef=0.504;revDef=0.427;decision=BLOCKED:low reverse lexical agreement 0.200 || Helsinki-NLP/opus-mt-en-uk_surface_candidate=>'величезний';reverse='huge';lex=0.143;candDef=0.679;revDef=0.561;decision=BLOCKED:low reverse lexical agreement 0.143	BLOCKED: low reverse lexical agreement 0.143; method=Helsinki-NLP/opus-mt-en-uk_surface_candidate; exact Oxford definition='very great'; candidate='величезний'; reverse='huge'; lexical=0.143; candidate_definition_similarity=0.679; reverse_definition_similarity=0.561; semantic=0.679.
ox5000-f690888a2be766e69ec3	trigger	noun	C1	https://www.oxfordlearnersdictionaries.com/us/definition/english/trigger_2	/us/definition/english/trigger_2	the part of a gun that you press in order to fire it	гаше́тка	en_wiktionary_matching_pos_uk_translation	en_wiktionary_matching_pos_uk_translation=>'спускови́й гачо́к';reverse='downdhi hachok';lex=0.095;candDef=0.394;revDef=0.233;decision=BLOCKED:low reverse lexical agreement 0.095 || en_wiktionary_matching_pos_uk_translation=>'соба́чка';reverse='Saddle';lex=0.154;candDef=0.347;revDef=0.324;decision=BLOCKED:low reverse lexical agreement 0.154 || en_wiktionary_matching_pos_uk_translation=>'гаше́тка';reverse='haschet';lex=0.143;candDef=0.416;revDef=0.283;decision=BLOCKED:low reverse lexical agreement 0.143 || en_wiktionary_matching_pos_uk_translation=>'ци́нгель';reverse='cingel';lex=0.462;candDef=0.278;revDef=0.316;decision=BLOCKED:candidate/reverse meaning does not align with exact Oxford definition (0.316) || Helsinki-NLP/opus-mt-en-uk_contextual_definition_candidate=>'trigger (noun): частина рушниці, яку ви натискаєте, щоб її звільнити';reverse='trigger (noun): part of the gun you click on to release it';lex=0.000;candDef=0.785;revDef=0.782;decision=BLOCKED:Latin-language residue remains || Helsinki-NLP/opus-mt-en-uk_surface_candidate=>'trigger';reverse='trigger';lex=0.000;candDef=0.610;revDef=0.610;decision=BLOCKED:candidate is not predominantly Ukrainian	BLOCKED: low reverse lexical agreement 0.143; method=en_wiktionary_matching_pos_uk_translation; exact Oxford definition='the part of a gun that you press in order to fire it'; candidate='гаше́тка'; reverse='haschet'; lexical=0.143; candidate_definition_similarity=0.416; reverse_definition_similarity=0.283; semantic=0.416.
ox5000-8a322f6cdbb221721285	trigger	verb	B2	https://www.oxfordlearnersdictionaries.com/us/definition/english/trigger_1	/us/definition/english/trigger_1	to make something happen suddenly	trigger (verboard): щоб зробити раптом щось сталося	Helsinki-NLP/opus-mt-en-uk_contextual_definition_candidate	Helsinki-NLP/opus-mt-en-uk_contextual_definition_candidate=>'trigger (verboard): щоб зробити раптом щось сталося';reverse='trigger: to make something happen';lex=0.000;candDef=0.654;revDef=0.726;decision=BLOCKED:candidate is not predominantly Ukrainian || Helsinki-NLP/opus-mt-en-uk_surface_candidate=>'trigger';reverse='trigger';lex=0.000;candDef=0.417;revDef=0.417;decision=BLOCKED:candidate is not predominantly Ukrainian	BLOCKED: candidate is not predominantly Ukrainian; method=Helsinki-NLP/opus-mt-en-uk_contextual_definition_candidate; exact Oxford definition='to make something happen suddenly'; candidate='trigger (verboard): щоб зробити раптом щось сталося'; reverse='trigger: to make something happen'; lexical=0.000; candidate_definition_similarity=0.654; reverse_definition_similarity=0.726; semantic=0.000.
ox5000-754bf5b535795ee81c6c	troop	noun	B2	https://www.oxfordlearnersdictionaries.com/us/definition/english/troop_2	/us/definition/english/troop_2	soldiers, especially in large groups	військо	en_wiktionary_matching_pos_uk_translation	en_wiktionary_matching_pos_uk_translation=>'військо';reverse='army';lex=0.222;candDef=0.699;revDef=0.721;decision=BLOCKED:low reverse lexical agreement 0.222 || Helsinki-NLP/opus-mt-en-uk_contextual_definition_candidate=>'Солдати (нун): солдати, особливо у великих групах.';reverse='Soldiers: soldiers, especially in large groups.';lex=0.000;candDef=0.882;revDef=0.942;decision=BLOCKED:noun candidate is an infinitive/verb form || Helsinki-NLP/opus-mt-en-uk_surface_candidate=>'загін';reverse='Squad';lex=0.000;candDef=0.257;revDef=0.506;decision=BLOCKED:low reverse lexical agreement 0.000	BLOCKED: low reverse lexical agreement 0.222; method=en_wiktionary_matching_pos_uk_translation; exact Oxford definition='soldiers, especially in large groups'; candidate='військо'; reverse='army'; lexical=0.222; candidate_definition_similarity=0.699; reverse_definition_similarity=0.721; semantic=0.721.
ox5000-f3b4954e52dd15e340f3	troubled	adjective	C1	https://www.oxfordlearnersdictionaries.com/us/definition/english/troubled	/us/definition/english/troubled	worried and anxious	тривожний (примітка): стурбований і стурбований	Helsinki-NLP/opus-mt-en-uk_contextual_definition_candidate	Helsinki-NLP/opus-mt-en-uk_contextual_definition_candidate=>'тривожний (примітка): стурбований і стурбований';reverse='anxious (note): anxious and anxious';lex=0.200;candDef=0.880;revDef=0.794;decision=BLOCKED:low reverse lexical agreement 0.200 || Helsinki-NLP/opus-mt-en-uk_surface_candidate=>'тривожно';reverse='anxious';lex=0.000;candDef=0.746;revDef=0.917;decision=BLOCKED:adjective candidate has no plausible Ukrainian adjective morphology	BLOCKED: low reverse lexical agreement 0.200; method=Helsinki-NLP/opus-mt-en-uk_contextual_definition_candidate; exact Oxford definition='worried and anxious'; candidate='тривожний (примітка): стурбований і стурбований'; reverse='anxious (note): anxious and anxious'; lexical=0.200; candidate_definition_similarity=0.880; reverse_definition_similarity=0.794; semantic=0.880.
ox5000-a5a78ed8b6c48cbea038	trustee	noun	C1	https://www.oxfordlearnersdictionaries.com/us/definition/english/trustee	/us/definition/english/trustee	a person or an organization that has control of money or property that has been put into a trust for somebody	довіра (нуун): особа або організація, яка має контроль над грошима або майном, яким можна довірити комусь	Helsinki-NLP/opus-mt-en-uk_contextual_definition_candidate	Helsinki-NLP/opus-mt-en-uk_contextual_definition_candidate=>'довіра (нуун): особа або організація, яка має контроль над грошима або майном, яким можна довірити комусь';reverse='trust: A person or an organization that has control over money or property that can be entrusted to someone';lex=0.124;candDef=0.847;revDef=0.898;decision=BLOCKED:low reverse lexical agreement 0.124 || Helsinki-NLP/opus-mt-en-uk_surface_candidate=>'трапеза';reverse='Food';lex=0.000;candDef=0.083;revDef=-0.010;decision=BLOCKED:low reverse lexical agreement 0.000	BLOCKED: low reverse lexical agreement 0.124; method=Helsinki-NLP/opus-mt-en-uk_contextual_definition_candidate; exact Oxford definition='a person or an organization that has control of money or property that has been put into a trust for somebody'; candidate='довіра (нуун): особа або організація, яка має контроль над грошима або майном, яким можна довірити комусь'; reverse='trust: A person or an organization that has control over money or property that can be entrusted to someone'; lexical=0.124; candidate_definition_similarity=0.847; reverse_definition_similarity=0.898; semantic=0.898.
ox5000-dfc95a3f0a8deaf00e0c	tuition	noun	C1	https://www.oxfordlearnersdictionaries.com/us/definition/english/tuition	/us/definition/english/tuition	the act of teaching something, especially to one person or to people in small groups	Навчання (нуун): навчання чогось, особливо однієї особи або людей з невеликими групами.	Helsinki-NLP/opus-mt-en-uk_contextual_definition_candidate	Helsinki-NLP/opus-mt-en-uk_contextual_definition_candidate=>'Навчання (нуун): навчання чогось, особливо однієї особи або людей з невеликими групами.';reverse='Teaching (nuun): Teaching something, especially one person or people with small groups.';lex=0.112;candDef=0.786;revDef=0.881;decision=BLOCKED:low reverse lexical agreement 0.112 || Helsinki-NLP/opus-mt-en-uk_surface_candidate=>'Навчання';reverse='Learning';lex=0.267;candDef=0.595;revDef=0.511;decision=BLOCKED:low reverse lexical agreement 0.267	BLOCKED: low reverse lexical agreement 0.112; method=Helsinki-NLP/opus-mt-en-uk_contextual_definition_candidate; exact Oxford definition='the act of teaching something, especially to one person or to people in small groups'; candidate='Навчання (нуун): навчання чогось, особливо однієї особи або людей з невеликими групами.'; reverse='Teaching (nuun): Teaching something, especially one person or people with small groups.'; lexical=0.112; candidate_definition_similarity=0.786; reverse_definition_similarity=0.881; semantic=0.881.
ox5000-3b0b580582d680bcb24e	turnout	noun	C1	https://www.oxfordlearnersdictionaries.com/us/definition/english/turnout	/us/definition/english/turnout	the number of people who attend a particular event	я́вка	en_wiktionary_matching_pos_uk_translation	en_wiktionary_matching_pos_uk_translation=>'я́вка';reverse='javka';lex=0.000;candDef=0.129;revDef=0.174;decision=BLOCKED:low reverse lexical agreement 0.000 || Helsinki-NLP/opus-mt-en-uk_contextual_definition_candidate=>'turnout (noun): кількість присутніх на певній події';reverse='turnout (noun): attendance on a certain event';lex=0.000;candDef=0.814;revDef=0.714;decision=BLOCKED:Latin-language residue remains || Helsinki-NLP/opus-mt-en-uk_surface_candidate=>'turnout';reverse='turnout';lex=0.000;candDef=0.604;revDef=0.604;decision=BLOCKED:candidate is not predominantly Ukrainian	BLOCKED: low reverse lexical agreement 0.000; method=en_wiktionary_matching_pos_uk_translation; exact Oxford definition='the number of people who attend a particular event'; candidate='я́вка'; reverse='javka'; lexical=0.000; candidate_definition_similarity=0.129; reverse_definition_similarity=0.174; semantic=0.174.
ox5000-41ab3d9468b22c0ac1e8	turnover	noun	C1	https://www.oxfordlearnersdictionaries.com/us/definition/english/turnover	/us/definition/english/turnover	the total amount of goods or services sold by a company during a particular period of time	пл́инність кáдрів	en_wiktionary_matching_pos_uk_translation	"en_wiktionary_matching_pos_uk_translation=>'о́біг';reverse='ohxh';lex=0.167;candDef=0.121;revDef=0.006;decision=BLOCKED:low reverse lexical agreement 0.167 || en_wiktionary_matching_pos_uk_translation=>'пл́инність кáдрів';reverse=""Kádrah's Splendour"";lex=0.154;candDef=0.129;revDef=0.086;decision=BLOCKED:low reverse lexical agreement 0.154 || Helsinki-NLP/opus-mt-en-uk_contextual_definition_candidate=>'rectver (noun): загальна кількість товарів або послуг, які продає компанія протягом певного періоду часу';reverse='rectver (noun): the total amount of goods or services the company sells over a given period of time';lex=0.000;candDef=0.617;revDef=0.677;decision=BLOCKED:Latin-language residue remains || Helsinki-NLP/opus-mt-en-uk_surface_candidate=>'turnver';reverse='turnver';lex=0.000;candDef=-0.025;revDef=-0.025;decision=BLOCKED:candidate is not predominantly Ukrainian"	"BLOCKED: low reverse lexical agreement 0.154; method=en_wiktionary_matching_pos_uk_translation; exact Oxford definition='the total amount of goods or services sold by a company during a particular period of time'; candidate='пл́инність кáдрів'; reverse=""Kádrah's Splendour""; lexical=0.154; candidate_definition_similarity=0.129; reverse_definition_similarity=0.086; semantic=0.129."
ox5000-8240ce2b0fa801fdd05b	twist	verb	C1	https://www.oxfordlearnersdictionaries.com/us/definition/english/twist_1	/us/definition/english/twist_1	to bend or turn something into a particular shape	криви́ти	en_wiktionary_matching_pos_uk_translation	en_wiktionary_matching_pos_uk_translation=>'криви́ти';reverse='Cascades';lex=0.154;candDef=0.110;revDef=0.156;decision=BLOCKED:low reverse lexical agreement 0.154 || Helsinki-NLP/opus-mt-en-uk_contextual_definition_candidate=>'твіст (версія): згинати або перетворити щось на певну форму';reverse='twist: bend or transform something into a certain shape';lex=0.000;candDef=0.385;revDef=0.901;decision=BLOCKED:verb candidate is not an appropriate Ukrainian infinitive/verb phrase || Helsinki-NLP/opus-mt-en-uk_surface_candidate=>'твіст';reverse='twist';lex=0.000;candDef=0.101;revDef=0.544;decision=BLOCKED:verb candidate is not an appropriate Ukrainian infinitive/verb phrase	BLOCKED: low reverse lexical agreement 0.154; method=en_wiktionary_matching_pos_uk_translation; exact Oxford definition='to bend or turn something into a particular shape'; candidate='криви́ти'; reverse='Cascades'; lexical=0.154; candidate_definition_similarity=0.110; reverse_definition_similarity=0.156; semantic=0.156.
ox5000-0fe97df4cbc24e26a41e	ultimate	adjective	B2	https://www.oxfordlearnersdictionaries.com/us/definition/english/ultimate_1	/us/definition/english/ultimate_1	happening at the end of a long process	кінцевий (підприємець): відбувається наприкінці довгого процесу	Helsinki-NLP/opus-mt-en-uk_contextual_definition_candidate	en_wiktionary_matching_pos_uk_translation=>'оста́нній';reverse='remaining';lex=0.235;candDef=0.392;revDef=0.321;decision=BLOCKED:low reverse lexical agreement 0.235 || en_wiktionary_matching_pos_uk_translation=>'остато́чний';reverse='final';lex=0.154;candDef=0.399;revDef=0.412;decision=BLOCKED:low reverse lexical agreement 0.154 || en_wiktionary_matching_pos_uk_translation=>'кра́йній';reverse='krainium';lex=0.250;candDef=0.172;revDef=0.213;decision=BLOCKED:low reverse lexical agreement 0.250 || en_wiktionary_matching_pos_uk_translation=>'найбі́льший';reverse='most white';lex=0.444;candDef=0.248;revDef=0.037;decision=BLOCKED:candidate/reverse meaning does not align with exact Oxford definition (0.248) || Helsinki-NLP/opus-mt-en-uk_contextual_definition_candidate=>'кінцевий (підприємець): відбувається наприкінці довгого процесу';reverse='end-of-the-line: takes place at the end of a long process';lex=0.156;candDef=0.852;revDef=0.888;decision=BLOCKED:low reverse lexical agreement 0.156 || Helsinki-NLP/opus-mt-en-uk_surface_candidate=>'absolute';reverse='absolute';lex=0.000;candDef=0.222;revDef=0.222;decision=BLOCKED:candidate is not predominantly Ukrainian	BLOCKED: low reverse lexical agreement 0.156; method=Helsinki-NLP/opus-mt-en-uk_contextual_definition_candidate; exact Oxford definition='happening at the end of a long process'; candidate='кінцевий (підприємець): відбувається наприкінці довгого процесу'; reverse='end-of-the-line: takes place at the end of a long process'; lexical=0.156; candidate_definition_similarity=0.852; reverse_definition_similarity=0.888; semantic=0.888.
ox5000-05fda40c6a6fd499174b	undergo	verb	B2	https://www.oxfordlearnersdictionaries.com/us/definition/english/undergo	/us/definition/english/undergo	to experience something, especially a change or something unpleasant	прийом (клацання): щоб відчути щось, особливо зміну або щось неприємне	Helsinki-NLP/opus-mt-en-uk_contextual_definition_candidate	Helsinki-NLP/opus-mt-en-uk_contextual_definition_candidate=>'прийом (клацання): щоб відчути щось, особливо зміну або щось неприємне';reverse='trick: to feel something, especially a change or something unpleasant';lex=0.000;candDef=0.843;revDef=0.838;decision=BLOCKED:verb candidate is not an appropriate Ukrainian infinitive/verb phrase || Helsinki-NLP/opus-mt-en-uk_surface_candidate=>'process';reverse='process';lex=0.000;candDef=0.181;revDef=0.181;decision=BLOCKED:English/source-language residue or model artifact	BLOCKED: verb candidate is not an appropriate Ukrainian infinitive/verb phrase; method=Helsinki-NLP/opus-mt-en-uk_contextual_definition_candidate; exact Oxford definition='to experience something, especially a change or something unpleasant'; candidate='прийом (клацання): щоб відчути щось, особливо зміну або щось неприємне'; reverse='trick: to feel something, especially a change or something unpleasant'; lexical=0.000; candidate_definition_similarity=0.843; reverse_definition_similarity=0.838; semantic=0.000.
ox5000-23bff02510376b6c99d7	underlying	adjective	C1	https://www.oxfordlearnersdictionaries.com/us/definition/english/underlying	/us/definition/english/underlying	important in a situation but not always easily noticed or stated clearly	базовий (підприємець): важливий у ситуації, але не завжди легко помітити або вимовити	Helsinki-NLP/opus-mt-en-uk_contextual_definition_candidate	Helsinki-NLP/opus-mt-en-uk_contextual_definition_candidate=>'базовий (підприємець): важливий у ситуації, але не завжди легко помітити або вимовити';reverse='basic (entrepreneur): important in the situation, but not always easily noticed or pronounced';lex=0.061;candDef=0.708;revDef=0.616;decision=BLOCKED:low reverse lexical agreement 0.061 || Helsinki-NLP/opus-mt-en-uk_surface_candidate=>'в основі';reverse='base';lex=0.000;candDef=0.319;revDef=0.083;decision=BLOCKED:adjective candidate has no plausible Ukrainian adjective morphology	BLOCKED: low reverse lexical agreement 0.061; method=Helsinki-NLP/opus-mt-en-uk_contextual_definition_candidate; exact Oxford definition='important in a situation but not always easily noticed or stated clearly'; candidate='базовий (підприємець): важливий у ситуації, але не завжди легко помітити або вимовити'; reverse='basic (entrepreneur): important in the situation, but not always easily noticed or pronounced'; lexical=0.061; candidate_definition_similarity=0.708; reverse_definition_similarity=0.616; semantic=0.708.
ox5000-51a085e259ff4699152f	undermine	verb	C1	https://www.oxfordlearnersdictionaries.com/us/definition/english/undermine	/us/definition/english/undermine	to make something, especially somebody’s confidence or authority, gradually weaker or less effective	перешкоджа́ти	en_wiktionary_matching_pos_uk_translation	en_wiktionary_matching_pos_uk_translation=>'посла́блювати';reverse='relax';lex=0.143;candDef=0.253;revDef=0.100;decision=BLOCKED:low reverse lexical agreement 0.143 || en_wiktionary_matching_pos_uk_translation=>'перешкоджа́ти';reverse='hurdles';lex=0.375;candDef=0.373;revDef=0.203;decision=BLOCKED:candidate/reverse meaning does not align with exact Oxford definition (0.373) || en_wiktionary_matching_pos_uk_translation=>'підрива́ти';reverse='jerks';lex=0.286;candDef=0.303;revDef=0.270;decision=BLOCKED:candidate/reverse meaning does not align with exact Oxford definition (0.303) || en_wiktionary_matching_pos_uk_translation=>'підко́пувати';reverse='pick up';lex=0.125;candDef=0.304;revDef=0.150;decision=BLOCKED:low reverse lexical agreement 0.125 || Helsinki-NLP/opus-mt-en-uk_contextual_definition_candidate=>'підрив (версія): зробити щось, особливо, що означає довіряти або мати владу, поступово слабшаючи або менш ефективно.';reverse='strain (version): to do something, especially, which means to trust or to have authority, gradually weakened or less effective.';lex=0.000;candDef=0.779;revDef=0.616;decision=BLOCKED:verb candidate is not an appropriate Ukrainian infinitive/verb phrase || Helsinki-NLP/opus-mt-en-uk_surface_candidate=>'підрив';reverse='pop-up';lex=0.000;candDef=0.246;revDef=0.033;decision=BLOCKED:verb candidate is not an appropriate Ukrainian infinitive/verb phrase	BLOCKED: candidate/reverse meaning does not align with exact Oxford definition (0.373); method=en_wiktionary_matching_pos_uk_translation; exact Oxford definition='to make something, especially somebody’s confidence or authority, gradually weaker or less effective'; candidate='перешкоджа́ти'; reverse='hurdles'; lexical=0.375; candidate_definition_similarity=0.373; reverse_definition_similarity=0.203; semantic=0.373.
ox5000-ee46540b05341ccdb424	undertake	verb	B2	https://www.oxfordlearnersdictionaries.com/us/definition/english/undertake	/us/definition/english/undertake	to make yourself responsible for something and start doing it	роби́ти	en_wiktionary_matching_pos_uk_translation	en_wiktionary_matching_pos_uk_translation=>'роби́ти';reverse='do what';lex=0.250;candDef=0.409;revDef=0.610;decision=BLOCKED:low reverse lexical agreement 0.250 || en_wiktionary_matching_pos_uk_translation=>'зді́йснювати';reverse='to remove';lex=0.222;candDef=0.349;revDef=0.266;decision=BLOCKED:low reverse lexical agreement 0.222 || en_wiktionary_matching_pos_uk_translation=>'розпочина́ти';reverse='to begin';lex=0.118;candDef=0.467;revDef=0.455;decision=BLOCKED:low reverse lexical agreement 0.118 || en_wiktionary_matching_pos_uk_translation=>'бра́тися';reverse='Swing';lex=0.143;candDef=0.363;revDef=0.115;decision=BLOCKED:low reverse lexical agreement 0.143 || Helsinki-NLP/opus-mt-en-uk_contextual_definition_candidate=>'purpose (клацання): зробити себе відповідальним за щось і почати це робити';reverse='purpose: make yourself responsible for something and start doing it';lex=0.000;candDef=0.789;revDef=0.907;decision=BLOCKED:Latin-language residue remains || Helsinki-NLP/opus-mt-en-uk_surface_candidate=>'запропонування';reverse='offer';lex=0.000;candDef=0.358;revDef=0.140;decision=BLOCKED:verb candidate is not an appropriate Ukrainian infinitive/verb phrase	BLOCKED: low reverse lexical agreement 0.250; method=en_wiktionary_matching_pos_uk_translation; exact Oxford definition='to make yourself responsible for something and start doing it'; candidate='роби́ти'; reverse='do what'; lexical=0.250; candidate_definition_similarity=0.409; reverse_definition_similarity=0.610; semantic=0.610.
ox5000-b704a7b67453b3bfa6ef	unfortunate	adjective	B2	https://www.oxfordlearnersdictionaries.com/us/definition/english/unfortunate_1	/us/definition/english/unfortunate_1	having bad luck; caused by bad luck	Невтішний (природний): невдалий успіх; спричинений нещастям	Helsinki-NLP/opus-mt-en-uk_contextual_definition_candidate	Helsinki-NLP/opus-mt-en-uk_contextual_definition_candidate=>'Невтішний (природний): невдалий успіх; спричинений нещастям';reverse='Inconspicuous (natural): Failed success; caused by disaster';lex=0.212;candDef=0.692;revDef=0.555;decision=BLOCKED:low reverse lexical agreement 0.212 || Helsinki-NLP/opus-mt-en-uk_surface_candidate=>'Невдаха';reverse='Loser';lex=0.250;candDef=0.439;revDef=0.418;decision=BLOCKED:low reverse lexical agreement 0.250	BLOCKED: low reverse lexical agreement 0.212; method=Helsinki-NLP/opus-mt-en-uk_contextual_definition_candidate; exact Oxford definition='having bad luck; caused by bad luck'; candidate='Невтішний (природний): невдалий успіх; спричинений нещастям'; reverse='Inconspicuous (natural): Failed success; caused by disaster'; lexical=0.212; candidate_definition_similarity=0.692; reverse_definition_similarity=0.555; semantic=0.692.
ox5000-98c27296b81648365f0f	unify	verb	C1	https://www.oxfordlearnersdictionaries.com/us/definition/english/unify	/us/definition/english/unify	to join people, things, parts of a country, etc. together so that they form a single unit	Об' єднати (версії): об' єднати людей, речі, частини країни і т. д. разом так, щоб вони формували окрему одиницю	Helsinki-NLP/opus-mt-en-uk_contextual_definition_candidate	"Helsinki-NLP/opus-mt-en-uk_contextual_definition_candidate=>""Об' єднати (версії): об' єднати людей, речі, частини країни і т. д. разом так, щоб вони формували окрему одиницю"";reverse='Merge (versions): Merge people, things, parts of the country, etc. together so they form a separate unit';lex=0.000;candDef=0.803;revDef=0.743;decision=BLOCKED:verb candidate is not an appropriate Ukrainian infinitive/verb phrase || Helsinki-NLP/opus-mt-en-uk_surface_candidate=>""Об' єднати"";reverse='Merge';lex=0.000;candDef=0.471;revDef=0.422;decision=BLOCKED:verb candidate is not an appropriate Ukrainian infinitive/verb phrase"	"BLOCKED: verb candidate is not an appropriate Ukrainian infinitive/verb phrase; method=Helsinki-NLP/opus-mt-en-uk_contextual_definition_candidate; exact Oxford definition='to join people, things, parts of a country, etc. together so that they form a single unit'; candidate=""Об' єднати (версії): об' єднати людей, речі, частини країни і т. д. разом так, щоб вони формували окрему одиницю""; reverse='Merge (versions): Merge people, things, parts of the country, etc. together so they form a separate unit'; lexical=0.000; candidate_definition_similarity=0.803; reverse_definition_similarity=0.743; semantic=0.000."
ox5000-8e7c0a06f8f57745c0b7	unveil	verb	C1	https://www.oxfordlearnersdictionaries.com/us/definition/english/unveil	/us/definition/english/unveil	to remove a cover or curtain from a painting, statue, etc. so that it can be seen in public for the first time	Відкрите (клацання): щоб вилучити обкладинку або завісу з картини, статуї тощо, так, щоб її можна було побачити на публіці вперше	Helsinki-NLP/opus-mt-en-uk_contextual_definition_candidate	Helsinki-NLP/opus-mt-en-uk_contextual_definition_candidate=>'Відкрите (клацання): щоб вилучити обкладинку або завісу з картини, статуї тощо, так, щоб її можна було побачити на публіці вперше';reverse='Open (click): to remove a cover or curtain from a picture, statue, etc. so that it can be seen on the public for the first time';lex=0.000;candDef=0.855;revDef=0.873;decision=BLOCKED:verb candidate is not an appropriate Ukrainian infinitive/verb phrase || Helsinki-NLP/opus-mt-en-uk_surface_candidate=>'undo';reverse='undo';lex=0.000;candDef=0.172;revDef=0.172;decision=BLOCKED:candidate is not predominantly Ukrainian	BLOCKED: verb candidate is not an appropriate Ukrainian infinitive/verb phrase; method=Helsinki-NLP/opus-mt-en-uk_contextual_definition_candidate; exact Oxford definition='to remove a cover or curtain from a painting, statue, etc. so that it can be seen in public for the first time'; candidate='Відкрите (клацання): щоб вилучити обкладинку або завісу з картини, статуї тощо, так, щоб її можна було побачити на публіці вперше'; reverse='Open (click): to remove a cover or curtain from a picture, statue, etc. so that it can be seen on the public for the first time'; lexical=0.000; candidate_definition_similarity=0.855; reverse_definition_similarity=0.873; semantic=0.000.
ox5000-c8b54b1440d341ab58ef	upcoming	adjective	C1	https://www.oxfordlearnersdictionaries.com/us/definition/english/upcoming	/us/definition/english/upcoming	going to happen soon	Наближення (примітка): має статися незабаром	Helsinki-NLP/opus-mt-en-uk_contextual_definition_candidate	Helsinki-NLP/opus-mt-en-uk_contextual_definition_candidate=>'Наближення (примітка): має статися незабаром';reverse='Nearing point: is about to take place';lex=0.136;candDef=0.810;revDef=0.679;decision=BLOCKED:low reverse lexical agreement 0.136 || Helsinki-NLP/opus-mt-en-uk_surface_candidate=>'Наближається';reverse='Getting Closer';lex=0.273;candDef=0.736;revDef=0.503;decision=BLOCKED:low reverse lexical agreement 0.273	BLOCKED: low reverse lexical agreement 0.136; method=Helsinki-NLP/opus-mt-en-uk_contextual_definition_candidate; exact Oxford definition='going to happen soon'; candidate='Наближення (примітка): має статися незабаром'; reverse='Nearing point: is about to take place'; lexical=0.136; candidate_definition_similarity=0.810; reverse_definition_similarity=0.679; semantic=0.810.
ox5000-4b41eda57504f137ea52	upgrade	noun	C1	https://www.oxfordlearnersdictionaries.com/us/definition/english/upgrade_2	/us/definition/english/upgrade_2	the act of making a machine, computer system, etc. more powerful and efficient; the more powerful and efficient machine, computer system, etc.	Оновлення (нуун): дія з створення комп' ютера, комп' ютерної системи тощо. Більш потужного і ефективного комп' ютера; потужнішого і ефективнішого комп' ютера, комп' ютерної системи тощо.	Helsinki-NLP/opus-mt-en-uk_contextual_definition_candidate	"Helsinki-NLP/opus-mt-en-uk_contextual_definition_candidate=>""Оновлення (нуун): дія з створення комп' ютера, комп' ютерної системи тощо. Більш потужного і ефективного комп' ютера; потужнішого і ефективнішого комп' ютера, комп' ютерної системи тощо."";reverse='Update (nuun): A computer, a computer system, & etc;). A more powerful and efficient computer; a more powerful and efficient computer, a computer system, & etc;';lex=0.079;candDef=0.757;revDef=0.541;decision=BLOCKED:low reverse lexical agreement 0.079 || Helsinki-NLP/opus-mt-en-uk_surface_candidate=>'Оновлення';reverse='Update';lex=0.615;candDef=0.157;revDef=0.049;decision=BLOCKED:candidate/reverse meaning does not align with exact Oxford definition (0.157)"	"BLOCKED: low reverse lexical agreement 0.079; method=Helsinki-NLP/opus-mt-en-uk_contextual_definition_candidate; exact Oxford definition='the act of making a machine, computer system, etc. more powerful and efficient; the more powerful and efficient machine, computer system, etc.'; candidate=""Оновлення (нуун): дія з створення комп' ютера, комп' ютерної системи тощо. Більш потужного і ефективного комп' ютера; потужнішого і ефективнішого комп' ютера, комп' ютерної системи тощо.""; reverse='Update (nuun): A computer, a computer system, & etc;). A more powerful and efficient computer; a more powerful and efficient computer, a computer system, & etc;'; lexical=0.079; candidate_definition_similarity=0.757; reverse_definition_similarity=0.541; semantic=0.757."
ox5000-3d60b590a346562cd040	upgrade	verb	C1	https://www.oxfordlearnersdictionaries.com/us/definition/english/upgrade_1	/us/definition/english/upgrade_1	to make a machine, computer system, etc. more powerful and efficient; to start using a new and better version of a machine, system, etc.	оновити	en_wiktionary_matching_pos_uk_translation	"en_wiktionary_matching_pos_uk_translation=>'оновити';reverse='update';lex=0.615;candDef=0.120;revDef=0.082;decision=BLOCKED:candidate/reverse meaning does not align with exact Oxford definition (0.120) || Helsinki-NLP/opus-mt-en-uk_contextual_definition_candidate=>""update (verboard): щоб створити комп' ютер, комп' ютерну систему тощо. Більш потужну і ефективну; щоб розпочати роботу з новою і кращою версією комп' ютера, системи тощо."";reverse='update (verbboard): to create a computer, a computer system, etc. More powerful and efficient; to start working with a new and better version of the computer, system, etc.';lex=0.000;candDef=0.657;revDef=0.671;decision=BLOCKED:Latin-language residue remains || Helsinki-NLP/opus-mt-en-uk_surface_candidate=>'Оновлення';reverse='Update';lex=0.000;candDef=0.140;revDef=0.085;decision=BLOCKED:verb candidate is not an appropriate Ukrainian infinitive/verb phrase"	BLOCKED: candidate/reverse meaning does not align with exact Oxford definition (0.120); method=en_wiktionary_matching_pos_uk_translation; exact Oxford definition='to make a machine, computer system, etc. more powerful and efficient; to start using a new and better version of a machine, system, etc.'; candidate='оновити'; reverse='update'; lexical=0.615; candidate_definition_similarity=0.120; reverse_definition_similarity=0.082; semantic=0.120.
ox5000-48d7737ea24a48e9d6b1	utility	noun	C1	https://www.oxfordlearnersdictionaries.com/us/definition/english/utility_1	/us/definition/english/utility_1	a service provided for the public, for example an electricity, water or gas supply	інструмент (нуун): служба, яка забезпечує публіку, наприклад, електроенергія, водопостачання або газовий запас.	Helsinki-NLP/opus-mt-en-uk_contextual_definition_candidate	Helsinki-NLP/opus-mt-en-uk_contextual_definition_candidate=>'інструмент (нуун): служба, яка забезпечує публіку, наприклад, електроенергія, водопостачання або газовий запас.';reverse='tool (nuun): A service that provides public services such as electricity, water, or gas.';lex=0.157;candDef=0.866;revDef=0.612;decision=BLOCKED:low reverse lexical agreement 0.157 || Helsinki-NLP/opus-mt-en-uk_surface_candidate=>'інструмент';reverse='tool';lex=0.364;candDef=0.212;revDef=0.233;decision=BLOCKED:candidate/reverse meaning does not align with exact Oxford definition (0.233)	BLOCKED: low reverse lexical agreement 0.157; method=Helsinki-NLP/opus-mt-en-uk_contextual_definition_candidate; exact Oxford definition='a service provided for the public, for example an electricity, water or gas supply'; candidate='інструмент (нуун): служба, яка забезпечує публіку, наприклад, електроенергія, водопостачання або газовий запас.'; reverse='tool (nuun): A service that provides public services such as electricity, water, or gas.'; lexical=0.157; candidate_definition_similarity=0.866; reverse_definition_similarity=0.612; semantic=0.866.
ox5000-70d2e3907f919877957a	utilize	verb	C1	https://www.oxfordlearnersdictionaries.com/us/definition/english/utilize	/us/definition/english/utilize	to use something, especially for a practical purpose	використовувати (клацання): використовувати щось, особливо з практичною метою	Helsinki-NLP/opus-mt-en-uk_contextual_definition_candidate	Helsinki-NLP/opus-mt-en-uk_contextual_definition_candidate=>'використовувати (клацання): використовувати щось, особливо з практичною метою';reverse='use (click): use something, especially for practical purposes';lex=0.156;candDef=0.843;revDef=0.687;decision=BLOCKED:low reverse lexical agreement 0.156 || Helsinki-NLP/opus-mt-en-uk_surface_candidate=>'applications';reverse='applications';lex=0.000;candDef=0.417;revDef=0.417;decision=BLOCKED:English/source-language residue or model artifact	BLOCKED: low reverse lexical agreement 0.156; method=Helsinki-NLP/opus-mt-en-uk_contextual_definition_candidate; exact Oxford definition='to use something, especially for a practical purpose'; candidate='використовувати (клацання): використовувати щось, особливо з практичною метою'; reverse='use (click): use something, especially for practical purposes'; lexical=0.156; candidate_definition_similarity=0.843; reverse_definition_similarity=0.687; semantic=0.843.
ox5000-b6451053f7b0c44aee73	vanish	verb	C1	https://www.oxfordlearnersdictionaries.com/us/definition/english/vanish	/us/definition/english/vanish	to disappear suddenly and/or in a way that you cannot explain	зника́ти	en_wiktionary_matching_pos_uk_translation	"en_wiktionary_matching_pos_uk_translation=>'зника́ти';reverse='"" Let go ""';lex=0.000;candDef=0.506;revDef=0.434;decision=BLOCKED:low reverse lexical agreement 0.000 || Helsinki-NLP/opus-mt-en-uk_contextual_definition_candidate=>'зникає (вербло): раптово зникне і/ або, у спосіб, який ви не можете пояснити';reverse='goes away (verb): Suddenly both/ or, in a way that you cannot explain';lex=0.000;candDef=0.813;revDef=0.662;decision=BLOCKED:verb candidate is not an appropriate Ukrainian infinitive/verb phrase || Helsinki-NLP/opus-mt-en-uk_surface_candidate=>'зникає';reverse='disappearing';lex=0.000;candDef=0.646;revDef=0.667;decision=BLOCKED:verb candidate is not an appropriate Ukrainian infinitive/verb phrase"	"BLOCKED: low reverse lexical agreement 0.000; method=en_wiktionary_matching_pos_uk_translation; exact Oxford definition='to disappear suddenly and/or in a way that you cannot explain'; candidate='зника́ти'; reverse='"" Let go ""'; lexical=0.000; candidate_definition_similarity=0.506; reverse_definition_similarity=0.434; semantic=0.506."
ox5000-884db0a3021eb9703686	varied	adjective	C1	https://www.oxfordlearnersdictionaries.com/us/definition/english/varied	/us/definition/english/varied	of many different types	Різноманітні (примітки): різних типів	Helsinki-NLP/opus-mt-en-uk_contextual_definition_candidate	Helsinki-NLP/opus-mt-en-uk_contextual_definition_candidate=>'Різноманітні (примітки): різних типів';reverse='Miscellaneous (notes): different types';lex=0.146;candDef=0.870;revDef=0.751;decision=BLOCKED:low reverse lexical agreement 0.146 || Helsinki-NLP/opus-mt-en-uk_surface_candidate=>'Різноманітність';reverse='Variedity';lex=0.000;candDef=0.360;revDef=0.672;decision=BLOCKED:adjective candidate has no plausible Ukrainian adjective morphology	BLOCKED: low reverse lexical agreement 0.146; method=Helsinki-NLP/opus-mt-en-uk_contextual_definition_candidate; exact Oxford definition='of many different types'; candidate='Різноманітні (примітки): різних типів'; reverse='Miscellaneous (notes): different types'; lexical=0.146; candidate_definition_similarity=0.870; reverse_definition_similarity=0.751; semantic=0.870.
ox5000-ead1e6c209960fbc9a63	venture	noun	C1	https://www.oxfordlearnersdictionaries.com/us/definition/english/venture_1	/us/definition/english/venture_1	a business project or activity, especially one that involves taking risks	підприє́мство	en_wiktionary_matching_pos_uk_translation	"en_wiktionary_matching_pos_uk_translation=>'авантю́ра';reverse=""adventurer's"";lex=1.000;candDef=0.223;revDef=0.316;decision=BLOCKED:candidate/reverse meaning does not align with exact Oxford definition (0.316) || en_wiktionary_matching_pos_uk_translation=>'підприє́мство';reverse='Substitution';lex=0.211;candDef=0.404;revDef=0.040;decision=BLOCKED:low reverse lexical agreement 0.211 || Helsinki-NLP/opus-mt-en-uk_contextual_definition_candidate=>""inurance (noun): бізнес- проект або діяльність, особливо робота, яка пов' язана з ризиками"";reverse='entry (noun): Business project or activity, especially risk related work';lex=0.000;candDef=0.751;revDef=0.775;decision=BLOCKED:Latin-language residue remains || Helsinki-NLP/opus-mt-en-uk_surface_candidate=>'invalid';reverse='invalid';lex=0.000;candDef=0.113;revDef=0.113;decision=BLOCKED:English/source-language residue or model artifact"	BLOCKED: low reverse lexical agreement 0.211; method=en_wiktionary_matching_pos_uk_translation; exact Oxford definition='a business project or activity, especially one that involves taking risks'; candidate='підприє́мство'; reverse='Substitution'; lexical=0.211; candidate_definition_similarity=0.404; reverse_definition_similarity=0.040; semantic=0.404.
ox5000-c4a906d99fd676e40339	venture	verb	C1	https://www.oxfordlearnersdictionaries.com/us/definition/english/venture_2	/us/definition/english/venture_2	to go somewhere even though you know that it might be dangerous or unpleasant	(версія): піти кудись, хоча ви знаєте, що це може бути небезпечно або неприємно	Helsinki-NLP/opus-mt-en-uk_contextual_definition_candidate	Helsinki-NLP/opus-mt-en-uk_contextual_definition_candidate=>'(версія): піти кудись, хоча ви знаєте, що це може бути небезпечно або неприємно';reverse='(version) going somewhere, even though you know it could be dangerous or unpleasant.';lex=0.000;candDef=0.858;revDef=0.846;decision=BLOCKED:verb candidate is not an appropriate Ukrainian infinitive/verb phrase || Helsinki-NLP/opus-mt-en-uk_surface_candidate=>'invalid';reverse='invalid';lex=0.000;candDef=-0.004;revDef=-0.004;decision=BLOCKED:English/source-language residue or model artifact	BLOCKED: verb candidate is not an appropriate Ukrainian infinitive/verb phrase; method=Helsinki-NLP/opus-mt-en-uk_contextual_definition_candidate; exact Oxford definition='to go somewhere even though you know that it might be dangerous or unpleasant'; candidate='(версія): піти кудись, хоча ви знаєте, що це може бути небезпечно або неприємно'; reverse='(version) going somewhere, even though you know it could be dangerous or unpleasant.'; lexical=0.000; candidate_definition_similarity=0.858; reverse_definition_similarity=0.846; semantic=0.000.
ox5000-00204dee3aa7d984c985	verify	verb	C1	https://www.oxfordlearnersdictionaries.com/us/definition/english/verify	/us/definition/english/verify	to check that something is true or accurate	перевірити	Helsinki-NLP/opus-mt-en-uk_surface_candidate	en_wiktionary_matching_pos_uk_translation=>'підтве́рджувати';reverse='pick up';lex=0.154;candDef=0.269;revDef=0.166;decision=BLOCKED:low reverse lexical agreement 0.154 || en_wiktionary_matching_pos_uk_translation=>'підтве́рдити';reverse='pick up';lex=0.154;candDef=0.252;revDef=0.166;decision=BLOCKED:low reverse lexical agreement 0.154 || en_wiktionary_matching_pos_uk_translation=>'засві́дчувати';reverse='Announcing';lex=0.125;candDef=0.298;revDef=0.166;decision=BLOCKED:low reverse lexical agreement 0.125 || en_wiktionary_matching_pos_uk_translation=>'засві́дчити';reverse='Worried';lex=0.308;candDef=0.275;revDef=0.061;decision=BLOCKED:candidate/reverse meaning does not align with exact Oxford definition (0.275) || Helsinki-NLP/opus-mt-en-uk_contextual_definition_candidate=>'check (verb): щоб перевірити чи щось є істинним або точним';reverse='check (verb): to check if something is true or accurate';lex=0.000;candDef=0.840;revDef=0.900;decision=BLOCKED:Latin-language residue remains || Helsinki-NLP/opus-mt-en-uk_surface_candidate=>'перевірити';reverse='test';lex=0.200;candDef=0.589;revDef=0.472;decision=BLOCKED:low reverse lexical agreement 0.200	BLOCKED: low reverse lexical agreement 0.200; method=Helsinki-NLP/opus-mt-en-uk_surface_candidate; exact Oxford definition='to check that something is true or accurate'; candidate='перевірити'; reverse='test'; lexical=0.200; candidate_definition_similarity=0.589; reverse_definition_similarity=0.472; semantic=0.589.
ox5000-6aea81a74e4cb4122b29	vibrant	adjective	C1	https://www.oxfordlearnersdictionaries.com/us/definition/english/vibrant	/us/definition/english/vibrant	full of life and energy	живий (прикметник): повний життя та енергії	Helsinki-NLP/opus-mt-en-uk_contextual_definition_candidate	Helsinki-NLP/opus-mt-en-uk_contextual_definition_candidate=>'живий (прикметник): повний життя та енергії';reverse='alive: full life and energy';lex=0.242;candDef=0.897;revDef=0.912;decision=BLOCKED:low reverse lexical agreement 0.242 || Helsinki-NLP/opus-mt-en-uk_surface_candidate=>'жвавий';reverse='fast';lex=0.364;candDef=0.356;revDef=0.322;decision=BLOCKED:candidate/reverse meaning does not align with exact Oxford definition (0.356)	BLOCKED: low reverse lexical agreement 0.242; method=Helsinki-NLP/opus-mt-en-uk_contextual_definition_candidate; exact Oxford definition='full of life and energy'; candidate='живий (прикметник): повний життя та енергії'; reverse='alive: full life and energy'; lexical=0.242; candidate_definition_similarity=0.897; reverse_definition_similarity=0.912; semantic=0.912.
ox5000-6791fac69a8e0c0a1fbc	violate	verb	C1	https://www.oxfordlearnersdictionaries.com/us/definition/english/violate	/us/definition/english/violate	to go against or refuse to obey a law, an agreement, etc.	гвалтува́ти	en_wiktionary_matching_pos_uk_translation	"en_wiktionary_matching_pos_uk_translation=>'пору́шувати';reverse='detribut';lex=0.267;candDef=0.223;revDef=0.135;decision=BLOCKED:low reverse lexical agreement 0.267 || en_wiktionary_matching_pos_uk_translation=>'пору́шити';reverse='break';lex=0.167;candDef=0.251;revDef=0.114;decision=BLOCKED:low reverse lexical agreement 0.167 || en_wiktionary_matching_pos_uk_translation=>'гвалтува́ти';reverse='rapetas';lex=0.286;candDef=0.254;revDef=0.117;decision=BLOCKED:candidate/reverse meaning does not align with exact Oxford definition (0.254) || Helsinki-NLP/opus-mt-en-uk_contextual_definition_candidate=>""порушення ( прислів'я): іти проти або відмовлятися підкорятися закону, угоді тощо."";reverse='a violation (a proverb): going against or refusing to obey the law, covenant, and so forth.';lex=0.000;candDef=0.839;revDef=0.739;decision=BLOCKED:verb candidate is not an appropriate Ukrainian infinitive/verb phrase || Helsinki-NLP/opus-mt-en-uk_surface_candidate=>'break';reverse='break';lex=0.000;candDef=0.114;revDef=0.114;decision=BLOCKED:English/source-language residue or model artifact"	BLOCKED: candidate/reverse meaning does not align with exact Oxford definition (0.254); method=en_wiktionary_matching_pos_uk_translation; exact Oxford definition='to go against or refuse to obey a law, an agreement, etc.'; candidate='гвалтува́ти'; reverse='rapetas'; lexical=0.286; candidate_definition_similarity=0.254; reverse_definition_similarity=0.117; semantic=0.254.
ox5000-4aeb806a56db651cb840	vocal	adjective	C1	https://www.oxfordlearnersdictionaries.com/us/definition/english/vocal_1	/us/definition/english/vocal_1	connected with the voice	голосовий	Helsinki-NLP/opus-mt-en-uk_surface_candidate	"en_wiktionary_matching_pos_uk_translation=>'вока́льний';reverse='lupus';lex=0.200;candDef=0.571;revDef=0.047;decision=BLOCKED:low reverse lexical agreement 0.200 || en_wiktionary_matching_pos_uk_translation=>'голосови́й';reverse='voice';lex=0.000;candDef=0.628;revDef=0.807;decision=BLOCKED:adjective candidate has no plausible Ukrainian adjective morphology || Helsinki-NLP/opus-mt-en-uk_contextual_definition_candidate=>""sound (підтекст): з' єднано з голосом"";reverse='sound (subtext): connected to voice';lex=0.000;candDef=0.823;revDef=0.757;decision=BLOCKED:Latin-language residue remains || Helsinki-NLP/opus-mt-en-uk_surface_candidate=>'голосовий';reverse='loud';lex=0.222;candDef=0.753;revDef=0.513;decision=BLOCKED:low reverse lexical agreement 0.222"	BLOCKED: low reverse lexical agreement 0.222; method=Helsinki-NLP/opus-mt-en-uk_surface_candidate; exact Oxford definition='connected with the voice'; candidate='голосовий'; reverse='loud'; lexical=0.222; candidate_definition_similarity=0.753; reverse_definition_similarity=0.513; semantic=0.753.
ox5000-f0b43c80674358bf7398	voluntary	adjective	B2	https://www.oxfordlearnersdictionaries.com/us/definition/english/voluntary_1	/us/definition/english/voluntary_1	done willingly, not because you are forced	Добровільне (принципне): зроблено добровільно, а не тому, що вас змушують	Helsinki-NLP/opus-mt-en-uk_contextual_definition_candidate	"en_wiktionary_matching_pos_uk_translation=>'доброві́льний';reverse='kind';lex=0.154;candDef=0.301;revDef=0.096;decision=BLOCKED:low reverse lexical agreement 0.154 || Helsinki-NLP/opus-mt-en-uk_contextual_definition_candidate=>'Добровільне (принципне): зроблено добровільно, а не тому, що вас змушують';reverse=""Volunteer: made voluntarily, not because you're being forced"";lex=0.269;candDef=0.634;revDef=0.574;decision=BLOCKED:low reverse lexical agreement 0.269 || Helsinki-NLP/opus-mt-en-uk_surface_candidate=>'добровільно';reverse='Free';lex=0.000;candDef=0.434;revDef=0.133;decision=BLOCKED:adjective candidate has no plausible Ukrainian adjective morphology"	"BLOCKED: low reverse lexical agreement 0.269; method=Helsinki-NLP/opus-mt-en-uk_contextual_definition_candidate; exact Oxford definition='done willingly, not because you are forced'; candidate='Добровільне (принципне): зроблено добровільно, а не тому, що вас змушують'; reverse=""Volunteer: made voluntarily, not because you're being forced""; lexical=0.269; candidate_definition_similarity=0.634; reverse_definition_similarity=0.574; semantic=0.634."
ox5000-18b3037108db5178098c	vow	verb	C1	https://www.oxfordlearnersdictionaries.com/us/definition/english/vow_1	/us/definition/english/vow_1	to make a formal and serious promise to do something or a formal statement that is true	кля́стися	en_wiktionary_matching_pos_uk_translation	"en_wiktionary_matching_pos_uk_translation=>'кля́стися';reverse='swear';lex=0.250;candDef=0.329;revDef=0.397;decision=BLOCKED:low reverse lexical agreement 0.250 || en_wiktionary_matching_pos_uk_translation=>'клясти́ся';reverse='swear.';lex=0.000;candDef=0.329;revDef=0.424;decision=BLOCKED:verb candidate is not an appropriate Ukrainian infinitive/verb phrase || Helsinki-NLP/opus-mt-en-uk_contextual_definition_candidate=>""Обітниця ( прислів'я): урочисто і серйозно пообіцяти зробити щось або формальне твердження, яке є правдивим"";reverse='A promise: solemnly and gravely promise to make something or a formal statement that is true';lex=0.000;candDef=0.900;revDef=0.917;decision=BLOCKED:verb candidate is not an appropriate Ukrainian infinitive/verb phrase || Helsinki-NLP/opus-mt-en-uk_surface_candidate=>'клятва';reverse='oath';lex=0.000;candDef=0.273;revDef=0.362;decision=BLOCKED:verb candidate is not an appropriate Ukrainian infinitive/verb phrase"	BLOCKED: low reverse lexical agreement 0.250; method=en_wiktionary_matching_pos_uk_translation; exact Oxford definition='to make a formal and serious promise to do something or a formal statement that is true'; candidate='кля́стися'; reverse='swear'; lexical=0.250; candidate_definition_similarity=0.329; reverse_definition_similarity=0.397; semantic=0.397.
ox5000-12e52edf213e46dde87f	ward	noun	C1	https://www.oxfordlearnersdictionaries.com/us/definition/english/ward_1	/us/definition/english/ward_1	a separate room or area in a hospital for people with the same type of medical condition	палата (нуун): окрема кімната або район у лікарні для людей з таким самим станом здоров'я.	Helsinki-NLP/opus-mt-en-uk_contextual_definition_candidate	"Helsinki-NLP/opus-mt-en-uk_contextual_definition_candidate=>""палата (нуун): окрема кімната або район у лікарні для людей з таким самим станом здоров'я."";reverse='Chamber (nuun): A separate room or area in a hospital for people with the same health condition.';lex=0.062;candDef=0.904;revDef=0.814;decision=BLOCKED:low reverse lexical agreement 0.062 || Helsinki-NLP/opus-mt-en-uk_surface_candidate=>'pare';reverse='pare';lex=0.000;candDef=0.116;revDef=0.116;decision=BLOCKED:candidate is not predominantly Ukrainian"	"BLOCKED: low reverse lexical agreement 0.062; method=Helsinki-NLP/opus-mt-en-uk_contextual_definition_candidate; exact Oxford definition='a separate room or area in a hospital for people with the same type of medical condition'; candidate=""палата (нуун): окрема кімната або район у лікарні для людей з таким самим станом здоров'я.""; reverse='Chamber (nuun): A separate room or area in a hospital for people with the same health condition.'; lexical=0.062; candidate_definition_similarity=0.904; reverse_definition_similarity=0.814; semantic=0.904."
ox5000-705f1a27b761df9f1e69	warehouse	noun	C1	https://www.oxfordlearnersdictionaries.com/us/definition/english/warehouse	/us/definition/english/warehouse	a building where large quantities of goods are stored, especially before they are sent to shops to be sold	Склад (нуун): будинок, де зберігається велика кількість товарів, особливо перед тим, як їх відправляють на продаж у магазини.	Helsinki-NLP/opus-mt-en-uk_contextual_definition_candidate	en_wiktionary_matching_pos_uk_translation=>'склад';reverse='syllable';lex=0.235;candDef=0.501;revDef=-0.049;decision=BLOCKED:low reverse lexical agreement 0.235 || en_wiktionary_matching_pos_uk_translation=>'схо́вище';reverse='A Responsibility';lex=0.400;candDef=0.353;revDef=0.158;decision=BLOCKED:candidate/reverse meaning does not align with exact Oxford definition (0.353) || en_wiktionary_matching_pos_uk_translation=>'амба́р';reverse='ambár';lex=0.286;candDef=0.202;revDef=0.095;decision=BLOCKED:candidate/reverse meaning does not align with exact Oxford definition (0.202) || en_wiktionary_matching_pos_uk_translation=>'пакга́уз';reverse='pa·gaʹuse';lex=0.444;candDef=0.222;revDef=0.149;decision=BLOCKED:candidate/reverse meaning does not align with exact Oxford definition (0.222) || Helsinki-NLP/opus-mt-en-uk_contextual_definition_candidate=>'Склад (нуун): будинок, де зберігається велика кількість товарів, особливо перед тим, як їх відправляють на продаж у магазини.';reverse='Syllable: A house containing large quantities of goods, especially before being sent to the store.';lex=0.135;candDef=0.835;revDef=0.499;decision=BLOCKED:low reverse lexical agreement 0.135	BLOCKED: low reverse lexical agreement 0.135; method=Helsinki-NLP/opus-mt-en-uk_contextual_definition_candidate; exact Oxford definition='a building where large quantities of goods are stored, especially before they are sent to shops to be sold'; candidate='Склад (нуун): будинок, де зберігається велика кількість товарів, особливо перед тим, як їх відправляють на продаж у магазини.'; reverse='Syllable: A house containing large quantities of goods, especially before being sent to the store.'; lexical=0.135; candidate_definition_similarity=0.835; reverse_definition_similarity=0.499; semantic=0.835.
ox5000-00e1a806d10fa572f24a	warrant	verb	C1	https://www.oxfordlearnersdictionaries.com/us/definition/english/warrant_2	/us/definition/english/warrant_2	to make something necessary or appropriate in a particular situation	гарантія (клацання): зробити щось необхідним або відповідним у певній ситуації	Helsinki-NLP/opus-mt-en-uk_contextual_definition_candidate	Helsinki-NLP/opus-mt-en-uk_contextual_definition_candidate=>'гарантія (клацання): зробити щось необхідним або відповідним у певній ситуації';reverse='guarantee (click) to do something necessary or appropriate in a particular situation';lex=0.000;candDef=0.745;revDef=0.652;decision=BLOCKED:verb candidate is not an appropriate Ukrainian infinitive/verb phrase || Helsinki-NLP/opus-mt-en-uk_surface_candidate=>'ордер';reverse='warrant';lex=0.000;candDef=0.252;revDef=0.177;decision=BLOCKED:verb candidate is not an appropriate Ukrainian infinitive/verb phrase	BLOCKED: verb candidate is not an appropriate Ukrainian infinitive/verb phrase; method=Helsinki-NLP/opus-mt-en-uk_contextual_definition_candidate; exact Oxford definition='to make something necessary or appropriate in a particular situation'; candidate='гарантія (клацання): зробити щось необхідним або відповідним у певній ситуації'; reverse='guarantee (click) to do something necessary or appropriate in a particular situation'; lexical=0.000; candidate_definition_similarity=0.745; reverse_definition_similarity=0.652; semantic=0.000.
ox5000-f662904e395de55b38b4	weave	verb	C1	https://www.oxfordlearnersdictionaries.com/us/definition/english/weave_1	/us/definition/english/weave_1	to make cloth, a carpet, a basket , etc. by crossing threads or narrow pieces of material across, over and under each other by hand or on a machine called a loom	плести	Helsinki-NLP/opus-mt-en-uk_surface_candidate	en_wiktionary_matching_pos_uk_translation=>'тка́ти';reverse='tentacles';lex=0.429;candDef=0.279;revDef=0.193;decision=BLOCKED:candidate/reverse meaning does not align with exact Oxford definition (0.279) || en_wiktionary_matching_pos_uk_translation=>'плести́';reverse='plesti';lex=0.000;candDef=0.367;revDef=0.146;decision=BLOCKED:verb candidate is not an appropriate Ukrainian infinitive/verb phrase || Helsinki-NLP/opus-mt-en-uk_contextual_definition_candidate=>'Тканина (верф): виготовлення тканини, килима, кошика тощо, перетинаючи нитки або вузькі шматочки матеріалу через інший бік, вручну або на машині, яка називається boom.';reverse='Trenine: Making cloth, carpet, basket, etc., crossing threads or narrow pieces of material across the other side, either by hand or by a machine called boom.';lex=0.000;candDef=0.735;revDef=0.734;decision=BLOCKED:Latin-language residue remains || Helsinki-NLP/opus-mt-en-uk_surface_candidate=>'плести';reverse='Melting';lex=0.167;candDef=0.383;revDef=0.071;decision=BLOCKED:low reverse lexical agreement 0.167	BLOCKED: low reverse lexical agreement 0.167; method=Helsinki-NLP/opus-mt-en-uk_surface_candidate; exact Oxford definition='to make cloth, a carpet, a basket , etc. by crossing threads or narrow pieces of material across, over and under each other by hand or on a machine called a loom'; candidate='плести'; reverse='Melting'; lexical=0.167; candidate_definition_similarity=0.383; reverse_definition_similarity=0.071; semantic=0.383.
ox5000-541687f5159f48b0e181	welfare	noun	B2	https://www.oxfordlearnersdictionaries.com/us/definition/english/welfare	/us/definition/english/welfare	the general health, happiness and safety of a person, an animal or a group	добробут (нуун): загальне здоров'я, щастя і безпечність особи, тварини або групи	Helsinki-NLP/opus-mt-en-uk_contextual_definition_candidate	"en_wiktionary_matching_pos_uk_translation=>'благополу́ччя';reverse='Praise Jah, you people!';lex=0.214;candDef=0.405;revDef=0.346;decision=BLOCKED:low reverse lexical agreement 0.214 || en_wiktionary_matching_pos_uk_translation=>'добро́бут';reverse='Swimming';lex=0.133;candDef=0.587;revDef=0.111;decision=BLOCKED:low reverse lexical agreement 0.133 || en_wiktionary_matching_pos_uk_translation=>'благоде́нство';reverse='Godly Devotion';lex=0.095;candDef=0.570;revDef=0.301;decision=BLOCKED:low reverse lexical agreement 0.095 || en_wiktionary_matching_pos_uk_translation=>'ща́стя';reverse='happiness';lex=0.125;candDef=0.428;revDef=0.570;decision=BLOCKED:low reverse lexical agreement 0.125 || Helsinki-NLP/opus-mt-en-uk_contextual_definition_candidate=>""добробут (нуун): загальне здоров'я, щастя і безпечність особи, тварини або групи"";reverse='prosperity: general health, happiness and security of persons, animals or groups';lex=0.119;candDef=0.933;revDef=0.875;decision=BLOCKED:low reverse lexical agreement 0.119 || Helsinki-NLP/opus-mt-en-uk_surface_candidate=>'добробут';reverse='prosperity';lex=0.235;candDef=0.612;revDef=0.416;decision=BLOCKED:low reverse lexical agreement 0.235"	"BLOCKED: low reverse lexical agreement 0.119; method=Helsinki-NLP/opus-mt-en-uk_contextual_definition_candidate; exact Oxford definition='the general health, happiness and safety of a person, an animal or a group'; candidate=""добробут (нуун): загальне здоров'я, щастя і безпечність особи, тварини або групи""; reverse='prosperity: general health, happiness and security of persons, animals or groups'; lexical=0.119; candidate_definition_similarity=0.933; reverse_definition_similarity=0.875; semantic=0.933."
ox5000-136d53cda0c01d3d92c3	whatever	adverb	C1	https://www.oxfordlearnersdictionaries.com/us/definition/english/whatever_2	/us/definition/english/whatever_2	not at all; not of any kind	будь- який ( прислівник): зовсім не обов' язково; не будь- якого роду	Helsinki-NLP/opus-mt-en-uk_contextual_definition_candidate	"Helsinki-NLP/opus-mt-en-uk_contextual_definition_candidate=>""будь- який ( прислівник): зовсім не обов' язково; не будь- якого роду"";reverse='any (adverb): absolutely not required; not any kind';lex=0.145;candDef=0.602;revDef=0.646;decision=BLOCKED:low reverse lexical agreement 0.145 || Helsinki-NLP/opus-mt-en-uk_surface_candidate=>'будь- який';reverse='any';lex=0.182;candDef=0.376;revDef=0.415;decision=BLOCKED:low reverse lexical agreement 0.182"	"BLOCKED: low reverse lexical agreement 0.145; method=Helsinki-NLP/opus-mt-en-uk_contextual_definition_candidate; exact Oxford definition='not at all; not of any kind'; candidate=""будь- який ( прислівник): зовсім не обов' язково; не будь- якого роду""; reverse='any (adverb): absolutely not required; not any kind'; lexical=0.145; candidate_definition_similarity=0.602; reverse_definition_similarity=0.646; semantic=0.646."
ox5000-b687b0f57fa5366486ca	whereby	adverb	C1	https://www.oxfordlearnersdictionaries.com/us/definition/english/whereby	/us/definition/english/whereby	by which; because of which	З якого джерела?	Helsinki-NLP/opus-mt-en-uk_surface_candidate	Helsinki-NLP/opus-mt-en-uk_contextual_definition_candidate=>'котрим (вимовник): тим, через що';reverse='to whom the speaker is: to those who through whom it is said,';lex=0.152;candDef=0.384;revDef=0.525;decision=BLOCKED:low reverse lexical agreement 0.152 || Helsinki-NLP/opus-mt-en-uk_surface_candidate=>'З якого джерела?';reverse='From What Source?';lex=0.261;candDef=0.554;revDef=0.509;decision=BLOCKED:low reverse lexical agreement 0.261	BLOCKED: low reverse lexical agreement 0.261; method=Helsinki-NLP/opus-mt-en-uk_surface_candidate; exact Oxford definition='by which; because of which'; candidate='З якого джерела?'; reverse='From What Source?'; lexical=0.261; candidate_definition_similarity=0.554; reverse_definition_similarity=0.509; semantic=0.554.
ox5000-8eb4dc7709c4780bf6a5	whilst	conjunction	C1	https://www.oxfordlearnersdictionaries.com/us/definition/english/whilst	/us/definition/english/whilst	during the time that something is happening; at the same time as something else is happening	Під час з' єднання: протягом того часу, коли щось відбувається; в той же час, коли відбувається щось інше	Helsinki-NLP/opus-mt-en-uk_contextual_definition_candidate	"Helsinki-NLP/opus-mt-en-uk_contextual_definition_candidate=>""Під час з' єднання: протягом того часу, коли щось відбувається; в той же час, коли відбувається щось інше"";reverse='When connected: during the time something happens; while something else happens';lex=0.145;candDef=0.891;revDef=0.769;decision=BLOCKED:low reverse lexical agreement 0.145 || Helsinki-NLP/opus-mt-en-uk_surface_candidate=>'Під час';reverse='During';lex=0.167;candDef=0.619;revDef=0.508;decision=BLOCKED:low reverse lexical agreement 0.167"	"BLOCKED: low reverse lexical agreement 0.145; method=Helsinki-NLP/opus-mt-en-uk_contextual_definition_candidate; exact Oxford definition='during the time that something is happening; at the same time as something else is happening'; candidate=""Під час з' єднання: протягом того часу, коли щось відбувається; в той же час, коли відбувається щось інше""; reverse='When connected: during the time something happens; while something else happens'; lexical=0.145; candidate_definition_similarity=0.891; reverse_definition_similarity=0.769; semantic=0.891."
ox5000-7af578b8eda8386576e3	whip	verb	C1	https://www.oxfordlearnersdictionaries.com/us/definition/english/whip_1	/us/definition/english/whip_1	to hit a person or an animal hard with a whip , as a punishment or to make them go faster or work harder	батог (верф): бити людину або тварину з батогом, як покарання або примушувати їх працювати швидше або важче.	Helsinki-NLP/opus-mt-en-uk_contextual_definition_candidate	Helsinki-NLP/opus-mt-en-uk_contextual_definition_candidate=>'батог (верф): бити людину або тварину з батогом, як покарання або примушувати їх працювати швидше або важче.';reverse='A whip: beat a man or an animal with a whip as punishment or force it to work faster or harder.';lex=0.000;candDef=0.832;revDef=0.873;decision=BLOCKED:verb candidate is not an appropriate Ukrainian infinitive/verb phrase || Helsinki-NLP/opus-mt-en-uk_surface_candidate=>'батг';reverse='whip';lex=0.000;candDef=0.297;revDef=0.598;decision=BLOCKED:verb candidate is not an appropriate Ukrainian infinitive/verb phrase	BLOCKED: verb candidate is not an appropriate Ukrainian infinitive/verb phrase; method=Helsinki-NLP/opus-mt-en-uk_contextual_definition_candidate; exact Oxford definition='to hit a person or an animal hard with a whip , as a punishment or to make them go faster or work harder'; candidate='батог (верф): бити людину або тварину з батогом, як покарання або примушувати їх працювати швидше або важче.'; reverse='A whip: beat a man or an animal with a whip as punishment or force it to work faster or harder.'; lexical=0.000; candidate_definition_similarity=0.832; reverse_definition_similarity=0.873; semantic=0.000.
ox5000-1ad42173d6a47044c4fc	widen	verb	C1	https://www.oxfordlearnersdictionaries.com/us/definition/english/widen	/us/definition/english/widen	to become wider; to make something wider	Розширити (верпинь): стати ширшим; зробити щось ширше	Helsinki-NLP/opus-mt-en-uk_contextual_definition_candidate	Helsinki-NLP/opus-mt-en-uk_contextual_definition_candidate=>'Розширити (верпинь): стати ширшим; зробити щось ширше';reverse='Expand: to become wider; to make something wider';lex=0.196;candDef=0.855;revDef=0.927;decision=BLOCKED:low reverse lexical agreement 0.196 || Helsinki-NLP/opus-mt-en-uk_surface_candidate=>'Розширення';reverse='Extensions';lex=0.000;candDef=0.611;revDef=0.332;decision=BLOCKED:verb candidate is not an appropriate Ukrainian infinitive/verb phrase	BLOCKED: low reverse lexical agreement 0.196; method=Helsinki-NLP/opus-mt-en-uk_contextual_definition_candidate; exact Oxford definition='to become wider; to make something wider'; candidate='Розширити (верпинь): стати ширшим; зробити щось ширше'; reverse='Expand: to become wider; to make something wider'; lexical=0.196; candidate_definition_similarity=0.855; reverse_definition_similarity=0.927; semantic=0.927.
ox5000-4a0d80cb3aee1630ef88	withdraw	verb	B2	https://www.oxfordlearnersdictionaries.com/us/definition/english/withdraw	/us/definition/english/withdraw	to take money out of a bank account	remove (verb): щоб взяти гроші з банківського рахунка	Helsinki-NLP/opus-mt-en-uk_contextual_definition_candidate	Helsinki-NLP/opus-mt-en-uk_contextual_definition_candidate=>'remove (verb): щоб взяти гроші з банківського рахунка';reverse='remove (verb): to take money from a bank account';lex=0.000;candDef=0.772;revDef=0.835;decision=BLOCKED:Latin-language residue remains || Helsinki-NLP/opus-mt-en-uk_surface_candidate=>'remove';reverse='remove';lex=0.000;candDef=0.258;revDef=0.258;decision=BLOCKED:candidate is not predominantly Ukrainian	BLOCKED: Latin-language residue remains; method=Helsinki-NLP/opus-mt-en-uk_contextual_definition_candidate; exact Oxford definition='to take money out of a bank account'; candidate='remove (verb): щоб взяти гроші з банківського рахунка'; reverse='remove (verb): to take money from a bank account'; lexical=0.000; candidate_definition_similarity=0.772; reverse_definition_similarity=0.835; semantic=0.000.
ox5000-b500ac68bf72138c5bbf	withdrawal	noun	C1	https://www.oxfordlearnersdictionaries.com/us/definition/english/withdrawal	/us/definition/english/withdrawal	the act of taking an amount of money out of your bank account	Звільнення (ніун): дія з отримання суми грошей з вашого банківського рахунку	Helsinki-NLP/opus-mt-en-uk_contextual_definition_candidate	Helsinki-NLP/opus-mt-en-uk_contextual_definition_candidate=>'Звільнення (ніун): дія з отримання суми грошей з вашого банківського рахунку';reverse='Free (Neun): Getting money from your bank';lex=0.125;candDef=0.848;revDef=0.623;decision=BLOCKED:low reverse lexical agreement 0.125 || Helsinki-NLP/opus-mt-en-uk_surface_candidate=>'Викинути';reverse='Kick';lex=0.000;candDef=0.363;revDef=0.116;decision=BLOCKED:noun candidate is an infinitive/verb form	BLOCKED: low reverse lexical agreement 0.125; method=Helsinki-NLP/opus-mt-en-uk_contextual_definition_candidate; exact Oxford definition='the act of taking an amount of money out of your bank account'; candidate='Звільнення (ніун): дія з отримання суми грошей з вашого банківського рахунку'; reverse='Free (Neun): Getting money from your bank'; lexical=0.125; candidate_definition_similarity=0.848; reverse_definition_similarity=0.623; semantic=0.848.
ox5000-c4df7b62298c6a0e1e19	workout	noun	C1	https://www.oxfordlearnersdictionaries.com/us/definition/english/workout	/us/definition/english/workout	a period of physical exercise that you do to keep fit	вправа (ноун): період фізичних вправ, які ви робите для того, щоб бути відповідною	Helsinki-NLP/opus-mt-en-uk_contextual_definition_candidate	Helsinki-NLP/opus-mt-en-uk_contextual_definition_candidate=>'вправа (ноун): період фізичних вправ, які ви робите для того, щоб бути відповідною';reverse='exercise (noun): the period of exercise you do to be appropriate';lex=0.118;candDef=0.882;revDef=0.749;decision=BLOCKED:low reverse lexical agreement 0.118 || Helsinki-NLP/opus-mt-en-uk_surface_candidate=>'successful message after an user action';reverse='access';lex=0.000;candDef=0.084;revDef=-0.099;decision=BLOCKED:English/source-language residue or model artifact	BLOCKED: low reverse lexical agreement 0.118; method=Helsinki-NLP/opus-mt-en-uk_contextual_definition_candidate; exact Oxford definition='a period of physical exercise that you do to keep fit'; candidate='вправа (ноун): період фізичних вправ, які ви робите для того, щоб бути відповідною'; reverse='exercise (noun): the period of exercise you do to be appropriate'; lexical=0.118; candidate_definition_similarity=0.882; reverse_definition_similarity=0.749; semantic=0.882.
ox5000-facbf2da8bf54e09d106	worship	verb	C1	https://www.oxfordlearnersdictionaries.com/us/definition/english/worship_2	/us/definition/english/worship_2	to show respect for God or a god, especially by saying prayers, singing, etc. with other people in a religious building	поклоніння ( прислів'я): виявляти повагу до Бога або бога, особливо коли молиться, співає тощо з іншими людьми в релігійній споруді.	Helsinki-NLP/opus-mt-en-uk_contextual_definition_candidate	"Helsinki-NLP/opus-mt-en-uk_contextual_definition_candidate=>""поклоніння ( прислів'я): виявляти повагу до Бога або бога, особливо коли молиться, співає тощо з іншими людьми в релігійній споруді."";reverse='worship (a proverb): Show respect for God or for a god, especially when praying, singing, and so forth, with others in a religious building.';lex=0.000;candDef=0.838;revDef=0.833;decision=BLOCKED:verb candidate is not an appropriate Ukrainian infinitive/verb phrase || Helsinki-NLP/opus-mt-en-uk_surface_candidate=>'поклоніння';reverse='Worship';lex=0.000;candDef=0.651;revDef=0.631;decision=BLOCKED:verb candidate is not an appropriate Ukrainian infinitive/verb phrase"	"BLOCKED: verb candidate is not an appropriate Ukrainian infinitive/verb phrase; method=Helsinki-NLP/opus-mt-en-uk_contextual_definition_candidate; exact Oxford definition='to show respect for God or a god, especially by saying prayers, singing, etc. with other people in a religious building'; candidate=""поклоніння ( прислів'я): виявляти повагу до Бога або бога, особливо коли молиться, співає тощо з іншими людьми в релігійній споруді.""; reverse='worship (a proverb): Show respect for God or for a god, especially when praying, singing, and so forth, with others in a religious building.'; lexical=0.000; candidate_definition_similarity=0.838; reverse_definition_similarity=0.833; semantic=0.000."
ox5000-780d6e175fa7df70d661	worthy	adjective	C1	https://www.oxfordlearnersdictionaries.com/us/definition/english/worthy_1	/us/definition/english/worthy_1	having the qualities that deserve somebody/something	достойна (примітка): має риси, які комусь або чомусь варті.	Helsinki-NLP/opus-mt-en-uk_contextual_definition_candidate	Helsinki-NLP/opus-mt-en-uk_contextual_definition_candidate=>'достойна (примітка): має риси, які комусь або чомусь варті.';reverse='Deserving (note): Have qualities that are worth someone or something.';lex=0.141;candDef=0.798;revDef=0.833;decision=BLOCKED:low reverse lexical agreement 0.141 || Helsinki-NLP/opus-mt-en-uk_surface_candidate=>'достойний';reverse='Deserving.';lex=0.133;candDef=0.525;revDef=0.593;decision=BLOCKED:low reverse lexical agreement 0.133	BLOCKED: low reverse lexical agreement 0.141; method=Helsinki-NLP/opus-mt-en-uk_contextual_definition_candidate; exact Oxford definition='having the qualities that deserve somebody/something'; candidate='достойна (примітка): має риси, які комусь або чомусь варті.'; reverse='Deserving (note): Have qualities that are worth someone or something.'; lexical=0.141; candidate_definition_similarity=0.798; reverse_definition_similarity=0.833; semantic=0.833.
ox5000-965201ceb2ed31dc1820	yield	verb	C1	https://www.oxfordlearnersdictionaries.com/us/definition/english/yield_2	/us/definition/english/yield_2	to produce or provide something, for example a profit, result or crop	Прибуток ( прислів' я): створити або надати щось, наприклад, прибуток, результат або обрізати	Helsinki-NLP/opus-mt-en-uk_contextual_definition_candidate	"Helsinki-NLP/opus-mt-en-uk_contextual_definition_candidate=>""Прибуток ( прислів' я): створити або надати щось, наприклад, прибуток, результат або обрізати"";reverse='Income (default): Create or create something like income, result or crop';lex=0.000;candDef=0.790;revDef=0.660;decision=BLOCKED:verb candidate is not an appropriate Ukrainian infinitive/verb phrase || Helsinki-NLP/opus-mt-en-uk_surface_candidate=>'порція';reverse='serving';lex=0.000;candDef=0.195;revDef=0.286;decision=BLOCKED:verb candidate is not an appropriate Ukrainian infinitive/verb phrase"	"BLOCKED: verb candidate is not an appropriate Ukrainian infinitive/verb phrase; method=Helsinki-NLP/opus-mt-en-uk_contextual_definition_candidate; exact Oxford definition='to produce or provide something, for example a profit, result or crop'; candidate=""Прибуток ( прислів' я): створити або надати щось, наприклад, прибуток, результат або обрізати""; reverse='Income (default): Create or create something like income, result or crop'; lexical=0.000; candidate_definition_similarity=0.790; reverse_definition_similarity=0.660; semantic=0.000."
