data_factory_run_id	entry_id	source	part_of_speech	level	official_source	source_check	ukrainian_candidate
MANUAL_EMERGENCY_WORK_20260820_FIRST_PASS_V7_round04	ox5000-6cb94901ee4c66a30fb3	bold	adjective	B2	https://www.oxfordlearnersdictionaries.com/us/definition/english/bold_1	MANUAL_EMERGENCY_WORK V7 exact Oxford identity; source_index=593; definition_path=/us/definition/english/bold_1; exact_definition='brave and confident; not afraid to say what you feel or to take risks'; selected_candidate_method=Helsinki-NLP/opus-mt-en-uk_surface_candidate; sense_source=''; sense_gloss=''; gloss_definition_similarity=1.000; morphology='V6 pymorphy3 uk canonical lemma PASS after Unicode/stress normalization; tag=ADJF,compb masc,nomn; score=1.0000'; surface_mt_never_sole_pass=PASS	жирний
MANUAL_EMERGENCY_WORK_20260820_FIRST_PASS_V7_round04	ox5000-336cd82ab74183c72edd	bombing	noun	B2	https://www.oxfordlearnersdictionaries.com/us/definition/english/bombing	MANUAL_EMERGENCY_WORK V7 exact Oxford identity; source_index=596; definition_path=/us/definition/english/bombing; exact_definition='an occasion when a bomb is dropped or left somewhere; the act of doing this'; selected_candidate_method=en_wiktionary_sense_bound_uk_translation; sense_source='English Wiktionary'; sense_gloss='action of dropping bombs from the air'; gloss_definition_similarity=0.790; morphology='V6 pymorphy3 uk canonical lemma PASS after Unicode/stress normalization; tag=NOUN,inan neut,nomn; score=1.0000'; surface_mt_never_sole_pass=PASS	бомбардування
MANUAL_EMERGENCY_WORK_20260820_FIRST_PASS_V7_round04	ox5000-0324076e988934c9c7ca	booking	noun	B2	https://www.oxfordlearnersdictionaries.com/us/definition/english/booking	MANUAL_EMERGENCY_WORK V7 exact Oxford identity; source_index=602; definition_path=/us/definition/english/booking; exact_definition='an arrangement that you make in advance to buy a ticket to travel somewhere, go to the theatre, etc.'; selected_candidate_method=en_wiktionary_sense_bound_uk_translation; sense_source='English Wiktionary'; sense_gloss='reservation for a service'; gloss_definition_similarity=0.483; morphology='V6 pymorphy3 uk canonical lemma PASS after Unicode/stress normalization; tag=NOUN,inan neut,nomn; score=1.0000'; surface_mt_never_sole_pass=PASS	резервування
MANUAL_EMERGENCY_WORK_20260820_FIRST_PASS_V7_round04	ox5000-00636bc1e91847dc273e	boost	noun	B2	https://www.oxfordlearnersdictionaries.com/us/definition/english/boost_2	MANUAL_EMERGENCY_WORK V7 exact Oxford identity; source_index=604; definition_path=/us/definition/english/boost_2; exact_definition='something that helps or encourages somebody/something'; selected_candidate_method=Helsinki-NLP/opus-mt-en-uk_surface_candidate; sense_source=''; sense_gloss=''; gloss_definition_similarity=1.000; morphology='V6 pymorphy3 uk canonical lemma PASS after Unicode/stress normalization; tag=NOUN,inan neut,nomn; score=1.0000'; surface_mt_never_sole_pass=PASS	підсилення
MANUAL_EMERGENCY_WORK_20260820_FIRST_PASS_V7_round04	ox5000-c0b4a3f25a5eb7edbd5f	boost	verb	B2	https://www.oxfordlearnersdictionaries.com/us/definition/english/boost_1	"MANUAL_EMERGENCY_WORK V7 exact Oxford identity; source_index=605; definition_path=/us/definition/english/boost_1; exact_definition='to make something increase, or become better or more successful'; selected_candidate_method=Helsinki-NLP/opus-mt-en-uk_surface_candidate; sense_source=''; sense_gloss=''; gloss_definition_similarity=1.000; morphology=""V6 pymorphy3 uk has no requested-POS parse for 'Підсилення'""; surface_mt_never_sole_pass=PASS"	Підсилення
MANUAL_EMERGENCY_WORK_20260820_FIRST_PASS_V7_round04	ox5000-1f5a6ea35a13b0e40dd1	bound	adjective	B2	https://www.oxfordlearnersdictionaries.com/us/definition/english/bound_1	MANUAL_EMERGENCY_WORK V7 exact Oxford identity; source_index=621; definition_path=/us/definition/english/bound_1; exact_definition='certain or likely to happen, or to do or be something'; selected_candidate_method=Helsinki-NLP/opus-mt-en-uk_surface_candidate; sense_source=''; sense_gloss=''; gloss_definition_similarity=1.000; morphology='adjective candidate has no plausible Ukrainian adjective morphology'; surface_mt_never_sole_pass=PASS	прив' язаний
MANUAL_EMERGENCY_WORK_20260820_FIRST_PASS_V7_round04	ox5000-f36df4a285a808895f17	brick	noun	B2	https://www.oxfordlearnersdictionaries.com/us/definition/english/brick_1	MANUAL_EMERGENCY_WORK V7 exact Oxford identity; source_index=648; definition_path=/us/definition/english/brick_1; exact_definition='baked clay used for building walls, houses and other buildings; an individual block of this'; selected_candidate_method=en_wiktionary_sense_bound_uk_translation; sense_source='English Wiktionary'; sense_gloss='hardened block used for building'; gloss_definition_similarity=0.604; morphology='V6 pymorphy3 uk canonical lemma PASS after Unicode/stress normalization; tag=NOUN,inan femn,nomn; score=1.0000'; surface_mt_never_sole_pass=PASS	цеглина
MANUAL_EMERGENCY_WORK_20260820_FIRST_PASS_V7_round04	ox5000-c8c42d98d7e616f8064a	briefly	adverb	B2	https://www.oxfordlearnersdictionaries.com/us/definition/english/briefly	MANUAL_EMERGENCY_WORK V7 exact Oxford identity; source_index=652; definition_path=/us/definition/english/briefly; exact_definition='for a short time'; selected_candidate_method=Helsinki-NLP/opus-mt-en-uk_surface_candidate; sense_source=''; sense_gloss=''; gloss_definition_similarity=1.000; morphology='multiword adverb candidate is not an adverbial phrase'; surface_mt_never_sole_pass=PASS	короткий час
MANUAL_EMERGENCY_WORK_20260820_FIRST_PASS_V7_round04	ox5000-a29b52dd76fad8a77358	broadcaster	noun	B2	https://www.oxfordlearnersdictionaries.com/us/definition/english/broadcaster	MANUAL_EMERGENCY_WORK V7 exact Oxford identity; source_index=660; definition_path=/us/definition/english/broadcaster; exact_definition='a person whose job is presenting or talking on television or radio programmes'; selected_candidate_method=en_wiktionary_sense_bound_uk_translation; sense_source='English Wiktionary'; sense_gloss='organization or station that engages in the activity of such broadcasting'; gloss_definition_similarity=0.631; morphology='V6 pymorphy3 uk canonical lemma PASS after Unicode/stress normalization; tag=NOUN,anim masc,nomn; score=1.0000'; surface_mt_never_sole_pass=PASS	мовник
MANUAL_EMERGENCY_WORK_20260820_FIRST_PASS_V7_round04	ox5000-c665d95862829f444fe3	broadly	adverb	B2	https://www.oxfordlearnersdictionaries.com/us/definition/english/broadly	MANUAL_EMERGENCY_WORK V7 exact Oxford identity; source_index=661; definition_path=/us/definition/english/broadly; exact_definition='generally, without considering details'; selected_candidate_method=Helsinki-NLP/opus-mt-en-uk_surface_candidate; sense_source=''; sense_gloss=''; gloss_definition_similarity=1.000; morphology='V6 pymorphy3 uk canonical lemma PASS after Unicode/stress normalization; tag=ADVB,compb; score=1.0000'; surface_mt_never_sole_pass=PASS	широко
MANUAL_EMERGENCY_WORK_20260820_FIRST_PASS_V7_round04	ox5000-7e010b349356a4ff144c	bug	noun	B2	https://www.oxfordlearnersdictionaries.com/us/definition/english/bug_1	MANUAL_EMERGENCY_WORK V7 exact Oxford identity; source_index=675; definition_path=/us/definition/english/bug_1; exact_definition='any small insect'; selected_candidate_method=en_wiktionary_sense_bound_uk_translation; sense_source='English Wiktionary'; sense_gloss='an insect of the order Hemiptera'; gloss_definition_similarity=0.701; morphology='V6 pymorphy3 uk canonical lemma PASS after Unicode/stress normalization; tag=NOUN,anim masc,nomn; score=1.0000'; surface_mt_never_sole_pass=PASS	клоп
MANUAL_EMERGENCY_WORK_20260820_FIRST_PASS_V7_round04	ox5000-bc1029015aec50c2aea1	cabin	noun	B2	https://www.oxfordlearnersdictionaries.com/us/definition/english/cabin	MANUAL_EMERGENCY_WORK V7 exact Oxford identity; source_index=701; definition_path=/us/definition/english/cabin; exact_definition='a small room on a ship in which you live or sleep'; selected_candidate_method=en_wiktionary_sense_bound_uk_translation; sense_source='English Wiktionary'; sense_gloss='small dwelling, especially one made of logs'; gloss_definition_similarity=0.482; morphology='V6 pymorphy3 uk canonical lemma PASS after Unicode/stress normalization; tag=NOUN,inan femn,nomn; score=1.0000'; surface_mt_never_sole_pass=PASS	хатина
MANUAL_EMERGENCY_WORK_20260820_FIRST_PASS_V7_round04	ox5000-b575091301cde0aab47c	canal	noun	B2	https://www.oxfordlearnersdictionaries.com/us/definition/english/canal	MANUAL_EMERGENCY_WORK V7 exact Oxford identity; source_index=722; definition_path=/us/definition/english/canal; exact_definition='a long straight passage dug in the ground and filled with water for boats and ships to travel along; a smaller passage used for carrying water to fields, crops, etc.'; selected_candidate_method=en_wiktionary_sense_bound_uk_translation; sense_source='English Wiktionary'; sense_gloss='artificial waterway'; gloss_definition_similarity=0.560; morphology='V6 pymorphy3 uk canonical lemma PASS after Unicode/stress normalization; tag=NOUN,inan masc,nomn; score=1.0000'; surface_mt_never_sole_pass=PASS	канал
MANUAL_EMERGENCY_WORK_20260820_FIRST_PASS_V7_round04	ox5000-6c90d20f57eaa3951076	candle	noun	B2	https://www.oxfordlearnersdictionaries.com/us/definition/english/candle	MANUAL_EMERGENCY_WORK V7 exact Oxford identity; source_index=726; definition_path=/us/definition/english/candle; exact_definition='a round stick of wax with a piece of string (called a wick ) through the middle that is lit to give light as it burns'; selected_candidate_method=en_wiktionary_sense_bound_uk_translation; sense_source='English Wiktionary'; sense_gloss='a light source'; gloss_definition_similarity=0.477; morphology='V6 pymorphy3 uk canonical lemma PASS after Unicode/stress normalization; tag=NOUN,inan femn,nomn; score=1.0000'; surface_mt_never_sole_pass=PASS	свічка
MANUAL_EMERGENCY_WORK_20260820_FIRST_PASS_V7_round04	ox5000-aadc5f65541eae6cccd0	carbon	noun	B2	https://www.oxfordlearnersdictionaries.com/us/definition/english/carbon	MANUAL_EMERGENCY_WORK V7 exact Oxford identity; source_index=741; definition_path=/us/definition/english/carbon; exact_definition='a chemical element. Carbon is found in all living things, existing in a pure state as diamond and graphite .'; selected_candidate_method=en_wiktionary_sense_bound_uk_translation; sense_source='English Wiktionary'; sense_gloss='id=Q623|chemical element'; gloss_definition_similarity=0.387; morphology='V6 pymorphy3 uk canonical lemma PASS after Unicode/stress normalization; tag=NOUN,inan masc,nomn; score=1.0000'; surface_mt_never_sole_pass=PASS	вуглець
MANUAL_EMERGENCY_WORK_20260820_FIRST_PASS_V7_round04	ox5000-9c94f94be7b1a888dd21	casual	adjective	B2	https://www.oxfordlearnersdictionaries.com/us/definition/english/casual_1	MANUAL_EMERGENCY_WORK V7 exact Oxford identity; source_index=762; definition_path=/us/definition/english/casual_1; exact_definition='not formal'; selected_candidate_method=Helsinki-NLP/opus-mt-en-uk_surface_candidate; sense_source=''; sense_gloss=''; gloss_definition_similarity=1.000; morphology='V6 pymorphy3 uk canonical lemma PASS after Unicode/stress normalization; tag=ADJF,compb masc,nomn; score=1.0000'; surface_mt_never_sole_pass=PASS	випадковий
MANUAL_EMERGENCY_WORK_20260820_FIRST_PASS_V7_round04	ox5000-2f11663a968a94ccb406	cave	noun	B2	https://www.oxfordlearnersdictionaries.com/us/definition/english/cave_1	MANUAL_EMERGENCY_WORK V7 exact Oxford identity; source_index=775; definition_path=/us/definition/english/cave_1; exact_definition='a large hole in the side of a hill or cliff or under the ground'; selected_candidate_method=en_wiktionary_sense_bound_uk_translation; sense_source='English Wiktionary'; sense_gloss='large, naturally occurring cavity formed underground'; gloss_definition_similarity=0.474; morphology='V6 pymorphy3 uk canonical lemma PASS after Unicode/stress normalization; tag=NOUN,inan femn,nomn; score=1.0000'; surface_mt_never_sole_pass=PASS	печера
MANUAL_EMERGENCY_WORK_20260820_FIRST_PASS_V7_round04	ox5000-1a9ae9f38cefadbdbe69	certainty	noun	B2	https://www.oxfordlearnersdictionaries.com/us/definition/english/certainty	MANUAL_EMERGENCY_WORK V7 exact Oxford identity; source_index=792; definition_path=/us/definition/english/certainty; exact_definition='the state of being certain'; selected_candidate_method=en_wiktionary_sense_bound_uk_translation; sense_source='English Wiktionary'; sense_gloss='state of being certain'; gloss_definition_similarity=0.972; morphology='V6 pymorphy3 uk canonical lemma PASS after Unicode/stress normalization; tag=NOUN,inan femn,nomn; score=1.0000'; surface_mt_never_sole_pass=PASS	певність
MANUAL_EMERGENCY_WORK_20260820_FIRST_PASS_V7_round04	ox5000-f65ec664052307d40e5e	certificate	noun	B2	https://www.oxfordlearnersdictionaries.com/us/definition/english/certificate_1	MANUAL_EMERGENCY_WORK V7 exact Oxford identity; source_index=793; definition_path=/us/definition/english/certificate_1; exact_definition='an official document that may be used to prove that the facts it states are true'; selected_candidate_method=en_wiktionary_sense_bound_uk_translation; sense_source='English Wiktionary'; sense_gloss='document containing a certified statement'; gloss_definition_similarity=0.589; morphology='V6 pymorphy3 uk canonical lemma PASS after Unicode/stress normalization; tag=NOUN,inan masc,nomn; score=1.0000'; surface_mt_never_sole_pass=PASS	документ
MANUAL_EMERGENCY_WORK_20260820_FIRST_PASS_V7_round04	ox5000-d11e4137c39c91300aa9	challenging	adjective	B2	https://www.oxfordlearnersdictionaries.com/us/definition/english/challenging	MANUAL_EMERGENCY_WORK V7 exact Oxford identity; source_index=801; definition_path=/us/definition/english/challenging; exact_definition='difficult in an interesting way that tests your ability'; selected_candidate_method=Helsinki-NLP/opus-mt-en-uk_surface_candidate; sense_source=''; sense_gloss=''; gloss_definition_similarity=1.000; morphology='V6 pymorphy3 uk canonical lemma PASS after Unicode/stress normalization; tag=ADJF,compb masc,nomn; score=1.0000'; surface_mt_never_sole_pass=PASS	складний
MANUAL_EMERGENCY_WORK_20260820_FIRST_PASS_V7_round04	ox5000-aa38df2298e6ecac59b2	charming	adjective	B2	https://www.oxfordlearnersdictionaries.com/us/definition/english/charming	MANUAL_EMERGENCY_WORK V7 exact Oxford identity; source_index=819; definition_path=/us/definition/english/charming; exact_definition='very pleasant or attractive'; selected_candidate_method=Helsinki-NLP/opus-mt-en-uk_surface_candidate; sense_source=''; sense_gloss=''; gloss_definition_similarity=1.000; morphology='V6 pymorphy3 uk canonical lemma PASS after Unicode/stress normalization; tag=ADJF,compb masc,nomn; score=1.0000'; surface_mt_never_sole_pass=PASS	чарівний
MANUAL_EMERGENCY_WORK_20260820_FIRST_PASS_V7_round04	ox5000-faf95786d6bb15f92757	chase	noun	B2	https://www.oxfordlearnersdictionaries.com/us/definition/english/chase_2	MANUAL_EMERGENCY_WORK V7 exact Oxford identity; source_index=823; definition_path=/us/definition/english/chase_2; exact_definition='an act of running or driving after somebody/something in order to catch them or it'; selected_candidate_method=Helsinki-NLP/opus-mt-en-uk_surface_candidate; sense_source=''; sense_gloss=''; gloss_definition_similarity=1.000; morphology='V6 no Ukrainian lexical token after Unicode/stress normalization'; surface_mt_never_sole_pass=PASS	train
MANUAL_EMERGENCY_WORK_20260820_FIRST_PASS_V7_round04	ox5000-1c569c97ca81d70efaf2	chase	verb	B2	https://www.oxfordlearnersdictionaries.com/us/definition/english/chase_1	MANUAL_EMERGENCY_WORK V7 exact Oxford identity; source_index=824; definition_path=/us/definition/english/chase_1; exact_definition='to run, drive, etc. after somebody/something in order to catch them or it'; selected_candidate_method=Helsinki-NLP/opus-mt-en-uk_surface_candidate; sense_source=''; sense_gloss=''; gloss_definition_similarity=1.000; morphology='V6 no Ukrainian lexical token after Unicode/stress normalization'; surface_mt_never_sole_pass=PASS	train
MANUAL_EMERGENCY_WORK_20260820_FIRST_PASS_V7_round04	ox5000-9f02d00aa1a75bbfe2ec	cheek	noun	B2	https://www.oxfordlearnersdictionaries.com/us/definition/english/cheek_1	MANUAL_EMERGENCY_WORK V7 exact Oxford identity; source_index=833; definition_path=/us/definition/english/cheek_1; exact_definition='either side of the face below the eyes'; selected_candidate_method=en_wiktionary_sense_bound_uk_translation; sense_source='English Wiktionary'; sense_gloss='part of face'; gloss_definition_similarity=0.797; morphology='V6 pymorphy3 uk canonical lemma PASS after Unicode/stress normalization; tag=NOUN,inan femn,nomn; score=1.0000'; surface_mt_never_sole_pass=PASS	щока
MANUAL_EMERGENCY_WORK_20260820_FIRST_PASS_V7_round04	ox5000-e9afbf1e9b9ba09c65ee	cheer	noun	B2	https://www.oxfordlearnersdictionaries.com/us/definition/english/cheer_2	"MANUAL_EMERGENCY_WORK V7 exact Oxford identity; source_index=834; definition_path=/us/definition/english/cheer_2; exact_definition='a shout of joy, support or praise'; selected_candidate_method=Helsinki-NLP/opus-mt-en-uk_surface_candidate; sense_source=''; sense_gloss=''; gloss_definition_similarity=1.000; morphology=""V6 pymorphy3 uk has no requested-POS parse for 'веселий'""; surface_mt_never_sole_pass=PASS"	веселий
MANUAL_EMERGENCY_WORK_20260820_FIRST_PASS_V7_round04	ox5000-042f56b4f8aa0bfb23f1	cheer	verb	B2	https://www.oxfordlearnersdictionaries.com/us/definition/english/cheer_1	"MANUAL_EMERGENCY_WORK V7 exact Oxford identity; source_index=835; definition_path=/us/definition/english/cheer_1; exact_definition='to shout loudly, in order to show support or praise for somebody, or to encourage them'; selected_candidate_method=Helsinki-NLP/opus-mt-en-uk_surface_candidate; sense_source=''; sense_gloss=''; gloss_definition_similarity=1.000; morphology=""V6 pymorphy3 uk has no requested-POS parse for 'веселий'""; surface_mt_never_sole_pass=PASS"	веселий
MANUAL_EMERGENCY_WORK_20260820_FIRST_PASS_V7_round04	ox5000-4e45db7231a1deb4a27d	choir	noun	B2	https://www.oxfordlearnersdictionaries.com/us/definition/english/choir	MANUAL_EMERGENCY_WORK V7 exact Oxford identity; source_index=851; definition_path=/us/definition/english/choir; exact_definition='a group of people who sing together, for example in church services or public performances'; selected_candidate_method=en_wiktionary_sense_bound_uk_translation; sense_source='English Wiktionary'; sense_gloss='singing group'; gloss_definition_similarity=0.733; morphology='V6 pymorphy3 uk canonical lemma PASS after Unicode/stress normalization; tag=NOUN,inan masc,nomn; score=1.0000'; surface_mt_never_sole_pass=PASS	хор
MANUAL_EMERGENCY_WORK_20260820_FIRST_PASS_V7_round04	ox5000-5f21cc31a80fe8b694f6	chop	verb	B2	https://www.oxfordlearnersdictionaries.com/us/definition/english/chop_1	MANUAL_EMERGENCY_WORK V7 exact Oxford identity; source_index=853; definition_path=/us/definition/english/chop_1; exact_definition='to cut something into pieces with a sharp tool such as a knife'; selected_candidate_method=Helsinki-NLP/opus-mt-en-uk_surface_candidate; sense_source=''; sense_gloss=''; gloss_definition_similarity=1.000; morphology='V6 no Ukrainian lexical token after Unicode/stress normalization'; surface_mt_never_sole_pass=PASS	bar
MANUAL_EMERGENCY_WORK_20260820_FIRST_PASS_V7_round04	ox5000-14a30058a90886f8f5dc	circuit	noun	B2	https://www.oxfordlearnersdictionaries.com/us/definition/english/circuit	MANUAL_EMERGENCY_WORK V7 exact Oxford identity; source_index=861; definition_path=/us/definition/english/circuit; exact_definition='a line, route or journey around a place'; selected_candidate_method=en_wiktionary_sense_bound_uk_translation; sense_source='English Wiktionary'; sense_gloss='act of moving around'; gloss_definition_similarity=0.443; morphology='V6 pymorphy3 uk canonical lemma PASS after Unicode/stress normalization; tag=NOUN,inan neut,nomn; score=1.0000'; surface_mt_never_sole_pass=PASS	обертання
MANUAL_EMERGENCY_WORK_20260820_FIRST_PASS_V7_round04	ox5000-50c859b7eef5dc7ea1e0	civilization	noun	B2	https://www.oxfordlearnersdictionaries.com/us/definition/english/civilization	MANUAL_EMERGENCY_WORK V7 exact Oxford identity; source_index=873; definition_path=/us/definition/english/civilization; exact_definition='a state of human society that is very developed and organized'; selected_candidate_method=en_wiktionary_sense_bound_uk_translation; sense_source='English Wiktionary'; sense_gloss='organized culture'; gloss_definition_similarity=0.729; morphology='V6 pymorphy3 uk canonical lemma PASS after Unicode/stress normalization; tag=NOUN,inan femn,nomn; score=1.0000'; surface_mt_never_sole_pass=PASS	цивілізація
MANUAL_EMERGENCY_WORK_20260820_FIRST_PASS_V7_round04	ox5000-086a5e82dfa259ffe944	clarify	verb	B2	https://www.oxfordlearnersdictionaries.com/us/definition/english/clarify	"MANUAL_EMERGENCY_WORK V7 exact Oxford identity; source_index=876; definition_path=/us/definition/english/clarify; exact_definition='to make something clearer or easier to understand'; selected_candidate_method=en_wiktionary_sense_bound_uk_translation; sense_source='English Wiktionary'; sense_gloss=""(''transitive'') to make clear or bright by freeing from impurities""; gloss_definition_similarity=0.506; morphology='V6 pymorphy3 uk canonical lemma PASS after Unicode/stress normalization; tag=VERB,impf infn; score=1.0000'; surface_mt_never_sole_pass=PASS"	очищати
MANUAL_EMERGENCY_WORK_20260820_FIRST_PASS_V7_round04	ox5000-6d64823d57328578c4d4	classify	verb	B2	https://www.oxfordlearnersdictionaries.com/us/definition/english/classify	MANUAL_EMERGENCY_WORK V7 exact Oxford identity; source_index=884; definition_path=/us/definition/english/classify; exact_definition='to arrange something in groups according to features that they have in common'; selected_candidate_method=en_wiktionary_sense_bound_uk_translation; sense_source='English Wiktionary'; sense_gloss='identify or divide into classes'; gloss_definition_similarity=0.466; morphology='V6 pymorphy3 uk canonical lemma PASS after Unicode/stress normalization; tag=VERB,impf infn; score=1.0000'; surface_mt_never_sole_pass=PASS	класифікувати
MANUAL_EMERGENCY_WORK_20260820_FIRST_PASS_V7_round04	ox5000-123000ccb24aad3cb552	clerk	noun	B2	https://www.oxfordlearnersdictionaries.com/us/definition/english/clerk_1	MANUAL_EMERGENCY_WORK V7 exact Oxford identity; source_index=893; definition_path=/us/definition/english/clerk_1; exact_definition='a person whose job is to serve customers in a shop'; selected_candidate_method=Helsinki-NLP/opus-mt-en-uk_surface_candidate; sense_source=''; sense_gloss=''; gloss_definition_similarity=1.000; morphology='V6 pymorphy3 uk canonical lemma PASS after Unicode/stress normalization; tag=NOUN,anim masc,nomn; score=1.0000'; surface_mt_never_sole_pass=PASS	пастор
MANUAL_EMERGENCY_WORK_20260820_FIRST_PASS_V7_round04	ox5000-bf7922083634871fd76e	cliff	noun	B2	https://www.oxfordlearnersdictionaries.com/us/definition/english/cliff_1	MANUAL_EMERGENCY_WORK V7 exact Oxford identity; source_index=898; definition_path=/us/definition/english/cliff_1; exact_definition='a high area of rock with a very steep side, often at the edge of the sea or ocean'; selected_candidate_method=en_wiktionary_sense_bound_uk_translation; sense_source='English Wiktionary'; sense_gloss='a (near) vertical rock face'; gloss_definition_similarity=0.685; morphology='V6 pymorphy3 uk canonical lemma PASS after Unicode/stress normalization; tag=NOUN,inan femn,nomn; score=1.0000'; surface_mt_never_sole_pass=PASS	скеля
MANUAL_EMERGENCY_WORK_20260820_FIRST_PASS_V7_round04	ox5000-065f94e1d344097a9fb6	clinic	noun	B2	https://www.oxfordlearnersdictionaries.com/us/definition/english/clinic	MANUAL_EMERGENCY_WORK V7 exact Oxford identity; source_index=903; definition_path=/us/definition/english/clinic; exact_definition='a building or part of a hospital where people can go for special medical treatment or advice'; selected_candidate_method=en_wiktionary_sense_bound_uk_translation; sense_source='English Wiktionary'; sense_gloss='medical facility'; gloss_definition_similarity=0.742; morphology='V6 pymorphy3 uk canonical lemma PASS after Unicode/stress normalization; tag=NOUN,inan femn,nomn; score=1.0000'; surface_mt_never_sole_pass=PASS	клініка
MANUAL_EMERGENCY_WORK_20260820_FIRST_PASS_V7_round04	ox5000-a57faf81bb42681a8e1a	clip	noun	B2	https://www.oxfordlearnersdictionaries.com/us/definition/english/clip_1	MANUAL_EMERGENCY_WORK V7 exact Oxford identity; source_index=905; definition_path=/us/definition/english/clip_1; exact_definition='a short part of a film that is shown separately'; selected_candidate_method=en_wiktionary_sense_bound_uk_translation; sense_source='English Wiktionary'; sense_gloss='something which clips or grasps; a device for attaching one object to another.'; gloss_definition_similarity=0.282; morphology='V6 pymorphy3 uk canonical lemma PASS after Unicode/stress normalization; tag=NOUN,inan femn,nomn; score=1.0000'; surface_mt_never_sole_pass=PASS	скоба
MANUAL_EMERGENCY_WORK_20260820_FIRST_PASS_V7_round04	ox5000-716808837b74db6359aa	coincidence	noun	B2	https://www.oxfordlearnersdictionaries.com/us/definition/english/coincidence	MANUAL_EMERGENCY_WORK V7 exact Oxford identity; source_index=934; definition_path=/us/definition/english/coincidence; exact_definition='the fact of two things happening at the same time by chance, in a surprising way'; selected_candidate_method=en_wiktionary_sense_bound_uk_translation; sense_source='English Wiktionary'; sense_gloss='of objects, property of being coincident'; gloss_definition_similarity=0.568; morphology='V6 pymorphy3 uk canonical lemma PASS after Unicode/stress normalization; tag=NOUN,inan masc,nomn; score=1.0000'; surface_mt_never_sole_pass=PASS	збіг
MANUAL_EMERGENCY_WORK_20260820_FIRST_PASS_V7_round04	ox5000-8c5031daad7f45108dc2	collector	noun	B2	https://www.oxfordlearnersdictionaries.com/us/definition/english/collector	MANUAL_EMERGENCY_WORK V7 exact Oxford identity; source_index=945; definition_path=/us/definition/english/collector; exact_definition='a person who collects things, either as a hobby or as a job'; selected_candidate_method=en_wiktionary_sense_bound_uk_translation; sense_source='English Wiktionary'; sense_gloss='person or thing that collects'; gloss_definition_similarity=0.841; morphology='V6 pymorphy3 uk canonical lemma PASS after Unicode/stress normalization; tag=NOUN,anim masc,nomn; score=1.0000'; surface_mt_never_sole_pass=PASS	колекціонер
MANUAL_EMERGENCY_WORK_20260820_FIRST_PASS_V7_round04	ox5000-d986169e6087570a695b	colony	noun	B2	https://www.oxfordlearnersdictionaries.com/us/definition/english/colony	MANUAL_EMERGENCY_WORK V7 exact Oxford identity; source_index=949; definition_path=/us/definition/english/colony; exact_definition='a country or an area that is governed by people from another, more powerful, country'; selected_candidate_method=en_wiktionary_sense_bound_uk_translation; sense_source='English Wiktionary'; sense_gloss='region or governmental unit'; gloss_definition_similarity=0.631; morphology='V6 pymorphy3 uk canonical lemma PASS after Unicode/stress normalization; tag=NOUN,inan femn,nomn; score=1.0000'; surface_mt_never_sole_pass=PASS	колонія
MANUAL_EMERGENCY_WORK_20260820_FIRST_PASS_V7_round04	ox5000-e8838df3182b0d30fd61	colourful	adjective	B2	https://www.oxfordlearnersdictionaries.com/us/definition/english/colourful	MANUAL_EMERGENCY_WORK V7 exact Oxford identity; source_index=952; definition_path=/us/definition/english/colourful; exact_definition='full of bright colours or having a lot of different colours'; selected_candidate_method=Helsinki-NLP/opus-mt-en-uk_surface_candidate; sense_source=''; sense_gloss=''; gloss_definition_similarity=1.000; morphology='V6 pymorphy3 uk canonical lemma PASS after Unicode/stress normalization; tag=ADJF,compb masc,nomn; score=1.0000'; surface_mt_never_sole_pass=PASS	кольоровий
MANUAL_EMERGENCY_WORK_20260820_FIRST_PASS_V7_round04	ox5000-85c56babf231b6fd11a6	comic	adjective	B2	https://www.oxfordlearnersdictionaries.com/us/definition/english/comic_1	"MANUAL_EMERGENCY_WORK V7 exact Oxford identity; source_index=964; definition_path=/us/definition/english/comic_1; exact_definition='humorous and making you laugh'; selected_candidate_method=Helsinki-NLP/opus-mt-en-uk_surface_candidate; sense_source=''; sense_gloss=''; gloss_definition_similarity=1.000; morphology=""V6 pymorphy3 uk has no requested-POS parse for 'комікси'""; surface_mt_never_sole_pass=PASS"	комікси
MANUAL_EMERGENCY_WORK_20260820_FIRST_PASS_V7_round04	ox5000-3ef335dbc548cf6ee9a2	comic	noun	B2	https://www.oxfordlearnersdictionaries.com/us/definition/english/comic_2	MANUAL_EMERGENCY_WORK V7 exact Oxford identity; source_index=965; definition_path=/us/definition/english/comic_2; exact_definition='a magazine, usually for children, that tells stories through pictures'; selected_candidate_method=en_wiktionary_sense_bound_uk_translation; sense_source='English Wiktionary'; sense_gloss='comedian|id=comedian'; gloss_definition_similarity=0.168; morphology='V6 pymorphy3 uk canonical lemma PASS after Unicode/stress normalization; tag=NOUN,anim masc,nomn; score=1.0000'; surface_mt_never_sole_pass=PASS	комік
MANUAL_EMERGENCY_WORK_20260820_FIRST_PASS_V7_round04	ox5000-8088b7e5636be8851c0c	commander	noun	B2	https://www.oxfordlearnersdictionaries.com/us/definition/english/commander	MANUAL_EMERGENCY_WORK V7 exact Oxford identity; source_index=968; definition_path=/us/definition/english/commander; exact_definition='a person who is in charge of something, especially an officer in charge of a particular group of soldiers or a military operation'; selected_candidate_method=en_wiktionary_sense_bound_uk_translation; sense_source='English Wiktionary'; sense_gloss='one who exercises control and direction of a military or naval organization'; gloss_definition_similarity=0.777; morphology='V6 pymorphy3 uk canonical lemma PASS after Unicode/stress normalization; tag=NOUN,anim masc,nomn; score=1.0000'; surface_mt_never_sole_pass=PASS	командир
MANUAL_EMERGENCY_WORK_20260820_FIRST_PASS_V7_round04	ox5000-39d12fcbbe01c1f981f5	comparative	adjective	B2	https://www.oxfordlearnersdictionaries.com/us/definition/english/comparative_1	MANUAL_EMERGENCY_WORK V7 exact Oxford identity; source_index=993; definition_path=/us/definition/english/comparative_1; exact_definition='measured or judged by how similar or different it is to something else'; selected_candidate_method=en_wiktionary_sense_bound_uk_translation; sense_source='English Wiktionary'; sense_gloss='of or relating to comparison'; gloss_definition_similarity=0.554; morphology='V6 pymorphy3 uk canonical lemma PASS after Unicode/stress normalization; tag=ADJF masc,nomn; score=1.0000'; surface_mt_never_sole_pass=PASS	порівняльний
MANUAL_EMERGENCY_WORK_20260820_FIRST_PASS_V7_round04	ox5000-3b7af52b2f41a82a1271	completion	noun	B2	https://www.oxfordlearnersdictionaries.com/us/definition/english/completion	MANUAL_EMERGENCY_WORK V7 exact Oxford identity; source_index=1014; definition_path=/us/definition/english/completion; exact_definition='the act or process of finishing something; the state of being finished and complete'; selected_candidate_method=Helsinki-NLP/opus-mt-en-uk_surface_candidate; sense_source=''; sense_gloss=''; gloss_definition_similarity=1.000; morphology='V6 pymorphy3 uk canonical lemma PASS after Unicode/stress normalization; tag=NOUN,inan neut,nomn; score=1.0000'; surface_mt_never_sole_pass=PASS	завершення
MANUAL_EMERGENCY_WORK_20260820_FIRST_PASS_V7_round04	ox5000-e07de55ff108c88cf492	compose	verb	B2	https://www.oxfordlearnersdictionaries.com/us/definition/english/compose	MANUAL_EMERGENCY_WORK V7 exact Oxford identity; source_index=1023; definition_path=/us/definition/english/compose; exact_definition='to write music'; selected_candidate_method=en_wiktionary_sense_bound_uk_translation; sense_source='English Wiktionary'; sense_gloss='to construct by mental labor; to think up'; gloss_definition_similarity=0.313; morphology='V6 pymorphy3 uk canonical lemma PASS after Unicode/stress normalization; tag=VERB,perf infn; score=1.0000'; surface_mt_never_sole_pass=PASS	скомпонувати
MANUAL_EMERGENCY_WORK_20260820_FIRST_PASS_V7_round04	ox5000-0f76508d4a3a6e8d10e7	compound	noun	B2	https://www.oxfordlearnersdictionaries.com/us/definition/english/compound_1	MANUAL_EMERGENCY_WORK V7 exact Oxford identity; source_index=1026; definition_path=/us/definition/english/compound_1; exact_definition='a thing consisting of two or more separate things combined together'; selected_candidate_method=Helsinki-NLP/opus-mt-en-uk_surface_candidate; sense_source=''; sense_gloss=''; gloss_definition_similarity=1.000; morphology='V6 no Ukrainian lexical token after Unicode/stress normalization'; surface_mt_never_sole_pass=PASS	complication
MANUAL_EMERGENCY_WORK_20260820_FIRST_PASS_V7_round04	ox5000-cef7e9caa766c637d105	comprehensive	adjective	B2	https://www.oxfordlearnersdictionaries.com/us/definition/english/comprehensive_1	MANUAL_EMERGENCY_WORK V7 exact Oxford identity; source_index=1027; definition_path=/us/definition/english/comprehensive_1; exact_definition='including all, or almost all, the items, details, facts, information, etc., that may be involved'; selected_candidate_method=en_wiktionary_sense_bound_uk_translation; sense_source='English Wiktionary'; sense_gloss='broadly or completely covering'; gloss_definition_similarity=0.314; morphology='V6 pymorphy3 uk canonical lemma PASS after Unicode/stress normalization; tag=ADJF,compb masc,nomn; score=1.0000'; surface_mt_never_sole_pass=PASS	всебічний
MANUAL_EMERGENCY_WORK_20260820_FIRST_PASS_V7_round04	ox5000-6836ebe09ea109e5cb9c	comprise	verb	B2	https://www.oxfordlearnersdictionaries.com/us/definition/english/comprise	MANUAL_EMERGENCY_WORK V7 exact Oxford identity; source_index=1028; definition_path=/us/definition/english/comprise; exact_definition='to have somebody/something as parts or members'; selected_candidate_method=en_wiktionary_sense_bound_uk_translation; sense_source='English Wiktionary'; sense_gloss='be made up of'; gloss_definition_similarity=0.512; morphology='V6 genuine multiword lexical phrase; Unicode-normalized V4 lexical/POS form accepted'; surface_mt_never_sole_pass=PASS	складатися із
MANUAL_EMERGENCY_WORK_20260820_FIRST_PASS_V7_round04	ox5000-ab47bcb0aeacbb3a4f2b	compulsory	adjective	B2	https://www.oxfordlearnersdictionaries.com/us/definition/english/compulsory	MANUAL_EMERGENCY_WORK V7 exact Oxford identity; source_index=1031; definition_path=/us/definition/english/compulsory; exact_definition='that must be done because of a law or a rule'; selected_candidate_method=en_wiktionary_sense_bound_uk_translation; sense_source='English Wiktionary'; sense_gloss='mandatory|mandatory|obligatory'; gloss_definition_similarity=0.488; morphology='V6 pymorphy3 uk canonical lemma PASS after Unicode/stress normalization; tag=ADJF,compb masc,nomn; score=1.0000'; surface_mt_never_sole_pass=PASS	обов'язковий
MANUAL_EMERGENCY_WORK_20260820_FIRST_PASS_V7_round04	ox5000-3dbc882686b6ebef26d1	concrete	adjective	B2	https://www.oxfordlearnersdictionaries.com/us/definition/english/concrete_1	MANUAL_EMERGENCY_WORK V7 exact Oxford identity; source_index=1048; definition_path=/us/definition/english/concrete_1; exact_definition='made of concrete'; selected_candidate_method=en_wiktionary_sense_bound_uk_translation; sense_source='English Wiktionary'; sense_gloss='not abstract'; gloss_definition_similarity=0.348; morphology='V6 pymorphy3 uk canonical lemma PASS after Unicode/stress normalization; tag=ADJF,compb masc,nomn; score=1.0000'; surface_mt_never_sole_pass=PASS	справжній
MANUAL_EMERGENCY_WORK_20260820_FIRST_PASS_V7_round04	ox5000-5bc4fd2b67e8c09eca85	confess	verb	B2	https://www.oxfordlearnersdictionaries.com/us/definition/english/confess	MANUAL_EMERGENCY_WORK V7 exact Oxford identity; source_index=1056; definition_path=/us/definition/english/confess; exact_definition='to admit, especially formally or to the police, that you have done something wrong or illegal'; selected_candidate_method=Helsinki-NLP/opus-mt-en-uk_surface_candidate; sense_source=''; sense_gloss=''; gloss_definition_similarity=1.000; morphology='V6 pymorphy3 uk canonical lemma PASS after Unicode/stress normalization; tag=VERB,Refl,perf infn; score=1.0000'; surface_mt_never_sole_pass=PASS	зізнатися
MANUAL_EMERGENCY_WORK_20260820_FIRST_PASS_V7_round04	ox5000-85a7a64b9f86bcca1831	confusion	noun	B2	https://www.oxfordlearnersdictionaries.com/us/definition/english/confusion	MANUAL_EMERGENCY_WORK V7 exact Oxford identity; source_index=1071; definition_path=/us/definition/english/confusion; exact_definition='a state of not being certain about what is happening, what you should do, what something means, etc.'; selected_candidate_method=Helsinki-NLP/opus-mt-en-uk_surface_candidate; sense_source=''; sense_gloss=''; gloss_definition_similarity=1.000; morphology='V6 pymorphy3 uk canonical lemma PASS after Unicode/stress normalization; tag=NOUN,femn,inan nomn; score=1.0000'; surface_mt_never_sole_pass=PASS	плутанина
MANUAL_EMERGENCY_WORK_20260820_FIRST_PASS_V7_round04	ox5000-c88a5ab0c123045d4363	consequently	adverb	B2	https://www.oxfordlearnersdictionaries.com/us/definition/english/consequently	MANUAL_EMERGENCY_WORK V7 exact Oxford identity; source_index=1087; definition_path=/us/definition/english/consequently; exact_definition='as a result; therefore'; selected_candidate_method=en_wiktionary_sense_bound_uk_translation; sense_source='English Wiktionary'; sense_gloss='as a result or consequence'; gloss_definition_similarity=0.800; morphology='multiword adverb candidate is not an adverbial phrase'; surface_mt_never_sole_pass=PASS	як наслідок
MANUAL_EMERGENCY_WORK_20260820_FIRST_PASS_V7_round04	ox5000-0af7e2fe2fa36ccfdcac	conservation	noun	B2	https://www.oxfordlearnersdictionaries.com/us/definition/english/conservation	MANUAL_EMERGENCY_WORK V7 exact Oxford identity; source_index=1088; definition_path=/us/definition/english/conservation; exact_definition='the protection of the natural environment'; selected_candidate_method=en_wiktionary_sense_bound_uk_translation; sense_source='English Wiktionary'; sense_gloss='The act of preserving, guarding, or protecting'; gloss_definition_similarity=0.546; morphology='V6 pymorphy3 uk canonical lemma PASS after Unicode/stress normalization; tag=NOUN,inan neut,nomn; score=1.0000'; surface_mt_never_sole_pass=PASS	збереження
MANUAL_EMERGENCY_WORK_20260820_FIRST_PASS_V7_round04	ox5000-26a00e51322ff7c8d3ee	considerable	adjective	B2	https://www.oxfordlearnersdictionaries.com/us/definition/english/considerable	MANUAL_EMERGENCY_WORK V7 exact Oxford identity; source_index=1093; definition_path=/us/definition/english/considerable; exact_definition='great in amount, size, importance, etc.'; selected_candidate_method=Helsinki-NLP/opus-mt-en-uk_surface_candidate; sense_source=''; sense_gloss=''; gloss_definition_similarity=1.000; morphology='V6 no Ukrainian lexical token after Unicode/stress normalization'; surface_mt_never_sole_pass=PASS	minute
MANUAL_EMERGENCY_WORK_20260820_FIRST_PASS_V7_round04	ox5000-326407a82f0ca95e4a7e	considerably	adverb	B2	https://www.oxfordlearnersdictionaries.com/us/definition/english/considerably	MANUAL_EMERGENCY_WORK V7 exact Oxford identity; source_index=1094; definition_path=/us/definition/english/considerably; exact_definition='much; a lot'; selected_candidate_method=Helsinki-NLP/opus-mt-en-uk_surface_candidate; sense_source=''; sense_gloss=''; gloss_definition_similarity=1.000; morphology='V6 pymorphy3 uk canonical lemma PASS after Unicode/stress normalization; tag=ADVB,compb; score=1.0000'; surface_mt_never_sole_pass=PASS	значно
MANUAL_EMERGENCY_WORK_20260820_FIRST_PASS_V7_round04	ox5000-29eb47fd6a314aa1730d	consistently	adverb	B2	https://www.oxfordlearnersdictionaries.com/us/definition/english/consistently	"MANUAL_EMERGENCY_WORK V7 exact Oxford identity; source_index=1099; definition_path=/us/definition/english/consistently; exact_definition='always the same'; selected_candidate_method=Helsinki-NLP/opus-mt-en-uk_surface_candidate; sense_source=''; sense_gloss=''; gloss_definition_similarity=1.000; morphology=""V6 pymorphy3 uk has no requested-POS parse for 'завжди'""; surface_mt_never_sole_pass=PASS"	завжди
MANUAL_EMERGENCY_WORK_20260820_FIRST_PASS_V7_round04	ox5000-b3dd4396526c004c1d2a	conspiracy	noun	B2	https://www.oxfordlearnersdictionaries.com/us/definition/english/conspiracy	MANUAL_EMERGENCY_WORK V7 exact Oxford identity; source_index=1101; definition_path=/us/definition/english/conspiracy; exact_definition='a secret plan by a group of people to do something harmful or illegal'; selected_candidate_method=en_wiktionary_sense_bound_uk_translation; sense_source='English Wiktionary'; sense_gloss='act of working in secret to obtain some goal'; gloss_definition_similarity=0.553; morphology='V6 pymorphy3 uk canonical lemma PASS after Unicode/stress normalization; tag=NOUN,inan femn,nomn; score=1.0000'; surface_mt_never_sole_pass=PASS	змова
MANUAL_EMERGENCY_WORK_20260820_FIRST_PASS_V7_round04	ox5000-53a7b9ea5ca0a81c0606	consult	verb	B2	https://www.oxfordlearnersdictionaries.com/us/definition/english/consult	"MANUAL_EMERGENCY_WORK V7 exact Oxford identity; source_index=1111; definition_path=/us/definition/english/consult; exact_definition='to go to somebody for information or advice'; selected_candidate_method=Helsinki-NLP/opus-mt-en-uk_surface_candidate; sense_source=''; sense_gloss=''; gloss_definition_similarity=1.000; morphology=""V6 pymorphy3 uk has no requested-POS parse for 'консультація'""; surface_mt_never_sole_pass=PASS"	консультація
MANUAL_EMERGENCY_WORK_20260820_FIRST_PASS_V7_round04	ox5000-e55a43ce5b36ea4927c8	consultant	noun	B2	https://www.oxfordlearnersdictionaries.com/us/definition/english/consultant	MANUAL_EMERGENCY_WORK V7 exact Oxford identity; source_index=1112; definition_path=/us/definition/english/consultant; exact_definition='a person who knows a lot about a particular subject and is employed to give advice about it to other people'; selected_candidate_method=en_wiktionary_sense_bound_uk_translation; sense_source='English Wiktionary'; sense_gloss='person or party that is consulted'; gloss_definition_similarity=0.619; morphology='V6 pymorphy3 uk canonical lemma PASS after Unicode/stress normalization; tag=NOUN,anim masc,nomn; score=1.0000'; surface_mt_never_sole_pass=PASS	консультант
MANUAL_EMERGENCY_WORK_20260820_FIRST_PASS_V7_round04	ox5000-3c252e710be02044ad41	consumption	noun	B2	https://www.oxfordlearnersdictionaries.com/us/definition/english/consumption	MANUAL_EMERGENCY_WORK V7 exact Oxford identity; source_index=1116; definition_path=/us/definition/english/consumption; exact_definition='the act of using energy, food or materials; the amount used'; selected_candidate_method=en_wiktionary_sense_bound_uk_translation; sense_source='English Wiktionary'; sense_gloss='the act of consuming something'; gloss_definition_similarity=0.624; morphology='V6 pymorphy3 uk canonical lemma PASS after Unicode/stress normalization; tag=NOUN,inan neut,nomn; score=1.0000'; surface_mt_never_sole_pass=PASS	споживання
MANUAL_EMERGENCY_WORK_20260820_FIRST_PASS_V7_round04	ox5000-82041bb10d995697e45c	controversial	adjective	B2	https://www.oxfordlearnersdictionaries.com/us/definition/english/controversial	MANUAL_EMERGENCY_WORK V7 exact Oxford identity; source_index=1149; definition_path=/us/definition/english/controversial; exact_definition='causing a lot of angry public discussion and disagreement'; selected_candidate_method=en_wiktionary_sense_bound_uk_translation; sense_source='English Wiktionary'; sense_gloss='arousing controversy'; gloss_definition_similarity=0.715; morphology='V6 pymorphy3 uk canonical lemma PASS after Unicode/stress normalization; tag=ADJF,compb masc,nomn; score=1.0000'; surface_mt_never_sole_pass=PASS	дискусійний
MANUAL_EMERGENCY_WORK_20260820_FIRST_PASS_V7_round04	ox5000-e8a0747e227d712361ce	controversy	noun	B2	https://www.oxfordlearnersdictionaries.com/us/definition/english/controversy	MANUAL_EMERGENCY_WORK V7 exact Oxford identity; source_index=1150; definition_path=/us/definition/english/controversy; exact_definition='public discussion and argument about something that many people strongly disagree about, think is bad, or are shocked by'; selected_candidate_method=en_wiktionary_sense_bound_uk_translation; sense_source='English Wiktionary'; sense_gloss='debate, discussion of opposing opinions'; gloss_definition_similarity=0.775; morphology='V6 pymorphy3 uk canonical lemma PASS after Unicode/stress normalization; tag=NOUN,inan femn,nomn; score=1.0000'; surface_mt_never_sole_pass=PASS	суперека
MANUAL_EMERGENCY_WORK_20260820_FIRST_PASS_V7_round04	ox5000-dec69195d3cbcb283102	convenience	noun	B2	https://www.oxfordlearnersdictionaries.com/us/definition/english/convenience	MANUAL_EMERGENCY_WORK V7 exact Oxford identity; source_index=1151; definition_path=/us/definition/english/convenience; exact_definition='the quality of being useful, easy or suitable for somebody'; selected_candidate_method=en_wiktionary_sense_bound_uk_translation; sense_source='English Wiktionary'; sense_gloss='quality of being suitable, useful or convenient'; gloss_definition_similarity=0.922; morphology='V6 pymorphy3 uk canonical lemma PASS after Unicode/stress normalization; tag=NOUN,inan femn,nomn; score=1.0000'; surface_mt_never_sole_pass=PASS	зручність
MANUAL_EMERGENCY_WORK_20260820_FIRST_PASS_V7_round04	ox5000-0f41dc7cf551486cfea5	convention	noun	B2	https://www.oxfordlearnersdictionaries.com/us/definition/english/convention	MANUAL_EMERGENCY_WORK V7 exact Oxford identity; source_index=1153; definition_path=/us/definition/english/convention; exact_definition='the way in which something is done that most people in a society expect and consider to be polite or the right way to do it'; selected_candidate_method=en_wiktionary_sense_bound_uk_translation; sense_source='English Wiktionary'; sense_gloss='agreement, contract or pact'; gloss_definition_similarity=0.234; morphology='V6 pymorphy3 uk canonical lemma PASS after Unicode/stress normalization; tag=NOUN,inan femn,nomn; score=1.0000'; surface_mt_never_sole_pass=PASS	конвенція
MANUAL_EMERGENCY_WORK_20260820_FIRST_PASS_V7_round04	ox5000-e1c13a38e16cdfc2623d	conventional	adjective	B2	https://www.oxfordlearnersdictionaries.com/us/definition/english/conventional	MANUAL_EMERGENCY_WORK V7 exact Oxford identity; source_index=1154; definition_path=/us/definition/english/conventional; exact_definition='tending to follow what is done or considered acceptable by society in general; normal and ordinary, and perhaps not very interesting'; selected_candidate_method=en_wiktionary_sense_bound_uk_translation; sense_source='English Wiktionary'; sense_gloss='ordinary, commonplace'; gloss_definition_similarity=0.611; morphology='V6 pymorphy3 uk canonical lemma PASS after Unicode/stress normalization; tag=ADJF,compb masc,nomn; score=1.0000'; surface_mt_never_sole_pass=PASS	звичайний
MANUAL_EMERGENCY_WORK_20260820_FIRST_PASS_V7_round04	ox5000-3ed6772c28d9fdbd70ca	convey	verb	B2	https://www.oxfordlearnersdictionaries.com/us/definition/english/convey	MANUAL_EMERGENCY_WORK V7 exact Oxford identity; source_index=1158; definition_path=/us/definition/english/convey; exact_definition='to make ideas, feelings, etc. known to somebody'; selected_candidate_method=Helsinki-NLP/opus-mt-en-uk_surface_candidate; sense_source=''; sense_gloss=''; gloss_definition_similarity=1.000; morphology='V6 pymorphy3 uk canonical lemma PASS after Unicode/stress normalization; tag=VERB,perf infn; score=1.0000'; surface_mt_never_sole_pass=PASS	передати
MANUAL_EMERGENCY_WORK_20260820_FIRST_PASS_V7_round04	ox5000-acdf0358f54cd515da09	convincing	adjective	B2	https://www.oxfordlearnersdictionaries.com/us/definition/english/convincing	MANUAL_EMERGENCY_WORK V7 exact Oxford identity; source_index=1163; definition_path=/us/definition/english/convincing; exact_definition='that makes somebody believe that something is true'; selected_candidate_method=en_wiktionary_sense_bound_uk_translation; sense_source='English Wiktionary'; sense_gloss='effective as proof or evidence'; gloss_definition_similarity=0.542; morphology='V6 pymorphy3 uk canonical lemma PASS after Unicode/stress normalization; tag=ADJF,compb masc,nomn; score=1.0000'; surface_mt_never_sole_pass=PASS	переконливий
MANUAL_EMERGENCY_WORK_20260820_FIRST_PASS_V7_round04	ox5000-7a10e528e2e5ee26cb22	cope	verb	B2	https://www.oxfordlearnersdictionaries.com/us/definition/english/cope_1	MANUAL_EMERGENCY_WORK V7 exact Oxford identity; source_index=1176; definition_path=/us/definition/english/cope_1; exact_definition='to deal successfully with something difficult'; selected_candidate_method=Helsinki-NLP/opus-mt-en-uk_surface_candidate; sense_source=''; sense_gloss=''; gloss_definition_similarity=1.000; morphology='V6 pymorphy3 uk canonical lemma PASS after Unicode/stress normalization; tag=VERB,perf infn; score=1.0000'; surface_mt_never_sole_pass=PASS	подолати
MANUAL_EMERGENCY_WORK_20260820_FIRST_PASS_V7_round04	ox5000-71efa31e1845bf3e367e	corporation	noun	B2	https://www.oxfordlearnersdictionaries.com/us/definition/english/corporation	MANUAL_EMERGENCY_WORK V7 exact Oxford identity; source_index=1185; definition_path=/us/definition/english/corporation; exact_definition='a large business company'; selected_candidate_method=en_wiktionary_sense_bound_uk_translation; sense_source='English Wiktionary'; sense_gloss='body corporate with legal personality'; gloss_definition_similarity=0.385; morphology='V6 pymorphy3 uk canonical lemma PASS after Unicode/stress normalization; tag=NOUN,inan femn,nomn; score=1.0000'; surface_mt_never_sole_pass=PASS	корпорація
MANUAL_EMERGENCY_WORK_20260820_FIRST_PASS_V7_round04	ox5000-1c94148d8ef30f683882	corridor	noun	B2	https://www.oxfordlearnersdictionaries.com/us/definition/english/corridor	MANUAL_EMERGENCY_WORK V7 exact Oxford identity; source_index=1196; definition_path=/us/definition/english/corridor; exact_definition='a long narrow passage in a building, with doors that open into rooms on either side'; selected_candidate_method=Helsinki-NLP/opus-mt-en-uk_surface_candidate; sense_source=''; sense_gloss=''; gloss_definition_similarity=1.000; morphology='V6 pymorphy3 uk canonical lemma PASS after Unicode/stress normalization; tag=NOUN,inan masc,nomn; score=1.0000'; surface_mt_never_sole_pass=PASS	коридор
MANUAL_EMERGENCY_WORK_20260820_FIRST_PASS_V7_round04	ox5000-a5d502e140ed298b6b90	corrupt	adjective	C1	https://www.oxfordlearnersdictionaries.com/us/definition/english/corrupt_1	MANUAL_EMERGENCY_WORK V7 exact Oxford identity; source_index=1197; definition_path=/us/definition/english/corrupt_1; exact_definition='willing to use their power to do dishonest or illegal things in return for money or to get an advantage'; selected_candidate_method=en_wiktionary_sense_bound_uk_translation; sense_source='English Wiktionary'; sense_gloss='in a depraved state'; gloss_definition_similarity=0.189; morphology='V6 pymorphy3 uk canonical lemma PASS after Unicode/stress normalization; tag=ADJF,pssv,impf masc,nomn; score=1.0000'; surface_mt_never_sole_pass=PASS	корумпований
MANUAL_EMERGENCY_WORK_20260820_FIRST_PASS_V7_round04	ox5000-9ebdcc1221c51b64dc68	corruption	noun	C1	https://www.oxfordlearnersdictionaries.com/us/definition/english/corruption	MANUAL_EMERGENCY_WORK V7 exact Oxford identity; source_index=1198; definition_path=/us/definition/english/corruption; exact_definition='dishonest or illegal behaviour, especially of people in authority'; selected_candidate_method=en_wiktionary_sense_bound_uk_translation; sense_source='English Wiktionary'; sense_gloss='the act of impairing integrity'; gloss_definition_similarity=0.624; morphology='V6 pymorphy3 uk canonical lemma PASS after Unicode/stress normalization; tag=NOUN,inan neut,nomn; score=1.0000'; surface_mt_never_sole_pass=PASS	розбещення
MANUAL_EMERGENCY_WORK_20260820_FIRST_PASS_V7_round04	ox5000-66fcf81c27cba109d948	counter	noun	B2	https://www.oxfordlearnersdictionaries.com/us/definition/english/counter_1	MANUAL_EMERGENCY_WORK V7 exact Oxford identity; source_index=1212; definition_path=/us/definition/english/counter_1; exact_definition='a long flat surface over which goods are sold or business is done in a shop, bank, etc.'; selected_candidate_method=en_wiktionary_sense_bound_uk_translation; sense_source='English Wiktionary'; sense_gloss='table or board on which business is transacted'; gloss_definition_similarity=0.570; morphology='V6 pymorphy3 uk canonical lemma PASS after Unicode/stress normalization; tag=NOUN,Surn,Fixd,femn,anim nomn; score=1.0000'; surface_mt_never_sole_pass=PASS	стойко
MANUAL_EMERGENCY_WORK_20260820_FIRST_PASS_V7_round04	ox5000-7ab982c1e86cfa8707dd	coup	noun	C1	https://www.oxfordlearnersdictionaries.com/us/definition/english/coup	MANUAL_EMERGENCY_WORK V7 exact Oxford identity; source_index=1219; definition_path=/us/definition/english/coup; exact_definition='a sudden change of government that is illegal and often violent'; selected_candidate_method=Helsinki-NLP/opus-mt-en-uk_surface_candidate; sense_source=''; sense_gloss=''; gloss_definition_similarity=1.000; morphology='V6 pymorphy3 uk canonical lemma PASS after Unicode/stress normalization; tag=NOUN,inan masc,nomn; score=1.0000'; surface_mt_never_sole_pass=PASS	переворот
MANUAL_EMERGENCY_WORK_20260820_FIRST_PASS_V7_round04	ox5000-55a15b7d5ef384c80100	coverage	noun	B2	https://www.oxfordlearnersdictionaries.com/us/definition/english/coverage	"MANUAL_EMERGENCY_WORK V7 exact Oxford identity; source_index=1228; definition_path=/us/definition/english/coverage; exact_definition='the reporting of news and sport in the media'; selected_candidate_method=en_wiktionary_sense_bound_uk_translation; sense_source='English Wiktionary'; sense_gloss=""(''journalism'') the amount and type of attention given to an event or topic in news media""; gloss_definition_similarity=0.578; morphology='V6 pymorphy3 uk canonical lemma PASS after Unicode/stress normalization; tag=NOUN,inan neut,nomn; score=1.0000'; surface_mt_never_sole_pass=PASS"	висвітлення
MANUAL_EMERGENCY_WORK_20260820_FIRST_PASS_V7_round04	ox5000-d1c900d343f498dba838	crack	noun	B2	https://www.oxfordlearnersdictionaries.com/us/definition/english/crack_2	MANUAL_EMERGENCY_WORK V7 exact Oxford identity; source_index=1231; definition_path=/us/definition/english/crack_2; exact_definition='a line on the surface of something where it has broken but not split into separate parts'; selected_candidate_method=en_wiktionary_sense_bound_uk_translation; sense_source='English Wiktionary'; sense_gloss='thin space opened in a previously solid material'; gloss_definition_similarity=0.404; morphology='V6 pymorphy3 uk canonical lemma PASS after Unicode/stress normalization; tag=NOUN,inan femn,nomn; score=1.0000'; surface_mt_never_sole_pass=PASS	тріщина
MANUAL_EMERGENCY_WORK_20260820_FIRST_PASS_V7_round04	ox5000-b4e92bed580e34479f83	crack	verb	B2	https://www.oxfordlearnersdictionaries.com/us/definition/english/crack_1	"MANUAL_EMERGENCY_WORK V7 exact Oxford identity; source_index=1232; definition_path=/us/definition/english/crack_1; exact_definition='to break without dividing into separate parts; to break something in this way'; selected_candidate_method=en_wiktionary_sense_bound_uk_translation; sense_source='English Wiktionary'; sense_gloss='thin space opened in a previously solid material'; gloss_definition_similarity=0.275; morphology=""V6 pymorphy3 uk has no requested-POS parse for 'тріщина'""; surface_mt_never_sole_pass=PASS"	тріщина
MANUAL_EMERGENCY_WORK_20260820_FIRST_PASS_V7_round04	ox5000-58b2e3328e4ac0838b4d	craft	noun	B2	https://www.oxfordlearnersdictionaries.com/us/definition/english/craft_1	"MANUAL_EMERGENCY_WORK V7 exact Oxford identity; source_index=1233; definition_path=/us/definition/english/craft_1; exact_definition='an activity involving a special skill at making things with your hands'; selected_candidate_method=en_wiktionary_sense_bound_uk_translation; sense_source='English Wiktionary'; sense_gloss=""skill in one's work""; gloss_definition_similarity=0.592; morphology='V6 pymorphy3 uk canonical lemma PASS after Unicode/stress normalization; tag=NOUN,inan femn,nomn; score=1.0000'; surface_mt_never_sole_pass=PASS"	майстерність
MANUAL_EMERGENCY_WORK_20260820_FIRST_PASS_V7_round04	ox5000-95c41b3fd9cb792c67d3	creativity	noun	B2	https://www.oxfordlearnersdictionaries.com/us/definition/english/creativity	MANUAL_EMERGENCY_WORK V7 exact Oxford identity; source_index=1244; definition_path=/us/definition/english/creativity; exact_definition='the use of skill and imagination to produce something new or to produce art'; selected_candidate_method=Helsinki-NLP/opus-mt-en-uk_surface_candidate; sense_source=''; sense_gloss=''; gloss_definition_similarity=1.000; morphology='V6 pymorphy3 uk canonical lemma PASS after Unicode/stress normalization; tag=NOUN,femn,inan nomn; score=1.0000'; surface_mt_never_sole_pass=PASS	креативність
MANUAL_EMERGENCY_WORK_20260820_FIRST_PASS_V7_round04	ox5000-ce478e8e55423fc0eab3	critically	adverb	B2	https://www.oxfordlearnersdictionaries.com/us/definition/english/critically	MANUAL_EMERGENCY_WORK V7 exact Oxford identity; source_index=1260; definition_path=/us/definition/english/critically; exact_definition='in a way that says what you think is bad about somebody/something'; selected_candidate_method=Helsinki-NLP/opus-mt-en-uk_surface_candidate; sense_source=''; sense_gloss=''; gloss_definition_similarity=1.000; morphology='V6 pymorphy3 uk canonical lemma PASS after Unicode/stress normalization; tag=ADVB,compb; score=1.0000'; surface_mt_never_sole_pass=PASS	критично
MANUAL_EMERGENCY_WORK_20260820_FIRST_PASS_V7_round04	ox5000-83013615bdf6bfabd81c	cruise	noun	B2	https://www.oxfordlearnersdictionaries.com/us/definition/english/cruise_1	MANUAL_EMERGENCY_WORK V7 exact Oxford identity; source_index=1273; definition_path=/us/definition/english/cruise_1; exact_definition='a journey by ship or boat, visiting different places, especially as a holiday'; selected_candidate_method=en_wiktionary_sense_bound_uk_translation; sense_source='English Wiktionary'; sense_gloss='sea voyage'; gloss_definition_similarity=0.532; morphology='V6 genuine multiword lexical phrase; Unicode-normalized V4 lexical/POS form accepted'; surface_mt_never_sole_pass=PASS	морська подорож
MANUAL_EMERGENCY_WORK_20260820_FIRST_PASS_V7_round04	ox5000-66932a98dca84a2dbbc3	cruise	verb	B2	https://www.oxfordlearnersdictionaries.com/us/definition/english/cruise_2	"MANUAL_EMERGENCY_WORK V7 exact Oxford identity; source_index=1274; definition_path=/us/definition/english/cruise_2; exact_definition='to travel in a ship or boat visiting different places, especially as a holiday'; selected_candidate_method=Helsinki-NLP/opus-mt-en-uk_surface_candidate; sense_source=''; sense_gloss=''; gloss_definition_similarity=1.000; morphology=""V6 pymorphy3 uk has no requested-POS parse for 'Круїз'""; surface_mt_never_sole_pass=PASS"	Круїз
MANUAL_EMERGENCY_WORK_20260820_FIRST_PASS_V7_round04	ox5000-816dc4076d218bff7be8	cue	noun	B2	https://www.oxfordlearnersdictionaries.com/us/definition/english/cue_1	MANUAL_EMERGENCY_WORK V7 exact Oxford identity; source_index=1279; definition_path=/us/definition/english/cue_1; exact_definition='an action or event that is a signal for somebody to do something'; selected_candidate_method=Helsinki-NLP/opus-mt-en-uk_surface_candidate; sense_source=''; sense_gloss=''; gloss_definition_similarity=1.000; morphology='V6 no Ukrainian lexical token after Unicode/stress normalization'; surface_mt_never_sole_pass=PASS	cue
MANUAL_EMERGENCY_WORK_20260820_FIRST_PASS_V7_round04	ox5000-bd34112b30a90cadea44	cult	adjective	C1	https://www.oxfordlearnersdictionaries.com/us/definition/english/cult_2	"MANUAL_EMERGENCY_WORK V7 exact Oxford identity; source_index=1280; definition_path=/us/definition/english/cult_2; exact_definition='very popular with a particular group of people'; selected_candidate_method=Helsinki-NLP/opus-mt-en-uk_surface_candidate; sense_source=''; sense_gloss=''; gloss_definition_similarity=1.000; morphology=""V6 pymorphy3 uk has no requested-POS parse for 'секта'""; surface_mt_never_sole_pass=PASS"	секта
MANUAL_EMERGENCY_WORK_20260820_FIRST_PASS_V7_round04	ox5000-f0ac4360614dd59c0109	cult	noun	C1	https://www.oxfordlearnersdictionaries.com/us/definition/english/cult_1	MANUAL_EMERGENCY_WORK V7 exact Oxford identity; source_index=1281; definition_path=/us/definition/english/cult_1; exact_definition='a way of life, an attitude, an idea, etc. that has become very popular'; selected_candidate_method=en_wiktionary_sense_bound_uk_translation; sense_source='English Wiktionary'; sense_gloss='subset of worship'; gloss_definition_similarity=0.187; morphology='V6 pymorphy3 uk canonical lemma PASS after Unicode/stress normalization; tag=NOUN,inan masc,nomn; score=1.0000'; surface_mt_never_sole_pass=PASS	культ
MANUAL_EMERGENCY_WORK_20260820_FIRST_PASS_V7_round04	ox5000-979c0fd9679daf0c797f	curious	adjective	B2	https://www.oxfordlearnersdictionaries.com/us/definition/english/curious	MANUAL_EMERGENCY_WORK V7 exact Oxford identity; source_index=1290; definition_path=/us/definition/english/curious; exact_definition='having a strong desire to know about something'; selected_candidate_method=en_wiktionary_sense_bound_uk_translation; sense_source='English Wiktionary'; sense_gloss='tending to ask questions, or to want to explore or investigate|inquisitive'; gloss_definition_similarity=0.587; morphology='V6 pymorphy3 uk canonical lemma PASS after Unicode/stress normalization; tag=ADJF,compb masc,nomn; score=1.0000'; surface_mt_never_sole_pass=PASS	допитливий
MANUAL_EMERGENCY_WORK_20260820_FIRST_PASS_V7_round04	ox5000-0061f78f727f6b7f1472	curriculum	noun	B2	https://www.oxfordlearnersdictionaries.com/us/definition/english/curriculum	MANUAL_EMERGENCY_WORK V7 exact Oxford identity; source_index=1296; definition_path=/us/definition/english/curriculum; exact_definition='the subjects that are included in a course of study or taught in a school, college, etc.'; selected_candidate_method=en_wiktionary_sense_bound_uk_translation; sense_source='English Wiktionary'; sense_gloss='set of courses and coursework'; gloss_definition_similarity=0.604; morphology='V6 genuine multiword lexical phrase; Unicode-normalized V4 lexical/POS form accepted'; surface_mt_never_sole_pass=PASS	навчальна програма
MANUAL_EMERGENCY_WORK_20260820_FIRST_PASS_V7_round04	ox5000-6ae71c9ddb8dfc06bde3	cute	adjective	B2	https://www.oxfordlearnersdictionaries.com/us/definition/english/cute	MANUAL_EMERGENCY_WORK V7 exact Oxford identity; source_index=1306; definition_path=/us/definition/english/cute; exact_definition='pretty and attractive'; selected_candidate_method=en_wiktionary_sense_bound_uk_translation; sense_source='English Wiktionary'; sense_gloss='attractive or pleasing in a youthful, dainty, quaint or fun-spirited way'; gloss_definition_similarity=0.708; morphology='V6 pymorphy3 uk canonical lemma PASS after Unicode/stress normalization; tag=ADJF,compb masc,nomn; score=1.0000'; surface_mt_never_sole_pass=PASS	привабливий
MANUAL_EMERGENCY_WORK_20260820_FIRST_PASS_V7_round04	ox5000-90712ba3e8da49f8900a	dairy	adjective	B2	https://www.oxfordlearnersdictionaries.com/us/definition/english/dairy_2	MANUAL_EMERGENCY_WORK V7 exact Oxford identity; source_index=1314; definition_path=/us/definition/english/dairy_2; exact_definition='made from milk'; selected_candidate_method=en_wiktionary_sense_bound_uk_translation; sense_source='English Wiktionary'; sense_gloss='referring to products produced from milk'; gloss_definition_similarity=0.898; morphology='V6 pymorphy3 uk canonical lemma PASS after Unicode/stress normalization; tag=ADJF,compb masc,nomn; score=1.0000'; surface_mt_never_sole_pass=PASS	молочний
MANUAL_EMERGENCY_WORK_20260820_FIRST_PASS_V7_round04	ox5000-d88bfcbe9f4406457552	dairy	noun	B2	https://www.oxfordlearnersdictionaries.com/us/definition/english/dairy_1	MANUAL_EMERGENCY_WORK V7 exact Oxford identity; source_index=1315; definition_path=/us/definition/english/dairy_1; exact_definition='milk, cheese and other milk products'; selected_candidate_method=en_wiktionary_sense_bound_uk_translation; sense_source='English Wiktionary'; sense_gloss='products produced from milk'; gloss_definition_similarity=0.892; morphology='V6 genuine multiword lexical phrase; Unicode-normalized V4 lexical/POS form accepted'; surface_mt_never_sole_pass=PASS	молочні продукти
MANUAL_EMERGENCY_WORK_20260820_FIRST_PASS_V7_round04	ox5000-558d5b9a795fc132d65a	dare	verb	B2	https://www.oxfordlearnersdictionaries.com/us/definition/english/dare_1	MANUAL_EMERGENCY_WORK V7 exact Oxford identity; source_index=1326; definition_path=/us/definition/english/dare_1; exact_definition='to be brave enough to do something'; selected_candidate_method=Helsinki-NLP/opus-mt-en-uk_surface_candidate; sense_source=''; sense_gloss=''; gloss_definition_similarity=1.000; morphology='V6 pymorphy3 uk canonical lemma PASS after Unicode/stress normalization; tag=VERB,Refl,perf infn; score=1.0000'; surface_mt_never_sole_pass=PASS	насмілитися
MANUAL_EMERGENCY_WORK_20260820_FIRST_PASS_V7_round04	ox5000-fc30e2bef2db8ea80919	database	noun	B2	https://www.oxfordlearnersdictionaries.com/us/definition/english/database	MANUAL_EMERGENCY_WORK V7 exact Oxford identity; source_index=1331; definition_path=/us/definition/english/database; exact_definition='an organized set of data that is stored in a computer and can be looked at and used in various ways'; selected_candidate_method=en_wiktionary_sense_bound_uk_translation; sense_source='English Wiktionary'; sense_gloss='collection of information'; gloss_definition_similarity=0.543; morphology='V6 genuine multiword lexical phrase; Unicode-normalized V4 lexical/POS form accepted'; surface_mt_never_sole_pass=PASS	база даних
MANUAL_EMERGENCY_WORK_20260820_FIRST_PASS_V7_round04	ox5000-4071455ab57c18eb70f1	deadline	noun	B2	https://www.oxfordlearnersdictionaries.com/us/definition/english/deadline	MANUAL_EMERGENCY_WORK V7 exact Oxford identity; source_index=1338; definition_path=/us/definition/english/deadline; exact_definition='a point in time by which something must be done'; selected_candidate_method=Helsinki-NLP/opus-mt-en-uk_surface_candidate; sense_source=''; sense_gloss=''; gloss_definition_similarity=1.000; morphology='V6 pymorphy3 uk canonical lemma PASS after Unicode/stress normalization; tag=NOUN,inan masc,nomn; score=1.0000'; surface_mt_never_sole_pass=PASS	термін
MANUAL_EMERGENCY_WORK_20260820_FIRST_PASS_V7_round04	ox5000-9d962d3c830072d569ab	deadly	adjective	B2	https://www.oxfordlearnersdictionaries.com/us/definition/english/deadly_1	MANUAL_EMERGENCY_WORK V7 exact Oxford identity; source_index=1339; definition_path=/us/definition/english/deadly_1; exact_definition='causing or likely to cause death'; selected_candidate_method=Helsinki-NLP/opus-mt-en-uk_surface_candidate; sense_source=''; sense_gloss=''; gloss_definition_similarity=1.000; morphology='V6 pymorphy3 uk canonical lemma PASS after Unicode/stress normalization; tag=ADJF,compb masc,nomn; score=1.0000'; surface_mt_never_sole_pass=PASS	смертоносний
MANUAL_EMERGENCY_WORK_20260820_FIRST_PASS_V7_round04	ox5000-46328b590c1ec5303a0c	dealer	noun	B2	https://www.oxfordlearnersdictionaries.com/us/definition/english/dealer	MANUAL_EMERGENCY_WORK V7 exact Oxford identity; source_index=1342; definition_path=/us/definition/english/dealer; exact_definition='a person whose business is buying and selling a particular product'; selected_candidate_method=en_wiktionary_sense_bound_uk_translation; sense_source='English Wiktionary'; sense_gloss='one who deals in things, e.g. automobiles'; gloss_definition_similarity=0.592; morphology='V6 pymorphy3 uk canonical lemma PASS after Unicode/stress normalization; tag=NOUN,anim masc,nomn; score=1.0000'; surface_mt_never_sole_pass=PASS	торговець
MANUAL_EMERGENCY_WORK_20260820_FIRST_PASS_V7_round04	ox5000-0c6fa7977832afceb6d7	deck	noun	B2	https://www.oxfordlearnersdictionaries.com/us/definition/english/deck_1	MANUAL_EMERGENCY_WORK V7 exact Oxford identity; source_index=1358; definition_path=/us/definition/english/deck_1; exact_definition='the top outside floor of a ship or boat'; selected_candidate_method=en_wiktionary_sense_bound_uk_translation; sense_source='English Wiktionary'; sense_gloss='pack of playing cards'; gloss_definition_similarity=0.097; morphology='V6 pymorphy3 uk canonical lemma PASS after Unicode/stress normalization; tag=NOUN,Surn,masc,anim nomn; score=1.0000'; surface_mt_never_sole_pass=PASS	колода
MANUAL_EMERGENCY_WORK_20260820_FIRST_PASS_V7_round04	ox5000-8de1d29a7d671e7035ab	defender	noun	B2	https://www.oxfordlearnersdictionaries.com/us/definition/english/defender	MANUAL_EMERGENCY_WORK V7 exact Oxford identity; source_index=1380; definition_path=/us/definition/english/defender; exact_definition='a player who must stop the other team from scoring in games such as football (soccer), hockey, etc.'; selected_candidate_method=en_wiktionary_sense_bound_uk_translation; sense_source='English Wiktionary'; sense_gloss='players'; gloss_definition_similarity=0.618; morphology='V6 pymorphy3 uk canonical lemma PASS after Unicode/stress normalization; tag=NOUN,anim masc,nomn; score=1.0000'; surface_mt_never_sole_pass=PASS	захисник
MANUAL_EMERGENCY_WORK_20260820_FIRST_PASS_V7_round04	ox5000-e841597e446a171297b2	delete	verb	B2	https://www.oxfordlearnersdictionaries.com/us/definition/english/delete_1	MANUAL_EMERGENCY_WORK V7 exact Oxford identity; source_index=1394; definition_path=/us/definition/english/delete_1; exact_definition='to remove something that has been written or printed, or that has been stored on a computer'; selected_candidate_method=Helsinki-NLP/opus-mt-en-uk_surface_candidate; sense_source=''; sense_gloss=''; gloss_definition_similarity=1.000; morphology='V6 pymorphy3 uk canonical lemma PASS after Unicode/stress normalization; tag=VERB,perf infn; score=1.0000'; surface_mt_never_sole_pass=PASS	вилучити
MANUAL_EMERGENCY_WORK_20260820_FIRST_PASS_V7_round04	ox5000-df0c2f847440bde50b2f	democratic	adjective	B2	https://www.oxfordlearnersdictionaries.com/us/definition/english/democratic	MANUAL_EMERGENCY_WORK V7 exact Oxford identity; source_index=1407; definition_path=/us/definition/english/democratic; exact_definition='controlled by representatives who are elected by the people of a country; connected with this system'; selected_candidate_method=en_wiktionary_sense_bound_uk_translation; sense_source='English Wiktionary'; sense_gloss='pertaining to democracy'; gloss_definition_similarity=0.620; morphology='V6 pymorphy3 uk canonical lemma PASS after Unicode/stress normalization; tag=ADJF,compb masc,nomn; score=1.0000'; surface_mt_never_sole_pass=PASS	демократичний
MANUAL_EMERGENCY_WORK_20260820_FIRST_PASS_V7_round04	ox5000-75f4e15f239ab6722fa1	demonstration	noun	B2	https://www.oxfordlearnersdictionaries.com/us/definition/english/demonstration	MANUAL_EMERGENCY_WORK V7 exact Oxford identity; source_index=1410; definition_path=/us/definition/english/demonstration; exact_definition='a public meeting or a march (= an organized walk by many people) at which people show that they are protesting against or supporting somebody/something'; selected_candidate_method=en_wiktionary_sense_bound_uk_translation; sense_source='English Wiktionary'; sense_gloss='public display of group opinion'; gloss_definition_similarity=0.536; morphology='V6 pymorphy3 uk canonical lemma PASS after Unicode/stress normalization; tag=NOUN,inan femn,nomn; score=1.0000'; surface_mt_never_sole_pass=PASS	маніфестація
MANUAL_EMERGENCY_WORK_20260820_FIRST_PASS_V7_round04	ox5000-e32b57bb1abb824248d0	depart	verb	B2	https://www.oxfordlearnersdictionaries.com/us/definition/english/depart	MANUAL_EMERGENCY_WORK V7 exact Oxford identity; source_index=1417; definition_path=/us/definition/english/depart; exact_definition='to leave a place, especially to start a trip'; selected_candidate_method=Helsinki-NLP/opus-mt-en-uk_surface_candidate; sense_source=''; sense_gloss=''; gloss_definition_similarity=1.000; morphology='V6 no Ukrainian lexical token after Unicode/stress normalization'; surface_mt_never_sole_pass=PASS	remove
MANUAL_EMERGENCY_WORK_20260820_FIRST_PASS_V7_round04	ox5000-854fea13ca3a1e284c5e	dependent	adjective	B2	https://www.oxfordlearnersdictionaries.com/us/definition/english/dependent_1	MANUAL_EMERGENCY_WORK V7 exact Oxford identity; source_index=1422; definition_path=/us/definition/english/dependent_1; exact_definition='needing somebody/something in order to survive or be successful'; selected_candidate_method=Helsinki-NLP/opus-mt-en-uk_surface_candidate; sense_source=''; sense_gloss=''; gloss_definition_similarity=1.000; morphology='V6 pymorphy3 uk canonical lemma PASS after Unicode/stress normalization; tag=ADJF,compb masc,nomn; score=1.0000'; surface_mt_never_sole_pass=PASS	залежний
MANUAL_EMERGENCY_WORK_20260820_FIRST_PASS_V7_round04	ox5000-14bbb1e944709030158a	deposit	noun	B2	https://www.oxfordlearnersdictionaries.com/us/definition/english/deposit_1	MANUAL_EMERGENCY_WORK V7 exact Oxford identity; source_index=1426; definition_path=/us/definition/english/deposit_1; exact_definition='a sum of money that is given as the first part of a larger payment'; selected_candidate_method=en_wiktionary_sense_bound_uk_translation; sense_source='English Wiktionary'; sense_gloss='money placed in an account'; gloss_definition_similarity=0.615; morphology='V6 pymorphy3 uk canonical lemma PASS after Unicode/stress normalization; tag=NOUN,inan masc,nomn; score=1.0000'; surface_mt_never_sole_pass=PASS	депозит
MANUAL_EMERGENCY_WORK_20260820_FIRST_PASS_V7_round04	ox5000-0e8d749dcccf250478e8	depression	noun	B2	https://www.oxfordlearnersdictionaries.com/us/definition/english/depression	MANUAL_EMERGENCY_WORK V7 exact Oxford identity; source_index=1430; definition_path=/us/definition/english/depression; exact_definition='a medical condition in which a person feels very sad, anxious and without hope and often has physical symptoms such as being unable to sleep, etc.'; selected_candidate_method=en_wiktionary_sense_bound_uk_translation; sense_source='English Wiktionary'; sense_gloss='psychology: state of mind'; gloss_definition_similarity=0.303; morphology='V6 pymorphy3 uk canonical lemma PASS after Unicode/stress normalization; tag=NOUN,inan femn,nomn; score=1.0000'; surface_mt_never_sole_pass=PASS	депресія
MANUAL_EMERGENCY_WORK_20260820_FIRST_PASS_V7_round04	ox5000-71e206a3f3fcd711ce46	derive	verb	B2	https://www.oxfordlearnersdictionaries.com/us/definition/english/derive	"MANUAL_EMERGENCY_WORK V7 exact Oxford identity; source_index=1434; definition_path=/us/definition/english/derive; exact_definition=''; selected_candidate_method=Helsinki-NLP/opus-mt-en-uk_surface_candidate; sense_source=''; sense_gloss=''; gloss_definition_similarity=1.000; morphology=""V6 pymorphy3 uk has no requested-POS parse for 'отримання'""; surface_mt_never_sole_pass=PASS"	отримання
MANUAL_EMERGENCY_WORK_20260820_FIRST_PASS_V7_round04	ox5000-d2c5893907a6fb9d1136	desperately	adverb	B2	https://www.oxfordlearnersdictionaries.com/us/definition/english/desperately	MANUAL_EMERGENCY_WORK V7 exact Oxford identity; source_index=1452; definition_path=/us/definition/english/desperately; exact_definition='in a way that shows you have little hope and are ready to do anything without worrying about danger to yourself or others'; selected_candidate_method=en_wiktionary_sense_bound_uk_translation; sense_source='English Wiktionary'; sense_gloss='in a desperate manner'; gloss_definition_similarity=0.370; morphology='V6 pymorphy3 uk canonical lemma PASS after Unicode/stress normalization; tag=ADVB,compb; score=1.0000'; surface_mt_never_sole_pass=PASS	відчайдушно
MANUAL_EMERGENCY_WORK_20260820_FIRST_PASS_V7_round04	ox5000-850f52e28a1e074a2e01	destruction	noun	B2	https://www.oxfordlearnersdictionaries.com/us/definition/english/destruction	MANUAL_EMERGENCY_WORK V7 exact Oxford identity; source_index=1456; definition_path=/us/definition/english/destruction; exact_definition='the act of destroying something; the process of being destroyed'; selected_candidate_method=en_wiktionary_sense_bound_uk_translation; sense_source='English Wiktionary'; sense_gloss='act of destroying'; gloss_definition_similarity=0.883; morphology='V6 pymorphy3 uk canonical lemma PASS after Unicode/stress normalization; tag=NOUN,inan neut,nomn; score=1.0000'; surface_mt_never_sole_pass=PASS	руйнування
MANUAL_EMERGENCY_WORK_20260820_FIRST_PASS_V7_round04	ox5000-5b3bd8fde7b374b2bfab	determination	noun	B2	https://www.oxfordlearnersdictionaries.com/us/definition/english/determination	MANUAL_EMERGENCY_WORK V7 exact Oxford identity; source_index=1467; definition_path=/us/definition/english/determination; exact_definition='the quality that makes you continue trying to do something even when this is difficult'; selected_candidate_method=en_wiktionary_sense_bound_uk_translation; sense_source='English Wiktionary'; sense_gloss='quality of mind which reaches definite conclusions; decisive character; resoluteness'; gloss_definition_similarity=0.499; morphology='V6 pymorphy3 uk canonical lemma PASS after Unicode/stress normalization; tag=NOUN,inan femn,nomn; score=1.0000'; surface_mt_never_sole_pass=PASS	рішучість
MANUAL_EMERGENCY_WORK_20260820_FIRST_PASS_V7_round04	ox5000-56ba360389067adbba25	devote	verb	B2	https://www.oxfordlearnersdictionaries.com/us/definition/english/devote	"MANUAL_EMERGENCY_WORK V7 exact Oxford identity; source_index=1476; definition_path=/us/definition/english/devote; exact_definition=''; selected_candidate_method=Helsinki-NLP/opus-mt-en-uk_surface_candidate; sense_source=''; sense_gloss=''; gloss_definition_similarity=1.000; morphology=""V6 pymorphy3 uk has no requested-POS parse for 'відданий'""; surface_mt_never_sole_pass=PASS"	відданий
MANUAL_EMERGENCY_WORK_20260820_FIRST_PASS_V7_round04	ox5000-20aefe39996728251d78	differ	verb	B2	https://www.oxfordlearnersdictionaries.com/us/definition/english/differ	MANUAL_EMERGENCY_WORK V7 exact Oxford identity; source_index=1488; definition_path=/us/definition/english/differ; exact_definition='to be different from somebody/something'; selected_candidate_method=en_wiktionary_sense_bound_uk_translation; sense_source='English Wiktionary'; sense_gloss='not to have the same characteristics'; gloss_definition_similarity=0.468; morphology='V6 pymorphy3 uk canonical lemma PASS after Unicode/stress normalization; tag=VERB,Refl,impf infn; score=1.0000'; surface_mt_never_sole_pass=PASS	відрізнятися
MANUAL_EMERGENCY_WORK_20260820_FIRST_PASS_V7_round04	ox5000-80fd9e80dfc8af738c00	disability	noun	B2	https://www.oxfordlearnersdictionaries.com/us/definition/english/disability	MANUAL_EMERGENCY_WORK V7 exact Oxford identity; source_index=1514; definition_path=/us/definition/english/disability; exact_definition='a physical or mental condition that makes it difficult for somebody to do some things that most other people can do'; selected_candidate_method=Helsinki-NLP/opus-mt-en-uk_surface_candidate; sense_source=''; sense_gloss=''; gloss_definition_similarity=1.000; morphology='V6 pymorphy3 uk canonical lemma PASS after Unicode/stress normalization; tag=NOUN,femn,inan nomn; score=1.0000'; surface_mt_never_sole_pass=PASS	непрацездатність
MANUAL_EMERGENCY_WORK_20260820_FIRST_PASS_V7_round04	ox5000-dc02fc8291ad0b3d636e	disabled	adjective	B2	https://www.oxfordlearnersdictionaries.com/us/definition/english/disabled	MANUAL_EMERGENCY_WORK V7 exact Oxford identity; source_index=1515; definition_path=/us/definition/english/disabled; exact_definition='having a condition that makes it difficult for you to do some things that most other people can do'; selected_candidate_method=en_wiktionary_sense_bound_uk_translation; sense_source='English Wiktionary'; sense_gloss='for the use of people with physical disabilities'; gloss_definition_similarity=0.436; morphology='V6 pymorphy3 uk canonical lemma PASS after Unicode/stress normalization; tag=ADJF masc,nomn; score=1.0000'; surface_mt_never_sole_pass=PASS	інвалідний
MANUAL_EMERGENCY_WORK_20260820_FIRST_PASS_V7_round04	ox5000-cf8453ee7b04d2901e89	disagreement	noun	B2	https://www.oxfordlearnersdictionaries.com/us/definition/english/disagreement	MANUAL_EMERGENCY_WORK V7 exact Oxford identity; source_index=1518; definition_path=/us/definition/english/disagreement; exact_definition='a situation where people have different opinions about something and often argue'; selected_candidate_method=Helsinki-NLP/opus-mt-en-uk_surface_candidate; sense_source=''; sense_gloss=''; gloss_definition_similarity=1.000; morphology='V6 pymorphy3 uk canonical lemma PASS after Unicode/stress normalization; tag=NOUN,inan femn,nomn; score=1.0000'; surface_mt_never_sole_pass=PASS	розбіжність
MANUAL_EMERGENCY_WORK_20260820_FIRST_PASS_V7_round04	ox5000-7cd186c49026db39bc01	disappoint	verb	B2	https://www.oxfordlearnersdictionaries.com/us/definition/english/disappoint	"MANUAL_EMERGENCY_WORK V7 exact Oxford identity; source_index=1520; definition_path=/us/definition/english/disappoint; exact_definition='to make somebody feel sad because something that they hope for or expect to happen does not happen or is not as good as they hoped'; selected_candidate_method=Helsinki-NLP/opus-mt-en-uk_surface_candidate; sense_source=''; sense_gloss=''; gloss_definition_similarity=1.000; morphology=""V6 pymorphy3 uk has no requested-POS parse for 'розчарування'""; surface_mt_never_sole_pass=PASS"	розчарування
MANUAL_EMERGENCY_WORK_20260820_FIRST_PASS_V7_round04	ox5000-870e1a0c943fb0418b9d	disappointment	noun	B2	https://www.oxfordlearnersdictionaries.com/us/definition/english/disappointment	MANUAL_EMERGENCY_WORK V7 exact Oxford identity; source_index=1523; definition_path=/us/definition/english/disappointment; exact_definition='the feeling of being sad because something has not happened or been as good, successful, etc. as you expected or hoped'; selected_candidate_method=Helsinki-NLP/opus-mt-en-uk_surface_candidate; sense_source=''; sense_gloss=''; gloss_definition_similarity=1.000; morphology='V6 pymorphy3 uk canonical lemma PASS after Unicode/stress normalization; tag=NOUN,inan neut,nomn; score=1.0000'; surface_mt_never_sole_pass=PASS	розчарування
MANUAL_EMERGENCY_WORK_20260820_FIRST_PASS_V7_round04	ox5000-7218b3757288c078fffe	discourage	verb	B2	https://www.oxfordlearnersdictionaries.com/us/definition/english/discourage	MANUAL_EMERGENCY_WORK V7 exact Oxford identity; source_index=1534; definition_path=/us/definition/english/discourage; exact_definition='to try to prevent something or to prevent somebody from doing something, especially by making it difficult to do or by showing that you do not approve of it'; selected_candidate_method=Helsinki-NLP/opus-mt-en-uk_surface_candidate; sense_source=''; sense_gloss=''; gloss_definition_similarity=1.000; morphology='V6 pymorphy3 uk canonical lemma PASS after Unicode/stress normalization; tag=VERB,perf; score=1.0000'; surface_mt_never_sole_pass=PASS	заборонити
MANUAL_EMERGENCY_WORK_20260820_FIRST_PASS_V7_round04	ox5000-d779cdf09bbb40a923d2	disorder	noun	B2	https://www.oxfordlearnersdictionaries.com/us/definition/english/disorder	MANUAL_EMERGENCY_WORK V7 exact Oxford identity; source_index=1550; definition_path=/us/definition/english/disorder; exact_definition='a condition or illness that causes problems with the way part of the body or brain works'; selected_candidate_method=en_wiktionary_sense_bound_uk_translation; sense_source='English Wiktionary'; sense_gloss='physical or psychical malfunction'; gloss_definition_similarity=0.523; morphology='V6 pymorphy3 uk canonical lemma PASS after Unicode/stress normalization; tag=NOUN,inan masc,nomn; score=1.0000'; surface_mt_never_sole_pass=PASS	розлад
MANUAL_EMERGENCY_WORK_20260820_FIRST_PASS_V7_round04	ox5000-5e7d80af5eef97168291	distant	adjective	B2	https://www.oxfordlearnersdictionaries.com/us/definition/english/distant	MANUAL_EMERGENCY_WORK V7 exact Oxford identity; source_index=1562; definition_path=/us/definition/english/distant; exact_definition='far away in space or time'; selected_candidate_method=Helsinki-NLP/opus-mt-en-uk_surface_candidate; sense_source=''; sense_gloss=''; gloss_definition_similarity=1.000; morphology='V6 pymorphy3 uk canonical lemma PASS after Unicode/stress normalization; tag=ADJF,pssv,perf,compb masc,nomn; score=1.0000'; surface_mt_never_sole_pass=PASS	віддалений
MANUAL_EMERGENCY_WORK_20260820_FIRST_PASS_V7_round04	ox5000-1d3333e465f30469350d	distinct	adjective	B2	https://www.oxfordlearnersdictionaries.com/us/definition/english/distinct	MANUAL_EMERGENCY_WORK V7 exact Oxford identity; source_index=1563; definition_path=/us/definition/english/distinct; exact_definition='easily or clearly heard, seen, felt, etc.'; selected_candidate_method=en_wiktionary_sense_bound_uk_translation; sense_source='English Wiktionary'; sense_gloss='very clear'; gloss_definition_similarity=0.402; morphology='V6 pymorphy3 uk canonical lemma PASS after Unicode/stress normalization; tag=ADJF,compb masc,nomn; score=1.0000'; surface_mt_never_sole_pass=PASS	чіткий
MANUAL_EMERGENCY_WORK_20260820_FIRST_PASS_V7_round04	ox5000-a0c4ad550df69bfe8740	distinguish	verb	B2	https://www.oxfordlearnersdictionaries.com/us/definition/english/distinguish	MANUAL_EMERGENCY_WORK V7 exact Oxford identity; source_index=1566; definition_path=/us/definition/english/distinguish; exact_definition='to recognize the difference between two people or things'; selected_candidate_method=en_wiktionary_sense_bound_uk_translation; sense_source='English Wiktionary'; sense_gloss='to see someone or something as different from others'; gloss_definition_similarity=0.631; morphology='V6 pymorphy3 uk canonical lemma PASS after Unicode/stress normalization; tag=VERB,perf infn; score=1.0000'; surface_mt_never_sole_pass=PASS	відрізнити
MANUAL_EMERGENCY_WORK_20260820_FIRST_PASS_V7_round04	ox5000-d06af1a8a59f85351d09	distract	verb	B2	https://www.oxfordlearnersdictionaries.com/us/definition/english/distract	MANUAL_EMERGENCY_WORK V7 exact Oxford identity; source_index=1568; definition_path=/us/definition/english/distract; exact_definition='to take somebody’s attention away from what they are trying to do'; selected_candidate_method=en_wiktionary_sense_bound_uk_translation; sense_source='English Wiktionary'; sense_gloss='To divert the attention of'; gloss_definition_similarity=0.785; morphology='V6 pymorphy3 uk canonical lemma PASS after Unicode/stress normalization; tag=VERB,perf infn; score=1.0000'; surface_mt_never_sole_pass=PASS	відволікти
MANUAL_EMERGENCY_WORK_20260820_FIRST_PASS_V7_round04	ox5000-4d721e65830d97429964	disturb	verb	B2	https://www.oxfordlearnersdictionaries.com/us/definition/english/disturb	MANUAL_EMERGENCY_WORK V7 exact Oxford identity; source_index=1574; definition_path=/us/definition/english/disturb; exact_definition='to interrupt somebody when they are trying to work, sleep, etc.'; selected_candidate_method=Helsinki-NLP/opus-mt-en-uk_surface_candidate; sense_source=''; sense_gloss=''; gloss_definition_similarity=1.000; morphology='V6 no Ukrainian lexical token after Unicode/stress normalization'; surface_mt_never_sole_pass=PASS	grive
MANUAL_EMERGENCY_WORK_20260820_FIRST_PASS_V7_round04	ox5000-ed14861541109f849043	dive	noun	B2	https://www.oxfordlearnersdictionaries.com/us/definition/english/dive_2	MANUAL_EMERGENCY_WORK V7 exact Oxford identity; source_index=1576; definition_path=/us/definition/english/dive_2; exact_definition='a jump into deep water with your head first and your arms in front of you'; selected_candidate_method=Helsinki-NLP/opus-mt-en-uk_surface_candidate; sense_source=''; sense_gloss=''; gloss_definition_similarity=1.000; morphology='V6 pymorphy3 uk canonical lemma PASS after Unicode/stress normalization; tag=NOUN,inan neut,nomn; score=1.0000'; surface_mt_never_sole_pass=PASS	пірнання
MANUAL_EMERGENCY_WORK_20260820_FIRST_PASS_V7_round04	ox5000-6295e7f64b9eba4b0db2	dive	verb	B2	https://www.oxfordlearnersdictionaries.com/us/definition/english/dive_1	MANUAL_EMERGENCY_WORK V7 exact Oxford identity; source_index=1577; definition_path=/us/definition/english/dive_1; exact_definition='to jump into water with your head and arms going in first'; selected_candidate_method=en_wiktionary_sense_bound_uk_translation; sense_source='English Wiktionary'; sense_gloss='to jump into water head-first'; gloss_definition_similarity=0.931; morphology='V6 pymorphy3 uk canonical lemma PASS after Unicode/stress normalization; tag=VERB,perf infn; score=1.0000'; surface_mt_never_sole_pass=PASS	пірнути
MANUAL_EMERGENCY_WORK_20260820_FIRST_PASS_V7_round04	ox5000-75ddd65afc704f846e0d	diverse	adjective	B2	https://www.oxfordlearnersdictionaries.com/us/definition/english/diverse	MANUAL_EMERGENCY_WORK V7 exact Oxford identity; source_index=1578; definition_path=/us/definition/english/diverse; exact_definition='very different from each other and of various kinds'; selected_candidate_method=en_wiktionary_sense_bound_uk_translation; sense_source='English Wiktionary'; sense_gloss='not the same|different|dissimilar|distinct'; gloss_definition_similarity=0.402; morphology='V6 pymorphy3 uk canonical lemma PASS after Unicode/stress normalization; tag=ADJF,compb masc,nomn; score=1.0000'; surface_mt_never_sole_pass=PASS	різноманітний
MANUAL_EMERGENCY_WORK_20260820_FIRST_PASS_V7_round04	ox5000-4933941ca6507b1fe891	diversity	noun	B2	https://www.oxfordlearnersdictionaries.com/us/definition/english/diversity	MANUAL_EMERGENCY_WORK V7 exact Oxford identity; source_index=1579; definition_path=/us/definition/english/diversity; exact_definition='a range of many people or things that are very different from each other'; selected_candidate_method=en_wiktionary_sense_bound_uk_translation; sense_source='English Wiktionary'; sense_gloss='quality of being diverse; difference'; gloss_definition_similarity=0.495; morphology='V6 pymorphy3 uk canonical lemma PASS after Unicode/stress normalization; tag=NOUN,inan femn,nomn; score=1.0000'; surface_mt_never_sole_pass=PASS	різноманітність
MANUAL_EMERGENCY_WORK_20260820_FIRST_PASS_V7_round04	ox5000-78eb3d58aa21dba7fa05	divorce	noun	B2	https://www.oxfordlearnersdictionaries.com/us/definition/english/divorce_1	MANUAL_EMERGENCY_WORK V7 exact Oxford identity; source_index=1585; definition_path=/us/definition/english/divorce_1; exact_definition='the legal ending of a marriage'; selected_candidate_method=en_wiktionary_sense_bound_uk_translation; sense_source='English Wiktionary'; sense_gloss='legal dissolution of a marriage'; gloss_definition_similarity=0.872; morphology='V6 genuine multiword lexical phrase; Unicode-normalized V4 lexical/POS form accepted'; surface_mt_never_sole_pass=PASS	розірвання шлюбу
MANUAL_EMERGENCY_WORK_20260820_FIRST_PASS_V7_round04	ox5000-b660b49beb0bdf43c376	divorce	verb	B2	https://www.oxfordlearnersdictionaries.com/us/definition/english/divorce_2	MANUAL_EMERGENCY_WORK V7 exact Oxford identity; source_index=1586; definition_path=/us/definition/english/divorce_2; exact_definition='to end your marriage to somebody legally'; selected_candidate_method=en_wiktionary_sense_bound_uk_translation; sense_source='English Wiktionary'; sense_gloss='legally dissolve a marriage'; gloss_definition_similarity=0.805; morphology='V6 pymorphy3 uk canonical lemma PASS after Unicode/stress normalization; tag=VERB,impf infn; score=1.0000'; surface_mt_never_sole_pass=PASS	розлучати
MANUAL_EMERGENCY_WORK_20260820_FIRST_PASS_V7_round04	ox5000-55e604d6e26994b92541	dominant	adjective	B2	https://www.oxfordlearnersdictionaries.com/us/definition/english/dominant	"MANUAL_EMERGENCY_WORK V7 exact Oxford identity; source_index=1601; definition_path=/us/definition/english/dominant; exact_definition='more important, powerful or easy to notice than other things'; selected_candidate_method=Helsinki-NLP/opus-mt-en-uk_surface_candidate; sense_source=''; sense_gloss=''; gloss_definition_similarity=1.000; morphology=""V6 pymorphy3 uk has no requested-POS parse for 'домінант'""; surface_mt_never_sole_pass=PASS"	домінант
MANUAL_EMERGENCY_WORK_20260820_FIRST_PASS_V7_round04	ox5000-33b32b3d1d0304f7c6cf	donation	noun	B2	https://www.oxfordlearnersdictionaries.com/us/definition/english/donation	MANUAL_EMERGENCY_WORK V7 exact Oxford identity; source_index=1604; definition_path=/us/definition/english/donation; exact_definition='something that is given to a person or an organization such as a charity, in order to help them; the act of giving something in this way'; selected_candidate_method=en_wiktionary_sense_bound_uk_translation; sense_source='English Wiktionary'; sense_gloss='a voluntary gift or contribution for a specific cause'; gloss_definition_similarity=0.723; morphology='V6 pymorphy3 uk canonical lemma PASS after Unicode/stress normalization; tag=NOUN,inan femn,nomn; score=1.0000'; surface_mt_never_sole_pass=PASS	пожертва
MANUAL_EMERGENCY_WORK_20260820_FIRST_PASS_V7_round04	ox5000-d5832386f841cb656fdd	dot	noun	B2	https://www.oxfordlearnersdictionaries.com/us/definition/english/dot_1	MANUAL_EMERGENCY_WORK V7 exact Oxford identity; source_index=1608; definition_path=/us/definition/english/dot_1; exact_definition='a small round mark, especially one that is printed'; selected_candidate_method=en_wiktionary_sense_bound_uk_translation; sense_source='English Wiktionary'; sense_gloss='small spot or mark'; gloss_definition_similarity=0.529; morphology='V6 pymorphy3 uk canonical lemma PASS after Unicode/stress normalization; tag=NOUN,inan femn,nomn; score=1.0000'; surface_mt_never_sole_pass=PASS	цятка
MANUAL_EMERGENCY_WORK_20260820_FIRST_PASS_V7_round04	ox5000-b73b2ba3671d7892c96a	downtown	adjective	B2	https://www.oxfordlearnersdictionaries.com/us/definition/english/downtown_2	"MANUAL_EMERGENCY_WORK V7 exact Oxford identity; source_index=1622; definition_path=/us/definition/english/downtown_2; exact_definition='in, towards or typical of the centre of a city, especially its main business area'; selected_candidate_method=Helsinki-NLP/opus-mt-en-uk_surface_candidate; sense_source=''; sense_gloss=''; gloss_definition_similarity=1.000; morphology=""V6 pymorphy3 uk has no requested-POS parse for 'центр'""; surface_mt_never_sole_pass=PASS"	центр
MANUAL_EMERGENCY_WORK_20260820_FIRST_PASS_V7_round04	ox5000-b43793232b19c48ccb87	downtown	adverb	B2	https://www.oxfordlearnersdictionaries.com/us/definition/english/downtown_1	"MANUAL_EMERGENCY_WORK V7 exact Oxford identity; source_index=1623; definition_path=/us/definition/english/downtown_1; exact_definition='in or towards the centre of a city, especially its main business area'; selected_candidate_method=Helsinki-NLP/opus-mt-en-uk_surface_candidate; sense_source=''; sense_gloss=''; gloss_definition_similarity=1.000; morphology=""V6 pymorphy3 uk has no requested-POS parse for 'центр'""; surface_mt_never_sole_pass=PASS"	центр
MANUAL_EMERGENCY_WORK_20260820_FIRST_PASS_V7_round04	ox5000-ec48035f7d2c76a494d0	downtown	noun	B2	https://www.oxfordlearnersdictionaries.com/us/definition/english/downtown_3	MANUAL_EMERGENCY_WORK V7 exact Oxford identity; source_index=1624; definition_path=/us/definition/english/downtown_3; exact_definition='the centre of a city, especially its main business area'; selected_candidate_method=en_wiktionary_sense_bound_uk_translation; sense_source='English Wiktionary'; sense_gloss='either the lower, or the business center of a city or town'; gloss_definition_similarity=0.776; morphology='V6 pymorphy3 uk canonical lemma PASS after Unicode/stress normalization; tag=NOUN,inan neut,nomn; score=1.0000'; surface_mt_never_sole_pass=PASS	середмістя
MANUAL_EMERGENCY_WORK_20260820_FIRST_PASS_V7_round04	ox5000-3f076cc2e24ceeab0e19	dramatically	adverb	B2	https://www.oxfordlearnersdictionaries.com/us/definition/english/dramatically	MANUAL_EMERGENCY_WORK V7 exact Oxford identity; source_index=1634; definition_path=/us/definition/english/dramatically; exact_definition='very suddenly and to a very great and often surprising degree'; selected_candidate_method=Helsinki-NLP/opus-mt-en-uk_surface_candidate; sense_source=''; sense_gloss=''; gloss_definition_similarity=1.000; morphology='V6 pymorphy3 uk canonical lemma PASS after Unicode/stress normalization; tag=ADVB,compb; score=1.0000'; surface_mt_never_sole_pass=PASS	драматично
MANUAL_EMERGENCY_WORK_20260820_FIRST_PASS_V7_round04	ox5000-28fce2fd6625072758dd	drought	noun	B2	https://www.oxfordlearnersdictionaries.com/us/definition/english/drought	MANUAL_EMERGENCY_WORK V7 exact Oxford identity; source_index=1652; definition_path=/us/definition/english/drought; exact_definition='a long period of time when there is little or no rain'; selected_candidate_method=en_wiktionary_sense_bound_uk_translation; sense_source='English Wiktionary'; sense_gloss='period of unusually low rain fall'; gloss_definition_similarity=0.722; morphology='V6 pymorphy3 uk canonical lemma PASS after Unicode/stress normalization; tag=NOUN,inan femn,nomn; score=1.0000'; surface_mt_never_sole_pass=PASS	посуха
MANUAL_EMERGENCY_WORK_20260820_FIRST_PASS_V7_round04	ox5000-315c08663012957ec8b3	dull	adjective	B2	https://www.oxfordlearnersdictionaries.com/us/definition/english/dull_1	MANUAL_EMERGENCY_WORK V7 exact Oxford identity; source_index=1662; definition_path=/us/definition/english/dull_1; exact_definition='not interesting or exciting'; selected_candidate_method=Helsinki-NLP/opus-mt-en-uk_surface_candidate; sense_source=''; sense_gloss=''; gloss_definition_similarity=1.000; morphology='V6 pymorphy3 uk canonical lemma PASS after Unicode/stress normalization; tag=ADJF,compb masc,nomn; score=1.0000'; surface_mt_never_sole_pass=PASS	тьмяний
MANUAL_EMERGENCY_WORK_20260820_FIRST_PASS_V7_round04	ox5000-c6dc877cf05d2ddfc872	dump	verb	B2	https://www.oxfordlearnersdictionaries.com/us/definition/english/dump_1	MANUAL_EMERGENCY_WORK V7 exact Oxford identity; source_index=1664; definition_path=/us/definition/english/dump_1; exact_definition='to get rid of something you do not want, especially in a place that is not suitable'; selected_candidate_method=en_wiktionary_sense_bound_uk_translation; sense_source='English Wiktionary'; sense_gloss='to sell below cost or very cheaply'; gloss_definition_similarity=0.346; morphology='V6 pymorphy3 uk canonical lemma PASS after Unicode/stress normalization; tag=VERB,impf infn; score=1.0000'; surface_mt_never_sole_pass=PASS	демпінгувати
MANUAL_EMERGENCY_WORK_20260820_FIRST_PASS_V7_round04	ox5000-7f327ac67d3382af1f36	duration	noun	B2	https://www.oxfordlearnersdictionaries.com/us/definition/english/duration	MANUAL_EMERGENCY_WORK V7 exact Oxford identity; source_index=1666; definition_path=/us/definition/english/duration; exact_definition='the length of time that something lasts or continues'; selected_candidate_method=en_wiktionary_sense_bound_uk_translation; sense_source='English Wiktionary'; sense_gloss='amount of time'; gloss_definition_similarity=0.711; morphology='V6 pymorphy3 uk canonical lemma PASS after Unicode/stress normalization; tag=NOUN,inan femn,nomn; score=1.0000'; surface_mt_never_sole_pass=PASS	тривалість
MANUAL_EMERGENCY_WORK_20260820_FIRST_PASS_V7_round04	ox5000-ef71bf152c656a55a7d0	dynamic	adjective	B2	https://www.oxfordlearnersdictionaries.com/us/definition/english/dynamic_1	MANUAL_EMERGENCY_WORK V7 exact Oxford identity; source_index=1671; definition_path=/us/definition/english/dynamic_1; exact_definition='having a lot of energy and a strong personality'; selected_candidate_method=en_wiktionary_sense_bound_uk_translation; sense_source='English Wiktionary'; sense_gloss='powerful'; gloss_definition_similarity=0.495; morphology='V6 pymorphy3 uk canonical lemma PASS after Unicode/stress normalization; tag=ADJF,compb masc,nomn; score=1.0000'; surface_mt_never_sole_pass=PASS	динамічний
MANUAL_EMERGENCY_WORK_20260820_FIRST_PASS_V7_round04	ox5000-fbacc78ff91e8803a76c	economist	noun	B2	https://www.oxfordlearnersdictionaries.com/us/definition/english/economist	MANUAL_EMERGENCY_WORK V7 exact Oxford identity; source_index=1698; definition_path=/us/definition/english/economist; exact_definition='a person who studies or writes about economics'; selected_candidate_method=en_wiktionary_sense_bound_uk_translation; sense_source='English Wiktionary'; sense_gloss='expert in economics'; gloss_definition_similarity=0.821; morphology='V6 pymorphy3 uk canonical lemma PASS after Unicode/stress normalization; tag=NOUN,anim masc,nomn; score=1.0000'; surface_mt_never_sole_pass=PASS	економіст
MANUAL_EMERGENCY_WORK_20260820_FIRST_PASS_V7_round04	ox5000-0dffd09878151b2d113b	editorial	adjective	B2	https://www.oxfordlearnersdictionaries.com/us/definition/english/editorial_1	MANUAL_EMERGENCY_WORK V7 exact Oxford identity; source_index=1704; definition_path=/us/definition/english/editorial_1; exact_definition='connected with the task of preparing something such as a newspaper, a book or a television or radio programme, to be published or broadcast'; selected_candidate_method=Helsinki-NLP/opus-mt-en-uk_surface_candidate; sense_source=''; sense_gloss=''; gloss_definition_similarity=1.000; morphology='V6 pymorphy3 uk canonical lemma PASS after Unicode/stress normalization; tag=ADJF masc,nomn; score=1.0000'; surface_mt_never_sole_pass=PASS	редакційний
MANUAL_EMERGENCY_WORK_20260820_FIRST_PASS_V7_round04	ox5000-0f9b904543c55dfc5a83	efficiently	adverb	B2	https://www.oxfordlearnersdictionaries.com/us/definition/english/efficiently	MANUAL_EMERGENCY_WORK V7 exact Oxford identity; source_index=1716; definition_path=/us/definition/english/efficiently; exact_definition='in a good and careful way, with no waste of time, money or energy'; selected_candidate_method=Helsinki-NLP/opus-mt-en-uk_surface_candidate; sense_source=''; sense_gloss=''; gloss_definition_similarity=1.000; morphology='V6 pymorphy3 uk canonical lemma PASS after Unicode/stress normalization; tag=ADVB,compb; score=1.0000'; surface_mt_never_sole_pass=PASS	ефективно
MANUAL_EMERGENCY_WORK_20260820_FIRST_PASS_V7_round04	ox5000-5c9a079bb10c55b83870	elbow	noun	B2	https://www.oxfordlearnersdictionaries.com/us/definition/english/elbow_1	MANUAL_EMERGENCY_WORK V7 exact Oxford identity; source_index=1727; definition_path=/us/definition/english/elbow_1; exact_definition='the joint between the upper and lower parts of the arm where it bends in the middle'; selected_candidate_method=en_wiktionary_sense_bound_uk_translation; sense_source='English Wiktionary'; sense_gloss='joint between upper arm and forearm'; gloss_definition_similarity=0.877; morphology='V6 pymorphy3 uk canonical lemma PASS after Unicode/stress normalization; tag=NOUN,inan masc,nomn; score=1.0000'; surface_mt_never_sole_pass=PASS	лікоть
MANUAL_EMERGENCY_WORK_20260820_FIRST_PASS_V7_round04	ox5000-c3007be8ab4931bb3d62	electronics	noun	B2	https://www.oxfordlearnersdictionaries.com/us/definition/english/electronics	MANUAL_EMERGENCY_WORK V7 exact Oxford identity; source_index=1736; definition_path=/us/definition/english/electronics; exact_definition='the branch of science and technology that studies electric currents in electronic equipment'; selected_candidate_method=en_wiktionary_sense_bound_uk_translation; sense_source='English Wiktionary'; sense_gloss='physics'; gloss_definition_similarity=0.393; morphology='V6 pymorphy3 uk canonical lemma PASS after Unicode/stress normalization; tag=NOUN,femn,inan nomn; score=1.0000'; surface_mt_never_sole_pass=PASS	електроніка
MANUAL_EMERGENCY_WORK_20260820_FIRST_PASS_V7_round04	ox5000-2fe3e13b6adf5d961d3c	elegant	adjective	B2	https://www.oxfordlearnersdictionaries.com/us/definition/english/elegant	MANUAL_EMERGENCY_WORK V7 exact Oxford identity; source_index=1737; definition_path=/us/definition/english/elegant; exact_definition='attractive and showing a good sense of style'; selected_candidate_method=Helsinki-NLP/opus-mt-en-uk_surface_candidate; sense_source=''; sense_gloss=''; gloss_definition_similarity=1.000; morphology='V6 pymorphy3 uk canonical lemma PASS after Unicode/stress normalization; tag=ADJF,compb masc,nomn; score=1.0000'; surface_mt_never_sole_pass=PASS	елегантний
MANUAL_EMERGENCY_WORK_20260820_FIRST_PASS_V7_round04	ox5000-c051d0b14e7554a2af4d	elementary	adjective	B2	https://www.oxfordlearnersdictionaries.com/us/definition/english/elementary	MANUAL_EMERGENCY_WORK V7 exact Oxford identity; source_index=1739; definition_path=/us/definition/english/elementary; exact_definition='in or connected with the first stages of a course of study'; selected_candidate_method=Helsinki-NLP/opus-mt-en-uk_surface_candidate; sense_source=''; sense_gloss=''; gloss_definition_similarity=1.000; morphology='V6 pymorphy3 uk canonical lemma PASS after Unicode/stress normalization; tag=ADJF,compb masc,nomn; score=1.0000'; surface_mt_never_sole_pass=PASS	елементарний
MANUAL_EMERGENCY_WORK_20260820_FIRST_PASS_V7_round04	ox5000-5ac94dbba9ae436c39a6	eliminate	verb	B2	https://www.oxfordlearnersdictionaries.com/us/definition/english/eliminate	MANUAL_EMERGENCY_WORK V7 exact Oxford identity; source_index=1744; definition_path=/us/definition/english/eliminate; exact_definition='to remove or get rid of something'; selected_candidate_method=en_wiktionary_sense_bound_uk_translation; sense_source='English Wiktionary'; sense_gloss='completely destroy'; gloss_definition_similarity=0.498; morphology='V6 pymorphy3 uk canonical lemma PASS after Unicode/stress normalization; tag=VERB,impf infn; score=1.0000'; surface_mt_never_sole_pass=PASS	ліквідувати
MANUAL_EMERGENCY_WORK_20260820_FIRST_PASS_V7_round04	ox5000-08c78f8c2b7984d83249	embrace	verb	B2	https://www.oxfordlearnersdictionaries.com/us/definition/english/embrace_2	MANUAL_EMERGENCY_WORK V7 exact Oxford identity; source_index=1757; definition_path=/us/definition/english/embrace_2; exact_definition='to put your arms around somebody as a sign of love or friendship'; selected_candidate_method=en_wiktionary_sense_bound_uk_translation; sense_source='English Wiktionary'; sense_gloss='to clasp (someone or each other) in the arms with affection|hug'; gloss_definition_similarity=0.785; morphology='V6 pymorphy3 uk canonical lemma PASS after Unicode/stress normalization; tag=VERB,perf infn; score=1.0000'; surface_mt_never_sole_pass=PASS	обійняти
MANUAL_EMERGENCY_WORK_20260820_FIRST_PASS_V7_round04	ox5000-bda1ffe3536ced59e99a	emission	noun	B2	https://www.oxfordlearnersdictionaries.com/us/definition/english/emission	MANUAL_EMERGENCY_WORK V7 exact Oxford identity; source_index=1761; definition_path=/us/definition/english/emission; exact_definition='the production or sending out of light, heat, gas, etc.'; selected_candidate_method=en_wiktionary_sense_bound_uk_translation; sense_source='English Wiktionary'; sense_gloss='something that is emitted'; gloss_definition_similarity=0.532; morphology='V6 pymorphy3 uk canonical lemma PASS after Unicode/stress normalization; tag=NOUN,inan masc,nomn; score=1.0000'; surface_mt_never_sole_pass=PASS	викид
MANUAL_EMERGENCY_WORK_20260820_FIRST_PASS_V7_round04	ox5000-240af653d10714d95f2d	emotionally	adverb	B2	https://www.oxfordlearnersdictionaries.com/us/definition/english/emotionally	"MANUAL_EMERGENCY_WORK V7 exact Oxford identity; source_index=1764; definition_path=/us/definition/english/emotionally; exact_definition=""in a way that is connected with people's feelings (= with the emotions)""; selected_candidate_method=Helsinki-NLP/opus-mt-en-uk_surface_candidate; sense_source=''; sense_gloss=''; gloss_definition_similarity=1.000; morphology=""V6 pymorphy3 uk has no requested-POS parse for 'емоційна'""; surface_mt_never_sole_pass=PASS"	емоційна
MANUAL_EMERGENCY_WORK_20260820_FIRST_PASS_V7_round04	ox5000-ee093cc46d1da14394f0	empire	noun	B2	https://www.oxfordlearnersdictionaries.com/us/definition/english/empire	MANUAL_EMERGENCY_WORK V7 exact Oxford identity; source_index=1767; definition_path=/us/definition/english/empire; exact_definition='a group of countries or states that are controlled by one leader or government'; selected_candidate_method=en_wiktionary_sense_bound_uk_translation; sense_source='English Wiktionary'; sense_gloss='group of states'; gloss_definition_similarity=0.656; morphology='V6 pymorphy3 uk canonical lemma PASS after Unicode/stress normalization; tag=NOUN,inan femn,nomn; score=1.0000'; surface_mt_never_sole_pass=PASS	імперія
MANUAL_EMERGENCY_WORK_20260820_FIRST_PASS_V7_round04	ox5000-31d2c935d6d641420ba1	enjoyable	adjective	B2	https://www.oxfordlearnersdictionaries.com/us/definition/english/enjoyable	"MANUAL_EMERGENCY_WORK V7 exact Oxford identity; source_index=1805; definition_path=/us/definition/english/enjoyable; exact_definition='giving pleasure'; selected_candidate_method=Helsinki-NLP/opus-mt-en-uk_surface_candidate; sense_source=''; sense_gloss=''; gloss_definition_similarity=1.000; morphology=""V6 pymorphy3 uk has no requested-POS parse for 'приємно'""; surface_mt_never_sole_pass=PASS"	приємно
MANUAL_EMERGENCY_WORK_20260820_FIRST_PASS_V7_round04	ox5000-f49dfbb082c50aed8b4c	entertaining	adjective	B2	https://www.oxfordlearnersdictionaries.com/us/definition/english/entertaining	MANUAL_EMERGENCY_WORK V7 exact Oxford identity; source_index=1819; definition_path=/us/definition/english/entertaining; exact_definition='that you enjoy watching, listening to, doing or experiencing'; selected_candidate_method=en_wiktionary_sense_bound_uk_translation; sense_source='English Wiktionary'; sense_gloss='amusing'; gloss_definition_similarity=0.360; morphology='V6 pymorphy3 uk canonical lemma PASS after Unicode/stress normalization; tag=ADJF masc,nomn; score=1.0000'; surface_mt_never_sole_pass=PASS	розважальний
MANUAL_EMERGENCY_WORK_20260820_FIRST_PASS_V7_round04	ox5000-8a474e14891c7a2f46d6	entrepreneur	noun	B2	https://www.oxfordlearnersdictionaries.com/us/definition/english/entrepreneur	MANUAL_EMERGENCY_WORK V7 exact Oxford identity; source_index=1829; definition_path=/us/definition/english/entrepreneur; exact_definition='a person who makes money by starting or running businesses, especially when this involves taking financial risks'; selected_candidate_method=en_wiktionary_sense_bound_uk_translation; sense_source='English Wiktionary'; sense_gloss='person who organizes and operates a business and assumes the associated risk'; gloss_definition_similarity=0.772; morphology='V6 pymorphy3 uk canonical lemma PASS after Unicode/stress normalization; tag=NOUN,anim masc,nomn; score=1.0000'; surface_mt_never_sole_pass=PASS	підприємець
MANUAL_EMERGENCY_WORK_20260820_FIRST_PASS_V7_round04	ox5000-9ef7efb306accd10f03f	envelope	noun	B2	https://www.oxfordlearnersdictionaries.com/us/definition/english/envelope	MANUAL_EMERGENCY_WORK V7 exact Oxford identity; source_index=1831; definition_path=/us/definition/english/envelope; exact_definition='a flat paper container used for sending letters in, with a part that you stick down to close it'; selected_candidate_method=en_wiktionary_sense_bound_uk_translation; sense_source='English Wiktionary'; sense_gloss='something that envelops'; gloss_definition_similarity=0.707; morphology='V6 pymorphy3 uk canonical lemma PASS after Unicode/stress normalization; tag=NOUN,inan femn,nomn; score=1.0000'; surface_mt_never_sole_pass=PASS	обгортка
MANUAL_EMERGENCY_WORK_20260820_FIRST_PASS_V7_round04	ox5000-69666b6f95ecaf8dceb5	equip	verb	B2	https://www.oxfordlearnersdictionaries.com/us/definition/english/equip	"MANUAL_EMERGENCY_WORK V7 exact Oxford identity; source_index=1842; definition_path=/us/definition/english/equip; exact_definition='to provide yourself/somebody/something with the things that are needed for a particular purpose or activity'; selected_candidate_method=Helsinki-NLP/opus-mt-en-uk_surface_candidate; sense_source=''; sense_gloss=''; gloss_definition_similarity=1.000; morphology=""V6 pymorphy3 uk has no requested-POS parse for 'спорядження'""; surface_mt_never_sole_pass=PASS"	спорядження
MANUAL_EMERGENCY_WORK_20260820_FIRST_PASS_V7_round04	ox5000-bedeed830a30bd59f7b8	equivalent	adjective	B2	https://www.oxfordlearnersdictionaries.com/us/definition/english/equivalent_2	MANUAL_EMERGENCY_WORK V7 exact Oxford identity; source_index=1844; definition_path=/us/definition/english/equivalent_2; exact_definition='equal in value, amount, meaning, importance, etc.'; selected_candidate_method=en_wiktionary_sense_bound_uk_translation; sense_source='English Wiktionary'; sense_gloss='similar or identical in value'; gloss_definition_similarity=0.668; morphology='V6 pymorphy3 uk canonical lemma PASS after Unicode/stress normalization; tag=ADJF masc,nomn; score=1.0000'; surface_mt_never_sole_pass=PASS	рівноцінний
MANUAL_EMERGENCY_WORK_20260820_FIRST_PASS_V7_round04	ox5000-eae218cc17da85168d23	equivalent	noun	B2	https://www.oxfordlearnersdictionaries.com/us/definition/english/equivalent_1	MANUAL_EMERGENCY_WORK V7 exact Oxford identity; source_index=1845; definition_path=/us/definition/english/equivalent_1; exact_definition='a thing, amount, word, etc. that is equal in value, meaning or purpose to something else'; selected_candidate_method=en_wiktionary_sense_bound_uk_translation; sense_source='English Wiktionary'; sense_gloss='anything that is virtually equal to something else'; gloss_definition_similarity=0.757; morphology='V6 pymorphy3 uk canonical lemma PASS after Unicode/stress normalization; tag=NOUN,inan masc,nomn; score=1.0000'; surface_mt_never_sole_pass=PASS	еквівалент
MANUAL_EMERGENCY_WORK_20260820_FIRST_PASS_V7_round04	ox5000-56b353657dba1a61f24a	era	noun	B2	https://www.oxfordlearnersdictionaries.com/us/definition/english/era	MANUAL_EMERGENCY_WORK V7 exact Oxford identity; source_index=1846; definition_path=/us/definition/english/era; exact_definition='a period of time, usually in history, that is different from other periods because of particular characteristics or events'; selected_candidate_method=en_wiktionary_sense_bound_uk_translation; sense_source='English Wiktionary'; sense_gloss='time period'; gloss_definition_similarity=0.666; morphology='V6 pymorphy3 uk canonical lemma PASS after Unicode/stress normalization; tag=NOUN,inan femn,nomn; score=1.0000'; surface_mt_never_sole_pass=PASS	епоха
MANUAL_EMERGENCY_WORK_20260820_FIRST_PASS_V7_round04	ox5000-30d669c469a9c6d1e040	erupt	verb	B2	https://www.oxfordlearnersdictionaries.com/us/definition/english/erupt	MANUAL_EMERGENCY_WORK V7 exact Oxford identity; source_index=1849; definition_path=/us/definition/english/erupt; exact_definition='when a volcano erupts or burning rocks, smoke, etc. erupt or are erupted , the burning rocks, etc. are thrown out from the volcano'; selected_candidate_method=en_wiktionary_sense_bound_uk_translation; sense_source='English Wiktionary'; sense_gloss='to violently eject'; gloss_definition_similarity=0.249; morphology='V6 pymorphy3 uk canonical lemma PASS after Unicode/stress normalization; tag=VERB,impf; score=1.0000'; surface_mt_never_sole_pass=PASS	вивергати
MANUAL_EMERGENCY_WORK_20260820_FIRST_PASS_V7_round04	ox5000-ad62bcd01b35a0aa8cf5	essentially	adverb	B2	https://www.oxfordlearnersdictionaries.com/us/definition/english/essentially	MANUAL_EMERGENCY_WORK V7 exact Oxford identity; source_index=1857; definition_path=/us/definition/english/essentially; exact_definition='when you think about the true, important or basic nature of somebody/something'; selected_candidate_method=en_wiktionary_sense_bound_uk_translation; sense_source='English Wiktionary'; sense_gloss='essentially'; gloss_definition_similarity=0.337; morphology='V6 genuine multiword lexical phrase; Unicode-normalized V4 lexical/POS form accepted'; surface_mt_never_sole_pass=PASS	по суті
MANUAL_EMERGENCY_WORK_20260820_FIRST_PASS_V7_round04	ox5000-ae44c8e9073abc0a1382	ethic	noun	B2	https://www.oxfordlearnersdictionaries.com/us/definition/english/ethic	MANUAL_EMERGENCY_WORK V7 exact Oxford identity; source_index=1864; definition_path=/us/definition/english/ethic; exact_definition='moral principles that control or influence a person’s behaviour'; selected_candidate_method=Helsinki-NLP/opus-mt-en-uk_surface_candidate; sense_source=''; sense_gloss=''; gloss_definition_similarity=1.000; morphology='V6 pymorphy3 uk canonical lemma PASS after Unicode/stress normalization; tag=NOUN,inan femn,nomn; score=1.0000'; surface_mt_never_sole_pass=PASS	етика
MANUAL_EMERGENCY_WORK_20260820_FIRST_PASS_V7_round04	ox5000-b5fe4ca0cb57767b5696	ethnic	adjective	B2	https://www.oxfordlearnersdictionaries.com/us/definition/english/ethnic_1	MANUAL_EMERGENCY_WORK V7 exact Oxford identity; source_index=1866; definition_path=/us/definition/english/ethnic_1; exact_definition='connected with or belonging to a group of people that share a cultural tradition'; selected_candidate_method=en_wiktionary_sense_bound_uk_translation; sense_source='English Wiktionary'; sense_gloss='of or relating to a group of people'; gloss_definition_similarity=0.620; morphology='V6 pymorphy3 uk canonical lemma PASS after Unicode/stress normalization; tag=ADJF,compb masc,nomn; score=1.0000'; surface_mt_never_sole_pass=PASS	етнічний
MANUAL_EMERGENCY_WORK_20260820_FIRST_PASS_V7_round04	ox5000-d8b18880e169486d11a5	evaluation	noun	B2	https://www.oxfordlearnersdictionaries.com/us/definition/english/evaluation	MANUAL_EMERGENCY_WORK V7 exact Oxford identity; source_index=1870; definition_path=/us/definition/english/evaluation; exact_definition='the act of forming an opinion of the amount, value or quality of something after thinking about it carefully'; selected_candidate_method=en_wiktionary_sense_bound_uk_translation; sense_source='English Wiktionary'; sense_gloss='assessment'; gloss_definition_similarity=0.527; morphology='V6 pymorphy3 uk canonical lemma PASS after Unicode/stress normalization; tag=NOUN,inan femn,nomn; score=1.0000'; surface_mt_never_sole_pass=PASS	оцінка
MANUAL_EMERGENCY_WORK_20260820_FIRST_PASS_V7_round04	ox5000-38fabc705df782f15f98	evident	adjective	B2	https://www.oxfordlearnersdictionaries.com/us/definition/english/evident	MANUAL_EMERGENCY_WORK V7 exact Oxford identity; source_index=1884; definition_path=/us/definition/english/evident; exact_definition='clear; easily seen'; selected_candidate_method=en_wiktionary_sense_bound_uk_translation; sense_source='English Wiktionary'; sense_gloss='obviously true'; gloss_definition_similarity=0.409; morphology='V6 pymorphy3 uk canonical lemma PASS after Unicode/stress normalization; tag=ADJF,compb masc,nomn; score=1.0000'; surface_mt_never_sole_pass=PASS	очевидний
MANUAL_EMERGENCY_WORK_20260820_FIRST_PASS_V7_round04	ox5000-c10da450920e83775e89	evolution	noun	B2	https://www.oxfordlearnersdictionaries.com/us/definition/english/evolution	MANUAL_EMERGENCY_WORK V7 exact Oxford identity; source_index=1888; definition_path=/us/definition/english/evolution; exact_definition='the slow steady development of plants, animals, etc. during the history of the earth, as they adapt to changes in their environment'; selected_candidate_method=en_wiktionary_sense_bound_uk_translation; sense_source='English Wiktionary'; sense_gloss='general: a gradual process of development'; gloss_definition_similarity=0.489; morphology='V6 pymorphy3 uk canonical lemma PASS after Unicode/stress normalization; tag=NOUN,inan femn,nomn; score=1.0000'; surface_mt_never_sole_pass=PASS	еволюція
MANUAL_EMERGENCY_WORK_20260820_FIRST_PASS_V7_round04	ox5000-7ff21e9a0227dd05a0e5	evolve	verb	B2	https://www.oxfordlearnersdictionaries.com/us/definition/english/evolve	MANUAL_EMERGENCY_WORK V7 exact Oxford identity; source_index=1890; definition_path=/us/definition/english/evolve; exact_definition='to develop gradually, especially from a simple to a more complicated form; to develop something in this way'; selected_candidate_method=en_wiktionary_sense_bound_uk_translation; sense_source='English Wiktionary'; sense_gloss='change genetic composition'; gloss_definition_similarity=0.328; morphology='V6 pymorphy3 uk canonical lemma PASS after Unicode/stress normalization; tag=VERB,Refl,impf infn; score=1.0000'; surface_mt_never_sole_pass=PASS	розвиватися
MANUAL_EMERGENCY_WORK_20260820_FIRST_PASS_V7_round04	ox5000-a4eb18bbc1606607a948	exceed	verb	B2	https://www.oxfordlearnersdictionaries.com/us/definition/english/exceed	"MANUAL_EMERGENCY_WORK V7 exact Oxford identity; source_index=1898; definition_path=/us/definition/english/exceed; exact_definition='to be greater than a particular number or amount'; selected_candidate_method=Helsinki-NLP/opus-mt-en-uk_surface_candidate; sense_source=''; sense_gloss=''; gloss_definition_similarity=1.000; morphology=""V6 pymorphy3 uk has no requested-POS parse for 'більше'""; surface_mt_never_sole_pass=PASS"	більше
MANUAL_EMERGENCY_WORK_20260820_FIRST_PASS_V7_round04	ox5000-3eaa6e8cecd547ed3cb7	exception	noun	B2	https://www.oxfordlearnersdictionaries.com/us/definition/english/exception	MANUAL_EMERGENCY_WORK V7 exact Oxford identity; source_index=1903; definition_path=/us/definition/english/exception; exact_definition='a person or thing that is not included in a general statement'; selected_candidate_method=en_wiktionary_sense_bound_uk_translation; sense_source='English Wiktionary'; sense_gloss='that which is excepted or taken out from others'; gloss_definition_similarity=0.652; morphology='V6 pymorphy3 uk canonical lemma PASS after Unicode/stress normalization; tag=NOUN,inan masc,nomn; score=1.0000'; surface_mt_never_sole_pass=PASS	виняток
MANUAL_EMERGENCY_WORK_20260820_FIRST_PASS_V7_round04	ox5000-f04760f861e36a60749e	excessive	adjective	B2	https://www.oxfordlearnersdictionaries.com/us/definition/english/excessive	MANUAL_EMERGENCY_WORK V7 exact Oxford identity; source_index=1907; definition_path=/us/definition/english/excessive; exact_definition='greater than what seems reasonable or appropriate'; selected_candidate_method=en_wiktionary_sense_bound_uk_translation; sense_source='English Wiktionary'; sense_gloss='exceeding the bounds of something'; gloss_definition_similarity=0.507; morphology='V6 pymorphy3 uk canonical lemma PASS after Unicode/stress normalization; tag=ADJF masc,nomn; score=1.0000'; surface_mt_never_sole_pass=PASS	непомірний
MANUAL_EMERGENCY_WORK_20260820_FIRST_PASS_V7_round04	ox5000-7ba09d1c95fa8a9511c4	exclude	verb	B2	https://www.oxfordlearnersdictionaries.com/us/definition/english/exclude	MANUAL_EMERGENCY_WORK V7 exact Oxford identity; source_index=1913; definition_path=/us/definition/english/exclude; exact_definition='to deliberately not include something in what you are doing or considering'; selected_candidate_method=Helsinki-NLP/opus-mt-en-uk_surface_candidate; sense_source=''; sense_gloss=''; gloss_definition_similarity=1.000; morphology='V6 pymorphy3 uk canonical lemma PASS after Unicode/stress normalization; tag=VERB,perf infn; score=1.0000'; surface_mt_never_sole_pass=PASS	виключити
MANUAL_EMERGENCY_WORK_20260820_FIRST_PASS_V7_round04	ox5000-423378269c32f713c96b	exhibit	noun	B2	https://www.oxfordlearnersdictionaries.com/us/definition/english/exhibit_2	MANUAL_EMERGENCY_WORK V7 exact Oxford identity; source_index=1926; definition_path=/us/definition/english/exhibit_2; exact_definition='an object or a collection of objects put in a public place, for example a museum, so that people can see it'; selected_candidate_method=en_wiktionary_sense_bound_uk_translation; sense_source='English Wiktionary'; sense_gloss='something exhibited'; gloss_definition_similarity=0.560; morphology='V6 pymorphy3 uk canonical lemma PASS after Unicode/stress normalization; tag=NOUN,inan masc,nomn; score=1.0000'; surface_mt_never_sole_pass=PASS	експонат
MANUAL_EMERGENCY_WORK_20260820_FIRST_PASS_V7_round04	ox5000-31c37db5211ae9d29e59	exhibit	verb	B2	https://www.oxfordlearnersdictionaries.com/us/definition/english/exhibit_1	MANUAL_EMERGENCY_WORK V7 exact Oxford identity; source_index=1927; definition_path=/us/definition/english/exhibit_1; exact_definition='to show something in a public place for people to enjoy or to give them information'; selected_candidate_method=en_wiktionary_sense_bound_uk_translation; sense_source='English Wiktionary'; sense_gloss='display or show (something) for others to see'; gloss_definition_similarity=0.726; morphology='V6 pymorphy3 uk canonical lemma PASS after Unicode/stress normalization; tag=VERB,perf infn; score=1.0000'; surface_mt_never_sole_pass=PASS	виставити
MANUAL_EMERGENCY_WORK_20260820_FIRST_PASS_V7_round04	ox5000-19adc9708cbcd84850ba	exit	noun	B2	https://www.oxfordlearnersdictionaries.com/us/definition/english/exit_1	MANUAL_EMERGENCY_WORK V7 exact Oxford identity; source_index=1932; definition_path=/us/definition/english/exit_1; exact_definition='a way out of a public building or vehicle'; selected_candidate_method=en_wiktionary_sense_bound_uk_translation; sense_source='English Wiktionary'; sense_gloss='way out'; gloss_definition_similarity=0.636; morphology='V6 pymorphy3 uk canonical lemma PASS after Unicode/stress normalization; tag=NOUN,inan masc,nomn; score=1.0000'; surface_mt_never_sole_pass=PASS	виїзд
MANUAL_EMERGENCY_WORK_20260820_FIRST_PASS_V7_round04	ox5000-8a0eec8f77097262e252	exotic	adjective	B2	https://www.oxfordlearnersdictionaries.com/us/definition/english/exotic	MANUAL_EMERGENCY_WORK V7 exact Oxford identity; source_index=1934; definition_path=/us/definition/english/exotic; exact_definition='from or in another country, especially a tropical one; seeming exciting and unusual because it seems to be connected with other countries'; selected_candidate_method=en_wiktionary_sense_bound_uk_translation; sense_source='English Wiktionary'; sense_gloss='foreign, with the connotation of excitingly foreign'; gloss_definition_similarity=0.577; morphology='V6 pymorphy3 uk canonical lemma PASS after Unicode/stress normalization; tag=ADJF,compb masc,nomn; score=1.0000'; surface_mt_never_sole_pass=PASS	екзотичний
MANUAL_EMERGENCY_WORK_20260820_FIRST_PASS_V7_round04	ox5000-b02ca5f0dad7df4d2555	expansion	noun	B2	https://www.oxfordlearnersdictionaries.com/us/definition/english/expansion	MANUAL_EMERGENCY_WORK V7 exact Oxford identity; source_index=1936; definition_path=/us/definition/english/expansion; exact_definition='an act of increasing or making something increase in size, amount or importance'; selected_candidate_method=en_wiktionary_sense_bound_uk_translation; sense_source='English Wiktionary'; sense_gloss='act of expanding'; gloss_definition_similarity=0.697; morphology='V6 pymorphy3 uk canonical lemma PASS after Unicode/stress normalization; tag=NOUN,inan femn,nomn; score=1.0000'; surface_mt_never_sole_pass=PASS	експансія
MANUAL_EMERGENCY_WORK_20260820_FIRST_PASS_V7_round04	ox5000-db878068101448926700	expertise	noun	B2	https://www.oxfordlearnersdictionaries.com/us/definition/english/expertise	MANUAL_EMERGENCY_WORK V7 exact Oxford identity; source_index=1952; definition_path=/us/definition/english/expertise; exact_definition='expert knowledge or skill in a particular subject, activity or job'; selected_candidate_method=Helsinki-NLP/opus-mt-en-uk_surface_candidate; sense_source=''; sense_gloss=''; gloss_definition_similarity=1.000; morphology='V6 pymorphy3 uk canonical lemma PASS after Unicode/stress normalization; tag=NOUN,inan femn,nomn; score=1.0000'; surface_mt_never_sole_pass=PASS	експертиза
MANUAL_EMERGENCY_WORK_20260820_FIRST_PASS_V7_round04	ox5000-ef4a7e83e64103fd38d7	exploit	verb	B2	https://www.oxfordlearnersdictionaries.com/us/definition/english/exploit_1	MANUAL_EMERGENCY_WORK V7 exact Oxford identity; source_index=1959; definition_path=/us/definition/english/exploit_1; exact_definition='to treat a person or situation as an opportunity to gain an advantage for yourself'; selected_candidate_method=en_wiktionary_sense_bound_uk_translation; sense_source='English Wiktionary'; sense_gloss='use for one’s advantage'; gloss_definition_similarity=0.671; morphology='V6 pymorphy3 uk canonical lemma PASS after Unicode/stress normalization; tag=VERB,impf infn; score=1.0000'; surface_mt_never_sole_pass=PASS	експлуатувати
MANUAL_EMERGENCY_WORK_20260820_FIRST_PASS_V7_round04	ox5000-da3a344a90cc77842f0f	exposure	noun	B2	https://www.oxfordlearnersdictionaries.com/us/definition/english/exposure	MANUAL_EMERGENCY_WORK V7 exact Oxford identity; source_index=1969; definition_path=/us/definition/english/exposure; exact_definition='the state of being in a place or situation where there is no protection from something harmful or unpleasant'; selected_candidate_method=en_wiktionary_sense_bound_uk_translation; sense_source='English Wiktionary'; sense_gloss='film exposed'; gloss_definition_similarity=0.264; morphology='V6 pymorphy3 uk canonical lemma PASS after Unicode/stress normalization; tag=NOUN,inan femn,nomn; score=1.0000'; surface_mt_never_sole_pass=PASS	експозиція
MANUAL_EMERGENCY_WORK_20260820_FIRST_PASS_V7_round04	ox5000-47ce42b1dcae59990d04	extension	noun	B2	https://www.oxfordlearnersdictionaries.com/us/definition/english/extension	MANUAL_EMERGENCY_WORK V7 exact Oxford identity; source_index=1973; definition_path=/us/definition/english/extension; exact_definition='the act of increasing the area of activity, group of people, etc. that is affected by something'; selected_candidate_method=Helsinki-NLP/opus-mt-en-uk_surface_candidate; sense_source=''; sense_gloss=''; gloss_definition_similarity=1.000; morphology='V6 pymorphy3 uk canonical lemma PASS after Unicode/stress normalization; tag=NOUN,inan masc,nomn; score=1.0000'; surface_mt_never_sole_pass=PASS	суфікс
MANUAL_EMERGENCY_WORK_20260820_FIRST_PASS_V7_round04	ox5000-293e2fc606e4bb1f9c71	extensive	adjective	B2	https://www.oxfordlearnersdictionaries.com/us/definition/english/extensive	MANUAL_EMERGENCY_WORK V7 exact Oxford identity; source_index=1974; definition_path=/us/definition/english/extensive; exact_definition='covering a large area; great in amount'; selected_candidate_method=en_wiktionary_sense_bound_uk_translation; sense_source='English Wiktionary'; sense_gloss='wide'; gloss_definition_similarity=0.584; morphology='V6 pymorphy3 uk canonical lemma PASS after Unicode/stress normalization; tag=ADJF,Dist,compb masc,nomn; score=1.0000'; surface_mt_never_sole_pass=PASS	обширний
MANUAL_EMERGENCY_WORK_20260820_FIRST_PASS_V7_round04	ox5000-0a3468782d34d84170d5	extensively	adverb	B2	https://www.oxfordlearnersdictionaries.com/us/definition/english/extensively	MANUAL_EMERGENCY_WORK V7 exact Oxford identity; source_index=1975; definition_path=/us/definition/english/extensively; exact_definition='in a way that covers a large area'; selected_candidate_method=Helsinki-NLP/opus-mt-en-uk_surface_candidate; sense_source=''; sense_gloss=''; gloss_definition_similarity=1.000; morphology='V6 pymorphy3 uk canonical lemma PASS after Unicode/stress normalization; tag=ADVB,compb; score=1.0000'; surface_mt_never_sole_pass=PASS	багато
MANUAL_EMERGENCY_WORK_20260820_FIRST_PASS_V7_round04	ox5000-332726e8976ae1dd9d77	extract	noun	B2	https://www.oxfordlearnersdictionaries.com/us/definition/english/extract_1	MANUAL_EMERGENCY_WORK V7 exact Oxford identity; source_index=1981; definition_path=/us/definition/english/extract_1; exact_definition='a short passage from a book, piece of music, etc. that gives you an idea of what the whole thing is like'; selected_candidate_method=en_wiktionary_sense_bound_uk_translation; sense_source='English Wiktionary'; sense_gloss='solution made by drawing out from a substance'; gloss_definition_similarity=0.235; morphology='V6 pymorphy3 uk canonical lemma PASS after Unicode/stress normalization; tag=NOUN,inan masc,nomn; score=1.0000'; surface_mt_never_sole_pass=PASS	екстракт
MANUAL_EMERGENCY_WORK_20260820_FIRST_PASS_V7_round04	ox5000-0f7caa6befc952d04c09	fabric	noun	B2	https://www.oxfordlearnersdictionaries.com/us/definition/english/fabric	MANUAL_EMERGENCY_WORK V7 exact Oxford identity; source_index=1989; definition_path=/us/definition/english/fabric; exact_definition='material made by weaving wool, cotton, silk, etc., used for making clothes, curtains, etc. and for covering furniture'; selected_candidate_method=en_wiktionary_sense_bound_uk_translation; sense_source='English Wiktionary'; sense_gloss='material made of fibers'; gloss_definition_similarity=0.725; morphology='V6 pymorphy3 uk canonical lemma PASS after Unicode/stress normalization; tag=NOUN,inan femn,nomn; score=1.0000'; surface_mt_never_sole_pass=PASS	тканина
MANUAL_EMERGENCY_WORK_20260820_FIRST_PASS_V7_round04	ox5000-ef35efd68f20517aad21	fabulous	adjective	B2	https://www.oxfordlearnersdictionaries.com/us/definition/english/fabulous	"MANUAL_EMERGENCY_WORK V7 exact Oxford identity; source_index=1990; definition_path=/us/definition/english/fabulous; exact_definition='extremely good'; selected_candidate_method=Helsinki-NLP/opus-mt-en-uk_surface_candidate; sense_source=''; sense_gloss=''; gloss_definition_similarity=1.000; morphology=""V6 pymorphy3 uk has no requested-POS parse for 'Дивовижно'""; surface_mt_never_sole_pass=PASS"	Дивовижно
MANUAL_EMERGENCY_WORK_20260820_FIRST_PASS_V7_round04	ox5000-17a2d8b159c132a215ea	failed	adjective	B2	https://www.oxfordlearnersdictionaries.com/us/definition/english/failed	"MANUAL_EMERGENCY_WORK V7 exact Oxford identity; source_index=2002; definition_path=/us/definition/english/failed; exact_definition='not successful'; selected_candidate_method=Helsinki-NLP/opus-mt-en-uk_surface_candidate; sense_source=''; sense_gloss=''; gloss_definition_similarity=1.000; morphology=""V6 pymorphy3 uk has no requested-POS parse for 'невдало'""; surface_mt_never_sole_pass=PASS"	невдало
MANUAL_EMERGENCY_WORK_20260820_FIRST_PASS_V7_round04	ox5000-2134f21a7877889bc152	fake	adjective	B2	https://www.oxfordlearnersdictionaries.com/us/definition/english/fake_1	"MANUAL_EMERGENCY_WORK V7 exact Oxford identity; source_index=2008; definition_path=/us/definition/english/fake_1; exact_definition='not what somebody claims it is; appearing to be something it is not'; selected_candidate_method=en_wiktionary_sense_bound_uk_translation; sense_source='English Wiktionary'; sense_gloss='modify fraudulently to make sth. look better'; gloss_definition_similarity=0.251; morphology=""V6 pymorphy3 uk has no requested-POS parse for 'підробляти'""; surface_mt_never_sole_pass=PASS"	підробляти
MANUAL_EMERGENCY_WORK_20260820_FIRST_PASS_V7_round04	ox5000-af9f6fc2822a5032991b	fame	noun	B2	https://www.oxfordlearnersdictionaries.com/us/definition/english/fame	MANUAL_EMERGENCY_WORK V7 exact Oxford identity; source_index=2012; definition_path=/us/definition/english/fame; exact_definition='the state of being known and talked about by many people'; selected_candidate_method=en_wiktionary_sense_bound_uk_translation; sense_source='English Wiktionary'; sense_gloss='state of being famous'; gloss_definition_similarity=0.630; morphology='V6 pymorphy3 uk canonical lemma PASS after Unicode/stress normalization; tag=NOUN,inan femn; score=1.0000'; surface_mt_never_sole_pass=PASS	відомість
MANUAL_EMERGENCY_WORK_20260820_FIRST_PASS_V7_round04	ox5000-5838fae45af6b7342ff4	fantasy	noun	B2	https://www.oxfordlearnersdictionaries.com/us/definition/english/fantasy	"MANUAL_EMERGENCY_WORK V7 exact Oxford identity; source_index=2021; definition_path=/us/definition/english/fantasy; exact_definition='a pleasant situation that you imagine but that is unlikely to happen'; selected_candidate_method=en_wiktionary_sense_bound_uk_translation; sense_source='English Wiktionary'; sense_gloss=""that which comes from one's imagination""; gloss_definition_similarity=0.352; morphology='V6 pymorphy3 uk canonical lemma PASS after Unicode/stress normalization; tag=NOUN,inan femn,nomn; score=1.0000'; surface_mt_never_sole_pass=PASS"	фантазія
MANUAL_EMERGENCY_WORK_20260820_FIRST_PASS_V7_round04	ox5000-e62ff1e0d169e7695c4a	fare	noun	B2	https://www.oxfordlearnersdictionaries.com/us/definition/english/fare_1	MANUAL_EMERGENCY_WORK V7 exact Oxford identity; source_index=2024; definition_path=/us/definition/english/fare_1; exact_definition='the money that you pay to travel by bus, plane, taxi, etc.'; selected_candidate_method=Helsinki-NLP/opus-mt-en-uk_surface_candidate; sense_source=''; sense_gloss=''; gloss_definition_similarity=1.000; morphology='V6 pymorphy3 uk canonical lemma PASS after Unicode/stress normalization; tag=NOUN,inan masc,nomn; score=1.0000'; surface_mt_never_sole_pass=PASS	тариф
MANUAL_EMERGENCY_WORK_20260820_FIRST_PASS_V7_round04	ox5000-5c5f6469717804efa6ca	federal	adjective	B2	https://www.oxfordlearnersdictionaries.com/us/definition/english/federal	MANUAL_EMERGENCY_WORK V7 exact Oxford identity; source_index=2053; definition_path=/us/definition/english/federal; exact_definition='having a system of government in which the individual states of a country have control over their own affairs, but are controlled by a central government for national decisions, etc.'; selected_candidate_method=en_wiktionary_sense_bound_uk_translation; sense_source='English Wiktionary'; sense_gloss='pertaining to a league or treaty; derived from an agreement or covenant between parties, especially between nations'; gloss_definition_similarity=0.349; morphology='V6 pymorphy3 uk canonical lemma PASS after Unicode/stress normalization; tag=ADJF masc,nomn; score=1.0000'; surface_mt_never_sole_pass=PASS	федеративний
MANUAL_EMERGENCY_WORK_20260820_FIRST_PASS_V7_round04	ox5000-6da150f86ef5e4cdec6d	fever	noun	B2	https://www.oxfordlearnersdictionaries.com/us/definition/english/fever	MANUAL_EMERGENCY_WORK V7 exact Oxford identity; source_index=2069; definition_path=/us/definition/english/fever; exact_definition='a medical condition in which a person has a temperature that is higher than normal'; selected_candidate_method=en_wiktionary_sense_bound_uk_translation; sense_source='English Wiktionary'; sense_gloss='higher than normal body temperature'; gloss_definition_similarity=0.728; morphology='V6 pymorphy3 uk canonical lemma PASS after Unicode/stress normalization; tag=NOUN,inan femn,nomn; score=1.0000'; surface_mt_never_sole_pass=PASS	температура
MANUAL_EMERGENCY_WORK_20260820_FIRST_PASS_V7_round04	ox5000-b780af72eaa52c9bcfa6	firefighter	noun	B2	https://www.oxfordlearnersdictionaries.com/us/definition/english/firefighter	MANUAL_EMERGENCY_WORK V7 exact Oxford identity; source_index=2110; definition_path=/us/definition/english/firefighter; exact_definition='a person whose job is to put out fires'; selected_candidate_method=en_wiktionary_sense_bound_uk_translation; sense_source='English Wiktionary'; sense_gloss='person who puts out fires'; gloss_definition_similarity=0.924; morphology='V6 pymorphy3 uk canonical lemma PASS after Unicode/stress normalization; tag=NOUN,anim masc,nomn; score=1.0000'; surface_mt_never_sole_pass=PASS	пожежник
MANUAL_EMERGENCY_WORK_20260820_FIRST_PASS_V7_round04	ox5000-6e881b75f8a8d383a4fe	firework	noun	B2	https://www.oxfordlearnersdictionaries.com/us/definition/english/firework	MANUAL_EMERGENCY_WORK V7 exact Oxford identity; source_index=2111; definition_path=/us/definition/english/firework; exact_definition='a small device containing powder that burns or explodes and produces bright coloured lights and loud noises, used especially at celebrations'; selected_candidate_method=en_wiktionary_sense_bound_uk_translation; sense_source='English Wiktionary'; sense_gloss='exploding device'; gloss_definition_similarity=0.572; morphology='V6 pymorphy3 uk canonical lemma PASS after Unicode/stress normalization; tag=NOUN,inan masc,nomn; score=1.0000'; surface_mt_never_sole_pass=PASS	феєрверк
MANUAL_EMERGENCY_WORK_20260820_FIRST_PASS_V7_round04	ox5000-e8f9305cf8015bbc5cee	firm	adjective	B2	https://www.oxfordlearnersdictionaries.com/us/definition/english/firm_2	MANUAL_EMERGENCY_WORK V7 exact Oxford identity; source_index=2112; definition_path=/us/definition/english/firm_2; exact_definition='fairly hard; not easy to press into a different shape'; selected_candidate_method=en_wiktionary_sense_bound_uk_translation; sense_source='English Wiktionary'; sense_gloss='solid, rigid (material state)'; gloss_definition_similarity=0.462; morphology='V6 pymorphy3 uk canonical lemma PASS after Unicode/stress normalization; tag=ADJF,compb masc,nomn; score=1.0000'; surface_mt_never_sole_pass=PASS	твердий
MANUAL_EMERGENCY_WORK_20260820_FIRST_PASS_V7_round04	ox5000-4f6617b9287ff2da9ea7	firmly	adverb	B2	https://www.oxfordlearnersdictionaries.com/us/definition/english/firmly	MANUAL_EMERGENCY_WORK V7 exact Oxford identity; source_index=2114; definition_path=/us/definition/english/firmly; exact_definition='in a strong or definite way'; selected_candidate_method=Helsinki-NLP/opus-mt-en-uk_surface_candidate; sense_source=''; sense_gloss=''; gloss_definition_similarity=1.000; morphology='V6 pymorphy3 uk canonical lemma PASS after Unicode/stress normalization; tag=ADVB,compb; score=1.0000'; surface_mt_never_sole_pass=PASS	твердо
MANUAL_EMERGENCY_WORK_20260820_FIRST_PASS_V7_round04	ox5000-bd79c052fa5d352fbb27	flavour	noun	B2	https://www.oxfordlearnersdictionaries.com/us/definition/english/flavour_1	MANUAL_EMERGENCY_WORK V7 exact Oxford identity; source_index=2138; definition_path=/us/definition/english/flavour_1; exact_definition='how food or drink tastes'; selected_candidate_method=Helsinki-NLP/opus-mt-en-uk_surface_candidate; sense_source=''; sense_gloss=''; gloss_definition_similarity=1.000; morphology='V6 no Ukrainian lexical token after Unicode/stress normalization'; surface_mt_never_sole_pass=PASS	flavour
MANUAL_EMERGENCY_WORK_20260820_FIRST_PASS_V7_round04	ox5000-cc984d8d5615f983c4c8	fond	adjective	B2	https://www.oxfordlearnersdictionaries.com/us/definition/english/fond	MANUAL_EMERGENCY_WORK V7 exact Oxford identity; source_index=2173; definition_path=/us/definition/english/fond; exact_definition='having warm or loving feelings for somebody, especially somebody you have known for a long time'; selected_candidate_method=en_wiktionary_sense_bound_uk_translation; sense_source='English Wiktionary'; sense_gloss='affectionate'; gloss_definition_similarity=0.602; morphology='V6 pymorphy3 uk canonical lemma PASS after Unicode/stress normalization; tag=ADJF masc,nomn; score=1.0000'; surface_mt_never_sole_pass=PASS	люблячий
MANUAL_EMERGENCY_WORK_20260820_FIRST_PASS_V7_round04	ox5000-afa74ec045528b9642d4	fool	noun	B2	https://www.oxfordlearnersdictionaries.com/us/definition/english/fool_1	MANUAL_EMERGENCY_WORK V7 exact Oxford identity; source_index=2175; definition_path=/us/definition/english/fool_1; exact_definition='a person who you think behaves or speaks in a way that lacks intelligence or good judgement'; selected_candidate_method=en_wiktionary_sense_bound_uk_translation; sense_source='English Wiktionary'; sense_gloss='person with poor judgement or little intelligence'; gloss_definition_similarity=0.821; morphology='V6 pymorphy3 uk canonical lemma PASS after Unicode/stress normalization; tag=NOUN,anim masc,nomn; score=1.0000'; surface_mt_never_sole_pass=PASS	дурень
MANUAL_EMERGENCY_WORK_20260820_FIRST_PASS_V7_round04	ox5000-e74afd4a21b32dd7948a	forbid	verb	B2	https://www.oxfordlearnersdictionaries.com/us/definition/english/forbid	MANUAL_EMERGENCY_WORK V7 exact Oxford identity; source_index=2180; definition_path=/us/definition/english/forbid; exact_definition='to order somebody not to do something; to order that something must not be done'; selected_candidate_method=en_wiktionary_sense_bound_uk_translation; sense_source='English Wiktionary'; sense_gloss='to disallow'; gloss_definition_similarity=0.550; morphology='V6 pymorphy3 uk canonical lemma PASS after Unicode/stress normalization; tag=VERB,impf infn; score=1.0000'; surface_mt_never_sole_pass=PASS	забороняти
MANUAL_EMERGENCY_WORK_20260820_FIRST_PASS_V7_round04	ox5000-8f0a5905b743e6145587	forecast	noun	B2	https://www.oxfordlearnersdictionaries.com/us/definition/english/forecast_1	MANUAL_EMERGENCY_WORK V7 exact Oxford identity; source_index=2183; definition_path=/us/definition/english/forecast_1; exact_definition='a statement about what will happen in the future, based on information that is available now'; selected_candidate_method=Helsinki-NLP/opus-mt-en-uk_surface_candidate; sense_source=''; sense_gloss=''; gloss_definition_similarity=1.000; morphology='V6 pymorphy3 uk canonical lemma PASS after Unicode/stress normalization; tag=NOUN,inan masc,nomn; score=1.0000'; surface_mt_never_sole_pass=PASS	прогноз
MANUAL_EMERGENCY_WORK_20260820_FIRST_PASS_V7_round04	ox5000-3a0f5941248926ec1d37	forecast	verb	B2	https://www.oxfordlearnersdictionaries.com/us/definition/english/forecast_2	"MANUAL_EMERGENCY_WORK V7 exact Oxford identity; source_index=2184; definition_path=/us/definition/english/forecast_2; exact_definition='to say what you think will happen in the future based on information that you have now'; selected_candidate_method=Helsinki-NLP/opus-mt-en-uk_surface_candidate; sense_source=''; sense_gloss=''; gloss_definition_similarity=1.000; morphology=""V6 pymorphy3 uk has no requested-POS parse for 'прогноз'""; surface_mt_never_sole_pass=PASS"	прогноз
MANUAL_EMERGENCY_WORK_20260820_FIRST_PASS_V7_round04	ox5000-727991f6048fe8ce77d0	foreigner	noun	C1	https://www.oxfordlearnersdictionaries.com/us/definition/english/foreigner	MANUAL_EMERGENCY_WORK V7 exact Oxford identity; source_index=2186; definition_path=/us/definition/english/foreigner; exact_definition='a person who comes from a different country'; selected_candidate_method=en_wiktionary_sense_bound_uk_translation; sense_source='English Wiktionary'; sense_gloss='person in a foreign land'; gloss_definition_similarity=0.807; morphology='V6 pymorphy3 uk canonical lemma PASS after Unicode/stress normalization; tag=NOUN,anim masc,nomn; score=1.0000'; surface_mt_never_sole_pass=PASS	іноземець
MANUAL_EMERGENCY_WORK_20260820_FIRST_PASS_V7_round04	ox5000-0ca7565db377e67a8c2c	format	noun	B2	https://www.oxfordlearnersdictionaries.com/us/definition/english/format_1	MANUAL_EMERGENCY_WORK V7 exact Oxford identity; source_index=2196; definition_path=/us/definition/english/format_1; exact_definition='the general arrangement, plan, design, etc. of something'; selected_candidate_method=Helsinki-NLP/opus-mt-en-uk_surface_candidate; sense_source=''; sense_gloss=''; gloss_definition_similarity=1.000; morphology='V6 pymorphy3 uk canonical lemma PASS after Unicode/stress normalization; tag=NOUN,inan masc,nomn; score=1.0000'; surface_mt_never_sole_pass=PASS	формат
MANUAL_EMERGENCY_WORK_20260820_FIRST_PASS_V7_round04	ox5000-44a935daea3b2b80e426	formation	noun	B2	https://www.oxfordlearnersdictionaries.com/us/definition/english/formation	MANUAL_EMERGENCY_WORK V7 exact Oxford identity; source_index=2197; definition_path=/us/definition/english/formation; exact_definition='the action of forming something; the process of being formed'; selected_candidate_method=Helsinki-NLP/opus-mt-en-uk_surface_candidate; sense_source=''; sense_gloss=''; gloss_definition_similarity=1.000; morphology='V6 pymorphy3 uk canonical lemma PASS after Unicode/stress normalization; tag=NOUN,inan neut,nomn; score=1.0000'; surface_mt_never_sole_pass=PASS	формування
MANUAL_EMERGENCY_WORK_20260820_FIRST_PASS_V7_round04	ox5000-364abe382625d64bbd07	formerly	adverb	B2	https://www.oxfordlearnersdictionaries.com/us/definition/english/formerly	MANUAL_EMERGENCY_WORK V7 exact Oxford identity; source_index=2199; definition_path=/us/definition/english/formerly; exact_definition='in the past'; selected_candidate_method=Helsinki-NLP/opus-mt-en-uk_surface_candidate; sense_source=''; sense_gloss=''; gloss_definition_similarity=1.000; morphology='V6 pymorphy3 uk canonical lemma PASS after Unicode/stress normalization; tag=ADVB; score=1.0000'; surface_mt_never_sole_pass=PASS	раніше
MANUAL_EMERGENCY_WORK_20260820_FIRST_PASS_V7_round04	ox5000-99537d5150d0cdb742b2	formula	noun	C1	https://www.oxfordlearnersdictionaries.com/us/definition/english/formula	MANUAL_EMERGENCY_WORK V7 exact Oxford identity; source_index=2200; definition_path=/us/definition/english/formula; exact_definition='a series of letters, numbers or symbols that represent a rule or law'; selected_candidate_method=en_wiktionary_sense_bound_uk_translation; sense_source='English Wiktionary'; sense_gloss='in mathematics'; gloss_definition_similarity=0.461; morphology='V6 pymorphy3 uk canonical lemma PASS after Unicode/stress normalization; tag=NOUN,inan femn,nomn; score=1.0000'; surface_mt_never_sole_pass=PASS	формула
MANUAL_EMERGENCY_WORK_20260820_FIRST_PASS_V7_round04	ox5000-9f9486a0d8382b5782ea	fortunate	adjective	B2	https://www.oxfordlearnersdictionaries.com/us/definition/english/fortunate	"MANUAL_EMERGENCY_WORK V7 exact Oxford identity; source_index=2204; definition_path=/us/definition/english/fortunate; exact_definition='having or bringing an advantage, an opportunity, a piece of good luck, etc.'; selected_candidate_method=Helsinki-NLP/opus-mt-en-uk_surface_candidate; sense_source=''; sense_gloss=''; gloss_definition_similarity=1.000; morphology=""V6 pymorphy3 uk has no requested-POS parse for 'щастило'""; surface_mt_never_sole_pass=PASS"	щастило
MANUAL_EMERGENCY_WORK_20260820_FIRST_PASS_V7_round04	ox5000-51f9239c5d82f1daf597	forum	noun	B2	https://www.oxfordlearnersdictionaries.com/us/definition/english/forum	MANUAL_EMERGENCY_WORK V7 exact Oxford identity; source_index=2208; definition_path=/us/definition/english/forum; exact_definition='an event or medium where people can exchange opinions and ideas on a particular issue; a meeting organized for this purpose'; selected_candidate_method=en_wiktionary_sense_bound_uk_translation; sense_source='English Wiktionary'; sense_gloss='place for discussion'; gloss_definition_similarity=0.649; morphology='V6 pymorphy3 uk canonical lemma PASS after Unicode/stress normalization; tag=NOUN,inan masc,nomn; score=1.0000'; surface_mt_never_sole_pass=PASS	форум
MANUAL_EMERGENCY_WORK_20260820_FIRST_PASS_V7_round04	ox5000-fdfbff9a3658ec4c47d7	fossil	noun	B2	https://www.oxfordlearnersdictionaries.com/us/definition/english/fossil	MANUAL_EMERGENCY_WORK V7 exact Oxford identity; source_index=2211; definition_path=/us/definition/english/fossil; exact_definition='the parts of a dead animal or a plant that have become hard and turned into rock'; selected_candidate_method=en_wiktionary_sense_bound_uk_translation; sense_source='English Wiktionary'; sense_gloss='The mineralized remains of an animal or plant'; gloss_definition_similarity=0.692; morphology='V6 pymorphy3 uk canonical lemma PASS after Unicode/stress normalization; tag=NOUN,inan femn,nomn; score=1.0000'; surface_mt_never_sole_pass=PASS	копалина
MANUAL_EMERGENCY_WORK_20260820_FIRST_PASS_V7_round04	ox5000-3826a189ea9ac3d0931e	foundation	noun	B2	https://www.oxfordlearnersdictionaries.com/us/definition/english/foundation	MANUAL_EMERGENCY_WORK V7 exact Oxford identity; source_index=2214; definition_path=/us/definition/english/foundation; exact_definition='a principle, an idea or a fact that something is based on and that it grows from'; selected_candidate_method=en_wiktionary_sense_bound_uk_translation; sense_source='English Wiktionary'; sense_gloss='that upon which anything is founded'; gloss_definition_similarity=0.601; morphology='V6 pymorphy3 uk canonical lemma PASS after Unicode/stress normalization; tag=NOUN,inan masc,nomn; score=1.0000'; surface_mt_never_sole_pass=PASS	фундамент
MANUAL_EMERGENCY_WORK_20260820_FIRST_PASS_V7_round04	ox5000-01eabf8856766ebc8e63	founder	noun	B2	https://www.oxfordlearnersdictionaries.com/us/definition/english/founder_1	MANUAL_EMERGENCY_WORK V7 exact Oxford identity; source_index=2215; definition_path=/us/definition/english/founder_1; exact_definition='a person who starts an organization, institution, etc. or causes something to be built'; selected_candidate_method=en_wiktionary_sense_bound_uk_translation; sense_source='English Wiktionary'; sense_gloss='one who founds, establishes, and erects; one who lays a foundation; an author'; gloss_definition_similarity=0.614; morphology='V6 pymorphy3 uk canonical lemma PASS after Unicode/stress normalization; tag=NOUN,anim masc,nomn; score=1.0000'; surface_mt_never_sole_pass=PASS	засновник
MANUAL_EMERGENCY_WORK_20260820_FIRST_PASS_V7_round04	ox5000-1bc4348190f7b6ca8ea3	fraction	noun	B2	https://www.oxfordlearnersdictionaries.com/us/definition/english/fraction	MANUAL_EMERGENCY_WORK V7 exact Oxford identity; source_index=2219; definition_path=/us/definition/english/fraction; exact_definition='a small part or amount of something'; selected_candidate_method=en_wiktionary_sense_bound_uk_translation; sense_source='English Wiktionary'; sense_gloss='part of a whole'; gloss_definition_similarity=0.663; morphology='V6 pymorphy3 uk canonical lemma PASS after Unicode/stress normalization; tag=NOUN,inan femn,nomn; score=1.0000'; surface_mt_never_sole_pass=PASS	частина
MANUAL_EMERGENCY_WORK_20260820_FIRST_PASS_V7_round04	ox5000-29bed3900aea762df21c	fragment	noun	B2	https://www.oxfordlearnersdictionaries.com/us/definition/english/fragment_1	MANUAL_EMERGENCY_WORK V7 exact Oxford identity; source_index=2221; definition_path=/us/definition/english/fragment_1; exact_definition='a small part of something that has broken off or comes from something larger'; selected_candidate_method=en_wiktionary_sense_bound_uk_translation; sense_source='English Wiktionary'; sense_gloss='portion or segment of an object'; gloss_definition_similarity=0.452; morphology='V6 pymorphy3 uk canonical lemma PASS after Unicode/stress normalization; tag=NOUN,inan masc,nomn; score=1.0000'; surface_mt_never_sole_pass=PASS	уламок
MANUAL_EMERGENCY_WORK_20260820_FIRST_PASS_V7_round04	ox5000-8eb2e0b61582abcd29fd	framework	noun	B2	https://www.oxfordlearnersdictionaries.com/us/definition/english/framework	MANUAL_EMERGENCY_WORK V7 exact Oxford identity; source_index=2224; definition_path=/us/definition/english/framework; exact_definition='the parts of a building or an object that support its weight and give it shape'; selected_candidate_method=Helsinki-NLP/opus-mt-en-uk_surface_candidate; sense_source=''; sense_gloss=''; gloss_definition_similarity=1.000; morphology='V6 pymorphy3 uk canonical lemma PASS after Unicode/stress normalization; tag=NOUN,inan femn,nomn; score=1.0000'; surface_mt_never_sole_pass=PASS	оболонка
MANUAL_EMERGENCY_WORK_20260820_FIRST_PASS_V7_round04	ox5000-d11ee536f206623dd9f9	fraud	noun	B2	https://www.oxfordlearnersdictionaries.com/us/definition/english/fraud	MANUAL_EMERGENCY_WORK V7 exact Oxford identity; source_index=2227; definition_path=/us/definition/english/fraud; exact_definition='the crime of cheating somebody in order to get money or goods illegally'; selected_candidate_method=en_wiktionary_sense_bound_uk_translation; sense_source='English Wiktionary'; sense_gloss='one who performs fraud'; gloss_definition_similarity=0.599; morphology='V6 pymorphy3 uk canonical lemma PASS after Unicode/stress normalization; tag=NOUN,Surn,Fixd,femn,anim nomn; score=1.0000'; surface_mt_never_sole_pass=PASS	шахрай
MANUAL_EMERGENCY_WORK_20260820_FIRST_PASS_V7_round04	ox5000-a2f3332e44595061040d	freely	adverb	B2	https://www.oxfordlearnersdictionaries.com/us/definition/english/freely	MANUAL_EMERGENCY_WORK V7 exact Oxford identity; source_index=2232; definition_path=/us/definition/english/freely; exact_definition='without anyone trying to prevent or control something'; selected_candidate_method=en_wiktionary_sense_bound_uk_translation; sense_source='English Wiktionary'; sense_gloss='1. in a free manner'; gloss_definition_similarity=0.406; morphology='V6 pymorphy3 uk canonical lemma PASS after Unicode/stress normalization; tag=ADVB,compb; score=1.0000'; surface_mt_never_sole_pass=PASS	вільно
MANUAL_EMERGENCY_WORK_20260820_FIRST_PASS_V7_round04	ox5000-af3d7f706d9de6258253	frequent	adjective	B2	https://www.oxfordlearnersdictionaries.com/us/definition/english/frequent_1	MANUAL_EMERGENCY_WORK V7 exact Oxford identity; source_index=2235; definition_path=/us/definition/english/frequent_1; exact_definition='happening or doing something often'; selected_candidate_method=en_wiktionary_sense_bound_uk_translation; sense_source='English Wiktionary'; sense_gloss='done or occurring often'; gloss_definition_similarity=0.877; morphology='V6 pymorphy3 uk canonical lemma PASS after Unicode/stress normalization; tag=ADJF,compb masc,nomn; score=1.0000'; surface_mt_never_sole_pass=PASS	частий
MANUAL_EMERGENCY_WORK_20260820_FIRST_PASS_V7_round04	ox5000-7d8f5e0b4363007ea90f	fulfil	verb	B2	https://www.oxfordlearnersdictionaries.com/us/definition/english/fulfil	"MANUAL_EMERGENCY_WORK V7 exact Oxford identity; source_index=2258; definition_path=/us/definition/english/fulfil; exact_definition='to do or achieve what was hoped for or expected'; selected_candidate_method=Helsinki-NLP/opus-mt-en-uk_surface_candidate; sense_source=''; sense_gloss=''; gloss_definition_similarity=1.000; morphology=""V6 pymorphy3 uk has no requested-POS parse for 'Задоволення'""; surface_mt_never_sole_pass=PASS"	Задоволення
MANUAL_EMERGENCY_WORK_20260820_FIRST_PASS_V7_round04	ox5000-842908a0c1db6a162da8	full-time	adjective	B2	https://www.oxfordlearnersdictionaries.com/us/definition/english/full-time_2	MANUAL_EMERGENCY_WORK V7 exact Oxford identity; source_index=2260; definition_path=/us/definition/english/full-time_2; exact_definition='for all the hours of a week during which people normally work or study, rather than just for a part of it'; selected_candidate_method=en_wiktionary_sense_bound_uk_translation; sense_source='English Wiktionary'; sense_gloss='Involving a full amount of time spent on some activity'; gloss_definition_similarity=0.643; morphology='V6 genuine multiword lexical phrase; Unicode-normalized V4 lexical/POS form accepted'; surface_mt_never_sole_pass=PASS	постійна робота
MANUAL_EMERGENCY_WORK_20260820_FIRST_PASS_V7_round04	ox5000-02b2b92d62fbdb8d9849	full-time	adverb	B2	https://www.oxfordlearnersdictionaries.com/us/definition/english/full-time_2	MANUAL_EMERGENCY_WORK V7 exact Oxford identity; source_index=2261; definition_path=/us/definition/english/full-time_2; exact_definition='for all the hours of a week during which people normally work or study, rather than just for a part of it'; selected_candidate_method=Helsinki-NLP/opus-mt-en-uk_surface_candidate; sense_source=''; sense_gloss=''; gloss_definition_similarity=1.000; morphology='multiword adverb candidate is not an adverbial phrase'; surface_mt_never_sole_pass=PASS	весь час
MANUAL_EMERGENCY_WORK_20260820_FIRST_PASS_V7_round04	ox5000-40c7d5e1dedb6b8d1d14	fundamentally	adverb	B2	https://www.oxfordlearnersdictionaries.com/us/definition/english/fundamentally	MANUAL_EMERGENCY_WORK V7 exact Oxford identity; source_index=2271; definition_path=/us/definition/english/fundamentally; exact_definition='in every way that is important; completely'; selected_candidate_method=Helsinki-NLP/opus-mt-en-uk_surface_candidate; sense_source=''; sense_gloss=''; gloss_definition_similarity=1.000; morphology='V6 pymorphy3 uk canonical lemma PASS after Unicode/stress normalization; tag=ADVB,compb; score=1.0000'; surface_mt_never_sole_pass=PASS	фундаментально
MANUAL_EMERGENCY_WORK_20260820_FIRST_PASS_V7_round04	ox5000-f0d18f20e6160ed0969d	furious	adjective	B2	https://www.oxfordlearnersdictionaries.com/us/definition/english/furious	MANUAL_EMERGENCY_WORK V7 exact Oxford identity; source_index=2277; definition_path=/us/definition/english/furious; exact_definition='very angry'; selected_candidate_method=en_wiktionary_sense_bound_uk_translation; sense_source='English Wiktionary'; sense_gloss='transported with passion or fury'; gloss_definition_similarity=0.540; morphology='V6 pymorphy3 uk canonical lemma PASS after Unicode/stress normalization; tag=ADJF,pssv,perf masc,nomn; score=1.0000'; surface_mt_never_sole_pass=PASS	розлютований
MANUAL_EMERGENCY_WORK_20260820_FIRST_PASS_V7_round04	ox5000-19dcdb5e045a76a294ff	gaming	noun	B2	https://www.oxfordlearnersdictionaries.com/us/definition/english/gaming	MANUAL_EMERGENCY_WORK V7 exact Oxford identity; source_index=2290; definition_path=/us/definition/english/gaming; exact_definition='playing video games'; selected_candidate_method=Helsinki-NLP/opus-mt-en-uk_surface_candidate; sense_source=''; sense_gloss=''; gloss_definition_similarity=1.000; morphology='V6 genuine multiword lexical phrase; Unicode-normalized V4 lexical/POS form accepted'; surface_mt_never_sole_pass=PASS	ігрові ігри
MANUAL_EMERGENCY_WORK_20260820_FIRST_PASS_V7_round04	ox5000-75514d52c27e0f4cd7f7	gay	adjective	B2	https://www.oxfordlearnersdictionaries.com/us/definition/english/gay_1	"MANUAL_EMERGENCY_WORK V7 exact Oxford identity; source_index=2299; definition_path=/us/definition/english/gay_1; exact_definition='sexually or romantically attracted to people of the same sex'; selected_candidate_method=en_wiktionary_sense_bound_uk_translation; sense_source='English Wiktionary'; sense_gloss='homosexual person, especially male|lesbian|homosexual|fairy|fag|poof|bender|bugger'; gloss_definition_similarity=0.599; morphology=""V6 pymorphy3 uk has no requested-POS parse for 'ґей'""; surface_mt_never_sole_pass=PASS"	ґей
MANUAL_EMERGENCY_WORK_20260820_FIRST_PASS_V7_round04	ox5000-59f5f085529f2ddbf319	gender	noun	B2	https://www.oxfordlearnersdictionaries.com/us/definition/english/gender	MANUAL_EMERGENCY_WORK V7 exact Oxford identity; source_index=2303; definition_path=/us/definition/english/gender; exact_definition='the fact of being male or female, especially when considered with reference to social and cultural differences, rather than differences in biology; members of a particular gender as a group'; selected_candidate_method=en_wiktionary_sense_bound_uk_translation; sense_source='English Wiktionary'; sense_gloss='identification as a man, a woman, or something else'; gloss_definition_similarity=0.513; morphology='V6 pymorphy3 uk canonical lemma PASS after Unicode/stress normalization; tag=NOUN,inan masc,nomn; score=1.0000'; surface_mt_never_sole_pass=PASS	гендер
MANUAL_EMERGENCY_WORK_20260820_FIRST_PASS_V7_round04	ox5000-46c3d06bb042acc4ae37	gene	noun	B2	https://www.oxfordlearnersdictionaries.com/us/definition/english/gene_1	MANUAL_EMERGENCY_WORK V7 exact Oxford identity; source_index=2304; definition_path=/us/definition/english/gene_1; exact_definition='a unit inside a cell that controls a particular quality in a living thing that has been passed on from its parents'; selected_candidate_method=en_wiktionary_sense_bound_uk_translation; sense_source='English Wiktionary'; sense_gloss='unit of heredity'; gloss_definition_similarity=0.525; morphology='V6 pymorphy3 uk canonical lemma PASS after Unicode/stress normalization; tag=NOUN,inan masc,nomn; score=1.0000'; surface_mt_never_sole_pass=PASS	ген
MANUAL_EMERGENCY_WORK_20260820_FIRST_PASS_V7_round04	ox5000-94877a610fe8476c7f15	genetic	adjective	B2	https://www.oxfordlearnersdictionaries.com/us/definition/english/genetic	MANUAL_EMERGENCY_WORK V7 exact Oxford identity; source_index=2311; definition_path=/us/definition/english/genetic; exact_definition='connected with genes (= the units in the cells of a living thing that control its physical characteristics) or genetics (= the study of genes )'; selected_candidate_method=en_wiktionary_sense_bound_uk_translation; sense_source='English Wiktionary'; sense_gloss='relating to genetics or genes'; gloss_definition_similarity=0.739; morphology='V6 pymorphy3 uk canonical lemma PASS after Unicode/stress normalization; tag=ADJF masc,nomn; score=1.0000'; surface_mt_never_sole_pass=PASS	генетичний
MANUAL_EMERGENCY_WORK_20260820_FIRST_PASS_V7_round04	ox5000-38ca77b3038a730f48dc	genius	noun	B2	https://www.oxfordlearnersdictionaries.com/us/definition/english/genius_1	MANUAL_EMERGENCY_WORK V7 exact Oxford identity; source_index=2312; definition_path=/us/definition/english/genius_1; exact_definition='unusually great intelligence, skill or artistic ability'; selected_candidate_method=en_wiktionary_sense_bound_uk_translation; sense_source='English Wiktionary'; sense_gloss='someone possessing extraordinary intelligence or skill'; gloss_definition_similarity=0.893; morphology='V6 pymorphy3 uk canonical lemma PASS after Unicode/stress normalization; tag=NOUN,anim masc; score=1.0000'; surface_mt_never_sole_pass=PASS	геній
MANUAL_EMERGENCY_WORK_20260820_FIRST_PASS_V7_round04	ox5000-05655f6fadd0b485ca75	genuine	adjective	B2	https://www.oxfordlearnersdictionaries.com/us/definition/english/genuine	MANUAL_EMERGENCY_WORK V7 exact Oxford identity; source_index=2317; definition_path=/us/definition/english/genuine; exact_definition='real; exactly what it appears to be; not artificial'; selected_candidate_method=en_wiktionary_sense_bound_uk_translation; sense_source='English Wiktionary'; sense_gloss='real, authentic'; gloss_definition_similarity=0.755; morphology='V6 pymorphy3 uk canonical lemma PASS after Unicode/stress normalization; tag=ADJF,compb masc,nomn; score=1.0000'; surface_mt_never_sole_pass=PASS	справжній
MANUAL_EMERGENCY_WORK_20260820_FIRST_PASS_V7_round04	ox5000-80a11eeb9358a7e9644e	genuinely	adverb	B2	https://www.oxfordlearnersdictionaries.com/us/definition/english/genuinely	MANUAL_EMERGENCY_WORK V7 exact Oxford identity; source_index=2318; definition_path=/us/definition/english/genuinely; exact_definition='truly; in a way that is exactly what it appears to be and is not artificial'; selected_candidate_method=Helsinki-NLP/opus-mt-en-uk_surface_candidate; sense_source=''; sense_gloss=''; gloss_definition_similarity=1.000; morphology='V6 pymorphy3 uk canonical lemma PASS after Unicode/stress normalization; tag=ADVB; score=1.0000'; surface_mt_never_sole_pass=PASS	справді
MANUAL_EMERGENCY_WORK_20260820_FIRST_PASS_V7_round04	ox5000-50d8b4ca875ee4a7096d	gesture	noun	B2	https://www.oxfordlearnersdictionaries.com/us/definition/english/gesture_1	MANUAL_EMERGENCY_WORK V7 exact Oxford identity; source_index=2320; definition_path=/us/definition/english/gesture_1; exact_definition='a movement that you make with your hands, your head or your face to show a particular meaning'; selected_candidate_method=en_wiktionary_sense_bound_uk_translation; sense_source='English Wiktionary'; sense_gloss='motion of the limbs or body'; gloss_definition_similarity=0.510; morphology='V6 pymorphy3 uk canonical lemma PASS after Unicode/stress normalization; tag=NOUN,inan masc,nomn; score=1.0000'; surface_mt_never_sole_pass=PASS	жест
MANUAL_EMERGENCY_WORK_20260820_FIRST_PASS_V7_round04	ox5000-0910ae2efee31d9ab3a4	gig	noun	B2	https://www.oxfordlearnersdictionaries.com/us/definition/english/gig_1	MANUAL_EMERGENCY_WORK V7 exact Oxford identity; source_index=2326; definition_path=/us/definition/english/gig_1; exact_definition='a performance by musicians playing popular music or jazz in front of an audience; a similar performance by a comedian'; selected_candidate_method=Helsinki-NLP/opus-mt-en-uk_surface_candidate; sense_source=''; sense_gloss=''; gloss_definition_similarity=1.000; morphology='V6 pymorphy3 uk canonical lemma PASS after Unicode/stress normalization; tag=NOUN,inan masc,nomn; score=1.0000'; surface_mt_never_sole_pass=PASS	джойстик
MANUAL_EMERGENCY_WORK_20260820_FIRST_PASS_V7_round04	ox5000-127e5b46dd0bae6f7a06	glance	noun	C1	https://www.oxfordlearnersdictionaries.com/us/definition/english/glance_2	MANUAL_EMERGENCY_WORK V7 exact Oxford identity; source_index=2331; definition_path=/us/definition/english/glance_2; exact_definition='a quick look'; selected_candidate_method=Helsinki-NLP/opus-mt-en-uk_surface_candidate; sense_source=''; sense_gloss=''; gloss_definition_similarity=1.000; morphology='V6 pymorphy3 uk canonical lemma PASS after Unicode/stress normalization; tag=NOUN,inan masc,nomn; score=1.0000'; surface_mt_never_sole_pass=PASS	погляд
MANUAL_EMERGENCY_WORK_20260820_FIRST_PASS_V7_round04	ox5000-7a202570f29a7f4daf74	glance	verb	C1	https://www.oxfordlearnersdictionaries.com/us/definition/english/glance_1	MANUAL_EMERGENCY_WORK V7 exact Oxford identity; source_index=2332; definition_path=/us/definition/english/glance_1; exact_definition='to look quickly at something/somebody'; selected_candidate_method=en_wiktionary_sense_bound_uk_translation; sense_source='English Wiktionary'; sense_gloss='to look briefly at (something)'; gloss_definition_similarity=0.759; morphology='V6 pymorphy3 uk canonical lemma PASS after Unicode/stress normalization; tag=VERB,perf infn; score=1.0000'; surface_mt_never_sole_pass=PASS	глянути
MANUAL_EMERGENCY_WORK_20260820_FIRST_PASS_V7_round04	ox5000-78a493bf921bb7477c7c	glimpse	noun	C1	https://www.oxfordlearnersdictionaries.com/us/definition/english/glimpse_1	MANUAL_EMERGENCY_WORK V7 exact Oxford identity; source_index=2334; definition_path=/us/definition/english/glimpse_1; exact_definition='a sight of somebody/something for a very short time, when you do not see the person or thing completely'; selected_candidate_method=Helsinki-NLP/opus-mt-en-uk_surface_candidate; sense_source=''; sense_gloss=''; gloss_definition_similarity=1.000; morphology='V6 no Ukrainian lexical token after Unicode/stress normalization'; surface_mt_never_sole_pass=PASS	light
MANUAL_EMERGENCY_WORK_20260820_FIRST_PASS_V7_round04	ox5000-2a12e5e092f583e5e7b5	globalization	noun	B2	https://www.oxfordlearnersdictionaries.com/us/definition/english/globalization	MANUAL_EMERGENCY_WORK V7 exact Oxford identity; source_index=2336; definition_path=/us/definition/english/globalization; exact_definition='the fact that different cultures and economic systems around the world are becoming connected and similar to each other because of the influence of large multinational companies and of improved communication'; selected_candidate_method=Helsinki-NLP/opus-mt-en-uk_surface_candidate; sense_source=''; sense_gloss=''; gloss_definition_similarity=1.000; morphology='V6 pymorphy3 uk canonical lemma PASS after Unicode/stress normalization; tag=NOUN,inan femn,nomn; score=1.0000'; surface_mt_never_sole_pass=PASS	глобалізація
MANUAL_EMERGENCY_WORK_20260820_FIRST_PASS_V7_round04	ox5000-2c70ba897b47d73650bb	globe	noun	B2	https://www.oxfordlearnersdictionaries.com/us/definition/english/globe	MANUAL_EMERGENCY_WORK V7 exact Oxford identity; source_index=2337; definition_path=/us/definition/english/globe; exact_definition='the world (used especially to emphasize its size)'; selected_candidate_method=en_wiktionary_sense_bound_uk_translation; sense_source='English Wiktionary'; sense_gloss='model of Earth'; gloss_definition_similarity=0.411; morphology='V6 pymorphy3 uk canonical lemma PASS after Unicode/stress normalization; tag=NOUN,inan masc,nomn; score=1.0000'; surface_mt_never_sole_pass=PASS	глобус
MANUAL_EMERGENCY_WORK_20260820_FIRST_PASS_V7_round04	ox5000-c4006c27fe4f74c08ec9	golden	adjective	B2	https://www.oxfordlearnersdictionaries.com/us/definition/english/golden	MANUAL_EMERGENCY_WORK V7 exact Oxford identity; source_index=2347; definition_path=/us/definition/english/golden; exact_definition='made of gold'; selected_candidate_method=Helsinki-NLP/opus-mt-en-uk_surface_candidate; sense_source=''; sense_gloss=''; gloss_definition_similarity=1.000; morphology='V6 pymorphy3 uk canonical lemma PASS after Unicode/stress normalization; tag=ADJF masc,nomn,compb; score=1.0000'; surface_mt_never_sole_pass=PASS	золотий
MANUAL_EMERGENCY_WORK_20260820_FIRST_PASS_V7_round04	ox5000-29f67b0d52a0d9907076	goodness	noun	B2	https://www.oxfordlearnersdictionaries.com/us/definition/english/goodness	MANUAL_EMERGENCY_WORK V7 exact Oxford identity; source_index=2353; definition_path=/us/definition/english/goodness; exact_definition='the quality of being good'; selected_candidate_method=Helsinki-NLP/opus-mt-en-uk_surface_candidate; sense_source=''; sense_gloss=''; gloss_definition_similarity=1.000; morphology='V6 pymorphy3 uk canonical lemma PASS after Unicode/stress normalization; tag=NOUN,femn,inan nomn; score=1.0000'; surface_mt_never_sole_pass=PASS	доброта
MANUAL_EMERGENCY_WORK_20260820_FIRST_PASS_V7_round04	ox5000-8645840cb5bbd2168ad2	gorgeous	adjective	B2	https://www.oxfordlearnersdictionaries.com/us/definition/english/gorgeous	MANUAL_EMERGENCY_WORK V7 exact Oxford identity; source_index=2355; definition_path=/us/definition/english/gorgeous; exact_definition='very beautiful and attractive; giving great pleasure'; selected_candidate_method=Helsinki-NLP/opus-mt-en-uk_surface_candidate; sense_source=''; sense_gloss=''; gloss_definition_similarity=1.000; morphology='V6 pymorphy3 uk canonical lemma PASS after Unicode/stress normalization; tag=ADJF,compb masc,nomn; score=1.0000'; surface_mt_never_sole_pass=PASS	розкішний
MANUAL_EMERGENCY_WORK_20260820_FIRST_PASS_V7_round04	ox5000-4e4e1337cc88e43cc243	governor	noun	B2	https://www.oxfordlearnersdictionaries.com/us/definition/english/governor	MANUAL_EMERGENCY_WORK V7 exact Oxford identity; source_index=2359; definition_path=/us/definition/english/governor; exact_definition='a person who is the official head of a country or region that is governed by another country'; selected_candidate_method=en_wiktionary_sense_bound_uk_translation; sense_source='English Wiktionary'; sense_gloss='chief executive officer of first-level division of a country'; gloss_definition_similarity=0.675; morphology='V6 pymorphy3 uk canonical lemma PASS after Unicode/stress normalization; tag=NOUN,anim femn,nomn; score=1.0000'; surface_mt_never_sole_pass=PASS	губернаторка
MANUAL_EMERGENCY_WORK_20260820_FIRST_PASS_V7_round04	ox5000-9fa3b95bc325a8e5a0bc	graphic	adjective	B2	https://www.oxfordlearnersdictionaries.com/us/definition/english/graphic_1	MANUAL_EMERGENCY_WORK V7 exact Oxford identity; source_index=2374; definition_path=/us/definition/english/graphic_1; exact_definition='connected with drawings and design, especially in the production of books, magazines, websites, etc.'; selected_candidate_method=en_wiktionary_sense_bound_uk_translation; sense_source='English Wiktionary'; sense_gloss='drawn, pictorial'; gloss_definition_similarity=0.566; morphology='V6 pymorphy3 uk canonical lemma PASS after Unicode/stress normalization; tag=ADJF masc; score=1.0000'; surface_mt_never_sole_pass=PASS	графічний
MANUAL_EMERGENCY_WORK_20260820_FIRST_PASS_V7_round04	ox5000-f6db7a1824f60f3e32a1	graphics	noun	B2	https://www.oxfordlearnersdictionaries.com/us/definition/english/graphics	MANUAL_EMERGENCY_WORK V7 exact Oxford identity; source_index=2375; definition_path=/us/definition/english/graphics; exact_definition='designs, drawings or pictures that are used especially in the production of books, magazines, websites, etc.'; selected_candidate_method=en_wiktionary_sense_bound_uk_translation; sense_source='English Wiktionary'; sense_gloss='the graphic arts'; gloss_definition_similarity=0.563; morphology='V6 pymorphy3 uk canonical lemma PASS after Unicode/stress normalization; tag=NOUN,inan femn,nomn; score=1.0000'; surface_mt_never_sole_pass=PASS	графіка
MANUAL_EMERGENCY_WORK_20260820_FIRST_PASS_V7_round04	ox5000-f20da69ea37da6663eb9	greatly	adverb	B2	https://www.oxfordlearnersdictionaries.com/us/definition/english/greatly	MANUAL_EMERGENCY_WORK V7 exact Oxford identity; source_index=2384; definition_path=/us/definition/english/greatly; exact_definition='very much'; selected_candidate_method=Helsinki-NLP/opus-mt-en-uk_surface_candidate; sense_source=''; sense_gloss=''; gloss_definition_similarity=1.000; morphology='sentence-like punctuation in lexical value'; surface_mt_never_sole_pass=PASS	дуже добре.
MANUAL_EMERGENCY_WORK_20260820_FIRST_PASS_V7_round04	ox5000-b31fc31f4e51a7bcac20	greenhouse	noun	B2	https://www.oxfordlearnersdictionaries.com/us/definition/english/greenhouse	MANUAL_EMERGENCY_WORK V7 exact Oxford identity; source_index=2387; definition_path=/us/definition/english/greenhouse; exact_definition='a building with glass sides and a glass roof for growing plants in'; selected_candidate_method=en_wiktionary_sense_bound_uk_translation; sense_source='English Wiktionary'; sense_gloss='building in which plants are grown more quickly than outside'; gloss_definition_similarity=0.712; morphology='V6 pymorphy3 uk canonical lemma PASS after Unicode/stress normalization; tag=NOUN,inan femn,nomn; score=1.0000'; surface_mt_never_sole_pass=PASS	теплиця
MANUAL_EMERGENCY_WORK_20260820_FIRST_PASS_V7_round04	ox5000-ff9332c8a6a6a58fb82f	grocery	noun	B2	https://www.oxfordlearnersdictionaries.com/us/definition/english/grocery_1	MANUAL_EMERGENCY_WORK V7 exact Oxford identity; source_index=2398; definition_path=/us/definition/english/grocery_1; exact_definition='a shop that sells food and other things used in the home. In American English ‘ grocery store ’ is often used to mean ‘supermarket’.'; selected_candidate_method=Helsinki-NLP/opus-mt-en-uk_surface_candidate; sense_source=''; sense_gloss=''; gloss_definition_similarity=1.000; morphology='V6 pymorphy3 uk canonical lemma PASS after Unicode/stress normalization; tag=NOUN,inan masc,nomn; score=1.0000'; surface_mt_never_sole_pass=PASS	продукт
MANUAL_EMERGENCY_WORK_20260820_FIRST_PASS_V7_round04	ox5000-889e167db140abcc55ee	guideline	noun	B2	https://www.oxfordlearnersdictionaries.com/us/definition/english/guideline	MANUAL_EMERGENCY_WORK V7 exact Oxford identity; source_index=2415; definition_path=/us/definition/english/guideline; exact_definition='a set of rules or instructions that are given by an official organization telling you how to do something, especially something difficult'; selected_candidate_method=en_wiktionary_sense_bound_uk_translation; sense_source='English Wiktionary'; sense_gloss='non-specific rule or principle'; gloss_definition_similarity=0.410; morphology='V6 pymorphy3 uk canonical lemma PASS after Unicode/stress normalization; tag=NOUN,inan femn,nomn; score=1.0000'; surface_mt_never_sole_pass=PASS	директива
MANUAL_EMERGENCY_WORK_20260820_FIRST_PASS_V7_round04	ox5000-196e7e40d3dea9806f88	habitat	noun	B2	https://www.oxfordlearnersdictionaries.com/us/definition/english/habitat_1	MANUAL_EMERGENCY_WORK V7 exact Oxford identity; source_index=2424; definition_path=/us/definition/english/habitat_1; exact_definition='the place where a particular type of animal or plant is normally found'; selected_candidate_method=Helsinki-NLP/opus-mt-en-uk_surface_candidate; sense_source=''; sense_gloss=''; gloss_definition_similarity=1.000; morphology='V6 pymorphy3 uk canonical lemma PASS after Unicode/stress normalization; tag=NOUN,inan masc,nomn; score=1.0000'; surface_mt_never_sole_pass=PASS	ареал
MANUAL_EMERGENCY_WORK_20260820_FIRST_PASS_V7_round04	ox5000-e1c41e9f875382fe57b7	harbour	noun	B2	https://www.oxfordlearnersdictionaries.com/us/definition/english/harbour_1	MANUAL_EMERGENCY_WORK V7 exact Oxford identity; source_index=2448; definition_path=/us/definition/english/harbour_1; exact_definition='an area of water on the coast, protected from the open sea by strong walls, where ships can shelter'; selected_candidate_method=Helsinki-NLP/opus-mt-en-uk_surface_candidate; sense_source=''; sense_gloss=''; gloss_definition_similarity=1.000; morphology='V6 pymorphy3 uk canonical lemma PASS after Unicode/stress normalization; tag=NOUN,inan masc,nomn; score=0.5000'; surface_mt_never_sole_pass=PASS	харбур
MANUAL_EMERGENCY_WORK_20260820_FIRST_PASS_V7_round04	ox5000-2810d4945e0b4cbb8892	headquarters	noun	B2	https://www.oxfordlearnersdictionaries.com/us/definition/english/headquarters	MANUAL_EMERGENCY_WORK V7 exact Oxford identity; source_index=2474; definition_path=/us/definition/english/headquarters; exact_definition='a place from which an organization or a military operation is controlled; the people who work there'; selected_candidate_method=en_wiktionary_sense_bound_uk_translation; sense_source='English Wiktionary'; sense_gloss='military installation'; gloss_definition_similarity=0.507; morphology='V6 pymorphy3 uk canonical lemma PASS after Unicode/stress normalization; tag=NOUN,inan masc,nomn; score=1.0000'; surface_mt_never_sole_pass=PASS	штаб
MANUAL_EMERGENCY_WORK_20260820_FIRST_PASS_V7_round04	ox5000-ef704d39fcedac1879a3	heal	verb	B2	https://www.oxfordlearnersdictionaries.com/us/definition/english/heal	MANUAL_EMERGENCY_WORK V7 exact Oxford identity; source_index=2475; definition_path=/us/definition/english/heal; exact_definition='to become healthy again; to make something healthy again'; selected_candidate_method=en_wiktionary_sense_bound_uk_translation; sense_source='English Wiktionary'; sense_gloss='make better'; gloss_definition_similarity=0.549; morphology='V6 pymorphy3 uk canonical lemma PASS after Unicode/stress normalization; tag=VERB,impf infn; score=1.0000'; surface_mt_never_sole_pass=PASS	зцілювати
MANUAL_EMERGENCY_WORK_20260820_FIRST_PASS_V7_round04	ox5000-984f901bff540521430c	healthcare	noun	B2	https://www.oxfordlearnersdictionaries.com/us/definition/english/healthcare	MANUAL_EMERGENCY_WORK V7 exact Oxford identity; source_index=2477; definition_path=/us/definition/english/healthcare; exact_definition='the service of providing medical care'; selected_candidate_method=Helsinki-NLP/opus-mt-en-uk_surface_candidate; sense_source=''; sense_gloss=''; gloss_definition_similarity=1.000; morphology='V6 genuine multiword lexical phrase; Unicode-normalized V4 lexical/POS form accepted'; surface_mt_never_sole_pass=PASS	Охорона здоров'я
MANUAL_EMERGENCY_WORK_20260820_FIRST_PASS_V7_round04	ox5000-391293d6fb6a7618d9b1	helmet	noun	B2	https://www.oxfordlearnersdictionaries.com/us/definition/english/helmet	MANUAL_EMERGENCY_WORK V7 exact Oxford identity; source_index=2495; definition_path=/us/definition/english/helmet; exact_definition='a type of hard hat that protects the head, worn, for example, by a police officer, a soldier or a person riding a bike or motorbike or playing some sports'; selected_candidate_method=en_wiktionary_sense_bound_uk_translation; sense_source='English Wiktionary'; sense_gloss='protective head covering'; gloss_definition_similarity=0.636; morphology='V6 pymorphy3 uk canonical lemma PASS after Unicode/stress normalization; tag=NOUN,Surn,masc,anim nomn; score=1.0000'; surface_mt_never_sole_pass=PASS	шолом
MANUAL_EMERGENCY_WORK_20260820_FIRST_PASS_V7_round04	ox5000-b0e9a621ac9c68faa293	hence	adverb	B2	https://www.oxfordlearnersdictionaries.com/us/definition/english/hence	MANUAL_EMERGENCY_WORK V7 exact Oxford identity; source_index=2499; definition_path=/us/definition/english/hence; exact_definition='for this reason'; selected_candidate_method=en_wiktionary_sense_bound_uk_translation; sense_source='English Wiktionary'; sense_gloss='from this time, from now'; gloss_definition_similarity=0.468; morphology='V6 genuine multiword lexical phrase; Unicode-normalized V4 lexical/POS form accepted'; surface_mt_never_sole_pass=PASS	з цього часу
MANUAL_EMERGENCY_WORK_20260820_FIRST_PASS_V7_round04	ox5000-94aa2afe2d9372cb4229	herb	noun	B2	https://www.oxfordlearnersdictionaries.com/us/definition/english/herb_1	MANUAL_EMERGENCY_WORK V7 exact Oxford identity; source_index=2502; definition_path=/us/definition/english/herb_1; exact_definition='a plant whose leaves, flowers or seeds are used to add taste to food, in medicines or for their pleasant smell. parsley , mint and oregano are all herbs .'; selected_candidate_method=Helsinki-NLP/opus-mt-en-uk_surface_candidate; sense_source=''; sense_gloss=''; gloss_definition_similarity=1.000; morphology='V6 pymorphy3 uk canonical lemma PASS after Unicode/stress normalization; tag=NOUN,inan masc,nomn; score=1.0000'; surface_mt_never_sole_pass=PASS	герб
MANUAL_EMERGENCY_WORK_20260820_FIRST_PASS_V7_round04	ox5000-d3e2e909a6622cd172bf	hidden	adjective	B2	https://www.oxfordlearnersdictionaries.com/us/definition/english/hidden	MANUAL_EMERGENCY_WORK V7 exact Oxford identity; source_index=2511; definition_path=/us/definition/english/hidden; exact_definition='something that is hidden is kept or located in a place where it cannot be seen'; selected_candidate_method=en_wiktionary_sense_bound_uk_translation; sense_source='English Wiktionary'; sense_gloss='out of sight; not visually apparent'; gloss_definition_similarity=0.585; morphology='V6 pymorphy3 uk canonical lemma PASS after Unicode/stress normalization; tag=ADJF,pssv,perf,compb masc,nomn; score=1.0000'; surface_mt_never_sole_pass=PASS	прихований
MANUAL_EMERGENCY_WORK_20260820_FIRST_PASS_V7_round04	ox5000-50fc0bc84b3fc5dc83ac	highway	noun	B2	https://www.oxfordlearnersdictionaries.com/us/definition/english/highway	MANUAL_EMERGENCY_WORK V7 exact Oxford identity; source_index=2521; definition_path=/us/definition/english/highway; exact_definition='a main road for travelling long distances, especially one connecting and going through cities and towns'; selected_candidate_method=Helsinki-NLP/opus-mt-en-uk_surface_candidate; sense_source=''; sense_gloss=''; gloss_definition_similarity=1.000; morphology='V6 pymorphy3 uk canonical lemma PASS after Unicode/stress normalization; tag=NOUN,Fixd,inan neut,nomn; score=1.0000'; surface_mt_never_sole_pass=PASS	шосе
MANUAL_EMERGENCY_WORK_20260820_FIRST_PASS_V7_round04	ox5000-b6f7336242fe1a0172bf	hilarious	adjective	B2	https://www.oxfordlearnersdictionaries.com/us/definition/english/hilarious	MANUAL_EMERGENCY_WORK V7 exact Oxford identity; source_index=2522; definition_path=/us/definition/english/hilarious; exact_definition='extremely funny'; selected_candidate_method=en_wiktionary_sense_bound_uk_translation; sense_source='English Wiktionary'; sense_gloss='very funny; causing great merriment and laughter'; gloss_definition_similarity=0.882; morphology='V6 pymorphy3 uk canonical lemma PASS after Unicode/stress normalization; tag=ADJF,compb masc,nomn; score=1.0000'; surface_mt_never_sole_pass=PASS	смішний
MANUAL_EMERGENCY_WORK_20260820_FIRST_PASS_V7_round04	ox5000-dfe0006f6faea4481b74	hip	noun	B2	https://www.oxfordlearnersdictionaries.com/us/definition/english/hip_1	MANUAL_EMERGENCY_WORK V7 exact Oxford identity; source_index=2528; definition_path=/us/definition/english/hip_1; exact_definition='the area at either side of the body between the top of the leg and the middle part of the body; the joint at the top of the leg that connects it with the top part of the body'; selected_candidate_method=en_wiktionary_sense_bound_uk_translation; sense_source='English Wiktionary'; sense_gloss='joint'; gloss_definition_similarity=0.537; morphology='V6 pymorphy3 uk canonical lemma PASS after Unicode/stress normalization; tag=NOUN,inan neut,nomn; score=1.0000'; surface_mt_never_sole_pass=PASS	стегно
MANUAL_EMERGENCY_WORK_20260820_FIRST_PASS_V7_round04	ox5000-65b7be2b102eaacebdf0	historian	noun	B2	https://www.oxfordlearnersdictionaries.com/us/definition/english/historian	MANUAL_EMERGENCY_WORK V7 exact Oxford identity; source_index=2533; definition_path=/us/definition/english/historian; exact_definition='a person who studies or writes about history; an expert in history'; selected_candidate_method=en_wiktionary_sense_bound_uk_translation; sense_source='English Wiktionary'; sense_gloss='person who studies history'; gloss_definition_similarity=0.856; morphology='V6 pymorphy3 uk canonical lemma PASS after Unicode/stress normalization; tag=NOUN,anim masc,nomn; score=1.0000'; surface_mt_never_sole_pass=PASS	історик
MANUAL_EMERGENCY_WORK_20260820_FIRST_PASS_V7_round04	ox5000-45d3403127f71104c337	homeless	adjective	B2	https://www.oxfordlearnersdictionaries.com/us/definition/english/homeless	MANUAL_EMERGENCY_WORK V7 exact Oxford identity; source_index=2551; definition_path=/us/definition/english/homeless; exact_definition='having no home, and therefore typically living on the streets'; selected_candidate_method=en_wiktionary_sense_bound_uk_translation; sense_source='English Wiktionary'; sense_gloss='lacking a permanent residence'; gloss_definition_similarity=0.671; morphology='V6 pymorphy3 uk canonical lemma PASS after Unicode/stress normalization; tag=ADJF masc,nomn; score=1.0000'; surface_mt_never_sole_pass=PASS	бездомний
MANUAL_EMERGENCY_WORK_20260820_FIRST_PASS_V7_round04	ox5000-101f93ba1a99dadfbee0	honesty	noun	B2	https://www.oxfordlearnersdictionaries.com/us/definition/english/honesty	MANUAL_EMERGENCY_WORK V7 exact Oxford identity; source_index=2554; definition_path=/us/definition/english/honesty; exact_definition='the quality of being honest'; selected_candidate_method=en_wiktionary_sense_bound_uk_translation; sense_source='English Wiktionary'; sense_gloss='quality of being honest'; gloss_definition_similarity=0.991; morphology='V6 pymorphy3 uk canonical lemma PASS after Unicode/stress normalization; tag=NOUN,inan femn,nomn; score=1.0000'; surface_mt_never_sole_pass=PASS	чесність
MANUAL_EMERGENCY_WORK_20260820_FIRST_PASS_V7_round04	ox5000-5a8626cc70e9e3ad32a4	hook	noun	B2	https://www.oxfordlearnersdictionaries.com/us/definition/english/hook_1	MANUAL_EMERGENCY_WORK V7 exact Oxford identity; source_index=2557; definition_path=/us/definition/english/hook_1; exact_definition='a curved piece of metal, plastic or wire for hanging things on, catching fish with, etc.'; selected_candidate_method=en_wiktionary_sense_bound_uk_translation; sense_source='English Wiktionary'; sense_gloss='rod bent into a curved shape'; gloss_definition_similarity=0.490; morphology='V6 pymorphy3 uk canonical lemma PASS after Unicode/stress normalization; tag=NOUN,inan masc,nomn; score=1.0000'; surface_mt_never_sole_pass=PASS	гачок
MANUAL_EMERGENCY_WORK_20260820_FIRST_PASS_V7_round04	ox5000-b6de68069d4b1653da28	hopefully	adverb	B2	https://www.oxfordlearnersdictionaries.com/us/definition/english/hopefully	"MANUAL_EMERGENCY_WORK V7 exact Oxford identity; source_index=2562; definition_path=/us/definition/english/hopefully; exact_definition='used to express what you hope will happen'; selected_candidate_method=Helsinki-NLP/opus-mt-en-uk_surface_candidate; sense_source=''; sense_gloss=''; gloss_definition_similarity=1.000; morphology=""V6 pymorphy3 uk has no requested-POS parse for 'Сподіваюся'""; surface_mt_never_sole_pass=PASS"	Сподіваюся.
MANUAL_EMERGENCY_WORK_20260820_FIRST_PASS_V7_round04	ox5000-5b96940d18199354bf42	hunger	noun	B2	https://www.oxfordlearnersdictionaries.com/us/definition/english/hunger_1	MANUAL_EMERGENCY_WORK V7 exact Oxford identity; source_index=2592; definition_path=/us/definition/english/hunger_1; exact_definition='the state of not having enough food to eat, especially when this causes illness or death'; selected_candidate_method=Helsinki-NLP/opus-mt-en-uk_surface_candidate; sense_source=''; sense_gloss=''; gloss_definition_similarity=1.000; morphology='V6 pymorphy3 uk canonical lemma PASS after Unicode/stress normalization; tag=NOUN,Surn,masc,anim nomn; score=1.0000'; surface_mt_never_sole_pass=PASS	голод
MANUAL_EMERGENCY_WORK_20260820_FIRST_PASS_V7_round04	ox5000-6826ffff72382c3098c5	hypothesis	noun	B2	https://www.oxfordlearnersdictionaries.com/us/definition/english/hypothesis	MANUAL_EMERGENCY_WORK V7 exact Oxford identity; source_index=2605; definition_path=/us/definition/english/hypothesis; exact_definition='an idea or explanation of something that is based on a few known facts but that has not yet been proved to be true or correct'; selected_candidate_method=en_wiktionary_sense_bound_uk_translation; sense_source='English Wiktionary'; sense_gloss='assumption taken to be true'; gloss_definition_similarity=0.542; morphology='V6 pymorphy3 uk canonical lemma PASS after Unicode/stress normalization; tag=NOUN,inan neut,nomn; score=1.0000'; surface_mt_never_sole_pass=PASS	припущення
MANUAL_EMERGENCY_WORK_20260820_FIRST_PASS_V7_round04	ox5000-dac0118b6e5ac4e7e31f	icon	noun	B2	https://www.oxfordlearnersdictionaries.com/us/definition/english/icon	MANUAL_EMERGENCY_WORK V7 exact Oxford identity; source_index=2609; definition_path=/us/definition/english/icon; exact_definition='a small symbol on a computer or smartphone screen that represents a program or a file'; selected_candidate_method=en_wiktionary_sense_bound_uk_translation; sense_source='English Wiktionary'; sense_gloss='small picture, computer icon'; gloss_definition_similarity=0.793; morphology='V6 pymorphy3 uk canonical lemma PASS after Unicode/stress normalization; tag=NOUN,inan femn,nomn; score=1.0000'; surface_mt_never_sole_pass=PASS	піктограма
MANUAL_EMERGENCY_WORK_20260820_FIRST_PASS_V7_round04	ox5000-0266b44058e618706301	ID	noun	B2	https://www.oxfordlearnersdictionaries.com/us/definition/english/id_2	MANUAL_EMERGENCY_WORK V7 exact Oxford identity; source_index=2610; definition_path=/us/definition/english/id_2; exact_definition='an official way of showing who you are, for example a document with your name, date of birth and often a photograph on it (the abbreviation for ‘ identity ’ or ‘ identification ’ )'; selected_candidate_method=Helsinki-NLP/opus-mt-en-uk_surface_candidate; sense_source=''; sense_gloss=''; gloss_definition_similarity=1.000; morphology='V6 pymorphy3 uk canonical lemma PASS after Unicode/stress normalization; tag=NOUN,Abbr,Fixd,femn,inan nomn; score=1.0000'; surface_mt_never_sole_pass=PASS	ід
MANUAL_EMERGENCY_WORK_20260820_FIRST_PASS_V7_round04	ox5000-cba028b70a26fb8e973b	identical	adjective	B2	https://www.oxfordlearnersdictionaries.com/us/definition/english/identical	MANUAL_EMERGENCY_WORK V7 exact Oxford identity; source_index=2614; definition_path=/us/definition/english/identical; exact_definition='similar in every detail'; selected_candidate_method=en_wiktionary_sense_bound_uk_translation; sense_source='English Wiktionary'; sense_gloss='mathematics: exactly equivalent'; gloss_definition_similarity=0.490; morphology='V6 pymorphy3 uk canonical lemma PASS after Unicode/stress normalization; tag=ADJF masc,nomn; score=1.0000'; surface_mt_never_sole_pass=PASS	тотожний
MANUAL_EMERGENCY_WORK_20260820_FIRST_PASS_V7_round04	ox5000-530d3802d61ad0aefab6	illusion	noun	B2	https://www.oxfordlearnersdictionaries.com/us/definition/english/illusion	MANUAL_EMERGENCY_WORK V7 exact Oxford identity; source_index=2627; definition_path=/us/definition/english/illusion; exact_definition='a false idea or belief, especially about somebody or about a situation'; selected_candidate_method=en_wiktionary_sense_bound_uk_translation; sense_source='English Wiktionary'; sense_gloss='belief in something that is in fact not true'; gloss_definition_similarity=0.742; morphology='V6 pymorphy3 uk canonical lemma PASS after Unicode/stress normalization; tag=NOUN,inan femn,nomn; score=1.0000'; surface_mt_never_sole_pass=PASS	ілюзія
MANUAL_EMERGENCY_WORK_20260820_FIRST_PASS_V7_round04	ox5000-fe7c0867a2f339b6f398	immigration	noun	B2	https://www.oxfordlearnersdictionaries.com/us/definition/english/immigration	MANUAL_EMERGENCY_WORK V7 exact Oxford identity; source_index=2639; definition_path=/us/definition/english/immigration; exact_definition='the process of coming to live permanently in a different country from the one you were born in; the number of people who do this'; selected_candidate_method=en_wiktionary_sense_bound_uk_translation; sense_source='English Wiktionary'; sense_gloss='the act of immigrating'; gloss_definition_similarity=0.597; morphology='V6 pymorphy3 uk canonical lemma PASS after Unicode/stress normalization; tag=NOUN,neut,inan nomn; score=1.0000'; surface_mt_never_sole_pass=PASS	переселення
MANUAL_EMERGENCY_WORK_20260820_FIRST_PASS_V7_round04	ox5000-39a64cc0f2bccb1d329c	immune	adjective	B2	https://www.oxfordlearnersdictionaries.com/us/definition/english/immune	"MANUAL_EMERGENCY_WORK V7 exact Oxford identity; source_index=2641; definition_path=/us/definition/english/immune; exact_definition='that cannot catch or be affected by a particular disease or illness'; selected_candidate_method=Helsinki-NLP/opus-mt-en-uk_surface_candidate; sense_source=''; sense_gloss=''; gloss_definition_similarity=1.000; morphology=""V6 pymorphy3 uk has no requested-POS parse for 'імуноглобулін'""; surface_mt_never_sole_pass=PASS"	імуноглобулін
MANUAL_EMERGENCY_WORK_20260820_FIRST_PASS_V7_round04	ox5000-c1c5fbcd8bef4eef712e	implement	verb	B2	https://www.oxfordlearnersdictionaries.com/us/definition/english/implement_1	"MANUAL_EMERGENCY_WORK V7 exact Oxford identity; source_index=2645; definition_path=/us/definition/english/implement_1; exact_definition='to make something that has been officially decided start to happen or be used'; selected_candidate_method=Helsinki-NLP/opus-mt-en-uk_surface_candidate; sense_source=''; sense_gloss=''; gloss_definition_similarity=1.000; morphology=""V6 pymorphy3 uk has no requested-POS parse for 'реалізацію'""; surface_mt_never_sole_pass=PASS"	реалізацію
MANUAL_EMERGENCY_WORK_20260820_FIRST_PASS_V7_round04	ox5000-2ab7636cef93aa6ee33e	implication	noun	B2	https://www.oxfordlearnersdictionaries.com/us/definition/english/implication	MANUAL_EMERGENCY_WORK V7 exact Oxford identity; source_index=2647; definition_path=/us/definition/english/implication; exact_definition='a possible effect or result of an action or a decision'; selected_candidate_method=en_wiktionary_sense_bound_uk_translation; sense_source='English Wiktionary'; sense_gloss='that which is implied, but not expressed'; gloss_definition_similarity=0.460; morphology='V6 pymorphy3 uk canonical lemma PASS after Unicode/stress normalization; tag=NOUN,inan masc,nomn; score=1.0000'; surface_mt_never_sole_pass=PASS	підтекст
MANUAL_EMERGENCY_WORK_20260820_FIRST_PASS_V7_round04	ox5000-45c8c81f5a8d00df51ee	incentive	noun	B2	https://www.oxfordlearnersdictionaries.com/us/definition/english/incentive	MANUAL_EMERGENCY_WORK V7 exact Oxford identity; source_index=2668; definition_path=/us/definition/english/incentive; exact_definition='something that encourages you to do something'; selected_candidate_method=en_wiktionary_sense_bound_uk_translation; sense_source='English Wiktionary'; sense_gloss='something that motivates'; gloss_definition_similarity=0.793; morphology='V6 pymorphy3 uk canonical lemma PASS after Unicode/stress normalization; tag=NOUN,inan masc,nomn; score=1.0000'; surface_mt_never_sole_pass=PASS	стимул
MANUAL_EMERGENCY_WORK_20260820_FIRST_PASS_V7_round04	ox5000-0619be0d2f24cb68b967	incorporate	verb	B2	https://www.oxfordlearnersdictionaries.com/us/definition/english/incorporate	MANUAL_EMERGENCY_WORK V7 exact Oxford identity; source_index=2678; definition_path=/us/definition/english/incorporate; exact_definition='to include something so that it forms a part of something'; selected_candidate_method=en_wiktionary_sense_bound_uk_translation; sense_source='English Wiktionary'; sense_gloss='include as a part or ingredient|integrate'; gloss_definition_similarity=0.678; morphology='V6 pymorphy3 uk canonical lemma PASS after Unicode/stress normalization; tag=VERB,impf infn; score=1.0000'; surface_mt_never_sole_pass=PASS	включати
MANUAL_EMERGENCY_WORK_20260820_FIRST_PASS_V7_round04	ox5000-e6ba4bdf14d730fcb39b	incorrect	adjective	B2	https://www.oxfordlearnersdictionaries.com/us/definition/english/incorrect	MANUAL_EMERGENCY_WORK V7 exact Oxford identity; source_index=2679; definition_path=/us/definition/english/incorrect; exact_definition='not accurate or true'; selected_candidate_method=en_wiktionary_sense_bound_uk_translation; sense_source='English Wiktionary'; sense_gloss='erroneous'; gloss_definition_similarity=0.653; morphology='V6 pymorphy3 uk canonical lemma PASS after Unicode/stress normalization; tag=ADJF masc,nomn; score=1.0000'; surface_mt_never_sole_pass=PASS	неправильний
MANUAL_EMERGENCY_WORK_20260820_FIRST_PASS_V7_round04	ox5000-ef97a46763f2c6c5b237	independence	noun	B2	https://www.oxfordlearnersdictionaries.com/us/definition/english/independence_1	MANUAL_EMERGENCY_WORK V7 exact Oxford identity; source_index=2687; definition_path=/us/definition/english/independence_1; exact_definition='freedom from political control by other countries'; selected_candidate_method=en_wiktionary_sense_bound_uk_translation; sense_source='English Wiktionary'; sense_gloss='state or quality of being independent'; gloss_definition_similarity=0.380; morphology='V6 pymorphy3 uk canonical lemma PASS after Unicode/stress normalization; tag=NOUN,inan femn,nomn; score=1.0000'; surface_mt_never_sole_pass=PASS	незалежність
MANUAL_EMERGENCY_WORK_20260820_FIRST_PASS_V7_round04	ox5000-be988b1dff39f57ff813	index	noun	B2	https://www.oxfordlearnersdictionaries.com/us/definition/english/index_1	MANUAL_EMERGENCY_WORK V7 exact Oxford identity; source_index=2689; definition_path=/us/definition/english/index_1; exact_definition='a list of names or topics that are referred to in a book, etc., usually arranged at the end of a book in alphabetical order or listed in a separate file or book'; selected_candidate_method=en_wiktionary_sense_bound_uk_translation; sense_source='English Wiktionary'; sense_gloss='alphabetical listing of items'; gloss_definition_similarity=0.626; morphology='V6 pymorphy3 uk canonical lemma PASS after Unicode/stress normalization; tag=NOUN,inan masc,nomn; score=1.0000'; surface_mt_never_sole_pass=PASS	індекс
MANUAL_EMERGENCY_WORK_20260820_FIRST_PASS_V7_round04	ox5000-cc1a0296595578e3be05	indication	noun	B2	https://www.oxfordlearnersdictionaries.com/us/definition/english/indication	MANUAL_EMERGENCY_WORK V7 exact Oxford identity; source_index=2691; definition_path=/us/definition/english/indication; exact_definition='a remark or sign that shows that something is happening or what somebody is thinking or feeling'; selected_candidate_method=en_wiktionary_sense_bound_uk_translation; sense_source='English Wiktionary'; sense_gloss='a mark or another symbol used to represent something'; gloss_definition_similarity=0.509; morphology='V6 pymorphy3 uk canonical lemma PASS after Unicode/stress normalization; tag=NOUN,inan masc,nomn; score=1.0000'; surface_mt_never_sole_pass=PASS	знак
MANUAL_EMERGENCY_WORK_20260820_FIRST_PASS_V7_round04	ox5000-06646a689dd3273e1c93	inevitable	adjective	B2	https://www.oxfordlearnersdictionaries.com/us/definition/english/inevitable	MANUAL_EMERGENCY_WORK V7 exact Oxford identity; source_index=2705; definition_path=/us/definition/english/inevitable; exact_definition='that you cannot avoid or prevent'; selected_candidate_method=en_wiktionary_sense_bound_uk_translation; sense_source='English Wiktionary'; sense_gloss='impossible to avoid or prevent'; gloss_definition_similarity=0.845; morphology='V6 pymorphy3 uk canonical lemma PASS after Unicode/stress normalization; tag=ADJF masc,nomn; score=1.0000'; surface_mt_never_sole_pass=PASS	неминучий
MANUAL_EMERGENCY_WORK_20260820_FIRST_PASS_V7_round04	ox5000-7b3cb0765f05e7460306	inevitably	adverb	B2	https://www.oxfordlearnersdictionaries.com/us/definition/english/inevitably	MANUAL_EMERGENCY_WORK V7 exact Oxford identity; source_index=2706; definition_path=/us/definition/english/inevitably; exact_definition='as is certain to happen'; selected_candidate_method=en_wiktionary_sense_bound_uk_translation; sense_source='English Wiktionary'; sense_gloss='in a manner that this impossible to avoid'; gloss_definition_similarity=0.302; morphology='V6 pymorphy3 uk canonical lemma PASS after Unicode/stress normalization; tag=ADVB; score=1.0000'; surface_mt_never_sole_pass=PASS	неминуче
MANUAL_EMERGENCY_WORK_20260820_FIRST_PASS_V7_round04	ox5000-7ff9e2bdabdf73fcdf4d	infer	verb	B2	https://www.oxfordlearnersdictionaries.com/us/definition/english/infer	MANUAL_EMERGENCY_WORK V7 exact Oxford identity; source_index=2711; definition_path=/us/definition/english/infer; exact_definition='to reach an opinion or decide that something is true on the basis of information that is available'; selected_candidate_method=en_wiktionary_sense_bound_uk_translation; sense_source='English Wiktionary'; sense_gloss='to introduce (something) as a reasoned conclusion; to conclude by reasoning or deduction, as from premises or evidence'; gloss_definition_similarity=0.569; morphology='V6 genuine multiword lexical phrase; Unicode-normalized V4 lexical/POS form accepted'; surface_mt_never_sole_pass=PASS	робити висновок
MANUAL_EMERGENCY_WORK_20260820_FIRST_PASS_V7_round04	ox5000-f0ae610ae73d64453087	inflation	noun	B2	https://www.oxfordlearnersdictionaries.com/us/definition/english/inflation	MANUAL_EMERGENCY_WORK V7 exact Oxford identity; source_index=2712; definition_path=/us/definition/english/inflation; exact_definition='a fall in the value of money and a general increase in prices; the rate at which this happens'; selected_candidate_method=en_wiktionary_sense_bound_uk_translation; sense_source='English Wiktionary'; sense_gloss='increase in the quantity of money, leading to a devaluation of existing money and increase in the general nominal level of prices or in the cost of living'; gloss_definition_similarity=0.813; morphology='V6 pymorphy3 uk canonical lemma PASS after Unicode/stress normalization; tag=NOUN,inan femn,nomn; score=1.0000'; surface_mt_never_sole_pass=PASS	інфляція
MANUAL_EMERGENCY_WORK_20260820_FIRST_PASS_V7_round04	ox5000-49955cd8897590e06eb7	info	noun	B2	https://www.oxfordlearnersdictionaries.com/us/definition/english/info	MANUAL_EMERGENCY_WORK V7 exact Oxford identity; source_index=2717; definition_path=/us/definition/english/info; exact_definition='information'; selected_candidate_method=Helsinki-NLP/opus-mt-en-uk_surface_candidate; sense_source=''; sense_gloss=''; gloss_definition_similarity=1.000; morphology='V6 no Ukrainian lexical token after Unicode/stress normalization'; surface_mt_never_sole_pass=PASS	info
MANUAL_EMERGENCY_WORK_20260820_FIRST_PASS_V7_round04	ox5000-36319883199e948ad332	infrastructure	noun	B2	https://www.oxfordlearnersdictionaries.com/us/definition/english/infrastructure	MANUAL_EMERGENCY_WORK V7 exact Oxford identity; source_index=2721; definition_path=/us/definition/english/infrastructure; exact_definition='the basic systems and services that are necessary for a country or an organization to run smoothly, for example buildings, transport and water and power supplies'; selected_candidate_method=en_wiktionary_sense_bound_uk_translation; sense_source='English Wiktionary'; sense_gloss='basic facilities, services and installations needed for the functioning of a community or society'; gloss_definition_similarity=0.706; morphology='V6 pymorphy3 uk canonical lemma PASS after Unicode/stress normalization; tag=NOUN,inan femn,nomn; score=1.0000'; surface_mt_never_sole_pass=PASS	інфраструктура
MANUAL_EMERGENCY_WORK_20260820_FIRST_PASS_V7_round04	ox5000-24da19bb4ce0d5ceeacb	inhabitant	noun	B2	https://www.oxfordlearnersdictionaries.com/us/definition/english/inhabitant	MANUAL_EMERGENCY_WORK V7 exact Oxford identity; source_index=2723; definition_path=/us/definition/english/inhabitant; exact_definition='a person or an animal that lives in a particular place'; selected_candidate_method=Helsinki-NLP/opus-mt-en-uk_surface_candidate; sense_source=''; sense_gloss=''; gloss_definition_similarity=1.000; morphology='V6 pymorphy3 uk canonical lemma PASS after Unicode/stress normalization; tag=NOUN,anim masc,nomn; score=1.0000'; surface_mt_never_sole_pass=PASS	житель
MANUAL_EMERGENCY_WORK_20260820_FIRST_PASS_V7_round04	ox5000-f4321412ab9f41d8e2db	inherit	verb	B2	https://www.oxfordlearnersdictionaries.com/us/definition/english/inherit	MANUAL_EMERGENCY_WORK V7 exact Oxford identity; source_index=2725; definition_path=/us/definition/english/inherit; exact_definition='to receive money, property, etc. from somebody when they die'; selected_candidate_method=en_wiktionary_sense_bound_uk_translation; sense_source='English Wiktionary'; sense_gloss='to receive property or a title by legal succession etc.'; gloss_definition_similarity=0.570; morphology='V6 pymorphy3 uk canonical lemma PASS after Unicode/stress normalization; tag=VERB,impf infn; score=1.0000'; surface_mt_never_sole_pass=PASS	успадковувати
MANUAL_EMERGENCY_WORK_20260820_FIRST_PASS_V7_round04	ox5000-f6248e466730f68b14a2	ink	noun	B2	https://www.oxfordlearnersdictionaries.com/us/definition/english/ink_1	MANUAL_EMERGENCY_WORK V7 exact Oxford identity; source_index=2737; definition_path=/us/definition/english/ink_1; exact_definition='coloured liquid for writing, drawing and printing'; selected_candidate_method=en_wiktionary_sense_bound_uk_translation; sense_source='English Wiktionary'; sense_gloss='coloured fluid used for writing'; gloss_definition_similarity=0.915; morphology='V6 pymorphy3 uk canonical lemma PASS after Unicode/stress normalization; tag=NOUN,inan neut,nomn; score=1.0000'; surface_mt_never_sole_pass=PASS	чорнило
MANUAL_EMERGENCY_WORK_20260820_FIRST_PASS_V7_round04	ox5000-5262606cd574af131a21	innovation	noun	B2	https://www.oxfordlearnersdictionaries.com/us/definition/english/innovation	MANUAL_EMERGENCY_WORK V7 exact Oxford identity; source_index=2741; definition_path=/us/definition/english/innovation; exact_definition='the introduction of new things, ideas or ways of doing something'; selected_candidate_method=en_wiktionary_sense_bound_uk_translation; sense_source='English Wiktionary'; sense_gloss='something new'; gloss_definition_similarity=0.625; morphology='V6 pymorphy3 uk canonical lemma PASS after Unicode/stress normalization; tag=NOUN,inan femn,nomn; score=1.0000'; surface_mt_never_sole_pass=PASS	інновація
MANUAL_EMERGENCY_WORK_20260820_FIRST_PASS_V7_round04	ox5000-bb2305964c87f26f785b	innovative	adjective	B2	https://www.oxfordlearnersdictionaries.com/us/definition/english/innovative	MANUAL_EMERGENCY_WORK V7 exact Oxford identity; source_index=2742; definition_path=/us/definition/english/innovative; exact_definition='introducing or using new ideas, ways of doing something, etc.'; selected_candidate_method=Helsinki-NLP/opus-mt-en-uk_surface_candidate; sense_source=''; sense_gloss=''; gloss_definition_similarity=1.000; morphology='V6 pymorphy3 uk canonical lemma PASS after Unicode/stress normalization; tag=ADJF,compb masc,nomn; score=1.0000'; surface_mt_never_sole_pass=PASS	інноваційний
MANUAL_EMERGENCY_WORK_20260820_FIRST_PASS_V7_round04	ox5000-e1ca54e0e4d0e1a16fac	input	noun	B2	https://www.oxfordlearnersdictionaries.com/us/definition/english/input_1	MANUAL_EMERGENCY_WORK V7 exact Oxford identity; source_index=2743; definition_path=/us/definition/english/input_1; exact_definition='time, knowledge, ideas, etc. that you put into work, a project, etc. in order to make it succeed; the act of putting something in'; selected_candidate_method=en_wiktionary_sense_bound_uk_translation; sense_source='English Wiktionary'; sense_gloss='data fed into a process'; gloss_definition_similarity=0.350; morphology='V6 pymorphy3 uk canonical lemma PASS after Unicode/stress normalization; tag=NOUN,inan masc,nomn; score=1.0000'; surface_mt_never_sole_pass=PASS	вхід
MANUAL_EMERGENCY_WORK_20260820_FIRST_PASS_V7_round04	ox5000-272fbc928cd10bef3371	insert	verb	B2	https://www.oxfordlearnersdictionaries.com/us/definition/english/insert_1	MANUAL_EMERGENCY_WORK V7 exact Oxford identity; source_index=2746; definition_path=/us/definition/english/insert_1; exact_definition='to put something into something else or between two things'; selected_candidate_method=Helsinki-NLP/opus-mt-en-uk_surface_candidate; sense_source=''; sense_gloss=''; gloss_definition_similarity=1.000; morphology='V6 pymorphy3 uk canonical lemma PASS after Unicode/stress normalization; tag=VERB,perf infn; score=1.0000'; surface_mt_never_sole_pass=PASS	вставити
MANUAL_EMERGENCY_WORK_20260820_FIRST_PASS_V7_round04	ox5000-5f09fb5782151e5b31f9	inspector	noun	B2	https://www.oxfordlearnersdictionaries.com/us/definition/english/inspector	MANUAL_EMERGENCY_WORK V7 exact Oxford identity; source_index=2757; definition_path=/us/definition/english/inspector; exact_definition='an officer of middle rank in the police force'; selected_candidate_method=en_wiktionary_sense_bound_uk_translation; sense_source='English Wiktionary'; sense_gloss='police officer ranking below superintendent'; gloss_definition_similarity=0.722; morphology='V6 pymorphy3 uk canonical lemma PASS after Unicode/stress normalization; tag=NOUN,anim masc,nomn; score=1.0000'; surface_mt_never_sole_pass=PASS	інспектор
MANUAL_EMERGENCY_WORK_20260820_FIRST_PASS_V7_round04	ox5000-057f0fb509e5dcf12e33	installation	noun	B2	https://www.oxfordlearnersdictionaries.com/us/definition/english/installation	MANUAL_EMERGENCY_WORK V7 exact Oxford identity; source_index=2761; definition_path=/us/definition/english/installation; exact_definition='the act of fixing equipment or furniture in position so that it can be used'; selected_candidate_method=Helsinki-NLP/opus-mt-en-uk_surface_candidate; sense_source=''; sense_gloss=''; gloss_definition_similarity=1.000; morphology='V6 pymorphy3 uk canonical lemma PASS after Unicode/stress normalization; tag=NOUN,inan neut,nomn; score=1.0000'; surface_mt_never_sole_pass=PASS	встановлення
MANUAL_EMERGENCY_WORK_20260820_FIRST_PASS_V7_round04	ox5000-d6cbb323c712ce894586	instant	adjective	B2	https://www.oxfordlearnersdictionaries.com/us/definition/english/instant_1	"MANUAL_EMERGENCY_WORK V7 exact Oxford identity; source_index=2763; definition_path=/us/definition/english/instant_1; exact_definition='happening immediately'; selected_candidate_method=Helsinki-NLP/opus-mt-en-uk_surface_candidate; sense_source=''; sense_gloss=''; gloss_definition_similarity=1.000; morphology=""V6 pymorphy3 uk has no requested-POS parse for 'миттєво'""; surface_mt_never_sole_pass=PASS"	миттєво
MANUAL_EMERGENCY_WORK_20260820_FIRST_PASS_V7_round04	ox5000-badf4a8930fc7d79c357	instantly	adverb	B2	https://www.oxfordlearnersdictionaries.com/us/definition/english/instantly	MANUAL_EMERGENCY_WORK V7 exact Oxford identity; source_index=2764; definition_path=/us/definition/english/instantly; exact_definition='immediately'; selected_candidate_method=en_wiktionary_sense_bound_uk_translation; sense_source='English Wiktionary'; sense_gloss='at once'; gloss_definition_similarity=0.669; morphology='V6 pymorphy3 uk canonical lemma PASS after Unicode/stress normalization; tag=ADVB,compb; score=1.0000'; surface_mt_never_sole_pass=PASS	миттєво
MANUAL_EMERGENCY_WORK_20260820_FIRST_PASS_V7_round04	ox5000-c12f00903c72d68024f3	integrate	verb	B2	https://www.oxfordlearnersdictionaries.com/us/definition/english/integrate	MANUAL_EMERGENCY_WORK V7 exact Oxford identity; source_index=2782; definition_path=/us/definition/english/integrate; exact_definition='to combine two or more things so that they work together; to combine with something else in this way'; selected_candidate_method=en_wiktionary_sense_bound_uk_translation; sense_source='English Wiktionary'; sense_gloss='to form into one whole'; gloss_definition_similarity=0.609; morphology='V6 pymorphy3 uk canonical lemma PASS after Unicode/stress normalization; tag=VERB,impf infn; score=1.0000'; surface_mt_never_sole_pass=PASS	об'єднувати
MANUAL_EMERGENCY_WORK_20260820_FIRST_PASS_V7_round04	ox5000-c6ed2c694d610997a7df	intellectual	adjective	B2	https://www.oxfordlearnersdictionaries.com/us/definition/english/intellectual_1	MANUAL_EMERGENCY_WORK V7 exact Oxford identity; source_index=2786; definition_path=/us/definition/english/intellectual_1; exact_definition='connected with or using a person’s ability to think in a logical way and understand things'; selected_candidate_method=Helsinki-NLP/opus-mt-en-uk_surface_candidate; sense_source=''; sense_gloss=''; gloss_definition_similarity=1.000; morphology='V6 pymorphy3 uk canonical lemma PASS after Unicode/stress normalization; tag=ADJF,compb masc,nomn; score=1.0000'; surface_mt_never_sole_pass=PASS	інтелектуальний
MANUAL_EMERGENCY_WORK_20260820_FIRST_PASS_V7_round04	ox5000-c54f9279e34437f21931	interact	verb	B2	https://www.oxfordlearnersdictionaries.com/us/definition/english/interact	MANUAL_EMERGENCY_WORK V7 exact Oxford identity; source_index=2798; definition_path=/us/definition/english/interact; exact_definition='to communicate with somebody, especially while you work, play or spend time with them'; selected_candidate_method=en_wiktionary_sense_bound_uk_translation; sense_source='English Wiktionary'; sense_gloss='act upon each other'; gloss_definition_similarity=0.429; morphology='V6 pymorphy3 uk canonical lemma PASS after Unicode/stress normalization; tag=VERB,impf infn; score=1.0000'; surface_mt_never_sole_pass=PASS	взаємодіяти
MANUAL_EMERGENCY_WORK_20260820_FIRST_PASS_V7_round04	ox5000-dadeebf8bd921477bf3b	interaction	noun	B2	https://www.oxfordlearnersdictionaries.com/us/definition/english/interaction	MANUAL_EMERGENCY_WORK V7 exact Oxford identity; source_index=2799; definition_path=/us/definition/english/interaction; exact_definition='the act of communicating with somebody, especially while you work, play or spend time with them'; selected_candidate_method=en_wiktionary_sense_bound_uk_translation; sense_source='English Wiktionary'; sense_gloss='conversation or exchange between people'; gloss_definition_similarity=0.700; morphology='V6 pymorphy3 uk canonical lemma PASS after Unicode/stress normalization; tag=NOUN,inan neut,nomn; score=1.0000'; surface_mt_never_sole_pass=PASS	спілкування
MANUAL_EMERGENCY_WORK_20260820_FIRST_PASS_V7_round04	ox5000-4f4fbda46ce05ce575f1	interpretation	noun	B2	https://www.oxfordlearnersdictionaries.com/us/definition/english/interpretation	MANUAL_EMERGENCY_WORK V7 exact Oxford identity; source_index=2816; definition_path=/us/definition/english/interpretation; exact_definition='the particular way in which something is understood or explained'; selected_candidate_method=en_wiktionary_sense_bound_uk_translation; sense_source='English Wiktionary'; sense_gloss='act of interpreting'; gloss_definition_similarity=0.673; morphology='V6 pymorphy3 uk canonical lemma PASS after Unicode/stress normalization; tag=NOUN,inan neut,nomn; score=1.0000'; surface_mt_never_sole_pass=PASS	тлумачення
MANUAL_EMERGENCY_WORK_20260820_FIRST_PASS_V7_round04	ox5000-23f96e4f7e768533f9e1	interval	noun	B2	https://www.oxfordlearnersdictionaries.com/us/definition/english/interval	MANUAL_EMERGENCY_WORK V7 exact Oxford identity; source_index=2818; definition_path=/us/definition/english/interval; exact_definition='a period of time between two events'; selected_candidate_method=en_wiktionary_sense_bound_uk_translation; sense_source='English Wiktionary'; sense_gloss='distance in space'; gloss_definition_similarity=0.256; morphology='V6 pymorphy3 uk canonical lemma PASS after Unicode/stress normalization; tag=NOUN,inan masc,nomn; score=1.0000'; surface_mt_never_sole_pass=PASS	інтервал
MANUAL_EMERGENCY_WORK_20260820_FIRST_PASS_V7_round04	ox5000-67085d75a6593c5849c3	invade	verb	B2	https://www.oxfordlearnersdictionaries.com/us/definition/english/invade	MANUAL_EMERGENCY_WORK V7 exact Oxford identity; source_index=2828; definition_path=/us/definition/english/invade; exact_definition='to enter a country, town, etc. using military force in order to take control of it'; selected_candidate_method=en_wiktionary_sense_bound_uk_translation; sense_source='English Wiktionary'; sense_gloss='to enter by force in order to conquer'; gloss_definition_similarity=0.696; morphology='V6 pymorphy3 uk canonical lemma PASS after Unicode/stress normalization; tag=VERB,Refl,impf infn; score=1.0000'; surface_mt_never_sole_pass=PASS	вторгатися
MANUAL_EMERGENCY_WORK_20260820_FIRST_PASS_V7_round04	ox5000-d20215e9e0ba29c2222f	invasion	noun	B2	https://www.oxfordlearnersdictionaries.com/us/definition/english/invasion	MANUAL_EMERGENCY_WORK V7 exact Oxford identity; source_index=2829; definition_path=/us/definition/english/invasion; exact_definition='the act of an army entering another country by force in order to take control of it'; selected_candidate_method=en_wiktionary_sense_bound_uk_translation; sense_source='English Wiktionary'; sense_gloss='military action'; gloss_definition_similarity=0.660; morphology='V6 pymorphy3 uk canonical lemma PASS after Unicode/stress normalization; tag=NOUN,inan neut; score=1.0000'; surface_mt_never_sole_pass=PASS	вторгнення
MANUAL_EMERGENCY_WORK_20260820_FIRST_PASS_V7_round04	ox5000-5ec2e0bf7bd7159c4fa2	investor	noun	B2	https://www.oxfordlearnersdictionaries.com/us/definition/english/investor	MANUAL_EMERGENCY_WORK V7 exact Oxford identity; source_index=2837; definition_path=/us/definition/english/investor; exact_definition='a person or an organization that invests money in something'; selected_candidate_method=en_wiktionary_sense_bound_uk_translation; sense_source='English Wiktionary'; sense_gloss='person who invests money in order to make a profit'; gloss_definition_similarity=0.792; morphology='V6 pymorphy3 uk canonical lemma PASS after Unicode/stress normalization; tag=NOUN,anim masc,nomn; score=1.0000'; surface_mt_never_sole_pass=PASS	інвестор
MANUAL_EMERGENCY_WORK_20260820_FIRST_PASS_V7_round04	ox5000-68dfdd415bb302e71b0a	isolate	verb	B2	https://www.oxfordlearnersdictionaries.com/us/definition/english/isolate	MANUAL_EMERGENCY_WORK V7 exact Oxford identity; source_index=2852; definition_path=/us/definition/english/isolate; exact_definition='to separate somebody/something physically or socially from other people or things'; selected_candidate_method=en_wiktionary_sense_bound_uk_translation; sense_source='English Wiktionary'; sense_gloss='transitive: to set apart or cut off from others'; gloss_definition_similarity=0.522; morphology='V6 pymorphy3 uk canonical lemma PASS after Unicode/stress normalization; tag=VERB,impf infn; score=1.0000'; surface_mt_never_sole_pass=PASS	відокремлювати
MANUAL_EMERGENCY_WORK_20260820_FIRST_PASS_V7_round04	ox5000-b7446723645accf54c52	isolated	adjective	B2	https://www.oxfordlearnersdictionaries.com/us/definition/english/isolated	MANUAL_EMERGENCY_WORK V7 exact Oxford identity; source_index=2853; definition_path=/us/definition/english/isolated; exact_definition='far away from any others'; selected_candidate_method=Helsinki-NLP/opus-mt-en-uk_surface_candidate; sense_source=''; sense_gloss=''; gloss_definition_similarity=1.000; morphology='V6 pymorphy3 uk canonical lemma PASS after Unicode/stress normalization; tag=ADJF,pssv,impf masc,nomn; score=1.0000'; surface_mt_never_sole_pass=PASS	ізольований
MANUAL_EMERGENCY_WORK_20260820_FIRST_PASS_V7_round04	ox5000-2bdd3cdbe3b5841b8f62	jail	noun	B2	https://www.oxfordlearnersdictionaries.com/us/definition/english/jail_1	MANUAL_EMERGENCY_WORK V7 exact Oxford identity; source_index=2863; definition_path=/us/definition/english/jail_1; exact_definition=''; selected_candidate_method=Helsinki-NLP/opus-mt-en-uk_surface_candidate; sense_source=''; sense_gloss=''; gloss_definition_similarity=1.000; morphology='V6 pymorphy3 uk canonical lemma PASS after Unicode/stress normalization; tag=NOUN,inan femn,nomn; score=1.0000'; surface_mt_never_sole_pass=PASS	в'язниця
MANUAL_EMERGENCY_WORK_20260820_FIRST_PASS_V7_round04	ox5000-031f0c28f6bfce2b6e15	jail	verb	B2	https://www.oxfordlearnersdictionaries.com/us/definition/english/jail_2	"MANUAL_EMERGENCY_WORK V7 exact Oxford identity; source_index=2864; definition_path=/us/definition/english/jail_2; exact_definition='to put somebody in prison'; selected_candidate_method=Helsinki-NLP/opus-mt-en-uk_surface_candidate; sense_source=''; sense_gloss=''; gloss_definition_similarity=1.000; morphology='V6 pymorphy3 uk has no requested-POS parse for ""в\'язниця""'; surface_mt_never_sole_pass=PASS"	в'язниця
MANUAL_EMERGENCY_WORK_20260820_FIRST_PASS_V7_round04	ox5000-fb7375e0f3874e5647c5	jet	noun	B2	https://www.oxfordlearnersdictionaries.com/us/definition/english/jet_1	MANUAL_EMERGENCY_WORK V7 exact Oxford identity; source_index=2869; definition_path=/us/definition/english/jet_1; exact_definition='a plane driven by jet engines'; selected_candidate_method=Helsinki-NLP/opus-mt-en-uk_surface_candidate; sense_source=''; sense_gloss=''; gloss_definition_similarity=1.000; morphology='V6 genuine multiword lexical phrase; Unicode-normalized V4 lexical/POS form accepted'; surface_mt_never_sole_pass=PASS	реактивний літак
MANUAL_EMERGENCY_WORK_20260820_FIRST_PASS_V7_round04	ox5000-70c5c8f51acbab122f67	joint	adjective	B2	https://www.oxfordlearnersdictionaries.com/us/definition/english/joint_1	MANUAL_EMERGENCY_WORK V7 exact Oxford identity; source_index=2873; definition_path=/us/definition/english/joint_1; exact_definition='involving two or more people together'; selected_candidate_method=en_wiktionary_sense_bound_uk_translation; sense_source='English Wiktionary'; sense_gloss='done by two or more people or organisations working together'; gloss_definition_similarity=0.526; morphology='V6 pymorphy3 uk canonical lemma PASS after Unicode/stress normalization; tag=ADJF masc,nomn; score=1.0000'; surface_mt_never_sole_pass=PASS	спільний
MANUAL_EMERGENCY_WORK_20260820_FIRST_PASS_V7_round04	ox5000-dd96500677d3ca51e52e	joint	noun	B2	https://www.oxfordlearnersdictionaries.com/us/definition/english/joint_2	MANUAL_EMERGENCY_WORK V7 exact Oxford identity; source_index=2874; definition_path=/us/definition/english/joint_2; exact_definition='a place where two bones are joined together in the body in a way that enables them to bend and move'; selected_candidate_method=en_wiktionary_sense_bound_uk_translation; sense_source='English Wiktionary'; sense_gloss='rigid joint'; gloss_definition_similarity=0.562; morphology='V6 pymorphy3 uk canonical lemma PASS after Unicode/stress normalization; tag=NOUN,inan neut,nomn; score=1.0000'; surface_mt_never_sole_pass=PASS	з'єднання
MANUAL_EMERGENCY_WORK_20260820_FIRST_PASS_V7_round04	ox5000-2f08ca6f381da258e455	journalism	noun	B2	https://www.oxfordlearnersdictionaries.com/us/definition/english/journalism	MANUAL_EMERGENCY_WORK V7 exact Oxford identity; source_index=2878; definition_path=/us/definition/english/journalism; exact_definition='the work of collecting and writing news stories for newspapers, magazines, radio, television or online news sites; the news stories that are written'; selected_candidate_method=en_wiktionary_sense_bound_uk_translation; sense_source='English Wiktionary'; sense_gloss='activity or profession of being a journalist'; gloss_definition_similarity=0.678; morphology='V6 pymorphy3 uk canonical lemma PASS after Unicode/stress normalization; tag=NOUN,femn,inan nomn; score=1.0000'; surface_mt_never_sole_pass=PASS	журналістика
MANUAL_EMERGENCY_WORK_20260820_FIRST_PASS_V7_round04	ox5000-daa9b791eff027caf0b2	jury	noun	B2	https://www.oxfordlearnersdictionaries.com/us/definition/english/jury	MANUAL_EMERGENCY_WORK V7 exact Oxford identity; source_index=2894; definition_path=/us/definition/english/jury; exact_definition='a group of members of the public who listen to the facts of a case in a court and decide whether or not somebody is guilty of a crime, or whether a claim has been proved'; selected_candidate_method=en_wiktionary_sense_bound_uk_translation; sense_source='English Wiktionary'; sense_gloss='law: group in a court of law'; gloss_definition_similarity=0.546; morphology='V6 pymorphy3 uk canonical lemma PASS after Unicode/stress normalization; tag=NOUN,Surn,anim masc,nomn; score=1.0000'; surface_mt_never_sole_pass=PASS	присяжний
MANUAL_EMERGENCY_WORK_20260820_FIRST_PASS_V7_round04	ox5000-11266ab8c09eb5c57402	kit	noun	B2	https://www.oxfordlearnersdictionaries.com/us/definition/english/kit_1	MANUAL_EMERGENCY_WORK V7 exact Oxford identity; source_index=2920; definition_path=/us/definition/english/kit_1; exact_definition='a set of tools or equipment that you use for a particular purpose'; selected_candidate_method=Helsinki-NLP/opus-mt-en-uk_surface_candidate; sense_source=''; sense_gloss=''; gloss_definition_similarity=1.000; morphology='V6 pymorphy3 uk canonical lemma PASS after Unicode/stress normalization; tag=NOUN,inan femn,nomn; score=1.0000'; surface_mt_never_sole_pass=PASS	аптечка
MANUAL_EMERGENCY_WORK_20260820_FIRST_PASS_V7_round04	ox5000-c3113232c1fb2e5bbaa0	ladder	noun	B2	https://www.oxfordlearnersdictionaries.com/us/definition/english/ladder_1	MANUAL_EMERGENCY_WORK V7 exact Oxford identity; source_index=2936; definition_path=/us/definition/english/ladder_1; exact_definition='a piece of equipment for climbing up and down a wall, the side of a building, etc., consisting of two lengths of wood or metal that are joined together by steps or rungs'; selected_candidate_method=Helsinki-NLP/opus-mt-en-uk_surface_candidate; sense_source=''; sense_gloss=''; gloss_definition_similarity=1.000; morphology='V6 pymorphy3 uk canonical lemma PASS after Unicode/stress normalization; tag=NOUN,inan femn,nomn; score=1.0000'; surface_mt_never_sole_pass=PASS	драбина
MANUAL_EMERGENCY_WORK_20260820_FIRST_PASS_V7_round04	ox5000-a218d28b896b2bdb62f8	landing	noun	B2	https://www.oxfordlearnersdictionaries.com/us/definition/english/landing	MANUAL_EMERGENCY_WORK V7 exact Oxford identity; source_index=2942; definition_path=/us/definition/english/landing; exact_definition='an act of bringing an aircraft or a spacecraft down to the ground after a journey'; selected_candidate_method=en_wiktionary_sense_bound_uk_translation; sense_source='English Wiktionary'; sense_gloss='a coming to a surface, as of an airplane'; gloss_definition_similarity=0.723; morphology='V6 pymorphy3 uk canonical lemma PASS after Unicode/stress normalization; tag=NOUN,inan neut,nomn; score=1.0000'; surface_mt_never_sole_pass=PASS	приземлення
MANUAL_EMERGENCY_WORK_20260820_FIRST_PASS_V7_round04	ox5000-b9a7aa2033cb2e0c7400	lane	noun	B2	https://www.oxfordlearnersdictionaries.com/us/definition/english/lane	MANUAL_EMERGENCY_WORK V7 exact Oxford identity; source_index=2946; definition_path=/us/definition/english/lane; exact_definition='a narrow road in the country'; selected_candidate_method=en_wiktionary_sense_bound_uk_translation; sense_source='English Wiktionary'; sense_gloss='division of roadway'; gloss_definition_similarity=0.597; morphology='V6 pymorphy3 uk canonical lemma PASS after Unicode/stress normalization; tag=NOUN,femn,inan nomn; score=1.0000'; surface_mt_never_sole_pass=PASS	смуга
MANUAL_EMERGENCY_WORK_20260820_FIRST_PASS_V7_round04	ox5000-c1b92733baa2264f3999	lately	adverb	B2	https://www.oxfordlearnersdictionaries.com/us/definition/english/lately	MANUAL_EMERGENCY_WORK V7 exact Oxford identity; source_index=2960; definition_path=/us/definition/english/lately; exact_definition='recently; in the recent past'; selected_candidate_method=Helsinki-NLP/opus-mt-en-uk_surface_candidate; sense_source=''; sense_gloss=''; gloss_definition_similarity=1.000; morphology='multiword adverb candidate is not an adverbial phrase'; surface_mt_never_sole_pass=PASS	останнім часом
MANUAL_EMERGENCY_WORK_20260820_FIRST_PASS_V7_round04	ox5000-e7ea035601a37a9a4722	leaflet	noun	B2	https://www.oxfordlearnersdictionaries.com/us/definition/english/leaflet_1	MANUAL_EMERGENCY_WORK V7 exact Oxford identity; source_index=2986; definition_path=/us/definition/english/leaflet_1; exact_definition='a printed sheet of paper or a few printed pages that are given free to advertise or give information about something'; selected_candidate_method=Helsinki-NLP/opus-mt-en-uk_surface_candidate; sense_source=''; sense_gloss=''; gloss_definition_similarity=1.000; morphology='V6 pymorphy3 uk canonical lemma PASS after Unicode/stress normalization; tag=NOUN,femn,inan nomn; score=1.0000'; surface_mt_never_sole_pass=PASS	листівка
MANUAL_EMERGENCY_WORK_20260820_FIRST_PASS_V7_round04	ox5000-717eebb531c2bbf433f9	legend	noun	B2	https://www.oxfordlearnersdictionaries.com/us/definition/english/legend	MANUAL_EMERGENCY_WORK V7 exact Oxford identity; source_index=3009; definition_path=/us/definition/english/legend; exact_definition='a story from ancient times about people and events, that may or may not be true; this type of story'; selected_candidate_method=en_wiktionary_sense_bound_uk_translation; sense_source='English Wiktionary'; sense_gloss='story of unknown origin describing plausible but extraordinary past events'; gloss_definition_similarity=0.731; morphology='V6 pymorphy3 uk canonical lemma PASS after Unicode/stress normalization; tag=NOUN,inan femn; score=1.0000'; surface_mt_never_sole_pass=PASS	легенда
MANUAL_EMERGENCY_WORK_20260820_FIRST_PASS_V7_round04	ox5000-ffb8e573cf446633d5cb	lens	noun	B2	https://www.oxfordlearnersdictionaries.com/us/definition/english/lens	MANUAL_EMERGENCY_WORK V7 exact Oxford identity; source_index=3020; definition_path=/us/definition/english/lens; exact_definition='a curved piece of glass or plastic that makes things look larger, smaller or clearer when you look through it'; selected_candidate_method=en_wiktionary_sense_bound_uk_translation; sense_source='English Wiktionary'; sense_gloss='object focusing or defocusing the light passing through it'; gloss_definition_similarity=0.517; morphology='V6 pymorphy3 uk canonical lemma PASS after Unicode/stress normalization; tag=NOUN,inan masc,nomn; score=1.0000'; surface_mt_never_sole_pass=PASS	об'єктив
MANUAL_EMERGENCY_WORK_20260820_FIRST_PASS_V7_round04	ox5000-51bc5ea8a66b539c5223	lifetime	noun	B2	https://www.oxfordlearnersdictionaries.com/us/definition/english/lifetime	MANUAL_EMERGENCY_WORK V7 exact Oxford identity; source_index=3047; definition_path=/us/definition/english/lifetime; exact_definition='the length of time that somebody lives or that something lasts'; selected_candidate_method=en_wiktionary_sense_bound_uk_translation; sense_source='English Wiktionary'; sense_gloss='duration of the life of someone or something'; gloss_definition_similarity=0.888; morphology='V6 pymorphy3 uk canonical lemma PASS after Unicode/stress normalization; tag=NOUN,Name,anim femn,nomn; score=1.0000'; surface_mt_never_sole_pass=PASS	віка
MANUAL_EMERGENCY_WORK_20260820_FIRST_PASS_V7_round04	ox5000-a3a2e9e256bd13e3e541	lighting	noun	B2	https://www.oxfordlearnersdictionaries.com/us/definition/english/lighting	MANUAL_EMERGENCY_WORK V7 exact Oxford identity; source_index=3053; definition_path=/us/definition/english/lighting; exact_definition='the arrangement or type of light in a place'; selected_candidate_method=en_wiktionary_sense_bound_uk_translation; sense_source='English Wiktionary'; sense_gloss='equipment, illumination'; gloss_definition_similarity=0.558; morphology='V6 pymorphy3 uk canonical lemma PASS after Unicode/stress normalization; tag=NOUN,inan neut,nomn; score=1.0000'; surface_mt_never_sole_pass=PASS	освітлення
MANUAL_EMERGENCY_WORK_20260820_FIRST_PASS_V7_round04	ox5000-328c1d56fad5d18c8f23	likewise	adverb	B2	https://www.oxfordlearnersdictionaries.com/us/definition/english/likewise	MANUAL_EMERGENCY_WORK V7 exact Oxford identity; source_index=3059; definition_path=/us/definition/english/likewise; exact_definition='the same; in a similar way'; selected_candidate_method=en_wiktionary_sense_bound_uk_translation; sense_source='English Wiktionary'; sense_gloss='the same to you'; gloss_definition_similarity=0.740; morphology='multiword adverb candidate is not an adverbial phrase'; surface_mt_never_sole_pass=PASS	і вам того ж
MANUAL_EMERGENCY_WORK_20260820_FIRST_PASS_V7_round04	ox5000-fdce7e0032ae59989c61	limitation	noun	B2	https://www.oxfordlearnersdictionaries.com/us/definition/english/limitation	MANUAL_EMERGENCY_WORK V7 exact Oxford identity; source_index=3063; definition_path=/us/definition/english/limitation; exact_definition='the act or process of limiting or controlling somebody/something'; selected_candidate_method=Helsinki-NLP/opus-mt-en-uk_surface_candidate; sense_source=''; sense_gloss=''; gloss_definition_similarity=1.000; morphology='V6 pymorphy3 uk canonical lemma PASS after Unicode/stress normalization; tag=NOUN,inan neut,nomn; score=1.0000'; surface_mt_never_sole_pass=PASS	обмеження
MANUAL_EMERGENCY_WORK_20260820_FIRST_PASS_V7_round04	ox5000-112880a33f9d8e34a9b3	literally	adverb	B2	https://www.oxfordlearnersdictionaries.com/us/definition/english/literally	MANUAL_EMERGENCY_WORK V7 exact Oxford identity; source_index=3082; definition_path=/us/definition/english/literally; exact_definition='in a literal way'; selected_candidate_method=en_wiktionary_sense_bound_uk_translation; sense_source='English Wiktionary'; sense_gloss='in a literal manner'; gloss_definition_similarity=0.981; morphology='V6 genuine multiword lexical phrase; Unicode-normalized V4 lexical/POS form accepted'; surface_mt_never_sole_pass=PASS	у прямому сенсі
MANUAL_EMERGENCY_WORK_20260820_FIRST_PASS_V7_round04	ox5000-9eabcb2d708b14389152	literary	adjective	B2	https://www.oxfordlearnersdictionaries.com/us/definition/english/literary	MANUAL_EMERGENCY_WORK V7 exact Oxford identity; source_index=3083; definition_path=/us/definition/english/literary; exact_definition='connected with literature'; selected_candidate_method=en_wiktionary_sense_bound_uk_translation; sense_source='English Wiktionary'; sense_gloss='relating to literature'; gloss_definition_similarity=0.908; morphology='V6 pymorphy3 uk canonical lemma PASS after Unicode/stress normalization; tag=ADJF masc,nomn; score=1.0000'; surface_mt_never_sole_pass=PASS	літературний
MANUAL_EMERGENCY_WORK_20260820_FIRST_PASS_V7_round04	ox5000-ef0b492c57cfb957db02	litre	noun	B2	https://www.oxfordlearnersdictionaries.com/us/definition/english/litre	MANUAL_EMERGENCY_WORK V7 exact Oxford identity; source_index=3085; definition_path=/us/definition/english/litre; exact_definition='a unit for measuring volume, equal to 1.76 British pints or 2.11 American pints'; selected_candidate_method=en_wiktionary_sense_bound_uk_translation; sense_source='English Wiktionary'; sense_gloss='unit of fluid measure'; gloss_definition_similarity=0.570; morphology='V6 pymorphy3 uk canonical lemma PASS after Unicode/stress normalization; tag=NOUN,inan masc,nomn; score=1.0000'; surface_mt_never_sole_pass=PASS	літр
MANUAL_EMERGENCY_WORK_20260820_FIRST_PASS_V7_round04	ox5000-772478c07738c9ee4fbc	litter	noun	B2	https://www.oxfordlearnersdictionaries.com/us/definition/english/litter_1	MANUAL_EMERGENCY_WORK V7 exact Oxford identity; source_index=3086; definition_path=/us/definition/english/litter_1; exact_definition='small pieces of rubbish such as paper, cans and bottles, that people have left lying in a public place'; selected_candidate_method=en_wiktionary_sense_bound_uk_translation; sense_source='English Wiktionary'; sense_gloss='discarded items'; gloss_definition_similarity=0.595; morphology='V6 pymorphy3 uk canonical lemma PASS after Unicode/stress normalization; tag=NOUN,inan neut,nomn; score=1.0000'; surface_mt_never_sole_pass=PASS	сміття
MANUAL_EMERGENCY_WORK_20260820_FIRST_PASS_V7_round04	ox5000-88df5e9d39518566d1f6	logo	noun	B2	https://www.oxfordlearnersdictionaries.com/us/definition/english/logo	MANUAL_EMERGENCY_WORK V7 exact Oxford identity; source_index=3114; definition_path=/us/definition/english/logo; exact_definition='a printed design or symbol that a company or an organization uses as its special sign'; selected_candidate_method=Helsinki-NLP/opus-mt-en-uk_surface_candidate; sense_source=''; sense_gloss=''; gloss_definition_similarity=1.000; morphology='V6 pymorphy3 uk canonical lemma PASS after Unicode/stress normalization; tag=NOUN,inan masc,nomn; score=1.0000'; surface_mt_never_sole_pass=PASS	логотип
MANUAL_EMERGENCY_WORK_20260820_FIRST_PASS_V7_round04	ox5000-a7622314f2c3bb2b4d35	lottery	noun	B2	https://www.oxfordlearnersdictionaries.com/us/definition/english/lottery	MANUAL_EMERGENCY_WORK V7 exact Oxford identity; source_index=3135; definition_path=/us/definition/english/lottery; exact_definition='a way of raising money for a government, charity, etc. by selling tickets that have different numbers on them that people have chosen. Numbers are then chosen by chance and the people who have those numbers on their tickets win prizes.'; selected_candidate_method=en_wiktionary_sense_bound_uk_translation; sense_source='English Wiktionary'; sense_gloss='scheme for the distribution of prizes by lot or chance'; gloss_definition_similarity=0.700; morphology='V6 pymorphy3 uk canonical lemma PASS after Unicode/stress normalization; tag=NOUN,inan femn,nomn; score=1.0000'; surface_mt_never_sole_pass=PASS	лотерея
MANUAL_EMERGENCY_WORK_20260820_FIRST_PASS_V7_round04	ox5000-b23be88bc8ebf7098db0	loyal	adjective	B2	https://www.oxfordlearnersdictionaries.com/us/definition/english/loyal	MANUAL_EMERGENCY_WORK V7 exact Oxford identity; source_index=3146; definition_path=/us/definition/english/loyal; exact_definition='remaining constant in your support of somebody/something'; selected_candidate_method=Helsinki-NLP/opus-mt-en-uk_surface_candidate; sense_source=''; sense_gloss=''; gloss_definition_similarity=1.000; morphology='V6 pymorphy3 uk canonical lemma PASS after Unicode/stress normalization; tag=ADJF,compb masc,nomn; score=1.0000'; surface_mt_never_sole_pass=PASS	вірний
MANUAL_EMERGENCY_WORK_20260820_FIRST_PASS_V7_round04	ox5000-5ffdbbd8fd821d1622a7	lyric	noun	B2	https://www.oxfordlearnersdictionaries.com/us/definition/english/lyric_1	"MANUAL_EMERGENCY_WORK V7 exact Oxford identity; source_index=3154; definition_path=/us/definition/english/lyric_1; exact_definition='the words of a popular song'; selected_candidate_method=Helsinki-NLP/opus-mt-en-uk_surface_candidate; sense_source=''; sense_gloss=''; gloss_definition_similarity=1.000; morphology=""V6 pymorphy3 uk has no requested-POS parse for 'ліричний'""; surface_mt_never_sole_pass=PASS"	ліричнийQFontDatabase
MANUAL_EMERGENCY_WORK_20260820_FIRST_PASS_V7_round04	ox5000-3e0bca958a799ee3c3b2	magnificent	adjective	B2	https://www.oxfordlearnersdictionaries.com/us/definition/english/magnificent	MANUAL_EMERGENCY_WORK V7 exact Oxford identity; source_index=3164; definition_path=/us/definition/english/magnificent; exact_definition='extremely attractive and impressive; deserving praise'; selected_candidate_method=Helsinki-NLP/opus-mt-en-uk_surface_candidate; sense_source=''; sense_gloss=''; gloss_definition_similarity=1.000; morphology='V6 pymorphy3 uk canonical lemma PASS after Unicode/stress normalization; tag=ADJF,compb masc,nomn; score=1.0000'; surface_mt_never_sole_pass=PASS	чудовий
MANUAL_EMERGENCY_WORK_20260820_FIRST_PASS_V7_round04	ox5000-6c870370430f84ac75d1	make-up	noun	B2	https://www.oxfordlearnersdictionaries.com/us/definition/english/make-up_2	"MANUAL_EMERGENCY_WORK V7 exact Oxford identity; source_index=3180; definition_path=/us/definition/english/make-up_2; exact_definition='coloured substances used on the skin to make yourself look more attractive or to change your appearance'; selected_candidate_method=Helsinki-NLP/opus-mt-en-uk_surface_candidate; sense_source=''; sense_gloss=''; gloss_definition_similarity=1.000; morphology=""V6 pymorphy3 uk has no requested-POS parse for '-'""; surface_mt_never_sole_pass=PASS"	make- up
MANUAL_EMERGENCY_WORK_20260820_FIRST_PASS_V7_round04	ox5000-e01fe6e6100e610146cf	making	noun	B2	https://www.oxfordlearnersdictionaries.com/us/definition/english/making	MANUAL_EMERGENCY_WORK V7 exact Oxford identity; source_index=3181; definition_path=/us/definition/english/making; exact_definition='the act or process of making or producing something'; selected_candidate_method=Helsinki-NLP/opus-mt-en-uk_surface_candidate; sense_source=''; sense_gloss=''; gloss_definition_similarity=1.000; morphology='V6 pymorphy3 uk canonical lemma PASS after Unicode/stress normalization; tag=NOUN,inan neut,nomn; score=1.0000'; surface_mt_never_sole_pass=PASS	створення
MANUAL_EMERGENCY_WORK_20260820_FIRST_PASS_V7_round04	ox5000-1dbbc1fd29bbf32a3e10	manufacture	verb	B2	https://www.oxfordlearnersdictionaries.com/us/definition/english/manufacture_1	MANUAL_EMERGENCY_WORK V7 exact Oxford identity; source_index=3195; definition_path=/us/definition/english/manufacture_1; exact_definition='to make goods in large quantities, using machines'; selected_candidate_method=en_wiktionary_sense_bound_uk_translation; sense_source='English Wiktionary'; sense_gloss='to make things'; gloss_definition_similarity=0.601; morphology='V6 pymorphy3 uk canonical lemma PASS after Unicode/stress normalization; tag=VERB,impf infn; score=1.0000'; surface_mt_never_sole_pass=PASS	виробляти
MANUAL_EMERGENCY_WORK_20260820_FIRST_PASS_V7_round04	ox5000-9c59e86010b806d83fec	manufacturing	noun	B2	https://www.oxfordlearnersdictionaries.com/us/definition/english/manufacturing	MANUAL_EMERGENCY_WORK V7 exact Oxford identity; source_index=3196; definition_path=/us/definition/english/manufacturing; exact_definition='the business or industry of producing goods in large quantities in factories, etc.'; selected_candidate_method=en_wiktionary_sense_bound_uk_translation; sense_source='English Wiktionary'; sense_gloss='create goods from materials'; gloss_definition_similarity=0.536; morphology='V6 pymorphy3 uk canonical lemma PASS after Unicode/stress normalization; tag=NOUN,inan neut,nomn; score=1.0000'; surface_mt_never_sole_pass=PASS	виробництво
MANUAL_EMERGENCY_WORK_20260820_FIRST_PASS_V7_round04	ox5000-3b407a089918c14984a8	marathon	noun	B2	https://www.oxfordlearnersdictionaries.com/us/definition/english/marathon_2	MANUAL_EMERGENCY_WORK V7 exact Oxford identity; source_index=3202; definition_path=/us/definition/english/marathon_2; exact_definition='a long running race of about 42 kilometres or 26 miles'; selected_candidate_method=en_wiktionary_sense_bound_uk_translation; sense_source='English Wiktionary'; sense_gloss='road race'; gloss_definition_similarity=0.758; morphology='V6 pymorphy3 uk canonical lemma PASS after Unicode/stress normalization; tag=NOUN,inan masc,nomn; score=1.0000'; surface_mt_never_sole_pass=PASS	маратон
MANUAL_EMERGENCY_WORK_20260820_FIRST_PASS_V7_round04	ox5000-edc3408926156df88b49	margin	noun	B2	https://www.oxfordlearnersdictionaries.com/us/definition/english/margin	MANUAL_EMERGENCY_WORK V7 exact Oxford identity; source_index=3206; definition_path=/us/definition/english/margin; exact_definition='the empty space at the side of a written or printed page'; selected_candidate_method=en_wiktionary_sense_bound_uk_translation; sense_source='English Wiktionary'; sense_gloss='typography: edge of the paper that remains blank'; gloss_definition_similarity=0.688; morphology='V6 pymorphy3 uk canonical lemma PASS after Unicode/stress normalization; tag=NOUN,Name,anim masc,nomn; score=1.0000'; surface_mt_never_sole_pass=PASS	пол
MANUAL_EMERGENCY_WORK_20260820_FIRST_PASS_V7_round04	ox5000-84fa239e44c4093c7cfe	marker	noun	B2	https://www.oxfordlearnersdictionaries.com/us/definition/english/marker	MANUAL_EMERGENCY_WORK V7 exact Oxford identity; source_index=3211; definition_path=/us/definition/english/marker; exact_definition='an object or a sign that shows the position of something'; selected_candidate_method=Helsinki-NLP/opus-mt-en-uk_surface_candidate; sense_source=''; sense_gloss=''; gloss_definition_similarity=1.000; morphology='V6 pymorphy3 uk canonical lemma PASS after Unicode/stress normalization; tag=NOUN,anim masc,nomn; score=1.0000'; surface_mt_never_sole_pass=PASS	маркер
MANUAL_EMERGENCY_WORK_20260820_FIRST_PASS_V7_round04	ox5000-d86503c48a8e8690c121	martial	adjective	B2	https://www.oxfordlearnersdictionaries.com/us/definition/english/martial	MANUAL_EMERGENCY_WORK V7 exact Oxford identity; source_index=3219; definition_path=/us/definition/english/martial; exact_definition='connected with fighting or war'; selected_candidate_method=en_wiktionary_sense_bound_uk_translation; sense_source='English Wiktionary'; sense_gloss='of, relating to, or suggestive of war|warlike'; gloss_definition_similarity=0.702; morphology='V6 pymorphy3 uk canonical lemma PASS after Unicode/stress normalization; tag=ADJF masc,nomn; score=1.0000'; surface_mt_never_sole_pass=PASS	воєнний
MANUAL_EMERGENCY_WORK_20260820_FIRST_PASS_V7_round04	ox5000-79019916bd7e8a187527	mate	noun	B2	https://www.oxfordlearnersdictionaries.com/us/definition/english/mate_1	MANUAL_EMERGENCY_WORK V7 exact Oxford identity; source_index=3230; definition_path=/us/definition/english/mate_1; exact_definition='used as a friendly way of addressing somebody, especially between men'; selected_candidate_method=Helsinki-NLP/opus-mt-en-uk_surface_candidate; sense_source=''; sense_gloss=''; gloss_definition_similarity=1.000; morphology='V6 pymorphy3 uk canonical lemma PASS after Unicode/stress normalization; tag=NOUN,inan masc; score=1.0000'; surface_mt_never_sole_pass=PASS	супутник
MANUAL_EMERGENCY_WORK_20260820_FIRST_PASS_V7_round04	ox5000-803233f8756ba059a15c	mate	verb	B2	https://www.oxfordlearnersdictionaries.com/us/definition/english/mate_2	"MANUAL_EMERGENCY_WORK V7 exact Oxford identity; source_index=3231; definition_path=/us/definition/english/mate_2; exact_definition='to have sex in order to produce young'; selected_candidate_method=Helsinki-NLP/opus-mt-en-uk_surface_candidate; sense_source=''; sense_gloss=''; gloss_definition_similarity=1.000; morphology=""V6 pymorphy3 uk has no requested-POS parse for 'супутник'""; surface_mt_never_sole_pass=PASS"	супутник
MANUAL_EMERGENCY_WORK_20260820_FIRST_PASS_V7_round04	ox5000-9eb52d5916fd39ec8a75	mayor	noun	B2	https://www.oxfordlearnersdictionaries.com/us/definition/english/mayor	MANUAL_EMERGENCY_WORK V7 exact Oxford identity; source_index=3247; definition_path=/us/definition/english/mayor; exact_definition='the head of the government of a town or city, etc., elected by the public'; selected_candidate_method=en_wiktionary_sense_bound_uk_translation; sense_source='English Wiktionary'; sense_gloss='leader of a city'; gloss_definition_similarity=0.776; morphology='V6 pymorphy3 uk canonical lemma PASS after Unicode/stress normalization; tag=NOUN,anim masc,nomn; score=1.0000'; surface_mt_never_sole_pass=PASS	мер
MANUAL_EMERGENCY_WORK_20260820_FIRST_PASS_V7_round04	ox5000-30593521f63578f24f57	mechanic	noun	B2	https://www.oxfordlearnersdictionaries.com/us/definition/english/mechanic	MANUAL_EMERGENCY_WORK V7 exact Oxford identity; source_index=3260; definition_path=/us/definition/english/mechanic; exact_definition='a person whose job is repairing machines, especially the engines of vehicles'; selected_candidate_method=en_wiktionary_sense_bound_uk_translation; sense_source='English Wiktionary'; sense_gloss='skilled worker on machinery'; gloss_definition_similarity=0.815; morphology='V6 pymorphy3 uk canonical lemma PASS after Unicode/stress normalization; tag=NOUN,anim masc,nomn; score=1.0000'; surface_mt_never_sole_pass=PASS	механік
MANUAL_EMERGENCY_WORK_20260820_FIRST_PASS_V7_round04	ox5000-bc744c53b635188752ff	mechanical	adjective	B2	https://www.oxfordlearnersdictionaries.com/us/definition/english/mechanical	MANUAL_EMERGENCY_WORK V7 exact Oxford identity; source_index=3261; definition_path=/us/definition/english/mechanical; exact_definition='operated by power from an engine'; selected_candidate_method=en_wiktionary_sense_bound_uk_translation; sense_source='English Wiktionary'; sense_gloss='physics: related to mechanics'; gloss_definition_similarity=0.337; morphology='V6 pymorphy3 uk canonical lemma PASS after Unicode/stress normalization; tag=ADJF masc,nomn; score=1.0000'; surface_mt_never_sole_pass=PASS	механічний
MANUAL_EMERGENCY_WORK_20260820_FIRST_PASS_V7_round04	ox5000-feb14135e748e0ec9422	mechanism	noun	B2	https://www.oxfordlearnersdictionaries.com/us/definition/english/mechanism	MANUAL_EMERGENCY_WORK V7 exact Oxford identity; source_index=3262; definition_path=/us/definition/english/mechanism; exact_definition='a set of moving parts in a machine that performs a task'; selected_candidate_method=en_wiktionary_sense_bound_uk_translation; sense_source='English Wiktionary'; sense_gloss='mechanical means for the conversion or control of motion'; gloss_definition_similarity=0.377; morphology='V6 pymorphy3 uk canonical lemma PASS after Unicode/stress normalization; tag=NOUN,inan masc,nomn; score=1.0000'; surface_mt_never_sole_pass=PASS	механізм
MANUAL_EMERGENCY_WORK_20260820_FIRST_PASS_V7_round04	ox5000-aafc6f9c171aa1d3e4ab	medal	noun	B2	https://www.oxfordlearnersdictionaries.com/us/definition/english/medal_1	MANUAL_EMERGENCY_WORK V7 exact Oxford identity; source_index=3263; definition_path=/us/definition/english/medal_1; exact_definition='a flat piece of metal, usually like a coin in shape, that is given to the winner of a competition or to somebody who has been brave, for example in war'; selected_candidate_method=en_wiktionary_sense_bound_uk_translation; sense_source='English Wiktionary'; sense_gloss='stamped metal disc'; gloss_definition_similarity=0.432; morphology='V6 pymorphy3 uk canonical lemma PASS after Unicode/stress normalization; tag=NOUN,inan femn,nomn; score=1.0000'; surface_mt_never_sole_pass=PASS	медаль
MANUAL_EMERGENCY_WORK_20260820_FIRST_PASS_V7_round04	ox5000-885e13683538fe87553d	medication	noun	B2	https://www.oxfordlearnersdictionaries.com/us/definition/english/medication	MANUAL_EMERGENCY_WORK V7 exact Oxford identity; source_index=3266; definition_path=/us/definition/english/medication; exact_definition='a drug or another form of medicine that you take to prevent or to treat an illness; treatment involving drugs'; selected_candidate_method=Helsinki-NLP/opus-mt-en-uk_surface_candidate; sense_source=''; sense_gloss=''; gloss_definition_similarity=1.000; morphology='V6 pymorphy3 uk canonical lemma PASS after Unicode/stress normalization; tag=NOUN,plur,Pltm,inan nomn; score=1.0000'; surface_mt_never_sole_pass=PASS	ліки
MANUAL_EMERGENCY_WORK_20260820_FIRST_PASS_V7_round04	ox5000-6ecd6860e0bf3c45ceec	membership	noun	B2	https://www.oxfordlearnersdictionaries.com/us/definition/english/membership	MANUAL_EMERGENCY_WORK V7 exact Oxford identity; source_index=3277; definition_path=/us/definition/english/membership; exact_definition='the state of being a member of a group, a club, an organization, etc.'; selected_candidate_method=en_wiktionary_sense_bound_uk_translation; sense_source='English Wiktionary'; sense_gloss='fact of being a member'; gloss_definition_similarity=0.700; morphology='V6 pymorphy3 uk canonical lemma PASS after Unicode/stress normalization; tag=NOUN,inan neut,nomn; score=1.0000'; surface_mt_never_sole_pass=PASS	членство
MANUAL_EMERGENCY_WORK_20260820_FIRST_PASS_V7_round04	ox5000-88c7868cbefd07d53bac	memorable	adjective	B2	https://www.oxfordlearnersdictionaries.com/us/definition/english/memorable	MANUAL_EMERGENCY_WORK V7 exact Oxford identity; source_index=3280; definition_path=/us/definition/english/memorable; exact_definition='worth remembering or easy to remember, especially because of being special or unusual'; selected_candidate_method=Helsinki-NLP/opus-mt-en-uk_surface_candidate; sense_source=''; sense_gloss=''; gloss_definition_similarity=1.000; morphology='adjective candidate has no plausible Ukrainian adjective morphology'; surface_mt_never_sole_pass=PASS	пам' ять
MANUAL_EMERGENCY_WORK_20260820_FIRST_PASS_V7_round04	ox5000-a0b66ab8c1eda0867006	metaphor	noun	B2	https://www.oxfordlearnersdictionaries.com/us/definition/english/metaphor	MANUAL_EMERGENCY_WORK V7 exact Oxford identity; source_index=3298; definition_path=/us/definition/english/metaphor; exact_definition='a word or phrase used to describe somebody/something else, in a way that is different from its normal use, in order to show that the two things have the same qualities and to make the description more powerful, for example She has a heart of stone ; the use of such words and phrases'; selected_candidate_method=en_wiktionary_sense_bound_uk_translation; sense_source='English Wiktionary'; sense_gloss='uncountable: figure of speech'; gloss_definition_similarity=0.307; morphology='V6 pymorphy3 uk canonical lemma PASS after Unicode/stress normalization; tag=NOUN,inan femn,nomn; score=1.0000'; surface_mt_never_sole_pass=PASS	метафора
MANUAL_EMERGENCY_WORK_20260820_FIRST_PASS_V7_round04	ox5000-986de09a91776341ea71	miner	noun	B2	https://www.oxfordlearnersdictionaries.com/us/definition/english/miner	MANUAL_EMERGENCY_WORK V7 exact Oxford identity; source_index=3322; definition_path=/us/definition/english/miner; exact_definition='a person who works in a mine taking out coal, gold, diamonds, etc.'; selected_candidate_method=en_wiktionary_sense_bound_uk_translation; sense_source='English Wiktionary'; sense_gloss='person who works in a mine'; gloss_definition_similarity=0.621; morphology='V6 pymorphy3 uk canonical lemma PASS after Unicode/stress normalization; tag=NOUN,anim masc,nomn; score=1.0000'; surface_mt_never_sole_pass=PASS	шахтар
MANUAL_EMERGENCY_WORK_20260820_FIRST_PASS_V7_round04	ox5000-d5da00c3d1c99d2ce05a	miserable	adjective	B2	https://www.oxfordlearnersdictionaries.com/us/definition/english/miserable	MANUAL_EMERGENCY_WORK V7 exact Oxford identity; source_index=3337; definition_path=/us/definition/english/miserable; exact_definition='very unhappy or uncomfortable'; selected_candidate_method=en_wiktionary_sense_bound_uk_translation; sense_source='English Wiktionary'; sense_gloss='in a state of misery'; gloss_definition_similarity=0.476; morphology='V6 pymorphy3 uk canonical lemma PASS after Unicode/stress normalization; tag=ADJF,compb masc,nomn; score=1.0000'; surface_mt_never_sole_pass=PASS	нещасний
MANUAL_EMERGENCY_WORK_20260820_FIRST_PASS_V7_round04	ox5000-c7c8003562442221d355	mode	noun	B2	https://www.oxfordlearnersdictionaries.com/us/definition/english/mode	MANUAL_EMERGENCY_WORK V7 exact Oxford identity; source_index=3355; definition_path=/us/definition/english/mode; exact_definition='a particular way of doing something; a particular type of something'; selected_candidate_method=en_wiktionary_sense_bound_uk_translation; sense_source='English Wiktionary'; sense_gloss='computing: one of various related sets of rules for processing data; more generally, any state of the system associated with certain behaviours'; gloss_definition_similarity=0.360; morphology='V6 pymorphy3 uk canonical lemma PASS after Unicode/stress normalization; tag=NOUN,inan masc,nomn; score=1.0000'; surface_mt_never_sole_pass=PASS	режим
MANUAL_EMERGENCY_WORK_20260820_FIRST_PASS_V7_round04	ox5000-1c1409a8020c89e8377e	modest	adjective	B2	https://www.oxfordlearnersdictionaries.com/us/definition/english/modest	"MANUAL_EMERGENCY_WORK V7 exact Oxford identity; source_index=3360; definition_path=/us/definition/english/modest; exact_definition='not very large, expensive, important, etc.'; selected_candidate_method=en_wiktionary_sense_bound_uk_translation; sense_source='English Wiktionary'; sense_gloss=""not bragging or boasting about oneself or one's achievements""; gloss_definition_similarity=0.285; morphology='V6 pymorphy3 uk canonical lemma PASS after Unicode/stress normalization; tag=ADJF,compb masc,nomn; score=1.0000'; surface_mt_never_sole_pass=PASS"	скромний
MANUAL_EMERGENCY_WORK_20260820_FIRST_PASS_V7_round04	ox5000-22e3da986f5cef99f6ae	monster	noun	B2	https://www.oxfordlearnersdictionaries.com/us/definition/english/monster_1	MANUAL_EMERGENCY_WORK V7 exact Oxford identity; source_index=3372; definition_path=/us/definition/english/monster_1; exact_definition='(in stories) an imaginary creature that is very large, ugly and frightening'; selected_candidate_method=en_wiktionary_sense_bound_uk_translation; sense_source='English Wiktionary'; sense_gloss='terrifying dangerous creature'; gloss_definition_similarity=0.639; morphology='V6 pymorphy3 uk canonical lemma PASS after Unicode/stress normalization; tag=NOUN,anim neut,nomn; score=1.0000'; surface_mt_never_sole_pass=PASS	чудовисько
MANUAL_EMERGENCY_WORK_20260820_FIRST_PASS_V7_round04	ox5000-06cb5472f60a2edbcf2b	monthly	adjective	B2	https://www.oxfordlearnersdictionaries.com/us/definition/english/monthly_1	MANUAL_EMERGENCY_WORK V7 exact Oxford identity; source_index=3374; definition_path=/us/definition/english/monthly_1; exact_definition='happening once a month or every month'; selected_candidate_method=en_wiktionary_sense_bound_uk_translation; sense_source='English Wiktionary'; sense_gloss='occurring every month'; gloss_definition_similarity=0.909; morphology='V6 pymorphy3 uk canonical lemma PASS after Unicode/stress normalization; tag=ADJF masc,nomn; score=1.0000'; surface_mt_never_sole_pass=PASS	щомісячний
MANUAL_EMERGENCY_WORK_20260820_FIRST_PASS_V7_round04	ox5000-625446803ce6f0d5cf1a	monument	noun	B2	https://www.oxfordlearnersdictionaries.com/us/definition/english/monument	MANUAL_EMERGENCY_WORK V7 exact Oxford identity; source_index=3375; definition_path=/us/definition/english/monument; exact_definition='a building, column, statue, etc. built to remind people of a famous person or event'; selected_candidate_method=en_wiktionary_sense_bound_uk_translation; sense_source='English Wiktionary'; sense_gloss='structure built for commemorative or symbolic reasons'; gloss_definition_similarity=0.639; morphology='V6 pymorphy3 uk canonical lemma PASS after Unicode/stress normalization; tag=NOUN,inan masc,nomn; score=1.0000'; surface_mt_never_sole_pass=PASS	монумент
MANUAL_EMERGENCY_WORK_20260820_FIRST_PASS_V7_round04	ox5000-88734672e90f2e89d10b	moreover	adverb	B2	https://www.oxfordlearnersdictionaries.com/us/definition/english/moreover	MANUAL_EMERGENCY_WORK V7 exact Oxford identity; source_index=3384; definition_path=/us/definition/english/moreover; exact_definition='used to introduce some new information that adds to or supports what you have said previously'; selected_candidate_method=Helsinki-NLP/opus-mt-en-uk_surface_candidate; sense_source=''; sense_gloss=''; gloss_definition_similarity=1.000; morphology='V6 pymorphy3 uk canonical lemma PASS after Unicode/stress normalization; tag=ADVB; score=1.0000'; surface_mt_never_sole_pass=PASS	більше
MANUAL_EMERGENCY_WORK_20260820_FIRST_PASS_V7_round04	ox5000-8bc8e2f1c11fbf198d37	mortgage	noun	B2	https://www.oxfordlearnersdictionaries.com/us/definition/english/mortgage_1	MANUAL_EMERGENCY_WORK V7 exact Oxford identity; source_index=3386; definition_path=/us/definition/english/mortgage_1; exact_definition='a legal agreement by which a bank or similar organization lends you money to buy a house, etc., and you pay the money back over a particular number of years; the sum of money that you borrow'; selected_candidate_method=en_wiktionary_sense_bound_uk_translation; sense_source='English Wiktionary'; sense_gloss='special form of secured loan'; gloss_definition_similarity=0.565; morphology='V6 pymorphy3 uk canonical lemma PASS after Unicode/stress normalization; tag=NOUN,inan femn,nomn; score=1.0000'; surface_mt_never_sole_pass=PASS	іпотека
MANUAL_EMERGENCY_WORK_20260820_FIRST_PASS_V7_round04	ox5000-85ff0bace6a2ff8b3896	motion	noun	B2	https://www.oxfordlearnersdictionaries.com/us/definition/english/motion_1	MANUAL_EMERGENCY_WORK V7 exact Oxford identity; source_index=3393; definition_path=/us/definition/english/motion_1; exact_definition='the act or process of moving or the way something moves'; selected_candidate_method=en_wiktionary_sense_bound_uk_translation; sense_source='English Wiktionary'; sense_gloss='state of progression from one place to another'; gloss_definition_similarity=0.504; morphology='V6 pymorphy3 uk canonical lemma PASS after Unicode/stress normalization; tag=NOUN,inan masc,nomn; score=1.0000'; surface_mt_never_sole_pass=PASS	рух
MANUAL_EMERGENCY_WORK_20260820_FIRST_PASS_V7_round04	ox5000-15358dfd67542bac5588	motivate	verb	B2	https://www.oxfordlearnersdictionaries.com/us/definition/english/motivate	MANUAL_EMERGENCY_WORK V7 exact Oxford identity; source_index=3394; definition_path=/us/definition/english/motivate; exact_definition='to be the reason why somebody does something or behaves in a particular way'; selected_candidate_method=en_wiktionary_sense_bound_uk_translation; sense_source='English Wiktionary'; sense_gloss='to encourage'; gloss_definition_similarity=0.399; morphology='V6 pymorphy3 uk canonical lemma PASS after Unicode/stress normalization; tag=VERB,impf infn; score=1.0000'; surface_mt_never_sole_pass=PASS	мотивувати
MANUAL_EMERGENCY_WORK_20260820_FIRST_PASS_V7_round04	ox5000-636c6bf1b2aeff69bbd1	motivation	noun	B2	https://www.oxfordlearnersdictionaries.com/us/definition/english/motivation	MANUAL_EMERGENCY_WORK V7 exact Oxford identity; source_index=3395; definition_path=/us/definition/english/motivation; exact_definition='the reason why somebody does something or behaves in a particular way'; selected_candidate_method=en_wiktionary_sense_bound_uk_translation; sense_source='English Wiktionary'; sense_gloss='willingness of action especially in behavior'; gloss_definition_similarity=0.646; morphology='V6 pymorphy3 uk canonical lemma PASS after Unicode/stress normalization; tag=NOUN,inan femn,nomn; score=1.0000'; surface_mt_never_sole_pass=PASS	мотивація
MANUAL_EMERGENCY_WORK_20260820_FIRST_PASS_V7_round04	ox5000-98811a8ef5eeb939e28e	moving	adjective	B2	https://www.oxfordlearnersdictionaries.com/us/definition/english/moving	MANUAL_EMERGENCY_WORK V7 exact Oxford identity; source_index=3409; definition_path=/us/definition/english/moving; exact_definition='causing strong, often sad, feelings about somebody/something'; selected_candidate_method=en_wiktionary_sense_bound_uk_translation; sense_source='English Wiktionary'; sense_gloss='that causes someone to feel emotion'; gloss_definition_similarity=0.841; morphology='V6 pymorphy3 uk canonical lemma PASS after Unicode/stress normalization; tag=ADJF,compb masc,nomn; score=1.0000'; surface_mt_never_sole_pass=PASS	зворушливий
MANUAL_EMERGENCY_WORK_20260820_FIRST_PASS_V7_round04	ox5000-badee9d8f307959df126	ongoing	adjective	B2	https://www.oxfordlearnersdictionaries.com/us/definition/english/ongoing	MANUAL_EMERGENCY_WORK V7 exact Oxford identity; source_index=3622; definition_path=/us/definition/english/ongoing; exact_definition='continuing to exist or develop'; selected_candidate_method=en_wiktionary_sense_bound_uk_translation; sense_source='English Wiktionary'; sense_gloss='continuing, permanent'; gloss_definition_similarity=0.660; morphology='V6 pymorphy3 uk canonical lemma PASS after Unicode/stress normalization; tag=ADJF masc,nomn; score=1.0000'; surface_mt_never_sole_pass=PASS	безперервний
MANUAL_EMERGENCY_WORK_20260820_FIRST_PASS_V7_round04	ox5000-2f6f191c073dce6857c8	openly	adverb	B2	https://www.oxfordlearnersdictionaries.com/us/definition/english/openly	MANUAL_EMERGENCY_WORK V7 exact Oxford identity; source_index=3632; definition_path=/us/definition/english/openly; exact_definition='without hiding any feelings, opinions or information'; selected_candidate_method=en_wiktionary_sense_bound_uk_translation; sense_source='English Wiktionary'; sense_gloss='in an open manner, visibly, not covertly'; gloss_definition_similarity=0.468; morphology='V6 pymorphy3 uk canonical lemma PASS after Unicode/stress normalization; tag=ADVB,compb; score=1.0000'; surface_mt_never_sole_pass=PASS	відверто
MANUAL_EMERGENCY_WORK_20260820_FIRST_PASS_V7_round04	ox5000-3b99ee42b5cd8d914754	opera	noun	B2	https://www.oxfordlearnersdictionaries.com/us/definition/english/opera	MANUAL_EMERGENCY_WORK V7 exact Oxford identity; source_index=3633; definition_path=/us/definition/english/opera; exact_definition='a dramatic work in which all or most of the words are sung to music; works of this type as an art form or entertainment'; selected_candidate_method=en_wiktionary_sense_bound_uk_translation; sense_source='English Wiktionary'; sense_gloss='theatrical work'; gloss_definition_similarity=0.668; morphology='V6 pymorphy3 uk canonical lemma PASS after Unicode/stress normalization; tag=NOUN,inan femn,nomn; score=1.0000'; surface_mt_never_sole_pass=PASS	опера
MANUAL_EMERGENCY_WORK_20260820_FIRST_PASS_V7_round04	ox5000-019a4aa3fdffda49fc88	optimistic	adjective	B2	https://www.oxfordlearnersdictionaries.com/us/definition/english/optimistic	MANUAL_EMERGENCY_WORK V7 exact Oxford identity; source_index=3651; definition_path=/us/definition/english/optimistic; exact_definition='expecting good things to happen or something to be successful; showing this feeling'; selected_candidate_method=en_wiktionary_sense_bound_uk_translation; sense_source='English Wiktionary'; sense_gloss='expecting a good outcome'; gloss_definition_similarity=0.742; morphology='V6 pymorphy3 uk canonical lemma PASS after Unicode/stress normalization; tag=ADJF,compb masc,nomn; score=1.0000'; surface_mt_never_sole_pass=PASS	оптимістичний
MANUAL_EMERGENCY_WORK_20260820_FIRST_PASS_V7_round04	ox5000-35b1a402b7c754fe5305	orchestra	noun	B2	https://www.oxfordlearnersdictionaries.com/us/definition/english/orchestra	MANUAL_EMERGENCY_WORK V7 exact Oxford identity; source_index=3657; definition_path=/us/definition/english/orchestra; exact_definition='a large group of people who play various musical instruments together, led by a conductor'; selected_candidate_method=en_wiktionary_sense_bound_uk_translation; sense_source='English Wiktionary'; sense_gloss='large group of musicians who play together on various instruments'; gloss_definition_similarity=0.872; morphology='V6 pymorphy3 uk canonical lemma PASS after Unicode/stress normalization; tag=NOUN,inan masc,nomn; score=1.0000'; surface_mt_never_sole_pass=PASS	оркестр
MANUAL_EMERGENCY_WORK_20260820_FIRST_PASS_V7_round04	ox5000-b4389a2bac4330cc53ad	organic	adjective	B2	https://www.oxfordlearnersdictionaries.com/us/definition/english/organic	MANUAL_EMERGENCY_WORK V7 exact Oxford identity; source_index=3662; definition_path=/us/definition/english/organic; exact_definition='produced or practised without using artificial chemicals'; selected_candidate_method=en_wiktionary_sense_bound_uk_translation; sense_source='English Wiktionary'; sense_gloss='pertaining to, or derived from living organisms'; gloss_definition_similarity=0.492; morphology='V6 pymorphy3 uk canonical lemma PASS after Unicode/stress normalization; tag=ADJF,compb masc,nomn; score=1.0000'; surface_mt_never_sole_pass=PASS	органічний
MANUAL_EMERGENCY_WORK_20260820_FIRST_PASS_V7_round04	ox5000-e588b4bfc5ae52073336	outfit	noun	B2	https://www.oxfordlearnersdictionaries.com/us/definition/english/outfit_1	MANUAL_EMERGENCY_WORK V7 exact Oxford identity; source_index=3688; definition_path=/us/definition/english/outfit_1; exact_definition='a set of clothes that you wear together, especially for a particular occasion or purpose'; selected_candidate_method=Helsinki-NLP/opus-mt-en-uk_surface_candidate; sense_source=''; sense_gloss=''; gloss_definition_similarity=1.000; morphology='V6 pymorphy3 uk canonical lemma PASS after Unicode/stress normalization; tag=NOUN,inan masc,nomn; score=1.0000'; surface_mt_never_sole_pass=PASS	одяг
MANUAL_EMERGENCY_WORK_20260820_FIRST_PASS_V7_round04	ox5000-8d38d3d7d5e03f2abaae	output	noun	B2	https://www.oxfordlearnersdictionaries.com/us/definition/english/output_1	MANUAL_EMERGENCY_WORK V7 exact Oxford identity; source_index=3694; definition_path=/us/definition/english/output_1; exact_definition='the amount of something that a person, a machine or an organization produces'; selected_candidate_method=en_wiktionary_sense_bound_uk_translation; sense_source='English Wiktionary'; sense_gloss='production; quantity produced, created, or completed'; gloss_definition_similarity=0.705; morphology='V6 pymorphy3 uk canonical lemma PASS after Unicode/stress normalization; tag=NOUN,inan neut,nomn; score=1.0000'; surface_mt_never_sole_pass=PASS	виготовлення
MANUAL_EMERGENCY_WORK_20260820_FIRST_PASS_V7_round04	ox5000-9884417c4c0fe5bde7b6	outstanding	adjective	B2	https://www.oxfordlearnersdictionaries.com/us/definition/english/outstanding	MANUAL_EMERGENCY_WORK V7 exact Oxford identity; source_index=3702; definition_path=/us/definition/english/outstanding; exact_definition='extremely good; excellent'; selected_candidate_method=Helsinki-NLP/opus-mt-en-uk_surface_candidate; sense_source=''; sense_gloss=''; gloss_definition_similarity=1.000; morphology='V6 pymorphy3 uk canonical lemma PASS after Unicode/stress normalization; tag=ADJF,compb masc,nomn; score=1.0000'; surface_mt_never_sole_pass=PASS	видатний
MANUAL_EMERGENCY_WORK_20260820_FIRST_PASS_V7_round04	ox5000-021eeabab2a596d30a62	overcome	verb	B2	https://www.oxfordlearnersdictionaries.com/us/definition/english/overcome	MANUAL_EMERGENCY_WORK V7 exact Oxford identity; source_index=3708; definition_path=/us/definition/english/overcome; exact_definition='to succeed in dealing with or controlling a problem that has been preventing you from achieving something'; selected_candidate_method=Helsinki-NLP/opus-mt-en-uk_surface_candidate; sense_source=''; sense_gloss=''; gloss_definition_similarity=1.000; morphology='V6 pymorphy3 uk canonical lemma PASS after Unicode/stress normalization; tag=VERB,perf infn; score=1.0000'; surface_mt_never_sole_pass=PASS	подолати
MANUAL_EMERGENCY_WORK_20260820_FIRST_PASS_V7_round04	ox5000-1167b9a5705478ca1c8f	overnight	adverb	B2	https://www.oxfordlearnersdictionaries.com/us/definition/english/overnight_1	"MANUAL_EMERGENCY_WORK V7 exact Oxford identity; source_index=3711; definition_path=/us/definition/english/overnight_1; exact_definition='during or for the night'; selected_candidate_method=Helsinki-NLP/opus-mt-en-uk_surface_candidate; sense_source=''; sense_gloss=''; gloss_definition_similarity=1.000; morphology=""V6 pymorphy3 uk has no requested-POS parse for 'ніч'""; surface_mt_never_sole_pass=PASS"	ніч
MANUAL_EMERGENCY_WORK_20260820_FIRST_PASS_V7_round04	ox5000-a93b7e958b34078785e0	overseas	adjective	B2	https://www.oxfordlearnersdictionaries.com/us/definition/english/overseas_1	MANUAL_EMERGENCY_WORK V7 exact Oxford identity; source_index=3712; definition_path=/us/definition/english/overseas_1; exact_definition='connected with foreign countries, especially those separated from your country by the sea or ocean'; selected_candidate_method=Helsinki-NLP/opus-mt-en-uk_surface_candidate; sense_source=''; sense_gloss=''; gloss_definition_similarity=1.000; morphology='V6 genuine multiword lexical phrase; Unicode-normalized V4 lexical/POS form accepted'; surface_mt_never_sole_pass=PASS	За кордоном
MANUAL_EMERGENCY_WORK_20260820_FIRST_PASS_V7_round04	ox5000-14a1cc720a6156b2bef8	overseas	adverb	B2	https://www.oxfordlearnersdictionaries.com/us/definition/english/overseas_2	MANUAL_EMERGENCY_WORK V7 exact Oxford identity; source_index=3713; definition_path=/us/definition/english/overseas_2; exact_definition='to or in a foreign country, especially those separated from your country by the sea or ocean'; selected_candidate_method=Helsinki-NLP/opus-mt-en-uk_surface_candidate; sense_source=''; sense_gloss=''; gloss_definition_similarity=1.000; morphology='V6 genuine multiword lexical phrase; Unicode-normalized V4 lexical/POS form accepted'; surface_mt_never_sole_pass=PASS	За кордоном
MANUAL_EMERGENCY_WORK_20260820_FIRST_PASS_V7_round04	ox5000-875ac29835bedd3f8fe9	ownership	noun	B2	https://www.oxfordlearnersdictionaries.com/us/definition/english/ownership	MANUAL_EMERGENCY_WORK V7 exact Oxford identity; source_index=3723; definition_path=/us/definition/english/ownership; exact_definition='the fact of owning something'; selected_candidate_method=Helsinki-NLP/opus-mt-en-uk_surface_candidate; sense_source=''; sense_gloss=''; gloss_definition_similarity=1.000; morphology='V6 pymorphy3 uk canonical lemma PASS after Unicode/stress normalization; tag=NOUN,anim masc,nomn; score=1.0000'; surface_mt_never_sole_pass=PASS	власник
MANUAL_EMERGENCY_WORK_20260820_FIRST_PASS_V7_round04	ox5000-4ad6c70bffbabb30bef5	oxygen	noun	B2	https://www.oxfordlearnersdictionaries.com/us/definition/english/oxygen_1	MANUAL_EMERGENCY_WORK V7 exact Oxford identity; source_index=3724; definition_path=/us/definition/english/oxygen_1; exact_definition='a chemical element. Oxygen is a gas that is present in air and water and is necessary for people, animals and plants to live.'; selected_candidate_method=en_wiktionary_sense_bound_uk_translation; sense_source='English Wiktionary'; sense_gloss='molecular oxygen'; gloss_definition_similarity=0.695; morphology='V6 pymorphy3 uk canonical lemma PASS after Unicode/stress normalization; tag=NOUN,masc,inan nomn; score=1.0000'; surface_mt_never_sole_pass=PASS	кисень
MANUAL_EMERGENCY_WORK_20260820_FIRST_PASS_V7_round04	ox5000-ebd3aca4366331cbbecb	packet	noun	B2	https://www.oxfordlearnersdictionaries.com/us/definition/english/packet	MANUAL_EMERGENCY_WORK V7 exact Oxford identity; source_index=3731; definition_path=/us/definition/english/packet; exact_definition='a small container made of paper or card in which goods are packed for selling'; selected_candidate_method=en_wiktionary_sense_bound_uk_translation; sense_source='English Wiktionary'; sense_gloss='small pack'; gloss_definition_similarity=0.439; morphology='V6 pymorphy3 uk canonical lemma PASS after Unicode/stress normalization; tag=NOUN,inan masc,nomn; score=1.0000'; surface_mt_never_sole_pass=PASS	пакет
MANUAL_EMERGENCY_WORK_20260820_FIRST_PASS_V7_round04	ox5000-30fd4723cd451189f603	palm	noun	B2	https://www.oxfordlearnersdictionaries.com/us/definition/english/palm_1	MANUAL_EMERGENCY_WORK V7 exact Oxford identity; source_index=3743; definition_path=/us/definition/english/palm_1; exact_definition='a straight tree with a mass of long leaves at the top, growing in tropical countries. There are several types of palm tree, some of which produce fruit.'; selected_candidate_method=Helsinki-NLP/opus-mt-en-uk_surface_candidate; sense_source=''; sense_gloss=''; gloss_definition_similarity=1.000; morphology='V6 pymorphy3 uk canonical lemma PASS after Unicode/stress normalization; tag=NOUN,inan femn,nomn; score=1.0000'; surface_mt_never_sole_pass=PASS	пальма
MANUAL_EMERGENCY_WORK_20260820_FIRST_PASS_V7_round04	ox5000-d10729e289ea7b28417a	panic	noun	B2	https://www.oxfordlearnersdictionaries.com/us/definition/english/panic_1	MANUAL_EMERGENCY_WORK V7 exact Oxford identity; source_index=3746; definition_path=/us/definition/english/panic_1; exact_definition='a sudden feeling of great fear that cannot be controlled and prevents you from thinking clearly'; selected_candidate_method=en_wiktionary_sense_bound_uk_translation; sense_source='English Wiktionary'; sense_gloss='overwhelming fear or fright; an instance of this'; gloss_definition_similarity=0.773; morphology='V6 pymorphy3 uk canonical lemma PASS after Unicode/stress normalization; tag=NOUN,femn,inan nomn; score=1.0000'; surface_mt_never_sole_pass=PASS	паніка
MANUAL_EMERGENCY_WORK_20260820_FIRST_PASS_V7_round04	ox5000-7a6e9f9445697c021a81	parade	noun	B2	https://www.oxfordlearnersdictionaries.com/us/definition/english/parade_1	MANUAL_EMERGENCY_WORK V7 exact Oxford identity; source_index=3749; definition_path=/us/definition/english/parade_1; exact_definition='a public celebration of a special day or event, usually with bands in the streets and decorated vehicles'; selected_candidate_method=en_wiktionary_sense_bound_uk_translation; sense_source='English Wiktionary'; sense_gloss='public procession'; gloss_definition_similarity=0.608; morphology='V6 pymorphy3 uk canonical lemma PASS after Unicode/stress normalization; tag=NOUN,inan masc,nomn; score=1.0000'; surface_mt_never_sole_pass=PASS	парад
MANUAL_EMERGENCY_WORK_20260820_FIRST_PASS_V7_round04	ox5000-fd6ca5be73f93fb3556b	parallel	adjective	B2	https://www.oxfordlearnersdictionaries.com/us/definition/english/parallel_1	MANUAL_EMERGENCY_WORK V7 exact Oxford identity; source_index=3751; definition_path=/us/definition/english/parallel_1; exact_definition='two or more lines that are parallel to each other are the same distance apart at every point'; selected_candidate_method=en_wiktionary_sense_bound_uk_translation; sense_source='English Wiktionary'; sense_gloss='equally distant from one another at all points'; gloss_definition_similarity=0.702; morphology='V6 pymorphy3 uk canonical lemma PASS after Unicode/stress normalization; tag=ADJF masc,nomn; score=1.0000'; surface_mt_never_sole_pass=PASS	паралельний
MANUAL_EMERGENCY_WORK_20260820_FIRST_PASS_V7_round04	ox5000-7ebeea756d3860dfe0d4	parallel	noun	B2	https://www.oxfordlearnersdictionaries.com/us/definition/english/parallel_3	MANUAL_EMERGENCY_WORK V7 exact Oxford identity; source_index=3752; definition_path=/us/definition/english/parallel_3; exact_definition='a person, a situation, an event, etc. that is very similar to another, especially one in a different place or time'; selected_candidate_method=en_wiktionary_sense_bound_uk_translation; sense_source='English Wiktionary'; sense_gloss='something identical or similar in essential respects'; gloss_definition_similarity=0.505; morphology='V6 pymorphy3 uk canonical lemma PASS after Unicode/stress normalization; tag=NOUN,inan femn,nomn; score=1.0000'; surface_mt_never_sole_pass=PASS	паралель
MANUAL_EMERGENCY_WORK_20260820_FIRST_PASS_V7_round04	ox5000-9a69ec83b0e36255adb9	part-time	adjective	B2	https://www.oxfordlearnersdictionaries.com/us/definition/english/part-time	MANUAL_EMERGENCY_WORK V7 exact Oxford identity; source_index=3763; definition_path=/us/definition/english/part-time; exact_definition='for part of the day or week in which people work'; selected_candidate_method=en_wiktionary_sense_bound_uk_translation; sense_source='English Wiktionary'; sense_gloss='involving less than the normal time'; gloss_definition_similarity=0.476; morphology='V6 genuine multiword lexical phrase; Unicode-normalized V4 lexical/POS form accepted'; surface_mt_never_sole_pass=PASS	зайнятий неповний робочий час
MANUAL_EMERGENCY_WORK_20260820_FIRST_PASS_V7_round04	ox5000-2cbeb1855517af42f649	participation	noun	B2	https://www.oxfordlearnersdictionaries.com/us/definition/english/participation	MANUAL_EMERGENCY_WORK V7 exact Oxford identity; source_index=3768; definition_path=/us/definition/english/participation; exact_definition='the act of taking part in an activity or event'; selected_candidate_method=en_wiktionary_sense_bound_uk_translation; sense_source='English Wiktionary'; sense_gloss='act of participating'; gloss_definition_similarity=0.815; morphology='V6 pymorphy3 uk canonical lemma PASS after Unicode/stress normalization; tag=NOUN,femn,inan nomn; score=1.0000'; surface_mt_never_sole_pass=PASS	участь
MANUAL_EMERGENCY_WORK_20260820_FIRST_PASS_V7_round04	ox5000-e99d3a619738b2e246d6	partnership	noun	B2	https://www.oxfordlearnersdictionaries.com/us/definition/english/partnership	MANUAL_EMERGENCY_WORK V7 exact Oxford identity; source_index=3773; definition_path=/us/definition/english/partnership; exact_definition='the state of being a partner in business'; selected_candidate_method=en_wiktionary_sense_bound_uk_translation; sense_source='English Wiktionary'; sense_gloss='state of being associated with a partner'; gloss_definition_similarity=0.759; morphology='V6 pymorphy3 uk canonical lemma PASS after Unicode/stress normalization; tag=NOUN,inan neut,nomn; score=1.0000'; surface_mt_never_sole_pass=PASS	партнерство
MANUAL_EMERGENCY_WORK_20260820_FIRST_PASS_V7_round04	ox5000-311fd2e67b591781d96e	passionate	adjective	B2	https://www.oxfordlearnersdictionaries.com/us/definition/english/passionate	MANUAL_EMERGENCY_WORK V7 exact Oxford identity; source_index=3781; definition_path=/us/definition/english/passionate; exact_definition='having or showing strong feelings of sexual love or of anger, etc.'; selected_candidate_method=Helsinki-NLP/opus-mt-en-uk_surface_candidate; sense_source=''; sense_gloss=''; gloss_definition_similarity=1.000; morphology='V6 pymorphy3 uk canonical lemma PASS after Unicode/stress normalization; tag=ADJF,compb masc,nomn; score=1.0000'; surface_mt_never_sole_pass=PASS	пристрасний
MANUAL_EMERGENCY_WORK_20260820_FIRST_PASS_V7_round04	ox5000-6d4a81e66902a45caa21	passive	adjective	C1	https://www.oxfordlearnersdictionaries.com/us/definition/english/passive_1	MANUAL_EMERGENCY_WORK V7 exact Oxford identity; source_index=3782; definition_path=/us/definition/english/passive_1; exact_definition='accepting what happens or what people do without trying to change anything or oppose them'; selected_candidate_method=en_wiktionary_sense_bound_uk_translation; sense_source='English Wiktionary'; sense_gloss='grammar: being in the passive voice'; gloss_definition_similarity=0.251; morphology='V6 pymorphy3 uk canonical lemma PASS after Unicode/stress normalization; tag=ADJF,compb masc,nomn; score=1.0000'; surface_mt_never_sole_pass=PASS	пасивний
MANUAL_EMERGENCY_WORK_20260820_FIRST_PASS_V7_round04	ox5000-e998bda7a717be49bec6	password	noun	B2	https://www.oxfordlearnersdictionaries.com/us/definition/english/password	MANUAL_EMERGENCY_WORK V7 exact Oxford identity; source_index=3784; definition_path=/us/definition/english/password; exact_definition='a series of letters, numbers, etc. that you must type into a computer or computer system in order to be able to use it'; selected_candidate_method=en_wiktionary_sense_bound_uk_translation; sense_source='English Wiktionary'; sense_gloss='computing: string of characters known only to a user'; gloss_definition_similarity=0.490; morphology='V6 pymorphy3 uk canonical lemma PASS after Unicode/stress normalization; tag=NOUN,inan masc,nomn; score=1.0000'; surface_mt_never_sole_pass=PASS	пароль
MANUAL_EMERGENCY_WORK_20260820_FIRST_PASS_V7_round04	ox5000-d11dcce3a28b447255da	pastor	noun	C1	https://www.oxfordlearnersdictionaries.com/us/definition/english/pastor	MANUAL_EMERGENCY_WORK V7 exact Oxford identity; source_index=3789; definition_path=/us/definition/english/pastor; exact_definition='a minister in charge of a Christian church or group, especially in some Nonconformist churches'; selected_candidate_method=en_wiktionary_sense_bound_uk_translation; sense_source='English Wiktionary'; sense_gloss='minister or priest'; gloss_definition_similarity=0.721; morphology='V6 pymorphy3 uk canonical lemma PASS after Unicode/stress normalization; tag=NOUN,anim masc,nomn; score=1.0000'; surface_mt_never_sole_pass=PASS	пастор
MANUAL_EMERGENCY_WORK_20260820_FIRST_PASS_V7_round04	ox5000-9a43f8a85ef922837b3c	patch	noun	C1	https://www.oxfordlearnersdictionaries.com/us/definition/english/patch_1	MANUAL_EMERGENCY_WORK V7 exact Oxford identity; source_index=3790; definition_path=/us/definition/english/patch_1; exact_definition='a small area of something, especially one which is different from the area around it'; selected_candidate_method=en_wiktionary_sense_bound_uk_translation; sense_source='English Wiktionary'; sense_gloss='piece of cloth used to repair a garment'; gloss_definition_similarity=0.257; morphology='V6 pymorphy3 uk canonical lemma PASS after Unicode/stress normalization; tag=NOUN,inan masc,nomn; score=1.0000'; surface_mt_never_sole_pass=PASS	лат
MANUAL_EMERGENCY_WORK_20260820_FIRST_PASS_V7_round04	ox5000-5af766941fb0ffd07856	patent	noun	C1	https://www.oxfordlearnersdictionaries.com/us/definition/english/patent_1	MANUAL_EMERGENCY_WORK V7 exact Oxford identity; source_index=3791; definition_path=/us/definition/english/patent_1; exact_definition='an official right to be the only person to make, use or sell a product or an invention; a document that proves this'; selected_candidate_method=en_wiktionary_sense_bound_uk_translation; sense_source='English Wiktionary'; sense_gloss='declaration issued by a government agency that the inventor of a new invention has the sole privilege of making, selling, or using the claimed invention for a specified period'; gloss_definition_similarity=0.765; morphology='V6 pymorphy3 uk canonical lemma PASS after Unicode/stress normalization; tag=NOUN,inan masc,nomn; score=1.0000'; surface_mt_never_sole_pass=PASS	патент
MANUAL_EMERGENCY_WORK_20260820_FIRST_PASS_V7_round04	ox5000-9c211817fb234e7e024f	pathway	noun	C1	https://www.oxfordlearnersdictionaries.com/us/definition/english/pathway	MANUAL_EMERGENCY_WORK V7 exact Oxford identity; source_index=3793; definition_path=/us/definition/english/pathway; exact_definition='a track that serves as a path'; selected_candidate_method=Helsinki-NLP/opus-mt-en-uk_surface_candidate; sense_source=''; sense_gloss=''; gloss_definition_similarity=1.000; morphology='V6 pymorphy3 uk canonical lemma PASS after Unicode/stress normalization; tag=NOUN,inan masc,nomn; score=1.0000'; surface_mt_never_sole_pass=PASS	шлях
MANUAL_EMERGENCY_WORK_20260820_FIRST_PASS_V7_round04	ox5000-feac7d068345b41bf9b8	patience	noun	B2	https://www.oxfordlearnersdictionaries.com/us/definition/english/patience	MANUAL_EMERGENCY_WORK V7 exact Oxford identity; source_index=3794; definition_path=/us/definition/english/patience; exact_definition='the ability to stay calm and accept a delay or something annoying without complaining'; selected_candidate_method=en_wiktionary_sense_bound_uk_translation; sense_source='English Wiktionary'; sense_gloss='quality of being patient|id=Q12846123'; gloss_definition_similarity=0.353; morphology='V6 pymorphy3 uk canonical lemma PASS after Unicode/stress normalization; tag=NOUN,neut,inan nomn; score=1.0000'; surface_mt_never_sole_pass=PASS	терпіння
MANUAL_EMERGENCY_WORK_20260820_FIRST_PASS_V7_round04	ox5000-8b10bfc43d80bd6a1b1e	patrol	noun	C1	https://www.oxfordlearnersdictionaries.com/us/definition/english/patrol_1	MANUAL_EMERGENCY_WORK V7 exact Oxford identity; source_index=3797; definition_path=/us/definition/english/patrol_1; exact_definition='the act of going to different parts of a building, an area, etc. to make sure that there is no trouble or crime'; selected_candidate_method=en_wiktionary_sense_bound_uk_translation; sense_source='English Wiktionary'; sense_gloss='guards who go the rounds for observation'; gloss_definition_similarity=0.340; morphology='V6 pymorphy3 uk canonical lemma PASS after Unicode/stress normalization; tag=NOUN,inan masc,nomn; score=1.0000'; surface_mt_never_sole_pass=PASS	патруль
MANUAL_EMERGENCY_WORK_20260820_FIRST_PASS_V7_round04	ox5000-33ef55c0137f6d5d734c	patrol	verb	C1	https://www.oxfordlearnersdictionaries.com/us/definition/english/patrol_2	"MANUAL_EMERGENCY_WORK V7 exact Oxford identity; source_index=3798; definition_path=/us/definition/english/patrol_2; exact_definition='to go around an area or a building at regular times to check that it is safe and that there is no trouble'; selected_candidate_method=Helsinki-NLP/opus-mt-en-uk_surface_candidate; sense_source=''; sense_gloss=''; gloss_definition_similarity=1.000; morphology=""V6 pymorphy3 uk has no requested-POS parse for 'патруль'""; surface_mt_never_sole_pass=PASS"	патруль
MANUAL_EMERGENCY_WORK_20260820_FIRST_PASS_V7_round04	ox5000-0c74f2ed819a03c75dcc	patron	noun	C1	https://www.oxfordlearnersdictionaries.com/us/definition/english/patron	MANUAL_EMERGENCY_WORK V7 exact Oxford identity; source_index=3799; definition_path=/us/definition/english/patron; exact_definition='a person who gives money and support to artists and writers'; selected_candidate_method=Helsinki-NLP/opus-mt-en-uk_surface_candidate; sense_source=''; sense_gloss=''; gloss_definition_similarity=1.000; morphology='V6 pymorphy3 uk canonical lemma PASS after Unicode/stress normalization; tag=NOUN,anim masc; score=1.0000'; surface_mt_never_sole_pass=PASS	покровитель
MANUAL_EMERGENCY_WORK_20260820_FIRST_PASS_V7_round04	ox5000-5bf6bb98b0aa6e88e25d	pause	noun	B2	https://www.oxfordlearnersdictionaries.com/us/definition/english/pause_2	MANUAL_EMERGENCY_WORK V7 exact Oxford identity; source_index=3801; definition_path=/us/definition/english/pause_2; exact_definition='a period of time during which somebody stops talking or stops what they are doing'; selected_candidate_method=en_wiktionary_sense_bound_uk_translation; sense_source='English Wiktionary'; sense_gloss='temporary stop or rest'; gloss_definition_similarity=0.503; morphology='V6 pymorphy3 uk canonical lemma PASS after Unicode/stress normalization; tag=NOUN,inan femn,nomn; score=1.0000'; surface_mt_never_sole_pass=PASS	перерва
MANUAL_EMERGENCY_WORK_20260820_FIRST_PASS_V7_round04	ox5000-b65a62db9abd8eef3cff	pause	verb	B2	https://www.oxfordlearnersdictionaries.com/us/definition/english/pause_1	"MANUAL_EMERGENCY_WORK V7 exact Oxford identity; source_index=3802; definition_path=/us/definition/english/pause_1; exact_definition='to stop talking or doing something for a short time before continuing'; selected_candidate_method=Helsinki-NLP/opus-mt-en-uk_surface_candidate; sense_source=''; sense_gloss=''; gloss_definition_similarity=1.000; morphology=""V6 pymorphy3 uk has no requested-POS parse for 'пауза'""; surface_mt_never_sole_pass=PASS"	пауза
MANUAL_EMERGENCY_WORK_20260820_FIRST_PASS_V7_round04	ox5000-9a85f61c8b8cc997a0b0	peak	noun	C1	https://www.oxfordlearnersdictionaries.com/us/definition/english/peak_1	MANUAL_EMERGENCY_WORK V7 exact Oxford identity; source_index=3808; definition_path=/us/definition/english/peak_1; exact_definition='the point when somebody/something is best, most successful, strongest, etc.'; selected_candidate_method=Helsinki-NLP/opus-mt-en-uk_surface_candidate; sense_source=''; sense_gloss=''; gloss_definition_similarity=1.000; morphology='V6 pymorphy3 uk canonical lemma PASS after Unicode/stress normalization; tag=NOUN,inan masc,nomn; score=1.0000'; surface_mt_never_sole_pass=PASS	пік
MANUAL_EMERGENCY_WORK_20260820_FIRST_PASS_V7_round04	ox5000-8a40036adfd1df61e55e	peasant	noun	C1	https://www.oxfordlearnersdictionaries.com/us/definition/english/peasant	MANUAL_EMERGENCY_WORK V7 exact Oxford identity; source_index=3809; definition_path=/us/definition/english/peasant; exact_definition='(especially in the past, or in poorer countries) a farmer who owns or rents a small piece of land'; selected_candidate_method=en_wiktionary_sense_bound_uk_translation; sense_source='English Wiktionary'; sense_gloss='member of the agriculture low class'; gloss_definition_similarity=0.653; morphology='V6 pymorphy3 uk canonical lemma PASS after Unicode/stress normalization; tag=NOUN,anim masc,nomn; score=1.0000'; surface_mt_never_sole_pass=PASS	селянин
MANUAL_EMERGENCY_WORK_20260820_FIRST_PASS_V7_round04	ox5000-35de66642784aeeb9ee5	peculiar	adjective	C1	https://www.oxfordlearnersdictionaries.com/us/definition/english/peculiar	MANUAL_EMERGENCY_WORK V7 exact Oxford identity; source_index=3810; definition_path=/us/definition/english/peculiar; exact_definition='strange or unusual, especially in a way that is unpleasant or makes you worried'; selected_candidate_method=Helsinki-NLP/opus-mt-en-uk_surface_candidate; sense_source=''; sense_gloss=''; gloss_definition_similarity=1.000; morphology='V6 pymorphy3 uk canonical lemma PASS after Unicode/stress normalization; tag=ADJF,compb masc,nomn; score=1.0000'; surface_mt_never_sole_pass=PASS	своєрідний
MANUAL_EMERGENCY_WORK_20260820_FIRST_PASS_V7_round04	ox5000-781a985da79bb4af5cdf	peer	noun	B2	https://www.oxfordlearnersdictionaries.com/us/definition/english/peer_1	MANUAL_EMERGENCY_WORK V7 exact Oxford identity; source_index=3811; definition_path=/us/definition/english/peer_1; exact_definition='a person who is the same age or who has the same social status as you'; selected_candidate_method=Helsinki-NLP/opus-mt-en-uk_surface_candidate; sense_source=''; sense_gloss=''; gloss_definition_similarity=1.000; morphology='V6 pymorphy3 uk canonical lemma PASS after Unicode/stress normalization; tag=NOUN,inan masc; score=1.0000'; surface_mt_never_sole_pass=PASS	вузол
MANUAL_EMERGENCY_WORK_20260820_FIRST_PASS_V7_round04	ox5000-2cb6429f8e617379c52e	penalty	noun	B2	https://www.oxfordlearnersdictionaries.com/us/definition/english/penalty	MANUAL_EMERGENCY_WORK V7 exact Oxford identity; source_index=3813; definition_path=/us/definition/english/penalty; exact_definition='a punishment for breaking a law, rule or contract'; selected_candidate_method=en_wiktionary_sense_bound_uk_translation; sense_source='English Wiktionary'; sense_gloss='legal sentence'; gloss_definition_similarity=0.742; morphology='V6 pymorphy3 uk canonical lemma PASS after Unicode/stress normalization; tag=NOUN,inan neut,nomn; score=1.0000'; surface_mt_never_sole_pass=PASS	покарання
MANUAL_EMERGENCY_WORK_20260820_FIRST_PASS_V7_round04	ox5000-99e9d2cc172cc5434f56	perceive	verb	B2	https://www.oxfordlearnersdictionaries.com/us/definition/english/perceive	MANUAL_EMERGENCY_WORK V7 exact Oxford identity; source_index=3823; definition_path=/us/definition/english/perceive; exact_definition='to understand or think of somebody/something in a particular way'; selected_candidate_method=Helsinki-NLP/opus-mt-en-uk_surface_candidate; sense_source=''; sense_gloss=''; gloss_definition_similarity=1.000; morphology='V6 pymorphy3 uk canonical lemma PASS after Unicode/stress normalization; tag=VERB,perf infn; score=1.0000'; surface_mt_never_sole_pass=PASS	прийняти
MANUAL_EMERGENCY_WORK_20260820_FIRST_PASS_V7_round04	ox5000-d74d8ec5476e2ae9ebb7	perception	noun	B2	https://www.oxfordlearnersdictionaries.com/us/definition/english/perception	MANUAL_EMERGENCY_WORK V7 exact Oxford identity; source_index=3825; definition_path=/us/definition/english/perception; exact_definition='an idea, a belief or an image you have as a result of how you see or understand something'; selected_candidate_method=en_wiktionary_sense_bound_uk_translation; sense_source='English Wiktionary'; sense_gloss='conscious understanding of something'; gloss_definition_similarity=0.631; morphology='V6 pymorphy3 uk canonical lemma PASS after Unicode/stress normalization; tag=NOUN,inan neut; score=1.0000'; surface_mt_never_sole_pass=PASS	сприйняття
MANUAL_EMERGENCY_WORK_20260820_FIRST_PASS_V7_round04	ox5000-3532569e450a869942b8	permanently	adverb	B2	https://www.oxfordlearnersdictionaries.com/us/definition/english/permanently	MANUAL_EMERGENCY_WORK V7 exact Oxford identity; source_index=3833; definition_path=/us/definition/english/permanently; exact_definition='in a way that lasts for a long time or for all time in the future; in a way that exists all the time'; selected_candidate_method=Helsinki-NLP/opus-mt-en-uk_surface_candidate; sense_source=''; sense_gloss=''; gloss_definition_similarity=1.000; morphology='V6 pymorphy3 uk canonical lemma PASS after Unicode/stress normalization; tag=ADVB; score=1.0000'; surface_mt_never_sole_pass=PASS	назавжди
MANUAL_EMERGENCY_WORK_20260820_FIRST_PASS_V7_round04	ox5000-9f15b17f09337ac45081	persist	verb	C1	https://www.oxfordlearnersdictionaries.com/us/definition/english/persist	"MANUAL_EMERGENCY_WORK V7 exact Oxford identity; source_index=3837; definition_path=/us/definition/english/persist; exact_definition='to continue to do something despite difficulties or opposition, in a way that can seem unreasonable'; selected_candidate_method=Helsinki-NLP/opus-mt-en-uk_surface_candidate; sense_source=''; sense_gloss=''; gloss_definition_similarity=1.000; morphology=""V6 pymorphy3 uk has no requested-POS parse for 'стійкий'""; surface_mt_never_sole_pass=PASS"	стійкий
MANUAL_EMERGENCY_WORK_20260820_FIRST_PASS_V7_round04	ox5000-a7b952c88c032e59859f	persistent	adjective	C1	https://www.oxfordlearnersdictionaries.com/us/definition/english/persistent	MANUAL_EMERGENCY_WORK V7 exact Oxford identity; source_index=3838; definition_path=/us/definition/english/persistent; exact_definition='determined to do something despite difficulties, especially when other people are against you and think that you are being annoying or unreasonable'; selected_candidate_method=en_wiktionary_sense_bound_uk_translation; sense_source='English Wiktionary'; sense_gloss='refusing to give up'; gloss_definition_similarity=0.391; morphology='V6 pymorphy3 uk canonical lemma PASS after Unicode/stress normalization; tag=ADJF,compb masc,nomn; score=1.0000'; surface_mt_never_sole_pass=PASS	настійний
MANUAL_EMERGENCY_WORK_20260820_FIRST_PASS_V7_round04	ox5000-eb9457a81d9f62a179b8	personnel	noun	C1	https://www.oxfordlearnersdictionaries.com/us/definition/english/personnel	MANUAL_EMERGENCY_WORK V7 exact Oxford identity; source_index=3843; definition_path=/us/definition/english/personnel; exact_definition='the people who work for an organization or one of the armed forces'; selected_candidate_method=Helsinki-NLP/opus-mt-en-uk_surface_candidate; sense_source=''; sense_gloss=''; gloss_definition_similarity=1.000; morphology='V6 pymorphy3 uk canonical lemma PASS after Unicode/stress normalization; tag=NOUN,inan masc,nomn; score=1.0000'; surface_mt_never_sole_pass=PASS	персонал
MANUAL_EMERGENCY_WORK_20260820_FIRST_PASS_V7_round04	ox5000-b491a88f6456bbb0cfb8	petition	noun	C1	https://www.oxfordlearnersdictionaries.com/us/definition/english/petition_1	MANUAL_EMERGENCY_WORK V7 exact Oxford identity; source_index=3847; definition_path=/us/definition/english/petition_1; exact_definition='a written document signed by a large number of people that asks somebody in a position of authority to do or change something'; selected_candidate_method=en_wiktionary_sense_bound_uk_translation; sense_source='English Wiktionary'; sense_gloss='compilation of signatures'; gloss_definition_similarity=0.532; morphology='V6 pymorphy3 uk canonical lemma PASS after Unicode/stress normalization; tag=NOUN,inan femn,nomn; score=1.0000'; surface_mt_never_sole_pass=PASS	петиція
MANUAL_EMERGENCY_WORK_20260820_FIRST_PASS_V7_round04	ox5000-97e75b56a14dcea93cd6	philosopher	noun	C1	https://www.oxfordlearnersdictionaries.com/us/definition/english/philosopher	MANUAL_EMERGENCY_WORK V7 exact Oxford identity; source_index=3851; definition_path=/us/definition/english/philosopher; exact_definition='a person who studies or writes about philosophy'; selected_candidate_method=en_wiktionary_sense_bound_uk_translation; sense_source='English Wiktionary'; sense_gloss='person devoted to studying philosophy'; gloss_definition_similarity=0.912; morphology='V6 pymorphy3 uk canonical lemma PASS after Unicode/stress normalization; tag=NOUN,anim masc,nomn; score=1.0000'; surface_mt_never_sole_pass=PASS	філософ
MANUAL_EMERGENCY_WORK_20260820_FIRST_PASS_V7_round04	ox5000-7f50e5d4ea8b939bb645	physician	noun	C1	https://www.oxfordlearnersdictionaries.com/us/definition/english/physician	MANUAL_EMERGENCY_WORK V7 exact Oxford identity; source_index=3863; definition_path=/us/definition/english/physician; exact_definition='a doctor, especially one who is a specialist in general medicine and not surgery'; selected_candidate_method=en_wiktionary_sense_bound_uk_translation; sense_source='English Wiktionary'; sense_gloss='medical doctor'; gloss_definition_similarity=0.788; morphology='V6 pymorphy3 uk canonical lemma PASS after Unicode/stress normalization; tag=NOUN,anim masc,nomn; score=1.0000'; surface_mt_never_sole_pass=PASS	доктор
MANUAL_EMERGENCY_WORK_20260820_FIRST_PASS_V7_round04	ox5000-3f779a09de200359c0e7	pill	noun	B2	https://www.oxfordlearnersdictionaries.com/us/definition/english/pill_1	MANUAL_EMERGENCY_WORK V7 exact Oxford identity; source_index=3874; definition_path=/us/definition/english/pill_1; exact_definition='a small flat round piece of medicine that you swallow whole, without biting it'; selected_candidate_method=en_wiktionary_sense_bound_uk_translation; sense_source='English Wiktionary'; sense_gloss='small object for swallowing'; gloss_definition_similarity=0.719; morphology='V6 pymorphy3 uk canonical lemma PASS after Unicode/stress normalization; tag=NOUN,inan femn,nomn; score=1.0000'; surface_mt_never_sole_pass=PASS	таблетка
MANUAL_EMERGENCY_WORK_20260820_FIRST_PASS_V7_round04	ox5000-4d12a2450049f476f743	pioneer	noun	C1	https://www.oxfordlearnersdictionaries.com/us/definition/english/pioneer_1	MANUAL_EMERGENCY_WORK V7 exact Oxford identity; source_index=3880; definition_path=/us/definition/english/pioneer_1; exact_definition='a person who is the first to study and develop a particular area of knowledge, culture, etc. that other people then continue to develop'; selected_candidate_method=en_wiktionary_sense_bound_uk_translation; sense_source='English Wiktionary'; sense_gloss='one who goes before'; gloss_definition_similarity=0.349; morphology='V6 pymorphy3 uk canonical lemma PASS after Unicode/stress normalization; tag=NOUN,anim masc,nomn; score=1.0000'; surface_mt_never_sole_pass=PASS	першовідкривач
MANUAL_EMERGENCY_WORK_20260820_FIRST_PASS_V7_round04	ox5000-a69f31481890fe668be4	pioneer	verb	C1	https://www.oxfordlearnersdictionaries.com/us/definition/english/pioneer_2	"MANUAL_EMERGENCY_WORK V7 exact Oxford identity; source_index=3881; definition_path=/us/definition/english/pioneer_2; exact_definition='when somebody pioneers something, they are one of the first people to do, discover or use something new'; selected_candidate_method=Helsinki-NLP/opus-mt-en-uk_surface_candidate; sense_source=''; sense_gloss=''; gloss_definition_similarity=1.000; morphology=""V6 pymorphy3 uk has no requested-POS parse for 'піонер'""; surface_mt_never_sole_pass=PASS"	піонер
MANUAL_EMERGENCY_WORK_20260820_FIRST_PASS_V7_round04	ox5000-aa936da664ebf419cd8b	pipeline	noun	C1	https://www.oxfordlearnersdictionaries.com/us/definition/english/pipeline	MANUAL_EMERGENCY_WORK V7 exact Oxford identity; source_index=3883; definition_path=/us/definition/english/pipeline; exact_definition='a series of pipes that are usually underground and are used for carrying oil, gas, etc. over long distances'; selected_candidate_method=en_wiktionary_sense_bound_uk_translation; sense_source='English Wiktionary'; sense_gloss='channel by which information is transmitted'; gloss_definition_similarity=0.252; morphology='V6 pymorphy3 uk canonical lemma PASS after Unicode/stress normalization; tag=NOUN,inan masc,nomn; score=1.0000'; surface_mt_never_sole_pass=PASS	конвеєр
MANUAL_EMERGENCY_WORK_20260820_FIRST_PASS_V7_round04	ox5000-0dd6137a2f1a6a9a12e6	pirate	noun	C1	https://www.oxfordlearnersdictionaries.com/us/definition/english/pirate_1	MANUAL_EMERGENCY_WORK V7 exact Oxford identity; source_index=3884; definition_path=/us/definition/english/pirate_1; exact_definition='(especially in the past) a person on a ship who attacks other ships at sea in order to steal from them'; selected_candidate_method=en_wiktionary_sense_bound_uk_translation; sense_source='English Wiktionary'; sense_gloss='one who plunders at sea'; gloss_definition_similarity=0.759; morphology='V6 pymorphy3 uk canonical lemma PASS after Unicode/stress normalization; tag=NOUN,anim masc,nomn; score=1.0000'; surface_mt_never_sole_pass=PASS	пірат
MANUAL_EMERGENCY_WORK_20260820_FIRST_PASS_V7_round04	ox5000-69c6a831bfe7dfdfa3dd	pit	noun	C1	https://www.oxfordlearnersdictionaries.com/us/definition/english/pit_1	MANUAL_EMERGENCY_WORK V7 exact Oxford identity; source_index=3885; definition_path=/us/definition/english/pit_1; exact_definition='a large deep hole in the ground'; selected_candidate_method=en_wiktionary_sense_bound_uk_translation; sense_source='English Wiktionary'; sense_gloss='hole in the ground'; gloss_definition_similarity=0.863; morphology='V6 pymorphy3 uk canonical lemma PASS after Unicode/stress normalization; tag=NOUN,inan femn,nomn; score=1.0000'; surface_mt_never_sole_pass=PASS	яма
MANUAL_EMERGENCY_WORK_20260820_FIRST_PASS_V7_round04	ox5000-d150b012b581766179eb	pity	noun	B2	https://www.oxfordlearnersdictionaries.com/us/definition/english/pity_1	MANUAL_EMERGENCY_WORK V7 exact Oxford identity; source_index=3887; definition_path=/us/definition/english/pity_1; exact_definition='used to show that you are disappointed about something'; selected_candidate_method=en_wiktionary_sense_bound_uk_translation; sense_source='English Wiktionary'; sense_gloss='something regrettable'; gloss_definition_similarity=0.647; morphology='V6 pymorphy3 uk canonical lemma PASS after Unicode/stress normalization; tag=NOUN,inan masc; score=1.0000'; surface_mt_never_sole_pass=PASS	жаль
MANUAL_EMERGENCY_WORK_20260820_FIRST_PASS_V7_round04	ox5000-714d19b7df6bf047fb12	placement	noun	B2	https://www.oxfordlearnersdictionaries.com/us/definition/english/placement	MANUAL_EMERGENCY_WORK V7 exact Oxford identity; source_index=3890; definition_path=/us/definition/english/placement; exact_definition='the act of finding somebody a suitable job or place to live'; selected_candidate_method=Helsinki-NLP/opus-mt-en-uk_surface_candidate; sense_source=''; sense_gloss=''; gloss_definition_similarity=1.000; morphology='V6 pymorphy3 uk canonical lemma PASS after Unicode/stress normalization; tag=NOUN,inan neut,nomn; score=1.0000'; surface_mt_never_sole_pass=PASS	розташування
MANUAL_EMERGENCY_WORK_20260820_FIRST_PASS_V7_round04	ox5000-160c8d7d475bdeee5fa4	plea	noun	C1	https://www.oxfordlearnersdictionaries.com/us/definition/english/plea	MANUAL_EMERGENCY_WORK V7 exact Oxford identity; source_index=3906; definition_path=/us/definition/english/plea; exact_definition='a serious emotional request, especially for something needing action now'; selected_candidate_method=Helsinki-NLP/opus-mt-en-uk_surface_candidate; sense_source=''; sense_gloss=''; gloss_definition_similarity=1.000; morphology='V6 no Ukrainian lexical token after Unicode/stress normalization'; surface_mt_never_sole_pass=PASS	spection
MANUAL_EMERGENCY_WORK_20260820_FIRST_PASS_V7_round04	ox5000-da6c1e1198461773e1dc	plead	verb	C1	https://www.oxfordlearnersdictionaries.com/us/definition/english/plead	MANUAL_EMERGENCY_WORK V7 exact Oxford identity; source_index=3907; definition_path=/us/definition/english/plead; exact_definition='to ask somebody for something in a very strong and serious way'; selected_candidate_method=Helsinki-NLP/opus-mt-en-uk_surface_candidate; sense_source=''; sense_gloss=''; gloss_definition_similarity=1.000; morphology='V6 no Ukrainian lexical token after Unicode/stress normalization'; surface_mt_never_sole_pass=PASS	support
MANUAL_EMERGENCY_WORK_20260820_FIRST_PASS_V7_round04	ox5000-83df4ff41fec9e689188	pledge	noun	C1	https://www.oxfordlearnersdictionaries.com/us/definition/english/pledge_2	MANUAL_EMERGENCY_WORK V7 exact Oxford identity; source_index=3913; definition_path=/us/definition/english/pledge_2; exact_definition='a serious promise'; selected_candidate_method=en_wiktionary_sense_bound_uk_translation; sense_source='English Wiktionary'; sense_gloss='delivery of personal property to secure the payment of a debt'; gloss_definition_similarity=0.213; morphology='V6 pymorphy3 uk canonical lemma PASS after Unicode/stress normalization; tag=NOUN,Surn,masc,anim nomn; score=1.0000'; surface_mt_never_sole_pass=PASS	застава
MANUAL_EMERGENCY_WORK_20260820_FIRST_PASS_V7_round04	ox5000-f7ec77c63ef59898cba2	pledge	verb	C1	https://www.oxfordlearnersdictionaries.com/us/definition/english/pledge_1	MANUAL_EMERGENCY_WORK V7 exact Oxford identity; source_index=3914; definition_path=/us/definition/english/pledge_1; exact_definition='to formally promise to give or do something'; selected_candidate_method=Helsinki-NLP/opus-mt-en-uk_surface_candidate; sense_source=''; sense_gloss=''; gloss_definition_similarity=1.000; morphology='V6 no Ukrainian lexical token after Unicode/stress normalization'; surface_mt_never_sole_pass=PASS	project
MANUAL_EMERGENCY_WORK_20260820_FIRST_PASS_V7_round04	ox5000-f363b0d81ea651cb2c6a	plug	noun	C1	https://www.oxfordlearnersdictionaries.com/us/definition/english/plug_2	MANUAL_EMERGENCY_WORK V7 exact Oxford identity; source_index=3918; definition_path=/us/definition/english/plug_2; exact_definition='a small plastic object with two or three metal pins that connects a piece of electrical equipment to the main supply of electricity'; selected_candidate_method=en_wiktionary_sense_bound_uk_translation; sense_source='English Wiktionary'; sense_gloss='electric connecting device'; gloss_definition_similarity=0.669; morphology='V6 pymorphy3 uk canonical lemma PASS after Unicode/stress normalization; tag=NOUN,inan masc,nomn; score=1.0000'; surface_mt_never_sole_pass=PASS	штепсель
MANUAL_EMERGENCY_WORK_20260820_FIRST_PASS_V7_round04	ox5000-30f8b5e2f3659b82af9e	plug	verb	C1	https://www.oxfordlearnersdictionaries.com/us/definition/english/plug_1	"MANUAL_EMERGENCY_WORK V7 exact Oxford identity; source_index=3919; definition_path=/us/definition/english/plug_1; exact_definition='to fill a hole with a substance or piece of material that fits tightly into it'; selected_candidate_method=Helsinki-NLP/opus-mt-en-uk_surface_candidate; sense_source=''; sense_gloss=''; gloss_definition_similarity=1.000; morphology=""V6 pymorphy3 uk has no requested-POS parse for 'Додаток'""; surface_mt_never_sole_pass=PASS"	Додаток
MANUAL_EMERGENCY_WORK_20260820_FIRST_PASS_V7_round04	ox5000-a2a56181aff99fea04b0	plunge	verb	C1	https://www.oxfordlearnersdictionaries.com/us/definition/english/plunge_1	MANUAL_EMERGENCY_WORK V7 exact Oxford identity; source_index=3920; definition_path=/us/definition/english/plunge_1; exact_definition='to move or make somebody/something move suddenly forwards and/or downwards'; selected_candidate_method=Helsinki-NLP/opus-mt-en-uk_surface_candidate; sense_source=''; sense_gloss=''; gloss_definition_similarity=1.000; morphology='V6 no Ukrainian lexical token after Unicode/stress normalization'; surface_mt_never_sole_pass=PASS	fall
MANUAL_EMERGENCY_WORK_20260820_FIRST_PASS_V7_round04	ox5000-ec99e1e8c7830791d513	pole	noun	C1	https://www.oxfordlearnersdictionaries.com/us/definition/english/pole_1	MANUAL_EMERGENCY_WORK V7 exact Oxford identity; source_index=3935; definition_path=/us/definition/english/pole_1; exact_definition='a long thin straight piece of wood or metal, especially one with the end placed in the ground, used as a support'; selected_candidate_method=en_wiktionary_sense_bound_uk_translation; sense_source='English Wiktionary'; sense_gloss='implement for pole-vaulting'; gloss_definition_similarity=0.254; morphology='V6 pymorphy3 uk canonical lemma PASS after Unicode/stress normalization; tag=NOUN,inan femn,nomn; score=1.0000'; surface_mt_never_sole_pass=PASS	жердина
MANUAL_EMERGENCY_WORK_20260820_FIRST_PASS_V7_round04	ox5000-63da2a1947e89c7e3bbd	poll	noun	C1	https://www.oxfordlearnersdictionaries.com/us/definition/english/poll_1	MANUAL_EMERGENCY_WORK V7 exact Oxford identity; source_index=3943; definition_path=/us/definition/english/poll_1; exact_definition='the process of questioning people who are representative of a larger group in order to get information about the general opinion'; selected_candidate_method=en_wiktionary_sense_bound_uk_translation; sense_source='English Wiktionary'; sense_gloss='a survey of a particular group|survey'; gloss_definition_similarity=0.542; morphology='V6 pymorphy3 uk canonical lemma PASS after Unicode/stress normalization; tag=NOUN,inan neut,nomn; score=1.0000'; surface_mt_never_sole_pass=PASS	опитування
MANUAL_EMERGENCY_WORK_20260820_FIRST_PASS_V7_round04	ox5000-14f031faff13a37dc5da	pond	noun	C1	https://www.oxfordlearnersdictionaries.com/us/definition/english/pond	MANUAL_EMERGENCY_WORK V7 exact Oxford identity; source_index=3945; definition_path=/us/definition/english/pond; exact_definition='a small area of still water, especially one that is artificial'; selected_candidate_method=en_wiktionary_sense_bound_uk_translation; sense_source='English Wiktionary'; sense_gloss='small lake'; gloss_definition_similarity=0.570; morphology='V6 pymorphy3 uk canonical lemma PASS after Unicode/stress normalization; tag=NOUN,inan neut,nomn; score=1.0000'; surface_mt_never_sole_pass=PASS	озерце
MANUAL_EMERGENCY_WORK_20260820_FIRST_PASS_V7_round04	ox5000-a56bffc14b7623ca92d5	pop	verb	C1	https://www.oxfordlearnersdictionaries.com/us/definition/english/pop_3	MANUAL_EMERGENCY_WORK V7 exact Oxford identity; source_index=3950; definition_path=/us/definition/english/pop_3; exact_definition='to make a short explosive sound; to cause something to make this sound'; selected_candidate_method=Helsinki-NLP/opus-mt-en-uk_surface_candidate; sense_source=''; sense_gloss=''; gloss_definition_similarity=1.000; morphology='V6 no Ukrainian lexical token after Unicode/stress normalization'; surface_mt_never_sole_pass=PASS	pop
MANUAL_EMERGENCY_WORK_20260820_FIRST_PASS_V7_round04	ox5000-e8093e2d8ad2399dab1e	portfolio	noun	C1	https://www.oxfordlearnersdictionaries.com/us/definition/english/portfolio	MANUAL_EMERGENCY_WORK V7 exact Oxford identity; source_index=3955; definition_path=/us/definition/english/portfolio; exact_definition='a thin flat case used for carrying documents, drawings, etc.'; selected_candidate_method=Helsinki-NLP/opus-mt-en-uk_surface_candidate; sense_source=''; sense_gloss=''; gloss_definition_similarity=1.000; morphology='V6 pymorphy3 uk canonical lemma PASS after Unicode/stress normalization; tag=NOUN,Fixd,inan masc,nomn; score=1.0000'; surface_mt_never_sole_pass=PASS	портфоліо
MANUAL_EMERGENCY_WORK_20260820_FIRST_PASS_V7_round04	ox5000-61157023f5c6f7cae979	portion	noun	B2	https://www.oxfordlearnersdictionaries.com/us/definition/english/portion_1	"MANUAL_EMERGENCY_WORK V7 exact Oxford identity; source_index=3956; definition_path=/us/definition/english/portion_1; exact_definition='one part of something larger'; selected_candidate_method=en_wiktionary_sense_bound_uk_translation; sense_source='English Wiktionary'; sense_gloss=""one's fate|fate""; gloss_definition_similarity=0.308; morphology='V6 pymorphy3 uk canonical lemma PASS after Unicode/stress normalization; tag=NOUN,inan femn,nomn; score=1.0000'; surface_mt_never_sole_pass=PASS"	доля
MANUAL_EMERGENCY_WORK_20260820_FIRST_PASS_V7_round04	ox5000-56711d8b015a24df31cf	portray	verb	C1	https://www.oxfordlearnersdictionaries.com/us/definition/english/portray	"MANUAL_EMERGENCY_WORK V7 exact Oxford identity; source_index=3958; definition_path=/us/definition/english/portray; exact_definition='to show somebody/something in a picture; to describe somebody/something in a piece of writing'; selected_candidate_method=Helsinki-NLP/opus-mt-en-uk_surface_candidate; sense_source=''; sense_gloss=''; gloss_definition_similarity=1.000; morphology=""V6 pymorphy3 uk has no requested-POS parse for 'зображення'""; surface_mt_never_sole_pass=PASS"	зображення
MANUAL_EMERGENCY_WORK_20260820_FIRST_PASS_V7_round04	ox5000-c15e293b147fe2223274	post-war	adjective	C1	https://www.oxfordlearnersdictionaries.com/us/definition/english/post-war	MANUAL_EMERGENCY_WORK V7 exact Oxford identity; source_index=3971; definition_path=/us/definition/english/post-war; exact_definition='existing, happening or made in the period after a war, especially the Second World War'; selected_candidate_method=en_wiktionary_sense_bound_uk_translation; sense_source='English Wiktionary'; sense_gloss='pertaining to a period following the end of a war'; gloss_definition_similarity=0.770; morphology='V6 pymorphy3 uk canonical lemma PASS after Unicode/stress normalization; tag=ADJF masc,nomn; score=1.0000'; surface_mt_never_sole_pass=PASS	післявоєнний
MANUAL_EMERGENCY_WORK_20260820_FIRST_PASS_V7_round04	ox5000-f68f5a29d94b8b03690e	postpone	verb	C1	https://www.oxfordlearnersdictionaries.com/us/definition/english/postpone	MANUAL_EMERGENCY_WORK V7 exact Oxford identity; source_index=3973; definition_path=/us/definition/english/postpone; exact_definition='to arrange for an event, etc. to take place at a later time or date than originally planned'; selected_candidate_method=Helsinki-NLP/opus-mt-en-uk_surface_candidate; sense_source=''; sense_gloss=''; gloss_definition_similarity=1.000; morphology='V6 pymorphy3 uk canonical lemma PASS after Unicode/stress normalization; tag=VERB,perf infn; score=1.0000'; surface_mt_never_sole_pass=PASS	відкласти
MANUAL_EMERGENCY_WORK_20260820_FIRST_PASS_V7_round04	ox5000-711718c5c7cfed4346b5	potentially	adverb	B2	https://www.oxfordlearnersdictionaries.com/us/definition/english/potentially	MANUAL_EMERGENCY_WORK V7 exact Oxford identity; source_index=3978; definition_path=/us/definition/english/potentially; exact_definition='used to say that something may develop into something'; selected_candidate_method=Helsinki-NLP/opus-mt-en-uk_surface_candidate; sense_source=''; sense_gloss=''; gloss_definition_similarity=1.000; morphology='V6 pymorphy3 uk canonical lemma PASS after Unicode/stress normalization; tag=ADVB,compb; score=1.0000'; surface_mt_never_sole_pass=PASS	потенційно
MANUAL_EMERGENCY_WORK_20260820_FIRST_PASS_V7_round04	ox5000-beb52a5555437b39995b	practitioner	noun	C1	https://www.oxfordlearnersdictionaries.com/us/definition/english/practitioner	MANUAL_EMERGENCY_WORK V7 exact Oxford identity; source_index=3989; definition_path=/us/definition/english/practitioner; exact_definition='a person who works in a profession, especially medicine or law'; selected_candidate_method=Helsinki-NLP/opus-mt-en-uk_surface_candidate; sense_source=''; sense_gloss=''; gloss_definition_similarity=1.000; morphology='V6 pymorphy3 uk canonical lemma PASS after Unicode/stress normalization; tag=NOUN,neut,inan nomn; score=1.0000'; surface_mt_never_sole_pass=PASS	практикування
MANUAL_EMERGENCY_WORK_20260820_FIRST_PASS_V7_round04	ox5000-74daeda551245ecd75df	preach	verb	C1	https://www.oxfordlearnersdictionaries.com/us/definition/english/preach	"MANUAL_EMERGENCY_WORK V7 exact Oxford identity; source_index=3994; definition_path=/us/definition/english/preach; exact_definition='to give a religious talk in a public place, especially in a church during a service'; selected_candidate_method=Helsinki-NLP/opus-mt-en-uk_surface_candidate; sense_source=''; sense_gloss=''; gloss_definition_similarity=1.000; morphology=""V6 pymorphy3 uk has no requested-POS parse for 'проповідування'""; surface_mt_never_sole_pass=PASS"	проповідування
MANUAL_EMERGENCY_WORK_20260820_FIRST_PASS_V7_round04	ox5000-9a62e37d0085deb94e17	precede	verb	B2	https://www.oxfordlearnersdictionaries.com/us/definition/english/precede	"MANUAL_EMERGENCY_WORK V7 exact Oxford identity; source_index=3995; definition_path=/us/definition/english/precede; exact_definition='to happen before something or come before something/somebody in order'; selected_candidate_method=Helsinki-NLP/opus-mt-en-uk_surface_candidate; sense_source=''; sense_gloss=''; gloss_definition_similarity=1.000; morphology=""V6 pymorphy3 uk has no requested-POS parse for 'Перед'""; surface_mt_never_sole_pass=PASS"	Перед
MANUAL_EMERGENCY_WORK_20260820_FIRST_PASS_V7_round04	ox5000-9ea970eafe26ff604aa5	precedent	noun	C1	https://www.oxfordlearnersdictionaries.com/us/definition/english/precedent	MANUAL_EMERGENCY_WORK V7 exact Oxford identity; source_index=3996; definition_path=/us/definition/english/precedent; exact_definition='an official action or decision that has happened in the past and that is seen as an example or a rule to be followed in a similar situation later'; selected_candidate_method=en_wiktionary_sense_bound_uk_translation; sense_source='English Wiktionary'; sense_gloss='past act used as example'; gloss_definition_similarity=0.630; morphology='V6 pymorphy3 uk canonical lemma PASS after Unicode/stress normalization; tag=NOUN,inan masc,nomn; score=1.0000'; surface_mt_never_sole_pass=PASS	прецедент
MANUAL_EMERGENCY_WORK_20260820_FIRST_PASS_V7_round04	ox5000-09b263abf182e4e60c79	precious	adjective	B2	https://www.oxfordlearnersdictionaries.com/us/definition/english/precious_1	MANUAL_EMERGENCY_WORK V7 exact Oxford identity; source_index=3997; definition_path=/us/definition/english/precious_1; exact_definition='rare and worth a lot of money'; selected_candidate_method=en_wiktionary_sense_bound_uk_translation; sense_source='English Wiktionary'; sense_gloss='of high value or worth'; gloss_definition_similarity=0.529; morphology='V6 pymorphy3 uk canonical lemma PASS after Unicode/stress normalization; tag=ADJF,compb masc,nomn; score=1.0000'; surface_mt_never_sole_pass=PASS	коштовний
MANUAL_EMERGENCY_WORK_20260820_FIRST_PASS_V7_round04	ox5000-366987964a8ab382bc33	precise	adjective	B2	https://www.oxfordlearnersdictionaries.com/us/definition/english/precise	MANUAL_EMERGENCY_WORK V7 exact Oxford identity; source_index=3998; definition_path=/us/definition/english/precise; exact_definition='clear and accurate'; selected_candidate_method=Helsinki-NLP/opus-mt-en-uk_surface_candidate; sense_source=''; sense_gloss=''; gloss_definition_similarity=1.000; morphology='V6 pymorphy3 uk canonical lemma PASS after Unicode/stress normalization; tag=ADJF,compb masc,nomn; score=1.0000'; surface_mt_never_sole_pass=PASS	точний
MANUAL_EMERGENCY_WORK_20260820_FIRST_PASS_V7_round04	ox5000-07a37e93b46b0272d38d	precisely	adverb	B2	https://www.oxfordlearnersdictionaries.com/us/definition/english/precisely	MANUAL_EMERGENCY_WORK V7 exact Oxford identity; source_index=3999; definition_path=/us/definition/english/precisely; exact_definition='accurately; carefully'; selected_candidate_method=Helsinki-NLP/opus-mt-en-uk_surface_candidate; sense_source=''; sense_gloss=''; gloss_definition_similarity=1.000; morphology='V6 pymorphy3 uk canonical lemma PASS after Unicode/stress normalization; tag=ADVB,compb; score=1.0000'; surface_mt_never_sole_pass=PASS	точно
MANUAL_EMERGENCY_WORK_20260820_FIRST_PASS_V7_round04	ox5000-e79d85a69185862ee9d0	precision	noun	C1	https://www.oxfordlearnersdictionaries.com/us/definition/english/precision	MANUAL_EMERGENCY_WORK V7 exact Oxford identity; source_index=4000; definition_path=/us/definition/english/precision; exact_definition='the quality of being exact, accurate and careful'; selected_candidate_method=Helsinki-NLP/opus-mt-en-uk_surface_candidate; sense_source=''; sense_gloss=''; gloss_definition_similarity=1.000; morphology='V6 pymorphy3 uk canonical lemma PASS after Unicode/stress normalization; tag=NOUN,inan femn,nomn; score=1.0000'; surface_mt_never_sole_pass=PASS	точність
MANUAL_EMERGENCY_WORK_20260820_FIRST_PASS_V7_round04	ox5000-0c69381b3616424379da	predator	noun	C1	https://www.oxfordlearnersdictionaries.com/us/definition/english/predator	MANUAL_EMERGENCY_WORK V7 exact Oxford identity; source_index=4001; definition_path=/us/definition/english/predator; exact_definition='an animal that kills and eats other animals'; selected_candidate_method=en_wiktionary_sense_bound_uk_translation; sense_source='English Wiktionary'; sense_gloss='animal or organism that hunts'; gloss_definition_similarity=0.657; morphology='V6 pymorphy3 uk canonical lemma PASS after Unicode/stress normalization; tag=NOUN,anim masc,nomn; score=1.0000'; surface_mt_never_sole_pass=PASS	хижак
MANUAL_EMERGENCY_WORK_20260820_FIRST_PASS_V7_round04	ox5000-2dca3be5c1eb81910a5e	predecessor	noun	C1	https://www.oxfordlearnersdictionaries.com/us/definition/english/predecessor	MANUAL_EMERGENCY_WORK V7 exact Oxford identity; source_index=4002; definition_path=/us/definition/english/predecessor; exact_definition='a person who did a job before somebody else'; selected_candidate_method=Helsinki-NLP/opus-mt-en-uk_surface_candidate; sense_source=''; sense_gloss=''; gloss_definition_similarity=1.000; morphology='V6 pymorphy3 uk canonical lemma PASS after Unicode/stress normalization; tag=NOUN,inan masc; score=1.0000'; surface_mt_never_sole_pass=PASS	попередник
MANUAL_EMERGENCY_WORK_20260820_FIRST_PASS_V7_round04	ox5000-0075e875d49c550e0129	predictable	adjective	B2	https://www.oxfordlearnersdictionaries.com/us/definition/english/predictable	MANUAL_EMERGENCY_WORK V7 exact Oxford identity; source_index=4004; definition_path=/us/definition/english/predictable; exact_definition='if something is predictable , you know in advance that it will happen or what it will be like'; selected_candidate_method=en_wiktionary_sense_bound_uk_translation; sense_source='English Wiktionary'; sense_gloss='able to be predicted'; gloss_definition_similarity=0.603; morphology='V6 pymorphy3 uk canonical lemma PASS after Unicode/stress normalization; tag=ADJF,pssv,impf,compb masc,nomn; score=1.0000'; surface_mt_never_sole_pass=PASS	передбачуваний
MANUAL_EMERGENCY_WORK_20260820_FIRST_PASS_V7_round04	ox5000-8ab5d933d24fc645f982	predominantly	adverb	C1	https://www.oxfordlearnersdictionaries.com/us/definition/english/predominantly	MANUAL_EMERGENCY_WORK V7 exact Oxford identity; source_index=4006; definition_path=/us/definition/english/predominantly; exact_definition='mostly; mainly'; selected_candidate_method=en_wiktionary_sense_bound_uk_translation; sense_source='English Wiktionary'; sense_gloss='in a predominant manner'; gloss_definition_similarity=0.726; morphology='V6 pymorphy3 uk canonical lemma PASS after Unicode/stress normalization; tag=ADVB; score=1.0000'; surface_mt_never_sole_pass=PASS	переважно
MANUAL_EMERGENCY_WORK_20260820_FIRST_PASS_V7_round04	ox5000-f3c417c667c17aef688f	preference	noun	B2	https://www.oxfordlearnersdictionaries.com/us/definition/english/preference	MANUAL_EMERGENCY_WORK V7 exact Oxford identity; source_index=4008; definition_path=/us/definition/english/preference; exact_definition='a greater interest in or desire for somebody/something than somebody/something else'; selected_candidate_method=en_wiktionary_sense_bound_uk_translation; sense_source='English Wiktionary'; sense_gloss='state of being preferred'; gloss_definition_similarity=0.487; morphology='V6 pymorphy3 uk canonical lemma PASS after Unicode/stress normalization; tag=NOUN,inan femn,nomn; score=1.0000'; surface_mt_never_sole_pass=PASS	перевага
MANUAL_EMERGENCY_WORK_20260820_FIRST_PASS_V7_round04	ox5000-1d0e11bac57e7f23988b	pregnancy	noun	C1	https://www.oxfordlearnersdictionaries.com/us/definition/english/pregnancy	MANUAL_EMERGENCY_WORK V7 exact Oxford identity; source_index=4009; definition_path=/us/definition/english/pregnancy; exact_definition='the state of being pregnant'; selected_candidate_method=en_wiktionary_sense_bound_uk_translation; sense_source='English Wiktionary'; sense_gloss='9-month period of carrying offspring in the uterus'; gloss_definition_similarity=0.507; morphology='V6 pymorphy3 uk canonical lemma PASS after Unicode/stress normalization; tag=NOUN,femn,inan nomn; score=0.2500'; surface_mt_never_sole_pass=PASS	беременність
MANUAL_EMERGENCY_WORK_20260820_FIRST_PASS_V7_round04	ox5000-8ac0c5af2413dbb6d70d	prejudice	noun	C1	https://www.oxfordlearnersdictionaries.com/us/definition/english/prejudice_1	MANUAL_EMERGENCY_WORK V7 exact Oxford identity; source_index=4011; definition_path=/us/definition/english/prejudice_1; exact_definition='an unreasonable dislike of or preference for a person, group, custom, etc., especially when it is based on their race, religion, sex, etc.'; selected_candidate_method=en_wiktionary_sense_bound_uk_translation; sense_source='English Wiktionary'; sense_gloss='adverse judgement formed beforehand'; gloss_definition_similarity=0.244; morphology='V6 pymorphy3 uk canonical lemma PASS after Unicode/stress normalization; tag=NOUN,inan neut,nomn; score=1.0000'; surface_mt_never_sole_pass=PASS	упередження
MANUAL_EMERGENCY_WORK_20260820_FIRST_PASS_V7_round04	ox5000-3db493fbc047bbb130b0	preliminary	adjective	C1	https://www.oxfordlearnersdictionaries.com/us/definition/english/preliminary_1	MANUAL_EMERGENCY_WORK V7 exact Oxford identity; source_index=4012; definition_path=/us/definition/english/preliminary_1; exact_definition='happening before a more important action or event'; selected_candidate_method=Helsinki-NLP/opus-mt-en-uk_surface_candidate; sense_source=''; sense_gloss=''; gloss_definition_similarity=1.000; morphology='V6 pymorphy3 uk canonical lemma PASS after Unicode/stress normalization; tag=ADJF masc,nomn; score=1.0000'; surface_mt_never_sole_pass=PASS	попередній
MANUAL_EMERGENCY_WORK_20260820_FIRST_PASS_V7_round04	ox5000-0d4c9a47753a14c4905c	premier	adjective	C1	https://www.oxfordlearnersdictionaries.com/us/definition/english/premier_1	MANUAL_EMERGENCY_WORK V7 exact Oxford identity; source_index=4013; definition_path=/us/definition/english/premier_1; exact_definition='most important, famous or successful'; selected_candidate_method=Helsinki-NLP/opus-mt-en-uk_surface_candidate; sense_source=''; sense_gloss=''; gloss_definition_similarity=1.000; morphology='V6 no Ukrainian lexical token after Unicode/stress normalization'; surface_mt_never_sole_pass=PASS	premier
MANUAL_EMERGENCY_WORK_20260820_FIRST_PASS_V7_round04	ox5000-16a18c346465b0809338	premise	noun	C1	https://www.oxfordlearnersdictionaries.com/us/definition/english/premise	MANUAL_EMERGENCY_WORK V7 exact Oxford identity; source_index=4014; definition_path=/us/definition/english/premise; exact_definition='a statement or an idea that forms the basis for a reasonable line of argument'; selected_candidate_method=en_wiktionary_sense_bound_uk_translation; sense_source='English Wiktionary'; sense_gloss='piece of real estate'; gloss_definition_similarity=0.200; morphology='V6 pymorphy3 uk canonical lemma PASS after Unicode/stress normalization; tag=NOUN,inan neut,nomn; score=1.0000'; surface_mt_never_sole_pass=PASS	приміщення
MANUAL_EMERGENCY_WORK_20260820_FIRST_PASS_V7_round04	ox5000-dd232a1e434e044d510f	premium	noun	C1	https://www.oxfordlearnersdictionaries.com/us/definition/english/premium_1	MANUAL_EMERGENCY_WORK V7 exact Oxford identity; source_index=4015; definition_path=/us/definition/english/premium_1; exact_definition='an amount of money that you pay once or regularly for an insurance policy'; selected_candidate_method=Helsinki-NLP/opus-mt-en-uk_surface_candidate; sense_source=''; sense_gloss=''; gloss_definition_similarity=1.000; morphology='V6 pymorphy3 uk canonical lemma PASS after Unicode/stress normalization; tag=NOUN,inan masc,nomn; score=1.0000'; surface_mt_never_sole_pass=PASS	внесок
MANUAL_EMERGENCY_WORK_20260820_FIRST_PASS_V7_round04	ox5000-d056bc62812b9372974f	prescribe	verb	C1	https://www.oxfordlearnersdictionaries.com/us/definition/english/prescribe	MANUAL_EMERGENCY_WORK V7 exact Oxford identity; source_index=4019; definition_path=/us/definition/english/prescribe; exact_definition='to tell somebody to take a particular medicine or have a particular treatment; to write a prescription for a particular medicine, etc.'; selected_candidate_method=en_wiktionary_sense_bound_uk_translation; sense_source='English Wiktionary'; sense_gloss='to order a drug or medical device'; gloss_definition_similarity=0.575; morphology='V6 pymorphy3 uk canonical lemma PASS after Unicode/stress normalization; tag=VERB,impf infn; score=1.0000'; surface_mt_never_sole_pass=PASS	призначати
MANUAL_EMERGENCY_WORK_20260820_FIRST_PASS_V7_round04	ox5000-348b91b4e7de9e998ca1	prescription	noun	C1	https://www.oxfordlearnersdictionaries.com/us/definition/english/prescription	"MANUAL_EMERGENCY_WORK V7 exact Oxford identity; source_index=4020; definition_path=/us/definition/english/prescription; exact_definition=""an official piece of paper on which a doctor writes the type of medicine you should have, and which enables you to get it from a chemist's""; selected_candidate_method=en_wiktionary_sense_bound_uk_translation; sense_source='English Wiktionary'; sense_gloss='written order for the administration of a medicine'; gloss_definition_similarity=0.682; morphology='V6 pymorphy3 uk canonical lemma PASS after Unicode/stress normalization; tag=NOUN,inan masc,nomn; score=1.0000'; surface_mt_never_sole_pass=PASS"	рецепт
MANUAL_EMERGENCY_WORK_20260820_FIRST_PASS_V7_round04	ox5000-3b9665fac679b54735b9	presently	adverb	C1	https://www.oxfordlearnersdictionaries.com/us/definition/english/presently	"MANUAL_EMERGENCY_WORK V7 exact Oxford identity; source_index=4026; definition_path=/us/definition/english/presently; exact_definition='at the time you are speaking or writing; now'; selected_candidate_method=Helsinki-NLP/opus-mt-en-uk_surface_candidate; sense_source=''; sense_gloss=''; gloss_definition_similarity=1.000; morphology=""V6 pymorphy3 uk has no requested-POS parse for 'поточний'""; surface_mt_never_sole_pass=PASS"	поточний
MANUAL_EMERGENCY_WORK_20260820_FIRST_PASS_V7_round04	ox5000-4a1e89ce5360f3ea74a0	preservation	noun	C1	https://www.oxfordlearnersdictionaries.com/us/definition/english/preservation	MANUAL_EMERGENCY_WORK V7 exact Oxford identity; source_index=4027; definition_path=/us/definition/english/preservation; exact_definition='the act of keeping something in its original state or in good condition'; selected_candidate_method=Helsinki-NLP/opus-mt-en-uk_surface_candidate; sense_source=''; sense_gloss=''; gloss_definition_similarity=1.000; morphology='V6 pymorphy3 uk canonical lemma PASS after Unicode/stress normalization; tag=NOUN,inan neut,nomn; score=1.0000'; surface_mt_never_sole_pass=PASS	збереження
MANUAL_EMERGENCY_WORK_20260820_FIRST_PASS_V7_round04	ox5000-15097a8cdb577f28ab80	preside	verb	C1	https://www.oxfordlearnersdictionaries.com/us/definition/english/preside	MANUAL_EMERGENCY_WORK V7 exact Oxford identity; source_index=4029; definition_path=/us/definition/english/preside; exact_definition='to lead or be in charge of a meeting, ceremony, etc.'; selected_candidate_method=en_wiktionary_sense_bound_uk_translation; sense_source='English Wiktionary'; sense_gloss='to act as a president or chairperson'; gloss_definition_similarity=0.767; morphology='V6 pymorphy3 uk canonical lemma PASS after Unicode/stress normalization; tag=VERB,impf infn; score=1.0000'; surface_mt_never_sole_pass=PASS	головувати
MANUAL_EMERGENCY_WORK_20260820_FIRST_PASS_V7_round04	ox5000-626708635e9ca62f55fd	presidency	noun	C1	https://www.oxfordlearnersdictionaries.com/us/definition/english/presidency	MANUAL_EMERGENCY_WORK V7 exact Oxford identity; source_index=4030; definition_path=/us/definition/english/presidency; exact_definition='the job of being president of a country or an organization; the period of time somebody holds this job'; selected_candidate_method=en_wiktionary_sense_bound_uk_translation; sense_source='English Wiktionary'; sense_gloss='office or role of president'; gloss_definition_similarity=0.751; morphology='V6 pymorphy3 uk canonical lemma PASS after Unicode/stress normalization; tag=NOUN,neut,inan nomn; score=1.0000'; surface_mt_never_sole_pass=PASS	президентство
MANUAL_EMERGENCY_WORK_20260820_FIRST_PASS_V7_round04	ox5000-304888d5b3b34cdf8f1a	presidential	adjective	C1	https://www.oxfordlearnersdictionaries.com/us/definition/english/presidential	MANUAL_EMERGENCY_WORK V7 exact Oxford identity; source_index=4032; definition_path=/us/definition/english/presidential; exact_definition='connected with the position or activities of a president'; selected_candidate_method=en_wiktionary_sense_bound_uk_translation; sense_source='English Wiktionary'; sense_gloss='pertaining to a president or presidency'; gloss_definition_similarity=0.815; morphology='V6 pymorphy3 uk canonical lemma PASS after Unicode/stress normalization; tag=ADJF masc,nomn; score=1.0000'; surface_mt_never_sole_pass=PASS	президентський
MANUAL_EMERGENCY_WORK_20260820_FIRST_PASS_V7_round04	ox5000-b149024523e283a89471	prestigious	adjective	C1	https://www.oxfordlearnersdictionaries.com/us/definition/english/prestigious	MANUAL_EMERGENCY_WORK V7 exact Oxford identity; source_index=4036; definition_path=/us/definition/english/prestigious; exact_definition='respected and admired as very important or of very high quality'; selected_candidate_method=en_wiktionary_sense_bound_uk_translation; sense_source='English Wiktionary'; sense_gloss='of high prestige'; gloss_definition_similarity=0.662; morphology='V6 pymorphy3 uk canonical lemma PASS after Unicode/stress normalization; tag=ADJF,compb masc,nomn; score=1.0000'; surface_mt_never_sole_pass=PASS	престижний
MANUAL_EMERGENCY_WORK_20260820_FIRST_PASS_V7_round04	ox5000-abfa3a9d7dde6c0b639b	presumably	adverb	C1	https://www.oxfordlearnersdictionaries.com/us/definition/english/presumably	MANUAL_EMERGENCY_WORK V7 exact Oxford identity; source_index=4037; definition_path=/us/definition/english/presumably; exact_definition='used to say that you think that something is probably true'; selected_candidate_method=Helsinki-NLP/opus-mt-en-uk_surface_candidate; sense_source=''; sense_gloss=''; gloss_definition_similarity=1.000; morphology='V6 pymorphy3 uk canonical lemma PASS after Unicode/stress normalization; tag=ADVB,compb; score=1.0000'; surface_mt_never_sole_pass=PASS	ймовірно
MANUAL_EMERGENCY_WORK_20260820_FIRST_PASS_V7_round04	ox5000-0de61af433bd2562aabd	presume	verb	C1	https://www.oxfordlearnersdictionaries.com/us/definition/english/presume	MANUAL_EMERGENCY_WORK V7 exact Oxford identity; source_index=4038; definition_path=/us/definition/english/presume; exact_definition='to suppose that something is true, although you do not have actual proof'; selected_candidate_method=en_wiktionary_sense_bound_uk_translation; sense_source='English Wiktionary'; sense_gloss='to assume to be true, suppose'; gloss_definition_similarity=0.708; morphology='V6 pymorphy3 uk canonical lemma PASS after Unicode/stress normalization; tag=VERB,impf infn; score=1.0000'; surface_mt_never_sole_pass=PASS	припускати
MANUAL_EMERGENCY_WORK_20260820_FIRST_PASS_V7_round04	ox5000-fb17dd90d15283541768	prevail	verb	C1	https://www.oxfordlearnersdictionaries.com/us/definition/english/prevail	MANUAL_EMERGENCY_WORK V7 exact Oxford identity; source_index=4042; definition_path=/us/definition/english/prevail; exact_definition='to exist or be very common at a particular time or in a particular place'; selected_candidate_method=Helsinki-NLP/opus-mt-en-uk_surface_candidate; sense_source=''; sense_gloss=''; gloss_definition_similarity=1.000; morphology='V6 no Ukrainian lexical token after Unicode/stress normalization'; surface_mt_never_sole_pass=PASS	ribility
MANUAL_EMERGENCY_WORK_20260820_FIRST_PASS_V7_round04	ox5000-720fe693d139db569134	prevalence	noun	C1	https://www.oxfordlearnersdictionaries.com/us/definition/english/prevalence	MANUAL_EMERGENCY_WORK V7 exact Oxford identity; source_index=4043; definition_path=/us/definition/english/prevalence; exact_definition='the fact of existing or being very common at a particular time or in a particular place'; selected_candidate_method=en_wiktionary_sense_bound_uk_translation; sense_source='English Wiktionary'; sense_gloss='number of cases compared to a total population'; gloss_definition_similarity=0.291; morphology='V6 pymorphy3 uk canonical lemma PASS after Unicode/stress normalization; tag=NOUN,inan femn,nomn; score=1.0000'; surface_mt_never_sole_pass=PASS	поширеність
MANUAL_EMERGENCY_WORK_20260820_FIRST_PASS_V7_round04	ox5000-83688944d1f5d4e61640	prevention	noun	C1	https://www.oxfordlearnersdictionaries.com/us/definition/english/prevention	MANUAL_EMERGENCY_WORK V7 exact Oxford identity; source_index=4045; definition_path=/us/definition/english/prevention; exact_definition='the act of stopping something bad from happening'; selected_candidate_method=en_wiktionary_sense_bound_uk_translation; sense_source='English Wiktionary'; sense_gloss='The act of preventing or hindering'; gloss_definition_similarity=0.766; morphology='V6 pymorphy3 uk canonical lemma PASS after Unicode/stress normalization; tag=NOUN,inan neut,nomn; score=1.0000'; surface_mt_never_sole_pass=PASS	попередження
MANUAL_EMERGENCY_WORK_20260820_FIRST_PASS_V7_round04	ox5000-770257e1113a4e67d77a	prey	noun	C1	https://www.oxfordlearnersdictionaries.com/us/definition/english/prey_1	MANUAL_EMERGENCY_WORK V7 exact Oxford identity; source_index=4048; definition_path=/us/definition/english/prey_1; exact_definition='an animal, a bird, etc. that is hunted, killed and eaten by another'; selected_candidate_method=en_wiktionary_sense_bound_uk_translation; sense_source='English Wiktionary'; sense_gloss='that which may be seized by animals'; gloss_definition_similarity=0.693; morphology='V6 pymorphy3 uk canonical lemma PASS after Unicode/stress normalization; tag=NOUN,femn,inan nomn; score=1.0000'; surface_mt_never_sole_pass=PASS	здобич
MANUAL_EMERGENCY_WORK_20260820_FIRST_PASS_V7_round04	ox5000-30d651fc921ad00b63ae	pride	noun	B2	https://www.oxfordlearnersdictionaries.com/us/definition/english/pride_1	"MANUAL_EMERGENCY_WORK V7 exact Oxford identity; source_index=4051; definition_path=/us/definition/english/pride_1; exact_definition='a feeling of being pleased or satisfied that you get when you or people who are connected with you have done something well or own something that other people admire'; selected_candidate_method=en_wiktionary_sense_bound_uk_translation; sense_source='English Wiktionary'; sense_gloss='take or experience pride in something'; gloss_definition_similarity=0.656; morphology=""V6 pymorphy3 uk has no requested-POS parse for 'гордитися'""; surface_mt_never_sole_pass=PASS"	гордитися
MANUAL_EMERGENCY_WORK_20260820_FIRST_PASS_V7_round04	ox5000-c89fe72ec539245bc6d4	primarily	adverb	B2	https://www.oxfordlearnersdictionaries.com/us/definition/english/primarily	MANUAL_EMERGENCY_WORK V7 exact Oxford identity; source_index=4053; definition_path=/us/definition/english/primarily; exact_definition=''; selected_candidate_method=en_wiktionary_sense_bound_uk_translation; sense_source='English Wiktionary'; sense_gloss='of a primary or central nature'; gloss_definition_similarity=0.339; morphology='V6 pymorphy3 uk canonical lemma PASS after Unicode/stress normalization; tag=ADVB; score=1.0000'; surface_mt_never_sole_pass=PASS	головно
MANUAL_EMERGENCY_WORK_20260820_FIRST_PASS_V7_round04	ox5000-ad4ef8e9f1d30f7387b6	principal	noun	C1	https://www.oxfordlearnersdictionaries.com/us/definition/english/principal_2	MANUAL_EMERGENCY_WORK V7 exact Oxford identity; source_index=4059; definition_path=/us/definition/english/principal_2; exact_definition='the person who is in charge of a college or (in Scotland and Canada) a university'; selected_candidate_method=en_wiktionary_sense_bound_uk_translation; sense_source='English Wiktionary'; sense_gloss='chief executive and chief academic officer of a university or college'; gloss_definition_similarity=0.709; morphology='V6 pymorphy3 uk canonical lemma PASS after Unicode/stress normalization; tag=NOUN,anim masc,nomn; score=1.0000'; surface_mt_never_sole_pass=PASS	ректор
MANUAL_EMERGENCY_WORK_20260820_FIRST_PASS_V7_round04	ox5000-68462507f2904d5c48d2	prior	adjective	B2	https://www.oxfordlearnersdictionaries.com/us/definition/english/prior_1	MANUAL_EMERGENCY_WORK V7 exact Oxford identity; source_index=4065; definition_path=/us/definition/english/prior_1; exact_definition='happening or existing before something else or before a particular time'; selected_candidate_method=Helsinki-NLP/opus-mt-en-uk_surface_candidate; sense_source=''; sense_gloss=''; gloss_definition_similarity=1.000; morphology='V6 pymorphy3 uk canonical lemma PASS after Unicode/stress normalization; tag=ADJF masc,nomn; score=1.0000'; surface_mt_never_sole_pass=PASS	раніший
MANUAL_EMERGENCY_WORK_20260820_FIRST_PASS_V7_round04	ox5000-735d2fc0c5365227caa0	privatization	noun	C1	https://www.oxfordlearnersdictionaries.com/us/definition/english/privatization	MANUAL_EMERGENCY_WORK V7 exact Oxford identity; source_index=4071; definition_path=/us/definition/english/privatization; exact_definition='the act of selling a business or an industry so that it is no longer owned by the government'; selected_candidate_method=en_wiktionary_sense_bound_uk_translation; sense_source='English Wiktionary'; sense_gloss='transfer from the government to private ownership'; gloss_definition_similarity=0.574; morphology='V6 pymorphy3 uk canonical lemma PASS after Unicode/stress normalization; tag=NOUN,inan femn,nomn; score=1.0000'; surface_mt_never_sole_pass=PASS	приватизація
MANUAL_EMERGENCY_WORK_20260820_FIRST_PASS_V7_round04	ox5000-206be67da166f791b624	privilege	noun	C1	https://www.oxfordlearnersdictionaries.com/us/definition/english/privilege_1	MANUAL_EMERGENCY_WORK V7 exact Oxford identity; source_index=4072; definition_path=/us/definition/english/privilege_1; exact_definition='a special right or advantage that a particular person or group of people has'; selected_candidate_method=Helsinki-NLP/opus-mt-en-uk_surface_candidate; sense_source=''; sense_gloss=''; gloss_definition_similarity=1.000; morphology='V6 pymorphy3 uk canonical lemma PASS after Unicode/stress normalization; tag=NOUN,Name,anim femn,nomn; score=0.5000'; surface_mt_never_sole_pass=PASS	привілея
MANUAL_EMERGENCY_WORK_20260820_FIRST_PASS_V7_round04	ox5000-3f480e4f3cad8f3e7633	probability	noun	B2	https://www.oxfordlearnersdictionaries.com/us/definition/english/probability	MANUAL_EMERGENCY_WORK V7 exact Oxford identity; source_index=4074; definition_path=/us/definition/english/probability; exact_definition='how likely something is to happen'; selected_candidate_method=en_wiktionary_sense_bound_uk_translation; sense_source='English Wiktionary'; sense_gloss='relative likelihood of an event happening'; gloss_definition_similarity=0.838; morphology='V6 pymorphy3 uk canonical lemma PASS after Unicode/stress normalization; tag=NOUN,inan femn,nomn; score=1.0000'; surface_mt_never_sole_pass=PASS	імовірність
MANUAL_EMERGENCY_WORK_20260820_FIRST_PASS_V7_round04	ox5000-61a7b9ce4472358ebc62	probable	adjective	B2	https://www.oxfordlearnersdictionaries.com/us/definition/english/probable_1	MANUAL_EMERGENCY_WORK V7 exact Oxford identity; source_index=4075; definition_path=/us/definition/english/probable_1; exact_definition='likely to happen, to exist or to be true'; selected_candidate_method=en_wiktionary_sense_bound_uk_translation; sense_source='English Wiktionary'; sense_gloss='likely to happen'; gloss_definition_similarity=0.784; morphology='V6 pymorphy3 uk canonical lemma PASS after Unicode/stress normalization; tag=ADJF,compb masc,nomn; score=1.0000'; surface_mt_never_sole_pass=PASS	ймовірний
MANUAL_EMERGENCY_WORK_20260820_FIRST_PASS_V7_round04	ox5000-28bb6a0bf28e3e32fc63	probe	noun	C1	https://www.oxfordlearnersdictionaries.com/us/definition/english/probe_1	MANUAL_EMERGENCY_WORK V7 exact Oxford identity; source_index=4077; definition_path=/us/definition/english/probe_1; exact_definition='a complete and careful investigation of something'; selected_candidate_method=Helsinki-NLP/opus-mt-en-uk_surface_candidate; sense_source=''; sense_gloss=''; gloss_definition_similarity=1.000; morphology='V6 pymorphy3 uk canonical lemma PASS after Unicode/stress normalization; tag=NOUN,inan masc,nomn; score=1.0000'; surface_mt_never_sole_pass=PASS	зонд
MANUAL_EMERGENCY_WORK_20260820_FIRST_PASS_V7_round04	ox5000-4aeb7f96a546ae5c38dc	probe	verb	C1	https://www.oxfordlearnersdictionaries.com/us/definition/english/probe_2	"MANUAL_EMERGENCY_WORK V7 exact Oxford identity; source_index=4078; definition_path=/us/definition/english/probe_2; exact_definition='to ask questions in order to find out secret or hidden information about somebody/something'; selected_candidate_method=Helsinki-NLP/opus-mt-en-uk_surface_candidate; sense_source=''; sense_gloss=''; gloss_definition_similarity=1.000; morphology=""V6 pymorphy3 uk has no requested-POS parse for 'зонд'""; surface_mt_never_sole_pass=PASS"	зонд
MANUAL_EMERGENCY_WORK_20260820_FIRST_PASS_V7_round04	ox5000-48325aefe1723d71cdea	problematic	adjective	C1	https://www.oxfordlearnersdictionaries.com/us/definition/english/problematic	"MANUAL_EMERGENCY_WORK V7 exact Oxford identity; source_index=4080; definition_path=/us/definition/english/problematic; exact_definition='difficult to deal with or to understand; full of problems; not certain to be successful'; selected_candidate_method=Helsinki-NLP/opus-mt-en-uk_surface_candidate; sense_source=''; sense_gloss=''; gloss_definition_similarity=1.000; morphology=""V6 pymorphy3 uk has no requested-POS parse for 'проблематично'""; surface_mt_never_sole_pass=PASS"	проблематично
MANUAL_EMERGENCY_WORK_20260820_FIRST_PASS_V7_round04	ox5000-e849cd2876d9a4e77753	proceed	verb	B2	https://www.oxfordlearnersdictionaries.com/us/definition/english/proceed	MANUAL_EMERGENCY_WORK V7 exact Oxford identity; source_index=4082; definition_path=/us/definition/english/proceed; exact_definition='to continue doing something that has already been started; to continue being done'; selected_candidate_method=en_wiktionary_sense_bound_uk_translation; sense_source='English Wiktionary'; sense_gloss='go ahead'; gloss_definition_similarity=0.511; morphology='V6 pymorphy3 uk canonical lemma PASS after Unicode/stress normalization; tag=VERB,impf infn; score=1.0000'; surface_mt_never_sole_pass=PASS	продовжувати
MANUAL_EMERGENCY_WORK_20260820_FIRST_PASS_V7_round04	ox5000-ebeab91aea8d3bf23114	proceeding	noun	C1	https://www.oxfordlearnersdictionaries.com/us/definition/english/proceeding	"MANUAL_EMERGENCY_WORK V7 exact Oxford identity; source_index=4083; definition_path=/us/definition/english/proceeding; exact_definition='the process of using a court to settle an argument or to deal with a complaint'; selected_candidate_method=Helsinki-NLP/opus-mt-en-uk_surface_candidate; sense_source=''; sense_gloss=''; gloss_definition_similarity=1.000; morphology=""V6 pymorphy3 uk has no requested-POS parse for 'Продовжити'""; surface_mt_never_sole_pass=PASS"	Продовжити
MANUAL_EMERGENCY_WORK_20260820_FIRST_PASS_V7_round04	ox5000-90f8226b2495c8b502e3	proceeds	noun	C1	https://www.oxfordlearnersdictionaries.com/us/definition/english/proceeds	MANUAL_EMERGENCY_WORK V7 exact Oxford identity; source_index=4084; definition_path=/us/definition/english/proceeds; exact_definition='the money that you receive when you sell something or organize a performance, etc.; profits'; selected_candidate_method=Helsinki-NLP/opus-mt-en-uk_surface_candidate; sense_source=''; sense_gloss=''; gloss_definition_similarity=1.000; morphology='V6 no Ukrainian lexical token after Unicode/stress normalization'; surface_mt_never_sole_pass=PASS	return
MANUAL_EMERGENCY_WORK_20260820_FIRST_PASS_V7_round04	ox5000-df0312b92094c5740bdb	processing	noun	C1	https://www.oxfordlearnersdictionaries.com/us/definition/english/processing	MANUAL_EMERGENCY_WORK V7 exact Oxford identity; source_index=4087; definition_path=/us/definition/english/processing; exact_definition='the treatment of raw material, food, etc. in order to change it, preserve it, etc.'; selected_candidate_method=Helsinki-NLP/opus-mt-en-uk_surface_candidate; sense_source=''; sense_gloss=''; gloss_definition_similarity=1.000; morphology='V6 pymorphy3 uk canonical lemma PASS after Unicode/stress normalization; tag=NOUN,inan femn,nomn; score=1.0000'; surface_mt_never_sole_pass=PASS	обробка
MANUAL_EMERGENCY_WORK_20260820_FIRST_PASS_V7_round04	ox5000-1f2f56a3e0a76bb3e5e5	processor	noun	C1	https://www.oxfordlearnersdictionaries.com/us/definition/english/processor	MANUAL_EMERGENCY_WORK V7 exact Oxford identity; source_index=4088; definition_path=/us/definition/english/processor; exact_definition='a machine, person or company that processes things'; selected_candidate_method=en_wiktionary_sense_bound_uk_translation; sense_source='English Wiktionary'; sense_gloss='microprocessor'; gloss_definition_similarity=0.356; morphology='V6 pymorphy3 uk canonical lemma PASS after Unicode/stress normalization; tag=NOUN,inan masc,nomn; score=1.0000'; surface_mt_never_sole_pass=PASS	процесор
MANUAL_EMERGENCY_WORK_20260820_FIRST_PASS_V7_round04	ox5000-6fa116eb25ddd97065e1	proclaim	verb	C1	https://www.oxfordlearnersdictionaries.com/us/definition/english/proclaim	MANUAL_EMERGENCY_WORK V7 exact Oxford identity; source_index=4089; definition_path=/us/definition/english/proclaim; exact_definition='to publicly and officially tell people about something important'; selected_candidate_method=en_wiktionary_sense_bound_uk_translation; sense_source='English Wiktionary'; sense_gloss='to announce or declare'; gloss_definition_similarity=0.577; morphology='V6 pymorphy3 uk canonical lemma PASS after Unicode/stress normalization; tag=VERB,impf infn; score=1.0000'; surface_mt_never_sole_pass=PASS	прокламувати
MANUAL_EMERGENCY_WORK_20260820_FIRST_PASS_V7_round04	ox5000-0a3631a760b0c96b1aff	productive	adjective	C1	https://www.oxfordlearnersdictionaries.com/us/definition/english/productive	MANUAL_EMERGENCY_WORK V7 exact Oxford identity; source_index=4095; definition_path=/us/definition/english/productive; exact_definition='making goods or growing crops, especially in large quantities'; selected_candidate_method=en_wiktionary_sense_bound_uk_translation; sense_source='English Wiktionary'; sense_gloss='yielding good or useful results; constructive'; gloss_definition_similarity=0.286; morphology='V6 pymorphy3 uk canonical lemma PASS after Unicode/stress normalization; tag=ADJF,compb masc,nomn; score=1.0000'; surface_mt_never_sole_pass=PASS	продуктивний
MANUAL_EMERGENCY_WORK_20260820_FIRST_PASS_V7_round04	ox5000-8ae55da584a524fb2e44	productivity	noun	C1	https://www.oxfordlearnersdictionaries.com/us/definition/english/productivity	MANUAL_EMERGENCY_WORK V7 exact Oxford identity; source_index=4096; definition_path=/us/definition/english/productivity; exact_definition='the rate at which a worker, a company or a country produces goods, and the amount produced, compared with how much time, work and money is needed to produce them'; selected_candidate_method=Helsinki-NLP/opus-mt-en-uk_surface_candidate; sense_source=''; sense_gloss=''; gloss_definition_similarity=1.000; morphology='V6 pymorphy3 uk canonical lemma PASS after Unicode/stress normalization; tag=NOUN,inan femn,nomn; score=1.0000'; surface_mt_never_sole_pass=PASS	продуктивність
MANUAL_EMERGENCY_WORK_20260820_FIRST_PASS_V7_round04	ox5000-41fbf08475112e172260	profitable	adjective	C1	https://www.oxfordlearnersdictionaries.com/us/definition/english/profitable	MANUAL_EMERGENCY_WORK V7 exact Oxford identity; source_index=4103; definition_path=/us/definition/english/profitable; exact_definition='that makes or is likely to make money'; selected_candidate_method=Helsinki-NLP/opus-mt-en-uk_surface_candidate; sense_source=''; sense_gloss=''; gloss_definition_similarity=1.000; morphology='V6 pymorphy3 uk canonical lemma PASS after Unicode/stress normalization; tag=ADJF,compb masc,nomn; score=1.0000'; surface_mt_never_sole_pass=PASS	прибутковий
MANUAL_EMERGENCY_WORK_20260820_FIRST_PASS_V7_round04	ox5000-9bfc0299d5cbf77457ab	profound	adjective	C1	https://www.oxfordlearnersdictionaries.com/us/definition/english/profound	MANUAL_EMERGENCY_WORK V7 exact Oxford identity; source_index=4104; definition_path=/us/definition/english/profound; exact_definition='very great; felt or experienced very strongly'; selected_candidate_method=en_wiktionary_sense_bound_uk_translation; sense_source='English Wiktionary'; sense_gloss='intellectually deep'; gloss_definition_similarity=0.329; morphology='V6 pymorphy3 uk canonical lemma PASS after Unicode/stress normalization; tag=ADJF,compb masc,nomn; score=1.0000'; surface_mt_never_sole_pass=PASS	глибокий
MANUAL_EMERGENCY_WORK_20260820_FIRST_PASS_V7_round04	ox5000-e7a611cfa41abec93a0e	programming	noun	B2	https://www.oxfordlearnersdictionaries.com/us/definition/english/programming	MANUAL_EMERGENCY_WORK V7 exact Oxford identity; source_index=4108; definition_path=/us/definition/english/programming; exact_definition='the process of writing and testing computer programs'; selected_candidate_method=en_wiktionary_sense_bound_uk_translation; sense_source='English Wiktionary'; sense_gloss='act of writing a computer program'; gloss_definition_similarity=0.784; morphology='V6 pymorphy3 uk canonical lemma PASS after Unicode/stress normalization; tag=NOUN,inan neut,nomn; score=1.0000'; surface_mt_never_sole_pass=PASS	програмування
MANUAL_EMERGENCY_WORK_20260820_FIRST_PASS_V7_round04	ox5000-a966e7e88a6fd2370e2e	progressive	adjective	B2	https://www.oxfordlearnersdictionaries.com/us/definition/english/progressive_1	MANUAL_EMERGENCY_WORK V7 exact Oxford identity; source_index=4111; definition_path=/us/definition/english/progressive_1; exact_definition='in favour of new ideas, modern methods and change'; selected_candidate_method=Helsinki-NLP/opus-mt-en-uk_surface_candidate; sense_source=''; sense_gloss=''; gloss_definition_similarity=1.000; morphology='V6 pymorphy3 uk canonical lemma PASS after Unicode/stress normalization; tag=ADJF,compb masc,nomn; score=1.0000'; surface_mt_never_sole_pass=PASS	прогресивний
MANUAL_EMERGENCY_WORK_20260820_FIRST_PASS_V7_round04	ox5000-87f79a47a3d406def88a	prohibit	verb	B2	https://www.oxfordlearnersdictionaries.com/us/definition/english/prohibit	MANUAL_EMERGENCY_WORK V7 exact Oxford identity; source_index=4112; definition_path=/us/definition/english/prohibit; exact_definition='to stop something from being done or used especially by law'; selected_candidate_method=en_wiktionary_sense_bound_uk_translation; sense_source='English Wiktionary'; sense_gloss='to proscribe officially'; gloss_definition_similarity=0.258; morphology='V6 pymorphy3 uk canonical lemma PASS after Unicode/stress normalization; tag=VERB,impf infn; score=1.0000'; surface_mt_never_sole_pass=PASS	забороняти
MANUAL_EMERGENCY_WORK_20260820_FIRST_PASS_V7_round04	ox5000-e20bbb038fe79f4c477d	projection	noun	C1	https://www.oxfordlearnersdictionaries.com/us/definition/english/projection	MANUAL_EMERGENCY_WORK V7 exact Oxford identity; source_index=4115; definition_path=/us/definition/english/projection; exact_definition='an estimate or a statement of what figures, amounts, or events will be in the future, or what they were in the past, based on what is happening now'; selected_candidate_method=en_wiktionary_sense_bound_uk_translation; sense_source='English Wiktionary'; sense_gloss='forecast or prognosis obtained by extrapolation'; gloss_definition_similarity=0.546; morphology='V6 pymorphy3 uk canonical lemma PASS after Unicode/stress normalization; tag=NOUN,inan masc,nomn; score=1.0000'; surface_mt_never_sole_pass=PASS	прогноз
MANUAL_EMERGENCY_WORK_20260820_FIRST_PASS_V7_round04	ox5000-b1d82ddeb70360d85d9e	prominent	adjective	C1	https://www.oxfordlearnersdictionaries.com/us/definition/english/prominent	MANUAL_EMERGENCY_WORK V7 exact Oxford identity; source_index=4116; definition_path=/us/definition/english/prominent; exact_definition='important or well known'; selected_candidate_method=en_wiktionary_sense_bound_uk_translation; sense_source='English Wiktionary'; sense_gloss='eminent, distinguished above others'; gloss_definition_similarity=0.641; morphology='V6 pymorphy3 uk canonical lemma PASS after Unicode/stress normalization; tag=ADJF,compb masc,nomn; score=1.0000'; surface_mt_never_sole_pass=PASS	видатний
MANUAL_EMERGENCY_WORK_20260820_FIRST_PASS_V7_round04	ox5000-55777456e6ec76d23cd7	promising	adjective	B2	https://www.oxfordlearnersdictionaries.com/us/definition/english/promising	MANUAL_EMERGENCY_WORK V7 exact Oxford identity; source_index=4119; definition_path=/us/definition/english/promising; exact_definition='showing signs of being good or successful'; selected_candidate_method=en_wiktionary_sense_bound_uk_translation; sense_source='English Wiktionary'; sense_gloss='showing promise, and likely to develop in a desirable fashion'; gloss_definition_similarity=0.594; morphology='V6 pymorphy3 uk canonical lemma PASS after Unicode/stress normalization; tag=ADJF,compb masc,nomn; score=1.0000'; surface_mt_never_sole_pass=PASS	перспективний
MANUAL_EMERGENCY_WORK_20260820_FIRST_PASS_V7_round04	ox5000-05e4562c21dd147b7fd0	promotion	noun	B2	https://www.oxfordlearnersdictionaries.com/us/definition/english/promotion	MANUAL_EMERGENCY_WORK V7 exact Oxford identity; source_index=4121; definition_path=/us/definition/english/promotion; exact_definition='a move to a more important job or rank in a company or an organization'; selected_candidate_method=en_wiktionary_sense_bound_uk_translation; sense_source='English Wiktionary'; sense_gloss='advancement in position'; gloss_definition_similarity=0.498; morphology='V6 pymorphy3 uk canonical lemma PASS after Unicode/stress normalization; tag=NOUN,inan neut,nomn; score=1.0000'; surface_mt_never_sole_pass=PASS	підвищення
MANUAL_EMERGENCY_WORK_20260820_FIRST_PASS_V7_round04	ox5000-a0d10e0fce2fb8012e7e	prompt	verb	B2	https://www.oxfordlearnersdictionaries.com/us/definition/english/prompt_1	MANUAL_EMERGENCY_WORK V7 exact Oxford identity; source_index=4122; definition_path=/us/definition/english/prompt_1; exact_definition='to make somebody decide to do something; to cause something to happen'; selected_candidate_method=en_wiktionary_sense_bound_uk_translation; sense_source='English Wiktionary'; sense_gloss='to show or tell an actor/person the words they should be saying, or actions they should be doing'; gloss_definition_similarity=0.515; morphology='V6 pymorphy3 uk canonical lemma PASS after Unicode/stress normalization; tag=VERB,perf infn; score=1.0000'; surface_mt_never_sole_pass=PASS	підказати
MANUAL_EMERGENCY_WORK_20260820_FIRST_PASS_V7_round04	ox5000-ce708c928b594b9a6027	pronounced	adjective	C1	https://www.oxfordlearnersdictionaries.com/us/definition/english/pronounced	"MANUAL_EMERGENCY_WORK V7 exact Oxford identity; source_index=4124; definition_path=/us/definition/english/pronounced; exact_definition='very obvious, easy to notice or strongly expressed'; selected_candidate_method=Helsinki-NLP/opus-mt-en-uk_surface_candidate; sense_source=''; sense_gloss=''; gloss_definition_similarity=1.000; morphology=""V6 pymorphy3 uk has no requested-POS parse for 'вимовлено'""; surface_mt_never_sole_pass=PASS"	вимовлено
MANUAL_EMERGENCY_WORK_20260820_FIRST_PASS_V7_round04	ox5000-3639a66436d614547a4f	propaganda	noun	C1	https://www.oxfordlearnersdictionaries.com/us/definition/english/propaganda	MANUAL_EMERGENCY_WORK V7 exact Oxford identity; source_index=4126; definition_path=/us/definition/english/propaganda; exact_definition='ideas or statements that may be false or present only one side of an argument that are used in order to gain support for a political leader, party, etc.'; selected_candidate_method=en_wiktionary_sense_bound_uk_translation; sense_source='English Wiktionary'; sense_gloss='concerted set of messages'; gloss_definition_similarity=0.207; morphology='V6 pymorphy3 uk canonical lemma PASS after Unicode/stress normalization; tag=NOUN,inan femn,nomn; score=1.0000'; surface_mt_never_sole_pass=PASS	пропаганда
MANUAL_EMERGENCY_WORK_20260820_FIRST_PASS_V7_round04	ox5000-c4827f2829cded7522d5	proportion	noun	B2	https://www.oxfordlearnersdictionaries.com/us/definition/english/proportion	MANUAL_EMERGENCY_WORK V7 exact Oxford identity; source_index=4130; definition_path=/us/definition/english/proportion; exact_definition='a part or share of a whole'; selected_candidate_method=en_wiktionary_sense_bound_uk_translation; sense_source='English Wiktionary'; sense_gloss='quantity that is part of the whole'; gloss_definition_similarity=0.586; morphology='V6 pymorphy3 uk canonical lemma PASS after Unicode/stress normalization; tag=NOUN,inan femn,nomn; score=1.0000'; surface_mt_never_sole_pass=PASS	пропорція
MANUAL_EMERGENCY_WORK_20260820_FIRST_PASS_V7_round04	ox5000-58465406ddb00a4ab660	proposition	noun	C1	https://www.oxfordlearnersdictionaries.com/us/definition/english/proposition_1	MANUAL_EMERGENCY_WORK V7 exact Oxford identity; source_index=4133; definition_path=/us/definition/english/proposition_1; exact_definition='an idea or a plan of action that is suggested, especially in business'; selected_candidate_method=en_wiktionary_sense_bound_uk_translation; sense_source='English Wiktionary'; sense_gloss='idea or plan offered'; gloss_definition_similarity=0.805; morphology='V6 pymorphy3 uk canonical lemma PASS after Unicode/stress normalization; tag=NOUN,inan femn,nomn; score=1.0000'; surface_mt_never_sole_pass=PASS	пропозиція
MANUAL_EMERGENCY_WORK_20260820_FIRST_PASS_V7_round04	ox5000-4bb8d65260da2fa814ee	prosecute	verb	C1	https://www.oxfordlearnersdictionaries.com/us/definition/english/prosecute	MANUAL_EMERGENCY_WORK V7 exact Oxford identity; source_index=4134; definition_path=/us/definition/english/prosecute; exact_definition='to officially charge somebody with a crime in court'; selected_candidate_method=Helsinki-NLP/opus-mt-en-uk_surface_candidate; sense_source=''; sense_gloss=''; gloss_definition_similarity=1.000; morphology='verb candidate is not an appropriate Ukrainian infinitive/verb phrase'; surface_mt_never_sole_pass=PASS	судова справа
MANUAL_EMERGENCY_WORK_20260820_FIRST_PASS_V7_round04	ox5000-472252ddcc7788ceb848	prosecution	noun	C1	https://www.oxfordlearnersdictionaries.com/us/definition/english/prosecution	MANUAL_EMERGENCY_WORK V7 exact Oxford identity; source_index=4135; definition_path=/us/definition/english/prosecution; exact_definition='the process of trying to prove in court that somebody is guilty of a crime (= of prosecuting them) ; the process of being officially charged with a crime in court'; selected_candidate_method=en_wiktionary_sense_bound_uk_translation; sense_source='English Wiktionary'; sense_gloss='the prosecuting party of the institution of legal proceedings'; gloss_definition_similarity=0.618; morphology='V6 pymorphy3 uk canonical lemma PASS after Unicode/stress normalization; tag=NOUN,inan neut,nomn; score=1.0000'; surface_mt_never_sole_pass=PASS	обвинувачення
MANUAL_EMERGENCY_WORK_20260820_FIRST_PASS_V7_round04	ox5000-35ba008bb2f4727a7054	prosecutor	noun	C1	https://www.oxfordlearnersdictionaries.com/us/definition/english/prosecutor	MANUAL_EMERGENCY_WORK V7 exact Oxford identity; source_index=4136; definition_path=/us/definition/english/prosecutor; exact_definition='a public official who charges somebody officially with a crime and prosecutes them in court'; selected_candidate_method=en_wiktionary_sense_bound_uk_translation; sense_source='English Wiktionary'; sense_gloss='a person instituting criminal prosecution'; gloss_definition_similarity=0.741; morphology='V6 pymorphy3 uk canonical lemma PASS after Unicode/stress normalization; tag=NOUN,anim masc,nomn; score=1.0000'; surface_mt_never_sole_pass=PASS	прокурор
MANUAL_EMERGENCY_WORK_20260820_FIRST_PASS_V7_round04	ox5000-f04358c550167dff6b4c	prospective	adjective	C1	https://www.oxfordlearnersdictionaries.com/us/definition/english/prospective	MANUAL_EMERGENCY_WORK V7 exact Oxford identity; source_index=4138; definition_path=/us/definition/english/prospective; exact_definition='expected to do something or to become something'; selected_candidate_method=Helsinki-NLP/opus-mt-en-uk_surface_candidate; sense_source=''; sense_gloss=''; gloss_definition_similarity=1.000; morphology='V6 pymorphy3 uk canonical lemma PASS after Unicode/stress normalization; tag=ADJF masc,nomn; score=1.0000'; surface_mt_never_sole_pass=PASS	майбутній
MANUAL_EMERGENCY_WORK_20260820_FIRST_PASS_V7_round04	ox5000-d0b371017109d0ab1235	prosperity	noun	C1	https://www.oxfordlearnersdictionaries.com/us/definition/english/prosperity	MANUAL_EMERGENCY_WORK V7 exact Oxford identity; source_index=4139; definition_path=/us/definition/english/prosperity; exact_definition='the state of being successful, especially in making money'; selected_candidate_method=en_wiktionary_sense_bound_uk_translation; sense_source='English Wiktionary'; sense_gloss='condition of being prosperous'; gloss_definition_similarity=0.705; morphology='V6 pymorphy3 uk canonical lemma PASS after Unicode/stress normalization; tag=NOUN,inan neut,nomn; score=1.0000'; surface_mt_never_sole_pass=PASS	процвітання
MANUAL_EMERGENCY_WORK_20260820_FIRST_PASS_V7_round04	ox5000-c68475adc97d62708bf1	protective	adjective	C1	https://www.oxfordlearnersdictionaries.com/us/definition/english/protective	MANUAL_EMERGENCY_WORK V7 exact Oxford identity; source_index=4142; definition_path=/us/definition/english/protective; exact_definition='providing or intended to provide protection'; selected_candidate_method=Helsinki-NLP/opus-mt-en-uk_surface_candidate; sense_source=''; sense_gloss=''; gloss_definition_similarity=1.000; morphology='V6 no Ukrainian lexical token after Unicode/stress normalization'; surface_mt_never_sole_pass=PASS	security
MANUAL_EMERGENCY_WORK_20260820_FIRST_PASS_V7_round04	ox5000-da65dfcb87abf26fbe6b	protein	noun	B2	https://www.oxfordlearnersdictionaries.com/us/definition/english/protein	MANUAL_EMERGENCY_WORK V7 exact Oxford identity; source_index=4143; definition_path=/us/definition/english/protein; exact_definition='a substance, found within all living things, that forms the structure of muscles, organs, etc. There are many different proteins and they are an essential part of what humans and animals eat to help them grow and stay healthy.'; selected_candidate_method=en_wiktionary_sense_bound_uk_translation; sense_source='English Wiktionary'; sense_gloss='complex molecule'; gloss_definition_similarity=0.429; morphology='V6 pymorphy3 uk canonical lemma PASS after Unicode/stress normalization; tag=NOUN,inan masc,nomn; score=1.0000'; surface_mt_never_sole_pass=PASS	протеїн
MANUAL_EMERGENCY_WORK_20260820_FIRST_PASS_V7_round04	ox5000-2af3bad78661603d5f3d	protester	noun	B2	https://www.oxfordlearnersdictionaries.com/us/definition/english/protester	MANUAL_EMERGENCY_WORK V7 exact Oxford identity; source_index=4146; definition_path=/us/definition/english/protester; exact_definition='a person who makes a public protest'; selected_candidate_method=en_wiktionary_sense_bound_uk_translation; sense_source='English Wiktionary'; sense_gloss='person who protests'; gloss_definition_similarity=0.930; morphology='V6 pymorphy3 uk canonical lemma PASS after Unicode/stress normalization; tag=NOUN,anim femn,nomn; score=1.0000'; surface_mt_never_sole_pass=PASS	протестувальниця
MANUAL_EMERGENCY_WORK_20260820_FIRST_PASS_V7_round04	ox5000-623f07f44898502aec44	protocol	noun	C1	https://www.oxfordlearnersdictionaries.com/us/definition/english/protocol	MANUAL_EMERGENCY_WORK V7 exact Oxford identity; source_index=4147; definition_path=/us/definition/english/protocol; exact_definition='a system of fixed rules and formal behaviour used at official meetings, usually between governments'; selected_candidate_method=en_wiktionary_sense_bound_uk_translation; sense_source='English Wiktionary'; sense_gloss='rule, guideline etc which guides diplomatic behaviour'; gloss_definition_similarity=0.648; morphology='V6 pymorphy3 uk canonical lemma PASS after Unicode/stress normalization; tag=NOUN,inan masc,nomn; score=1.0000'; surface_mt_never_sole_pass=PASS	протокол
MANUAL_EMERGENCY_WORK_20260820_FIRST_PASS_V7_round04	ox5000-b0176df6d31bd546cb4f	provincial	adjective	C1	https://www.oxfordlearnersdictionaries.com/us/definition/english/provincial_1	MANUAL_EMERGENCY_WORK V7 exact Oxford identity; source_index=4152; definition_path=/us/definition/english/provincial_1; exact_definition='connected with one of the large areas that some countries are divided into, with its own local government'; selected_candidate_method=en_wiktionary_sense_bound_uk_translation; sense_source='English Wiktionary'; sense_gloss='of or pertaining to a province'; gloss_definition_similarity=0.563; morphology='V6 pymorphy3 uk canonical lemma PASS after Unicode/stress normalization; tag=ADJF,compb masc,nomn; score=1.0000'; surface_mt_never_sole_pass=PASS	провінційний
MANUAL_EMERGENCY_WORK_20260820_FIRST_PASS_V7_round04	ox5000-37f9eeeb75524cee3ab6	provision	noun	C1	https://www.oxfordlearnersdictionaries.com/us/definition/english/provision_1	MANUAL_EMERGENCY_WORK V7 exact Oxford identity; source_index=4153; definition_path=/us/definition/english/provision_1; exact_definition='the act of supplying somebody with something that they need or want; something that is supplied'; selected_candidate_method=Helsinki-NLP/opus-mt-en-uk_surface_candidate; sense_source=''; sense_gloss=''; gloss_definition_similarity=1.000; morphology='V6 no Ukrainian lexical token after Unicode/stress normalization'; surface_mt_never_sole_pass=PASS	process
MANUAL_EMERGENCY_WORK_20260820_FIRST_PASS_V7_round04	ox5000-d4c9465438f4799972e7	provoke	verb	C1	https://www.oxfordlearnersdictionaries.com/us/definition/english/provoke	MANUAL_EMERGENCY_WORK V7 exact Oxford identity; source_index=4154; definition_path=/us/definition/english/provoke; exact_definition='to cause a particular reaction or have a particular effect'; selected_candidate_method=en_wiktionary_sense_bound_uk_translation; sense_source='English Wiktionary'; sense_gloss='to bring about a reaction'; gloss_definition_similarity=0.758; morphology='V6 pymorphy3 uk canonical lemma PASS after Unicode/stress normalization; tag=VERB,perf infn; score=1.0000'; surface_mt_never_sole_pass=PASS	спровокувати
MANUAL_EMERGENCY_WORK_20260820_FIRST_PASS_V7_round04	ox5000-e72aef296449310d3771	psychiatric	adjective	C1	https://www.oxfordlearnersdictionaries.com/us/definition/english/psychiatric	MANUAL_EMERGENCY_WORK V7 exact Oxford identity; source_index=4155; definition_path=/us/definition/english/psychiatric; exact_definition='relating to psychiatry or to mental illnesses'; selected_candidate_method=en_wiktionary_sense_bound_uk_translation; sense_source='English Wiktionary'; sense_gloss='of, or relating to, psychiatry'; gloss_definition_similarity=0.920; morphology='V6 pymorphy3 uk canonical lemma PASS after Unicode/stress normalization; tag=ADJF masc,nomn; score=1.0000'; surface_mt_never_sole_pass=PASS	психіатричний
MANUAL_EMERGENCY_WORK_20260820_FIRST_PASS_V7_round04	ox5000-c1385d112ea2efa50773	psychological	adjective	B2	https://www.oxfordlearnersdictionaries.com/us/definition/english/psychological	MANUAL_EMERGENCY_WORK V7 exact Oxford identity; source_index=4156; definition_path=/us/definition/english/psychological; exact_definition='connected with a person’s mind and the way in which it works'; selected_candidate_method=en_wiktionary_sense_bound_uk_translation; sense_source='English Wiktionary'; sense_gloss='of or pertaining to psychology'; gloss_definition_similarity=0.539; morphology='V6 pymorphy3 uk canonical lemma PASS after Unicode/stress normalization; tag=ADJF masc,nomn; score=1.0000'; surface_mt_never_sole_pass=PASS	психологічний
MANUAL_EMERGENCY_WORK_20260820_FIRST_PASS_V7_round04	ox5000-03aa5af70263c59cb020	publicity	noun	B2	https://www.oxfordlearnersdictionaries.com/us/definition/english/publicity	MANUAL_EMERGENCY_WORK V7 exact Oxford identity; source_index=4163; definition_path=/us/definition/english/publicity; exact_definition='the attention that is given to somebody/something by newspapers, television, etc.'; selected_candidate_method=Helsinki-NLP/opus-mt-en-uk_surface_candidate; sense_source=''; sense_gloss=''; gloss_definition_similarity=1.000; morphology='V6 pymorphy3 uk canonical lemma PASS after Unicode/stress normalization; tag=NOUN,inan neut,nomn; score=1.0000'; surface_mt_never_sole_pass=PASS	опублікування
MANUAL_EMERGENCY_WORK_20260820_FIRST_PASS_V7_round04	ox5000-1a3a79b493580cdcfd44	publishing	noun	B2	https://www.oxfordlearnersdictionaries.com/us/definition/english/publishing	"MANUAL_EMERGENCY_WORK V7 exact Oxford identity; source_index=4165; definition_path=/us/definition/english/publishing; exact_definition='the profession or business of preparing and printing books, magazines, CD-ROMs , etc. and selling or making them available to the public'; selected_candidate_method=Helsinki-NLP/opus-mt-en-uk_surface_candidate; sense_source=''; sense_gloss=''; gloss_definition_similarity=1.000; morphology=""V6 pymorphy3 uk has no requested-POS parse for 'публікується'""; surface_mt_never_sole_pass=PASS"	публікується
MANUAL_EMERGENCY_WORK_20260820_FIRST_PASS_V7_round04	ox5000-3631f2773b187680d3a9	pulse	noun	C1	https://www.oxfordlearnersdictionaries.com/us/definition/english/pulse_1	MANUAL_EMERGENCY_WORK V7 exact Oxford identity; source_index=4168; definition_path=/us/definition/english/pulse_1; exact_definition='the regular beat of the heart as it sends blood around the body, that can be felt in different places, especially on the inside part of the wrist ; the number of times the heart beats in a minute'; selected_candidate_method=Helsinki-NLP/opus-mt-en-uk_surface_candidate; sense_source=''; sense_gloss=''; gloss_definition_similarity=1.000; morphology='V6 pymorphy3 uk canonical lemma PASS after Unicode/stress normalization; tag=NOUN,inan masc,nomn; score=1.0000'; surface_mt_never_sole_pass=PASS	імпульс
MANUAL_EMERGENCY_WORK_20260820_FIRST_PASS_V7_round04	ox5000-5fef76f716acb428b470	pump	noun	C1	https://www.oxfordlearnersdictionaries.com/us/definition/english/pump_2	MANUAL_EMERGENCY_WORK V7 exact Oxford identity; source_index=4169; definition_path=/us/definition/english/pump_2; exact_definition='a machine that is used to force liquid, gas or air into or out of something'; selected_candidate_method=Helsinki-NLP/opus-mt-en-uk_surface_candidate; sense_source=''; sense_gloss=''; gloss_definition_similarity=1.000; morphology='V6 pymorphy3 uk canonical lemma PASS after Unicode/stress normalization; tag=NOUN,inan masc,nomn; score=1.0000'; surface_mt_never_sole_pass=PASS	насос
MANUAL_EMERGENCY_WORK_20260820_FIRST_PASS_V7_round04	ox5000-496b6fa809f3e321f985	pump	verb	C1	https://www.oxfordlearnersdictionaries.com/us/definition/english/pump_1	"MANUAL_EMERGENCY_WORK V7 exact Oxford identity; source_index=4170; definition_path=/us/definition/english/pump_1; exact_definition='to make water, air, gas, etc. flow in a particular direction by using a pump or something that works like a pump'; selected_candidate_method=Helsinki-NLP/opus-mt-en-uk_surface_candidate; sense_source=''; sense_gloss=''; gloss_definition_similarity=1.000; morphology=""V6 pymorphy3 uk has no requested-POS parse for 'насос'""; surface_mt_never_sole_pass=PASS"	насос
MANUAL_EMERGENCY_WORK_20260820_FIRST_PASS_V7_round04	ox5000-5e11e486d4f68608018c	punch	noun	C1	https://www.oxfordlearnersdictionaries.com/us/definition/english/punch_2	MANUAL_EMERGENCY_WORK V7 exact Oxford identity; source_index=4171; definition_path=/us/definition/english/punch_2; exact_definition='a hard hit made with the fist (= closed hand)'; selected_candidate_method=Helsinki-NLP/opus-mt-en-uk_surface_candidate; sense_source=''; sense_gloss=''; gloss_definition_similarity=1.000; morphology='V6 pymorphy3 uk canonical lemma PASS after Unicode/stress normalization; tag=NOUN,inan masc,nomn; score=1.0000'; surface_mt_never_sole_pass=PASS	удар
MANUAL_EMERGENCY_WORK_20260820_FIRST_PASS_V7_round04	ox5000-8f1c8ff0d448af6b1b00	punch	verb	C1	https://www.oxfordlearnersdictionaries.com/us/definition/english/punch_1	MANUAL_EMERGENCY_WORK V7 exact Oxford identity; source_index=4172; definition_path=/us/definition/english/punch_1; exact_definition='to hit somebody/something hard with your fist (= closed hand)'; selected_candidate_method=Helsinki-NLP/opus-mt-en-uk_surface_candidate; sense_source=''; sense_gloss=''; gloss_definition_similarity=1.000; morphology='V6 pymorphy3 uk canonical lemma PASS after Unicode/stress normalization; tag=VERB,perf infn; score=1.0000'; surface_mt_never_sole_pass=PASS	ударити
MANUAL_EMERGENCY_WORK_20260820_FIRST_PASS_V7_round04	ox5000-32da952952c71765a893	punk	noun	B2	https://www.oxfordlearnersdictionaries.com/us/definition/english/punk	MANUAL_EMERGENCY_WORK V7 exact Oxford identity; source_index=4175; definition_path=/us/definition/english/punk; exact_definition='a type of loud and aggressive rock music popular in the late 1970s and early 1980s'; selected_candidate_method=Helsinki-NLP/opus-mt-en-uk_surface_candidate; sense_source=''; sense_gloss=''; gloss_definition_similarity=1.000; morphology='V6 pymorphy3 uk canonical lemma PASS after Unicode/stress normalization; tag=NOUN,anim masc; score=1.0000'; surface_mt_never_sole_pass=PASS	панк
MANUAL_EMERGENCY_WORK_20260820_FIRST_PASS_V7_round04	ox5000-161377f3aa55e4869856	purely	adverb	B2	https://www.oxfordlearnersdictionaries.com/us/definition/english/purely	MANUAL_EMERGENCY_WORK V7 exact Oxford identity; source_index=4180; definition_path=/us/definition/english/purely; exact_definition='only; completely'; selected_candidate_method=Helsinki-NLP/opus-mt-en-uk_surface_candidate; sense_source=''; sense_gloss=''; gloss_definition_similarity=1.000; morphology='V6 pymorphy3 uk canonical lemma PASS after Unicode/stress normalization; tag=ADVB; score=1.0000'; surface_mt_never_sole_pass=PASS	суто
MANUAL_EMERGENCY_WORK_20260820_FIRST_PASS_V7_round04	ox5000-0fbbc2a505e3fca073f1	pursuit	noun	B2	https://www.oxfordlearnersdictionaries.com/us/definition/english/pursuit	MANUAL_EMERGENCY_WORK V7 exact Oxford identity; source_index=4185; definition_path=/us/definition/english/pursuit; exact_definition='the act of looking for or trying to get something'; selected_candidate_method=Helsinki-NLP/opus-mt-en-uk_surface_candidate; sense_source=''; sense_gloss=''; gloss_definition_similarity=1.000; morphology='V6 pymorphy3 uk canonical lemma PASS after Unicode/stress normalization; tag=NOUN,inan masc,nomn; score=1.0000'; surface_mt_never_sole_pass=PASS	пошук
MANUAL_EMERGENCY_WORK_20260820_FIRST_PASS_V7_round04	ox5000-16b6e35306f2d3819ba9	puzzle	noun	B2	https://www.oxfordlearnersdictionaries.com/us/definition/english/puzzle_1	MANUAL_EMERGENCY_WORK V7 exact Oxford identity; source_index=4189; definition_path=/us/definition/english/puzzle_1; exact_definition='a game, etc. that you have to think about carefully in order to answer it or do it'; selected_candidate_method=Helsinki-NLP/opus-mt-en-uk_surface_candidate; sense_source=''; sense_gloss=''; gloss_definition_similarity=1.000; morphology='V6 pymorphy3 uk canonical lemma PASS after Unicode/stress normalization; tag=NOUN,inan femn,nomn; score=1.0000'; surface_mt_never_sole_pass=PASS	головоломка
MANUAL_EMERGENCY_WORK_20260820_FIRST_PASS_V7_round04	ox5000-fef76f9ad1ae3b385d52	query	noun	C1	https://www.oxfordlearnersdictionaries.com/us/definition/english/query_1	MANUAL_EMERGENCY_WORK V7 exact Oxford identity; source_index=4197; definition_path=/us/definition/english/query_1; exact_definition='a question, especially one asking for information or expressing a doubt about something'; selected_candidate_method=Helsinki-NLP/opus-mt-en-uk_surface_candidate; sense_source=''; sense_gloss=''; gloss_definition_similarity=1.000; morphology='V6 no Ukrainian lexical token after Unicode/stress normalization'; surface_mt_never_sole_pass=PASS	query
MANUAL_EMERGENCY_WORK_20260820_FIRST_PASS_V7_round04	ox5000-f8f10d86fe3b2b70cd7b	quest	noun	C1	https://www.oxfordlearnersdictionaries.com/us/definition/english/quest_1	MANUAL_EMERGENCY_WORK V7 exact Oxford identity; source_index=4198; definition_path=/us/definition/english/quest_1; exact_definition='a long search for something, especially for some quality such as happiness'; selected_candidate_method=Helsinki-NLP/opus-mt-en-uk_surface_candidate; sense_source=''; sense_gloss=''; gloss_definition_similarity=1.000; morphology='V6 pymorphy3 uk canonical lemma PASS after Unicode/stress normalization; tag=NOUN,inan masc,nomn; score=1.0000'; surface_mt_never_sole_pass=PASS	пошук
MANUAL_EMERGENCY_WORK_20260820_FIRST_PASS_V7_round04	ox5000-bd79fce62a6106e6ae81	questionnaire	noun	B2	https://www.oxfordlearnersdictionaries.com/us/definition/english/questionnaire	MANUAL_EMERGENCY_WORK V7 exact Oxford identity; source_index=4201; definition_path=/us/definition/english/questionnaire; exact_definition='a written list of questions that are answered by a number of people so that information can be collected from the answers'; selected_candidate_method=Helsinki-NLP/opus-mt-en-uk_surface_candidate; sense_source=''; sense_gloss=''; gloss_definition_similarity=1.000; morphology='V6 pymorphy3 uk canonical lemma PASS after Unicode/stress normalization; tag=NOUN,inan femn,nomn; score=1.0000'; surface_mt_never_sole_pass=PASS	анкета
MANUAL_EMERGENCY_WORK_20260820_FIRST_PASS_V7_round04	ox5000-09c9b402a9dd868c0c4f	quota	noun	C1	https://www.oxfordlearnersdictionaries.com/us/definition/english/quota	MANUAL_EMERGENCY_WORK V7 exact Oxford identity; source_index=4210; definition_path=/us/definition/english/quota; exact_definition='a limited number or amount of people or things that is officially allowed'; selected_candidate_method=Helsinki-NLP/opus-mt-en-uk_surface_candidate; sense_source=''; sense_gloss=''; gloss_definition_similarity=1.000; morphology='V6 pymorphy3 uk canonical lemma PASS after Unicode/stress normalization; tag=NOUN,inan femn,nomn; score=1.0000'; surface_mt_never_sole_pass=PASS	квота
MANUAL_EMERGENCY_WORK_20260820_FIRST_PASS_V7_round04	ox5000-3c42cbde1b0db6056f57	racial	adjective	B2	https://www.oxfordlearnersdictionaries.com/us/definition/english/racial	MANUAL_EMERGENCY_WORK V7 exact Oxford identity; source_index=4216; definition_path=/us/definition/english/racial; exact_definition='happening or existing between people of different races'; selected_candidate_method=Helsinki-NLP/opus-mt-en-uk_surface_candidate; sense_source=''; sense_gloss=''; gloss_definition_similarity=1.000; morphology='V6 pymorphy3 uk canonical lemma PASS after Unicode/stress normalization; tag=ADJF masc,nomn; score=1.0000'; surface_mt_never_sole_pass=PASS	расовий
MANUAL_EMERGENCY_WORK_20260820_FIRST_PASS_V7_round04	ox5000-ae90908d4616264014c6	racism	noun	B2	https://www.oxfordlearnersdictionaries.com/us/definition/english/racism	MANUAL_EMERGENCY_WORK V7 exact Oxford identity; source_index=4218; definition_path=/us/definition/english/racism; exact_definition='the unfair treatment of people who belong to a different race; violent behaviour towards them'; selected_candidate_method=Helsinki-NLP/opus-mt-en-uk_surface_candidate; sense_source=''; sense_gloss=''; gloss_definition_similarity=1.000; morphology='V6 pymorphy3 uk canonical lemma PASS after Unicode/stress normalization; tag=NOUN,masc,inan nomn; score=1.0000'; surface_mt_never_sole_pass=PASS	расизм
MANUAL_EMERGENCY_WORK_20260820_FIRST_PASS_V7_round04	ox5000-183ec8d2749196d55d07	racist	adjective	B2	https://www.oxfordlearnersdictionaries.com/us/definition/english/racist_1	MANUAL_EMERGENCY_WORK V7 exact Oxford identity; source_index=4219; definition_path=/us/definition/english/racist_1; exact_definition='having the belief that some races of people are better than others or having general beliefs about other people based only on their race; showing this through violent or unfair treatment of people of other races'; selected_candidate_method=Helsinki-NLP/opus-mt-en-uk_surface_candidate; sense_source=''; sense_gloss=''; gloss_definition_similarity=1.000; morphology='V6 pymorphy3 uk canonical lemma PASS after Unicode/stress normalization; tag=ADJF masc,nomn; score=1.0000'; surface_mt_never_sole_pass=PASS	расистський
MANUAL_EMERGENCY_WORK_20260820_FIRST_PASS_V7_round04	ox5000-3b6e26cd4bcc3291f712	racist	noun	B2	https://www.oxfordlearnersdictionaries.com/us/definition/english/racist_2	"MANUAL_EMERGENCY_WORK V7 exact Oxford identity; source_index=4220; definition_path=/us/definition/english/racist_2; exact_definition='a person who believes that some races of people are better than others or who has general beliefs about other people based only on their race, and may show this in violent or unfair treatment of people of other races'; selected_candidate_method=Helsinki-NLP/opus-mt-en-uk_surface_candidate; sense_source=''; sense_gloss=''; gloss_definition_similarity=1.000; morphology=""V6 pymorphy3 uk has no requested-POS parse for 'расистська'""; surface_mt_never_sole_pass=PASS"	расистська
MANUAL_EMERGENCY_WORK_20260820_FIRST_PASS_V7_round04	ox5000-638f021918f23d527d49	radar	noun	C1	https://www.oxfordlearnersdictionaries.com/us/definition/english/radar	MANUAL_EMERGENCY_WORK V7 exact Oxford identity; source_index=4221; definition_path=/us/definition/english/radar; exact_definition='a system that uses radio waves to find the position and movement of objects, for example planes and ships, when they cannot be seen'; selected_candidate_method=Helsinki-NLP/opus-mt-en-uk_surface_candidate; sense_source=''; sense_gloss=''; gloss_definition_similarity=1.000; morphology='V6 pymorphy3 uk canonical lemma PASS after Unicode/stress normalization; tag=NOUN,inan masc,nomn; score=1.0000'; surface_mt_never_sole_pass=PASS	радар
MANUAL_EMERGENCY_WORK_20260820_FIRST_PASS_V7_round04	ox5000-6ce48c0a27b361c09fb2	radiation	noun	B2	https://www.oxfordlearnersdictionaries.com/us/definition/english/radiation	MANUAL_EMERGENCY_WORK V7 exact Oxford identity; source_index=4222; definition_path=/us/definition/english/radiation; exact_definition='powerful and very dangerous rays that are sent out from radioactive substances'; selected_candidate_method=Helsinki-NLP/opus-mt-en-uk_surface_candidate; sense_source=''; sense_gloss=''; gloss_definition_similarity=1.000; morphology='V6 pymorphy3 uk canonical lemma PASS after Unicode/stress normalization; tag=NOUN,femn,inan nomn; score=1.0000'; surface_mt_never_sole_pass=PASS	радіація
MANUAL_EMERGENCY_WORK_20260820_FIRST_PASS_V7_round04	ox5000-d5aeb06b1d88e01c047f	radical	adjective	C1	https://www.oxfordlearnersdictionaries.com/us/definition/english/radical_1	MANUAL_EMERGENCY_WORK V7 exact Oxford identity; source_index=4223; definition_path=/us/definition/english/radical_1; exact_definition='relating to the most basic and important parts of something; complete and detailed'; selected_candidate_method=Helsinki-NLP/opus-mt-en-uk_surface_candidate; sense_source=''; sense_gloss=''; gloss_definition_similarity=1.000; morphology='V6 pymorphy3 uk canonical lemma PASS after Unicode/stress normalization; tag=ADJF,compb masc,nomn; score=1.0000'; surface_mt_never_sole_pass=PASS	радикальний
MANUAL_EMERGENCY_WORK_20260820_FIRST_PASS_V7_round04	ox5000-bb993f48a066dd5c990a	rage	noun	C1	https://www.oxfordlearnersdictionaries.com/us/definition/english/rage_1	MANUAL_EMERGENCY_WORK V7 exact Oxford identity; source_index=4225; definition_path=/us/definition/english/rage_1; exact_definition='a feeling of violent anger that is difficult to control'; selected_candidate_method=Helsinki-NLP/opus-mt-en-uk_surface_candidate; sense_source=''; sense_gloss=''; gloss_definition_similarity=1.000; morphology='V6 pymorphy3 uk canonical lemma PASS after Unicode/stress normalization; tag=NOUN,femn,inan nomn; score=1.0000'; surface_mt_never_sole_pass=PASS	лють
MANUAL_EMERGENCY_WORK_20260820_FIRST_PASS_V7_round04	ox5000-deb86df67a8ab2ba1e09	raid	noun	C1	https://www.oxfordlearnersdictionaries.com/us/definition/english/raid_1	MANUAL_EMERGENCY_WORK V7 exact Oxford identity; source_index=4226; definition_path=/us/definition/english/raid_1; exact_definition='a short surprise attack on an enemy by soldiers, ships or aircraft'; selected_candidate_method=Helsinki-NLP/opus-mt-en-uk_surface_candidate; sense_source=''; sense_gloss=''; gloss_definition_similarity=1.000; morphology='V6 pymorphy3 uk canonical lemma PASS after Unicode/stress normalization; tag=NOUN,inan masc,nomn; score=1.0000'; surface_mt_never_sole_pass=PASS	рейд
MANUAL_EMERGENCY_WORK_20260820_FIRST_PASS_V7_round04	ox5000-4d67d866c647b72f7c3c	raid	verb	C1	https://www.oxfordlearnersdictionaries.com/us/definition/english/raid_2	"MANUAL_EMERGENCY_WORK V7 exact Oxford identity; source_index=4227; definition_path=/us/definition/english/raid_2; exact_definition='to visit a person or place without warning to look for criminals, illegal goods, drugs, etc.'; selected_candidate_method=Helsinki-NLP/opus-mt-en-uk_surface_candidate; sense_source=''; sense_gloss=''; gloss_definition_similarity=1.000; morphology=""V6 pymorphy3 uk has no requested-POS parse for 'рейди'""; surface_mt_never_sole_pass=PASS"	рейди
MANUAL_EMERGENCY_WORK_20260820_FIRST_PASS_V7_round04	ox5000-1ef92015b92c1e37fb27	rail	noun	B2	https://www.oxfordlearnersdictionaries.com/us/definition/english/rail_1	MANUAL_EMERGENCY_WORK V7 exact Oxford identity; source_index=4228; definition_path=/us/definition/english/rail_1; exact_definition='a wooden or metal bar placed around something as a barrier or to provide support'; selected_candidate_method=Helsinki-NLP/opus-mt-en-uk_surface_candidate; sense_source=''; sense_gloss=''; gloss_definition_similarity=1.000; morphology='V6 pymorphy3 uk canonical lemma PASS after Unicode/stress normalization; tag=NOUN,inan femn,nomn; score=1.0000'; surface_mt_never_sole_pass=PASS	рейка
MANUAL_EMERGENCY_WORK_20260820_FIRST_PASS_V7_round04	ox5000-cfb300586a991fa0eabe	rally	noun	C1	https://www.oxfordlearnersdictionaries.com/us/definition/english/rally_1	MANUAL_EMERGENCY_WORK V7 exact Oxford identity; source_index=4233; definition_path=/us/definition/english/rally_1; exact_definition='a large public meeting, especially one held to support a particular idea or political party'; selected_candidate_method=Helsinki-NLP/opus-mt-en-uk_surface_candidate; sense_source=''; sense_gloss=''; gloss_definition_similarity=1.000; morphology='V6 genuine multiword lexical phrase; Unicode-normalized V4 lexical/POS form accepted'; surface_mt_never_sole_pass=PASS	з' єднання
MANUAL_EMERGENCY_WORK_20260820_FIRST_PASS_V7_round04	ox5000-7da870e0b860693f3ac5	rally	verb	C1	https://www.oxfordlearnersdictionaries.com/us/definition/english/rally_2	MANUAL_EMERGENCY_WORK V7 exact Oxford identity; source_index=4234; definition_path=/us/definition/english/rally_2; exact_definition='to come together or bring people together in order to help or support somebody/something'; selected_candidate_method=Helsinki-NLP/opus-mt-en-uk_surface_candidate; sense_source=''; sense_gloss=''; gloss_definition_similarity=1.000; morphology='verb candidate is not an appropriate Ukrainian infinitive/verb phrase'; surface_mt_never_sole_pass=PASS	з' єднання
MANUAL_EMERGENCY_WORK_20260820_FIRST_PASS_V7_round04	ox5000-295bea1c47af665a1dba	random	adjective	B2	https://www.oxfordlearnersdictionaries.com/us/definition/english/random_1	MANUAL_EMERGENCY_WORK V7 exact Oxford identity; source_index=4235; definition_path=/us/definition/english/random_1; exact_definition='done, chosen, etc. without somebody deciding in advance what is going to happen, or without any regular pattern'; selected_candidate_method=Helsinki-NLP/opus-mt-en-uk_surface_candidate; sense_source=''; sense_gloss=''; gloss_definition_similarity=1.000; morphology='V6 no Ukrainian lexical token after Unicode/stress normalization'; surface_mt_never_sole_pass=PASS	random
MANUAL_EMERGENCY_WORK_20260820_FIRST_PASS_V7_round04	ox5000-5a6744b97184b4a0cb6a	ranking	noun	C1	https://www.oxfordlearnersdictionaries.com/us/definition/english/ranking_1	MANUAL_EMERGENCY_WORK V7 exact Oxford identity; source_index=4240; definition_path=/us/definition/english/ranking_1; exact_definition='the position of somebody/something on a scale that shows how good or important they are in relation to other similar people or things, especially in sport'; selected_candidate_method=Helsinki-NLP/opus-mt-en-uk_surface_candidate; sense_source=''; sense_gloss=''; gloss_definition_similarity=1.000; morphology='V6 pymorphy3 uk canonical lemma PASS after Unicode/stress normalization; tag=NOUN,inan masc,nomn; score=1.0000'; surface_mt_never_sole_pass=PASS	рейтинг
MANUAL_EMERGENCY_WORK_20260820_FIRST_PASS_V7_round04	ox5000-163c1aaea653b97b76ad	rape	noun	C1	https://www.oxfordlearnersdictionaries.com/us/definition/english/rape_1	MANUAL_EMERGENCY_WORK V7 exact Oxford identity; source_index=4241; definition_path=/us/definition/english/rape_1; exact_definition='the crime of forcing somebody to have sex when they do not want it or are not able to agree to it'; selected_candidate_method=en_wiktionary_sense_bound_uk_translation; sense_source='English Wiktionary'; sense_gloss='act of forcing sexual activity'; gloss_definition_similarity=0.722; morphology='V6 pymorphy3 uk canonical lemma PASS after Unicode/stress normalization; tag=NOUN,inan neut,nomn; score=1.0000'; surface_mt_never_sole_pass=PASS	зґвалтування
MANUAL_EMERGENCY_WORK_20260820_FIRST_PASS_V7_round04	ox5000-44e91337ba5dff9097c9	rape	verb	C1	https://www.oxfordlearnersdictionaries.com/us/definition/english/rape_2	MANUAL_EMERGENCY_WORK V7 exact Oxford identity; source_index=4242; definition_path=/us/definition/english/rape_2; exact_definition='to force somebody to have sex when they do not want it or are not able to agree to it'; selected_candidate_method=en_wiktionary_sense_bound_uk_translation; sense_source='English Wiktionary'; sense_gloss='force sexual intercourse'; gloss_definition_similarity=0.616; morphology='V6 pymorphy3 uk canonical lemma PASS after Unicode/stress normalization; tag=VERB,perf infn; score=1.0000'; surface_mt_never_sole_pass=PASS	зґвалтувати
MANUAL_EMERGENCY_WORK_20260820_FIRST_PASS_V7_round04	ox5000-fe7ba1256d19f8c2e57f	rat	noun	B2	https://www.oxfordlearnersdictionaries.com/us/definition/english/rat_1	MANUAL_EMERGENCY_WORK V7 exact Oxford identity; source_index=4247; definition_path=/us/definition/english/rat_1; exact_definition='a small animal with a long tail, that looks like a large mouse, usually considered a pest (= an animal which is disliked because it destroys food or spreads disease)'; selected_candidate_method=en_wiktionary_sense_bound_uk_translation; sense_source='English Wiktionary'; sense_gloss='rodent'; gloss_definition_similarity=0.554; morphology='V6 pymorphy3 uk canonical lemma PASS after Unicode/stress normalization; tag=NOUN,Surn,masc,anim nomn; score=1.0000'; surface_mt_never_sole_pass=PASS	щур
MANUAL_EMERGENCY_WORK_20260820_FIRST_PASS_V7_round04	ox5000-a926d9b4d561f0479900	rating	noun	B2	https://www.oxfordlearnersdictionaries.com/us/definition/english/rating	MANUAL_EMERGENCY_WORK V7 exact Oxford identity; source_index=4251; definition_path=/us/definition/english/rating; exact_definition='a measurement of how good, popular, important, etc. somebody/something is, especially in relation to other people or things'; selected_candidate_method=en_wiktionary_sense_bound_uk_translation; sense_source='English Wiktionary'; sense_gloss='evaluation of status'; gloss_definition_similarity=0.403; morphology='V6 pymorphy3 uk canonical lemma PASS after Unicode/stress normalization; tag=NOUN,inan masc,nomn; score=1.0000'; surface_mt_never_sole_pass=PASS	рейтинг
MANUAL_EMERGENCY_WORK_20260820_FIRST_PASS_V7_round04	ox5000-f01536bcc125902c07c7	ratio	noun	C1	https://www.oxfordlearnersdictionaries.com/us/definition/english/ratio	MANUAL_EMERGENCY_WORK V7 exact Oxford identity; source_index=4252; definition_path=/us/definition/english/ratio; exact_definition='the relationship between two groups of people or things that is represented by two numbers showing how much larger one group is than the other'; selected_candidate_method=Helsinki-NLP/opus-mt-en-uk_surface_candidate; sense_source=''; sense_gloss=''; gloss_definition_similarity=1.000; morphology='V6 pymorphy3 uk canonical lemma PASS after Unicode/stress normalization; tag=NOUN,inan neut,nomn; score=1.0000'; surface_mt_never_sole_pass=PASS	співвідношення
MANUAL_EMERGENCY_WORK_20260820_FIRST_PASS_V7_round04	ox5000-4b5e8fe7429e7586b3b3	rational	adjective	C1	https://www.oxfordlearnersdictionaries.com/us/definition/english/rational	MANUAL_EMERGENCY_WORK V7 exact Oxford identity; source_index=4253; definition_path=/us/definition/english/rational; exact_definition='based on reason rather than emotions'; selected_candidate_method=en_wiktionary_sense_bound_uk_translation; sense_source='English Wiktionary'; sense_gloss='reasonable; not absurd'; gloss_definition_similarity=0.380; morphology='V6 pymorphy3 uk canonical lemma PASS after Unicode/stress normalization; tag=ADJF,compb masc,nomn; score=1.0000'; surface_mt_never_sole_pass=PASS	раціональний
MANUAL_EMERGENCY_WORK_20260820_FIRST_PASS_V7_round04	ox5000-406daaee7c9e0713271e	ray	noun	C1	https://www.oxfordlearnersdictionaries.com/us/definition/english/ray_1	MANUAL_EMERGENCY_WORK V7 exact Oxford identity; source_index=4255; definition_path=/us/definition/english/ray_1; exact_definition='a narrow line of light, heat or other energy'; selected_candidate_method=en_wiktionary_sense_bound_uk_translation; sense_source='English Wiktionary'; sense_gloss='beam of light or radiation'; gloss_definition_similarity=0.462; morphology='V6 pymorphy3 uk canonical lemma PASS after Unicode/stress normalization; tag=NOUN,inan neut,nomn; score=1.0000'; surface_mt_never_sole_pass=PASS	проміння
MANUAL_EMERGENCY_WORK_20260820_FIRST_PASS_V7_round04	ox5000-93c2c995db4f9c123eaa	readily	adverb	C1	https://www.oxfordlearnersdictionaries.com/us/definition/english/readily	MANUAL_EMERGENCY_WORK V7 exact Oxford identity; source_index=4262; definition_path=/us/definition/english/readily; exact_definition='quickly and without difficulty'; selected_candidate_method=Helsinki-NLP/opus-mt-en-uk_surface_candidate; sense_source=''; sense_gloss=''; gloss_definition_similarity=1.000; morphology='V6 genuine multiword lexical phrase; Unicode-normalized V4 lexical/POS form accepted'; surface_mt_never_sole_pass=PASS	без перебоїв
MANUAL_EMERGENCY_WORK_20260820_FIRST_PASS_V7_round04	ox5000-e3d550f6c3247fc800d6	realization	noun	C1	https://www.oxfordlearnersdictionaries.com/us/definition/english/realization	MANUAL_EMERGENCY_WORK V7 exact Oxford identity; source_index=4268; definition_path=/us/definition/english/realization; exact_definition='the process of becoming aware of something'; selected_candidate_method=en_wiktionary_sense_bound_uk_translation; sense_source='English Wiktionary'; sense_gloss='act of figuring out or becoming aware'; gloss_definition_similarity=0.861; morphology='V6 pymorphy3 uk canonical lemma PASS after Unicode/stress normalization; tag=NOUN,inan neut,nomn; score=1.0000'; surface_mt_never_sole_pass=PASS	усвідомлення
MANUAL_EMERGENCY_WORK_20260820_FIRST_PASS_V7_round04	ox5000-f6e06778ccf9167c70f9	realm	noun	C1	https://www.oxfordlearnersdictionaries.com/us/definition/english/realm	MANUAL_EMERGENCY_WORK V7 exact Oxford identity; source_index=4271; definition_path=/us/definition/english/realm; exact_definition='an area of activity, interest or knowledge'; selected_candidate_method=en_wiktionary_sense_bound_uk_translation; sense_source='English Wiktionary'; sense_gloss='sphere of influence'; gloss_definition_similarity=0.377; morphology='V6 pymorphy3 uk canonical lemma PASS after Unicode/stress normalization; tag=NOUN,inan femn,nomn; score=1.0000'; surface_mt_never_sole_pass=PASS	область
MANUAL_EMERGENCY_WORK_20260820_FIRST_PASS_V7_round04	ox5000-82db79a2e4cd3cde65f1	rear	adjective	C1	https://www.oxfordlearnersdictionaries.com/us/definition/english/rear_1	MANUAL_EMERGENCY_WORK V7 exact Oxford identity; source_index=4272; definition_path=/us/definition/english/rear_1; exact_definition='at or near the back of something'; selected_candidate_method=en_wiktionary_sense_bound_uk_translation; sense_source='English Wiktionary'; sense_gloss='being behind, or in the hindmost part'; gloss_definition_similarity=0.603; morphology='V6 pymorphy3 uk canonical lemma PASS after Unicode/stress normalization; tag=ADJF masc,nomn; score=1.0000'; surface_mt_never_sole_pass=PASS	задній
MANUAL_EMERGENCY_WORK_20260820_FIRST_PASS_V7_round04	ox5000-69b2f9590153df6988ce	rear	noun	C1	https://www.oxfordlearnersdictionaries.com/us/definition/english/rear_2	MANUAL_EMERGENCY_WORK V7 exact Oxford identity; source_index=4273; definition_path=/us/definition/english/rear_2; exact_definition='the back part of something'; selected_candidate_method=Helsinki-NLP/opus-mt-en-uk_surface_candidate; sense_source=''; sense_gloss=''; gloss_definition_similarity=1.000; morphology='V6 pymorphy3 uk canonical lemma PASS after Unicode/stress normalization; tag=NOUN,inan masc,nomn; score=1.0000'; surface_mt_never_sole_pass=PASS	зад
MANUAL_EMERGENCY_WORK_20260820_FIRST_PASS_V7_round04	ox5000-9297029e6028ab551ec4	reasonably	adverb	B2	https://www.oxfordlearnersdictionaries.com/us/definition/english/reasonably	MANUAL_EMERGENCY_WORK V7 exact Oxford identity; source_index=4276; definition_path=/us/definition/english/reasonably; exact_definition='to a degree that is fairly good but not very good'; selected_candidate_method=Helsinki-NLP/opus-mt-en-uk_surface_candidate; sense_source=''; sense_gloss=''; gloss_definition_similarity=1.000; morphology='V6 pymorphy3 uk canonical lemma PASS after Unicode/stress normalization; tag=ADVB; score=1.0000'; surface_mt_never_sole_pass=PASS	доволі
MANUAL_EMERGENCY_WORK_20260820_FIRST_PASS_V7_round04	ox5000-fbe2d3432c02ae63c10f	reasoning	noun	C1	https://www.oxfordlearnersdictionaries.com/us/definition/english/reasoning	MANUAL_EMERGENCY_WORK V7 exact Oxford identity; source_index=4277; definition_path=/us/definition/english/reasoning; exact_definition='the process of thinking about things in a logical way; opinions and ideas that are based on logical thinking'; selected_candidate_method=Helsinki-NLP/opus-mt-en-uk_surface_candidate; sense_source=''; sense_gloss=''; gloss_definition_similarity=1.000; morphology='V6 genuine multiword lexical phrase; Unicode-normalized V4 lexical/POS form accepted'; surface_mt_never_sole_pass=PASS	логічне міркування
MANUAL_EMERGENCY_WORK_20260820_FIRST_PASS_V7_round04	ox5000-1278d12e916dee475af0	reassure	verb	C1	https://www.oxfordlearnersdictionaries.com/us/definition/english/reassure	MANUAL_EMERGENCY_WORK V7 exact Oxford identity; source_index=4278; definition_path=/us/definition/english/reassure; exact_definition='to say or do something that makes somebody less frightened or worried'; selected_candidate_method=en_wiktionary_sense_bound_uk_translation; sense_source='English Wiktionary'; sense_gloss='to assure anew; to restore confidence to; to free from fear or self-doubt'; gloss_definition_similarity=0.621; morphology='V6 pymorphy3 uk canonical lemma PASS after Unicode/stress normalization; tag=VERB,impf infn; score=1.0000'; surface_mt_never_sole_pass=PASS	заспокоювати
MANUAL_EMERGENCY_WORK_20260820_FIRST_PASS_V7_round04	ox5000-2f6ac118ca4cecab6315	rebel	noun	C1	https://www.oxfordlearnersdictionaries.com/us/definition/english/rebel_1	MANUAL_EMERGENCY_WORK V7 exact Oxford identity; source_index=4279; definition_path=/us/definition/english/rebel_1; exact_definition='a person who fights against the government of their country'; selected_candidate_method=en_wiktionary_sense_bound_uk_translation; sense_source='English Wiktionary'; sense_gloss='person who resists an established authority'; gloss_definition_similarity=0.592; morphology='V6 pymorphy3 uk canonical lemma PASS after Unicode/stress normalization; tag=NOUN,anim masc,nomn; score=1.0000'; surface_mt_never_sole_pass=PASS	бунтівник
MANUAL_EMERGENCY_WORK_20260820_FIRST_PASS_V7_round04	ox5000-733394b847c11155a769	rebellion	noun	C1	https://www.oxfordlearnersdictionaries.com/us/definition/english/rebellion	MANUAL_EMERGENCY_WORK V7 exact Oxford identity; source_index=4280; definition_path=/us/definition/english/rebellion; exact_definition='an attempt by some of the people in a country to change their government, using violence'; selected_candidate_method=en_wiktionary_sense_bound_uk_translation; sense_source='English Wiktionary'; sense_gloss='defiance'; gloss_definition_similarity=0.387; morphology='V6 pymorphy3 uk canonical lemma PASS after Unicode/stress normalization; tag=NOUN,inan masc,nomn; score=1.0000'; surface_mt_never_sole_pass=PASS	бунт
MANUAL_EMERGENCY_WORK_20260820_FIRST_PASS_V7_round04	ox5000-b511afcdef6aaf02980d	rebuild	verb	B2	https://www.oxfordlearnersdictionaries.com/us/definition/english/rebuild	MANUAL_EMERGENCY_WORK V7 exact Oxford identity; source_index=4281; definition_path=/us/definition/english/rebuild; exact_definition='to build or put something together again'; selected_candidate_method=Helsinki-NLP/opus-mt-en-uk_surface_candidate; sense_source=''; sense_gloss=''; gloss_definition_similarity=1.000; morphology='V6 pymorphy3 uk canonical lemma PASS after Unicode/stress normalization; tag=VERB,perf infn; score=1.0000'; surface_mt_never_sole_pass=PASS	відновити
MANUAL_EMERGENCY_WORK_20260820_FIRST_PASS_V7_round04	ox5000-82e5e823e0220b1f8d8d	receiver	noun	B2	https://www.oxfordlearnersdictionaries.com/us/definition/english/receiver	MANUAL_EMERGENCY_WORK V7 exact Oxford identity; source_index=4285; definition_path=/us/definition/english/receiver; exact_definition='the part of a phone that you hold close to your mouth and ear'; selected_candidate_method=en_wiktionary_sense_bound_uk_translation; sense_source='English Wiktionary'; sense_gloss='electronic device that receives and converts signal'; gloss_definition_similarity=0.500; morphology='V6 pymorphy3 uk canonical lemma PASS after Unicode/stress normalization; tag=NOUN,inan masc,nomn; score=1.0000'; surface_mt_never_sole_pass=PASS	приймач
MANUAL_EMERGENCY_WORK_20260820_FIRST_PASS_V7_round04	ox5000-58cf60dcbb0b202c2d54	recession	noun	B2	https://www.oxfordlearnersdictionaries.com/us/definition/english/recession	MANUAL_EMERGENCY_WORK V7 exact Oxford identity; source_index=4289; definition_path=/us/definition/english/recession; exact_definition='a difficult time for the economy of a country, when there is less trade and industrial activity than usual and more people are unemployed'; selected_candidate_method=en_wiktionary_sense_bound_uk_translation; sense_source='English Wiktionary'; sense_gloss='period of reduced economic activity'; gloss_definition_similarity=0.699; morphology='V6 pymorphy3 uk canonical lemma PASS after Unicode/stress normalization; tag=NOUN,inan femn,nomn; score=1.0000'; surface_mt_never_sole_pass=PASS	рецесія
MANUAL_EMERGENCY_WORK_20260820_FIRST_PASS_V7_round04	ox5000-509759e82384ed740f3c	recipient	noun	C1	https://www.oxfordlearnersdictionaries.com/us/definition/english/recipient	MANUAL_EMERGENCY_WORK V7 exact Oxford identity; source_index=4291; definition_path=/us/definition/english/recipient; exact_definition='a person who receives something'; selected_candidate_method=Helsinki-NLP/opus-mt-en-uk_surface_candidate; sense_source=''; sense_gloss=''; gloss_definition_similarity=1.000; morphology='V6 pymorphy3 uk canonical lemma PASS after Unicode/stress normalization; tag=NOUN,anim masc,nomn; score=1.0000'; surface_mt_never_sole_pass=PASS	отримувач
MANUAL_EMERGENCY_WORK_20260820_FIRST_PASS_V7_round04	ox5000-378f3b22f72b712307df	reckon	verb	B2	https://www.oxfordlearnersdictionaries.com/us/definition/english/reckon	"MANUAL_EMERGENCY_WORK V7 exact Oxford identity; source_index=4292; definition_path=/us/definition/english/reckon; exact_definition='to think something or have an opinion about something'; selected_candidate_method=Helsinki-NLP/opus-mt-en-uk_surface_candidate; sense_source=''; sense_gloss=''; gloss_definition_similarity=1.000; morphology=""V6 pymorphy3 uk has no requested-POS parse for 'Підрахунки'""; surface_mt_never_sole_pass=PASS"	Підрахунки
MANUAL_EMERGENCY_WORK_20260820_FIRST_PASS_V7_round04	ox5000-6e280ae2dd1681720f95	recognition	noun	B2	https://www.oxfordlearnersdictionaries.com/us/definition/english/recognition	MANUAL_EMERGENCY_WORK V7 exact Oxford identity; source_index=4293; definition_path=/us/definition/english/recognition; exact_definition='the act of remembering who somebody is when you see them, or of identifying what something is'; selected_candidate_method=en_wiktionary_sense_bound_uk_translation; sense_source='English Wiktionary'; sense_gloss='the act of recognizing or the condition of being recognized'; gloss_definition_similarity=0.713; morphology='V6 pymorphy3 uk canonical lemma PASS after Unicode/stress normalization; tag=NOUN,inan neut,nomn; score=1.0000'; surface_mt_never_sole_pass=PASS	впізнавання
MANUAL_EMERGENCY_WORK_20260820_FIRST_PASS_V7_round04	ox5000-ddae4d5e51503e1a8ffd	reconstruction	noun	C1	https://www.oxfordlearnersdictionaries.com/us/definition/english/reconstruction	MANUAL_EMERGENCY_WORK V7 exact Oxford identity; source_index=4297; definition_path=/us/definition/english/reconstruction; exact_definition='the process of changing or improving the condition of something or the way it works; the process of putting something back into the state it was in before'; selected_candidate_method=en_wiktionary_sense_bound_uk_translation; sense_source='English Wiktionary'; sense_gloss='act of restoring'; gloss_definition_similarity=0.589; morphology='V6 pymorphy3 uk canonical lemma PASS after Unicode/stress normalization; tag=NOUN,inan neut,nomn; score=1.0000'; surface_mt_never_sole_pass=PASS	відновлення
MANUAL_EMERGENCY_WORK_20260820_FIRST_PASS_V7_round04	ox5000-948b85bbe7732bc16534	recount	verb	C1	https://www.oxfordlearnersdictionaries.com/us/definition/english/recount1_1	MANUAL_EMERGENCY_WORK V7 exact Oxford identity; source_index=4301; definition_path=/us/definition/english/recount1_1; exact_definition='to tell somebody about something, especially something that you have experienced'; selected_candidate_method=en_wiktionary_sense_bound_uk_translation; sense_source='English Wiktionary'; sense_gloss='to tell, narrate'; gloss_definition_similarity=0.530; morphology='V6 pymorphy3 uk canonical lemma PASS after Unicode/stress normalization; tag=VERB,impf infn; score=1.0000'; surface_mt_never_sole_pass=PASS	розповідати
MANUAL_EMERGENCY_WORK_20260820_FIRST_PASS_V7_round04	ox5000-8f636332013cc3a777c9	recovery	noun	B2	https://www.oxfordlearnersdictionaries.com/us/definition/english/recovery	MANUAL_EMERGENCY_WORK V7 exact Oxford identity; source_index=4303; definition_path=/us/definition/english/recovery; exact_definition='the process of becoming well again after an illness or injury'; selected_candidate_method=Helsinki-NLP/opus-mt-en-uk_surface_candidate; sense_source=''; sense_gloss=''; gloss_definition_similarity=1.000; morphology='V6 pymorphy3 uk canonical lemma PASS after Unicode/stress normalization; tag=NOUN,inan neut,nomn; score=1.0000'; surface_mt_never_sole_pass=PASS	відновлення
MANUAL_EMERGENCY_WORK_20260820_FIRST_PASS_V7_round04	ox5000-2fed7b0a384991dc97d4	recruit	noun	B2	https://www.oxfordlearnersdictionaries.com/us/definition/english/recruit_2	MANUAL_EMERGENCY_WORK V7 exact Oxford identity; source_index=4304; definition_path=/us/definition/english/recruit_2; exact_definition='a person who has recently joined the armed forces or the police'; selected_candidate_method=en_wiktionary_sense_bound_uk_translation; sense_source='English Wiktionary'; sense_gloss='newly enlisted soldier'; gloss_definition_similarity=0.703; morphology='V6 pymorphy3 uk canonical lemma PASS after Unicode/stress normalization; tag=NOUN,anim masc,nomn; score=1.0000'; surface_mt_never_sole_pass=PASS	новобранець
MANUAL_EMERGENCY_WORK_20260820_FIRST_PASS_V7_round04	ox5000-585e02d27fde1a6416d9	recruit	verb	B2	https://www.oxfordlearnersdictionaries.com/us/definition/english/recruit_1	MANUAL_EMERGENCY_WORK V7 exact Oxford identity; source_index=4305; definition_path=/us/definition/english/recruit_1; exact_definition='to find new people to join a company, an organization, the armed forces, etc.'; selected_candidate_method=en_wiktionary_sense_bound_uk_translation; sense_source='English Wiktionary'; sense_gloss='to enroll or enlist new members or potential employees'; gloss_definition_similarity=0.672; morphology='V6 pymorphy3 uk canonical lemma PASS after Unicode/stress normalization; tag=VERB,perf infn; score=1.0000'; surface_mt_never_sole_pass=PASS	найняти
MANUAL_EMERGENCY_WORK_20260820_FIRST_PASS_V7_round04	ox5000-07b39c7d2b02aa9f8e69	recruitment	noun	B2	https://www.oxfordlearnersdictionaries.com/us/definition/english/recruitment	MANUAL_EMERGENCY_WORK V7 exact Oxford identity; source_index=4306; definition_path=/us/definition/english/recruitment; exact_definition='the act or process of finding new people to join a company, an organization, the armed forces, etc.'; selected_candidate_method=en_wiktionary_sense_bound_uk_translation; sense_source='English Wiktionary'; sense_gloss='process or art of finding candidates or recruits'; gloss_definition_similarity=0.610; morphology='V6 pymorphy3 uk canonical lemma PASS after Unicode/stress normalization; tag=NOUN,inan neut,nomn; score=1.0000'; surface_mt_never_sole_pass=PASS	вербування
MANUAL_EMERGENCY_WORK_20260820_FIRST_PASS_V7_round04	ox5000-9d471a0aecbe7bc0ce6c	referee	noun	B2	https://www.oxfordlearnersdictionaries.com/us/definition/english/referee_1	MANUAL_EMERGENCY_WORK V7 exact Oxford identity; source_index=4313; definition_path=/us/definition/english/referee_1; exact_definition='the official who controls the game in some sports'; selected_candidate_method=Helsinki-NLP/opus-mt-en-uk_surface_candidate; sense_source=''; sense_gloss=''; gloss_definition_similarity=1.000; morphology='V6 no Ukrainian lexical token after Unicode/stress normalization'; surface_mt_never_sole_pass=PASS	recipee
MANUAL_EMERGENCY_WORK_20260820_FIRST_PASS_V7_round04	ox5000-cb92c41178d16df358d5	referendum	noun	C1	https://www.oxfordlearnersdictionaries.com/us/definition/english/referendum	MANUAL_EMERGENCY_WORK V7 exact Oxford identity; source_index=4315; definition_path=/us/definition/english/referendum; exact_definition='an occasion when all the people of a country can vote on an important issue'; selected_candidate_method=en_wiktionary_sense_bound_uk_translation; sense_source='English Wiktionary'; sense_gloss='direct popular vote'; gloss_definition_similarity=0.521; morphology='V6 pymorphy3 uk canonical lemma PASS after Unicode/stress normalization; tag=NOUN,inan masc,nomn; score=1.0000'; surface_mt_never_sole_pass=PASS	референдум
MANUAL_EMERGENCY_WORK_20260820_FIRST_PASS_V7_round04	ox5000-bd41821d02479eb199aa	reflection	noun	C1	https://www.oxfordlearnersdictionaries.com/us/definition/english/reflection	MANUAL_EMERGENCY_WORK V7 exact Oxford identity; source_index=4317; definition_path=/us/definition/english/reflection; exact_definition='an image in a mirror, on a shiny surface, on water, etc.'; selected_candidate_method=en_wiktionary_sense_bound_uk_translation; sense_source='English Wiktionary'; sense_gloss='act of reflecting; the state of being reflected'; gloss_definition_similarity=0.410; morphology='V6 pymorphy3 uk canonical lemma PASS after Unicode/stress normalization; tag=NOUN,inan neut,nomn; score=1.0000'; surface_mt_never_sole_pass=PASS	відбиття
MANUAL_EMERGENCY_WORK_20260820_FIRST_PASS_V7_round04	ox5000-1d95ed508bd14265061f	reform	noun	C1	https://www.oxfordlearnersdictionaries.com/us/definition/english/reform_1	MANUAL_EMERGENCY_WORK V7 exact Oxford identity; source_index=4318; definition_path=/us/definition/english/reform_1; exact_definition='change that is made to a social system, an organization, etc. in order to improve or correct it'; selected_candidate_method=en_wiktionary_sense_bound_uk_translation; sense_source='English Wiktionary'; sense_gloss='amendment'; gloss_definition_similarity=0.194; morphology='V6 pymorphy3 uk canonical lemma PASS after Unicode/stress normalization; tag=NOUN,inan femn,nomn; score=1.0000'; surface_mt_never_sole_pass=PASS	реформа
MANUAL_EMERGENCY_WORK_20260820_FIRST_PASS_V7_round04	ox5000-be774d750b11aad42701	reform	verb	C1	https://www.oxfordlearnersdictionaries.com/us/definition/english/reform_2	MANUAL_EMERGENCY_WORK V7 exact Oxford identity; source_index=4319; definition_path=/us/definition/english/reform_2; exact_definition='to improve a system, an organization, a law, etc. by making changes to it'; selected_candidate_method=en_wiktionary_sense_bound_uk_translation; sense_source='English Wiktionary'; sense_gloss='to put into a new and improved form or condition'; gloss_definition_similarity=0.517; morphology='V6 pymorphy3 uk canonical lemma PASS after Unicode/stress normalization; tag=VERB,impf infn; score=1.0000'; surface_mt_never_sole_pass=PASS	реформувати
MANUAL_EMERGENCY_WORK_20260820_FIRST_PASS_V7_round04	ox5000-57fa865cd40bc14f9f2e	refuge	noun	C1	https://www.oxfordlearnersdictionaries.com/us/definition/english/refuge	MANUAL_EMERGENCY_WORK V7 exact Oxford identity; source_index=4320; definition_path=/us/definition/english/refuge; exact_definition='shelter or protection from danger, trouble, etc.'; selected_candidate_method=en_wiktionary_sense_bound_uk_translation; sense_source='English Wiktionary'; sense_gloss='place providing safety, protection or shelter'; gloss_definition_similarity=0.835; morphology='V6 pymorphy3 uk canonical lemma PASS after Unicode/stress normalization; tag=NOUN,inan masc,nomn; score=1.0000'; surface_mt_never_sole_pass=PASS	притулок
MANUAL_EMERGENCY_WORK_20260820_FIRST_PASS_V7_round04	ox5000-1f874af05695c3e7245e	refugee	noun	B2	https://www.oxfordlearnersdictionaries.com/us/definition/english/refugee	MANUAL_EMERGENCY_WORK V7 exact Oxford identity; source_index=4321; definition_path=/us/definition/english/refugee; exact_definition='a person who has been forced to leave their country or home, because there is a war or for political, religious or social reasons'; selected_candidate_method=en_wiktionary_sense_bound_uk_translation; sense_source='English Wiktionary'; sense_gloss='person seeking political asylum'; gloss_definition_similarity=0.565; morphology='V6 pymorphy3 uk canonical lemma PASS after Unicode/stress normalization; tag=NOUN,anim masc,nomn; score=1.0000'; surface_mt_never_sole_pass=PASS	біженець
MANUAL_EMERGENCY_WORK_20260820_FIRST_PASS_V7_round04	ox5000-d7e008335aeb580b9f87	refusal	noun	C1	https://www.oxfordlearnersdictionaries.com/us/definition/english/refusal	MANUAL_EMERGENCY_WORK V7 exact Oxford identity; source_index=4322; definition_path=/us/definition/english/refusal; exact_definition='an act of saying or showing that you will not do, give or accept something'; selected_candidate_method=en_wiktionary_sense_bound_uk_translation; sense_source='English Wiktionary'; sense_gloss='the act of refusing'; gloss_definition_similarity=0.692; morphology='V6 pymorphy3 uk canonical lemma PASS after Unicode/stress normalization; tag=NOUN,inan femn,nomn; score=1.0000'; surface_mt_never_sole_pass=PASS	відмова
MANUAL_EMERGENCY_WORK_20260820_FIRST_PASS_V7_round04	ox5000-dbd50724500be7d1c07d	regain	verb	C1	https://www.oxfordlearnersdictionaries.com/us/definition/english/regain	MANUAL_EMERGENCY_WORK V7 exact Oxford identity; source_index=4324; definition_path=/us/definition/english/regain; exact_definition='to get back something you no longer have, especially an ability or a quality'; selected_candidate_method=Helsinki-NLP/opus-mt-en-uk_surface_candidate; sense_source=''; sense_gloss=''; gloss_definition_similarity=1.000; morphology='V6 no Ukrainian lexical token after Unicode/stress normalization'; surface_mt_never_sole_pass=PASS	return
MANUAL_EMERGENCY_WORK_20260820_FIRST_PASS_V7_round04	ox5000-483abc4f09223bd18c48	regardless	adverb	C1	https://www.oxfordlearnersdictionaries.com/us/definition/english/regardless	MANUAL_EMERGENCY_WORK V7 exact Oxford identity; source_index=4327; definition_path=/us/definition/english/regardless; exact_definition='paying no attention, even if the situation is bad or there are difficulties'; selected_candidate_method=Helsinki-NLP/opus-mt-en-uk_surface_candidate; sense_source=''; sense_gloss=''; gloss_definition_similarity=1.000; morphology='V6 pymorphy3 uk canonical lemma PASS after Unicode/stress normalization; tag=ADVB; score=1.0000'; surface_mt_never_sole_pass=PASS	байдуже
MANUAL_EMERGENCY_WORK_20260820_FIRST_PASS_V7_round04	ox5000-770cb1cb41ee7278607c	regime	noun	C1	https://www.oxfordlearnersdictionaries.com/us/definition/english/regime	MANUAL_EMERGENCY_WORK V7 exact Oxford identity; source_index=4328; definition_path=/us/definition/english/regime; exact_definition='a method or system of government, especially one that has not been elected in a fair way'; selected_candidate_method=en_wiktionary_sense_bound_uk_translation; sense_source='English Wiktionary'; sense_gloss='form of government'; gloss_definition_similarity=0.691; morphology='V6 pymorphy3 uk canonical lemma PASS after Unicode/stress normalization; tag=NOUN,inan masc,nomn; score=1.0000'; surface_mt_never_sole_pass=PASS	режим
MANUAL_EMERGENCY_WORK_20260820_FIRST_PASS_V7_round04	ox5000-b7ec0bd40a2fc11dfaa3	registration	noun	B2	https://www.oxfordlearnersdictionaries.com/us/definition/english/registration	MANUAL_EMERGENCY_WORK V7 exact Oxford identity; source_index=4333; definition_path=/us/definition/english/registration; exact_definition='the act of making an official record of something/somebody'; selected_candidate_method=en_wiktionary_sense_bound_uk_translation; sense_source='English Wiktionary'; sense_gloss='the act of signing up or registering for something'; gloss_definition_similarity=0.693; morphology='V6 pymorphy3 uk canonical lemma PASS after Unicode/stress normalization; tag=NOUN,inan femn,nomn; score=1.0000'; surface_mt_never_sole_pass=PASS	реєстрація
MANUAL_EMERGENCY_WORK_20260820_FIRST_PASS_V7_round04	ox5000-5d112ff6a8457bb4ac57	regulate	verb	B2	https://www.oxfordlearnersdictionaries.com/us/definition/english/regulate	MANUAL_EMERGENCY_WORK V7 exact Oxford identity; source_index=4338; definition_path=/us/definition/english/regulate; exact_definition='to control something by means of rules'; selected_candidate_method=Helsinki-NLP/opus-mt-en-uk_surface_candidate; sense_source=''; sense_gloss=''; gloss_definition_similarity=1.000; morphology='V6 pymorphy3 uk canonical lemma PASS after Unicode/stress normalization; tag=VERB,impf infn; score=1.0000'; surface_mt_never_sole_pass=PASS	регулювати
MANUAL_EMERGENCY_WORK_20260820_FIRST_PASS_V7_round04	ox5000-3f70ec0b50c6082d68cd	regulator	noun	C1	https://www.oxfordlearnersdictionaries.com/us/definition/english/regulator	MANUAL_EMERGENCY_WORK V7 exact Oxford identity; source_index=4340; definition_path=/us/definition/english/regulator; exact_definition='a person or an organization that officially controls an area of business or industry and makes sure that it is operating fairly'; selected_candidate_method=en_wiktionary_sense_bound_uk_translation; sense_source='English Wiktionary'; sense_gloss='person or group that sets standards of practice'; gloss_definition_similarity=0.553; morphology='V6 pymorphy3 uk canonical lemma PASS after Unicode/stress normalization; tag=NOUN,anim femn,nomn; score=1.0000'; surface_mt_never_sole_pass=PASS	регулювальниця
MANUAL_EMERGENCY_WORK_20260820_FIRST_PASS_V7_round04	ox5000-89fc68aa89e0ce017d46	regulatory	adjective	C1	https://www.oxfordlearnersdictionaries.com/us/definition/english/regulatory	"MANUAL_EMERGENCY_WORK V7 exact Oxford identity; source_index=4341; definition_path=/us/definition/english/regulatory; exact_definition='having the power to control an area of business or industry and make sure that it is operating fairly'; selected_candidate_method=Helsinki-NLP/opus-mt-en-uk_surface_candidate; sense_source=''; sense_gloss=''; gloss_definition_similarity=1.000; morphology=""V6 pymorphy3 uk has no requested-POS parse for 'Регулятор'""; surface_mt_never_sole_pass=PASS"	Регулятор
MANUAL_EMERGENCY_WORK_20260820_FIRST_PASS_V7_round04	ox5000-ddf683838d0c717cdaa6	rehabilitation	noun	C1	https://www.oxfordlearnersdictionaries.com/us/definition/english/rehabilitation	MANUAL_EMERGENCY_WORK V7 exact Oxford identity; source_index=4342; definition_path=/us/definition/english/rehabilitation; exact_definition='the process of helping somebody to return to a normal, healthy life after they have been in prison or very ill'; selected_candidate_method=en_wiktionary_sense_bound_uk_translation; sense_source='English Wiktionary'; sense_gloss='process'; gloss_definition_similarity=0.231; morphology='V6 pymorphy3 uk canonical lemma PASS after Unicode/stress normalization; tag=NOUN,inan femn,nomn; score=1.0000'; surface_mt_never_sole_pass=PASS	реабілітація
MANUAL_EMERGENCY_WORK_20260820_FIRST_PASS_V7_round04	ox5000-c75dbfcf2cdc43a6bffd	reign	noun	C1	https://www.oxfordlearnersdictionaries.com/us/definition/english/reign_1	MANUAL_EMERGENCY_WORK V7 exact Oxford identity; source_index=4343; definition_path=/us/definition/english/reign_1; exact_definition='the period during which a king, queen, emperor , etc. rules'; selected_candidate_method=en_wiktionary_sense_bound_uk_translation; sense_source='English Wiktionary'; sense_gloss='the period during which a monarch rules'; gloss_definition_similarity=0.895; morphology='V6 pymorphy3 uk canonical lemma PASS after Unicode/stress normalization; tag=NOUN,inan neut,nomn; score=1.0000'; surface_mt_never_sole_pass=PASS	царювання
MANUAL_EMERGENCY_WORK_20260820_FIRST_PASS_V7_round04	ox5000-7d47951ec14eb266e85b	reign	verb	C1	https://www.oxfordlearnersdictionaries.com/us/definition/english/reign_2	MANUAL_EMERGENCY_WORK V7 exact Oxford identity; source_index=4344; definition_path=/us/definition/english/reign_2; exact_definition='to rule as king, queen, emperor , etc.'; selected_candidate_method=en_wiktionary_sense_bound_uk_translation; sense_source='English Wiktionary'; sense_gloss='exercise sovereign power'; gloss_definition_similarity=0.593; morphology='V6 pymorphy3 uk canonical lemma PASS after Unicode/stress normalization; tag=VERB,impf infn; score=1.0000'; surface_mt_never_sole_pass=PASS	царювати
MANUAL_EMERGENCY_WORK_20260820_FIRST_PASS_V7_round04	ox5000-cc2967651d71a7068ca8	reinforce	verb	B2	https://www.oxfordlearnersdictionaries.com/us/definition/english/reinforce	MANUAL_EMERGENCY_WORK V7 exact Oxford identity; source_index=4345; definition_path=/us/definition/english/reinforce; exact_definition='to make a feeling, an idea, etc. stronger'; selected_candidate_method=Helsinki-NLP/opus-mt-en-uk_surface_candidate; sense_source=''; sense_gloss=''; gloss_definition_similarity=1.000; morphology='V6 pymorphy3 uk canonical lemma PASS after Unicode/stress normalization; tag=VERB,impf infn; score=1.0000'; surface_mt_never_sole_pass=PASS	укріплювати
MANUAL_EMERGENCY_WORK_20260820_FIRST_PASS_V7_round04	ox5000-cb8f971d89616d8fc057	rejection	noun	C1	https://www.oxfordlearnersdictionaries.com/us/definition/english/rejection	MANUAL_EMERGENCY_WORK V7 exact Oxford identity; source_index=4347; definition_path=/us/definition/english/rejection; exact_definition='the act of refusing to accept or consider something'; selected_candidate_method=en_wiktionary_sense_bound_uk_translation; sense_source='English Wiktionary'; sense_gloss='act of rejecting'; gloss_definition_similarity=0.846; morphology='V6 pymorphy3 uk canonical lemma PASS after Unicode/stress normalization; tag=NOUN,inan femn,nomn; score=1.0000'; surface_mt_never_sole_pass=PASS	відмова
MANUAL_EMERGENCY_WORK_20260820_FIRST_PASS_V7_round04	ox5000-647655f1ee5e1d3ecef4	relevance	noun	C1	https://www.oxfordlearnersdictionaries.com/us/definition/english/relevance	MANUAL_EMERGENCY_WORK V7 exact Oxford identity; source_index=4360; definition_path=/us/definition/english/relevance; exact_definition='a close connection with the subject you are discussing or the situation you are in'; selected_candidate_method=Helsinki-NLP/opus-mt-en-uk_surface_candidate; sense_source=''; sense_gloss=''; gloss_definition_similarity=1.000; morphology='V6 pymorphy3 uk canonical lemma PASS after Unicode/stress normalization; tag=NOUN,inan femn,nomn; score=1.0000'; surface_mt_never_sole_pass=PASS	доступність
MANUAL_EMERGENCY_WORK_20260820_FIRST_PASS_V7_round04	ox5000-f803ff8677e60cca35f4	reliability	noun	C1	https://www.oxfordlearnersdictionaries.com/us/definition/english/reliability	MANUAL_EMERGENCY_WORK V7 exact Oxford identity; source_index=4362; definition_path=/us/definition/english/reliability; exact_definition='the quality of being able to be trusted to do what somebody wants or needs'; selected_candidate_method=en_wiktionary_sense_bound_uk_translation; sense_source='English Wiktionary'; sense_gloss='quality of being reliable'; gloss_definition_similarity=0.594; morphology='V6 pymorphy3 uk canonical lemma PASS after Unicode/stress normalization; tag=NOUN,inan femn,nomn; score=1.0000'; surface_mt_never_sole_pass=PASS	надійність
MANUAL_EMERGENCY_WORK_20260820_FIRST_PASS_V7_round04	ox5000-302058e7a3d7857fa595	relieve	verb	B2	https://www.oxfordlearnersdictionaries.com/us/definition/english/relieve	MANUAL_EMERGENCY_WORK V7 exact Oxford identity; source_index=4365; definition_path=/us/definition/english/relieve; exact_definition='to remove or reduce an unpleasant feeling or pain'; selected_candidate_method=Helsinki-NLP/opus-mt-en-uk_surface_candidate; sense_source=''; sense_gloss=''; gloss_definition_similarity=1.000; morphology='V6 pymorphy3 uk canonical lemma PASS after Unicode/stress normalization; tag=VERB,perf infn; score=1.0000'; surface_mt_never_sole_pass=PASS	увімкнути
MANUAL_EMERGENCY_WORK_20260820_FIRST_PASS_V7_round04	ox5000-b992f758262a990feb46	relieved	adjective	B2	https://www.oxfordlearnersdictionaries.com/us/definition/english/relieved	MANUAL_EMERGENCY_WORK V7 exact Oxford identity; source_index=4366; definition_path=/us/definition/english/relieved; exact_definition='feeling happy because something unpleasant has stopped or has not happened; showing this'; selected_candidate_method=Helsinki-NLP/opus-mt-en-uk_surface_candidate; sense_source=''; sense_gloss=''; gloss_definition_similarity=1.000; morphology='adjective candidate has no plausible Ukrainian adjective morphology'; surface_mt_never_sole_pass=PASS	з' єднання
MANUAL_EMERGENCY_WORK_20260820_FIRST_PASS_V7_round04	ox5000-30e4fdf929282bee2e41	reluctant	adjective	C1	https://www.oxfordlearnersdictionaries.com/us/definition/english/reluctant	MANUAL_EMERGENCY_WORK V7 exact Oxford identity; source_index=4369; definition_path=/us/definition/english/reluctant; exact_definition='hesitating before doing something because you do not want to do it or because you are not sure that it is the right thing to do'; selected_candidate_method=Helsinki-NLP/opus-mt-en-uk_surface_candidate; sense_source=''; sense_gloss=''; gloss_definition_similarity=1.000; morphology='V6 pymorphy3 uk canonical lemma PASS after Unicode/stress normalization; tag=ADJF masc,nomn; score=1.0000'; surface_mt_never_sole_pass=PASS	неохочий
MANUAL_EMERGENCY_WORK_20260820_FIRST_PASS_V7_round04	ox5000-ad3d9b9fbe9bfc9922d4	remainder	noun	C1	https://www.oxfordlearnersdictionaries.com/us/definition/english/remainder_1	MANUAL_EMERGENCY_WORK V7 exact Oxford identity; source_index=4372; definition_path=/us/definition/english/remainder_1; exact_definition='the people, things or time that remain'; selected_candidate_method=en_wiktionary_sense_bound_uk_translation; sense_source='English Wiktionary'; sense_gloss='what remains after some has been removed'; gloss_definition_similarity=0.365; morphology='V6 pymorphy3 uk canonical lemma PASS after Unicode/stress normalization; tag=NOUN,inan femn,nomn; score=1.0000'; surface_mt_never_sole_pass=PASS	решта
MANUAL_EMERGENCY_WORK_20260820_FIRST_PASS_V7_round04	ox5000-eaf9c9c29dc9134fdc06	remains	noun	C1	https://www.oxfordlearnersdictionaries.com/us/definition/english/remains	MANUAL_EMERGENCY_WORK V7 exact Oxford identity; source_index=4373; definition_path=/us/definition/english/remains; exact_definition='the parts of something that are left after the other parts have been used, eaten, removed, etc.'; selected_candidate_method=Helsinki-NLP/opus-mt-en-uk_surface_candidate; sense_source=''; sense_gloss=''; gloss_definition_similarity=1.000; morphology='V6 pymorphy3 uk canonical lemma PASS after Unicode/stress normalization; tag=NOUN,inan masc,nomn; score=1.0000'; surface_mt_never_sole_pass=PASS	останок
MANUAL_EMERGENCY_WORK_20260820_FIRST_PASS_V7_round04	ox5000-c5cf348853a28d5a4697	remarkable	adjective	B2	https://www.oxfordlearnersdictionaries.com/us/definition/english/remarkable	MANUAL_EMERGENCY_WORK V7 exact Oxford identity; source_index=4376; definition_path=/us/definition/english/remarkable; exact_definition='unusual or surprising in a way that causes people to take notice'; selected_candidate_method=Helsinki-NLP/opus-mt-en-uk_surface_candidate; sense_source=''; sense_gloss=''; gloss_definition_similarity=1.000; morphology='V6 pymorphy3 uk canonical lemma PASS after Unicode/stress normalization; tag=ADJF,compb masc,nomn; score=1.0000'; surface_mt_never_sole_pass=PASS	надзвичайний
MANUAL_EMERGENCY_WORK_20260820_FIRST_PASS_V7_round04	ox5000-7d9c7f501d331eeb13b1	remarkably	adverb	B2	https://www.oxfordlearnersdictionaries.com/us/definition/english/remarkably	MANUAL_EMERGENCY_WORK V7 exact Oxford identity; source_index=4377; definition_path=/us/definition/english/remarkably; exact_definition='in a way that is unusual or surprising and causes people to take notice'; selected_candidate_method=Helsinki-NLP/opus-mt-en-uk_surface_candidate; sense_source=''; sense_gloss=''; gloss_definition_similarity=1.000; morphology='V6 pymorphy3 uk canonical lemma PASS after Unicode/stress normalization; tag=ADVB,compb; score=1.0000'; surface_mt_never_sole_pass=PASS	дивовижно
MANUAL_EMERGENCY_WORK_20260820_FIRST_PASS_V7_round04	ox5000-7a422dddafa973b3ef5b	remedy	noun	C1	https://www.oxfordlearnersdictionaries.com/us/definition/english/remedy_1	MANUAL_EMERGENCY_WORK V7 exact Oxford identity; source_index=4378; definition_path=/us/definition/english/remedy_1; exact_definition='a way of dealing with or improving an unpleasant or difficult situation'; selected_candidate_method=Helsinki-NLP/opus-mt-en-uk_surface_candidate; sense_source=''; sense_gloss=''; gloss_definition_similarity=1.000; morphology='V6 pymorphy3 uk canonical lemma PASS after Unicode/stress normalization; tag=NOUN,plur,Pltm,inan nomn; score=1.0000'; surface_mt_never_sole_pass=PASS	ліки
MANUAL_EMERGENCY_WORK_20260820_FIRST_PASS_V7_round04	ox5000-2d10dd4cc44f2dc69524	reminder	noun	C1	https://www.oxfordlearnersdictionaries.com/us/definition/english/reminder	MANUAL_EMERGENCY_WORK V7 exact Oxford identity; source_index=4381; definition_path=/us/definition/english/reminder; exact_definition='something that makes you think about or remember somebody/something, that you have forgotten or would like to forget'; selected_candidate_method=en_wiktionary_sense_bound_uk_translation; sense_source='English Wiktionary'; sense_gloss='something that reminds'; gloss_definition_similarity=0.691; morphology='V6 pymorphy3 uk canonical lemma PASS after Unicode/stress normalization; tag=NOUN,inan neut,nomn; score=1.0000'; surface_mt_never_sole_pass=PASS	пригадування
MANUAL_EMERGENCY_WORK_20260820_FIRST_PASS_V7_round04	ox5000-b3b931657b2f20d42654	removal	noun	C1	https://www.oxfordlearnersdictionaries.com/us/definition/english/removal	MANUAL_EMERGENCY_WORK V7 exact Oxford identity; source_index=4383; definition_path=/us/definition/english/removal; exact_definition='the act of taking somebody/something away from a particular place'; selected_candidate_method=Helsinki-NLP/opus-mt-en-uk_surface_candidate; sense_source=''; sense_gloss=''; gloss_definition_similarity=1.000; morphology='V6 pymorphy3 uk canonical lemma PASS after Unicode/stress normalization; tag=NOUN,inan neut,nomn; score=1.0000'; surface_mt_never_sole_pass=PASS	вилучення
MANUAL_EMERGENCY_WORK_20260820_FIRST_PASS_V7_round04	ox5000-72494ae94d9b371b61d7	render	verb	C1	https://www.oxfordlearnersdictionaries.com/us/definition/english/render	MANUAL_EMERGENCY_WORK V7 exact Oxford identity; source_index=4385; definition_path=/us/definition/english/render; exact_definition='to cause somebody/something to be in a particular state or condition'; selected_candidate_method=en_wiktionary_sense_bound_uk_translation; sense_source='English Wiktionary'; sense_gloss='to transform digital information in the form received from a repository into a display on a computer screen, or for other presentation to the user'; gloss_definition_similarity=0.087; morphology='V6 pymorphy3 uk canonical lemma PASS after Unicode/stress normalization; tag=VERB,perf infn; score=0.0138'; surface_mt_never_sole_pass=PASS	відрендерити
MANUAL_EMERGENCY_WORK_20260820_FIRST_PASS_V7_round04	ox5000-eb3cacd1e12c5acc5328	renew	verb	C1	https://www.oxfordlearnersdictionaries.com/us/definition/english/renew	MANUAL_EMERGENCY_WORK V7 exact Oxford identity; source_index=4386; definition_path=/us/definition/english/renew; exact_definition='to begin something again after it stopped or was interrupted'; selected_candidate_method=en_wiktionary_sense_bound_uk_translation; sense_source='English Wiktionary'; sense_gloss='to make new again'; gloss_definition_similarity=0.415; morphology='V6 pymorphy3 uk canonical lemma PASS after Unicode/stress normalization; tag=VERB,impf infn; score=1.0000'; surface_mt_never_sole_pass=PASS	відновлювати
MANUAL_EMERGENCY_WORK_20260820_FIRST_PASS_V7_round04	ox5000-de598a185376641994a0	renowned	adjective	C1	https://www.oxfordlearnersdictionaries.com/us/definition/english/renowned	MANUAL_EMERGENCY_WORK V7 exact Oxford identity; source_index=4387; definition_path=/us/definition/english/renowned; exact_definition='famous and respected'; selected_candidate_method=en_wiktionary_sense_bound_uk_translation; sense_source='English Wiktionary'; sense_gloss='famous'; gloss_definition_similarity=0.848; morphology='V6 pymorphy3 uk canonical lemma PASS after Unicode/stress normalization; tag=ADJF,compb masc,nomn; score=1.0000'; surface_mt_never_sole_pass=PASS	знаменитий
MANUAL_EMERGENCY_WORK_20260820_FIRST_PASS_V7_round04	ox5000-c38154f0b0dc7bc68cca	rental	noun	C1	https://www.oxfordlearnersdictionaries.com/us/definition/english/rental	MANUAL_EMERGENCY_WORK V7 exact Oxford identity; source_index=4390; definition_path=/us/definition/english/rental; exact_definition='the amount of money that you pay to use something for a particular period of time'; selected_candidate_method=Helsinki-NLP/opus-mt-en-uk_surface_candidate; sense_source=''; sense_gloss=''; gloss_definition_similarity=1.000; morphology='V6 pymorphy3 uk canonical lemma PASS after Unicode/stress normalization; tag=NOUN,inan femn,nomn; score=1.0000'; surface_mt_never_sole_pass=PASS	оренда
MANUAL_EMERGENCY_WORK_20260820_FIRST_PASS_V7_round04	ox5000-51727a0baf0fdc68ff9c	replacement	noun	C1	https://www.oxfordlearnersdictionaries.com/us/definition/english/replacement	MANUAL_EMERGENCY_WORK V7 exact Oxford identity; source_index=4397; definition_path=/us/definition/english/replacement; exact_definition='the act of replacing one thing with another, especially something that is newer or better'; selected_candidate_method=en_wiktionary_sense_bound_uk_translation; sense_source='English Wiktionary'; sense_gloss='act of replacing'; gloss_definition_similarity=0.756; morphology='V6 pymorphy3 uk canonical lemma PASS after Unicode/stress normalization; tag=NOUN,inan femn,nomn; score=1.0000'; surface_mt_never_sole_pass=PASS	заміна
MANUAL_EMERGENCY_WORK_20260820_FIRST_PASS_V7_round04	ox5000-807618fb1ab06afab56f	reportedly	adverb	C1	https://www.oxfordlearnersdictionaries.com/us/definition/english/reportedly	"MANUAL_EMERGENCY_WORK V7 exact Oxford identity; source_index=4402; definition_path=/us/definition/english/reportedly; exact_definition='according to what some people say'; selected_candidate_method=Helsinki-NLP/opus-mt-en-uk_surface_candidate; sense_source=''; sense_gloss=''; gloss_definition_similarity=1.000; morphology=""V6 pymorphy3 uk has no requested-POS parse for 'кажуть'""; surface_mt_never_sole_pass=PASS"	кажуть
MANUAL_EMERGENCY_WORK_20260820_FIRST_PASS_V7_round04	ox5000-d551fb505cb60befe61d	reporting	noun	B2	https://www.oxfordlearnersdictionaries.com/us/definition/english/reporting	MANUAL_EMERGENCY_WORK V7 exact Oxford identity; source_index=4404; definition_path=/us/definition/english/reporting; exact_definition='the presenting of and writing about news on television and radio, and in newspapers'; selected_candidate_method=Helsinki-NLP/opus-mt-en-uk_surface_candidate; sense_source=''; sense_gloss=''; gloss_definition_similarity=1.000; morphology='V6 pymorphy3 uk canonical lemma PASS after Unicode/stress normalization; tag=NOUN,inan neut,nomn; score=1.0000'; surface_mt_never_sole_pass=PASS	звітування
MANUAL_EMERGENCY_WORK_20260820_FIRST_PASS_V7_round04	ox5000-26aafd547d2b978fab33	representation	noun	C1	https://www.oxfordlearnersdictionaries.com/us/definition/english/representation	MANUAL_EMERGENCY_WORK V7 exact Oxford identity; source_index=4406; definition_path=/us/definition/english/representation; exact_definition='the act of presenting somebody/something in a particular way; something that shows or describes something'; selected_candidate_method=Helsinki-NLP/opus-mt-en-uk_surface_candidate; sense_source=''; sense_gloss=''; gloss_definition_similarity=1.000; morphology='V6 pymorphy3 uk canonical lemma PASS after Unicode/stress normalization; tag=NOUN,inan neut,nomn; score=1.0000'; surface_mt_never_sole_pass=PASS	представлення
MANUAL_EMERGENCY_WORK_20260820_FIRST_PASS_V7_round04	ox5000-c3bb081811e8ea86c41e	reproduce	verb	C1	https://www.oxfordlearnersdictionaries.com/us/definition/english/reproduce	"MANUAL_EMERGENCY_WORK V7 exact Oxford identity; source_index=4409; definition_path=/us/definition/english/reproduce; exact_definition='to make a copy of a picture, piece of text, etc.'; selected_candidate_method=Helsinki-NLP/opus-mt-en-uk_surface_candidate; sense_source=''; sense_gloss=''; gloss_definition_similarity=1.000; morphology=""V6 pymorphy3 uk has no requested-POS parse for 'відтворення'""; surface_mt_never_sole_pass=PASS"	відтворення
MANUAL_EMERGENCY_WORK_20260820_FIRST_PASS_V7_round04	ox5000-6cefb270b02e3e99fea6	reproduction	noun	C1	https://www.oxfordlearnersdictionaries.com/us/definition/english/reproduction	MANUAL_EMERGENCY_WORK V7 exact Oxford identity; source_index=4410; definition_path=/us/definition/english/reproduction; exact_definition='the act or process of producing babies, young animals or plants'; selected_candidate_method=en_wiktionary_sense_bound_uk_translation; sense_source='English Wiktionary'; sense_gloss='the act of reproducing new individuals biologically|procreation'; gloss_definition_similarity=0.579; morphology='V6 pymorphy3 uk canonical lemma PASS after Unicode/stress normalization; tag=NOUN,inan neut,nomn; score=1.0000'; surface_mt_never_sole_pass=PASS	розмноження
MANUAL_EMERGENCY_WORK_20260820_FIRST_PASS_V7_round04	ox5000-471ca43ce42bd1eee79a	republic	noun	C1	https://www.oxfordlearnersdictionaries.com/us/definition/english/republic	MANUAL_EMERGENCY_WORK V7 exact Oxford identity; source_index=4411; definition_path=/us/definition/english/republic; exact_definition='a country that is governed by a president and politicians elected by the people and where there is no king or queen'; selected_candidate_method=en_wiktionary_sense_bound_uk_translation; sense_source='English Wiktionary'; sense_gloss='a type of state'; gloss_definition_similarity=0.362; morphology='V6 pymorphy3 uk canonical lemma PASS after Unicode/stress normalization; tag=NOUN,femn,inan nomn; score=1.0000'; surface_mt_never_sole_pass=PASS	республіка
MANUAL_EMERGENCY_WORK_20260820_FIRST_PASS_V7_round04	ox5000-e479fa4b3f34648974c8	resemble	verb	C1	https://www.oxfordlearnersdictionaries.com/us/definition/english/resemble	"MANUAL_EMERGENCY_WORK V7 exact Oxford identity; source_index=4422; definition_path=/us/definition/english/resemble; exact_definition='to look like or be similar to another person or thing'; selected_candidate_method=Helsinki-NLP/opus-mt-en-uk_surface_candidate; sense_source=''; sense_gloss=''; gloss_definition_similarity=1.000; morphology=""V6 pymorphy3 uk has no requested-POS parse for 'подібно'""; surface_mt_never_sole_pass=PASS"	подібно
MANUAL_EMERGENCY_WORK_20260820_FIRST_PASS_V7_round04	ox5000-3e450a4dbd3782654ccb	reside	verb	C1	https://www.oxfordlearnersdictionaries.com/us/definition/english/reside	MANUAL_EMERGENCY_WORK V7 exact Oxford identity; source_index=4426; definition_path=/us/definition/english/reside; exact_definition='to live in a particular place'; selected_candidate_method=en_wiktionary_sense_bound_uk_translation; sense_source='English Wiktionary'; sense_gloss='to dwell permanently or for a considerable time'; gloss_definition_similarity=0.589; morphology='V6 pymorphy3 uk canonical lemma PASS after Unicode/stress normalization; tag=VERB,impf infn; score=1.0000'; surface_mt_never_sole_pass=PASS	жити
MANUAL_EMERGENCY_WORK_20260820_FIRST_PASS_V7_round04	ox5000-dc3467fb5f0849fdcdc4	residence	noun	C1	https://www.oxfordlearnersdictionaries.com/us/definition/english/residence	MANUAL_EMERGENCY_WORK V7 exact Oxford identity; source_index=4427; definition_path=/us/definition/english/residence; exact_definition='a house, especially a large or impressive one'; selected_candidate_method=en_wiktionary_sense_bound_uk_translation; sense_source='English Wiktionary'; sense_gloss='building used as a home'; gloss_definition_similarity=0.745; morphology='V6 pymorphy3 uk canonical lemma PASS after Unicode/stress normalization; tag=NOUN,inan neut,nomn; score=1.0000'; surface_mt_never_sole_pass=PASS	житло
MANUAL_EMERGENCY_WORK_20260820_FIRST_PASS_V7_round04	ox5000-512b88682f546a2c0938	residential	adjective	C1	https://www.oxfordlearnersdictionaries.com/us/definition/english/residential	MANUAL_EMERGENCY_WORK V7 exact Oxford identity; source_index=4430; definition_path=/us/definition/english/residential; exact_definition='suitable for living in; consisting of houses rather than factories or offices'; selected_candidate_method=en_wiktionary_sense_bound_uk_translation; sense_source='English Wiktionary'; sense_gloss='of or pertaining to a place of personal residence'; gloss_definition_similarity=0.608; morphology='V6 pymorphy3 uk canonical lemma PASS after Unicode/stress normalization; tag=ADJF masc,nomn; score=1.0000'; surface_mt_never_sole_pass=PASS	житловий
MANUAL_EMERGENCY_WORK_20260820_FIRST_PASS_V7_round04	ox5000-68db8de8e4fc890ab09c	residue	noun	C1	https://www.oxfordlearnersdictionaries.com/us/definition/english/residue	MANUAL_EMERGENCY_WORK V7 exact Oxford identity; source_index=4431; definition_path=/us/definition/english/residue; exact_definition='a small amount of something that remains at the end of a process'; selected_candidate_method=Helsinki-NLP/opus-mt-en-uk_surface_candidate; sense_source=''; sense_gloss=''; gloss_definition_similarity=1.000; morphology='V6 pymorphy3 uk canonical lemma PASS after Unicode/stress normalization; tag=NOUN,inan masc,nomn; score=1.0000'; surface_mt_never_sole_pass=PASS	залишок
MANUAL_EMERGENCY_WORK_20260820_FIRST_PASS_V7_round04	ox5000-20a1f65811686513d9f4	resign	verb	B2	https://www.oxfordlearnersdictionaries.com/us/definition/english/resign	MANUAL_EMERGENCY_WORK V7 exact Oxford identity; source_index=4432; definition_path=/us/definition/english/resign; exact_definition='to officially tell somebody that you are leaving your job, an organization, etc.'; selected_candidate_method=en_wiktionary_sense_bound_uk_translation; sense_source='English Wiktionary'; sense_gloss='quit a job or position'; gloss_definition_similarity=0.527; morphology='parenthetical/model annotation contamination'; surface_mt_never_sole_pass=PASS	іти у [[відставка
MANUAL_EMERGENCY_WORK_20260820_FIRST_PASS_V7_round04	ox5000-ec47378a07e16683b704	resignation	noun	C1	https://www.oxfordlearnersdictionaries.com/us/definition/english/resignation	MANUAL_EMERGENCY_WORK V7 exact Oxford identity; source_index=4433; definition_path=/us/definition/english/resignation; exact_definition='the act of giving up your job or position; the occasion when you do this'; selected_candidate_method=en_wiktionary_sense_bound_uk_translation; sense_source='English Wiktionary'; sense_gloss='act of resigning'; gloss_definition_similarity=0.656; morphology='V6 pymorphy3 uk canonical lemma PASS after Unicode/stress normalization; tag=NOUN,inan femn,nomn; score=1.0000'; surface_mt_never_sole_pass=PASS	відставка
MANUAL_EMERGENCY_WORK_20260820_FIRST_PASS_V7_round04	ox5000-1ab91c8bb657fca97c46	resistance	noun	C1	https://www.oxfordlearnersdictionaries.com/us/definition/english/resistance	MANUAL_EMERGENCY_WORK V7 exact Oxford identity; source_index=4435; definition_path=/us/definition/english/resistance; exact_definition='dislike of or opposition to a plan, an idea, etc.; the act of refusing to obey'; selected_candidate_method=en_wiktionary_sense_bound_uk_translation; sense_source='English Wiktionary'; sense_gloss='act of resisting'; gloss_definition_similarity=0.626; morphology='V6 pymorphy3 uk canonical lemma PASS after Unicode/stress normalization; tag=NOUN,masc,inan nomn; score=1.0000'; surface_mt_never_sole_pass=PASS	спротив
MANUAL_EMERGENCY_WORK_20260820_FIRST_PASS_V7_round04	ox5000-41515350cf5b0dac18c0	resolution	noun	B2	https://www.oxfordlearnersdictionaries.com/us/definition/english/resolution	MANUAL_EMERGENCY_WORK V7 exact Oxford identity; source_index=4436; definition_path=/us/definition/english/resolution; exact_definition='a definite decision to do or not to do something'; selected_candidate_method=en_wiktionary_sense_bound_uk_translation; sense_source='English Wiktionary'; sense_gloss='statement of intent'; gloss_definition_similarity=0.438; morphology='V6 pymorphy3 uk canonical lemma PASS after Unicode/stress normalization; tag=NOUN,inan neut,nomn; score=1.0000'; surface_mt_never_sole_pass=PASS	рішення
MANUAL_EMERGENCY_WORK_20260820_FIRST_PASS_V7_round04	ox5000-0025be25ef16855099a4	respective	adjective	C1	https://www.oxfordlearnersdictionaries.com/us/definition/english/respective	MANUAL_EMERGENCY_WORK V7 exact Oxford identity; source_index=4442; definition_path=/us/definition/english/respective; exact_definition='belonging or relating separately to each of the people or things already mentioned'; selected_candidate_method=en_wiktionary_sense_bound_uk_translation; sense_source='English Wiktionary'; sense_gloss='referencing two or more things as individuals'; gloss_definition_similarity=0.685; morphology='V6 pymorphy3 uk canonical lemma PASS after Unicode/stress normalization; tag=ADJF,compb masc,nomn; score=1.0000'; surface_mt_never_sole_pass=PASS	відповідний
MANUAL_EMERGENCY_WORK_20260820_FIRST_PASS_V7_round04	ox5000-9728d53a61a5aee10a0f	respectively	adverb	C1	https://www.oxfordlearnersdictionaries.com/us/definition/english/respectively	MANUAL_EMERGENCY_WORK V7 exact Oxford identity; source_index=4443; definition_path=/us/definition/english/respectively; exact_definition='in the same order as the people or things already mentioned'; selected_candidate_method=en_wiktionary_sense_bound_uk_translation; sense_source='English Wiktionary'; sense_gloss='in a relative manner'; gloss_definition_similarity=0.555; morphology='V6 pymorphy3 uk canonical lemma PASS after Unicode/stress normalization; tag=ADVB,compb; score=1.0000'; surface_mt_never_sole_pass=PASS	відповідно
MANUAL_EMERGENCY_WORK_20260820_FIRST_PASS_V7_round04	ox5000-50e11205519ecec5b407	restoration	noun	C1	https://www.oxfordlearnersdictionaries.com/us/definition/english/restoration	MANUAL_EMERGENCY_WORK V7 exact Oxford identity; source_index=4451; definition_path=/us/definition/english/restoration; exact_definition='the work of repairing and cleaning an old building, a painting, etc. so that its condition is as good as it originally was'; selected_candidate_method=en_wiktionary_sense_bound_uk_translation; sense_source='English Wiktionary'; sense_gloss='the process of bringing an object back to its original state'; gloss_definition_similarity=0.250; morphology='V6 pymorphy3 uk canonical lemma PASS after Unicode/stress normalization; tag=NOUN,inan femn,nomn; score=1.0000'; surface_mt_never_sole_pass=PASS	відбудова
MANUAL_EMERGENCY_WORK_20260820_FIRST_PASS_V7_round04	ox5000-5d20149d99ee9637e163	restore	verb	B2	https://www.oxfordlearnersdictionaries.com/us/definition/english/restore	MANUAL_EMERGENCY_WORK V7 exact Oxford identity; source_index=4452; definition_path=/us/definition/english/restore; exact_definition='to bring back a situation or feeling that existed before'; selected_candidate_method=en_wiktionary_sense_bound_uk_translation; sense_source='English Wiktionary'; sense_gloss='to reestablish, or bring back into existence'; gloss_definition_similarity=0.693; morphology='V6 pymorphy3 uk canonical lemma PASS after Unicode/stress normalization; tag=VERB,impf infn; score=1.0000'; surface_mt_never_sole_pass=PASS	відновлювати
MANUAL_EMERGENCY_WORK_20260820_FIRST_PASS_V7_round04	ox5000-0670fb24df06e519b69b	restraint	noun	C1	https://www.oxfordlearnersdictionaries.com/us/definition/english/restraint	MANUAL_EMERGENCY_WORK V7 exact Oxford identity; source_index=4453; definition_path=/us/definition/english/restraint; exact_definition='a rule, a fact, an idea, etc. that limits or controls what people can do'; selected_candidate_method=Helsinki-NLP/opus-mt-en-uk_surface_candidate; sense_source=''; sense_gloss=''; gloss_definition_similarity=1.000; morphology='V6 pymorphy3 uk canonical lemma PASS after Unicode/stress normalization; tag=NOUN,inan femn,nomn; score=1.0000'; surface_mt_never_sole_pass=PASS	стриманість
MANUAL_EMERGENCY_WORK_20260820_FIRST_PASS_V7_round04	ox5000-91db5baf228ad1faa80b	restrict	verb	B2	https://www.oxfordlearnersdictionaries.com/us/definition/english/restrict	"MANUAL_EMERGENCY_WORK V7 exact Oxford identity; source_index=4454; definition_path=/us/definition/english/restrict; exact_definition='to limit the size, amount or range of something'; selected_candidate_method=Helsinki-NLP/opus-mt-en-uk_surface_candidate; sense_source=''; sense_gloss=''; gloss_definition_similarity=1.000; morphology=""V6 pymorphy3 uk has no requested-POS parse for 'обмеження'""; surface_mt_never_sole_pass=PASS"	обмеження
MANUAL_EMERGENCY_WORK_20260820_FIRST_PASS_V7_round04	ox5000-dfcb6fb371da1f235512	restriction	noun	B2	https://www.oxfordlearnersdictionaries.com/us/definition/english/restriction	MANUAL_EMERGENCY_WORK V7 exact Oxford identity; source_index=4455; definition_path=/us/definition/english/restriction; exact_definition='a rule or law that limits what you can do or what can happen'; selected_candidate_method=en_wiktionary_sense_bound_uk_translation; sense_source='English Wiktionary'; sense_gloss='regulation or limitation'; gloss_definition_similarity=0.603; morphology='V6 pymorphy3 uk canonical lemma PASS after Unicode/stress normalization; tag=NOUN,inan neut,nomn; score=1.0000'; surface_mt_never_sole_pass=PASS	обмеження
MANUAL_EMERGENCY_WORK_20260820_FIRST_PASS_V7_round04	ox5000-889a381eef3e62e7724c	resume	verb	C1	https://www.oxfordlearnersdictionaries.com/us/definition/english/resume_1	MANUAL_EMERGENCY_WORK V7 exact Oxford identity; source_index=4458; definition_path=/us/definition/english/resume_1; exact_definition='if you resume an activity, or if it resumes , it begins again or continues after being interrupted'; selected_candidate_method=Helsinki-NLP/opus-mt-en-uk_surface_candidate; sense_source=''; sense_gloss=''; gloss_definition_similarity=1.000; morphology='V6 no Ukrainian lexical token after Unicode/stress normalization'; surface_mt_never_sole_pass=PASS	refresh
MANUAL_EMERGENCY_WORK_20260820_FIRST_PASS_V7_round04	ox5000-4624f0a076289b652979	retail	noun	B2	https://www.oxfordlearnersdictionaries.com/us/definition/english/retail_1	MANUAL_EMERGENCY_WORK V7 exact Oxford identity; source_index=4459; definition_path=/us/definition/english/retail_1; exact_definition='the selling of goods to the public, usually through shops'; selected_candidate_method=en_wiktionary_sense_bound_uk_translation; sense_source='English Wiktionary'; sense_gloss='sale of goods directly to the consumer'; gloss_definition_similarity=0.836; morphology='V6 pymorphy3 uk canonical lemma PASS after Unicode/stress normalization; tag=NOUN,masc,inan nomn; score=1.0000'; surface_mt_never_sole_pass=PASS	роздріб
MANUAL_EMERGENCY_WORK_20260820_FIRST_PASS_V7_round04	ox5000-696955c5f883270a9d0c	retirement	noun	B2	https://www.oxfordlearnersdictionaries.com/us/definition/english/retirement	MANUAL_EMERGENCY_WORK V7 exact Oxford identity; source_index=4463; definition_path=/us/definition/english/retirement; exact_definition='the fact of leaving your job and stopping work, usually because you have reached a particular age; the time when you do this'; selected_candidate_method=Helsinki-NLP/opus-mt-en-uk_surface_candidate; sense_source=''; sense_gloss=''; gloss_definition_similarity=1.000; morphology='V6 genuine multiword lexical phrase; Unicode-normalized V4 lexical/POS form accepted'; surface_mt_never_sole_pass=PASS	вихід на пенсію
MANUAL_EMERGENCY_WORK_20260820_FIRST_PASS_V7_round04	ox5000-3e9d83fd1c7fb3445500	retreat	noun	C1	https://www.oxfordlearnersdictionaries.com/us/definition/english/retreat_1	MANUAL_EMERGENCY_WORK V7 exact Oxford identity; source_index=4464; definition_path=/us/definition/english/retreat_1; exact_definition='a movement away from a place or an enemy because of danger or defeat'; selected_candidate_method=en_wiktionary_sense_bound_uk_translation; sense_source='English Wiktionary'; sense_gloss='act of pulling back or withdrawing'; gloss_definition_similarity=0.542; morphology='V6 pymorphy3 uk canonical lemma PASS after Unicode/stress normalization; tag=NOUN,inan masc,nomn; score=1.0000'; surface_mt_never_sole_pass=PASS	відступ
MANUAL_EMERGENCY_WORK_20260820_FIRST_PASS_V7_round04	ox5000-8e4c7fdab2a371068a91	retreat	verb	C1	https://www.oxfordlearnersdictionaries.com/us/definition/english/retreat_2	MANUAL_EMERGENCY_WORK V7 exact Oxford identity; source_index=4465; definition_path=/us/definition/english/retreat_2; exact_definition='to move away from a place or an enemy because you are in danger or because you have been defeated'; selected_candidate_method=en_wiktionary_sense_bound_uk_translation; sense_source='English Wiktionary'; sense_gloss='to withdraw military forces'; gloss_definition_similarity=0.361; morphology='V6 pymorphy3 uk canonical lemma PASS after Unicode/stress normalization; tag=VERB,impf infn; score=1.0000'; surface_mt_never_sole_pass=PASS	відступати
MANUAL_EMERGENCY_WORK_20260820_FIRST_PASS_V7_round04	ox5000-1d1c7f32d3feeeaa1f7b	retrieve	verb	C1	https://www.oxfordlearnersdictionaries.com/us/definition/english/retrieve	MANUAL_EMERGENCY_WORK V7 exact Oxford identity; source_index=4466; definition_path=/us/definition/english/retrieve; exact_definition='to bring or get something back, especially from a place where it should not be'; selected_candidate_method=en_wiktionary_sense_bound_uk_translation; sense_source='English Wiktionary'; sense_gloss='to rescue'; gloss_definition_similarity=0.484; morphology='V6 pymorphy3 uk canonical lemma PASS after Unicode/stress normalization; tag=VERB,impf infn; score=1.0000'; surface_mt_never_sole_pass=PASS	рятувати
MANUAL_EMERGENCY_WORK_20260820_FIRST_PASS_V7_round04	ox5000-e5c257cc77ac4a08ef80	revelation	noun	C1	https://www.oxfordlearnersdictionaries.com/us/definition/english/revelation	MANUAL_EMERGENCY_WORK V7 exact Oxford identity; source_index=4470; definition_path=/us/definition/english/revelation; exact_definition='a fact that people are made aware of, especially one that has been secret and is surprising'; selected_candidate_method=en_wiktionary_sense_bound_uk_translation; sense_source='English Wiktionary'; sense_gloss='the act of revealing or disclosing'; gloss_definition_similarity=0.575; morphology='V6 pymorphy3 uk canonical lemma PASS after Unicode/stress normalization; tag=NOUN,inan neut,nomn; score=1.0000'; surface_mt_never_sole_pass=PASS	відкриття
MANUAL_EMERGENCY_WORK_20260820_FIRST_PASS_V7_round04	ox5000-403a262123ef7179b6c7	revenge	noun	C1	https://www.oxfordlearnersdictionaries.com/us/definition/english/revenge_1	MANUAL_EMERGENCY_WORK V7 exact Oxford identity; source_index=4471; definition_path=/us/definition/english/revenge_1; exact_definition='something that you do in order to make somebody suffer because they have made you suffer'; selected_candidate_method=en_wiktionary_sense_bound_uk_translation; sense_source='English Wiktionary'; sense_gloss='retaliatory action'; gloss_definition_similarity=0.312; morphology='V6 pymorphy3 uk canonical lemma PASS after Unicode/stress normalization; tag=NOUN,femn,inan nomn; score=1.0000'; surface_mt_never_sole_pass=PASS	помста
MANUAL_EMERGENCY_WORK_20260820_FIRST_PASS_V7_round04	ox5000-a3bdd3de0b78cccadf30	revenue	noun	B2	https://www.oxfordlearnersdictionaries.com/us/definition/english/revenue	MANUAL_EMERGENCY_WORK V7 exact Oxford identity; source_index=4472; definition_path=/us/definition/english/revenue; exact_definition='the money that a government receives from taxes or that an organization, etc. receives from its business'; selected_candidate_method=en_wiktionary_sense_bound_uk_translation; sense_source='English Wiktionary'; sense_gloss='income from an investment'; gloss_definition_similarity=0.539; morphology='V6 pymorphy3 uk canonical lemma PASS after Unicode/stress normalization; tag=NOUN,masc,inan nomn; score=1.0000'; surface_mt_never_sole_pass=PASS	прибуток
MANUAL_EMERGENCY_WORK_20260820_FIRST_PASS_V7_round04	ox5000-d9e41e62104e2e2c56ee	reverse	adjective	C1	https://www.oxfordlearnersdictionaries.com/us/definition/english/reverse_3	MANUAL_EMERGENCY_WORK V7 exact Oxford identity; source_index=4473; definition_path=/us/definition/english/reverse_3; exact_definition='opposite to what has been mentioned'; selected_candidate_method=Helsinki-NLP/opus-mt-en-uk_surface_candidate; sense_source=''; sense_gloss=''; gloss_definition_similarity=1.000; morphology='V6 pymorphy3 uk canonical lemma PASS after Unicode/stress normalization; tag=ADJF masc,nomn; score=1.0000'; surface_mt_never_sole_pass=PASS	зворотний
MANUAL_EMERGENCY_WORK_20260820_FIRST_PASS_V7_round04	ox5000-5c13445451c35b3fdf6e	reverse	noun	C1	https://www.oxfordlearnersdictionaries.com/us/definition/english/reverse_2	"MANUAL_EMERGENCY_WORK V7 exact Oxford identity; source_index=4474; definition_path=/us/definition/english/reverse_2; exact_definition='the opposite of what has just been mentioned'; selected_candidate_method=Helsinki-NLP/opus-mt-en-uk_surface_candidate; sense_source=''; sense_gloss=''; gloss_definition_similarity=1.000; morphology=""V6 pymorphy3 uk has no requested-POS parse for 'Зворотний'""; surface_mt_never_sole_pass=PASS"	Зворотний
MANUAL_EMERGENCY_WORK_20260820_FIRST_PASS_V7_round04	ox5000-09672226d1b64a0b6aa3	reverse	verb	C1	https://www.oxfordlearnersdictionaries.com/us/definition/english/reverse_1	MANUAL_EMERGENCY_WORK V7 exact Oxford identity; source_index=4475; definition_path=/us/definition/english/reverse_1; exact_definition='to change something completely so that it is the opposite of what it was before'; selected_candidate_method=en_wiktionary_sense_bound_uk_translation; sense_source='English Wiktionary'; sense_gloss='to revoke a law'; gloss_definition_similarity=0.407; morphology='V6 pymorphy3 uk canonical lemma PASS after Unicode/stress normalization; tag=VERB,impf infn; score=1.0000'; surface_mt_never_sole_pass=PASS	касувати
MANUAL_EMERGENCY_WORK_20260820_FIRST_PASS_V7_round04	ox5000-2c5234bac76339e1dcfd	revision	noun	B2	https://www.oxfordlearnersdictionaries.com/us/definition/english/revision	MANUAL_EMERGENCY_WORK V7 exact Oxford identity; source_index=4479; definition_path=/us/definition/english/revision; exact_definition='a change or set of changes to something'; selected_candidate_method=en_wiktionary_sense_bound_uk_translation; sense_source='English Wiktionary'; sense_gloss='act of revising'; gloss_definition_similarity=0.574; morphology='V6 pymorphy3 uk canonical lemma PASS after Unicode/stress normalization; tag=NOUN,inan neut,nomn; score=1.0000'; surface_mt_never_sole_pass=PASS	повторення
MANUAL_EMERGENCY_WORK_20260820_FIRST_PASS_V7_round04	ox5000-5b2ae027f51366bee7c7	revival	noun	C1	https://www.oxfordlearnersdictionaries.com/us/definition/english/revival	MANUAL_EMERGENCY_WORK V7 exact Oxford identity; source_index=4480; definition_path=/us/definition/english/revival; exact_definition='an improvement in the condition or strength of something'; selected_candidate_method=Helsinki-NLP/opus-mt-en-uk_surface_candidate; sense_source=''; sense_gloss=''; gloss_definition_similarity=1.000; morphology='V6 pymorphy3 uk canonical lemma PASS after Unicode/stress normalization; tag=NOUN,inan neut,nomn; score=1.0000'; surface_mt_never_sole_pass=PASS	відновлення
MANUAL_EMERGENCY_WORK_20260820_FIRST_PASS_V7_round04	ox5000-9bd54337e6ebc0e55b60	revive	verb	C1	https://www.oxfordlearnersdictionaries.com/us/definition/english/revive	"MANUAL_EMERGENCY_WORK V7 exact Oxford identity; source_index=4481; definition_path=/us/definition/english/revive; exact_definition='to become, or to make somebody/something become, conscious or healthy and strong again'; selected_candidate_method=Helsinki-NLP/opus-mt-en-uk_surface_candidate; sense_source=''; sense_gloss=''; gloss_definition_similarity=1.000; morphology=""V6 pymorphy3 uk has no requested-POS parse for 'відновлення'""; surface_mt_never_sole_pass=PASS"	відновлення
MANUAL_EMERGENCY_WORK_20260820_FIRST_PASS_V7_round04	ox5000-aaf930aa90cdde500437	revolutionary	adjective	C1	https://www.oxfordlearnersdictionaries.com/us/definition/english/revolutionary_1	MANUAL_EMERGENCY_WORK V7 exact Oxford identity; source_index=4483; definition_path=/us/definition/english/revolutionary_1; exact_definition='connected with political revolution'; selected_candidate_method=en_wiktionary_sense_bound_uk_translation; sense_source='English Wiktionary'; sense_gloss='of or pertaining to a revolution in government'; gloss_definition_similarity=0.779; morphology='V6 pymorphy3 uk canonical lemma PASS after Unicode/stress normalization; tag=ADJF,compb masc,nomn; score=1.0000'; surface_mt_never_sole_pass=PASS	революційний
MANUAL_EMERGENCY_WORK_20260820_FIRST_PASS_V7_round04	ox5000-254ebaaf358609011d07	rhetoric	noun	C1	https://www.oxfordlearnersdictionaries.com/us/definition/english/rhetoric	MANUAL_EMERGENCY_WORK V7 exact Oxford identity; source_index=4486; definition_path=/us/definition/english/rhetoric; exact_definition='speech or writing that is intended to influence people, but that is not completely honest or sincere'; selected_candidate_method=en_wiktionary_sense_bound_uk_translation; sense_source='English Wiktionary'; sense_gloss='art of using language for persuasion'; gloss_definition_similarity=0.514; morphology='V6 pymorphy3 uk canonical lemma PASS after Unicode/stress normalization; tag=NOUN,inan femn,nomn; score=1.0000'; surface_mt_never_sole_pass=PASS	риторика
MANUAL_EMERGENCY_WORK_20260820_FIRST_PASS_V7_round04	ox5000-973224264c14dee0ed22	ridiculous	adjective	B2	https://www.oxfordlearnersdictionaries.com/us/definition/english/ridiculous	MANUAL_EMERGENCY_WORK V7 exact Oxford identity; source_index=4493; definition_path=/us/definition/english/ridiculous; exact_definition='very silly or unreasonable'; selected_candidate_method=en_wiktionary_sense_bound_uk_translation; sense_source='English Wiktionary'; sense_gloss='foolish, absurd'; gloss_definition_similarity=0.827; morphology='V6 pymorphy3 uk canonical lemma PASS after Unicode/stress normalization; tag=ADJF,compb masc,nomn; score=1.0000'; surface_mt_never_sole_pass=PASS	безглуздий
MANUAL_EMERGENCY_WORK_20260820_FIRST_PASS_V7_round04	ox5000-40b2c9b77830c900da18	rifle	noun	C1	https://www.oxfordlearnersdictionaries.com/us/definition/english/rifle_1	MANUAL_EMERGENCY_WORK V7 exact Oxford identity; source_index=4494; definition_path=/us/definition/english/rifle_1; exact_definition='a gun with a long barrel which you hold to your shoulder to fire'; selected_candidate_method=Helsinki-NLP/opus-mt-en-uk_surface_candidate; sense_source=''; sense_gloss=''; gloss_definition_similarity=1.000; morphology='V6 pymorphy3 uk canonical lemma PASS after Unicode/stress normalization; tag=NOUN,femn,inan nomn; score=1.0000'; surface_mt_never_sole_pass=PASS	гвинтівка
MANUAL_EMERGENCY_WORK_20260820_FIRST_PASS_V7_round04	ox5000-43dead8e818487401b8c	riot	noun	C1	https://www.oxfordlearnersdictionaries.com/us/definition/english/riot_1	MANUAL_EMERGENCY_WORK V7 exact Oxford identity; source_index=4500; definition_path=/us/definition/english/riot_1; exact_definition='a situation in which a group of people behave in a violent way in a public place, often as a protest'; selected_candidate_method=en_wiktionary_sense_bound_uk_translation; sense_source='English Wiktionary'; sense_gloss='tumultuous disturbance of public peace'; gloss_definition_similarity=0.608; morphology='V6 pymorphy3 uk canonical lemma PASS after Unicode/stress normalization; tag=NOUN,inan masc,nomn; score=1.0000'; surface_mt_never_sole_pass=PASS	бунт
MANUAL_EMERGENCY_WORK_20260820_FIRST_PASS_V7_round04	ox5000-cea8cee4e720619285f1	rip	verb	C1	https://www.oxfordlearnersdictionaries.com/us/definition/english/rip_1	"MANUAL_EMERGENCY_WORK V7 exact Oxford identity; source_index=4501; definition_path=/us/definition/english/rip_1; exact_definition='to tear something or to become torn, often suddenly or violently'; selected_candidate_method=Helsinki-NLP/opus-mt-en-uk_surface_candidate; sense_source=''; sense_gloss=''; gloss_definition_similarity=1.000; morphology=""V6 pymorphy3 uk has no requested-POS parse for 'видирання'""; surface_mt_never_sole_pass=PASS"	видирання
MANUAL_EMERGENCY_WORK_20260820_FIRST_PASS_V7_round04	ox5000-0a7089aeca671246d9d4	risky	adjective	B2	https://www.oxfordlearnersdictionaries.com/us/definition/english/risky	"MANUAL_EMERGENCY_WORK V7 exact Oxford identity; source_index=4506; definition_path=/us/definition/english/risky; exact_definition='involving the possibility of something bad happening'; selected_candidate_method=Helsinki-NLP/opus-mt-en-uk_surface_candidate; sense_source=''; sense_gloss=''; gloss_definition_similarity=1.000; morphology=""V6 pymorphy3 uk has no requested-POS parse for 'ризиковано'""; surface_mt_never_sole_pass=PASS"	ризиковано
MANUAL_EMERGENCY_WORK_20260820_FIRST_PASS_V7_round04	ox5000-623d5a0eb34670f915a1	ritual	noun	C1	https://www.oxfordlearnersdictionaries.com/us/definition/english/ritual_1	MANUAL_EMERGENCY_WORK V7 exact Oxford identity; source_index=4507; definition_path=/us/definition/english/ritual_1; exact_definition='a series of actions that are always performed in the same way, especially as part of a religious ceremony'; selected_candidate_method=en_wiktionary_sense_bound_uk_translation; sense_source='English Wiktionary'; sense_gloss='repeated set of actions'; gloss_definition_similarity=0.538; morphology='V6 pymorphy3 uk canonical lemma PASS after Unicode/stress normalization; tag=NOUN,inan masc,nomn; score=1.0000'; surface_mt_never_sole_pass=PASS	ритуал
MANUAL_EMERGENCY_WORK_20260820_FIRST_PASS_V7_round04	ox5000-0c88c4e63156b3a83e3b	rival	adjective	B2	https://www.oxfordlearnersdictionaries.com/us/definition/english/rival_2	"MANUAL_EMERGENCY_WORK V7 exact Oxford identity; source_index=4508; definition_path=/us/definition/english/rival_2; exact_definition='competing with another person, company, thing, etc.'; selected_candidate_method=Helsinki-NLP/opus-mt-en-uk_surface_candidate; sense_source=''; sense_gloss=''; gloss_definition_similarity=1.000; morphology=""V6 pymorphy3 uk has no requested-POS parse for 'суперник'""; surface_mt_never_sole_pass=PASS"	суперник
MANUAL_EMERGENCY_WORK_20260820_FIRST_PASS_V7_round04	ox5000-dac23ee9598106867c47	rival	noun	B2	https://www.oxfordlearnersdictionaries.com/us/definition/english/rival_1	MANUAL_EMERGENCY_WORK V7 exact Oxford identity; source_index=4509; definition_path=/us/definition/english/rival_1; exact_definition='a person, company or thing that competes with another in sport, business, etc.'; selected_candidate_method=en_wiktionary_sense_bound_uk_translation; sense_source='English Wiktionary'; sense_gloss='competitor with the same objective'; gloss_definition_similarity=0.574; morphology='V6 pymorphy3 uk canonical lemma PASS after Unicode/stress normalization; tag=NOUN,anim femn,nomn; score=1.0000'; surface_mt_never_sole_pass=PASS	конкурентка
MANUAL_EMERGENCY_WORK_20260820_FIRST_PASS_V7_round04	ox5000-500fd17c9e36773f7ba3	rob	verb	B2	https://www.oxfordlearnersdictionaries.com/us/definition/english/rob_1	MANUAL_EMERGENCY_WORK V7 exact Oxford identity; source_index=4512; definition_path=/us/definition/english/rob_1; exact_definition='to steal money or property from a person or place'; selected_candidate_method=Helsinki-NLP/opus-mt-en-uk_surface_candidate; sense_source=''; sense_gloss=''; gloss_definition_similarity=1.000; morphology='V6 no Ukrainian lexical token after Unicode/stress normalization'; surface_mt_never_sole_pass=PASS	rob
MANUAL_EMERGENCY_WORK_20260820_FIRST_PASS_V7_round04	ox5000-c9990220c195a3899e7d	robbery	noun	B2	https://www.oxfordlearnersdictionaries.com/us/definition/english/robbery	MANUAL_EMERGENCY_WORK V7 exact Oxford identity; source_index=4513; definition_path=/us/definition/english/robbery; exact_definition='the crime of stealing money or goods from a bank, shop, person, etc., especially using violence or threats'; selected_candidate_method=en_wiktionary_sense_bound_uk_translation; sense_source='English Wiktionary'; sense_gloss='act or practice of robbing'; gloss_definition_similarity=0.601; morphology='V6 pymorphy3 uk canonical lemma PASS after Unicode/stress normalization; tag=NOUN,inan masc,nomn; score=1.0000'; surface_mt_never_sole_pass=PASS	грабіж
MANUAL_EMERGENCY_WORK_20260820_FIRST_PASS_V7_round04	ox5000-f11435c18693f1833847	robust	adjective	C1	https://www.oxfordlearnersdictionaries.com/us/definition/english/robust	MANUAL_EMERGENCY_WORK V7 exact Oxford identity; source_index=4515; definition_path=/us/definition/english/robust; exact_definition='strong and healthy'; selected_candidate_method=Helsinki-NLP/opus-mt-en-uk_surface_candidate; sense_source=''; sense_gloss=''; gloss_definition_similarity=1.000; morphology='V6 pymorphy3 uk canonical lemma PASS after Unicode/stress normalization; tag=ADJF,compb masc,nomn; score=1.0000'; surface_mt_never_sole_pass=PASS	стійкий
MANUAL_EMERGENCY_WORK_20260820_FIRST_PASS_V7_round04	ox5000-d4fc02188ccee21bdd73	rock	verb	C1	https://www.oxfordlearnersdictionaries.com/us/definition/english/rock_2	"MANUAL_EMERGENCY_WORK V7 exact Oxford identity; source_index=4517; definition_path=/us/definition/english/rock_2; exact_definition='to move gently backwards and forwards or from side to side; to make somebody/something move in this way'; selected_candidate_method=Helsinki-NLP/opus-mt-en-uk_surface_candidate; sense_source=''; sense_gloss=''; gloss_definition_similarity=1.000; morphology=""V6 pymorphy3 uk has no requested-POS parse for 'рок'""; surface_mt_never_sole_pass=PASS"	рок
MANUAL_EMERGENCY_WORK_20260820_FIRST_PASS_V7_round04	ox5000-b7960accb9da1a3abf6f	rocket	noun	B2	https://www.oxfordlearnersdictionaries.com/us/definition/english/rocket_1	MANUAL_EMERGENCY_WORK V7 exact Oxford identity; source_index=4518; definition_path=/us/definition/english/rocket_1; exact_definition='a spacecraft in the shape of a tube that is driven by a stream of gases let out behind it when fuel is burned inside'; selected_candidate_method=en_wiktionary_sense_bound_uk_translation; sense_source='English Wiktionary'; sense_gloss='rocket engine'; gloss_definition_similarity=0.603; morphology='V6 genuine multiword lexical phrase; Unicode-normalized V4 lexical/POS form accepted'; surface_mt_never_sole_pass=PASS	ракетний двигун
MANUAL_EMERGENCY_WORK_20260820_FIRST_PASS_V7_round04	ox5000-385bd6859d1f5cd67083	rod	noun	C1	https://www.oxfordlearnersdictionaries.com/us/definition/english/rod_1	MANUAL_EMERGENCY_WORK V7 exact Oxford identity; source_index=4519; definition_path=/us/definition/english/rod_1; exact_definition='a long straight piece of wood, metal or glass'; selected_candidate_method=en_wiktionary_sense_bound_uk_translation; sense_source='English Wiktionary'; sense_gloss='fishing rod or pole'; gloss_definition_similarity=0.308; morphology='V6 pymorphy3 uk canonical lemma PASS after Unicode/stress normalization; tag=NOUN,inan femn,nomn; score=1.0000'; surface_mt_never_sole_pass=PASS	вудка
MANUAL_EMERGENCY_WORK_20260820_FIRST_PASS_V7_round04	ox5000-c23aaa4d8bcbe8a32faf	romance	noun	B2	https://www.oxfordlearnersdictionaries.com/us/definition/english/romance_1	MANUAL_EMERGENCY_WORK V7 exact Oxford identity; source_index=4523; definition_path=/us/definition/english/romance_1; exact_definition='an exciting, usually short, relationship between two people who are in love with each other'; selected_candidate_method=en_wiktionary_sense_bound_uk_translation; sense_source='English Wiktionary'; sense_gloss='intimate relationship, love affair'; gloss_definition_similarity=0.761; morphology='V6 pymorphy3 uk canonical lemma PASS after Unicode/stress normalization; tag=NOUN,inan masc,nomn; score=1.0000'; surface_mt_never_sole_pass=PASS	роман
MANUAL_EMERGENCY_WORK_20260820_FIRST_PASS_V7_round04	ox5000-1208715b598e0fba7b74	rose	noun	B2	https://www.oxfordlearnersdictionaries.com/us/definition/english/rose_1	MANUAL_EMERGENCY_WORK V7 exact Oxford identity; source_index=4529; definition_path=/us/definition/english/rose_1; exact_definition='a flower with a sweet smell that grows on a bush with thorns (= sharp points) on its stems'; selected_candidate_method=en_wiktionary_sense_bound_uk_translation; sense_source='English Wiktionary'; sense_gloss='flower'; gloss_definition_similarity=0.720; morphology='V6 pymorphy3 uk canonical lemma PASS after Unicode/stress normalization; tag=NOUN,inan femn,nomn; score=1.0000'; surface_mt_never_sole_pass=PASS	троянда
MANUAL_EMERGENCY_WORK_20260820_FIRST_PASS_V7_round04	ox5000-abc7d4c542db8e757daf	rotate	verb	C1	https://www.oxfordlearnersdictionaries.com/us/definition/english/rotate	MANUAL_EMERGENCY_WORK V7 exact Oxford identity; source_index=4530; definition_path=/us/definition/english/rotate; exact_definition='to move or turn around a central fixed point; to make something do this'; selected_candidate_method=Helsinki-NLP/opus-mt-en-uk_surface_candidate; sense_source=''; sense_gloss=''; gloss_definition_similarity=1.000; morphology='V6 pymorphy3 uk canonical lemma PASS after Unicode/stress normalization; tag=VERB,perf infn; score=1.0000'; surface_mt_never_sole_pass=PASS	обернути
MANUAL_EMERGENCY_WORK_20260820_FIRST_PASS_V7_round04	ox5000-2b30e3f36e7293f6ded9	rotation	noun	C1	https://www.oxfordlearnersdictionaries.com/us/definition/english/rotation	MANUAL_EMERGENCY_WORK V7 exact Oxford identity; source_index=4531; definition_path=/us/definition/english/rotation; exact_definition='the action of an object moving in a circle around a central fixed point'; selected_candidate_method=en_wiktionary_sense_bound_uk_translation; sense_source='English Wiktionary'; sense_gloss='act of turning around a centre'; gloss_definition_similarity=0.646; morphology='V6 pymorphy3 uk canonical lemma PASS after Unicode/stress normalization; tag=NOUN,inan neut,nomn; score=1.0000'; surface_mt_never_sole_pass=PASS	обертання
MANUAL_EMERGENCY_WORK_20260820_FIRST_PASS_V7_round04	ox5000-2843cad9aa08f31a5848	roughly	adverb	B2	https://www.oxfordlearnersdictionaries.com/us/definition/english/roughly	MANUAL_EMERGENCY_WORK V7 exact Oxford identity; source_index=4533; definition_path=/us/definition/english/roughly; exact_definition='approximately but not exactly'; selected_candidate_method=Helsinki-NLP/opus-mt-en-uk_surface_candidate; sense_source=''; sense_gloss=''; gloss_definition_similarity=1.000; morphology='V6 pymorphy3 uk canonical lemma PASS after Unicode/stress normalization; tag=ADVB,compb; score=1.0000'; surface_mt_never_sole_pass=PASS	приблизно
MANUAL_EMERGENCY_WORK_20260820_FIRST_PASS_V7_round04	ox5000-c6d01d673c9b956fb8b7	ruin	noun	B2	https://www.oxfordlearnersdictionaries.com/us/definition/english/ruin_2	MANUAL_EMERGENCY_WORK V7 exact Oxford identity; source_index=4549; definition_path=/us/definition/english/ruin_2; exact_definition='the state or process of being destroyed or severely damaged'; selected_candidate_method=en_wiktionary_sense_bound_uk_translation; sense_source='English Wiktionary'; sense_gloss='remains of destroyed construction'; gloss_definition_similarity=0.533; morphology='V6 pymorphy3 uk canonical lemma PASS after Unicode/stress normalization; tag=NOUN,inan femn,nomn; score=1.0000'; surface_mt_never_sole_pass=PASS	руїна
MANUAL_EMERGENCY_WORK_20260820_FIRST_PASS_V7_round04	ox5000-5df5cb77ae1681072483	ruin	verb	B2	https://www.oxfordlearnersdictionaries.com/us/definition/english/ruin_1	MANUAL_EMERGENCY_WORK V7 exact Oxford identity; source_index=4550; definition_path=/us/definition/english/ruin_1; exact_definition='to damage something so badly that it loses all its value, pleasure, etc.'; selected_candidate_method=en_wiktionary_sense_bound_uk_translation; sense_source='English Wiktionary'; sense_gloss='to cause the economical ruin of'; gloss_definition_similarity=0.622; morphology='V6 pymorphy3 uk canonical lemma PASS after Unicode/stress normalization; tag=VERB,impf infn; score=1.0000'; surface_mt_never_sole_pass=PASS	знищувати
MANUAL_EMERGENCY_WORK_20260820_FIRST_PASS_V7_round04	ox5000-864bba3e87bfdad57702	ruling	noun	C1	https://www.oxfordlearnersdictionaries.com/us/definition/english/ruling_1	MANUAL_EMERGENCY_WORK V7 exact Oxford identity; source_index=4553; definition_path=/us/definition/english/ruling_1; exact_definition='an official decision made by somebody in a position of authority, especially a judge'; selected_candidate_method=Helsinki-NLP/opus-mt-en-uk_surface_candidate; sense_source=''; sense_gloss=''; gloss_definition_similarity=1.000; morphology='V6 no Ukrainian lexical token after Unicode/stress normalization'; surface_mt_never_sole_pass=PASS	rule
MANUAL_EMERGENCY_WORK_20260820_FIRST_PASS_V7_round04	ox5000-4236cda79c17e2e2fd1c	rumour	noun	C1	https://www.oxfordlearnersdictionaries.com/us/definition/english/rumour_1	MANUAL_EMERGENCY_WORK V7 exact Oxford identity; source_index=4554; definition_path=/us/definition/english/rumour_1; exact_definition='a piece of information, or a story, that people talk about, but that may not be true'; selected_candidate_method=Helsinki-NLP/opus-mt-en-uk_surface_candidate; sense_source=''; sense_gloss=''; gloss_definition_similarity=1.000; morphology='V6 pymorphy3 uk canonical lemma PASS after Unicode/stress normalization; tag=NOUN,masc,inan nomn; score=1.0000'; surface_mt_never_sole_pass=PASS	слух
MANUAL_EMERGENCY_WORK_20260820_FIRST_PASS_V7_round04	ox5000-8d27293d75e4127e70d3	sack	verb	C1	https://www.oxfordlearnersdictionaries.com/us/definition/english/sack_1	"MANUAL_EMERGENCY_WORK V7 exact Oxford identity; source_index=4562; definition_path=/us/definition/english/sack_1; exact_definition='to dismiss somebody from a job'; selected_candidate_method=Helsinki-NLP/opus-mt-en-uk_surface_candidate; sense_source=''; sense_gloss=''; gloss_definition_similarity=1.000; morphology=""V6 pymorphy3 uk has no requested-POS parse for 'мішок'""; surface_mt_never_sole_pass=PASS"	мішок
MANUAL_EMERGENCY_WORK_20260820_FIRST_PASS_V7_round04	ox5000-4aa0b479680b11e1787d	sacred	adjective	C1	https://www.oxfordlearnersdictionaries.com/us/definition/english/sacred	MANUAL_EMERGENCY_WORK V7 exact Oxford identity; source_index=4563; definition_path=/us/definition/english/sacred; exact_definition='connected with God or a god; considered to be holy'; selected_candidate_method=en_wiktionary_sense_bound_uk_translation; sense_source='English Wiktionary'; sense_gloss='made holy'; gloss_definition_similarity=0.661; morphology='V6 pymorphy3 uk canonical lemma PASS after Unicode/stress normalization; tag=ADJF,compb masc,nomn; score=1.0000'; surface_mt_never_sole_pass=PASS	священний
MANUAL_EMERGENCY_WORK_20260820_FIRST_PASS_V7_round04	ox5000-db446976af899b0bf839	sacrifice	noun	C1	https://www.oxfordlearnersdictionaries.com/us/definition/english/sacrifice_1	MANUAL_EMERGENCY_WORK V7 exact Oxford identity; source_index=4564; definition_path=/us/definition/english/sacrifice_1; exact_definition='the fact of giving up something important or valuable to you in order to get or do something that seems more important; something that you give up in this way'; selected_candidate_method=en_wiktionary_sense_bound_uk_translation; sense_source='English Wiktionary'; sense_gloss='human being or an animal, or a physical object or immaterial thing, offered to a deity'; gloss_definition_similarity=0.419; morphology='V6 pymorphy3 uk canonical lemma PASS after Unicode/stress normalization; tag=NOUN,inan neut,nomn; score=1.0000'; surface_mt_never_sole_pass=PASS	пожертвування
MANUAL_EMERGENCY_WORK_20260820_FIRST_PASS_V7_round04	ox5000-bb788d95f9d070364e6e	sacrifice	verb	C1	https://www.oxfordlearnersdictionaries.com/us/definition/english/sacrifice_2	"MANUAL_EMERGENCY_WORK V7 exact Oxford identity; source_index=4565; definition_path=/us/definition/english/sacrifice_2; exact_definition='to give up something that is important or valuable to you in order to get or do something that seems more important for yourself or for another person'; selected_candidate_method=en_wiktionary_sense_bound_uk_translation; sense_source='English Wiktionary'; sense_gloss=""(''transitive'') to offer (a human being or an animal, or an object) to a deity; (''transitive'') to offer a human being or an animal, or an object, to a deity""; gloss_definition_similarity=0.385; morphology='V6 pymorphy3 uk canonical lemma PASS after Unicode/stress normalization; tag=VERB,impf infn; score=1.0000'; surface_mt_never_sole_pass=PASS"	жертвувати
MANUAL_EMERGENCY_WORK_20260820_FIRST_PASS_V7_round04	ox5000-d497fd9a71970e5fe295	saint	noun	C1	https://www.oxfordlearnersdictionaries.com/us/definition/english/saint	MANUAL_EMERGENCY_WORK V7 exact Oxford identity; source_index=4574; definition_path=/us/definition/english/saint; exact_definition='a person that the Christian Church recognizes as being very holy, because of the way they have lived or died'; selected_candidate_method=en_wiktionary_sense_bound_uk_translation; sense_source='English Wiktionary'; sense_gloss='person proclaimed as saint'; gloss_definition_similarity=0.705; morphology='V6 pymorphy3 uk canonical lemma PASS after Unicode/stress normalization; tag=NOUN,anim masc,nomn; score=1.0000'; surface_mt_never_sole_pass=PASS	святий
MANUAL_EMERGENCY_WORK_20260820_FIRST_PASS_V7_round04	ox5000-0417d4afb8b747832299	sake	noun	C1	https://www.oxfordlearnersdictionaries.com/us/definition/english/sake1	MANUAL_EMERGENCY_WORK V7 exact Oxford identity; source_index=4575; definition_path=/us/definition/english/sake1; exact_definition='used to emphasize that it is important to do something or when you are annoyed about something'; selected_candidate_method=en_wiktionary_sense_bound_uk_translation; sense_source='English Wiktionary'; sense_gloss='benefit'; gloss_definition_similarity=0.180; morphology='V6 pymorphy3 uk canonical lemma PASS after Unicode/stress normalization; tag=NOUN,femn,inan nomn; score=1.0000'; surface_mt_never_sole_pass=PASS	користь
MANUAL_EMERGENCY_WORK_20260820_FIRST_PASS_V7_round04	ox5000-6ae77755b68bdc591694	sanction	noun	C1	https://www.oxfordlearnersdictionaries.com/us/definition/english/sanction_1	MANUAL_EMERGENCY_WORK V7 exact Oxford identity; source_index=4585; definition_path=/us/definition/english/sanction_1; exact_definition='an official order that limits trade, contact, etc. with a particular country, in order to make it do something, such as obeying international law'; selected_candidate_method=en_wiktionary_sense_bound_uk_translation; sense_source='English Wiktionary'; sense_gloss='approval, by an authority, that makes something valid'; gloss_definition_similarity=0.440; morphology='V6 pymorphy3 uk canonical lemma PASS after Unicode/stress normalization; tag=NOUN,inan femn,nomn; score=1.0000'; surface_mt_never_sole_pass=PASS	санкція
MANUAL_EMERGENCY_WORK_20260820_FIRST_PASS_V7_round04	ox5000-eae0572fec04502130f5	satisfaction	noun	B2	https://www.oxfordlearnersdictionaries.com/us/definition/english/satisfaction	MANUAL_EMERGENCY_WORK V7 exact Oxford identity; source_index=4589; definition_path=/us/definition/english/satisfaction; exact_definition='the good feeling that you have when you have achieved something or when something that you wanted to happen does happen; something that gives you this feeling'; selected_candidate_method=en_wiktionary_sense_bound_uk_translation; sense_source='English Wiktionary'; sense_gloss='fulfillment of a need or desire'; gloss_definition_similarity=0.560; morphology='V6 pymorphy3 uk canonical lemma PASS after Unicode/stress normalization; tag=NOUN,inan neut,nomn; score=1.0000'; surface_mt_never_sole_pass=PASS	задоволення
MANUAL_EMERGENCY_WORK_20260820_FIRST_PASS_V7_round04	ox5000-2d0378e6f60450a4e78c	say	noun	C1	https://www.oxfordlearnersdictionaries.com/us/definition/english/say_2	"MANUAL_EMERGENCY_WORK V7 exact Oxford identity; source_index=4596; definition_path=/us/definition/english/say_2; exact_definition='the right to influence something by giving your opinion before a decision is made'; selected_candidate_method=Helsinki-NLP/opus-mt-en-uk_surface_candidate; sense_source=''; sense_gloss=''; gloss_definition_similarity=1.000; morphology=""V6 pymorphy3 uk has no requested-POS parse for 'сказати'""; surface_mt_never_sole_pass=PASS"	сказати
MANUAL_EMERGENCY_WORK_20260820_FIRST_PASS_V7_round04	ox5000-1b53fef53eb21569d70c	scandal	noun	B2	https://www.oxfordlearnersdictionaries.com/us/definition/english/scandal	MANUAL_EMERGENCY_WORK V7 exact Oxford identity; source_index=4600; definition_path=/us/definition/english/scandal; exact_definition='behaviour or an event that people think is morally or legally wrong and causes public feelings of shock or anger'; selected_candidate_method=en_wiktionary_sense_bound_uk_translation; sense_source='English Wiktionary'; sense_gloss='incident that brings disgrace'; gloss_definition_similarity=0.633; morphology='V6 pymorphy3 uk canonical lemma PASS after Unicode/stress normalization; tag=NOUN,inan masc,nomn; score=1.0000'; surface_mt_never_sole_pass=PASS	скандал
MANUAL_EMERGENCY_WORK_20260820_FIRST_PASS_V7_round04	ox5000-ee7afd5b64a301aee7d6	scare	noun	B2	https://www.oxfordlearnersdictionaries.com/us/definition/english/scare_2	MANUAL_EMERGENCY_WORK V7 exact Oxford identity; source_index=4601; definition_path=/us/definition/english/scare_2; exact_definition='a situation in which a lot of people are anxious or frightened about something'; selected_candidate_method=Helsinki-NLP/opus-mt-en-uk_surface_candidate; sense_source=''; sense_gloss=''; gloss_definition_similarity=1.000; morphology='V6 pymorphy3 uk canonical lemma PASS after Unicode/stress normalization; tag=NOUN,inan masc,nomn; score=1.0000'; surface_mt_never_sole_pass=PASS	ляпас
MANUAL_EMERGENCY_WORK_20260820_FIRST_PASS_V7_round04	ox5000-4380114ee2ca12fbcf96	scare	verb	B2	https://www.oxfordlearnersdictionaries.com/us/definition/english/scare_1	MANUAL_EMERGENCY_WORK V7 exact Oxford identity; source_index=4602; definition_path=/us/definition/english/scare_1; exact_definition='to frighten somebody'; selected_candidate_method=en_wiktionary_sense_bound_uk_translation; sense_source='English Wiktionary'; sense_gloss='to frighten'; gloss_definition_similarity=0.915; morphology='V6 pymorphy3 uk canonical lemma PASS after Unicode/stress normalization; tag=VERB,impf infn; score=1.0000'; surface_mt_never_sole_pass=PASS	лякати
MANUAL_EMERGENCY_WORK_20260820_FIRST_PASS_V7_round04	ox5000-f89d240b3237a67d25cb	scattered	adjective	C1	https://www.oxfordlearnersdictionaries.com/us/definition/english/scattered	MANUAL_EMERGENCY_WORK V7 exact Oxford identity; source_index=4605; definition_path=/us/definition/english/scattered; exact_definition='spread far apart over a wide area or over a long period of time'; selected_candidate_method=en_wiktionary_sense_bound_uk_translation; sense_source='English Wiktionary'; sense_gloss='Randomly distributed'; gloss_definition_similarity=0.260; morphology='V6 pymorphy3 uk canonical lemma PASS after Unicode/stress normalization; tag=ADJF,pssv,perf masc,nomn; score=1.0000'; surface_mt_never_sole_pass=PASS	розсіяний
MANUAL_EMERGENCY_WORK_20260820_FIRST_PASS_V7_round04	ox5000-ec9d25a572db338403d1	scenario	noun	B2	https://www.oxfordlearnersdictionaries.com/us/definition/english/scenario	MANUAL_EMERGENCY_WORK V7 exact Oxford identity; source_index=4606; definition_path=/us/definition/english/scenario; exact_definition='a description of how things might happen in the future'; selected_candidate_method=en_wiktionary_sense_bound_uk_translation; sense_source='English Wiktionary'; sense_gloss='outline of the plot of a dramatic or literary work'; gloss_definition_similarity=0.323; morphology='V6 pymorphy3 uk canonical lemma PASS after Unicode/stress normalization; tag=NOUN,inan masc,nomn; score=1.0000'; surface_mt_never_sole_pass=PASS	сценарій
MANUAL_EMERGENCY_WORK_20260820_FIRST_PASS_V7_round04	ox5000-5fdb661427fb2416a77b	sceptical	adjective	C1	https://www.oxfordlearnersdictionaries.com/us/definition/english/sceptical	MANUAL_EMERGENCY_WORK V7 exact Oxford identity; source_index=4608; definition_path=/us/definition/english/sceptical; exact_definition='having doubts that a claim or statement is true or that something will happen'; selected_candidate_method=Helsinki-NLP/opus-mt-en-uk_surface_candidate; sense_source=''; sense_gloss=''; gloss_definition_similarity=1.000; morphology='V6 no Ukrainian lexical token after Unicode/stress normalization'; surface_mt_never_sole_pass=PASS	scopetic
MANUAL_EMERGENCY_WORK_20260820_FIRST_PASS_V7_round04	ox5000-8b3b2396f2c6ac0ac855	scholar	noun	B2	https://www.oxfordlearnersdictionaries.com/us/definition/english/scholar	MANUAL_EMERGENCY_WORK V7 exact Oxford identity; source_index=4612; definition_path=/us/definition/english/scholar; exact_definition='a person who knows a lot about a particular subject because they have studied it in detail'; selected_candidate_method=Helsinki-NLP/opus-mt-en-uk_surface_candidate; sense_source=''; sense_gloss=''; gloss_definition_similarity=1.000; morphology='V6 pymorphy3 uk canonical lemma PASS after Unicode/stress normalization; tag=NOUN,anim masc,nomn; score=1.0000'; surface_mt_never_sole_pass=PASS	учений
MANUAL_EMERGENCY_WORK_20260820_FIRST_PASS_V7_round04	ox5000-410a4d8064f346b81160	scholarship	noun	B2	https://www.oxfordlearnersdictionaries.com/us/definition/english/scholarship	MANUAL_EMERGENCY_WORK V7 exact Oxford identity; source_index=4613; definition_path=/us/definition/english/scholarship; exact_definition='an amount of money given to somebody by an organization to help pay for their education'; selected_candidate_method=en_wiktionary_sense_bound_uk_translation; sense_source='English Wiktionary'; sense_gloss='study allowance'; gloss_definition_similarity=0.507; morphology='V6 pymorphy3 uk canonical lemma PASS after Unicode/stress normalization; tag=NOUN,inan femn,nomn; score=1.0000'; surface_mt_never_sole_pass=PASS	стипендія
MANUAL_EMERGENCY_WORK_20260820_FIRST_PASS_V7_round04	ox5000-a3e2bf2714271c9afd7d	scope	noun	C1	https://www.oxfordlearnersdictionaries.com/us/definition/english/scope_1	MANUAL_EMERGENCY_WORK V7 exact Oxford identity; source_index=4618; definition_path=/us/definition/english/scope_1; exact_definition='the opportunity or ability to do or achieve something'; selected_candidate_method=Helsinki-NLP/opus-mt-en-uk_surface_candidate; sense_source=''; sense_gloss=''; gloss_definition_similarity=1.000; morphology='V6 genuine multiword lexical phrase; Unicode-normalized V4 lexical/POS form accepted'; surface_mt_never_sole_pass=PASS	область видимості
MANUAL_EMERGENCY_WORK_20260820_FIRST_PASS_V7_round04	ox5000-f8891ee0328da0b3b79a	scratch	noun	B2	https://www.oxfordlearnersdictionaries.com/us/definition/english/scratch_2	MANUAL_EMERGENCY_WORK V7 exact Oxford identity; source_index=4621; definition_path=/us/definition/english/scratch_2; exact_definition='a mark, a cut or an injury made by scratching somebody’s skin or the surface of something'; selected_candidate_method=en_wiktionary_sense_bound_uk_translation; sense_source='English Wiktionary'; sense_gloss='disruption or mark on a surface'; gloss_definition_similarity=0.615; morphology='V6 pymorphy3 uk canonical lemma PASS after Unicode/stress normalization; tag=NOUN,inan femn,nomn; score=1.0000'; surface_mt_never_sole_pass=PASS	подряпина
MANUAL_EMERGENCY_WORK_20260820_FIRST_PASS_V7_round04	ox5000-f2e0ce9a5923766253d1	scratch	verb	B2	https://www.oxfordlearnersdictionaries.com/us/definition/english/scratch_1	MANUAL_EMERGENCY_WORK V7 exact Oxford identity; source_index=4622; definition_path=/us/definition/english/scratch_1; exact_definition='to rub your skin with your nails, usually because it is itching'; selected_candidate_method=en_wiktionary_sense_bound_uk_translation; sense_source='English Wiktionary'; sense_gloss='rub the skin with rough material'; gloss_definition_similarity=0.685; morphology='V6 pymorphy3 uk canonical lemma PASS after Unicode/stress normalization; tag=VERB,impf infn; score=1.0000'; surface_mt_never_sole_pass=PASS	чухати
MANUAL_EMERGENCY_WORK_20260820_FIRST_PASS_V7_round04	ox5000-5f1633f73def75e46766	screening	noun	B2	https://www.oxfordlearnersdictionaries.com/us/definition/english/screening	MANUAL_EMERGENCY_WORK V7 exact Oxford identity; source_index=4627; definition_path=/us/definition/english/screening; exact_definition='the act of showing a film or television programme'; selected_candidate_method=Helsinki-NLP/opus-mt-en-uk_surface_candidate; sense_source=''; sense_gloss=''; gloss_definition_similarity=1.000; morphology='V6 pymorphy3 uk canonical lemma PASS after Unicode/stress normalization; tag=NOUN,inan femn,nomn; score=1.0000'; surface_mt_never_sole_pass=PASS	перевірка
MANUAL_EMERGENCY_WORK_20260820_FIRST_PASS_V7_round04	ox5000-0f5815bb4f9655175d9a	screw	noun	C1	https://www.oxfordlearnersdictionaries.com/us/definition/english/screw_2	MANUAL_EMERGENCY_WORK V7 exact Oxford identity; source_index=4628; definition_path=/us/definition/english/screw_2; exact_definition='a thin pointed piece of metal like a nail with a raised spiral line (called a thread ) along it and a line or cross cut into its head. Screws are turned and pressed into wood, metal, etc. with a screwdriver in order to fasten two things together.'; selected_candidate_method=en_wiktionary_sense_bound_uk_translation; sense_source='English Wiktionary'; sense_gloss='fastener'; gloss_definition_similarity=0.270; morphology='V6 pymorphy3 uk canonical lemma PASS after Unicode/stress normalization; tag=NOUN,inan masc,nomn; score=1.0000'; surface_mt_never_sole_pass=PASS	шуруп
MANUAL_EMERGENCY_WORK_20260820_FIRST_PASS_V7_round04	ox5000-31812c64a559ba0e6be3	screw	verb	C1	https://www.oxfordlearnersdictionaries.com/us/definition/english/screw_1	MANUAL_EMERGENCY_WORK V7 exact Oxford identity; source_index=4629; definition_path=/us/definition/english/screw_1; exact_definition='to fasten one thing to another or make something tight with a screw or screws'; selected_candidate_method=Helsinki-NLP/opus-mt-en-uk_surface_candidate; sense_source=''; sense_gloss=''; gloss_definition_similarity=1.000; morphology='V6 no Ukrainian lexical token after Unicode/stress normalization'; surface_mt_never_sole_pass=PASS	shit
MANUAL_EMERGENCY_WORK_20260820_FIRST_PASS_V7_round04	ox5000-e4ee69dd73a8bb73a78a	scrutiny	noun	C1	https://www.oxfordlearnersdictionaries.com/us/definition/english/scrutiny	MANUAL_EMERGENCY_WORK V7 exact Oxford identity; source_index=4631; definition_path=/us/definition/english/scrutiny; exact_definition='careful and complete examination'; selected_candidate_method=Helsinki-NLP/opus-mt-en-uk_surface_candidate; sense_source=''; sense_gloss=''; gloss_definition_similarity=1.000; morphology='V6 pymorphy3 uk canonical lemma PASS after Unicode/stress normalization; tag=NOUN,inan femn,nomn; score=1.0000'; surface_mt_never_sole_pass=PASS	перевірка
MANUAL_EMERGENCY_WORK_20260820_FIRST_PASS_V7_round04	ox5000-6716c67c225124fb95ac	seal	noun	C1	https://www.oxfordlearnersdictionaries.com/us/definition/english/seal_2	MANUAL_EMERGENCY_WORK V7 exact Oxford identity; source_index=4634; definition_path=/us/definition/english/seal_2; exact_definition='an official design or mark, stamped on a document to show that it is real and carries the authority of a particular person or organization'; selected_candidate_method=en_wiktionary_sense_bound_uk_translation; sense_source='English Wiktionary'; sense_gloss='pinniped'; gloss_definition_similarity=0.108; morphology='V6 pymorphy3 uk canonical lemma PASS after Unicode/stress normalization; tag=NOUN,anim masc,nomn; score=1.0000'; surface_mt_never_sole_pass=PASS	тюлень
MANUAL_EMERGENCY_WORK_20260820_FIRST_PASS_V7_round04	ox5000-db3ceafda1454861cd55	seal	verb	C1	https://www.oxfordlearnersdictionaries.com/us/definition/english/seal_1	"MANUAL_EMERGENCY_WORK V7 exact Oxford identity; source_index=4635; definition_path=/us/definition/english/seal_1; exact_definition='to close an envelope , etc. by sticking the edges of the opening together'; selected_candidate_method=Helsinki-NLP/opus-mt-en-uk_surface_candidate; sense_source=''; sense_gloss=''; gloss_definition_similarity=1.000; morphology=""V6 pymorphy3 uk has no requested-POS parse for 'печатка'""; surface_mt_never_sole_pass=PASS"	печатка
MANUAL_EMERGENCY_WORK_20260820_FIRST_PASS_V7_round04	ox5000-c01c6baa129f1167a903	secular	adjective	C1	https://www.oxfordlearnersdictionaries.com/us/definition/english/secular	MANUAL_EMERGENCY_WORK V7 exact Oxford identity; source_index=4652; definition_path=/us/definition/english/secular; exact_definition='not connected with spiritual or religious matters'; selected_candidate_method=en_wiktionary_sense_bound_uk_translation; sense_source='English Wiktionary'; sense_gloss='not specifically religious'; gloss_definition_similarity=0.765; morphology='V6 pymorphy3 uk canonical lemma PASS after Unicode/stress normalization; tag=ADJF masc,nomn; score=1.0000'; surface_mt_never_sole_pass=PASS	мирський
MANUAL_EMERGENCY_WORK_20260820_FIRST_PASS_V7_round04	ox5000-f135a53ed4965a23fbbc	seeker	noun	B2	https://www.oxfordlearnersdictionaries.com/us/definition/english/seeker	"MANUAL_EMERGENCY_WORK V7 exact Oxford identity; source_index=4659; definition_path=/us/definition/english/seeker; exact_definition='a person who is trying to find or get the thing mentioned'; selected_candidate_method=Helsinki-NLP/opus-mt-en-uk_surface_candidate; sense_source=''; sense_gloss=''; gloss_definition_similarity=1.000; morphology=""V6 pymorphy3 uk has no requested-POS parse for 'Шукаю'""; surface_mt_never_sole_pass=PASS"	Шукаю
MANUAL_EMERGENCY_WORK_20260820_FIRST_PASS_V7_round04	ox5000-477a1ec3087bffb2fc14	seemingly	adverb	C1	https://www.oxfordlearnersdictionaries.com/us/definition/english/seemingly	"MANUAL_EMERGENCY_WORK V7 exact Oxford identity; source_index=4661; definition_path=/us/definition/english/seemingly; exact_definition='in a way that appears to be true but may in fact not be'; selected_candidate_method=Helsinki-NLP/opus-mt-en-uk_surface_candidate; sense_source=''; sense_gloss=''; gloss_definition_similarity=1.000; morphology=""V6 pymorphy3 uk has no requested-POS parse for 'Здається'""; surface_mt_never_sole_pass=PASS"	Здається
MANUAL_EMERGENCY_WORK_20260820_FIRST_PASS_V7_round04	ox5000-8e7233a18eabccdd3370	segment	noun	C1	https://www.oxfordlearnersdictionaries.com/us/definition/english/segment_1	MANUAL_EMERGENCY_WORK V7 exact Oxford identity; source_index=4662; definition_path=/us/definition/english/segment_1; exact_definition='a part of something that is separate from the other parts or can be considered separately'; selected_candidate_method=en_wiktionary_sense_bound_uk_translation; sense_source='English Wiktionary'; sense_gloss='length of some object'; gloss_definition_similarity=0.362; morphology='V6 pymorphy3 uk canonical lemma PASS after Unicode/stress normalization; tag=NOUN,inan masc,nomn; score=1.0000'; surface_mt_never_sole_pass=PASS	сегмент
MANUAL_EMERGENCY_WORK_20260820_FIRST_PASS_V7_round04	ox5000-75eee68ef68baad02a6c	seize	verb	C1	https://www.oxfordlearnersdictionaries.com/us/definition/english/seize	MANUAL_EMERGENCY_WORK V7 exact Oxford identity; source_index=4663; definition_path=/us/definition/english/seize; exact_definition='to take somebody/something in your hand suddenly and using force'; selected_candidate_method=Helsinki-NLP/opus-mt-en-uk_surface_candidate; sense_source=''; sense_gloss=''; gloss_definition_similarity=1.000; morphology='V6 pymorphy3 uk canonical lemma PASS after Unicode/stress normalization; tag=VERB,perf infn; score=1.0000'; surface_mt_never_sole_pass=PASS	захопити
MANUAL_EMERGENCY_WORK_20260820_FIRST_PASS_V7_round04	ox5000-1731efc4f3191f6cc39e	seldom	adverb	C1	https://www.oxfordlearnersdictionaries.com/us/definition/english/seldom	MANUAL_EMERGENCY_WORK V7 exact Oxford identity; source_index=4664; definition_path=/us/definition/english/seldom; exact_definition='not often'; selected_candidate_method=Helsinki-NLP/opus-mt-en-uk_surface_candidate; sense_source=''; sense_gloss=''; gloss_definition_similarity=1.000; morphology='V6 pymorphy3 uk canonical lemma PASS after Unicode/stress normalization; tag=ADVB,compb; score=1.0000'; surface_mt_never_sole_pass=PASS	рідко
MANUAL_EMERGENCY_WORK_20260820_FIRST_PASS_V7_round04	ox5000-c358f1aaee6dd2091d18	selective	adjective	C1	https://www.oxfordlearnersdictionaries.com/us/definition/english/selective	MANUAL_EMERGENCY_WORK V7 exact Oxford identity; source_index=4667; definition_path=/us/definition/english/selective; exact_definition='affecting or involving only a small number of people or things from a larger group'; selected_candidate_method=Helsinki-NLP/opus-mt-en-uk_surface_candidate; sense_source=''; sense_gloss=''; gloss_definition_similarity=1.000; morphology='V6 pymorphy3 uk canonical lemma PASS after Unicode/stress normalization; tag=ADJF,compb masc,nomn; score=1.0000'; surface_mt_never_sole_pass=PASS	вибірковий
MANUAL_EMERGENCY_WORK_20260820_FIRST_PASS_V7_round04	ox5000-4c5a68658e17364aec5c	seminar	noun	B2	https://www.oxfordlearnersdictionaries.com/us/definition/english/seminar	MANUAL_EMERGENCY_WORK V7 exact Oxford identity; source_index=4670; definition_path=/us/definition/english/seminar; exact_definition='a class at a university or college when a small group of students and a teacher discuss or study a particular topic'; selected_candidate_method=en_wiktionary_sense_bound_uk_translation; sense_source='English Wiktionary'; sense_gloss='meeting held for the exchange of useful information'; gloss_definition_similarity=0.513; morphology='V6 pymorphy3 uk canonical lemma PASS after Unicode/stress normalization; tag=NOUN,inan masc,nomn; score=1.0000'; surface_mt_never_sole_pass=PASS	семінар
MANUAL_EMERGENCY_WORK_20260820_FIRST_PASS_V7_round04	ox5000-812cde90deabfbe68d6a	senator	noun	C1	https://www.oxfordlearnersdictionaries.com/us/definition/english/senator	MANUAL_EMERGENCY_WORK V7 exact Oxford identity; source_index=4671; definition_path=/us/definition/english/senator; exact_definition='a member of a senate'; selected_candidate_method=en_wiktionary_sense_bound_uk_translation; sense_source='English Wiktionary'; sense_gloss='member in the house or chamber of a legislature called a senate'; gloss_definition_similarity=0.794; morphology='V6 pymorphy3 uk canonical lemma PASS after Unicode/stress normalization; tag=NOUN,anim masc,nomn; score=1.0000'; surface_mt_never_sole_pass=PASS	сенатор
MANUAL_EMERGENCY_WORK_20260820_FIRST_PASS_V7_round04	ox5000-92197d1d4bc1b8336e03	sensation	noun	C1	https://www.oxfordlearnersdictionaries.com/us/definition/english/sensation	MANUAL_EMERGENCY_WORK V7 exact Oxford identity; source_index=4674; definition_path=/us/definition/english/sensation; exact_definition='a feeling that you get when something affects your body'; selected_candidate_method=en_wiktionary_sense_bound_uk_translation; sense_source='English Wiktionary'; sense_gloss='physical feeling'; gloss_definition_similarity=0.740; morphology='V6 pymorphy3 uk canonical lemma PASS after Unicode/stress normalization; tag=NOUN,inan neut,nomn; score=1.0000'; surface_mt_never_sole_pass=PASS	відчуття
MANUAL_EMERGENCY_WORK_20260820_FIRST_PASS_V7_round04	ox5000-a2d2a0cadcd41338c011	sensitivity	noun	C1	https://www.oxfordlearnersdictionaries.com/us/definition/english/sensitivity	MANUAL_EMERGENCY_WORK V7 exact Oxford identity; source_index=4679; definition_path=/us/definition/english/sensitivity; exact_definition='the ability to understand other people’s feelings'; selected_candidate_method=en_wiktionary_sense_bound_uk_translation; sense_source='English Wiktionary'; sense_gloss='the quality of being sensitive'; gloss_definition_similarity=0.511; morphology='V6 pymorphy3 uk canonical lemma PASS after Unicode/stress normalization; tag=NOUN,inan femn,nomn; score=1.0000'; surface_mt_never_sole_pass=PASS	чутливість
MANUAL_EMERGENCY_WORK_20260820_FIRST_PASS_V7_round04	ox5000-a65a55e1b5d084563b73	sentiment	noun	C1	https://www.oxfordlearnersdictionaries.com/us/definition/english/sentiment	MANUAL_EMERGENCY_WORK V7 exact Oxford identity; source_index=4682; definition_path=/us/definition/english/sentiment; exact_definition='a feeling or an opinion, especially one based on emotions'; selected_candidate_method=Helsinki-NLP/opus-mt-en-uk_surface_candidate; sense_source=''; sense_gloss=''; gloss_definition_similarity=1.000; morphology='V6 pymorphy3 uk canonical lemma PASS after Unicode/stress normalization; tag=NOUN,inan neut,nomn; score=1.0000'; surface_mt_never_sole_pass=PASS	почуття
MANUAL_EMERGENCY_WORK_20260820_FIRST_PASS_V7_round04	ox5000-7f715330b02df62ded5a	separation	noun	C1	https://www.oxfordlearnersdictionaries.com/us/definition/english/separation	MANUAL_EMERGENCY_WORK V7 exact Oxford identity; source_index=4685; definition_path=/us/definition/english/separation; exact_definition='the act of separating people or things; the state of being separate'; selected_candidate_method=en_wiktionary_sense_bound_uk_translation; sense_source='English Wiktionary'; sense_gloss='act of disuniting two or more things'; gloss_definition_similarity=0.711; morphology='V6 pymorphy3 uk canonical lemma PASS after Unicode/stress normalization; tag=NOUN,inan neut,nomn; score=1.0000'; surface_mt_never_sole_pass=PASS	відокремлення
MANUAL_EMERGENCY_WORK_20260820_FIRST_PASS_V7_round04	ox5000-346897b419b5e99d5b6d	serial	adjective	C1	https://www.oxfordlearnersdictionaries.com/us/definition/english/serial_1	MANUAL_EMERGENCY_WORK V7 exact Oxford identity; source_index=4688; definition_path=/us/definition/english/serial_1; exact_definition='doing the same thing in the same way several times; done in the same way several times'; selected_candidate_method=Helsinki-NLP/opus-mt-en-uk_surface_candidate; sense_source=''; sense_gloss=''; gloss_definition_similarity=1.000; morphology='V6 pymorphy3 uk canonical lemma PASS after Unicode/stress normalization; tag=ADJF,compb masc,nomn; score=1.0000'; surface_mt_never_sole_pass=PASS	послідовний
MANUAL_EMERGENCY_WORK_20260820_FIRST_PASS_V7_round04	ox5000-ec0ef04aa89a267d0603	set-up	noun	C1	https://www.oxfordlearnersdictionaries.com/us/definition/english/set-up_2	"MANUAL_EMERGENCY_WORK V7 exact Oxford identity; source_index=4698; definition_path=/us/definition/english/set-up_2; exact_definition='a way of organizing something; a system'; selected_candidate_method=Helsinki-NLP/opus-mt-en-uk_surface_candidate; sense_source=''; sense_gloss=''; gloss_definition_similarity=1.000; morphology=""V6 pymorphy3 uk has no requested-POS parse for '-'""; surface_mt_never_sole_pass=PASS"	set- up
MANUAL_EMERGENCY_WORK_20260820_FIRST_PASS_V7_round04	ox5000-38120b4981e352fc7d63	settlement	noun	C1	https://www.oxfordlearnersdictionaries.com/us/definition/english/settlement	MANUAL_EMERGENCY_WORK V7 exact Oxford identity; source_index=4701; definition_path=/us/definition/english/settlement; exact_definition='an official agreement that ends an argument between two people or groups'; selected_candidate_method=en_wiktionary_sense_bound_uk_translation; sense_source='English Wiktionary'; sense_gloss='community of people living together; populated place'; gloss_definition_similarity=0.254; morphology='V6 pymorphy3 uk canonical lemma PASS after Unicode/stress normalization; tag=NOUN,inan neut,nomn; score=1.0000'; surface_mt_never_sole_pass=PASS	поселення
MANUAL_EMERGENCY_WORK_20260820_FIRST_PASS_V7_round04	ox5000-dcf65fb66f09637a6013	settler	noun	B2	https://www.oxfordlearnersdictionaries.com/us/definition/english/settler	MANUAL_EMERGENCY_WORK V7 exact Oxford identity; source_index=4702; definition_path=/us/definition/english/settler; exact_definition='a person who goes to live in a new country or region'; selected_candidate_method=en_wiktionary_sense_bound_uk_translation; sense_source='English Wiktionary'; sense_gloss='someone who settles in a new location'; gloss_definition_similarity=0.739; morphology='V6 pymorphy3 uk canonical lemma PASS after Unicode/stress normalization; tag=NOUN,anim femn,nomn; score=1.0000'; surface_mt_never_sole_pass=PASS	поселенка
MANUAL_EMERGENCY_WORK_20260820_FIRST_PASS_V7_round04	ox5000-9ceb6f48ee4ce0fbc1a9	severely	adverb	B2	https://www.oxfordlearnersdictionaries.com/us/definition/english/severely	MANUAL_EMERGENCY_WORK V7 exact Oxford identity; source_index=4709; definition_path=/us/definition/english/severely; exact_definition='very badly or seriously'; selected_candidate_method=Helsinki-NLP/opus-mt-en-uk_surface_candidate; sense_source=''; sense_gloss=''; gloss_definition_similarity=1.000; morphology='V6 pymorphy3 uk canonical lemma PASS after Unicode/stress normalization; tag=ADVB,compb; score=1.0000'; surface_mt_never_sole_pass=PASS	строго
MANUAL_EMERGENCY_WORK_20260820_FIRST_PASS_V7_round04	ox5000-db08192bd577be065a58	sexuality	noun	C1	https://www.oxfordlearnersdictionaries.com/us/definition/english/sexuality	MANUAL_EMERGENCY_WORK V7 exact Oxford identity; source_index=4712; definition_path=/us/definition/english/sexuality; exact_definition='the feelings and activities connected with a person’s sexual desires'; selected_candidate_method=en_wiktionary_sense_bound_uk_translation; sense_source='English Wiktionary'; sense_gloss='concern with or interest in sexual activity'; gloss_definition_similarity=0.731; morphology='V6 pymorphy3 uk canonical lemma PASS after Unicode/stress normalization; tag=NOUN,inan femn,nomn; score=1.0000'; surface_mt_never_sole_pass=PASS	сексуальність
MANUAL_EMERGENCY_WORK_20260820_FIRST_PASS_V7_round04	ox5000-d673e76e39b7545cd641	sexy	adjective	B2	https://www.oxfordlearnersdictionaries.com/us/definition/english/sexy	MANUAL_EMERGENCY_WORK V7 exact Oxford identity; source_index=4713; definition_path=/us/definition/english/sexy; exact_definition='sexually attractive'; selected_candidate_method=en_wiktionary_sense_bound_uk_translation; sense_source='English Wiktionary'; sense_gloss='having sexual appeal'; gloss_definition_similarity=0.688; morphology='V6 pymorphy3 uk canonical lemma PASS after Unicode/stress normalization; tag=ADJF,compb masc,nomn; score=1.0000'; surface_mt_never_sole_pass=PASS	сексуальний
MANUAL_EMERGENCY_WORK_20260820_FIRST_PASS_V7_round04	ox5000-0a860de45afe655f17cd	shaped	adjective	B2	https://www.oxfordlearnersdictionaries.com/us/definition/english/shaped	"MANUAL_EMERGENCY_WORK V7 exact Oxford identity; source_index=4723; definition_path=/us/definition/english/shaped; exact_definition='having the type of shape mentioned'; selected_candidate_method=Helsinki-NLP/opus-mt-en-uk_surface_candidate; sense_source=''; sense_gloss=''; gloss_definition_similarity=1.000; morphology=""V6 pymorphy3 uk has no requested-POS parse for 'форма'""; surface_mt_never_sole_pass=PASS"	форма
MANUAL_EMERGENCY_WORK_20260820_FIRST_PASS_V7_round04	ox5000-964d8fd1fcb5f146fdc6	shatter	verb	C1	https://www.oxfordlearnersdictionaries.com/us/definition/english/shatter	MANUAL_EMERGENCY_WORK V7 exact Oxford identity; source_index=4728; definition_path=/us/definition/english/shatter; exact_definition='to suddenly break into small pieces; to make something suddenly break into small pieces'; selected_candidate_method=en_wiktionary_sense_bound_uk_translation; sense_source='English Wiktionary'; sense_gloss='to violently break something into pieces'; gloss_definition_similarity=0.752; morphology='V6 pymorphy3 uk canonical lemma PASS after Unicode/stress normalization; tag=VERB,impf infn; score=1.0000'; surface_mt_never_sole_pass=PASS	розтрощувати
MANUAL_EMERGENCY_WORK_20260820_FIRST_PASS_V7_round04	ox5000-a8750364b0bf00f55b71	shed	verb	C1	https://www.oxfordlearnersdictionaries.com/us/definition/english/shed_1	"MANUAL_EMERGENCY_WORK V7 exact Oxford identity; source_index=4730; definition_path=/us/definition/english/shed_1; exact_definition='to get rid of something that is no longer wanted'; selected_candidate_method=Helsinki-NLP/opus-mt-en-uk_surface_candidate; sense_source=''; sense_gloss=''; gloss_definition_similarity=1.000; morphology=""V6 pymorphy3 uk has no requested-POS parse for 'сарана'""; surface_mt_never_sole_pass=PASS"	сарана
MANUAL_EMERGENCY_WORK_20260820_FIRST_PASS_V7_round04	ox5000-00f794702182a285364c	sheer	adjective	C1	https://www.oxfordlearnersdictionaries.com/us/definition/english/sheer_1	MANUAL_EMERGENCY_WORK V7 exact Oxford identity; source_index=4732; definition_path=/us/definition/english/sheer_1; exact_definition='used to emphasize the size, degree or amount of something'; selected_candidate_method=en_wiktionary_sense_bound_uk_translation; sense_source='English Wiktionary'; sense_gloss='(used to emphasize)'; gloss_definition_similarity=0.638; morphology='V6 pymorphy3 uk canonical lemma PASS after Unicode/stress normalization; tag=ADJF masc,nomn; score=0.1250'; surface_mt_never_sole_pass=PASS	істиний
MANUAL_EMERGENCY_WORK_20260820_FIRST_PASS_V7_round04	ox5000-c182c4aaf92aa43b7d78	shipping	noun	C1	https://www.oxfordlearnersdictionaries.com/us/definition/english/shipping	MANUAL_EMERGENCY_WORK V7 exact Oxford identity; source_index=4744; definition_path=/us/definition/english/shipping; exact_definition='ships in general or considered as a group'; selected_candidate_method=Helsinki-NLP/opus-mt-en-uk_surface_candidate; sense_source=''; sense_gloss=''; gloss_definition_similarity=1.000; morphology='V6 pymorphy3 uk canonical lemma PASS after Unicode/stress normalization; tag=NOUN,Dist,inan femn,nomn; score=1.0000'; surface_mt_never_sole_pass=PASS	доставка
MANUAL_EMERGENCY_WORK_20260820_FIRST_PASS_V7_round04	ox5000-7190c72389b69360fcb4	shocking	adjective	B2	https://www.oxfordlearnersdictionaries.com/us/definition/english/shocking	MANUAL_EMERGENCY_WORK V7 exact Oxford identity; source_index=4749; definition_path=/us/definition/english/shocking; exact_definition='that offends or upsets people; that is morally wrong'; selected_candidate_method=en_wiktionary_sense_bound_uk_translation; sense_source='English Wiktionary'; sense_gloss='inspiring shock; startling'; gloss_definition_similarity=0.293; morphology='V6 pymorphy3 uk canonical lemma PASS after Unicode/stress normalization; tag=ADJF,Dist,actv,impf masc,nomn; score=1.0000'; surface_mt_never_sole_pass=PASS	шокуючий
MANUAL_EMERGENCY_WORK_20260820_FIRST_PASS_V7_round04	ox5000-f14cfdecffdef8e98007	shoot	noun	C1	https://www.oxfordlearnersdictionaries.com/us/definition/english/shoot_2	MANUAL_EMERGENCY_WORK V7 exact Oxford identity; source_index=4751; definition_path=/us/definition/english/shoot_2; exact_definition='the part that grows up from the ground when a plant starts to grow; a new part that grows on plants or trees'; selected_candidate_method=Helsinki-NLP/opus-mt-en-uk_surface_candidate; sense_source=''; sense_gloss=''; gloss_definition_similarity=1.000; morphology='V6 no Ukrainian lexical token after Unicode/stress normalization'; surface_mt_never_sole_pass=PASS	shoot
MANUAL_EMERGENCY_WORK_20260820_FIRST_PASS_V7_round04	ox5000-228daf6af9cabc126097	shore	noun	B2	https://www.oxfordlearnersdictionaries.com/us/definition/english/shore_1	MANUAL_EMERGENCY_WORK V7 exact Oxford identity; source_index=4757; definition_path=/us/definition/english/shore_1; exact_definition='the land along the edge of the sea, the ocean or a lake'; selected_candidate_method=Helsinki-NLP/opus-mt-en-uk_surface_candidate; sense_source=''; sense_gloss=''; gloss_definition_similarity=1.000; morphology='V6 no Ukrainian lexical token after Unicode/stress normalization'; surface_mt_never_sole_pass=PASS	switch
MANUAL_EMERGENCY_WORK_20260820_FIRST_PASS_V7_round04	ox5000-3108d7347a7e81705a85	short-term	adjective	B2	https://www.oxfordlearnersdictionaries.com/us/definition/english/short-term	MANUAL_EMERGENCY_WORK V7 exact Oxford identity; source_index=4759; definition_path=/us/definition/english/short-term; exact_definition='lasting a short time; designed only for a short period of time in the future'; selected_candidate_method=en_wiktionary_sense_bound_uk_translation; sense_source='English Wiktionary'; sense_gloss='of the near or immediate future'; gloss_definition_similarity=0.597; morphology='V6 pymorphy3 uk canonical lemma PASS after Unicode/stress normalization; tag=ADJF masc,nomn; score=1.0000'; surface_mt_never_sole_pass=PASS	короткотерміновий
MANUAL_EMERGENCY_WORK_20260820_FIRST_PASS_V7_round04	ox5000-1a031da6eac7d925338b	shortage	noun	B2	https://www.oxfordlearnersdictionaries.com/us/definition/english/shortage	MANUAL_EMERGENCY_WORK V7 exact Oxford identity; source_index=4760; definition_path=/us/definition/english/shortage; exact_definition='a situation when there is not enough of the people or things that are needed'; selected_candidate_method=Helsinki-NLP/opus-mt-en-uk_surface_candidate; sense_source=''; sense_gloss=''; gloss_definition_similarity=1.000; morphology='V6 pymorphy3 uk canonical lemma PASS after Unicode/stress normalization; tag=NOUN,inan femn,nomn; score=1.0000'; surface_mt_never_sole_pass=PASS	нестача
MANUAL_EMERGENCY_WORK_20260820_FIRST_PASS_V7_round04	ox5000-6cda0681410675b159d9	shortly	adverb	B2	https://www.oxfordlearnersdictionaries.com/us/definition/english/shortly	MANUAL_EMERGENCY_WORK V7 exact Oxford identity; source_index=4761; definition_path=/us/definition/english/shortly; exact_definition='a short time; not long'; selected_candidate_method=Helsinki-NLP/opus-mt-en-uk_surface_candidate; sense_source=''; sense_gloss=''; gloss_definition_similarity=1.000; morphology='V6 pymorphy3 uk canonical lemma PASS after Unicode/stress normalization; tag=ADVB,compb; score=1.0000'; surface_mt_never_sole_pass=PASS	скоро
MANUAL_EMERGENCY_WORK_20260820_FIRST_PASS_V7_round04	ox5000-d64e66d05e0c72293139	shrink	verb	C1	https://www.oxfordlearnersdictionaries.com/us/definition/english/shrink_1	MANUAL_EMERGENCY_WORK V7 exact Oxford identity; source_index=4770; definition_path=/us/definition/english/shrink_1; exact_definition='to become smaller, especially when washed in water that is too hot; to make clothes, cloth, etc. smaller in this way'; selected_candidate_method=Helsinki-NLP/opus-mt-en-uk_surface_candidate; sense_source=''; sense_gloss=''; gloss_definition_similarity=1.000; morphology='V6 no Ukrainian lexical token after Unicode/stress normalization'; surface_mt_never_sole_pass=PASS	pixer
MANUAL_EMERGENCY_WORK_20260820_FIRST_PASS_V7_round04	ox5000-e9398be87e92c4565700	shrug	verb	C1	https://www.oxfordlearnersdictionaries.com/us/definition/english/shrug_1	MANUAL_EMERGENCY_WORK V7 exact Oxford identity; source_index=4771; definition_path=/us/definition/english/shrug_1; exact_definition='to raise your shoulders and then drop them to show that you do not know or care about something'; selected_candidate_method=en_wiktionary_sense_bound_uk_translation; sense_source='English Wiktionary'; sense_gloss='to raise the shoulders to express uncertainty, lack of concern, etc.'; gloss_definition_similarity=0.679; morphology='V6 genuine multiword lexical phrase; Unicode-normalized V4 lexical/POS form accepted'; surface_mt_never_sole_pass=PASS	знизувати плечима
MANUAL_EMERGENCY_WORK_20260820_FIRST_PASS_V7_round04	ox5000-3560fef85dd1fc6debc0	sibling	noun	B2	https://www.oxfordlearnersdictionaries.com/us/definition/english/sibling	MANUAL_EMERGENCY_WORK V7 exact Oxford identity; source_index=4775; definition_path=/us/definition/english/sibling; exact_definition='a brother or sister'; selected_candidate_method=en_wiktionary_sense_bound_uk_translation; sense_source='English Wiktionary'; sense_gloss='person who shares same parents|brother|sister'; gloss_definition_similarity=0.711; morphology='V6 pymorphy3 uk canonical lemma PASS after Unicode/stress normalization; tag=NOUN,neut,inan nomn; score=0.1664'; surface_mt_never_sole_pass=PASS	родженство
MANUAL_EMERGENCY_WORK_20260820_FIRST_PASS_V7_round04	ox5000-b0fded582d3311d3af45	sigh	noun	C1	https://www.oxfordlearnersdictionaries.com/us/definition/english/sigh_2	MANUAL_EMERGENCY_WORK V7 exact Oxford identity; source_index=4778; definition_path=/us/definition/english/sigh_2; exact_definition='an act or the sound of sighing'; selected_candidate_method=en_wiktionary_sense_bound_uk_translation; sense_source='English Wiktionary'; sense_gloss='act of sighing'; gloss_definition_similarity=0.856; morphology='V6 pymorphy3 uk canonical lemma PASS after Unicode/stress normalization; tag=NOUN,inan neut,nomn; score=1.0000'; surface_mt_never_sole_pass=PASS	зітхання
MANUAL_EMERGENCY_WORK_20260820_FIRST_PASS_V7_round04	ox5000-0d870e0fda6ba6d93f94	sigh	verb	C1	https://www.oxfordlearnersdictionaries.com/us/definition/english/sigh_1	MANUAL_EMERGENCY_WORK V7 exact Oxford identity; source_index=4779; definition_path=/us/definition/english/sigh_1; exact_definition='to take and then let out a long deep breath that can be heard, to show that you are disappointed, sad, tired, etc.'; selected_candidate_method=en_wiktionary_sense_bound_uk_translation; sense_source='English Wiktionary'; sense_gloss='to lament; to grieve'; gloss_definition_similarity=0.518; morphology='V6 pymorphy3 uk canonical lemma PASS after Unicode/stress normalization; tag=VERB,impf infn; score=1.0000'; surface_mt_never_sole_pass=PASS	зітхати
MANUAL_EMERGENCY_WORK_20260820_FIRST_PASS_V7_round04	ox5000-c18d434123fca63aa7f7	signature	noun	B2	https://www.oxfordlearnersdictionaries.com/us/definition/english/signature	MANUAL_EMERGENCY_WORK V7 exact Oxford identity; source_index=4785; definition_path=/us/definition/english/signature; exact_definition='your name as you usually write it, for example at the end of a letter'; selected_candidate_method=en_wiktionary_sense_bound_uk_translation; sense_source='English Wiktionary'; sense_gloss='act of signing'; gloss_definition_similarity=0.362; morphology='V6 pymorphy3 uk canonical lemma PASS after Unicode/stress normalization; tag=NOUN,inan neut,nomn; score=1.0000'; surface_mt_never_sole_pass=PASS	підписання
MANUAL_EMERGENCY_WORK_20260820_FIRST_PASS_V7_round04	ox5000-4993892b52f0aadb8436	significance	noun	B2	https://www.oxfordlearnersdictionaries.com/us/definition/english/significance	MANUAL_EMERGENCY_WORK V7 exact Oxford identity; source_index=4786; definition_path=/us/definition/english/significance; exact_definition='the importance of something, especially when this has an effect on what happens in the future'; selected_candidate_method=Helsinki-NLP/opus-mt-en-uk_surface_candidate; sense_source=''; sense_gloss=''; gloss_definition_similarity=1.000; morphology='V6 pymorphy3 uk canonical lemma PASS after Unicode/stress normalization; tag=NOUN,inan neut,nomn; score=1.0000'; surface_mt_never_sole_pass=PASS	значення
MANUAL_EMERGENCY_WORK_20260820_FIRST_PASS_V7_round04	ox5000-ebeeff851e05dff3f17c	simulate	verb	C1	https://www.oxfordlearnersdictionaries.com/us/definition/english/simulate	MANUAL_EMERGENCY_WORK V7 exact Oxford identity; source_index=4800; definition_path=/us/definition/english/simulate; exact_definition='to create particular conditions that exist in real life using computers, models, etc., usually for study or training purposes'; selected_candidate_method=en_wiktionary_sense_bound_uk_translation; sense_source='English Wiktionary'; sense_gloss='to model, replicate, duplicate the behavior'; gloss_definition_similarity=0.367; morphology='V6 pymorphy3 uk canonical lemma PASS after Unicode/stress normalization; tag=VERB,impf infn; score=1.0000'; surface_mt_never_sole_pass=PASS	симулювати
MANUAL_EMERGENCY_WORK_20260820_FIRST_PASS_V7_round04	ox5000-63848ba81689d33f92ac	simulation	noun	C1	https://www.oxfordlearnersdictionaries.com/us/definition/english/simulation	MANUAL_EMERGENCY_WORK V7 exact Oxford identity; source_index=4801; definition_path=/us/definition/english/simulation; exact_definition='a situation in which a particular set of conditions is created artificially in order to study or experience something that could exist in reality'; selected_candidate_method=en_wiktionary_sense_bound_uk_translation; sense_source='English Wiktionary'; sense_gloss='something which simulates'; gloss_definition_similarity=0.616; morphology='V6 pymorphy3 uk canonical lemma PASS after Unicode/stress normalization; tag=NOUN,inan femn,nomn; score=1.0000'; surface_mt_never_sole_pass=PASS	симуляція
MANUAL_EMERGENCY_WORK_20260820_FIRST_PASS_V7_round04	ox5000-10facdce071582e626d6	simultaneously	adverb	C1	https://www.oxfordlearnersdictionaries.com/us/definition/english/simultaneously	MANUAL_EMERGENCY_WORK V7 exact Oxford identity; source_index=4802; definition_path=/us/definition/english/simultaneously; exact_definition='at the same time as something else'; selected_candidate_method=en_wiktionary_sense_bound_uk_translation; sense_source='English Wiktionary'; sense_gloss='occurring at the same time'; gloss_definition_similarity=0.612; morphology='V6 pymorphy3 uk canonical lemma PASS after Unicode/stress normalization; tag=ADVB; score=1.0000'; surface_mt_never_sole_pass=PASS	одночасно
MANUAL_EMERGENCY_WORK_20260820_FIRST_PASS_V7_round04	ox5000-79062f39d67197eaae65	sin	noun	C1	https://www.oxfordlearnersdictionaries.com/us/definition/english/sin_1	MANUAL_EMERGENCY_WORK V7 exact Oxford identity; source_index=4803; definition_path=/us/definition/english/sin_1; exact_definition='an offence against God or against a religious or moral law'; selected_candidate_method=Helsinki-NLP/opus-mt-en-uk_surface_candidate; sense_source=''; sense_gloss=''; gloss_definition_similarity=1.000; morphology='V6 no Ukrainian lexical token after Unicode/stress normalization'; surface_mt_never_sole_pass=PASS	sin
MANUAL_EMERGENCY_WORK_20260820_FIRST_PASS_V7_round04	ox5000-55316c416a7c5af7e278	situated	adjective	C1	https://www.oxfordlearnersdictionaries.com/us/definition/english/situated	"MANUAL_EMERGENCY_WORK V7 exact Oxford identity; source_index=4818; definition_path=/us/definition/english/situated; exact_definition='in a particular place or position'; selected_candidate_method=Helsinki-NLP/opus-mt-en-uk_surface_candidate; sense_source=''; sense_gloss=''; gloss_definition_similarity=1.000; morphology=""V6 pymorphy3 uk has no requested-POS parse for 'знаходиться'""; surface_mt_never_sole_pass=PASS"	знаходиться
MANUAL_EMERGENCY_WORK_20260820_FIRST_PASS_V7_round04	ox5000-2861f57961b0b110b904	sketch	noun	C1	https://www.oxfordlearnersdictionaries.com/us/definition/english/sketch_1	MANUAL_EMERGENCY_WORK V7 exact Oxford identity; source_index=4824; definition_path=/us/definition/english/sketch_1; exact_definition='a simple picture that is drawn quickly and does not have many details'; selected_candidate_method=en_wiktionary_sense_bound_uk_translation; sense_source='English Wiktionary'; sense_gloss='quick freehand drawing'; gloss_definition_similarity=0.639; morphology='V6 pymorphy3 uk canonical lemma PASS after Unicode/stress normalization; tag=NOUN,inan masc,nomn; score=1.0000'; surface_mt_never_sole_pass=PASS	ескіз
MANUAL_EMERGENCY_WORK_20260820_FIRST_PASS_V7_round04	ox5000-067976a3fc213d3e15bc	skilled	adjective	B2	https://www.oxfordlearnersdictionaries.com/us/definition/english/skilled	MANUAL_EMERGENCY_WORK V7 exact Oxford identity; source_index=4830; definition_path=/us/definition/english/skilled; exact_definition='having enough ability, experience and knowledge to be able to do something well'; selected_candidate_method=Helsinki-NLP/opus-mt-en-uk_surface_candidate; sense_source=''; sense_gloss=''; gloss_definition_similarity=1.000; morphology='V6 pymorphy3 uk canonical lemma PASS after Unicode/stress normalization; tag=ADJF masc,nomn; score=1.0000'; surface_mt_never_sole_pass=PASS	вправний
MANUAL_EMERGENCY_WORK_20260820_FIRST_PASS_V7_round04	ox5000-6b53840672b325aa032d	skip	verb	C1	https://www.oxfordlearnersdictionaries.com/us/definition/english/skip_1	MANUAL_EMERGENCY_WORK V7 exact Oxford identity; source_index=4832; definition_path=/us/definition/english/skip_1; exact_definition='to move forwards lightly and quickly making a little jump with each step'; selected_candidate_method=Helsinki-NLP/opus-mt-en-uk_surface_candidate; sense_source=''; sense_gloss=''; gloss_definition_similarity=1.000; morphology='V6 pymorphy3 uk canonical lemma PASS after Unicode/stress normalization; tag=VERB,perf infn; score=1.0000'; surface_mt_never_sole_pass=PASS	пропустити
MANUAL_EMERGENCY_WORK_20260820_FIRST_PASS_V7_round04	ox5000-1286d019f6a2e99874dc	skull	noun	B2	https://www.oxfordlearnersdictionaries.com/us/definition/english/skull	MANUAL_EMERGENCY_WORK V7 exact Oxford identity; source_index=4834; definition_path=/us/definition/english/skull; exact_definition='the bone structure that forms the head and surrounds and protects the brain'; selected_candidate_method=en_wiktionary_sense_bound_uk_translation; sense_source='English Wiktionary'; sense_gloss='bones of the head: cranium and mandible'; gloss_definition_similarity=0.686; morphology='V6 pymorphy3 uk canonical lemma PASS after Unicode/stress normalization; tag=NOUN,Surn,masc,anim nomn; score=1.0000'; surface_mt_never_sole_pass=PASS	череп
MANUAL_EMERGENCY_WORK_20260820_FIRST_PASS_V7_round04	ox5000-5cfb8a0fa422d38e65ee	slam	verb	C1	https://www.oxfordlearnersdictionaries.com/us/definition/english/slam_1	MANUAL_EMERGENCY_WORK V7 exact Oxford identity; source_index=4836; definition_path=/us/definition/english/slam_1; exact_definition='to shut, or to make something shut, with a lot of force, making a loud noise'; selected_candidate_method=Helsinki-NLP/opus-mt-en-uk_surface_candidate; sense_source=''; sense_gloss=''; gloss_definition_similarity=1.000; morphology='V6 no Ukrainian lexical token after Unicode/stress normalization'; surface_mt_never_sole_pass=PASS	sock
MANUAL_EMERGENCY_WORK_20260820_FIRST_PASS_V7_round04	ox5000-3b3a7ce403b20d8fc4af	slap	verb	C1	https://www.oxfordlearnersdictionaries.com/us/definition/english/slap_1	"MANUAL_EMERGENCY_WORK V7 exact Oxford identity; source_index=4837; definition_path=/us/definition/english/slap_1; exact_definition='to hit somebody/something with the flat part of your hand'; selected_candidate_method=Helsinki-NLP/opus-mt-en-uk_surface_candidate; sense_source=''; sense_gloss=''; gloss_definition_similarity=1.000; morphology=""V6 pymorphy3 uk has no requested-POS parse for 'ляпас'""; surface_mt_never_sole_pass=PASS"	ляпас
MANUAL_EMERGENCY_WORK_20260820_FIRST_PASS_V7_round04	ox5000-fbee093b230e25594ad6	slash	verb	C1	https://www.oxfordlearnersdictionaries.com/us/definition/english/slash_1	MANUAL_EMERGENCY_WORK V7 exact Oxford identity; source_index=4838; definition_path=/us/definition/english/slash_1; exact_definition='to make a long cut with a sharp object, especially in a violent way'; selected_candidate_method=Helsinki-NLP/opus-mt-en-uk_surface_candidate; sense_source=''; sense_gloss=''; gloss_definition_similarity=1.000; morphology='verb candidate is not an appropriate Ukrainian infinitive/verb phrase'; surface_mt_never_sole_pass=PASS	похила риска
MANUAL_EMERGENCY_WORK_20260820_FIRST_PASS_V7_round04	ox5000-70e90712fcd58b7b0a34	slavery	noun	C1	https://www.oxfordlearnersdictionaries.com/us/definition/english/slavery	MANUAL_EMERGENCY_WORK V7 exact Oxford identity; source_index=4840; definition_path=/us/definition/english/slavery; exact_definition='the state of being forced to work as a slave'; selected_candidate_method=en_wiktionary_sense_bound_uk_translation; sense_source='English Wiktionary'; sense_gloss='condition of servitude endured by a slave'; gloss_definition_similarity=0.743; morphology='V6 pymorphy3 uk canonical lemma PASS after Unicode/stress normalization; tag=NOUN,neut,inan nomn; score=1.0000'; surface_mt_never_sole_pass=PASS	рабство
MANUAL_EMERGENCY_WORK_20260820_FIRST_PASS_V7_round04	ox5000-2a995e3c360aad349aa0	slogan	noun	B2	https://www.oxfordlearnersdictionaries.com/us/definition/english/slogan	MANUAL_EMERGENCY_WORK V7 exact Oxford identity; source_index=4850; definition_path=/us/definition/english/slogan; exact_definition='a word or phrase that is easy to remember, used for example by a political party or in advertising to attract people’s attention or to suggest an idea quickly'; selected_candidate_method=en_wiktionary_sense_bound_uk_translation; sense_source='English Wiktionary'; sense_gloss='catchphrase associated with a product or service being advertised'; gloss_definition_similarity=0.462; morphology='V6 pymorphy3 uk canonical lemma PASS after Unicode/stress normalization; tag=NOUN,inan masc,nomn; score=1.0000'; surface_mt_never_sole_pass=PASS	слоган
MANUAL_EMERGENCY_WORK_20260820_FIRST_PASS_V7_round04	ox5000-09549192d95b46653d2b	slot	noun	C1	https://www.oxfordlearnersdictionaries.com/us/definition/english/slot_1	MANUAL_EMERGENCY_WORK V7 exact Oxford identity; source_index=4853; definition_path=/us/definition/english/slot_1; exact_definition='a long, narrow opening, into which you put or fit something'; selected_candidate_method=Helsinki-NLP/opus-mt-en-uk_surface_candidate; sense_source=''; sense_gloss=''; gloss_definition_similarity=1.000; morphology='V6 pymorphy3 uk canonical lemma PASS after Unicode/stress normalization; tag=NOUN,inan masc,nomn; score=1.0000'; surface_mt_never_sole_pass=PASS	слот
MANUAL_EMERGENCY_WORK_20260820_FIRST_PASS_V7_round04	ox5000-45ce43966d81aa1e49c2	smash	verb	C1	https://www.oxfordlearnersdictionaries.com/us/definition/english/smash_1	MANUAL_EMERGENCY_WORK V7 exact Oxford identity; source_index=4860; definition_path=/us/definition/english/smash_1; exact_definition='to break something, or to be broken, violently and noisily into many pieces'; selected_candidate_method=en_wiktionary_sense_bound_uk_translation; sense_source='English Wiktionary'; sense_gloss='be destroyed by being smashed'; gloss_definition_similarity=0.671; morphology='V6 pymorphy3 uk canonical lemma PASS after Unicode/stress normalization; tag=VERB,Refl,perf infn; score=1.0000'; surface_mt_never_sole_pass=PASS	розбитися
MANUAL_EMERGENCY_WORK_20260820_FIRST_PASS_V7_round04	ox5000-fd37b4b2ae6240ee9ec1	snap	verb	C1	https://www.oxfordlearnersdictionaries.com/us/definition/english/snap_1	"MANUAL_EMERGENCY_WORK V7 exact Oxford identity; source_index=4870; definition_path=/us/definition/english/snap_1; exact_definition='to break something suddenly with a sharp noise; to be broken in this way'; selected_candidate_method=Helsinki-NLP/opus-mt-en-uk_surface_candidate; sense_source=''; sense_gloss=''; gloss_definition_similarity=1.000; morphology=""V6 pymorphy3 uk has no requested-POS parse for 'захоплення'""; surface_mt_never_sole_pass=PASS"	захоплення
MANUAL_EMERGENCY_WORK_20260820_FIRST_PASS_V7_round04	ox5000-13f2331bae5d898ae95a	so-called	adjective	B2	https://www.oxfordlearnersdictionaries.com/us/definition/english/so-called	MANUAL_EMERGENCY_WORK V7 exact Oxford identity; source_index=4875; definition_path=/us/definition/english/so-called; exact_definition='used to show that you do not think that the word or phrase that is being used to describe somebody/something is appropriate'; selected_candidate_method=en_wiktionary_sense_bound_uk_translation; sense_source='English Wiktionary'; sense_gloss='so named, but wrongly so'; gloss_definition_similarity=0.355; morphology='adjective candidate has no plausible Ukrainian adjective morphology'; surface_mt_never_sole_pass=PASS	так званий
MANUAL_EMERGENCY_WORK_20260820_FIRST_PASS_V7_round04	ox5000-20919655f6e7d5062f90	soak	verb	C1	https://www.oxfordlearnersdictionaries.com/us/definition/english/soak_1	MANUAL_EMERGENCY_WORK V7 exact Oxford identity; source_index=4876; definition_path=/us/definition/english/soak_1; exact_definition='to put something in liquid for a time so that it becomes completely wet; to become completely wet in this way'; selected_candidate_method=Helsinki-NLP/opus-mt-en-uk_surface_candidate; sense_source=''; sense_gloss=''; gloss_definition_similarity=1.000; morphology='V6 no Ukrainian lexical token after Unicode/stress normalization'; surface_mt_never_sole_pass=PASS	swap
MANUAL_EMERGENCY_WORK_20260820_FIRST_PASS_V7_round04	ox5000-64a492fdbd43b68e3427	soar	verb	C1	https://www.oxfordlearnersdictionaries.com/us/definition/english/soar	"MANUAL_EMERGENCY_WORK V7 exact Oxford identity; source_index=4878; definition_path=/us/definition/english/soar; exact_definition='if the value, amount or level of something soars , it rises very quickly'; selected_candidate_method=Helsinki-NLP/opus-mt-en-uk_surface_candidate; sense_source=''; sense_gloss=''; gloss_definition_similarity=1.000; morphology=""V6 pymorphy3 uk has no requested-POS parse for 'ширяння'""; surface_mt_never_sole_pass=PASS"	ширяння
MANUAL_EMERGENCY_WORK_20260820_FIRST_PASS_V7_round04	ox5000-81811128ebe7ad5e2425	socialist	adjective	C1	https://www.oxfordlearnersdictionaries.com/us/definition/english/socialist_1	MANUAL_EMERGENCY_WORK V7 exact Oxford identity; source_index=4881; definition_path=/us/definition/english/socialist_1; exact_definition='connected with socialism'; selected_candidate_method=en_wiktionary_sense_bound_uk_translation; sense_source='English Wiktionary'; sense_gloss='Of, relating to, supporting, or advocating socialism'; gloss_definition_similarity=0.795; morphology='V6 pymorphy3 uk canonical lemma PASS after Unicode/stress normalization; tag=ADJF masc,nomn; score=1.0000'; surface_mt_never_sole_pass=PASS	соціалістичний
MANUAL_EMERGENCY_WORK_20260820_FIRST_PASS_V7_round04	ox5000-5731592e4ea7dc2a7eac	sole	adjective	C1	https://www.oxfordlearnersdictionaries.com/us/definition/english/sole_1	"MANUAL_EMERGENCY_WORK V7 exact Oxford identity; source_index=4889; definition_path=/us/definition/english/sole_1; exact_definition='only; single'; selected_candidate_method=Helsinki-NLP/opus-mt-en-uk_surface_candidate; sense_source=''; sense_gloss=''; gloss_definition_similarity=1.000; morphology=""V6 pymorphy3 uk has no requested-POS parse for 'лише'""; surface_mt_never_sole_pass=PASS"	лише
MANUAL_EMERGENCY_WORK_20260820_FIRST_PASS_V7_round04	ox5000-43d3a9fa9183ee7d1ea2	solely	adverb	C1	https://www.oxfordlearnersdictionaries.com/us/definition/english/solely	MANUAL_EMERGENCY_WORK V7 exact Oxford identity; source_index=4890; definition_path=/us/definition/english/solely; exact_definition='only; not involving somebody/something else'; selected_candidate_method=Helsinki-NLP/opus-mt-en-uk_surface_candidate; sense_source=''; sense_gloss=''; gloss_definition_similarity=1.000; morphology='V6 pymorphy3 uk canonical lemma PASS after Unicode/stress normalization; tag=ADVB; score=1.0000'; surface_mt_never_sole_pass=PASS	тільки
MANUAL_EMERGENCY_WORK_20260820_FIRST_PASS_V7_round04	ox5000-c4f3415deb86368145e7	solicitor	noun	C1	https://www.oxfordlearnersdictionaries.com/us/definition/english/solicitor	MANUAL_EMERGENCY_WORK V7 exact Oxford identity; source_index=4891; definition_path=/us/definition/english/solicitor; exact_definition='a lawyer who prepares legal documents, for example for the sale of land or buildings, advises people on legal matters, and can speak for them in some courts of law'; selected_candidate_method=Helsinki-NLP/opus-mt-en-uk_surface_candidate; sense_source=''; sense_gloss=''; gloss_definition_similarity=1.000; morphology='V6 no Ukrainian lexical token after Unicode/stress normalization'; surface_mt_never_sole_pass=PASS	applicator
MANUAL_EMERGENCY_WORK_20260820_FIRST_PASS_V7_round04	ox5000-0f421e0338a534c5fdbe	solidarity	noun	C1	https://www.oxfordlearnersdictionaries.com/us/definition/english/solidarity	MANUAL_EMERGENCY_WORK V7 exact Oxford identity; source_index=4894; definition_path=/us/definition/english/solidarity; exact_definition='support by one person or group of people for another because they share feelings, opinions, aims, etc.'; selected_candidate_method=en_wiktionary_sense_bound_uk_translation; sense_source='English Wiktionary'; sense_gloss='unifying bond between individuals with common goal or enemy'; gloss_definition_similarity=0.534; morphology='V6 pymorphy3 uk canonical lemma PASS after Unicode/stress normalization; tag=NOUN,inan femn,nomn; score=1.0000'; surface_mt_never_sole_pass=PASS	солідарність
MANUAL_EMERGENCY_WORK_20260820_FIRST_PASS_V7_round04	ox5000-504941675ad8a7232c26	solo	adjective	C1	https://www.oxfordlearnersdictionaries.com/us/definition/english/solo_2	"MANUAL_EMERGENCY_WORK V7 exact Oxford identity; source_index=4895; definition_path=/us/definition/english/solo_2; exact_definition='done by one person alone, without anyone helping them'; selected_candidate_method=Helsinki-NLP/opus-mt-en-uk_surface_candidate; sense_source=''; sense_gloss=''; gloss_definition_similarity=1.000; morphology=""V6 pymorphy3 uk has no requested-POS parse for 'соло'""; surface_mt_never_sole_pass=PASS"	соло
MANUAL_EMERGENCY_WORK_20260820_FIRST_PASS_V7_round04	ox5000-bbb1638496bf283345b8	solo	noun	C1	https://www.oxfordlearnersdictionaries.com/us/definition/english/solo_3	MANUAL_EMERGENCY_WORK V7 exact Oxford identity; source_index=4896; definition_path=/us/definition/english/solo_3; exact_definition='a piece of music, dance or entertainment performed by only one person'; selected_candidate_method=Helsinki-NLP/opus-mt-en-uk_surface_candidate; sense_source=''; sense_gloss=''; gloss_definition_similarity=1.000; morphology='V6 pymorphy3 uk canonical lemma PASS after Unicode/stress normalization; tag=NOUN,Fixd,inan neut,nomn; score=1.0000'; surface_mt_never_sole_pass=PASS	соло
MANUAL_EMERGENCY_WORK_20260820_FIRST_PASS_V7_round04	ox5000-f6ede09439d26c81a2e3	somehow	adverb	B2	https://www.oxfordlearnersdictionaries.com/us/definition/english/somehow	MANUAL_EMERGENCY_WORK V7 exact Oxford identity; source_index=4902; definition_path=/us/definition/english/somehow; exact_definition='in a way that is not known or certain'; selected_candidate_method=Helsinki-NLP/opus-mt-en-uk_surface_candidate; sense_source=''; sense_gloss=''; gloss_definition_similarity=1.000; morphology='multiword adverb candidate is not an adverbial phrase'; surface_mt_never_sole_pass=PASS	якимсь чином
MANUAL_EMERGENCY_WORK_20260820_FIRST_PASS_V7_round04	ox5000-293d1b73e1a52bb7a6b4	sometime	adverb	B2	https://www.oxfordlearnersdictionaries.com/us/definition/english/sometime_1	"MANUAL_EMERGENCY_WORK V7 exact Oxford identity; source_index=4905; definition_path=/us/definition/english/sometime_1; exact_definition='at a time that you do not know exactly or has not yet been decided'; selected_candidate_method=en_wiktionary_sense_bound_uk_translation; sense_source='English Wiktionary'; sense_gloss='at an indefinite but stated time in the past or future'; gloss_definition_similarity=0.441; morphology=""V6 pymorphy3 uk has no requested-POS parse for 'коли-небудь'""; surface_mt_never_sole_pass=PASS"	коли-небудь
MANUAL_EMERGENCY_WORK_20260820_FIRST_PASS_V7_round04	ox5000-65d1fc396bc0804805a1	sophisticated	adjective	B2	https://www.oxfordlearnersdictionaries.com/us/definition/english/sophisticated	MANUAL_EMERGENCY_WORK V7 exact Oxford identity; source_index=4913; definition_path=/us/definition/english/sophisticated; exact_definition='clever and complicated in the way that it works or is presented'; selected_candidate_method=Helsinki-NLP/opus-mt-en-uk_surface_candidate; sense_source=''; sense_gloss=''; gloss_definition_similarity=1.000; morphology='V6 pymorphy3 uk canonical lemma PASS after Unicode/stress normalization; tag=ADJF,pssv,perf,compb masc,nomn; score=1.0000'; surface_mt_never_sole_pass=PASS	витончений
MANUAL_EMERGENCY_WORK_20260820_FIRST_PASS_V7_round04	ox5000-a6dcbf692802d9819c27	sound	adjective	C1	https://www.oxfordlearnersdictionaries.com/us/definition/english/sound_3	"MANUAL_EMERGENCY_WORK V7 exact Oxford identity; source_index=4919; definition_path=/us/definition/english/sound_3; exact_definition='sensible; that you can rely on and that will probably give good results'; selected_candidate_method=Helsinki-NLP/opus-mt-en-uk_surface_candidate; sense_source=''; sense_gloss=''; gloss_definition_similarity=1.000; morphology=""V6 pymorphy3 uk has no requested-POS parse for 'звук'""; surface_mt_never_sole_pass=PASS"	звук
MANUAL_EMERGENCY_WORK_20260820_FIRST_PASS_V7_round04	ox5000-5bab904f7b7385f0726a	sovereignty	noun	C1	https://www.oxfordlearnersdictionaries.com/us/definition/english/sovereignty	MANUAL_EMERGENCY_WORK V7 exact Oxford identity; source_index=4928; definition_path=/us/definition/english/sovereignty; exact_definition='complete power to govern a country'; selected_candidate_method=en_wiktionary_sense_bound_uk_translation; sense_source='English Wiktionary'; sense_gloss='of a nation or other polity: the state of being able to control resources, make laws independently, and otherwise govern itself without the coercion or concurrence of other polities'; gloss_definition_similarity=0.673; morphology='V6 pymorphy3 uk canonical lemma PASS after Unicode/stress normalization; tag=NOUN,inan masc,nomn; score=1.0000'; surface_mt_never_sole_pass=PASS	суверенітет
MANUAL_EMERGENCY_WORK_20260820_FIRST_PASS_V7_round04	ox5000-94f0e84773d2caa9c3e4	spam	noun	C1	https://www.oxfordlearnersdictionaries.com/us/definition/english/spam_1	MANUAL_EMERGENCY_WORK V7 exact Oxford identity; source_index=4930; definition_path=/us/definition/english/spam_1; exact_definition='advertising material sent by email to people who have not asked for it; advertising material on the internet that is not wanted'; selected_candidate_method=Helsinki-NLP/opus-mt-en-uk_surface_candidate; sense_source=''; sense_gloss=''; gloss_definition_similarity=1.000; morphology='V6 pymorphy3 uk canonical lemma PASS after Unicode/stress normalization; tag=NOUN,masc,inan nomn; score=1.0000'; surface_mt_never_sole_pass=PASS	спам
MANUAL_EMERGENCY_WORK_20260820_FIRST_PASS_V7_round04	ox5000-8fd493c6b8c66d55716d	span	noun	C1	https://www.oxfordlearnersdictionaries.com/us/definition/english/span_2	MANUAL_EMERGENCY_WORK V7 exact Oxford identity; source_index=4931; definition_path=/us/definition/english/span_2; exact_definition='the length of time that something lasts or is able to continue'; selected_candidate_method=en_wiktionary_sense_bound_uk_translation; sense_source='English Wiktionary'; sense_gloss='length between supports'; gloss_definition_similarity=0.386; morphology='V6 pymorphy3 uk canonical lemma PASS after Unicode/stress normalization; tag=NOUN,inan neut,nomn; score=1.0000'; surface_mt_never_sole_pass=PASS	перекриття
MANUAL_EMERGENCY_WORK_20260820_FIRST_PASS_V7_round04	ox5000-3bab93a0f0ba68954ca0	span	verb	C1	https://www.oxfordlearnersdictionaries.com/us/definition/english/span_1	MANUAL_EMERGENCY_WORK V7 exact Oxford identity; source_index=4932; definition_path=/us/definition/english/span_1; exact_definition='to last all through a period of time or to cover the whole of it'; selected_candidate_method=Helsinki-NLP/opus-mt-en-uk_surface_candidate; sense_source=''; sense_gloss=''; gloss_definition_similarity=1.000; morphology='V6 no Ukrainian lexical token after Unicode/stress normalization'; surface_mt_never_sole_pass=PASS	spane
MANUAL_EMERGENCY_WORK_20260820_FIRST_PASS_V7_round04	ox5000-dc4fbe2d5fe2f3d96177	spare	adjective	B2	https://www.oxfordlearnersdictionaries.com/us/definition/english/spare_1	MANUAL_EMERGENCY_WORK V7 exact Oxford identity; source_index=4933; definition_path=/us/definition/english/spare_1; exact_definition='available to do what you want with rather than work'; selected_candidate_method=Helsinki-NLP/opus-mt-en-uk_surface_candidate; sense_source=''; sense_gloss=''; gloss_definition_similarity=1.000; morphology='V6 pymorphy3 uk canonical lemma PASS after Unicode/stress normalization; tag=ADJF masc,nomn; score=1.0000'; surface_mt_never_sole_pass=PASS	запасний
MANUAL_EMERGENCY_WORK_20260820_FIRST_PASS_V7_round04	ox5000-b4691477dac3ae734168	spare	verb	C1	https://www.oxfordlearnersdictionaries.com/us/definition/english/spare_2	MANUAL_EMERGENCY_WORK V7 exact Oxford identity; source_index=4934; definition_path=/us/definition/english/spare_2; exact_definition='to make something such as time or money available to somebody or for something, especially when it requires an effort for you to do this'; selected_candidate_method=en_wiktionary_sense_bound_uk_translation; sense_source='English Wiktionary'; sense_gloss='to reserve from occupation, use or duty'; gloss_definition_similarity=0.431; morphology='V6 pymorphy3 uk canonical lemma PASS after Unicode/stress normalization; tag=VERB,impf infn; score=1.0000'; surface_mt_never_sole_pass=PASS	шкодувати
MANUAL_EMERGENCY_WORK_20260820_FIRST_PASS_V7_round04	ox5000-af276684cc6b331a5780	spark	verb	C1	https://www.oxfordlearnersdictionaries.com/us/definition/english/spark_1	"MANUAL_EMERGENCY_WORK V7 exact Oxford identity; source_index=4935; definition_path=/us/definition/english/spark_1; exact_definition='to cause something to start or develop, especially suddenly'; selected_candidate_method=Helsinki-NLP/opus-mt-en-uk_surface_candidate; sense_source=''; sense_gloss=''; gloss_definition_similarity=1.000; morphology=""V6 pymorphy3 uk has no requested-POS parse for 'іскра'""; surface_mt_never_sole_pass=PASS"	іскра
MANUAL_EMERGENCY_WORK_20260820_FIRST_PASS_V7_round04	ox5000-345d9d8b2f2626231f20	specialize	verb	B2	https://www.oxfordlearnersdictionaries.com/us/definition/english/specialize	MANUAL_EMERGENCY_WORK V7 exact Oxford identity; source_index=4941; definition_path=/us/definition/english/specialize; exact_definition='to become an expert in a particular area of work, study or business; to spend more time on one area of work, etc. than on others'; selected_candidate_method=en_wiktionary_sense_bound_uk_translation; sense_source='English Wiktionary'; sense_gloss='to apply to some specialty or limited object'; gloss_definition_similarity=0.474; morphology='V6 pymorphy3 uk canonical lemma PASS after Unicode/stress normalization; tag=VERB,impf infn; score=1.0000'; surface_mt_never_sole_pass=PASS	спеціалізувати
MANUAL_EMERGENCY_WORK_20260820_FIRST_PASS_V7_round04	ox5000-59b760aca1f541ce0d42	specialized	adjective	C1	https://www.oxfordlearnersdictionaries.com/us/definition/english/specialized	MANUAL_EMERGENCY_WORK V7 exact Oxford identity; source_index=4942; definition_path=/us/definition/english/specialized; exact_definition='designed or developed for a particular purpose or area of knowledge'; selected_candidate_method=en_wiktionary_sense_bound_uk_translation; sense_source='English Wiktionary'; sense_gloss='specifically adapted to a specific field'; gloss_definition_similarity=0.526; morphology='V6 pymorphy3 uk canonical lemma PASS after Unicode/stress normalization; tag=ADJF,pssv,impf masc,nomn; score=1.0000'; surface_mt_never_sole_pass=PASS	спеціалізований
MANUAL_EMERGENCY_WORK_20260820_FIRST_PASS_V7_round04	ox5000-0c232fac165e903627d5	specification	noun	C1	https://www.oxfordlearnersdictionaries.com/us/definition/english/specification	MANUAL_EMERGENCY_WORK V7 exact Oxford identity; source_index=4946; definition_path=/us/definition/english/specification; exact_definition='a detailed description of how something is, or should be, designed or made'; selected_candidate_method=en_wiktionary_sense_bound_uk_translation; sense_source='English Wiktionary'; sense_gloss='act of specifying'; gloss_definition_similarity=0.415; morphology='V6 pymorphy3 uk canonical lemma PASS after Unicode/stress normalization; tag=NOUN,inan neut,nomn; score=1.0000'; surface_mt_never_sole_pass=PASS	уточнення
MANUAL_EMERGENCY_WORK_20260820_FIRST_PASS_V7_round04	ox5000-0acb45a595cce0df20be	specify	verb	B2	https://www.oxfordlearnersdictionaries.com/us/definition/english/specify	MANUAL_EMERGENCY_WORK V7 exact Oxford identity; source_index=4947; definition_path=/us/definition/english/specify; exact_definition='to state something, especially by giving an exact measurement, time, exact instructions, etc.'; selected_candidate_method=Helsinki-NLP/opus-mt-en-uk_surface_candidate; sense_source=''; sense_gloss=''; gloss_definition_similarity=1.000; morphology='V6 pymorphy3 uk canonical lemma PASS after Unicode/stress normalization; tag=VERB,perf infn; score=1.0000'; surface_mt_never_sole_pass=PASS	визначити
MANUAL_EMERGENCY_WORK_20260820_FIRST_PASS_V7_round04	ox5000-4ab9e24a28cd210a312d	specimen	noun	C1	https://www.oxfordlearnersdictionaries.com/us/definition/english/specimen	MANUAL_EMERGENCY_WORK V7 exact Oxford identity; source_index=4948; definition_path=/us/definition/english/specimen; exact_definition='a small amount of something that shows what the rest of it is like'; selected_candidate_method=Helsinki-NLP/opus-mt-en-uk_surface_candidate; sense_source=''; sense_gloss=''; gloss_definition_similarity=1.000; morphology='V6 pymorphy3 uk canonical lemma PASS after Unicode/stress normalization; tag=NOUN,inan masc,nomn; score=1.0000'; surface_mt_never_sole_pass=PASS	зразок
MANUAL_EMERGENCY_WORK_20260820_FIRST_PASS_V7_round04	ox5000-4caf07a464d00cf4d539	spectacle	noun	C1	https://www.oxfordlearnersdictionaries.com/us/definition/english/spectacle	MANUAL_EMERGENCY_WORK V7 exact Oxford identity; source_index=4949; definition_path=/us/definition/english/spectacle; exact_definition='two lenses in a frame that rests on the nose and ears. People wear spectacles in order to be able to see better or to protect their eyes from bright light.'; selected_candidate_method=en_wiktionary_sense_bound_uk_translation; sense_source='English Wiktionary'; sense_gloss='something exciting or extraordinary'; gloss_definition_similarity=0.177; morphology='V6 pymorphy3 uk canonical lemma PASS after Unicode/stress normalization; tag=NOUN,inan neut,nomn; score=1.0000'; surface_mt_never_sole_pass=PASS	видовище
MANUAL_EMERGENCY_WORK_20260820_FIRST_PASS_V7_round04	ox5000-0b9548c40b5d9e0a2415	spectacular	adjective	B2	https://www.oxfordlearnersdictionaries.com/us/definition/english/spectacular_1	MANUAL_EMERGENCY_WORK V7 exact Oxford identity; source_index=4950; definition_path=/us/definition/english/spectacular_1; exact_definition='very impressive'; selected_candidate_method=Helsinki-NLP/opus-mt-en-uk_surface_candidate; sense_source=''; sense_gloss=''; gloss_definition_similarity=1.000; morphology='V6 pymorphy3 uk canonical lemma PASS after Unicode/stress normalization; tag=ADJF,compb masc,nomn; score=1.0000'; surface_mt_never_sole_pass=PASS	ефектний
MANUAL_EMERGENCY_WORK_20260820_FIRST_PASS_V7_round04	ox5000-50fef483f79b06b5214e	spectator	noun	B2	https://www.oxfordlearnersdictionaries.com/us/definition/english/spectator	MANUAL_EMERGENCY_WORK V7 exact Oxford identity; source_index=4951; definition_path=/us/definition/english/spectator; exact_definition='a person who is watching an event, especially a sports event'; selected_candidate_method=en_wiktionary_sense_bound_uk_translation; sense_source='English Wiktionary'; sense_gloss='observer'; gloss_definition_similarity=0.409; morphology='V6 pymorphy3 uk canonical lemma PASS after Unicode/stress normalization; tag=NOUN,anim masc,nomn; score=1.0000'; surface_mt_never_sole_pass=PASS	глядач
MANUAL_EMERGENCY_WORK_20260820_FIRST_PASS_V7_round04	ox5000-f782db5a9e90f01155f8	spectrum	noun	C1	https://www.oxfordlearnersdictionaries.com/us/definition/english/spectrum	MANUAL_EMERGENCY_WORK V7 exact Oxford identity; source_index=4952; definition_path=/us/definition/english/spectrum; exact_definition='a band of coloured lights in order of their wavelengths , as seen in a rainbow and into which light may be separated'; selected_candidate_method=en_wiktionary_sense_bound_uk_translation; sense_source='English Wiktionary'; sense_gloss='range of colors'; gloss_definition_similarity=0.628; morphology='V6 pymorphy3 uk canonical lemma PASS after Unicode/stress normalization; tag=NOUN,inan masc,nomn; score=1.0000'; surface_mt_never_sole_pass=PASS	спектр
MANUAL_EMERGENCY_WORK_20260820_FIRST_PASS_V7_round04	ox5000-602abdcb3ba37942bc00	speculate	verb	B2	https://www.oxfordlearnersdictionaries.com/us/definition/english/speculate	"MANUAL_EMERGENCY_WORK V7 exact Oxford identity; source_index=4953; definition_path=/us/definition/english/speculate; exact_definition='to form an opinion about something without knowing all the details or facts'; selected_candidate_method=Helsinki-NLP/opus-mt-en-uk_surface_candidate; sense_source=''; sense_gloss=''; gloss_definition_similarity=1.000; morphology=""V6 pymorphy3 uk has no requested-POS parse for 'Припущення'""; surface_mt_never_sole_pass=PASS"	Припущення
MANUAL_EMERGENCY_WORK_20260820_FIRST_PASS_V7_round04	ox5000-c63350e4086215a6068c	speculation	noun	B2	https://www.oxfordlearnersdictionaries.com/us/definition/english/speculation	MANUAL_EMERGENCY_WORK V7 exact Oxford identity; source_index=4954; definition_path=/us/definition/english/speculation; exact_definition='the act of forming opinions about what has happened or what might happen without knowing all the facts'; selected_candidate_method=en_wiktionary_sense_bound_uk_translation; sense_source='English Wiktionary'; sense_gloss='philosophy: act or process of reasoning from premises given or assumed'; gloss_definition_similarity=0.527; morphology='V6 pymorphy3 uk canonical lemma PASS after Unicode/stress normalization; tag=NOUN,inan femn,nomn; score=1.0000'; surface_mt_never_sole_pass=PASS	спекуляція
MANUAL_EMERGENCY_WORK_20260820_FIRST_PASS_V7_round04	ox5000-f320d9d13d4ccd549468	spell	noun	C1	https://www.oxfordlearnersdictionaries.com/us/definition/english/spell_2	MANUAL_EMERGENCY_WORK V7 exact Oxford identity; source_index=4958; definition_path=/us/definition/english/spell_2; exact_definition='a short period of time during which something lasts'; selected_candidate_method=Helsinki-NLP/opus-mt-en-uk_surface_candidate; sense_source=''; sense_gloss=''; gloss_definition_similarity=1.000; morphology='V6 pymorphy3 uk canonical lemma PASS after Unicode/stress normalization; tag=NOUN,inan masc,nomn; score=1.0000'; surface_mt_never_sole_pass=PASS	правопис
MANUAL_EMERGENCY_WORK_20260820_FIRST_PASS_V7_round04	ox5000-72a5645b1bf466d48c27	sphere	noun	C1	https://www.oxfordlearnersdictionaries.com/us/definition/english/sphere	MANUAL_EMERGENCY_WORK V7 exact Oxford identity; source_index=4963; definition_path=/us/definition/english/sphere; exact_definition='a solid figure that is completely round, with every point on its surface at an equal distance from the centre'; selected_candidate_method=en_wiktionary_sense_bound_uk_translation; sense_source='English Wiktionary'; sense_gloss='spherical physical object'; gloss_definition_similarity=0.587; morphology='V6 pymorphy3 uk canonical lemma PASS after Unicode/stress normalization; tag=NOUN,inan femn,nomn; score=1.0000'; surface_mt_never_sole_pass=PASS	сфера
MANUAL_EMERGENCY_WORK_20260820_FIRST_PASS_V7_round04	ox5000-256c8185b1dfd96e9f19	spice	noun	B2	https://www.oxfordlearnersdictionaries.com/us/definition/english/spice_1	MANUAL_EMERGENCY_WORK V7 exact Oxford identity; source_index=4964; definition_path=/us/definition/english/spice_1; exact_definition='one of the various types of powder or seed that come from plants and are used in cooking. Spices have a strong taste and smell.'; selected_candidate_method=en_wiktionary_sense_bound_uk_translation; sense_source='English Wiktionary'; sense_gloss='plant matter used to season or flavour food'; gloss_definition_similarity=0.554; morphology='V6 pymorphy3 uk canonical lemma PASS after Unicode/stress normalization; tag=NOUN,inan femn,nomn; score=1.0000'; surface_mt_never_sole_pass=PASS	спеція
MANUAL_EMERGENCY_WORK_20260820_FIRST_PASS_V7_round04	ox5000-59f3b01cef3db8471f79	spill	verb	B2	https://www.oxfordlearnersdictionaries.com/us/definition/english/spill_1	MANUAL_EMERGENCY_WORK V7 exact Oxford identity; source_index=4967; definition_path=/us/definition/english/spill_1; exact_definition='to flow over the edge of a container by accident; to make liquid do this'; selected_candidate_method=en_wiktionary_sense_bound_uk_translation; sense_source='English Wiktionary'; sense_gloss='transitive: to drop something so that it spreads out'; gloss_definition_similarity=0.465; morphology='V6 pymorphy3 uk canonical lemma PASS after Unicode/stress normalization; tag=VERB,perf infn; score=1.0000'; surface_mt_never_sole_pass=PASS	розлити
MANUAL_EMERGENCY_WORK_20260820_FIRST_PASS_V7_round04	ox5000-24a88df216defcf68a7d	spin	noun	C1	https://www.oxfordlearnersdictionaries.com/us/definition/english/spin_2	MANUAL_EMERGENCY_WORK V7 exact Oxford identity; source_index=4968; definition_path=/us/definition/english/spin_2; exact_definition='a very fast turning movement'; selected_candidate_method=Helsinki-NLP/opus-mt-en-uk_surface_candidate; sense_source=''; sense_gloss=''; gloss_definition_similarity=1.000; morphology='V6 pymorphy3 uk canonical lemma PASS after Unicode/stress normalization; tag=NOUN,inan neut,nomn; score=1.0000'; surface_mt_never_sole_pass=PASS	обертання
MANUAL_EMERGENCY_WORK_20260820_FIRST_PASS_V7_round04	ox5000-0de976d449afd0d958f1	spin	verb	C1	https://www.oxfordlearnersdictionaries.com/us/definition/english/spin_1	MANUAL_EMERGENCY_WORK V7 exact Oxford identity; source_index=4969; definition_path=/us/definition/english/spin_1; exact_definition='to turn round and round quickly; to make something do this'; selected_candidate_method=en_wiktionary_sense_bound_uk_translation; sense_source='English Wiktionary'; sense_gloss='to turn around quickly'; gloss_definition_similarity=0.745; morphology='V6 pymorphy3 uk canonical lemma PASS after Unicode/stress normalization; tag=VERB,Refl,impf infn; score=1.0000'; surface_mt_never_sole_pass=PASS	крутитися
MANUAL_EMERGENCY_WORK_20260820_FIRST_PASS_V7_round04	ox5000-b97520fdd3dde5fb23d2	spine	noun	C1	https://www.oxfordlearnersdictionaries.com/us/definition/english/spine	MANUAL_EMERGENCY_WORK V7 exact Oxford identity; source_index=4970; definition_path=/us/definition/english/spine; exact_definition='the row of small bones that are connected together down the middle of the back'; selected_candidate_method=en_wiktionary_sense_bound_uk_translation; sense_source='English Wiktionary'; sense_gloss='backbone'; gloss_definition_similarity=0.446; morphology='V6 pymorphy3 uk canonical lemma PASS after Unicode/stress normalization; tag=NOUN,inan masc,nomn; score=1.0000'; surface_mt_never_sole_pass=PASS	хребет
MANUAL_EMERGENCY_WORK_20260820_FIRST_PASS_V7_round04	ox5000-8b05c3e4886c904c7b15	spite	noun	B2	https://www.oxfordlearnersdictionaries.com/us/definition/english/spite_1	MANUAL_EMERGENCY_WORK V7 exact Oxford identity; source_index=4973; definition_path=/us/definition/english/spite_1; exact_definition='a feeling of wanting to hurt or upset somebody'; selected_candidate_method=Helsinki-NLP/opus-mt-en-uk_surface_candidate; sense_source=''; sense_gloss=''; gloss_definition_similarity=1.000; morphology='V6 genuine multiword lexical phrase; Unicode-normalized V4 lexical/POS form accepted'; surface_mt_never_sole_pass=PASS	незважаючи на
MANUAL_EMERGENCY_WORK_20260820_FIRST_PASS_V7_round04	ox5000-14d85262aab9f4e3bb18	spoil	verb	B2	https://www.oxfordlearnersdictionaries.com/us/definition/english/spoil_1	MANUAL_EMERGENCY_WORK V7 exact Oxford identity; source_index=4976; definition_path=/us/definition/english/spoil_1; exact_definition='to change something good into something bad, unpleasant, etc.'; selected_candidate_method=Helsinki-NLP/opus-mt-en-uk_surface_candidate; sense_source=''; sense_gloss=''; gloss_definition_similarity=1.000; morphology='V6 no Ukrainian lexical token after Unicode/stress normalization'; surface_mt_never_sole_pass=PASS	clob
MANUAL_EMERGENCY_WORK_20260820_FIRST_PASS_V7_round04	ox5000-7ede5024152dd882302d	spokesman	noun	B2	https://www.oxfordlearnersdictionaries.com/us/definition/english/spokesman	MANUAL_EMERGENCY_WORK V7 exact Oxford identity; source_index=4978; definition_path=/us/definition/english/spokesman; exact_definition='a person who speaks for a group or an organization'; selected_candidate_method=en_wiktionary_sense_bound_uk_translation; sense_source='English Wiktionary'; sense_gloss='one who speaks as the voice of a group of people'; gloss_definition_similarity=0.780; morphology='V6 pymorphy3 uk canonical lemma PASS after Unicode/stress normalization; tag=NOUN,anim masc,nomn; score=1.0000'; surface_mt_never_sole_pass=PASS	спікер
MANUAL_EMERGENCY_WORK_20260820_FIRST_PASS_V7_round04	ox5000-771535acfeed7beab067	spokesperson	noun	B2	https://www.oxfordlearnersdictionaries.com/us/definition/english/spokesperson	MANUAL_EMERGENCY_WORK V7 exact Oxford identity; source_index=4979; definition_path=/us/definition/english/spokesperson; exact_definition='a person who speaks for a group or an organization'; selected_candidate_method=en_wiktionary_sense_bound_uk_translation; sense_source='English Wiktionary'; sense_gloss='person who acts as the voice of a group of people'; gloss_definition_similarity=0.756; morphology='V6 pymorphy3 uk canonical lemma PASS after Unicode/stress normalization; tag=NOUN,anim masc,nomn; score=1.0000'; surface_mt_never_sole_pass=PASS	спікер
MANUAL_EMERGENCY_WORK_20260820_FIRST_PASS_V7_round04	ox5000-9c15615ce8548856f3f4	spokeswoman	noun	B2	https://www.oxfordlearnersdictionaries.com/us/definition/english/spokeswoman	MANUAL_EMERGENCY_WORK V7 exact Oxford identity; source_index=4980; definition_path=/us/definition/english/spokeswoman; exact_definition='a woman who speaks for a group or an organization'; selected_candidate_method=en_wiktionary_sense_bound_uk_translation; sense_source='English Wiktionary'; sense_gloss='woman who speaks as the voice of a group of people'; gloss_definition_similarity=0.826; morphology='V6 pymorphy3 uk canonical lemma PASS after Unicode/stress normalization; tag=NOUN,anim femn,nomn; score=1.0000'; surface_mt_never_sole_pass=PASS	представниця
MANUAL_EMERGENCY_WORK_20260820_FIRST_PASS_V7_round04	ox5000-b2661fb6e14062c3248f	sponsorship	noun	B2	https://www.oxfordlearnersdictionaries.com/us/definition/english/sponsorship	MANUAL_EMERGENCY_WORK V7 exact Oxford identity; source_index=4983; definition_path=/us/definition/english/sponsorship; exact_definition='financial support from a sponsor'; selected_candidate_method=Helsinki-NLP/opus-mt-en-uk_surface_candidate; sense_source=''; sense_gloss=''; gloss_definition_similarity=1.000; morphology='V6 pymorphy3 uk canonical lemma PASS after Unicode/stress normalization; tag=NOUN,neut,inan nomn; score=1.0000'; surface_mt_never_sole_pass=PASS	спонсорування
MANUAL_EMERGENCY_WORK_20260820_FIRST_PASS_V7_round04	ox5000-9071c6c768dd47a699e1	sporting	adjective	B2	https://www.oxfordlearnersdictionaries.com/us/definition/english/sporting	MANUAL_EMERGENCY_WORK V7 exact Oxford identity; source_index=4986; definition_path=/us/definition/english/sporting; exact_definition='connected with sports'; selected_candidate_method=en_wiktionary_sense_bound_uk_translation; sense_source='English Wiktionary'; sense_gloss='pertaining to sports'; gloss_definition_similarity=0.871; morphology='V6 pymorphy3 uk canonical lemma PASS after Unicode/stress normalization; tag=ADJF,compb masc,nomn; score=1.0000'; surface_mt_never_sole_pass=PASS	спортивний
MANUAL_EMERGENCY_WORK_20260820_FIRST_PASS_V7_round04	ox5000-7ec49338a4a6d9c02a0f	spotlight	noun	C1	https://www.oxfordlearnersdictionaries.com/us/definition/english/spotlight_1	MANUAL_EMERGENCY_WORK V7 exact Oxford identity; source_index=4989; definition_path=/us/definition/english/spotlight_1; exact_definition='a light with a single, very bright beam that can be directed at a particular place or person, especially a performer on the stage'; selected_candidate_method=Helsinki-NLP/opus-mt-en-uk_surface_candidate; sense_source=''; sense_gloss=''; gloss_definition_similarity=1.000; morphology='V6 pymorphy3 uk canonical lemma PASS after Unicode/stress normalization; tag=NOUN,inan masc,nomn; score=1.0000'; surface_mt_never_sole_pass=PASS	прожектор
MANUAL_EMERGENCY_WORK_20260820_FIRST_PASS_V7_round04	ox5000-74d7b573de8710a0722e	spouse	noun	C1	https://www.oxfordlearnersdictionaries.com/us/definition/english/spouse	MANUAL_EMERGENCY_WORK V7 exact Oxford identity; source_index=4990; definition_path=/us/definition/english/spouse; exact_definition='a husband or wife'; selected_candidate_method=en_wiktionary_sense_bound_uk_translation; sense_source='English Wiktionary'; sense_gloss='person in a marriage or marital relationship'; gloss_definition_similarity=0.768; morphology='V6 pymorphy3 uk canonical lemma PASS after Unicode/stress normalization; tag=NOUN,inan femn; score=1.0000'; surface_mt_never_sole_pass=PASS	дружина
MANUAL_EMERGENCY_WORK_20260820_FIRST_PASS_V7_round04	ox5000-0aa63cde40e1bdba7606	spy	noun	C1	https://www.oxfordlearnersdictionaries.com/us/definition/english/spy_1	MANUAL_EMERGENCY_WORK V7 exact Oxford identity; source_index=4995; definition_path=/us/definition/english/spy_1; exact_definition='a person who tries to get secret information about another country, organization or person, especially somebody who is employed by a government or the police'; selected_candidate_method=en_wiktionary_sense_bound_uk_translation; sense_source='English Wiktionary'; sense_gloss='person who secretly watches'; gloss_definition_similarity=0.472; morphology='V6 pymorphy3 uk canonical lemma PASS after Unicode/stress normalization; tag=NOUN,anim masc,nomn; score=1.0000'; surface_mt_never_sole_pass=PASS	шпигун
MANUAL_EMERGENCY_WORK_20260820_FIRST_PASS_V7_round04	ox5000-c2a6686ec496e6cb62f6	spy	verb	C1	https://www.oxfordlearnersdictionaries.com/us/definition/english/spy_2	MANUAL_EMERGENCY_WORK V7 exact Oxford identity; source_index=4996; definition_path=/us/definition/english/spy_2; exact_definition='to collect secret information about another country, organization or person'; selected_candidate_method=en_wiktionary_sense_bound_uk_translation; sense_source='English Wiktionary'; sense_gloss='to act as a spy'; gloss_definition_similarity=0.431; morphology='V6 pymorphy3 uk canonical lemma PASS after Unicode/stress normalization; tag=VERB,impf infn; score=1.0000'; surface_mt_never_sole_pass=PASS	шпигувати
MANUAL_EMERGENCY_WORK_20260820_FIRST_PASS_V7_round04	ox5000-71db30d2a889c264257c	squad	noun	C1	https://www.oxfordlearnersdictionaries.com/us/definition/english/squad	MANUAL_EMERGENCY_WORK V7 exact Oxford identity; source_index=4997; definition_path=/us/definition/english/squad; exact_definition='a section of a police force that deals with a particular type of crime'; selected_candidate_method=en_wiktionary_sense_bound_uk_translation; sense_source='English Wiktionary'; sense_gloss='unit of tactical military personnel or police officers'; gloss_definition_similarity=0.601; morphology='V6 pymorphy3 uk canonical lemma PASS after Unicode/stress normalization; tag=NOUN,inan femn,nomn; score=1.0000'; surface_mt_never_sole_pass=PASS	команда
MANUAL_EMERGENCY_WORK_20260820_FIRST_PASS_V7_round04	ox5000-626b716b54d1acca747d	squeeze	verb	C1	https://www.oxfordlearnersdictionaries.com/us/definition/english/squeeze_1	MANUAL_EMERGENCY_WORK V7 exact Oxford identity; source_index=5000; definition_path=/us/definition/english/squeeze_1; exact_definition='to press something, especially with your fingers'; selected_candidate_method=en_wiktionary_sense_bound_uk_translation; sense_source='English Wiktionary'; sense_gloss='to apply pressure to from two or more sides at once'; gloss_definition_similarity=0.449; morphology='V6 pymorphy3 uk canonical lemma PASS after Unicode/stress normalization; tag=VERB,impf infn; score=1.0000'; surface_mt_never_sole_pass=PASS	тиснути
MANUAL_EMERGENCY_WORK_20260820_FIRST_PASS_V7_round04	ox5000-e6f44a958562bf7abf7c	stab	verb	C1	https://www.oxfordlearnersdictionaries.com/us/definition/english/stab_1	MANUAL_EMERGENCY_WORK V7 exact Oxford identity; source_index=5001; definition_path=/us/definition/english/stab_1; exact_definition='to push a sharp, pointed object, especially a knife, into somebody, killing or injuring them'; selected_candidate_method=Helsinki-NLP/opus-mt-en-uk_surface_candidate; sense_source=''; sense_gloss=''; gloss_definition_similarity=1.000; morphology='V6 pymorphy3 uk canonical lemma PASS after Unicode/stress normalization; tag=VERB,perf infn; score=1.0000'; surface_mt_never_sole_pass=PASS	ударити
MANUAL_EMERGENCY_WORK_20260820_FIRST_PASS_V7_round04	ox5000-442407d81c34948f3e01	stability	noun	C1	https://www.oxfordlearnersdictionaries.com/us/definition/english/stability	MANUAL_EMERGENCY_WORK V7 exact Oxford identity; source_index=5002; definition_path=/us/definition/english/stability; exact_definition='the quality or state of being steady and not changing or being upset in any way (= the quality of being stable)'; selected_candidate_method=en_wiktionary_sense_bound_uk_translation; sense_source='English Wiktionary'; sense_gloss='condition of being stable'; gloss_definition_similarity=0.713; morphology='V6 pymorphy3 uk canonical lemma PASS after Unicode/stress normalization; tag=NOUN,inan femn,nomn; score=1.0000'; surface_mt_never_sole_pass=PASS	стабільність
MANUAL_EMERGENCY_WORK_20260820_FIRST_PASS_V7_round04	ox5000-fd492cc26eb07b2e4fa9	stabilize	verb	C1	https://www.oxfordlearnersdictionaries.com/us/definition/english/stabilize	MANUAL_EMERGENCY_WORK V7 exact Oxford identity; source_index=5003; definition_path=/us/definition/english/stabilize; exact_definition='to become or to make something become steady and unlikely to change; to make something stable'; selected_candidate_method=en_wiktionary_sense_bound_uk_translation; sense_source='English Wiktionary'; sense_gloss='to become stable'; gloss_definition_similarity=0.675; morphology='V6 pymorphy3 uk canonical lemma PASS after Unicode/stress normalization; tag=VERB,Refl,impf infn; score=1.0000'; surface_mt_never_sole_pass=PASS	стабілізуватися
MANUAL_EMERGENCY_WORK_20260820_FIRST_PASS_V7_round04	ox5000-1f971ffc38a84dfdc9eb	stake	noun	C1	https://www.oxfordlearnersdictionaries.com/us/definition/english/stake_1	MANUAL_EMERGENCY_WORK V7 exact Oxford identity; source_index=5010; definition_path=/us/definition/english/stake_1; exact_definition='money that somebody invests in a company'; selected_candidate_method=en_wiktionary_sense_bound_uk_translation; sense_source='English Wiktionary'; sense_gloss='pointed long and slender piece of wood etc.'; gloss_definition_similarity=0.082; morphology='V6 pymorphy3 uk canonical lemma PASS after Unicode/stress normalization; tag=NOUN,inan neut,nomn; score=1.0000'; surface_mt_never_sole_pass=PASS	коло
MANUAL_EMERGENCY_WORK_20260820_FIRST_PASS_V7_round04	ox5000-8eaceadbb1ee581b62f9	stall	noun	B2	https://www.oxfordlearnersdictionaries.com/us/definition/english/stall_1	MANUAL_EMERGENCY_WORK V7 exact Oxford identity; source_index=5011; definition_path=/us/definition/english/stall_1; exact_definition='a table or small shop with an open front that people sell things from, especially at a market'; selected_candidate_method=en_wiktionary_sense_bound_uk_translation; sense_source='English Wiktionary'; sense_gloss='small open-fronted shop'; gloss_definition_similarity=0.728; morphology='V6 pymorphy3 uk canonical lemma PASS after Unicode/stress normalization; tag=NOUN,Dist,inan masc,nomn; score=1.0000'; surface_mt_never_sole_pass=PASS	ларьок
MANUAL_EMERGENCY_WORK_20260820_FIRST_PASS_V7_round04	ox5000-7a3a677b37b7297ea39e	stance	noun	B2	https://www.oxfordlearnersdictionaries.com/us/definition/english/stance	MANUAL_EMERGENCY_WORK V7 exact Oxford identity; source_index=5013; definition_path=/us/definition/english/stance; exact_definition='the opinions that somebody has about something and expresses publicly'; selected_candidate_method=Helsinki-NLP/opus-mt-en-uk_surface_candidate; sense_source=''; sense_gloss=''; gloss_definition_similarity=1.000; morphology='V6 pymorphy3 uk canonical lemma PASS after Unicode/stress normalization; tag=NOUN,inan femn,nomn; score=1.0000'; surface_mt_never_sole_pass=PASS	позиція
MANUAL_EMERGENCY_WORK_20260820_FIRST_PASS_V7_round04	ox5000-980507a355dc07024a5e	standing	adjective	C1	https://www.oxfordlearnersdictionaries.com/us/definition/english/standing_1	"MANUAL_EMERGENCY_WORK V7 exact Oxford identity; source_index=5018; definition_path=/us/definition/english/standing_1; exact_definition='done from a position in which you are standing rather than sitting or running'; selected_candidate_method=Helsinki-NLP/opus-mt-en-uk_surface_candidate; sense_source=''; sense_gloss=''; gloss_definition_similarity=1.000; morphology=""V6 pymorphy3 uk has no requested-POS parse for 'стояння'""; surface_mt_never_sole_pass=PASS"	стояння
MANUAL_EMERGENCY_WORK_20260820_FIRST_PASS_V7_round04	ox5000-4a62354eea2aa0c1fe7e	stark	adjective	C1	https://www.oxfordlearnersdictionaries.com/us/definition/english/stark_1	MANUAL_EMERGENCY_WORK V7 exact Oxford identity; source_index=5022; definition_path=/us/definition/english/stark_1; exact_definition='unpleasant; real, and impossible to avoid'; selected_candidate_method=Helsinki-NLP/opus-mt-en-uk_surface_candidate; sense_source=''; sense_gloss=''; gloss_definition_similarity=1.000; morphology='V6 pymorphy3 uk canonical lemma PASS after Unicode/stress normalization; tag=ADJF,compb masc,nomn; score=1.0000'; surface_mt_never_sole_pass=PASS	гнучкий
MANUAL_EMERGENCY_WORK_20260820_FIRST_PASS_V7_round04	ox5000-cdc26e4c72368b040b24	starve	verb	B2	https://www.oxfordlearnersdictionaries.com/us/definition/english/starve	MANUAL_EMERGENCY_WORK V7 exact Oxford identity; source_index=5025; definition_path=/us/definition/english/starve; exact_definition='to suffer or die because you do not have enough food to eat; to make somebody suffer or die in this way'; selected_candidate_method=en_wiktionary_sense_bound_uk_translation; sense_source='English Wiktionary'; sense_gloss='to die because of lack of food'; gloss_definition_similarity=0.819; morphology='V6 pymorphy3 uk canonical lemma PASS after Unicode/stress normalization; tag=VERB,impf infn; score=1.0000'; surface_mt_never_sole_pass=PASS	голодувати
MANUAL_EMERGENCY_WORK_20260820_FIRST_PASS_V7_round04	ox5000-616ed2e87cf312a1d154	statistical	adjective	C1	https://www.oxfordlearnersdictionaries.com/us/definition/english/statistical	MANUAL_EMERGENCY_WORK V7 exact Oxford identity; source_index=5032; definition_path=/us/definition/english/statistical; exact_definition='connected with or based on statistics'; selected_candidate_method=en_wiktionary_sense_bound_uk_translation; sense_source='English Wiktionary'; sense_gloss='of or pertaining to statistics'; gloss_definition_similarity=0.709; morphology='V6 pymorphy3 uk canonical lemma PASS after Unicode/stress normalization; tag=ADJF masc,nomn; score=1.0000'; surface_mt_never_sole_pass=PASS	статистичний
MANUAL_EMERGENCY_WORK_20260820_FIRST_PASS_V7_round04	ox5000-1d6a1167f6e0068fbfc2	steadily	adverb	B2	https://www.oxfordlearnersdictionaries.com/us/definition/english/steadily	MANUAL_EMERGENCY_WORK V7 exact Oxford identity; source_index=5037; definition_path=/us/definition/english/steadily; exact_definition='gradually and in an even and regular way'; selected_candidate_method=Helsinki-NLP/opus-mt-en-uk_surface_candidate; sense_source=''; sense_gloss=''; gloss_definition_similarity=1.000; morphology='V6 pymorphy3 uk canonical lemma PASS after Unicode/stress normalization; tag=ADVB,compb; score=1.0000'; surface_mt_never_sole_pass=PASS	неухильно
MANUAL_EMERGENCY_WORK_20260820_FIRST_PASS_V7_round04	ox5000-14abb43eba14f012e5eb	steam	noun	B2	https://www.oxfordlearnersdictionaries.com/us/definition/english/steam_1	MANUAL_EMERGENCY_WORK V7 exact Oxford identity; source_index=5040; definition_path=/us/definition/english/steam_1; exact_definition='the hot gas that water changes into when it boils'; selected_candidate_method=Helsinki-NLP/opus-mt-en-uk_surface_candidate; sense_source=''; sense_gloss=''; gloss_definition_similarity=1.000; morphology='V6 pymorphy3 uk canonical lemma PASS after Unicode/stress normalization; tag=NOUN,inan femn,nomn; score=1.0000'; surface_mt_never_sole_pass=PASS	пара
MANUAL_EMERGENCY_WORK_20260820_FIRST_PASS_V7_round04	ox5000-f26f65eeec860e7aee0e	steer	verb	C1	https://www.oxfordlearnersdictionaries.com/us/definition/english/steer_1	MANUAL_EMERGENCY_WORK V7 exact Oxford identity; source_index=5043; definition_path=/us/definition/english/steer_1; exact_definition='to control the direction in which a boat, car, etc. moves'; selected_candidate_method=Helsinki-NLP/opus-mt-en-uk_surface_candidate; sense_source=''; sense_gloss=''; gloss_definition_similarity=1.000; morphology='V6 no Ukrainian lexical token after Unicode/stress normalization'; surface_mt_never_sole_pass=PASS	wheel
MANUAL_EMERGENCY_WORK_20260820_FIRST_PASS_V7_round04	ox5000-13c31eaba6790c6b13a1	stem	noun	C1	https://www.oxfordlearnersdictionaries.com/us/definition/english/stem_1	MANUAL_EMERGENCY_WORK V7 exact Oxford identity; source_index=5044; definition_path=/us/definition/english/stem_1; exact_definition='the main long, thin part of a plant above the ground from which the leaves or flowers grow; a smaller part that grows from this and supports flowers or leaves'; selected_candidate_method=Helsinki-NLP/opus-mt-en-uk_surface_candidate; sense_source=''; sense_gloss=''; gloss_definition_similarity=1.000; morphology='V6 pymorphy3 uk canonical lemma PASS after Unicode/stress normalization; tag=NOUN,inan masc,nomn; score=1.0000'; surface_mt_never_sole_pass=PASS	стовбур
MANUAL_EMERGENCY_WORK_20260820_FIRST_PASS_V7_round04	ox5000-953f191b3f02189d014a	stem	verb	C1	https://www.oxfordlearnersdictionaries.com/us/definition/english/stem_3	"MANUAL_EMERGENCY_WORK V7 exact Oxford identity; source_index=5045; definition_path=/us/definition/english/stem_3; exact_definition='to stop something that is flowing from spreading or increasing'; selected_candidate_method=Helsinki-NLP/opus-mt-en-uk_surface_candidate; sense_source=''; sense_gloss=''; gloss_definition_similarity=1.000; morphology=""V6 pymorphy3 uk has no requested-POS parse for 'стовбур'""; surface_mt_never_sole_pass=PASS"	стовбур
MANUAL_EMERGENCY_WORK_20260820_FIRST_PASS_V7_round04	ox5000-e38d745fe829cedf1374	stereotype	noun	C1	https://www.oxfordlearnersdictionaries.com/us/definition/english/stereotype_1	MANUAL_EMERGENCY_WORK V7 exact Oxford identity; source_index=5048; definition_path=/us/definition/english/stereotype_1; exact_definition='a fixed idea or image that many people have of a particular type of person or thing, but which is often not true in reality and may cause hurt and offence'; selected_candidate_method=Helsinki-NLP/opus-mt-en-uk_surface_candidate; sense_source=''; sense_gloss=''; gloss_definition_similarity=1.000; morphology='V6 pymorphy3 uk canonical lemma PASS after Unicode/stress normalization; tag=NOUN,inan masc,nomn; score=1.0000'; surface_mt_never_sole_pass=PASS	стереотип
MANUAL_EMERGENCY_WORK_20260820_FIRST_PASS_V7_round04	ox5000-3f1e3d183d1cbfa4b4c6	stimulate	verb	B2	https://www.oxfordlearnersdictionaries.com/us/definition/english/stimulate	"MANUAL_EMERGENCY_WORK V7 exact Oxford identity; source_index=5055; definition_path=/us/definition/english/stimulate; exact_definition='to make something develop or become more active; to encourage something'; selected_candidate_method=Helsinki-NLP/opus-mt-en-uk_surface_candidate; sense_source=''; sense_gloss=''; gloss_definition_similarity=1.000; morphology=""V6 pymorphy3 uk has no requested-POS parse for 'стимуляція'""; surface_mt_never_sole_pass=PASS"	стимуляція
MANUAL_EMERGENCY_WORK_20260820_FIRST_PASS_V7_round04	ox5000-9ac8563a536ea0c05871	stimulus	noun	C1	https://www.oxfordlearnersdictionaries.com/us/definition/english/stimulus	MANUAL_EMERGENCY_WORK V7 exact Oxford identity; source_index=5056; definition_path=/us/definition/english/stimulus; exact_definition='something that helps somebody/something to develop better or more quickly'; selected_candidate_method=Helsinki-NLP/opus-mt-en-uk_surface_candidate; sense_source=''; sense_gloss=''; gloss_definition_similarity=1.000; morphology='V6 pymorphy3 uk canonical lemma PASS after Unicode/stress normalization; tag=NOUN,inan neut,nomn; score=1.0000'; surface_mt_never_sole_pass=PASS	стимулювання
MANUAL_EMERGENCY_WORK_20260820_FIRST_PASS_V7_round04	ox5000-89ee912889a76e3be149	stir	verb	C1	https://www.oxfordlearnersdictionaries.com/us/definition/english/stir_1	"MANUAL_EMERGENCY_WORK V7 exact Oxford identity; source_index=5057; definition_path=/us/definition/english/stir_1; exact_definition='to move a liquid or substance around, using a spoon or something similar, in order to mix it completely'; selected_candidate_method=Helsinki-NLP/opus-mt-en-uk_surface_candidate; sense_source=''; sense_gloss=''; gloss_definition_similarity=1.000; morphology=""V6 pymorphy3 uk has no requested-POS parse for 'перемішування'""; surface_mt_never_sole_pass=PASS"	перемішування
MANUAL_EMERGENCY_WORK_20260820_FIRST_PASS_V7_round04	ox5000-5a639bd32b6fa05828e2	storage	noun	C1	https://www.oxfordlearnersdictionaries.com/us/definition/english/storage	MANUAL_EMERGENCY_WORK V7 exact Oxford identity; source_index=5063; definition_path=/us/definition/english/storage; exact_definition='the process of keeping something in a particular place until it is needed; the space where things can be kept'; selected_candidate_method=Helsinki-NLP/opus-mt-en-uk_surface_candidate; sense_source=''; sense_gloss=''; gloss_definition_similarity=1.000; morphology='V6 pymorphy3 uk canonical lemma PASS after Unicode/stress normalization; tag=NOUN,inan neut,nomn; score=1.0000'; surface_mt_never_sole_pass=PASS	зберігання
MANUAL_EMERGENCY_WORK_20260820_FIRST_PASS_V7_round04	ox5000-f6b29aa22c04b745a26a	straightforward	adjective	C1	https://www.oxfordlearnersdictionaries.com/us/definition/english/straightforward	MANUAL_EMERGENCY_WORK V7 exact Oxford identity; source_index=5070; definition_path=/us/definition/english/straightforward; exact_definition='easy to do or to understand; not complicated'; selected_candidate_method=Helsinki-NLP/opus-mt-en-uk_surface_candidate; sense_source=''; sense_gloss=''; gloss_definition_similarity=1.000; morphology='V6 pymorphy3 uk canonical lemma PASS after Unicode/stress normalization; tag=ADJF,compb masc,nomn; score=1.0000'; surface_mt_never_sole_pass=PASS	простий
MANUAL_EMERGENCY_WORK_20260820_FIRST_PASS_V7_round04	ox5000-9459734beb39d10c7e71	strain	noun	C1	https://www.oxfordlearnersdictionaries.com/us/definition/english/strain_1	MANUAL_EMERGENCY_WORK V7 exact Oxford identity; source_index=5071; definition_path=/us/definition/english/strain_1; exact_definition='pressure on a system or relationship because great demands are being placed on it'; selected_candidate_method=Helsinki-NLP/opus-mt-en-uk_surface_candidate; sense_source=''; sense_gloss=''; gloss_definition_similarity=1.000; morphology='V6 no Ukrainian lexical token after Unicode/stress normalization'; surface_mt_never_sole_pass=PASS	mix
MANUAL_EMERGENCY_WORK_20260820_FIRST_PASS_V7_round04	ox5000-a1c00469b0bc4fe597c6	strand	noun	C1	https://www.oxfordlearnersdictionaries.com/us/definition/english/strand_1	MANUAL_EMERGENCY_WORK V7 exact Oxford identity; source_index=5072; definition_path=/us/definition/english/strand_1; exact_definition='a single thin piece of thread , wire, hair, etc.'; selected_candidate_method=Helsinki-NLP/opus-mt-en-uk_surface_candidate; sense_source=''; sense_gloss=''; gloss_definition_similarity=1.000; morphology='V6 pymorphy3 uk canonical lemma PASS after Unicode/stress normalization; tag=NOUN,inan femn,nomn; score=1.0000'; surface_mt_never_sole_pass=PASS	нитка
MANUAL_EMERGENCY_WORK_20260820_FIRST_PASS_V7_round04	ox5000-f4d56c8c46e4d6f772c3	strategic	adjective	C1	https://www.oxfordlearnersdictionaries.com/us/definition/english/strategic	MANUAL_EMERGENCY_WORK V7 exact Oxford identity; source_index=5075; definition_path=/us/definition/english/strategic; exact_definition='done as part of a plan that is meant to achieve a particular purpose or to gain an advantage'; selected_candidate_method=Helsinki-NLP/opus-mt-en-uk_surface_candidate; sense_source=''; sense_gloss=''; gloss_definition_similarity=1.000; morphology='V6 pymorphy3 uk canonical lemma PASS after Unicode/stress normalization; tag=ADJF,compb masc,nomn; score=1.0000'; surface_mt_never_sole_pass=PASS	стратегічний
MANUAL_EMERGENCY_WORK_20260820_FIRST_PASS_V7_round04	ox5000-17714dd4e4a9a5258b0d	strengthen	verb	B2	https://www.oxfordlearnersdictionaries.com/us/definition/english/strengthen	"MANUAL_EMERGENCY_WORK V7 exact Oxford identity; source_index=5080; definition_path=/us/definition/english/strengthen; exact_definition='to become more powerful or effective; to make somebody/something more powerful or effective'; selected_candidate_method=Helsinki-NLP/opus-mt-en-uk_surface_candidate; sense_source=''; sense_gloss=''; gloss_definition_similarity=1.000; morphology=""V6 pymorphy3 uk has no requested-POS parse for 'зміцнення'""; surface_mt_never_sole_pass=PASS"	зміцнення
MANUAL_EMERGENCY_WORK_20260820_FIRST_PASS_V7_round04	ox5000-5596e88919f103c35872	strictly	adverb	B2	https://www.oxfordlearnersdictionaries.com/us/definition/english/strictly	MANUAL_EMERGENCY_WORK V7 exact Oxford identity; source_index=5086; definition_path=/us/definition/english/strictly; exact_definition='with a lot of control and rules that must be obeyed'; selected_candidate_method=Helsinki-NLP/opus-mt-en-uk_surface_candidate; sense_source=''; sense_gloss=''; gloss_definition_similarity=1.000; morphology='V6 pymorphy3 uk canonical lemma PASS after Unicode/stress normalization; tag=ADVB,compb; score=1.0000'; surface_mt_never_sole_pass=PASS	строго
MANUAL_EMERGENCY_WORK_20260820_FIRST_PASS_V7_round04	ox5000-41f1166ff1765ca1a266	striking	adjective	C1	https://www.oxfordlearnersdictionaries.com/us/definition/english/striking	MANUAL_EMERGENCY_WORK V7 exact Oxford identity; source_index=5089; definition_path=/us/definition/english/striking; exact_definition='interesting and unusual enough to attract attention'; selected_candidate_method=Helsinki-NLP/opus-mt-en-uk_surface_candidate; sense_source=''; sense_gloss=''; gloss_definition_similarity=1.000; morphology='V6 pymorphy3 uk canonical lemma PASS after Unicode/stress normalization; tag=ADJF,compb masc,nomn; score=1.0000'; surface_mt_never_sole_pass=PASS	ударний
MANUAL_EMERGENCY_WORK_20260820_FIRST_PASS_V7_round04	ox5000-257a7edd9932fb46a134	strip	noun	C1	https://www.oxfordlearnersdictionaries.com/us/definition/english/strip_1	MANUAL_EMERGENCY_WORK V7 exact Oxford identity; source_index=5091; definition_path=/us/definition/english/strip_1; exact_definition='a long narrow piece of paper, metal, cloth, etc.'; selected_candidate_method=Helsinki-NLP/opus-mt-en-uk_surface_candidate; sense_source=''; sense_gloss=''; gloss_definition_similarity=1.000; morphology='V6 pymorphy3 uk canonical lemma PASS after Unicode/stress normalization; tag=NOUN,inan femn,nomn; score=1.0000'; surface_mt_never_sole_pass=PASS	смужка
MANUAL_EMERGENCY_WORK_20260820_FIRST_PASS_V7_round04	ox5000-8fdf7c3fa1ff0749e888	strip	verb	C1	https://www.oxfordlearnersdictionaries.com/us/definition/english/strip_2	"MANUAL_EMERGENCY_WORK V7 exact Oxford identity; source_index=5092; definition_path=/us/definition/english/strip_2; exact_definition='to take off all or most of your clothes or another person’s clothes'; selected_candidate_method=Helsinki-NLP/opus-mt-en-uk_surface_candidate; sense_source=''; sense_gloss=''; gloss_definition_similarity=1.000; morphology=""V6 pymorphy3 uk has no requested-POS parse for 'смужка'""; surface_mt_never_sole_pass=PASS"	смужка
MANUAL_EMERGENCY_WORK_20260820_FIRST_PASS_V7_round04	ox5000-a00df9b6f8f4eda1bb71	strive	verb	C1	https://www.oxfordlearnersdictionaries.com/us/definition/english/strive	MANUAL_EMERGENCY_WORK V7 exact Oxford identity; source_index=5093; definition_path=/us/definition/english/strive; exact_definition='to try very hard to achieve something'; selected_candidate_method=Helsinki-NLP/opus-mt-en-uk_surface_candidate; sense_source=''; sense_gloss=''; gloss_definition_similarity=1.000; morphology='V6 no Ukrainian lexical token after Unicode/stress normalization'; surface_mt_never_sole_pass=PASS	supplicate
MANUAL_EMERGENCY_WORK_20260820_FIRST_PASS_V7_round04	ox5000-daeb6d79b4d634b68b53	stroke	noun	B2	https://www.oxfordlearnersdictionaries.com/us/definition/english/stroke_1	MANUAL_EMERGENCY_WORK V7 exact Oxford identity; source_index=5094; definition_path=/us/definition/english/stroke_1; exact_definition='an act of hitting a ball, for example with a bat or racket'; selected_candidate_method=Helsinki-NLP/opus-mt-en-uk_surface_candidate; sense_source=''; sense_gloss=''; gloss_definition_similarity=1.000; morphology='V6 pymorphy3 uk canonical lemma PASS after Unicode/stress normalization; tag=NOUN,inan masc,nomn; score=1.0000'; surface_mt_never_sole_pass=PASS	штрих
MANUAL_EMERGENCY_WORK_20260820_FIRST_PASS_V7_round04	ox5000-49b93769290b41d3ccca	structural	adjective	C1	https://www.oxfordlearnersdictionaries.com/us/definition/english/structural	MANUAL_EMERGENCY_WORK V7 exact Oxford identity; source_index=5097; definition_path=/us/definition/english/structural; exact_definition='connected with the way in which something is built or organized'; selected_candidate_method=Helsinki-NLP/opus-mt-en-uk_surface_candidate; sense_source=''; sense_gloss=''; gloss_definition_similarity=1.000; morphology='V6 pymorphy3 uk canonical lemma PASS after Unicode/stress normalization; tag=ADJF masc,nomn; score=1.0000'; surface_mt_never_sole_pass=PASS	структурний
MANUAL_EMERGENCY_WORK_20260820_FIRST_PASS_V7_round04	ox5000-e83d2cfb6067f7ef6f2b	stumble	verb	C1	https://www.oxfordlearnersdictionaries.com/us/definition/english/stumble_2	MANUAL_EMERGENCY_WORK V7 exact Oxford identity; source_index=5108; definition_path=/us/definition/english/stumble_2; exact_definition='to hit your foot against something while you are walking or running and almost fall'; selected_candidate_method=Helsinki-NLP/opus-mt-en-uk_surface_candidate; sense_source=''; sense_gloss=''; gloss_definition_similarity=1.000; morphology='V6 pymorphy3 uk canonical lemma PASS after Unicode/stress normalization; tag=VERB,Refl,perf infn; score=1.0000'; surface_mt_never_sole_pass=PASS	спіткнутися
MANUAL_EMERGENCY_WORK_20260820_FIRST_PASS_V7_round04	ox5000-55ac4bfa74eaba162150	stun	verb	C1	https://www.oxfordlearnersdictionaries.com/us/definition/english/stun	MANUAL_EMERGENCY_WORK V7 exact Oxford identity; source_index=5109; definition_path=/us/definition/english/stun; exact_definition='to make a person or an animal unconscious for a short time, especially by hitting them on the head'; selected_candidate_method=Helsinki-NLP/opus-mt-en-uk_surface_candidate; sense_source=''; sense_gloss=''; gloss_definition_similarity=1.000; morphology='V6 no Ukrainian lexical token after Unicode/stress normalization'; surface_mt_never_sole_pass=PASS	stun
MANUAL_EMERGENCY_WORK_20260820_FIRST_PASS_V7_round04	ox5000-d26b4cc191e0d78756fd	stunning	adjective	B2	https://www.oxfordlearnersdictionaries.com/us/definition/english/stunning	MANUAL_EMERGENCY_WORK V7 exact Oxford identity; source_index=5110; definition_path=/us/definition/english/stunning; exact_definition='extremely attractive or impressive'; selected_candidate_method=Helsinki-NLP/opus-mt-en-uk_surface_candidate; sense_source=''; sense_gloss=''; gloss_definition_similarity=1.000; morphology='V6 pymorphy3 uk canonical lemma PASS after Unicode/stress normalization; tag=ADJF,compb masc,nomn; score=1.0000'; surface_mt_never_sole_pass=PASS	приголомшливий
MANUAL_EMERGENCY_WORK_20260820_FIRST_PASS_V7_round04	ox5000-3d00922475004cf93a94	submission	noun	C1	https://www.oxfordlearnersdictionaries.com/us/definition/english/submission	MANUAL_EMERGENCY_WORK V7 exact Oxford identity; source_index=5115; definition_path=/us/definition/english/submission; exact_definition='the act of accepting that somebody has defeated you and that you must obey them'; selected_candidate_method=Helsinki-NLP/opus-mt-en-uk_surface_candidate; sense_source=''; sense_gloss=''; gloss_definition_similarity=1.000; morphology='V6 pymorphy3 uk canonical lemma PASS after Unicode/stress normalization; tag=NOUN,inan neut,nomn; score=1.0000'; surface_mt_never_sole_pass=PASS	підкорення
MANUAL_EMERGENCY_WORK_20260820_FIRST_PASS_V7_round04	ox5000-f2e7ff182fba2f7b32ce	subscriber	noun	C1	https://www.oxfordlearnersdictionaries.com/us/definition/english/subscriber	MANUAL_EMERGENCY_WORK V7 exact Oxford identity; source_index=5117; definition_path=/us/definition/english/subscriber; exact_definition='a person who pays money, usually once a year, to receive regular copies of a magazine or newspaper or have access to it online'; selected_candidate_method=Helsinki-NLP/opus-mt-en-uk_surface_candidate; sense_source=''; sense_gloss=''; gloss_definition_similarity=1.000; morphology='V6 pymorphy3 uk canonical lemma PASS after Unicode/stress normalization; tag=NOUN,anim masc,nomn; score=1.0000'; surface_mt_never_sole_pass=PASS	підписник
MANUAL_EMERGENCY_WORK_20260820_FIRST_PASS_V7_round04	ox5000-82524e734d9ba7cdeb6d	subscription	noun	C1	https://www.oxfordlearnersdictionaries.com/us/definition/english/subscription	MANUAL_EMERGENCY_WORK V7 exact Oxford identity; source_index=5118; definition_path=/us/definition/english/subscription; exact_definition='an amount of money that you pay regularly to receive a service, be a member of a club, support a charity or receive regular copies of a newspaper or magazine; the act of paying this money'; selected_candidate_method=en_wiktionary_sense_bound_uk_translation; sense_source='English Wiktionary'; sense_gloss='access to a resource for a period of time'; gloss_definition_similarity=0.356; morphology='V6 pymorphy3 uk canonical lemma PASS after Unicode/stress normalization; tag=NOUN,inan femn,nomn; score=1.0000'; surface_mt_never_sole_pass=PASS	підписка
MANUAL_EMERGENCY_WORK_20260820_FIRST_PASS_V7_round04	ox5000-723f59ddea1be37debf4	subsequent	adjective	B2	https://www.oxfordlearnersdictionaries.com/us/definition/english/subsequent	MANUAL_EMERGENCY_WORK V7 exact Oxford identity; source_index=5119; definition_path=/us/definition/english/subsequent; exact_definition='happening or coming after something else'; selected_candidate_method=en_wiktionary_sense_bound_uk_translation; sense_source='English Wiktionary'; sense_gloss='following in time'; gloss_definition_similarity=0.506; morphology='V6 pymorphy3 uk canonical lemma PASS after Unicode/stress normalization; tag=ADJF masc,nomn; score=1.0000'; surface_mt_never_sole_pass=PASS	подальший
MANUAL_EMERGENCY_WORK_20260820_FIRST_PASS_V7_round04	ox5000-deeafc102a5fc0edcb7e	subsequently	adverb	B2	https://www.oxfordlearnersdictionaries.com/us/definition/english/subsequently	MANUAL_EMERGENCY_WORK V7 exact Oxford identity; source_index=5120; definition_path=/us/definition/english/subsequently; exact_definition='afterwards; later; after something else has happened'; selected_candidate_method=Helsinki-NLP/opus-mt-en-uk_surface_candidate; sense_source=''; sense_gloss=''; gloss_definition_similarity=1.000; morphology='V6 pymorphy3 uk canonical lemma PASS after Unicode/stress normalization; tag=ADVB; score=1.0000'; surface_mt_never_sole_pass=PASS	згодом
MANUAL_EMERGENCY_WORK_20260820_FIRST_PASS_V7_round04	ox5000-4a4f06882bc795737f54	subsidy	noun	C1	https://www.oxfordlearnersdictionaries.com/us/definition/english/subsidy	MANUAL_EMERGENCY_WORK V7 exact Oxford identity; source_index=5121; definition_path=/us/definition/english/subsidy; exact_definition='money that is paid by a government or an organization to reduce the costs of services or of producing goods so that their prices can be kept low'; selected_candidate_method=Helsinki-NLP/opus-mt-en-uk_surface_candidate; sense_source=''; sense_gloss=''; gloss_definition_similarity=1.000; morphology='V6 no Ukrainian lexical token after Unicode/stress normalization'; surface_mt_never_sole_pass=PASS	subsidy
MANUAL_EMERGENCY_WORK_20260820_FIRST_PASS_V7_round04	ox5000-8497fff50f2f4451b1fa	substantial	adjective	C1	https://www.oxfordlearnersdictionaries.com/us/definition/english/substantial	MANUAL_EMERGENCY_WORK V7 exact Oxford identity; source_index=5123; definition_path=/us/definition/english/substantial; exact_definition='large in amount, value or importance'; selected_candidate_method=Helsinki-NLP/opus-mt-en-uk_surface_candidate; sense_source=''; sense_gloss=''; gloss_definition_similarity=1.000; morphology='V6 no Ukrainian lexical token after Unicode/stress normalization'; surface_mt_never_sole_pass=PASS	valid
MANUAL_EMERGENCY_WORK_20260820_FIRST_PASS_V7_round04	ox5000-ccb0aa16d20fc2fac36c	substantially	adverb	C1	https://www.oxfordlearnersdictionaries.com/us/definition/english/substantially	MANUAL_EMERGENCY_WORK V7 exact Oxford identity; source_index=5124; definition_path=/us/definition/english/substantially; exact_definition='very much; a lot'; selected_candidate_method=Helsinki-NLP/opus-mt-en-uk_surface_candidate; sense_source=''; sense_gloss=''; gloss_definition_similarity=1.000; morphology='V6 pymorphy3 uk canonical lemma PASS after Unicode/stress normalization; tag=ADVB,compb; score=1.0000'; surface_mt_never_sole_pass=PASS	значно
MANUAL_EMERGENCY_WORK_20260820_FIRST_PASS_V7_round04	ox5000-ccf6c1169dbd08cdf21d	substitute	noun	C1	https://www.oxfordlearnersdictionaries.com/us/definition/english/substitute_1	MANUAL_EMERGENCY_WORK V7 exact Oxford identity; source_index=5125; definition_path=/us/definition/english/substitute_1; exact_definition='a person or thing that you use or have instead of the one you normally use or have'; selected_candidate_method=en_wiktionary_sense_bound_uk_translation; sense_source='English Wiktionary'; sense_gloss='replacement or stand-in'; gloss_definition_similarity=0.342; morphology='V6 pymorphy3 uk canonical lemma PASS after Unicode/stress normalization; tag=NOUN,inan femn,nomn; score=1.0000'; surface_mt_never_sole_pass=PASS	заміна
MANUAL_EMERGENCY_WORK_20260820_FIRST_PASS_V7_round04	ox5000-3c58d0022914fdbdef9d	substitute	verb	C1	https://www.oxfordlearnersdictionaries.com/us/definition/english/substitute_2	MANUAL_EMERGENCY_WORK V7 exact Oxford identity; source_index=5126; definition_path=/us/definition/english/substitute_2; exact_definition='to take the place of somebody/something else; to use somebody/something instead of somebody/something else'; selected_candidate_method=en_wiktionary_sense_bound_uk_translation; sense_source='English Wiktionary'; sense_gloss='to use in place of something else'; gloss_definition_similarity=0.699; morphology='V6 pymorphy3 uk canonical lemma PASS after Unicode/stress normalization; tag=VERB,impf; score=1.0000'; surface_mt_never_sole_pass=PASS	заміняти
MANUAL_EMERGENCY_WORK_20260820_FIRST_PASS_V7_round04	ox5000-0d5fda15b316d6849f9b	substitution	noun	C1	https://www.oxfordlearnersdictionaries.com/us/definition/english/substitution	MANUAL_EMERGENCY_WORK V7 exact Oxford identity; source_index=5127; definition_path=/us/definition/english/substitution; exact_definition='an act of using one person or thing in the place of another'; selected_candidate_method=Helsinki-NLP/opus-mt-en-uk_surface_candidate; sense_source=''; sense_gloss=''; gloss_definition_similarity=1.000; morphology='V6 pymorphy3 uk canonical lemma PASS after Unicode/stress normalization; tag=NOUN,Dist,inan femn,nomn; score=1.0000'; surface_mt_never_sole_pass=PASS	підстановка
MANUAL_EMERGENCY_WORK_20260820_FIRST_PASS_V7_round04	ox5000-e74fd3b31557c9905855	subtle	adjective	C1	https://www.oxfordlearnersdictionaries.com/us/definition/english/subtle	MANUAL_EMERGENCY_WORK V7 exact Oxford identity; source_index=5128; definition_path=/us/definition/english/subtle; exact_definition='not very obvious or easy to notice'; selected_candidate_method=Helsinki-NLP/opus-mt-en-uk_surface_candidate; sense_source=''; sense_gloss=''; gloss_definition_similarity=1.000; morphology='V6 no Ukrainian lexical token after Unicode/stress normalization'; surface_mt_never_sole_pass=PASS	timple
MANUAL_EMERGENCY_WORK_20260820_FIRST_PASS_V7_round04	ox5000-76af4dafb040a67a8415	suburb	noun	B2	https://www.oxfordlearnersdictionaries.com/us/definition/english/suburb	MANUAL_EMERGENCY_WORK V7 exact Oxford identity; source_index=5129; definition_path=/us/definition/english/suburb; exact_definition='an area where people live that is outside the centre of a city'; selected_candidate_method=en_wiktionary_sense_bound_uk_translation; sense_source='English Wiktionary'; sense_gloss='area on the periphery of a city or large town'; gloss_definition_similarity=0.814; morphology='V6 pymorphy3 uk canonical lemma PASS after Unicode/stress normalization; tag=NOUN,neut,inan nomn; score=1.0000'; surface_mt_never_sole_pass=PASS	передмістя
MANUAL_EMERGENCY_WORK_20260820_FIRST_PASS_V7_round04	ox5000-bb9ca1bf424237d86e34	suburban	adjective	C1	https://www.oxfordlearnersdictionaries.com/us/definition/english/suburban	MANUAL_EMERGENCY_WORK V7 exact Oxford identity; source_index=5130; definition_path=/us/definition/english/suburban; exact_definition='in or connected with a suburb'; selected_candidate_method=en_wiktionary_sense_bound_uk_translation; sense_source='English Wiktionary'; sense_gloss='relating to outskirts of a city'; gloss_definition_similarity=0.741; morphology='V6 pymorphy3 uk canonical lemma PASS after Unicode/stress normalization; tag=ADJF masc,nomn; score=1.0000'; surface_mt_never_sole_pass=PASS	передміський
MANUAL_EMERGENCY_WORK_20260820_FIRST_PASS_V7_round04	ox5000-7825b41eb321cdf7f96a	succession	noun	C1	https://www.oxfordlearnersdictionaries.com/us/definition/english/succession	MANUAL_EMERGENCY_WORK V7 exact Oxford identity; source_index=5135; definition_path=/us/definition/english/succession; exact_definition='a number of people or things that follow each other in time or order'; selected_candidate_method=Helsinki-NLP/opus-mt-en-uk_surface_candidate; sense_source=''; sense_gloss=''; gloss_definition_similarity=1.000; morphology='V6 pymorphy3 uk canonical lemma PASS after Unicode/stress normalization; tag=NOUN,Surn,anim masc,nomn; score=0.0159'; surface_mt_never_sole_pass=PASS	наступницький
MANUAL_EMERGENCY_WORK_20260820_FIRST_PASS_V7_round04	ox5000-7b16ec3d91247c36cd14	successive	adjective	C1	https://www.oxfordlearnersdictionaries.com/us/definition/english/successive	MANUAL_EMERGENCY_WORK V7 exact Oxford identity; source_index=5136; definition_path=/us/definition/english/successive; exact_definition='following immediately one after the other'; selected_candidate_method=Helsinki-NLP/opus-mt-en-uk_surface_candidate; sense_source=''; sense_gloss=''; gloss_definition_similarity=1.000; morphology='V6 pymorphy3 uk canonical lemma PASS after Unicode/stress normalization; tag=ADJF,compb masc,nomn; score=1.0000'; surface_mt_never_sole_pass=PASS	послідовний
MANUAL_EMERGENCY_WORK_20260820_FIRST_PASS_V7_round04	ox5000-e4c75e1c4323b1a9129c	successor	noun	C1	https://www.oxfordlearnersdictionaries.com/us/definition/english/successor	MANUAL_EMERGENCY_WORK V7 exact Oxford identity; source_index=5137; definition_path=/us/definition/english/successor; exact_definition='a person or thing that comes after somebody/something else and takes their/its place'; selected_candidate_method=en_wiktionary_sense_bound_uk_translation; sense_source='English Wiktionary'; sense_gloss='person or thing that immediately follows another'; gloss_definition_similarity=0.778; morphology='V6 pymorphy3 uk canonical lemma PASS after Unicode/stress normalization; tag=NOUN,anim masc,nomn; score=1.0000'; surface_mt_never_sole_pass=PASS	спадкоємець
MANUAL_EMERGENCY_WORK_20260820_FIRST_PASS_V7_round04	ox5000-78c91736c18630ab8264	suck	verb	C1	https://www.oxfordlearnersdictionaries.com/us/definition/english/suck_1	MANUAL_EMERGENCY_WORK V7 exact Oxford identity; source_index=5140; definition_path=/us/definition/english/suck_1; exact_definition='to take liquid, air, etc. into your mouth by using the muscles of your lips'; selected_candidate_method=en_wiktionary_sense_bound_uk_translation; sense_source='English Wiktionary'; sense_gloss='(transitive) to use the mouth to pull in (liquid, etc)'; gloss_definition_similarity=0.780; morphology='V6 pymorphy3 uk canonical lemma PASS after Unicode/stress normalization; tag=VERB,impf infn; score=1.0000'; surface_mt_never_sole_pass=PASS	смоктати
MANUAL_EMERGENCY_WORK_20260820_FIRST_PASS_V7_round04	ox5000-8f9ed5ef41a7acfc59ed	sue	verb	C1	https://www.oxfordlearnersdictionaries.com/us/definition/english/sue_1	"MANUAL_EMERGENCY_WORK V7 exact Oxford identity; source_index=5143; definition_path=/us/definition/english/sue_1; exact_definition='to make a claim against a person or an organization in court about something that they have said or done to harm you'; selected_candidate_method=Helsinki-NLP/opus-mt-en-uk_surface_candidate; sense_source=''; sense_gloss=''; gloss_definition_similarity=1.000; morphology=""V6 pymorphy3 uk has no requested-POS parse for 'суд'""; surface_mt_never_sole_pass=PASS"	суд
MANUAL_EMERGENCY_WORK_20260820_FIRST_PASS_V7_round04	ox5000-f4962865b424cf13c615	suffering	noun	B2	https://www.oxfordlearnersdictionaries.com/us/definition/english/suffering	MANUAL_EMERGENCY_WORK V7 exact Oxford identity; source_index=5145; definition_path=/us/definition/english/suffering; exact_definition='physical or mental pain'; selected_candidate_method=en_wiktionary_sense_bound_uk_translation; sense_source='English Wiktionary'; sense_gloss='condition'; gloss_definition_similarity=0.449; morphology='V6 pymorphy3 uk canonical lemma PASS after Unicode/stress normalization; tag=NOUN,inan neut,nomn; score=1.0000'; surface_mt_never_sole_pass=PASS	страждання
MANUAL_EMERGENCY_WORK_20260820_FIRST_PASS_V7_round04	ox5000-ddd9d4b54015a4746b00	sufficient	adjective	B2	https://www.oxfordlearnersdictionaries.com/us/definition/english/sufficient	"MANUAL_EMERGENCY_WORK V7 exact Oxford identity; source_index=5146; definition_path=/us/definition/english/sufficient; exact_definition='enough for a particular purpose; as much as you need'; selected_candidate_method=Helsinki-NLP/opus-mt-en-uk_surface_candidate; sense_source=''; sense_gloss=''; gloss_definition_similarity=1.000; morphology=""V6 pymorphy3 uk has no requested-POS parse for 'достатньо'""; surface_mt_never_sole_pass=PASS"	достатньо
MANUAL_EMERGENCY_WORK_20260820_FIRST_PASS_V7_round04	ox5000-9c9d29e2d90c4d840d2a	sufficiently	adverb	B2	https://www.oxfordlearnersdictionaries.com/us/definition/english/sufficiently	MANUAL_EMERGENCY_WORK V7 exact Oxford identity; source_index=5147; definition_path=/us/definition/english/sufficiently; exact_definition='enough for a particular purpose; as much as you need'; selected_candidate_method=Helsinki-NLP/opus-mt-en-uk_surface_candidate; sense_source=''; sense_gloss=''; gloss_definition_similarity=1.000; morphology='V6 pymorphy3 uk canonical lemma PASS after Unicode/stress normalization; tag=ADVB; score=1.0000'; surface_mt_never_sole_pass=PASS	досить
MANUAL_EMERGENCY_WORK_20260820_FIRST_PASS_V7_round04	ox5000-f14a9f52de234c78bc5b	suicide	noun	C1	https://www.oxfordlearnersdictionaries.com/us/definition/english/suicide	MANUAL_EMERGENCY_WORK V7 exact Oxford identity; source_index=5151; definition_path=/us/definition/english/suicide; exact_definition='the act of killing yourself deliberately'; selected_candidate_method=en_wiktionary_sense_bound_uk_translation; sense_source='English Wiktionary'; sense_gloss='instance of killing oneself'; gloss_definition_similarity=0.909; morphology='V6 pymorphy3 uk canonical lemma PASS after Unicode/stress normalization; tag=NOUN,inan neut,nomn; score=1.0000'; surface_mt_never_sole_pass=PASS	самогубство
MANUAL_EMERGENCY_WORK_20260820_FIRST_PASS_V7_round04	ox5000-26cdfee87f685bfe771c	suite	noun	C1	https://www.oxfordlearnersdictionaries.com/us/definition/english/suite	MANUAL_EMERGENCY_WORK V7 exact Oxford identity; source_index=5155; definition_path=/us/definition/english/suite; exact_definition='a set of rooms, especially in a hotel'; selected_candidate_method=en_wiktionary_sense_bound_uk_translation; sense_source='English Wiktionary'; sense_gloss='selection of music from a larger work'; gloss_definition_similarity=0.132; morphology='V6 pymorphy3 uk canonical lemma PASS after Unicode/stress normalization; tag=NOUN,inan femn,nomn; score=1.0000'; surface_mt_never_sole_pass=PASS	сюїта
MANUAL_EMERGENCY_WORK_20260820_FIRST_PASS_V7_round04	ox5000-8607021522147aedac9a	super	adjective	B2	https://www.oxfordlearnersdictionaries.com/us/definition/english/super_1	"MANUAL_EMERGENCY_WORK V7 exact Oxford identity; source_index=5164; definition_path=/us/definition/english/super_1; exact_definition='extremely good'; selected_candidate_method=Helsinki-NLP/opus-mt-en-uk_surface_candidate; sense_source=''; sense_gloss=''; gloss_definition_similarity=1.000; morphology=""V6 pymorphy3 uk has no requested-POS parse for 'Супер'""; surface_mt_never_sole_pass=PASS"	Супер
MANUAL_EMERGENCY_WORK_20260820_FIRST_PASS_V7_round04	ox5000-824eec4d0d7f52aa8d7b	superb	adjective	C1	https://www.oxfordlearnersdictionaries.com/us/definition/english/superb	"MANUAL_EMERGENCY_WORK V7 exact Oxford identity; source_index=5165; definition_path=/us/definition/english/superb; exact_definition='excellent; of very good quality'; selected_candidate_method=Helsinki-NLP/opus-mt-en-uk_surface_candidate; sense_source=''; sense_gloss=''; gloss_definition_similarity=1.000; morphology=""V6 pymorphy3 uk has no requested-POS parse for 'Чудово'""; surface_mt_never_sole_pass=PASS"	Чудово.
MANUAL_EMERGENCY_WORK_20260820_FIRST_PASS_V7_round04	ox5000-7064fdc8b7ba04f54658	superior	adjective	C1	https://www.oxfordlearnersdictionaries.com/us/definition/english/superior_1	MANUAL_EMERGENCY_WORK V7 exact Oxford identity; source_index=5166; definition_path=/us/definition/english/superior_1; exact_definition='better in quality than somebody/something else; greater than somebody/something else'; selected_candidate_method=en_wiktionary_sense_bound_uk_translation; sense_source='English Wiktionary'; sense_gloss='higher in rank or quality'; gloss_definition_similarity=0.739; morphology='V6 pymorphy3 uk canonical lemma PASS after Unicode/stress normalization; tag=ADJF masc,nomn; score=1.0000'; surface_mt_never_sole_pass=PASS	вищий
MANUAL_EMERGENCY_WORK_20260820_FIRST_PASS_V7_round04	ox5000-4d0da66a5d904274e542	supervise	verb	C1	https://www.oxfordlearnersdictionaries.com/us/definition/english/supervise	MANUAL_EMERGENCY_WORK V7 exact Oxford identity; source_index=5168; definition_path=/us/definition/english/supervise; exact_definition='to be in charge of somebody/something and make sure that everything is done correctly, safely, etc.'; selected_candidate_method=en_wiktionary_sense_bound_uk_translation; sense_source='English Wiktionary'; sense_gloss='to oversee or direct'; gloss_definition_similarity=0.670; morphology='V6 pymorphy3 uk canonical lemma PASS after Unicode/stress normalization; tag=VERB,impf infn; score=1.0000'; surface_mt_never_sole_pass=PASS	наглядати
MANUAL_EMERGENCY_WORK_20260820_FIRST_PASS_V7_round04	ox5000-fde1789bdbf890c1d0f3	supervision	noun	C1	https://www.oxfordlearnersdictionaries.com/us/definition/english/supervision	MANUAL_EMERGENCY_WORK V7 exact Oxford identity; source_index=5169; definition_path=/us/definition/english/supervision; exact_definition='the work or activity involved in being in charge of somebody/something and making sure that everything is done correctly, safely, etc.'; selected_candidate_method=en_wiktionary_sense_bound_uk_translation; sense_source='English Wiktionary'; sense_gloss='the act or instance of supervising'; gloss_definition_similarity=0.635; morphology='V6 pymorphy3 uk canonical lemma PASS after Unicode/stress normalization; tag=NOUN,inan masc,nomn; score=1.0000'; surface_mt_never_sole_pass=PASS	нагляд
MANUAL_EMERGENCY_WORK_20260820_FIRST_PASS_V7_round04	ox5000-5b59a8ab069bcaef408e	supervisor	noun	C1	https://www.oxfordlearnersdictionaries.com/us/definition/english/supervisor	MANUAL_EMERGENCY_WORK V7 exact Oxford identity; source_index=5170; definition_path=/us/definition/english/supervisor; exact_definition='a person who supervises somebody/something'; selected_candidate_method=Helsinki-NLP/opus-mt-en-uk_surface_candidate; sense_source=''; sense_gloss=''; gloss_definition_similarity=1.000; morphology='V6 pymorphy3 uk canonical lemma PASS after Unicode/stress normalization; tag=NOUN,anim masc,nomn; score=1.0000'; surface_mt_never_sole_pass=PASS	менеджер
MANUAL_EMERGENCY_WORK_20260820_FIRST_PASS_V7_round04	ox5000-08b83131fe088fbcbcae	supplement	noun	C1	https://www.oxfordlearnersdictionaries.com/us/definition/english/supplement_1	MANUAL_EMERGENCY_WORK V7 exact Oxford identity; source_index=5171; definition_path=/us/definition/english/supplement_1; exact_definition='a thing that is added to something else to improve or complete it'; selected_candidate_method=Helsinki-NLP/opus-mt-en-uk_surface_candidate; sense_source=''; sense_gloss=''; gloss_definition_similarity=1.000; morphology='V6 pymorphy3 uk canonical lemma PASS after Unicode/stress normalization; tag=NOUN,inan masc,nomn; score=1.0000'; surface_mt_never_sole_pass=PASS	додаток
MANUAL_EMERGENCY_WORK_20260820_FIRST_PASS_V7_round04	ox5000-10812603ad461c08338d	supplement	verb	C1	https://www.oxfordlearnersdictionaries.com/us/definition/english/supplement_2	"MANUAL_EMERGENCY_WORK V7 exact Oxford identity; source_index=5172; definition_path=/us/definition/english/supplement_2; exact_definition='to add something to something in order to improve it or make it more complete'; selected_candidate_method=Helsinki-NLP/opus-mt-en-uk_surface_candidate; sense_source=''; sense_gloss=''; gloss_definition_similarity=1.000; morphology=""V6 pymorphy3 uk has no requested-POS parse for 'додаток'""; surface_mt_never_sole_pass=PASS"	додаток
MANUAL_EMERGENCY_WORK_20260820_FIRST_PASS_V7_round04	ox5000-f982dcdb54241885dad3	supportive	adjective	C1	https://www.oxfordlearnersdictionaries.com/us/definition/english/supportive	"MANUAL_EMERGENCY_WORK V7 exact Oxford identity; source_index=5178; definition_path=/us/definition/english/supportive; exact_definition='encouraging somebody or giving them help or sympathy'; selected_candidate_method=Helsinki-NLP/opus-mt-en-uk_surface_candidate; sense_source=''; sense_gloss=''; gloss_definition_similarity=1.000; morphology=""V6 pymorphy3 uk has no requested-POS parse for 'Підтримка'""; surface_mt_never_sole_pass=PASS"	Підтримка
MANUAL_EMERGENCY_WORK_20260820_FIRST_PASS_V7_round04	ox5000-8b486bdadff5e1388afd	supposedly	adverb	C1	https://www.oxfordlearnersdictionaries.com/us/definition/english/supposedly	MANUAL_EMERGENCY_WORK V7 exact Oxford identity; source_index=5180; definition_path=/us/definition/english/supposedly; exact_definition='according to what is generally thought or believed but not known for certain'; selected_candidate_method=Helsinki-NLP/opus-mt-en-uk_surface_candidate; sense_source=''; sense_gloss=''; gloss_definition_similarity=1.000; morphology='multiword adverb candidate is not an adverbial phrase'; surface_mt_never_sole_pass=PASS	Припускають, що
MANUAL_EMERGENCY_WORK_20260820_FIRST_PASS_V7_round04	ox5000-70bac98958c4279b6c15	suppress	verb	C1	https://www.oxfordlearnersdictionaries.com/us/definition/english/suppress	MANUAL_EMERGENCY_WORK V7 exact Oxford identity; source_index=5181; definition_path=/us/definition/english/suppress; exact_definition='to put an end, often by force, to a group or an activity that is believed to threaten authority'; selected_candidate_method=Helsinki-NLP/opus-mt-en-uk_surface_candidate; sense_source=''; sense_gloss=''; gloss_definition_similarity=1.000; morphology='V6 pymorphy3 uk canonical lemma PASS after Unicode/stress normalization; tag=VERB,perf infn; score=1.0000'; surface_mt_never_sole_pass=PASS	придушити
MANUAL_EMERGENCY_WORK_20260820_FIRST_PASS_V7_round04	ox5000-000b17fde2cc5f0c75cf	supreme	adjective	C1	https://www.oxfordlearnersdictionaries.com/us/definition/english/supreme	MANUAL_EMERGENCY_WORK V7 exact Oxford identity; source_index=5182; definition_path=/us/definition/english/supreme; exact_definition='highest in rank or position'; selected_candidate_method=en_wiktionary_sense_bound_uk_translation; sense_source='English Wiktionary'; sense_gloss='dominant'; gloss_definition_similarity=0.486; morphology='V6 pymorphy3 uk canonical lemma PASS after Unicode/stress normalization; tag=ADJF masc,nomn; score=1.0000'; surface_mt_never_sole_pass=PASS	найвищий
MANUAL_EMERGENCY_WORK_20260820_FIRST_PASS_V7_round04	ox5000-75c216147dc0dd0f318a	surge	noun	C1	https://www.oxfordlearnersdictionaries.com/us/definition/english/surge_1	MANUAL_EMERGENCY_WORK V7 exact Oxford identity; source_index=5187; definition_path=/us/definition/english/surge_1; exact_definition='a sudden increase of a strong feeling'; selected_candidate_method=Helsinki-NLP/opus-mt-en-uk_surface_candidate; sense_source=''; sense_gloss=''; gloss_definition_similarity=1.000; morphology='V6 pymorphy3 uk canonical lemma PASS after Unicode/stress normalization; tag=NOUN,inan masc,nomn; score=1.0000'; surface_mt_never_sole_pass=PASS	сплеск
MANUAL_EMERGENCY_WORK_20260820_FIRST_PASS_V7_round04	ox5000-b474e0b4944829bd2037	surge	verb	C1	https://www.oxfordlearnersdictionaries.com/us/definition/english/surge_2	"MANUAL_EMERGENCY_WORK V7 exact Oxford identity; source_index=5188; definition_path=/us/definition/english/surge_2; exact_definition='to move quickly and with force in a particular direction'; selected_candidate_method=Helsinki-NLP/opus-mt-en-uk_surface_candidate; sense_source=''; sense_gloss=''; gloss_definition_similarity=1.000; morphology=""V6 pymorphy3 uk has no requested-POS parse for 'сплеск'""; surface_mt_never_sole_pass=PASS"	сплеск
MANUAL_EMERGENCY_WORK_20260820_FIRST_PASS_V7_round04	ox5000-683371fe98fb2494347e	surgeon	noun	B2	https://www.oxfordlearnersdictionaries.com/us/definition/english/surgeon	MANUAL_EMERGENCY_WORK V7 exact Oxford identity; source_index=5189; definition_path=/us/definition/english/surgeon; exact_definition='a doctor who is trained to perform surgery (= medical operations that involve cutting open a person’s body)'; selected_candidate_method=en_wiktionary_sense_bound_uk_translation; sense_source='English Wiktionary'; sense_gloss='doctor who performs surgery'; gloss_definition_similarity=0.804; morphology='V6 pymorphy3 uk canonical lemma PASS after Unicode/stress normalization; tag=NOUN,anim masc,nomn; score=1.0000'; surface_mt_never_sole_pass=PASS	хірург
MANUAL_EMERGENCY_WORK_20260820_FIRST_PASS_V7_round04	ox5000-d19985124a31691cc7cb	surgical	adjective	C1	https://www.oxfordlearnersdictionaries.com/us/definition/english/surgical	MANUAL_EMERGENCY_WORK V7 exact Oxford identity; source_index=5191; definition_path=/us/definition/english/surgical; exact_definition='used in or connected with surgery'; selected_candidate_method=en_wiktionary_sense_bound_uk_translation; sense_source='English Wiktionary'; sense_gloss='of or relating to surgery'; gloss_definition_similarity=0.797; morphology='V6 pymorphy3 uk canonical lemma PASS after Unicode/stress normalization; tag=ADJF masc,nomn; score=1.0000'; surface_mt_never_sole_pass=PASS	хірургічний
MANUAL_EMERGENCY_WORK_20260820_FIRST_PASS_V7_round04	ox5000-d05afcb7a745bdf587c0	surplus	noun	C1	https://www.oxfordlearnersdictionaries.com/us/definition/english/surplus_1	MANUAL_EMERGENCY_WORK V7 exact Oxford identity; source_index=5192; definition_path=/us/definition/english/surplus_1; exact_definition='an amount that is extra or more than you need'; selected_candidate_method=en_wiktionary_sense_bound_uk_translation; sense_source='English Wiktionary'; sense_gloss='excess, overplus'; gloss_definition_similarity=0.587; morphology='V6 pymorphy3 uk canonical lemma PASS after Unicode/stress normalization; tag=NOUN,masc,inan nomn; score=1.0000'; surface_mt_never_sole_pass=PASS	надмір
MANUAL_EMERGENCY_WORK_20260820_FIRST_PASS_V7_round04	ox5000-1ad5757d788c4f542a4f	surrender	verb	C1	https://www.oxfordlearnersdictionaries.com/us/definition/english/surrender_1	MANUAL_EMERGENCY_WORK V7 exact Oxford identity; source_index=5197; definition_path=/us/definition/english/surrender_1; exact_definition='to admit that you have been defeated and want to stop fighting; to allow yourself to be caught, taken prisoner, etc.'; selected_candidate_method=en_wiktionary_sense_bound_uk_translation; sense_source='English Wiktionary'; sense_gloss='intransitive or reflexive: to give oneself up into the power of another'; gloss_definition_similarity=0.411; morphology='V6 pymorphy3 uk canonical lemma PASS after Unicode/stress normalization; tag=VERB,Refl,impf; score=1.0000'; surface_mt_never_sole_pass=PASS	здаватися
MANUAL_EMERGENCY_WORK_20260820_FIRST_PASS_V7_round04	ox5000-8b89abec05a631c8437d	surveillance	noun	C1	https://www.oxfordlearnersdictionaries.com/us/definition/english/surveillance	MANUAL_EMERGENCY_WORK V7 exact Oxford identity; source_index=5200; definition_path=/us/definition/english/surveillance; exact_definition='the act of carefully watching a person suspected of a crime or a place where a crime may be committed'; selected_candidate_method=en_wiktionary_sense_bound_uk_translation; sense_source='English Wiktionary'; sense_gloss='observation of individuals or groups of individuals'; gloss_definition_similarity=0.540; morphology='V6 pymorphy3 uk canonical lemma PASS after Unicode/stress normalization; tag=NOUN,inan masc,nomn; score=1.0000'; surface_mt_never_sole_pass=PASS	нагляд
MANUAL_EMERGENCY_WORK_20260820_FIRST_PASS_V7_round04	ox5000-db20d124b37485de324e	survival	noun	B2	https://www.oxfordlearnersdictionaries.com/us/definition/english/survival_1	MANUAL_EMERGENCY_WORK V7 exact Oxford identity; source_index=5203; definition_path=/us/definition/english/survival_1; exact_definition='the state of continuing to live or exist, often despite difficulty or danger'; selected_candidate_method=en_wiktionary_sense_bound_uk_translation; sense_source='English Wiktionary'; sense_gloss='continued existence or life'; gloss_definition_similarity=0.777; morphology='V6 pymorphy3 uk canonical lemma PASS after Unicode/stress normalization; tag=NOUN,inan neut,nomn; score=1.0000'; surface_mt_never_sole_pass=PASS	виживання
MANUAL_EMERGENCY_WORK_20260820_FIRST_PASS_V7_round04	ox5000-11c346a58277eceedce7	survivor	noun	B2	https://www.oxfordlearnersdictionaries.com/us/definition/english/survivor	MANUAL_EMERGENCY_WORK V7 exact Oxford identity; source_index=5205; definition_path=/us/definition/english/survivor; exact_definition='a person who continues to live, especially despite being nearly killed or experiencing great danger or difficulty'; selected_candidate_method=en_wiktionary_sense_bound_uk_translation; sense_source='English Wiktionary'; sense_gloss='one who survives'; gloss_definition_similarity=0.727; morphology='V6 pymorphy3 uk canonical lemma PASS after Unicode/stress normalization; tag=NOUN,Dist,anim masc,nomn; score=0.0185'; surface_mt_never_sole_pass=PASS	уцілівший
MANUAL_EMERGENCY_WORK_20260820_FIRST_PASS_V7_round04	ox5000-39b76d8929e1165dbad4	suspend	verb	B2	https://www.oxfordlearnersdictionaries.com/us/definition/english/suspend	MANUAL_EMERGENCY_WORK V7 exact Oxford identity; source_index=5208; definition_path=/us/definition/english/suspend; exact_definition='to hang something from something else'; selected_candidate_method=en_wiktionary_sense_bound_uk_translation; sense_source='English Wiktionary'; sense_gloss='to hang freely|hang|hang up'; gloss_definition_similarity=0.567; morphology='V6 pymorphy3 uk canonical lemma PASS after Unicode/stress normalization; tag=VERB,impf infn; score=1.0000'; surface_mt_never_sole_pass=PASS	підвішувати
MANUAL_EMERGENCY_WORK_20260820_FIRST_PASS_V7_round04	ox5000-90a3b2270d93e39c774d	suspension	noun	C1	https://www.oxfordlearnersdictionaries.com/us/definition/english/suspension	MANUAL_EMERGENCY_WORK V7 exact Oxford identity; source_index=5209; definition_path=/us/definition/english/suspension; exact_definition='the act of officially removing somebody from their job, school, team, etc. for a period of time, usually as a punishment'; selected_candidate_method=en_wiktionary_sense_bound_uk_translation; sense_source='English Wiktionary'; sense_gloss='vehicle: system of springs and shock absorbers connected to the wheels in an automobile'; gloss_definition_similarity=0.097; morphology='V6 pymorphy3 uk canonical lemma PASS after Unicode/stress normalization; tag=NOUN,inan femn,nomn; score=1.0000'; surface_mt_never_sole_pass=PASS	підвіска
MANUAL_EMERGENCY_WORK_20260820_FIRST_PASS_V7_round04	ox5000-ccac0f8d2524d168842b	suspicion	noun	C1	https://www.oxfordlearnersdictionaries.com/us/definition/english/suspicion	MANUAL_EMERGENCY_WORK V7 exact Oxford identity; source_index=5210; definition_path=/us/definition/english/suspicion; exact_definition='a feeling that somebody has done something wrong, illegal or dishonest, even though you have no proof'; selected_candidate_method=en_wiktionary_sense_bound_uk_translation; sense_source='English Wiktionary'; sense_gloss='act of suspecting something or someone, especially of something wrong'; gloss_definition_similarity=0.654; morphology='V6 pymorphy3 uk canonical lemma PASS after Unicode/stress normalization; tag=NOUN,inan neut,nomn; score=1.0000'; surface_mt_never_sole_pass=PASS	підозріння
MANUAL_EMERGENCY_WORK_20260820_FIRST_PASS_V7_round04	ox5000-87789fecff14f054965c	suspicious	adjective	C1	https://www.oxfordlearnersdictionaries.com/us/definition/english/suspicious	MANUAL_EMERGENCY_WORK V7 exact Oxford identity; source_index=5211; definition_path=/us/definition/english/suspicious; exact_definition='feeling that somebody has done something wrong, illegal or dishonest, without having any proof'; selected_candidate_method=en_wiktionary_sense_bound_uk_translation; sense_source='English Wiktionary'; sense_gloss='expressing suspicion'; gloss_definition_similarity=0.511; morphology='V6 pymorphy3 uk canonical lemma PASS after Unicode/stress normalization; tag=ADJF masc,nomn; score=1.0000'; surface_mt_never_sole_pass=PASS	підозріливий
MANUAL_EMERGENCY_WORK_20260820_FIRST_PASS_V7_round04	ox5000-29a86954fd91de4cdea4	sustain	verb	C1	https://www.oxfordlearnersdictionaries.com/us/definition/english/sustain	MANUAL_EMERGENCY_WORK V7 exact Oxford identity; source_index=5212; definition_path=/us/definition/english/sustain; exact_definition='to provide enough of what somebody/something needs in order to live or exist'; selected_candidate_method=Helsinki-NLP/opus-mt-en-uk_surface_candidate; sense_source=''; sense_gloss=''; gloss_definition_similarity=1.000; morphology='V6 no Ukrainian lexical token after Unicode/stress normalization'; surface_mt_never_sole_pass=PASS	reserve
MANUAL_EMERGENCY_WORK_20260820_FIRST_PASS_V7_round04	ox5000-564c6a5ae7b34c28f825	sustainable	adjective	B2	https://www.oxfordlearnersdictionaries.com/us/definition/english/sustainable	MANUAL_EMERGENCY_WORK V7 exact Oxford identity; source_index=5213; definition_path=/us/definition/english/sustainable; exact_definition='involving the use of natural products and energy in a way that does not harm the environment'; selected_candidate_method=Helsinki-NLP/opus-mt-en-uk_surface_candidate; sense_source=''; sense_gloss=''; gloss_definition_similarity=1.000; morphology='V6 pymorphy3 uk canonical lemma PASS after Unicode/stress normalization; tag=ADJF,compb masc,nomn; score=1.0000'; surface_mt_never_sole_pass=PASS	стійкий
MANUAL_EMERGENCY_WORK_20260820_FIRST_PASS_V7_round04	ox5000-5fb1dc01382b06997232	swallow	verb	B2	https://www.oxfordlearnersdictionaries.com/us/definition/english/swallow_1	MANUAL_EMERGENCY_WORK V7 exact Oxford identity; source_index=5214; definition_path=/us/definition/english/swallow_1; exact_definition='to make food, drink, etc. go down your throat into your stomach'; selected_candidate_method=en_wiktionary_sense_bound_uk_translation; sense_source='English Wiktionary'; sense_gloss='to cause to pass from the mouth into the stomach'; gloss_definition_similarity=0.616; morphology='V6 pymorphy3 uk canonical lemma PASS after Unicode/stress normalization; tag=VERB,impf infn; score=1.0000'; surface_mt_never_sole_pass=PASS	ковтати
MANUAL_EMERGENCY_WORK_20260820_FIRST_PASS_V7_round04	ox5000-e676b279f6201e401869	swing	noun	C1	https://www.oxfordlearnersdictionaries.com/us/definition/english/swing_2	MANUAL_EMERGENCY_WORK V7 exact Oxford identity; source_index=5223; definition_path=/us/definition/english/swing_2; exact_definition='a swinging movement or rhythm'; selected_candidate_method=en_wiktionary_sense_bound_uk_translation; sense_source='English Wiktionary'; sense_gloss='hanging seat'; gloss_definition_similarity=0.299; morphology='V6 pymorphy3 uk canonical lemma PASS after Unicode/stress normalization; tag=NOUN,inan femn,nomn; score=1.0000'; surface_mt_never_sole_pass=PASS	гойдалка
MANUAL_EMERGENCY_WORK_20260820_FIRST_PASS_V7_round04	ox5000-0ce5eb78861b273aaf1c	swing	verb	C1	https://www.oxfordlearnersdictionaries.com/us/definition/english/swing_1	MANUAL_EMERGENCY_WORK V7 exact Oxford identity; source_index=5224; definition_path=/us/definition/english/swing_1; exact_definition='to move backwards or forwards or from side to side while hanging from a fixed point; to make something do this'; selected_candidate_method=en_wiktionary_sense_bound_uk_translation; sense_source='English Wiktionary'; sense_gloss='to ride on a swing'; gloss_definition_similarity=0.333; morphology='V6 pymorphy3 uk canonical lemma PASS after Unicode/stress normalization; tag=VERB,Refl,impf infn; score=1.0000'; surface_mt_never_sole_pass=PASS	гойдатися
MANUAL_EMERGENCY_WORK_20260820_FIRST_PASS_V7_round04	ox5000-f1e0eb9752570d31badb	symbolic	adjective	C1	https://www.oxfordlearnersdictionaries.com/us/definition/english/symbolic	MANUAL_EMERGENCY_WORK V7 exact Oxford identity; source_index=5229; definition_path=/us/definition/english/symbolic; exact_definition='containing symbols, or being used as a symbol'; selected_candidate_method=en_wiktionary_sense_bound_uk_translation; sense_source='English Wiktionary'; sense_gloss='pertaining to a symbol'; gloss_definition_similarity=0.816; morphology='V6 pymorphy3 uk canonical lemma PASS after Unicode/stress normalization; tag=ADJF,compb masc,nomn; score=1.0000'; surface_mt_never_sole_pass=PASS	символічний
MANUAL_EMERGENCY_WORK_20260820_FIRST_PASS_V7_round04	ox5000-0da3c3e4cf1530bf6b67	sympathetic	adjective	B2	https://www.oxfordlearnersdictionaries.com/us/definition/english/sympathetic	MANUAL_EMERGENCY_WORK V7 exact Oxford identity; source_index=5230; definition_path=/us/definition/english/sympathetic; exact_definition='kind to somebody who is hurt or sad; showing that you understand and care about their problems'; selected_candidate_method=Helsinki-NLP/opus-mt-en-uk_surface_candidate; sense_source=''; sense_gloss=''; gloss_definition_similarity=1.000; morphology='V6 pymorphy3 uk canonical lemma PASS after Unicode/stress normalization; tag=ADJF,compb masc,nomn; score=1.0000'; surface_mt_never_sole_pass=PASS	співчутливий
MANUAL_EMERGENCY_WORK_20260820_FIRST_PASS_V7_round04	ox5000-f9b6574078afc869f7a3	syndrome	noun	C1	https://www.oxfordlearnersdictionaries.com/us/definition/english/syndrome	MANUAL_EMERGENCY_WORK V7 exact Oxford identity; source_index=5233; definition_path=/us/definition/english/syndrome; exact_definition='a set of physical conditions that show you have a particular disease or medical problem'; selected_candidate_method=en_wiktionary_sense_bound_uk_translation; sense_source='English Wiktionary'; sense_gloss='recognizable pattern of symptoms or behaviours'; gloss_definition_similarity=0.591; morphology='V6 pymorphy3 uk canonical lemma PASS after Unicode/stress normalization; tag=NOUN,inan masc,nomn; score=1.0000'; surface_mt_never_sole_pass=PASS	синдром
MANUAL_EMERGENCY_WORK_20260820_FIRST_PASS_V7_round04	ox5000-75247d85028f1327c80b	synthesis	noun	C1	https://www.oxfordlearnersdictionaries.com/us/definition/english/synthesis	MANUAL_EMERGENCY_WORK V7 exact Oxford identity; source_index=5234; definition_path=/us/definition/english/synthesis; exact_definition='the act of combining separate ideas, beliefs, styles, etc.; a mixture or combination of ideas, beliefs, styles, etc.'; selected_candidate_method=en_wiktionary_sense_bound_uk_translation; sense_source='English Wiktionary'; sense_gloss='formation of something complex or coherent'; gloss_definition_similarity=0.387; morphology='V6 pymorphy3 uk canonical lemma PASS after Unicode/stress normalization; tag=NOUN,inan masc,nomn; score=1.0000'; surface_mt_never_sole_pass=PASS	синтез
MANUAL_EMERGENCY_WORK_20260820_FIRST_PASS_V7_round04	ox5000-fdc941a14c67d54d8c1d	systematic	adjective	C1	https://www.oxfordlearnersdictionaries.com/us/definition/english/systematic	MANUAL_EMERGENCY_WORK V7 exact Oxford identity; source_index=5236; definition_path=/us/definition/english/systematic; exact_definition='done according to a system or plan, in a complete, efficient or determined way'; selected_candidate_method=en_wiktionary_sense_bound_uk_translation; sense_source='English Wiktionary'; sense_gloss='carried out using a planned, ordered procedure'; gloss_definition_similarity=0.648; morphology='V6 pymorphy3 uk canonical lemma PASS after Unicode/stress normalization; tag=ADJF,compb masc,nomn; score=1.0000'; surface_mt_never_sole_pass=PASS	систематичний
MANUAL_EMERGENCY_WORK_20260820_FIRST_PASS_V7_round04	ox5000-d452052b6bcd9d0b63b7	tackle	noun	C1	https://www.oxfordlearnersdictionaries.com/us/definition/english/tackle_2	MANUAL_EMERGENCY_WORK V7 exact Oxford identity; source_index=5240; definition_path=/us/definition/english/tackle_2; exact_definition='an act of trying to take the ball from an opponent in football (soccer), hockey, etc.; an act of knocking somebody to the ground, for example in rugby or American football'; selected_candidate_method=Helsinki-NLP/opus-mt-en-uk_surface_candidate; sense_source=''; sense_gloss=''; gloss_definition_similarity=1.000; morphology='V6 no Ukrainian lexical token after Unicode/stress normalization'; surface_mt_never_sole_pass=PASS	runk
MANUAL_EMERGENCY_WORK_20260820_FIRST_PASS_V7_round04	ox5000-ce168d9f42f9cfc043c4	tackle	verb	B2	https://www.oxfordlearnersdictionaries.com/us/definition/english/tackle_1	MANUAL_EMERGENCY_WORK V7 exact Oxford identity; source_index=5241; definition_path=/us/definition/english/tackle_1; exact_definition='to make a determined effort to deal with a difficult problem or situation'; selected_candidate_method=Helsinki-NLP/opus-mt-en-uk_surface_candidate; sense_source=''; sense_gloss=''; gloss_definition_similarity=1.000; morphology='V6 no Ukrainian lexical token after Unicode/stress normalization'; surface_mt_never_sole_pass=PASS	runk
MANUAL_EMERGENCY_WORK_20260820_FIRST_PASS_V7_round04	ox5000-61cc25f17497ca0aed5f	tactic	noun	C1	https://www.oxfordlearnersdictionaries.com/us/definition/english/tactic	MANUAL_EMERGENCY_WORK V7 exact Oxford identity; source_index=5242; definition_path=/us/definition/english/tactic; exact_definition='the particular method you use to achieve something'; selected_candidate_method=en_wiktionary_sense_bound_uk_translation; sense_source='English Wiktionary'; sense_gloss='action to achieve some end'; gloss_definition_similarity=0.562; morphology='V6 pymorphy3 uk canonical lemma PASS after Unicode/stress normalization; tag=NOUN,anim masc,nomn; score=1.0000'; surface_mt_never_sole_pass=PASS	тактик
MANUAL_EMERGENCY_WORK_20260820_FIRST_PASS_V7_round04	ox5000-f54e2a87429c7fa46ea5	tactical	adjective	C1	https://www.oxfordlearnersdictionaries.com/us/definition/english/tactical	MANUAL_EMERGENCY_WORK V7 exact Oxford identity; source_index=5243; definition_path=/us/definition/english/tactical; exact_definition='connected with the particular method you use to achieve something'; selected_candidate_method=en_wiktionary_sense_bound_uk_translation; sense_source='English Wiktionary'; sense_gloss='of or relating to tactics'; gloss_definition_similarity=0.479; morphology='V6 pymorphy3 uk canonical lemma PASS after Unicode/stress normalization; tag=ADJF,compb masc,nomn; score=1.0000'; surface_mt_never_sole_pass=PASS	тактичний
MANUAL_EMERGENCY_WORK_20260820_FIRST_PASS_V7_round04	ox5000-e1f09b75c5cfde794c49	tag	noun	B2	https://www.oxfordlearnersdictionaries.com/us/definition/english/tag_1	MANUAL_EMERGENCY_WORK V7 exact Oxford identity; source_index=5244; definition_path=/us/definition/english/tag_1; exact_definition='a small piece of paper, cloth, plastic, etc. attached to something to identify it or give information about it'; selected_candidate_method=en_wiktionary_sense_bound_uk_translation; sense_source='English Wiktionary'; sense_gloss='computing: keyword, term, or phrase associated with or assigned to data, media, and/or information'; gloss_definition_similarity=0.298; morphology='V6 pymorphy3 uk canonical lemma PASS after Unicode/stress normalization; tag=NOUN,inan masc,nomn; score=1.0000'; surface_mt_never_sole_pass=PASS	теґ
MANUAL_EMERGENCY_WORK_20260820_FIRST_PASS_V7_round04	ox5000-c13c5c56d6aa8c66105e	tag	verb	B2	https://www.oxfordlearnersdictionaries.com/us/definition/english/tag_2	MANUAL_EMERGENCY_WORK V7 exact Oxford identity; source_index=5245; definition_path=/us/definition/english/tag_2; exact_definition='to fasten a tag onto something/somebody'; selected_candidate_method=Helsinki-NLP/opus-mt-en-uk_surface_candidate; sense_source=''; sense_gloss=''; gloss_definition_similarity=1.000; morphology='V6 no Ukrainian lexical token after Unicode/stress normalization'; surface_mt_never_sole_pass=PASS	tag
MANUAL_EMERGENCY_WORK_20260820_FIRST_PASS_V7_round04	ox5000-3ada6e998994d52e1f02	tap	noun	B2	https://www.oxfordlearnersdictionaries.com/us/definition/english/tap_2	MANUAL_EMERGENCY_WORK V7 exact Oxford identity; source_index=5255; definition_path=/us/definition/english/tap_2; exact_definition='a device for controlling the flow of water from a pipe into a bath or sink'; selected_candidate_method=Helsinki-NLP/opus-mt-en-uk_surface_candidate; sense_source=''; sense_gloss=''; gloss_definition_similarity=1.000; morphology='English/source-language residue or model artifact'; surface_mt_never_sole_pass=PASS	квадратний метрarea unit
MANUAL_EMERGENCY_WORK_20260820_FIRST_PASS_V7_round04	ox5000-36b311e1c376086e7c8b	tap	verb	B2	https://www.oxfordlearnersdictionaries.com/us/definition/english/tap_1	MANUAL_EMERGENCY_WORK V7 exact Oxford identity; source_index=5256; definition_path=/us/definition/english/tap_1; exact_definition='to hit somebody/something quickly and lightly'; selected_candidate_method=Helsinki-NLP/opus-mt-en-uk_surface_candidate; sense_source=''; sense_gloss=''; gloss_definition_similarity=1.000; morphology='English/source-language residue or model artifact'; surface_mt_never_sole_pass=PASS	квадратний метрarea unit
MANUAL_EMERGENCY_WORK_20260820_FIRST_PASS_V7_round04	ox5000-a05d4c94029b73346d6c	taxpayer	noun	C1	https://www.oxfordlearnersdictionaries.com/us/definition/english/taxpayer	MANUAL_EMERGENCY_WORK V7 exact Oxford identity; source_index=5266; definition_path=/us/definition/english/taxpayer; exact_definition='a person who pays tax to the government, especially on the money that they earn'; selected_candidate_method=en_wiktionary_sense_bound_uk_translation; sense_source='English Wiktionary'; sense_gloss='person who pays tax'; gloss_definition_similarity=0.857; morphology='V6 pymorphy3 uk canonical lemma PASS after Unicode/stress normalization; tag=NOUN,anim masc,nomn; score=0.4875'; surface_mt_never_sole_pass=PASS	податкоплатник
MANUAL_EMERGENCY_WORK_20260820_FIRST_PASS_V7_round04	ox5000-8f563d5c5fbf6a5dd303	technological	adjective	B2	https://www.oxfordlearnersdictionaries.com/us/definition/english/technological	MANUAL_EMERGENCY_WORK V7 exact Oxford identity; source_index=5276; definition_path=/us/definition/english/technological; exact_definition='connected with technology'; selected_candidate_method=en_wiktionary_sense_bound_uk_translation; sense_source='English Wiktionary'; sense_gloss='of, relating to, or involving technology'; gloss_definition_similarity=0.644; morphology='V6 pymorphy3 uk canonical lemma PASS after Unicode/stress normalization; tag=ADJF,compb masc,nomn; score=1.0000'; surface_mt_never_sole_pass=PASS	технологічний
MANUAL_EMERGENCY_WORK_20260820_FIRST_PASS_V7_round04	ox5000-b23d3e8ce57013836f05	teens	noun	B2	https://www.oxfordlearnersdictionaries.com/us/definition/english/teens	MANUAL_EMERGENCY_WORK V7 exact Oxford identity; source_index=5280; definition_path=/us/definition/english/teens; exact_definition='the years of a person’s life when they are between 13 and 19 years old'; selected_candidate_method=Helsinki-NLP/opus-mt-en-uk_surface_candidate; sense_source=''; sense_gloss=''; gloss_definition_similarity=1.000; morphology='V6 pymorphy3 uk canonical lemma PASS after Unicode/stress normalization; tag=NOUN,anim masc; score=1.0000'; surface_mt_never_sole_pass=PASS	підліток
MANUAL_EMERGENCY_WORK_20260820_FIRST_PASS_V7_round04	ox5000-281f72b8f526e2643f8c	temple	noun	B2	https://www.oxfordlearnersdictionaries.com/us/definition/english/temple	MANUAL_EMERGENCY_WORK V7 exact Oxford identity; source_index=5286; definition_path=/us/definition/english/temple; exact_definition='a building used for religious worship , especially in religions other than Christianity'; selected_candidate_method=en_wiktionary_sense_bound_uk_translation; sense_source='English Wiktionary'; sense_gloss='place of worship'; gloss_definition_similarity=0.778; morphology='V6 pymorphy3 uk canonical lemma PASS after Unicode/stress normalization; tag=NOUN,inan masc,nomn; score=1.0000'; surface_mt_never_sole_pass=PASS	храм
MANUAL_EMERGENCY_WORK_20260820_FIRST_PASS_V7_round04	ox5000-a9aee38b0ff16defe4a9	temporarily	adverb	B2	https://www.oxfordlearnersdictionaries.com/us/definition/english/temporarily	MANUAL_EMERGENCY_WORK V7 exact Oxford identity; source_index=5287; definition_path=/us/definition/english/temporarily; exact_definition='in a way that lasts or is intended to last or be used only for a short time; in a way that is not permanent'; selected_candidate_method=en_wiktionary_sense_bound_uk_translation; sense_source='English Wiktionary'; sense_gloss='for a limited period of time'; gloss_definition_similarity=0.550; morphology='V6 pymorphy3 uk canonical lemma PASS after Unicode/stress normalization; tag=ADVB; score=1.0000'; surface_mt_never_sole_pass=PASS	тимчасово
MANUAL_EMERGENCY_WORK_20260820_FIRST_PASS_V7_round04	ox5000-12e64d13126ed167af0d	tempt	verb	C1	https://www.oxfordlearnersdictionaries.com/us/definition/english/tempt	MANUAL_EMERGENCY_WORK V7 exact Oxford identity; source_index=5289; definition_path=/us/definition/english/tempt; exact_definition='to attract somebody or make somebody want to do or have something, even if they know it is wrong'; selected_candidate_method=en_wiktionary_sense_bound_uk_translation; sense_source='English Wiktionary'; sense_gloss='to provoke someone to do wrong'; gloss_definition_similarity=0.674; morphology='V6 genuine multiword lexical phrase; Unicode-normalized V4 lexical/POS form accepted'; surface_mt_never_sole_pass=PASS	схиляти, змушувати
MANUAL_EMERGENCY_WORK_20260820_FIRST_PASS_V7_round04	ox5000-8aacf4124321ebc82973	tenant	noun	C1	https://www.oxfordlearnersdictionaries.com/us/definition/english/tenant_1	MANUAL_EMERGENCY_WORK V7 exact Oxford identity; source_index=5291; definition_path=/us/definition/english/tenant_1; exact_definition='a person who pays rent for the use of a room, building, land, etc. to the person who owns it'; selected_candidate_method=en_wiktionary_sense_bound_uk_translation; sense_source='English Wiktionary'; sense_gloss='one who pays a fee in return for the use of land, etc.'; gloss_definition_similarity=0.735; morphology='V6 pymorphy3 uk canonical lemma PASS after Unicode/stress normalization; tag=NOUN,anim masc,nomn; score=1.0000'; surface_mt_never_sole_pass=PASS	квартирант
MANUAL_EMERGENCY_WORK_20260820_FIRST_PASS_V7_round04	ox5000-01af49ce53e4d6902091	tendency	noun	B2	https://www.oxfordlearnersdictionaries.com/us/definition/english/tendency	MANUAL_EMERGENCY_WORK V7 exact Oxford identity; source_index=5293; definition_path=/us/definition/english/tendency; exact_definition='if somebody/something has a particular tendency , they are likely to behave or act in a particular way'; selected_candidate_method=Helsinki-NLP/opus-mt-en-uk_surface_candidate; sense_source=''; sense_gloss=''; gloss_definition_similarity=1.000; morphology='V6 no Ukrainian lexical token after Unicode/stress normalization'; surface_mt_never_sole_pass=PASS	custom
MANUAL_EMERGENCY_WORK_20260820_FIRST_PASS_V7_round04	ox5000-443429b7023a796eed5f	tender	adjective	C1	https://www.oxfordlearnersdictionaries.com/us/definition/english/tender_1	MANUAL_EMERGENCY_WORK V7 exact Oxford identity; source_index=5294; definition_path=/us/definition/english/tender_1; exact_definition='kind, gentle and loving'; selected_candidate_method=en_wiktionary_sense_bound_uk_translation; sense_source='English Wiktionary'; sense_gloss='fond, loving, gentle, sweet'; gloss_definition_similarity=0.873; morphology='V6 pymorphy3 uk canonical lemma PASS after Unicode/stress normalization; tag=ADJF,compb masc,nomn; score=1.0000'; surface_mt_never_sole_pass=PASS	ніжний
MANUAL_EMERGENCY_WORK_20260820_FIRST_PASS_V7_round04	ox5000-2f462c0cf8af1c75f9dd	tension	noun	B2	https://www.oxfordlearnersdictionaries.com/us/definition/english/tension_1	MANUAL_EMERGENCY_WORK V7 exact Oxford identity; source_index=5296; definition_path=/us/definition/english/tension_1; exact_definition='a situation in which people do not trust each other, or feel unfriendly towards each other, and that may cause them to attack each other'; selected_candidate_method=en_wiktionary_sense_bound_uk_translation; sense_source='English Wiktionary'; sense_gloss='psychological state'; gloss_definition_similarity=0.354; morphology='V6 pymorphy3 uk canonical lemma PASS after Unicode/stress normalization; tag=NOUN,inan neut,nomn; score=1.0000'; surface_mt_never_sole_pass=PASS	напруження
MANUAL_EMERGENCY_WORK_20260820_FIRST_PASS_V7_round04	ox5000-b5861253624427055cb6	tenure	noun	C1	https://www.oxfordlearnersdictionaries.com/us/definition/english/tenure	MANUAL_EMERGENCY_WORK V7 exact Oxford identity; source_index=5298; definition_path=/us/definition/english/tenure; exact_definition='the period of time when somebody holds an important job, especially a political one; the act of holding an important job'; selected_candidate_method=Helsinki-NLP/opus-mt-en-uk_surface_candidate; sense_source=''; sense_gloss=''; gloss_definition_similarity=1.000; morphology='V6 pymorphy3 uk canonical lemma PASS after Unicode/stress normalization; tag=NOUN,femn,inan nomn; score=0.5000'; surface_mt_never_sole_pass=PASS	теноретна
MANUAL_EMERGENCY_WORK_20260820_FIRST_PASS_V7_round04	ox5000-8689367dc831422e6281	terminal	adjective	C1	https://www.oxfordlearnersdictionaries.com/us/definition/english/terminal_2	"MANUAL_EMERGENCY_WORK V7 exact Oxford identity; source_index=5301; definition_path=/us/definition/english/terminal_2; exact_definition='that cannot be cured and will lead to death, often slowly'; selected_candidate_method=Helsinki-NLP/opus-mt-en-uk_surface_candidate; sense_source=''; sense_gloss=''; gloss_definition_similarity=1.000; morphology=""V6 pymorphy3 uk has no requested-POS parse for 'термінал'""; surface_mt_never_sole_pass=PASS"	термінал
MANUAL_EMERGENCY_WORK_20260820_FIRST_PASS_V7_round04	ox5000-f0295bdc35545089ba26	terminate	verb	C1	https://www.oxfordlearnersdictionaries.com/us/definition/english/terminate	MANUAL_EMERGENCY_WORK V7 exact Oxford identity; source_index=5303; definition_path=/us/definition/english/terminate; exact_definition='to end; to make something end'; selected_candidate_method=Helsinki-NLP/opus-mt-en-uk_surface_candidate; sense_source=''; sense_gloss=''; gloss_definition_similarity=1.000; morphology='V6 pymorphy3 uk canonical lemma PASS after Unicode/stress normalization; tag=VERB,perf infn; score=1.0000'; surface_mt_never_sole_pass=PASS	завершити
MANUAL_EMERGENCY_WORK_20260820_FIRST_PASS_V7_round04	ox5000-550dcec360ef03858332	terms	noun	B2	https://www.oxfordlearnersdictionaries.com/us/definition/english/terms	MANUAL_EMERGENCY_WORK V7 exact Oxford identity; source_index=5304; definition_path=/us/definition/english/terms; exact_definition='the conditions that people offer, demand or accept when they make an agreement, an arrangement or a contract'; selected_candidate_method=Helsinki-NLP/opus-mt-en-uk_surface_candidate; sense_source=''; sense_gloss=''; gloss_definition_similarity=1.000; morphology='V6 pymorphy3 uk canonical lemma PASS after Unicode/stress normalization; tag=NOUN,inan masc,nomn; score=1.0000'; surface_mt_never_sole_pass=PASS	термін
MANUAL_EMERGENCY_WORK_20260820_FIRST_PASS_V7_round04	ox5000-9831ff9660bcaeb2b9cc	terrain	noun	C1	https://www.oxfordlearnersdictionaries.com/us/definition/english/terrain	MANUAL_EMERGENCY_WORK V7 exact Oxford identity; source_index=5305; definition_path=/us/definition/english/terrain; exact_definition='used to refer to an area of land when you are mentioning its natural features, for example, if it is rough, flat, etc.'; selected_candidate_method=en_wiktionary_sense_bound_uk_translation; sense_source='English Wiktionary'; sense_gloss='area'; gloss_definition_similarity=0.521; morphology='V6 pymorphy3 uk canonical lemma PASS after Unicode/stress normalization; tag=NOUN,inan femn,nomn; score=1.0000'; surface_mt_never_sole_pass=PASS	місцевість
MANUAL_EMERGENCY_WORK_20260820_FIRST_PASS_V7_round04	ox5000-0a12ac0cb859d36ef42c	terribly	adverb	B2	https://www.oxfordlearnersdictionaries.com/us/definition/english/terribly	MANUAL_EMERGENCY_WORK V7 exact Oxford identity; source_index=5307; definition_path=/us/definition/english/terribly; exact_definition='very much; very badly'; selected_candidate_method=Helsinki-NLP/opus-mt-en-uk_surface_candidate; sense_source=''; sense_gloss=''; gloss_definition_similarity=1.000; morphology='V6 pymorphy3 uk canonical lemma PASS after Unicode/stress normalization; tag=ADVB,compb; score=1.0000'; surface_mt_never_sole_pass=PASS	жахливо
MANUAL_EMERGENCY_WORK_20260820_FIRST_PASS_V7_round04	ox5000-8467812af37b5bb10cb1	terrific	adjective	C1	https://www.oxfordlearnersdictionaries.com/us/definition/english/terrific	"MANUAL_EMERGENCY_WORK V7 exact Oxford identity; source_index=5308; definition_path=/us/definition/english/terrific; exact_definition='excellent; wonderful'; selected_candidate_method=Helsinki-NLP/opus-mt-en-uk_surface_candidate; sense_source=''; sense_gloss=''; gloss_definition_similarity=1.000; morphology=""V6 pymorphy3 uk has no requested-POS parse for 'Чудово'""; surface_mt_never_sole_pass=PASS"	Чудово.
MANUAL_EMERGENCY_WORK_20260820_FIRST_PASS_V7_round04	ox5000-96d49f016884d37e2cb8	terrify	verb	B2	https://www.oxfordlearnersdictionaries.com/us/definition/english/terrify	MANUAL_EMERGENCY_WORK V7 exact Oxford identity; source_index=5309; definition_path=/us/definition/english/terrify; exact_definition='to make somebody feel extremely frightened'; selected_candidate_method=Helsinki-NLP/opus-mt-en-uk_surface_candidate; sense_source=''; sense_gloss=''; gloss_definition_similarity=1.000; morphology='V6 no Ukrainian lexical token after Unicode/stress normalization'; surface_mt_never_sole_pass=PASS	urrize
MANUAL_EMERGENCY_WORK_20260820_FIRST_PASS_V7_round04	ox5000-30bc3871f94be042ac8d	territory	noun	B2	https://www.oxfordlearnersdictionaries.com/us/definition/english/territory	MANUAL_EMERGENCY_WORK V7 exact Oxford identity; source_index=5310; definition_path=/us/definition/english/territory; exact_definition='land that is under the control of a particular country or political leader'; selected_candidate_method=en_wiktionary_sense_bound_uk_translation; sense_source='English Wiktionary'; sense_gloss='large tract of land'; gloss_definition_similarity=0.613; morphology='V6 pymorphy3 uk canonical lemma PASS after Unicode/stress normalization; tag=NOUN,inan femn,nomn; score=1.0000'; surface_mt_never_sole_pass=PASS	територія
MANUAL_EMERGENCY_WORK_20260820_FIRST_PASS_V7_round04	ox5000-6b4fed09d6a7acdd3dc7	terror	noun	B2	https://www.oxfordlearnersdictionaries.com/us/definition/english/	MANUAL_EMERGENCY_WORK V7 exact Oxford identity; source_index=5311; definition_path=/us/definition/english/; exact_definition=''; selected_candidate_method=en_wiktionary_sense_bound_uk_translation; sense_source='English Wiktionary'; sense_gloss='terrorism'; gloss_definition_similarity=0.370; morphology='V6 pymorphy3 uk canonical lemma PASS after Unicode/stress normalization; tag=NOUN,inan masc,nomn; score=1.0000'; surface_mt_never_sole_pass=PASS	терор
MANUAL_EMERGENCY_WORK_20260820_FIRST_PASS_V7_round04	ox5000-97fd97c2b8c7282d936e	terrorism	noun	B2	https://www.oxfordlearnersdictionaries.com/us/definition/english/terrorism	MANUAL_EMERGENCY_WORK V7 exact Oxford identity; source_index=5312; definition_path=/us/definition/english/terrorism; exact_definition='the use of violent action in order to achieve political aims or to force a government to act'; selected_candidate_method=en_wiktionary_sense_bound_uk_translation; sense_source='English Wiktionary'; sense_gloss='use of terror as a means of coercion'; gloss_definition_similarity=0.572; morphology='V6 pymorphy3 uk canonical lemma PASS after Unicode/stress normalization; tag=NOUN,inan masc,nomn; score=1.0000'; surface_mt_never_sole_pass=PASS	теракт
MANUAL_EMERGENCY_WORK_20260820_FIRST_PASS_V7_round04	ox5000-5916322693483a5d7b4b	terrorist	noun	B2	https://www.oxfordlearnersdictionaries.com/us/definition/english/terrorist	MANUAL_EMERGENCY_WORK V7 exact Oxford identity; source_index=5313; definition_path=/us/definition/english/terrorist; exact_definition='a person who takes part in terrorism'; selected_candidate_method=en_wiktionary_sense_bound_uk_translation; sense_source='English Wiktionary'; sense_gloss='person who uses terror as a weapon in a political struggle'; gloss_definition_similarity=0.847; morphology='V6 pymorphy3 uk canonical lemma PASS after Unicode/stress normalization; tag=NOUN,anim masc,nomn; score=1.0000'; surface_mt_never_sole_pass=PASS	терорист
MANUAL_EMERGENCY_WORK_20260820_FIRST_PASS_V7_round04	ox5000-81809345392305d7171b	testify	verb	C1	https://www.oxfordlearnersdictionaries.com/us/definition/english/testify	MANUAL_EMERGENCY_WORK V7 exact Oxford identity; source_index=5316; definition_path=/us/definition/english/testify; exact_definition='to make a statement that something happened or that something is true, especially as a witness in court'; selected_candidate_method=Helsinki-NLP/opus-mt-en-uk_surface_candidate; sense_source=''; sense_gloss=''; gloss_definition_similarity=1.000; morphology='V6 no Ukrainian lexical token after Unicode/stress normalization'; surface_mt_never_sole_pass=PASS	services
MANUAL_EMERGENCY_WORK_20260820_FIRST_PASS_V7_round04	ox5000-f838d055d14abf8c2ebb	testimony	noun	C1	https://www.oxfordlearnersdictionaries.com/us/definition/english/testimony	MANUAL_EMERGENCY_WORK V7 exact Oxford identity; source_index=5317; definition_path=/us/definition/english/testimony; exact_definition='a thing that shows that something else exists or is true'; selected_candidate_method=en_wiktionary_sense_bound_uk_translation; sense_source='English Wiktionary'; sense_gloss='statement in court'; gloss_definition_similarity=0.173; morphology='V6 pymorphy3 uk canonical lemma PASS after Unicode/stress normalization; tag=NOUN,inan neut,nomn; score=1.0000'; surface_mt_never_sole_pass=PASS	показання
MANUAL_EMERGENCY_WORK_20260820_FIRST_PASS_V7_round04	ox5000-4adb2d62b9dc0969ac4d	testing	noun	B2	https://www.oxfordlearnersdictionaries.com/us/definition/english/testing_1	MANUAL_EMERGENCY_WORK V7 exact Oxford identity; source_index=5318; definition_path=/us/definition/english/testing_1; exact_definition='the activity of testing somebody/something in order to find something out, see if it works, etc.'; selected_candidate_method=en_wiktionary_sense_bound_uk_translation; sense_source='English Wiktionary'; sense_gloss='the act of conducting a test'; gloss_definition_similarity=0.687; morphology='V6 pymorphy3 uk canonical lemma PASS after Unicode/stress normalization; tag=NOUN,inan neut,nomn; score=1.0000'; surface_mt_never_sole_pass=PASS	тестування
MANUAL_EMERGENCY_WORK_20260820_FIRST_PASS_V7_round04	ox5000-95d845718fe19a04a8d2	textbook	noun	B2	https://www.oxfordlearnersdictionaries.com/us/definition/english/textbook_1	MANUAL_EMERGENCY_WORK V7 exact Oxford identity; source_index=5321; definition_path=/us/definition/english/textbook_1; exact_definition='a book that teaches a particular subject and that is used especially in schools and colleges'; selected_candidate_method=en_wiktionary_sense_bound_uk_translation; sense_source='English Wiktionary'; sense_gloss='formal manual of instruction'; gloss_definition_similarity=0.543; morphology='V6 pymorphy3 uk canonical lemma PASS after Unicode/stress normalization; tag=NOUN,inan masc,nomn; score=1.0000'; surface_mt_never_sole_pass=PASS	підручник
MANUAL_EMERGENCY_WORK_20260820_FIRST_PASS_V7_round04	ox5000-bef207622e2f6e60411d	texture	noun	C1	https://www.oxfordlearnersdictionaries.com/us/definition/english/texture	MANUAL_EMERGENCY_WORK V7 exact Oxford identity; source_index=5322; definition_path=/us/definition/english/texture; exact_definition='the way a surface, substance or piece of cloth feels when you touch it, for example how rough, smooth, hard or soft it is'; selected_candidate_method=en_wiktionary_sense_bound_uk_translation; sense_source='English Wiktionary'; sense_gloss='feel or shape of a surface or substance'; gloss_definition_similarity=0.805; morphology='V6 pymorphy3 uk canonical lemma PASS after Unicode/stress normalization; tag=NOUN,inan femn,nomn; score=1.0000'; surface_mt_never_sole_pass=PASS	текстура
MANUAL_EMERGENCY_WORK_20260820_FIRST_PASS_V7_round04	ox5000-d1fca0f4d400117f6854	thankfully	adverb	C1	https://www.oxfordlearnersdictionaries.com/us/definition/english/thankfully	"MANUAL_EMERGENCY_WORK V7 exact Oxford identity; source_index=5326; definition_path=/us/definition/english/thankfully; exact_definition='used to show that you are pleased that something good has happened or that something bad has been avoided'; selected_candidate_method=Helsinki-NLP/opus-mt-en-uk_surface_candidate; sense_source=''; sense_gloss=''; gloss_definition_similarity=1.000; morphology=""V6 pymorphy3 uk has no requested-POS parse for 'Вдячний'""; surface_mt_never_sole_pass=PASS"	Вдячний
MANUAL_EMERGENCY_WORK_20260820_FIRST_PASS_V7_round04	ox5000-55a146661c1df5d9fd5c	theatrical	adjective	C1	https://www.oxfordlearnersdictionaries.com/us/definition/english/theatrical	MANUAL_EMERGENCY_WORK V7 exact Oxford identity; source_index=5335; definition_path=/us/definition/english/theatrical; exact_definition='connected with the theatre'; selected_candidate_method=en_wiktionary_sense_bound_uk_translation; sense_source='English Wiktionary'; sense_gloss='of or relating to the theatre'; gloss_definition_similarity=0.827; morphology='V6 pymorphy3 uk canonical lemma PASS after Unicode/stress normalization; tag=ADJF,compb masc,nomn; score=1.0000'; surface_mt_never_sole_pass=PASS	театральний
MANUAL_EMERGENCY_WORK_20260820_FIRST_PASS_V7_round04	ox5000-991a9d01246ffbf9a9c5	theft	noun	B2	https://www.oxfordlearnersdictionaries.com/us/definition/english/theft	MANUAL_EMERGENCY_WORK V7 exact Oxford identity; source_index=5336; definition_path=/us/definition/english/theft; exact_definition='the crime of stealing something from a person or place'; selected_candidate_method=en_wiktionary_sense_bound_uk_translation; sense_source='English Wiktionary'; sense_gloss='act of stealing property'; gloss_definition_similarity=0.780; morphology='V6 pymorphy3 uk canonical lemma PASS after Unicode/stress normalization; tag=NOUN,inan femn,nomn; score=1.0000'; surface_mt_never_sole_pass=PASS	крадіжка
MANUAL_EMERGENCY_WORK_20260820_FIRST_PASS_V7_round04	ox5000-b052aa70ffc82c01e0e6	theoretical	adjective	C1	https://www.oxfordlearnersdictionaries.com/us/definition/english/theoretical	MANUAL_EMERGENCY_WORK V7 exact Oxford identity; source_index=5344; definition_path=/us/definition/english/theoretical; exact_definition='connected with the ideas and principles on which a particular subject is based, rather than with practice and experiment'; selected_candidate_method=en_wiktionary_sense_bound_uk_translation; sense_source='English Wiktionary'; sense_gloss='of or relating to theory'; gloss_definition_similarity=0.511; morphology='V6 pymorphy3 uk canonical lemma PASS after Unicode/stress normalization; tag=ADJF masc,nomn; score=1.0000'; surface_mt_never_sole_pass=PASS	теоретичний
MANUAL_EMERGENCY_WORK_20260820_FIRST_PASS_V7_round04	ox5000-f0a9b9c6b02ef2064253	therapist	noun	B2	https://www.oxfordlearnersdictionaries.com/us/definition/english/therapist	MANUAL_EMERGENCY_WORK V7 exact Oxford identity; source_index=5346; definition_path=/us/definition/english/therapist; exact_definition='a specialist who treats a particular type of illness or problem, or who uses a particular type of treatment'; selected_candidate_method=en_wiktionary_sense_bound_uk_translation; sense_source='English Wiktionary'; sense_gloss='one who provides therapy'; gloss_definition_similarity=0.697; morphology='V6 pymorphy3 uk canonical lemma PASS after Unicode/stress normalization; tag=NOUN,anim masc,nomn; score=1.0000'; surface_mt_never_sole_pass=PASS	терапевт
MANUAL_EMERGENCY_WORK_20260820_FIRST_PASS_V7_round04	ox5000-d9676d7d2512249a7e9e	thereafter	adverb	C1	https://www.oxfordlearnersdictionaries.com/us/definition/english/thereafter	MANUAL_EMERGENCY_WORK V7 exact Oxford identity; source_index=5349; definition_path=/us/definition/english/thereafter; exact_definition='after the time or event mentioned'; selected_candidate_method=Helsinki-NLP/opus-mt-en-uk_surface_candidate; sense_source=''; sense_gloss=''; gloss_definition_similarity=1.000; morphology='multiword adverb candidate is not an adverbial phrase'; surface_mt_never_sole_pass=PASS	Після цього
MANUAL_EMERGENCY_WORK_20260820_FIRST_PASS_V7_round04	ox5000-b245a804462b0d41915a	thereby	adverb	C1	https://www.oxfordlearnersdictionaries.com/us/definition/english/thereby	MANUAL_EMERGENCY_WORK V7 exact Oxford identity; source_index=5350; definition_path=/us/definition/english/thereby; exact_definition='used to introduce the result of the action or situation mentioned'; selected_candidate_method=en_wiktionary_sense_bound_uk_translation; sense_source='English Wiktionary'; sense_gloss='by that'; gloss_definition_similarity=0.368; morphology='multiword adverb candidate is not an adverbial phrase'; surface_mt_never_sole_pass=PASS	таким чином
MANUAL_EMERGENCY_WORK_20260820_FIRST_PASS_V7_round04	ox5000-7bc234c4dcd2f3c2875b	thesis	noun	B2	https://www.oxfordlearnersdictionaries.com/us/definition/english/thesis	MANUAL_EMERGENCY_WORK V7 exact Oxford identity; source_index=5352; definition_path=/us/definition/english/thesis; exact_definition='a long piece of writing completed by a student as part of a university degree, based on their own research'; selected_candidate_method=en_wiktionary_sense_bound_uk_translation; sense_source='English Wiktionary'; sense_gloss='proposition or statement supported by arguments'; gloss_definition_similarity=0.177; morphology='V6 pymorphy3 uk canonical lemma PASS after Unicode/stress normalization; tag=NOUN,inan masc,nomn; score=1.0000'; surface_mt_never_sole_pass=PASS	тезис
MANUAL_EMERGENCY_WORK_20260820_FIRST_PASS_V7_round04	ox5000-feaf4b50d932346d1b13	thorough	adjective	B2	https://www.oxfordlearnersdictionaries.com/us/definition/english/thorough	"MANUAL_EMERGENCY_WORK V7 exact Oxford identity; source_index=5368; definition_path=/us/definition/english/thorough; exact_definition='done completely; with great attention to detail'; selected_candidate_method=Helsinki-NLP/opus-mt-en-uk_surface_candidate; sense_source=''; sense_gloss=''; gloss_definition_similarity=1.000; morphology=""V6 pymorphy3 uk has no requested-POS parse for 'Докладно'""; surface_mt_never_sole_pass=PASS"	Докладно
MANUAL_EMERGENCY_WORK_20260820_FIRST_PASS_V7_round04	ox5000-d28109a222083a7e6991	thoroughly	adverb	B2	https://www.oxfordlearnersdictionaries.com/us/definition/english/thoroughly	MANUAL_EMERGENCY_WORK V7 exact Oxford identity; source_index=5369; definition_path=/us/definition/english/thoroughly; exact_definition='very much; completely'; selected_candidate_method=Helsinki-NLP/opus-mt-en-uk_surface_candidate; sense_source=''; sense_gloss=''; gloss_definition_similarity=1.000; morphology='V6 pymorphy3 uk canonical lemma PASS after Unicode/stress normalization; tag=ADVB; score=1.0000'; surface_mt_never_sole_pass=PASS	повністю
MANUAL_EMERGENCY_WORK_20260820_FIRST_PASS_V7_round04	ox5000-cbd9ca36a79de9b55081	thought-provoking	adjective	C1	https://www.oxfordlearnersdictionaries.com/us/definition/english/thought-provoking	"MANUAL_EMERGENCY_WORK V7 exact Oxford identity; source_index=5373; definition_path=/us/definition/english/thought-provoking; exact_definition='making people think seriously about a particular subject or issue'; selected_candidate_method=Helsinki-NLP/opus-mt-en-uk_surface_candidate; sense_source=''; sense_gloss=''; gloss_definition_similarity=1.000; morphology=""V6 pymorphy3 uk has no requested-POS parse for '-'""; surface_mt_never_sole_pass=PASS"	think-procing
MANUAL_EMERGENCY_WORK_20260820_FIRST_PASS_V7_round04	ox5000-4dbc6b87df9f0ea26bb9	thoughtful	adjective	C1	https://www.oxfordlearnersdictionaries.com/us/definition/english/thoughtful	"MANUAL_EMERGENCY_WORK V7 exact Oxford identity; source_index=5374; definition_path=/us/definition/english/thoughtful; exact_definition='quiet, because you are thinking'; selected_candidate_method=Helsinki-NLP/opus-mt-en-uk_surface_candidate; sense_source=''; sense_gloss=''; gloss_definition_similarity=1.000; morphology=""V6 pymorphy3 uk has no requested-POS parse for 'продумано'""; surface_mt_never_sole_pass=PASS"	продумано
MANUAL_EMERGENCY_WORK_20260820_FIRST_PASS_V7_round04	ox5000-1fdcd2759a6e1b7adbd8	thread	noun	C1	https://www.oxfordlearnersdictionaries.com/us/definition/english/thread_1	MANUAL_EMERGENCY_WORK V7 exact Oxford identity; source_index=5376; definition_path=/us/definition/english/thread_1; exact_definition='a thin string of cotton, wool, silk, etc. used for sewing or making cloth'; selected_candidate_method=Helsinki-NLP/opus-mt-en-uk_surface_candidate; sense_source=''; sense_gloss=''; gloss_definition_similarity=1.000; morphology='V6 pymorphy3 uk canonical lemma PASS after Unicode/stress normalization; tag=NOUN,inan femn,nomn; score=1.0000'; surface_mt_never_sole_pass=PASS	нитка
MANUAL_EMERGENCY_WORK_20260820_FIRST_PASS_V7_round04	ox5000-1709abceec97aee34dc2	threshold	noun	C1	https://www.oxfordlearnersdictionaries.com/us/definition/english/threshold	MANUAL_EMERGENCY_WORK V7 exact Oxford identity; source_index=5380; definition_path=/us/definition/english/threshold; exact_definition='the floor or ground at the bottom of a doorway , considered as the entrance to a building or room'; selected_candidate_method=Helsinki-NLP/opus-mt-en-uk_surface_candidate; sense_source=''; sense_gloss=''; gloss_definition_similarity=1.000; morphology='V6 pymorphy3 uk canonical lemma PASS after Unicode/stress normalization; tag=NOUN,inan masc,nomn; score=1.0000'; surface_mt_never_sole_pass=PASS	поріг
MANUAL_EMERGENCY_WORK_20260820_FIRST_PASS_V7_round04	ox5000-4e4dfe0384c9e2bd4d60	thrilled	adjective	C1	https://www.oxfordlearnersdictionaries.com/us/definition/english/thrilled	"MANUAL_EMERGENCY_WORK V7 exact Oxford identity; source_index=5381; definition_path=/us/definition/english/thrilled; exact_definition='very excited and pleased'; selected_candidate_method=Helsinki-NLP/opus-mt-en-uk_surface_candidate; sense_source=''; sense_gloss=''; gloss_definition_similarity=1.000; morphology=""V6 pymorphy3 uk has no requested-POS parse for 'захоплено'""; surface_mt_never_sole_pass=PASS"	захоплено
MANUAL_EMERGENCY_WORK_20260820_FIRST_PASS_V7_round04	ox5000-f75147390c58f9b7da57	thrive	verb	C1	https://www.oxfordlearnersdictionaries.com/us/definition/english/thrive	MANUAL_EMERGENCY_WORK V7 exact Oxford identity; source_index=5382; definition_path=/us/definition/english/thrive; exact_definition='to become, and continue to be, successful, strong, healthy, etc.'; selected_candidate_method=Helsinki-NLP/opus-mt-en-uk_surface_candidate; sense_source=''; sense_gloss=''; gloss_definition_similarity=1.000; morphology='V6 pymorphy3 uk canonical lemma PASS after Unicode/stress normalization; tag=VERB,impf infn; score=1.0000'; surface_mt_never_sole_pass=PASS	процвітати
MANUAL_EMERGENCY_WORK_20260820_FIRST_PASS_V7_round04	ox5000-09f564b8c1cd8dfc3904	thumb	noun	B2	https://www.oxfordlearnersdictionaries.com/us/definition/english/thumb_1	MANUAL_EMERGENCY_WORK V7 exact Oxford identity; source_index=5389; definition_path=/us/definition/english/thumb_1; exact_definition='the short, thick finger at the side of the hand, slightly apart from the other four'; selected_candidate_method=en_wiktionary_sense_bound_uk_translation; sense_source='English Wiktionary'; sense_gloss='digit'; gloss_definition_similarity=0.423; morphology='V6 genuine multiword lexical phrase; Unicode-normalized V4 lexical/POS form accepted'; surface_mt_never_sole_pass=PASS	великий палець
MANUAL_EMERGENCY_WORK_20260820_FIRST_PASS_V7_round04	ox5000-f2480d9023b56c509839	tide	noun	C1	https://www.oxfordlearnersdictionaries.com/us/definition/english/tide_1	MANUAL_EMERGENCY_WORK V7 exact Oxford identity; source_index=5393; definition_path=/us/definition/english/tide_1; exact_definition='a regular rise and fall in the level of the sea, caused by the pull of the moon and sun; the flow of water that happens as the sea rises and falls'; selected_candidate_method=en_wiktionary_sense_bound_uk_translation; sense_source='English Wiktionary'; sense_gloss='periodic change of sea level|flood tide|ebb tide|high tide|low tide'; gloss_definition_similarity=0.615; morphology='V6 pymorphy3 uk canonical lemma PASS after Unicode/stress normalization; tag=NOUN,inan masc,nomn; score=1.0000'; surface_mt_never_sole_pass=PASS	приплив
MANUAL_EMERGENCY_WORK_20260820_FIRST_PASS_V7_round04	ox5000-eec8e05bb7719b3d5517	tighten	verb	C1	https://www.oxfordlearnersdictionaries.com/us/definition/english/tighten	MANUAL_EMERGENCY_WORK V7 exact Oxford identity; source_index=5399; definition_path=/us/definition/english/tighten; exact_definition='to hold or fix something more securely in position; to make something or become more difficult to move, open or separate'; selected_candidate_method=Helsinki-NLP/opus-mt-en-uk_surface_candidate; sense_source=''; sense_gloss=''; gloss_definition_similarity=1.000; morphology='V6 pymorphy3 uk canonical lemma PASS after Unicode/stress normalization; tag=VERB,perf infn; score=1.0000'; surface_mt_never_sole_pass=PASS	затягнути
MANUAL_EMERGENCY_WORK_20260820_FIRST_PASS_V7_round04	ox5000-4a9663ae5209cddb6bba	timber	noun	C1	https://www.oxfordlearnersdictionaries.com/us/definition/english/timber	MANUAL_EMERGENCY_WORK V7 exact Oxford identity; source_index=5402; definition_path=/us/definition/english/timber; exact_definition='trees that are grown to be used in building or for making things'; selected_candidate_method=en_wiktionary_sense_bound_uk_translation; sense_source='English Wiktionary'; sense_gloss='trees considered as a source of wood'; gloss_definition_similarity=0.731; morphology='V6 pymorphy3 uk canonical lemma PASS after Unicode/stress normalization; tag=NOUN,inan femn; score=1.0000'; surface_mt_never_sole_pass=PASS	деревина
MANUAL_EMERGENCY_WORK_20260820_FIRST_PASS_V7_round04	ox5000-64e08b8dd68be475a5a4	timely	adjective	C1	https://www.oxfordlearnersdictionaries.com/us/definition/english/timely	"MANUAL_EMERGENCY_WORK V7 exact Oxford identity; source_index=5405; definition_path=/us/definition/english/timely; exact_definition='happening at exactly the right time'; selected_candidate_method=Helsinki-NLP/opus-mt-en-uk_surface_candidate; sense_source=''; sense_gloss=''; gloss_definition_similarity=1.000; morphology=""V6 pymorphy3 uk has no requested-POS parse for 'вчасно'""; surface_mt_never_sole_pass=PASS"	вчасно
MANUAL_EMERGENCY_WORK_20260820_FIRST_PASS_V7_round04	ox5000-ac2009687f3aff82b4f8	timing	noun	B2	https://www.oxfordlearnersdictionaries.com/us/definition/english/timing	MANUAL_EMERGENCY_WORK V7 exact Oxford identity; source_index=5406; definition_path=/us/definition/english/timing; exact_definition='the act of choosing when something happens; a particular point or period of time when something happens or is planned'; selected_candidate_method=Helsinki-NLP/opus-mt-en-uk_surface_candidate; sense_source=''; sense_gloss=''; gloss_definition_similarity=1.000; morphology='V6 pymorphy3 uk canonical lemma PASS after Unicode/stress normalization; tag=NOUN,inan masc,nomn; score=1.0000'; surface_mt_never_sole_pass=PASS	час
MANUAL_EMERGENCY_WORK_20260820_FIRST_PASS_V7_round04	ox5000-e94181c64d5aa8e60302	tissue	noun	B2	https://www.oxfordlearnersdictionaries.com/us/definition/english/tissue	MANUAL_EMERGENCY_WORK V7 exact Oxford identity; source_index=5412; definition_path=/us/definition/english/tissue; exact_definition='a piece of soft paper, used especially as a handkerchief'; selected_candidate_method=en_wiktionary_sense_bound_uk_translation; sense_source='English Wiktionary'; sense_gloss='sheet of absorbent paper'; gloss_definition_similarity=0.672; morphology='V6 pymorphy3 uk canonical lemma PASS after Unicode/stress normalization; tag=NOUN,inan femn,nomn; score=1.0000'; surface_mt_never_sole_pass=PASS	серветка
MANUAL_EMERGENCY_WORK_20260820_FIRST_PASS_V7_round04	ox5000-f235f1b098d32e02ad29	tolerance	noun	C1	https://www.oxfordlearnersdictionaries.com/us/definition/english/tolerance	MANUAL_EMERGENCY_WORK V7 exact Oxford identity; source_index=5423; definition_path=/us/definition/english/tolerance; exact_definition='the quality of being willing to accept or tolerate somebody/something, especially opinions or behaviour that you may not agree with, or people who are not like you'; selected_candidate_method=en_wiktionary_sense_bound_uk_translation; sense_source='English Wiktionary'; sense_gloss='ability or practice of tolerating'; gloss_definition_similarity=0.597; morphology='V6 pymorphy3 uk canonical lemma PASS after Unicode/stress normalization; tag=NOUN,femn,inan nomn; score=1.0000'; surface_mt_never_sole_pass=PASS	терпимість
MANUAL_EMERGENCY_WORK_20260820_FIRST_PASS_V7_round04	ox5000-d5ec64b91510270b2158	tolerate	verb	C1	https://www.oxfordlearnersdictionaries.com/us/definition/english/tolerate	MANUAL_EMERGENCY_WORK V7 exact Oxford identity; source_index=5424; definition_path=/us/definition/english/tolerate; exact_definition='to allow somebody to do something that you do not agree with or like'; selected_candidate_method=en_wiktionary_sense_bound_uk_translation; sense_source='English Wiktionary'; sense_gloss='To allow without explicit approval'; gloss_definition_similarity=0.494; morphology='V6 pymorphy3 uk canonical lemma PASS after Unicode/stress normalization; tag=VERB,impf infn; score=1.0000'; surface_mt_never_sole_pass=PASS	толерувати
MANUAL_EMERGENCY_WORK_20260820_FIRST_PASS_V7_round04	ox5000-e2eb585666597b22d60b	toll	noun	C1	https://www.oxfordlearnersdictionaries.com/us/definition/english/toll_1	MANUAL_EMERGENCY_WORK V7 exact Oxford identity; source_index=5425; definition_path=/us/definition/english/toll_1; exact_definition='money that you pay to use a particular road or bridge'; selected_candidate_method=en_wiktionary_sense_bound_uk_translation; sense_source='English Wiktionary'; sense_gloss='fee for using roads and bridges'; gloss_definition_similarity=0.842; morphology='V6 pymorphy3 uk canonical lemma PASS after Unicode/stress normalization; tag=NOUN,inan femn,nomn; score=1.0000'; surface_mt_never_sole_pass=PASS	оплата
MANUAL_EMERGENCY_WORK_20260820_FIRST_PASS_V7_round04	ox5000-4adeed3e1291e2cb9565	ton	noun	B2	https://www.oxfordlearnersdictionaries.com/us/definition/english/ton	MANUAL_EMERGENCY_WORK V7 exact Oxford identity; source_index=5429; definition_path=/us/definition/english/ton; exact_definition='a unit for measuring weight, in the UK 2\u2009240 pounds ( long ton ) and in the US 2\u2009000 pounds ( short ton )'; selected_candidate_method=en_wiktionary_sense_bound_uk_translation; sense_source='English Wiktionary'; sense_gloss='various units of mass notionally equivalent to a tun'; gloss_definition_similarity=0.550; morphology='V6 pymorphy3 uk canonical lemma PASS after Unicode/stress normalization; tag=NOUN,inan femn,nomn; score=1.0000'; surface_mt_never_sole_pass=PASS	тонна
MANUAL_EMERGENCY_WORK_20260820_FIRST_PASS_V7_round04	ox5000-11d2abac5382987dddf5	tonne	noun	B2	https://www.oxfordlearnersdictionaries.com/us/definition/english/tonne	MANUAL_EMERGENCY_WORK V7 exact Oxford identity; source_index=5434; definition_path=/us/definition/english/tonne; exact_definition='a unit for measuring weight, equal to 1\u2009000 kilograms'; selected_candidate_method=Helsinki-NLP/opus-mt-en-uk_surface_candidate; sense_source=''; sense_gloss=''; gloss_definition_similarity=1.000; morphology='candidate is not predominantly Ukrainian'; surface_mt_never_sole_pass=PASS	тонEthiopian month 3 - ShortName
MANUAL_EMERGENCY_WORK_20260820_FIRST_PASS_V7_round04	ox5000-d4c9367c23e5a72152e3	top	verb	C1	https://www.oxfordlearnersdictionaries.com/us/definition/english/top_3	MANUAL_EMERGENCY_WORK V7 exact Oxford identity; source_index=5440; definition_path=/us/definition/english/top_3; exact_definition='to be higher than a particular amount'; selected_candidate_method=en_wiktionary_sense_bound_uk_translation; sense_source='English Wiktionary'; sense_gloss='to cover on the top or with a top'; gloss_definition_similarity=0.300; morphology='V6 pymorphy3 uk canonical lemma PASS after Unicode/stress normalization; tag=VERB,impf infn; score=1.0000'; surface_mt_never_sole_pass=PASS	покривати
MANUAL_EMERGENCY_WORK_20260820_FIRST_PASS_V7_round04	ox5000-7042e0637e91deb575b0	torture	noun	C1	https://www.oxfordlearnersdictionaries.com/us/definition/english/torture_1	"MANUAL_EMERGENCY_WORK V7 exact Oxford identity; source_index=5442; definition_path=/us/definition/english/torture_1; exact_definition='the act of causing somebody severe pain in order to punish them or make them say or do something'; selected_candidate_method=en_wiktionary_sense_bound_uk_translation; sense_source='English Wiktionary'; sense_gloss=""intentional causing of somebody's experiencing agony""; gloss_definition_similarity=0.750; morphology='V6 pymorphy3 uk canonical lemma PASS after Unicode/stress normalization; tag=NOUN,inan femn,nomn; score=1.0000'; surface_mt_never_sole_pass=PASS"	тортура
MANUAL_EMERGENCY_WORK_20260820_FIRST_PASS_V7_round04	ox5000-7e9ceec203d2d50cf233	torture	verb	C1	https://www.oxfordlearnersdictionaries.com/us/definition/english/torture_2	MANUAL_EMERGENCY_WORK V7 exact Oxford identity; source_index=5443; definition_path=/us/definition/english/torture_2; exact_definition='to hurt somebody physically or mentally in order to punish them or make them tell you something'; selected_candidate_method=en_wiktionary_sense_bound_uk_translation; sense_source='English Wiktionary'; sense_gloss='to intentionally inflict unnecessary pain or suffering on helpless victims'; gloss_definition_similarity=0.696; morphology='V6 pymorphy3 uk canonical lemma PASS after Unicode/stress normalization; tag=VERB,impf infn; score=1.0000'; surface_mt_never_sole_pass=PASS	катувати
MANUAL_EMERGENCY_WORK_20260820_FIRST_PASS_V7_round04	ox5000-639d0f39bd92fd319b5a	toss	verb	C1	https://www.oxfordlearnersdictionaries.com/us/definition/english/toss_1	"MANUAL_EMERGENCY_WORK V7 exact Oxford identity; source_index=5444; definition_path=/us/definition/english/toss_1; exact_definition='to throw something lightly or carelessly'; selected_candidate_method=Helsinki-NLP/opus-mt-en-uk_surface_candidate; sense_source=''; sense_gloss=''; gloss_definition_similarity=1.000; morphology=""V6 pymorphy3 uk has no requested-POS parse for 'ос'""; surface_mt_never_sole_pass=PASS"	осunit synonyms for matching user input
MANUAL_EMERGENCY_WORK_20260820_FIRST_PASS_V7_round04	ox5000-1cd96ead96b42105fd96	total	verb	C1	https://www.oxfordlearnersdictionaries.com/us/definition/english/total_3	"MANUAL_EMERGENCY_WORK V7 exact Oxford identity; source_index=5447; definition_path=/us/definition/english/total_3; exact_definition='to reach a particular total'; selected_candidate_method=Helsinki-NLP/opus-mt-en-uk_surface_candidate; sense_source=''; sense_gloss=''; gloss_definition_similarity=1.000; morphology=""V6 pymorphy3 uk has no requested-POS parse for 'загалом'""; surface_mt_never_sole_pass=PASS"	загалом
MANUAL_EMERGENCY_WORK_20260820_FIRST_PASS_V7_round04	ox5000-38e4c949712c87056e5c	tournament	noun	B2	https://www.oxfordlearnersdictionaries.com/us/definition/english/tournament	MANUAL_EMERGENCY_WORK V7 exact Oxford identity; source_index=5456; definition_path=/us/definition/english/tournament; exact_definition='a sports competition involving a number of teams or players who take part in different games and must leave the competition if they lose. The competition continues until there is only the winner left.'; selected_candidate_method=en_wiktionary_sense_bound_uk_translation; sense_source='English Wiktionary'; sense_gloss='series of games'; gloss_definition_similarity=0.377; morphology='V6 pymorphy3 uk canonical lemma PASS after Unicode/stress normalization; tag=NOUN,neut,inan nomn; score=1.0000'; surface_mt_never_sole_pass=PASS	змагання
MANUAL_EMERGENCY_WORK_20260820_FIRST_PASS_V7_round04	ox5000-2bd8b089e3ccff628106	toxic	adjective	C1	https://www.oxfordlearnersdictionaries.com/us/definition/english/toxic	MANUAL_EMERGENCY_WORK V7 exact Oxford identity; source_index=5461; definition_path=/us/definition/english/toxic; exact_definition='containing poison; poisonous'; selected_candidate_method=en_wiktionary_sense_bound_uk_translation; sense_source='English Wiktionary'; sense_gloss='having a harmful chemical nature'; gloss_definition_similarity=0.669; morphology='V6 pymorphy3 uk canonical lemma PASS after Unicode/stress normalization; tag=ADJF,compb masc,nomn; score=1.0000'; surface_mt_never_sole_pass=PASS	отруйний
MANUAL_EMERGENCY_WORK_20260820_FIRST_PASS_V7_round04	ox5000-adafbb1bafb76a511fd1	trace	noun	C1	https://www.oxfordlearnersdictionaries.com/us/definition/english/trace_2	MANUAL_EMERGENCY_WORK V7 exact Oxford identity; source_index=5464; definition_path=/us/definition/english/trace_2; exact_definition='a mark, an object or a sign that shows that somebody/something existed or was present'; selected_candidate_method=en_wiktionary_sense_bound_uk_translation; sense_source='English Wiktionary'; sense_gloss='mark left as a sign of passage'; gloss_definition_similarity=0.503; morphology='V6 pymorphy3 uk canonical lemma PASS after Unicode/stress normalization; tag=NOUN,inan masc,nomn; score=1.0000'; surface_mt_never_sole_pass=PASS	слід
MANUAL_EMERGENCY_WORK_20260820_FIRST_PASS_V7_round04	ox5000-42868b1c764b72b41688	trace	verb	B2	https://www.oxfordlearnersdictionaries.com/us/definition/english/trace_1	MANUAL_EMERGENCY_WORK V7 exact Oxford identity; source_index=5465; definition_path=/us/definition/english/trace_1; exact_definition='to find or discover somebody/something by looking carefully for them/it'; selected_candidate_method=Helsinki-NLP/opus-mt-en-uk_surface_candidate; sense_source=''; sense_gloss=''; gloss_definition_similarity=1.000; morphology='V6 no Ukrainian lexical token after Unicode/stress normalization'; surface_mt_never_sole_pass=PASS	trace
MANUAL_EMERGENCY_WORK_20260820_FIRST_PASS_V7_round04	ox5000-4a18d82d9fb6080d2f82	trademark	noun	C1	https://www.oxfordlearnersdictionaries.com/us/definition/english/trademark_1	"MANUAL_EMERGENCY_WORK V7 exact Oxford identity; source_index=5470; definition_path=/us/definition/english/trademark_1; exact_definition='a name, symbol or design that a company uses for its products and that cannot be used by anyone else'; selected_candidate_method=en_wiktionary_sense_bound_uk_translation; sense_source='English Wiktionary'; sense_gloss=""identification of a company's product""; gloss_definition_similarity=0.509; morphology='V6 genuine multiword lexical phrase; Unicode-normalized V4 lexical/POS form accepted'; surface_mt_never_sole_pass=PASS"	товарний знак
MANUAL_EMERGENCY_WORK_20260820_FIRST_PASS_V7_round04	ox5000-6c8f6df01d66058d990b	trading	noun	B2	https://www.oxfordlearnersdictionaries.com/us/definition/english/trading	MANUAL_EMERGENCY_WORK V7 exact Oxford identity; source_index=5471; definition_path=/us/definition/english/trading; exact_definition='the activity of buying and selling things'; selected_candidate_method=Helsinki-NLP/opus-mt-en-uk_surface_candidate; sense_source=''; sense_gloss=''; gloss_definition_similarity=1.000; morphology='V6 pymorphy3 uk canonical lemma PASS after Unicode/stress normalization; tag=NOUN,inan femn,nomn; score=1.0000'; surface_mt_never_sole_pass=PASS	торгівля
MANUAL_EMERGENCY_WORK_20260820_FIRST_PASS_V7_round04	ox5000-4171a075bcbae5c10c48	tragedy	noun	B2	https://www.oxfordlearnersdictionaries.com/us/definition/english/tragedy	MANUAL_EMERGENCY_WORK V7 exact Oxford identity; source_index=5475; definition_path=/us/definition/english/tragedy; exact_definition='a very sad event or situation, especially one that involves death'; selected_candidate_method=en_wiktionary_sense_bound_uk_translation; sense_source='English Wiktionary'; sense_gloss='disastrous event, especially one involving great loss of life or injury'; gloss_definition_similarity=0.814; morphology='V6 pymorphy3 uk canonical lemma PASS after Unicode/stress normalization; tag=NOUN,inan femn,nomn; score=1.0000'; surface_mt_never_sole_pass=PASS	трагедія
MANUAL_EMERGENCY_WORK_20260820_FIRST_PASS_V7_round04	ox5000-d225ff4e87c4cf923056	tragic	adjective	B2	https://www.oxfordlearnersdictionaries.com/us/definition/english/tragic	MANUAL_EMERGENCY_WORK V7 exact Oxford identity; source_index=5476; definition_path=/us/definition/english/tragic; exact_definition='making you feel very sad, usually because somebody has died or suffered a lot'; selected_candidate_method=en_wiktionary_sense_bound_uk_translation; sense_source='English Wiktionary'; sense_gloss='causing great sadness'; gloss_definition_similarity=0.748; morphology='V6 pymorphy3 uk canonical lemma PASS after Unicode/stress normalization; tag=ADJF,compb masc,nomn; score=1.0000'; surface_mt_never_sole_pass=PASS	трагічний
MANUAL_EMERGENCY_WORK_20260820_FIRST_PASS_V7_round04	ox5000-ddc7244d12a4925f1a9a	trail	noun	C1	https://www.oxfordlearnersdictionaries.com/us/definition/english/trail_1	MANUAL_EMERGENCY_WORK V7 exact Oxford identity; source_index=5477; definition_path=/us/definition/english/trail_1; exact_definition='a long line or series of marks that is left by somebody/something'; selected_candidate_method=en_wiktionary_sense_bound_uk_translation; sense_source='English Wiktionary'; sense_gloss='signs of something/someone has passed previously'; gloss_definition_similarity=0.435; morphology='V6 pymorphy3 uk canonical lemma PASS after Unicode/stress normalization; tag=NOUN,inan masc,nomn; score=1.0000'; surface_mt_never_sole_pass=PASS	слід
MANUAL_EMERGENCY_WORK_20260820_FIRST_PASS_V7_round04	ox5000-4db0352bf40a8fbb1a02	trail	verb	C1	https://www.oxfordlearnersdictionaries.com/us/definition/english/trail_2	MANUAL_EMERGENCY_WORK V7 exact Oxford identity; source_index=5478; definition_path=/us/definition/english/trail_2; exact_definition='to pull something behind somebody/something, usually along the ground; to be pulled along in this way'; selected_candidate_method=en_wiktionary_sense_bound_uk_translation; sense_source='English Wiktionary'; sense_gloss='drag behind'; gloss_definition_similarity=0.506; morphology='V6 pymorphy3 uk canonical lemma PASS after Unicode/stress normalization; tag=VERB,impf infn; score=1.0000'; surface_mt_never_sole_pass=PASS	тягти
MANUAL_EMERGENCY_WORK_20260820_FIRST_PASS_V7_round04	ox5000-4c2ff8c38be3fe6c8dd4	trailer	noun	C1	https://www.oxfordlearnersdictionaries.com/us/definition/english/trailer	MANUAL_EMERGENCY_WORK V7 exact Oxford identity; source_index=5479; definition_path=/us/definition/english/trailer; exact_definition='a truck, or a container with wheels, that is pulled by another vehicle'; selected_candidate_method=en_wiktionary_sense_bound_uk_translation; sense_source='English Wiktionary'; sense_gloss='unpowered wheeled vehicle that is towed behind another, and used to carry equipment, with the exception of a caravan'; gloss_definition_similarity=0.769; morphology='V6 pymorphy3 uk canonical lemma PASS after Unicode/stress normalization; tag=NOUN,inan masc; score=1.0000'; surface_mt_never_sole_pass=PASS	трейлер
MANUAL_EMERGENCY_WORK_20260820_FIRST_PASS_V7_round04	ox5000-9ada24c1b2e76e84a42f	trait	noun	B2	https://www.oxfordlearnersdictionaries.com/us/definition/english/trait	MANUAL_EMERGENCY_WORK V7 exact Oxford identity; source_index=5484; definition_path=/us/definition/english/trait; exact_definition='a particular quality in your personality'; selected_candidate_method=en_wiktionary_sense_bound_uk_translation; sense_source='English Wiktionary'; sense_gloss='an identifying characteristic, habit or trend'; gloss_definition_similarity=0.549; morphology='V6 pymorphy3 uk canonical lemma PASS after Unicode/stress normalization; tag=NOUN,inan femn,nomn; score=1.0000'; surface_mt_never_sole_pass=PASS	риса
MANUAL_EMERGENCY_WORK_20260820_FIRST_PASS_V7_round04	ox5000-33958a180c21e9c2392f	transaction	noun	C1	https://www.oxfordlearnersdictionaries.com/us/definition/english/transaction	MANUAL_EMERGENCY_WORK V7 exact Oxford identity; source_index=5485; definition_path=/us/definition/english/transaction; exact_definition='a piece of business that is done between people, especially an act of buying or selling'; selected_candidate_method=en_wiktionary_sense_bound_uk_translation; sense_source='English Wiktionary'; sense_gloss='deal or business agreement'; gloss_definition_similarity=0.522; morphology='V6 pymorphy3 uk canonical lemma PASS after Unicode/stress normalization; tag=NOUN,inan femn,nomn; score=1.0000'; surface_mt_never_sole_pass=PASS	угода
MANUAL_EMERGENCY_WORK_20260820_FIRST_PASS_V7_round04	ox5000-cb988ddc79bd599be3e4	transcript	noun	C1	https://www.oxfordlearnersdictionaries.com/us/definition/english/transcript	MANUAL_EMERGENCY_WORK V7 exact Oxford identity; source_index=5486; definition_path=/us/definition/english/transcript; exact_definition='a written or printed copy of words that have been spoken'; selected_candidate_method=Helsinki-NLP/opus-mt-en-uk_surface_candidate; sense_source=''; sense_gloss=''; gloss_definition_similarity=1.000; morphology='V6 pymorphy3 uk canonical lemma PASS after Unicode/stress normalization; tag=NOUN,inan masc,nomn; score=1.0000'; surface_mt_never_sole_pass=PASS	трансферт
MANUAL_EMERGENCY_WORK_20260820_FIRST_PASS_V7_round04	ox5000-da0eaeba3b2a9298e5a8	transformation	noun	C1	https://www.oxfordlearnersdictionaries.com/us/definition/english/transformation	MANUAL_EMERGENCY_WORK V7 exact Oxford identity; source_index=5490; definition_path=/us/definition/english/transformation; exact_definition='a complete change in somebody/something'; selected_candidate_method=en_wiktionary_sense_bound_uk_translation; sense_source='English Wiktionary'; sense_gloss='act of transforming'; gloss_definition_similarity=0.590; morphology='V6 pymorphy3 uk canonical lemma PASS after Unicode/stress normalization; tag=NOUN,inan neut,nomn; score=1.0000'; surface_mt_never_sole_pass=PASS	перетворення
MANUAL_EMERGENCY_WORK_20260820_FIRST_PASS_V7_round04	ox5000-4b88d3cffcad8bc82c9d	transit	noun	C1	https://www.oxfordlearnersdictionaries.com/us/definition/english/transit_1	MANUAL_EMERGENCY_WORK V7 exact Oxford identity; source_index=5491; definition_path=/us/definition/english/transit_1; exact_definition='the process of being moved or carried from one place to another'; selected_candidate_method=en_wiktionary_sense_bound_uk_translation; sense_source='English Wiktionary'; sense_gloss='act of passing over, across, or through something'; gloss_definition_similarity=0.673; morphology='V6 pymorphy3 uk canonical lemma PASS after Unicode/stress normalization; tag=NOUN,inan masc,nomn; score=1.0000'; surface_mt_never_sole_pass=PASS	перехід
MANUAL_EMERGENCY_WORK_20260820_FIRST_PASS_V7_round04	ox5000-2d305ec23cbf7b219f80	transmission	noun	C1	https://www.oxfordlearnersdictionaries.com/us/definition/english/transmission	MANUAL_EMERGENCY_WORK V7 exact Oxford identity; source_index=5495; definition_path=/us/definition/english/transmission; exact_definition='the act or process of passing something from one person, place or thing to another'; selected_candidate_method=Helsinki-NLP/opus-mt-en-uk_surface_candidate; sense_source=''; sense_gloss=''; gloss_definition_similarity=1.000; morphology='V6 pymorphy3 uk canonical lemma PASS after Unicode/stress normalization; tag=NOUN,inan femn,nomn; score=1.0000'; surface_mt_never_sole_pass=PASS	трансляція
MANUAL_EMERGENCY_WORK_20260820_FIRST_PASS_V7_round04	ox5000-f064dd91c4aa81d7c3ee	transmit	verb	B2	https://www.oxfordlearnersdictionaries.com/us/definition/english/transmit	MANUAL_EMERGENCY_WORK V7 exact Oxford identity; source_index=5496; definition_path=/us/definition/english/transmit; exact_definition='to send an electronic signal, radio or television broadcast, etc.'; selected_candidate_method=Helsinki-NLP/opus-mt-en-uk_surface_candidate; sense_source=''; sense_gloss=''; gloss_definition_similarity=1.000; morphology='V6 pymorphy3 uk canonical lemma PASS after Unicode/stress normalization; tag=VERB,perf infn; score=1.0000'; surface_mt_never_sole_pass=PASS	передати
MANUAL_EMERGENCY_WORK_20260820_FIRST_PASS_V7_round04	ox5000-9c611a0fde284f713dce	transparency	noun	C1	https://www.oxfordlearnersdictionaries.com/us/definition/english/transparency	MANUAL_EMERGENCY_WORK V7 exact Oxford identity; source_index=5497; definition_path=/us/definition/english/transparency; exact_definition='the quality of something, such as a situation or an argument, that makes it easy to understand'; selected_candidate_method=en_wiktionary_sense_bound_uk_translation; sense_source='English Wiktionary'; sense_gloss='quality of being transparent; transparence'; gloss_definition_similarity=0.349; morphology='V6 pymorphy3 uk canonical lemma PASS after Unicode/stress normalization; tag=NOUN,femn,inan nomn; score=1.0000'; surface_mt_never_sole_pass=PASS	прозорість
MANUAL_EMERGENCY_WORK_20260820_FIRST_PASS_V7_round04	ox5000-1259e134246bea0b9a1e	transparent	adjective	C1	https://www.oxfordlearnersdictionaries.com/us/definition/english/transparent	MANUAL_EMERGENCY_WORK V7 exact Oxford identity; source_index=5498; definition_path=/us/definition/english/transparent; exact_definition='allowing you to see through it'; selected_candidate_method=en_wiktionary_sense_bound_uk_translation; sense_source='English Wiktionary'; sense_gloss='see-through, clear'; gloss_definition_similarity=0.727; morphology='V6 pymorphy3 uk canonical lemma PASS after Unicode/stress normalization; tag=ADJF,compb masc,nomn; score=1.0000'; surface_mt_never_sole_pass=PASS	прозорий
MANUAL_EMERGENCY_WORK_20260820_FIRST_PASS_V7_round04	ox5000-d8d8f389f6b761ee2bf6	transportation	noun	B2	https://www.oxfordlearnersdictionaries.com/us/definition/english/transportation	MANUAL_EMERGENCY_WORK V7 exact Oxford identity; source_index=5501; definition_path=/us/definition/english/transportation; exact_definition='a system for carrying people or goods from one place to another using vehicles, roads, etc.'; selected_candidate_method=en_wiktionary_sense_bound_uk_translation; sense_source='English Wiktionary'; sense_gloss='means of conveyance'; gloss_definition_similarity=0.424; morphology='V6 pymorphy3 uk canonical lemma PASS after Unicode/stress normalization; tag=NOUN,inan masc; score=1.0000'; surface_mt_never_sole_pass=PASS	транспорт
MANUAL_EMERGENCY_WORK_20260820_FIRST_PASS_V7_round04	ox5000-e9aebc4072b2c4955b95	trap	noun	B2	https://www.oxfordlearnersdictionaries.com/us/definition/english/trap_1	MANUAL_EMERGENCY_WORK V7 exact Oxford identity; source_index=5502; definition_path=/us/definition/english/trap_1; exact_definition='a piece of equipment for catching animals'; selected_candidate_method=en_wiktionary_sense_bound_uk_translation; sense_source='English Wiktionary'; sense_gloss='device designed to catch or kill animals'; gloss_definition_similarity=0.797; morphology='V6 pymorphy3 uk canonical lemma PASS after Unicode/stress normalization; tag=NOUN,inan femn,nomn; score=1.0000'; surface_mt_never_sole_pass=PASS	пастка
MANUAL_EMERGENCY_WORK_20260820_FIRST_PASS_V7_round04	ox5000-753d9d8240ce68a8b47d	trap	verb	B2	https://www.oxfordlearnersdictionaries.com/us/definition/english/trap_2	"MANUAL_EMERGENCY_WORK V7 exact Oxford identity; source_index=5503; definition_path=/us/definition/english/trap_2; exact_definition='to put somebody in a dangerous place that they cannot get out of'; selected_candidate_method=Helsinki-NLP/opus-mt-en-uk_surface_candidate; sense_source=''; sense_gloss=''; gloss_definition_similarity=1.000; morphology=""V6 pymorphy3 uk has no requested-POS parse for 'пастка'""; surface_mt_never_sole_pass=PASS"	пастка
MANUAL_EMERGENCY_WORK_20260820_FIRST_PASS_V7_round04	ox5000-dcddf2c3d5af4ca55dbf	trauma	noun	C1	https://www.oxfordlearnersdictionaries.com/us/definition/english/trauma	MANUAL_EMERGENCY_WORK V7 exact Oxford identity; source_index=5504; definition_path=/us/definition/english/trauma; exact_definition='a mental condition caused by severe shock, stress or fear, especially when the harmful effects last for a long time'; selected_candidate_method=en_wiktionary_sense_bound_uk_translation; sense_source='English Wiktionary'; sense_gloss='emotional wound'; gloss_definition_similarity=0.446; morphology='V6 pymorphy3 uk canonical lemma PASS after Unicode/stress normalization; tag=NOUN,inan femn,nomn; score=1.0000'; surface_mt_never_sole_pass=PASS	травма
MANUAL_EMERGENCY_WORK_20260820_FIRST_PASS_V7_round04	ox5000-31ae2f33f40ae3c9992c	treasure	noun	B2	https://www.oxfordlearnersdictionaries.com/us/definition/english/treasure_1	MANUAL_EMERGENCY_WORK V7 exact Oxford identity; source_index=5508; definition_path=/us/definition/english/treasure_1; exact_definition='a collection of valuable things such as gold, silver and jewellery'; selected_candidate_method=en_wiktionary_sense_bound_uk_translation; sense_source='English Wiktionary'; sense_gloss='collection of valuable things'; gloss_definition_similarity=0.807; morphology='V6 pymorphy3 uk canonical lemma PASS after Unicode/stress normalization; tag=NOUN,inan masc,nomn; score=1.0000'; surface_mt_never_sole_pass=PASS	скарб
MANUAL_EMERGENCY_WORK_20260820_FIRST_PASS_V7_round04	ox5000-e3e9d21582b8898e7c77	treaty	noun	C1	https://www.oxfordlearnersdictionaries.com/us/definition/english/treaty	MANUAL_EMERGENCY_WORK V7 exact Oxford identity; source_index=5511; definition_path=/us/definition/english/treaty; exact_definition='a formal agreement between two or more countries'; selected_candidate_method=en_wiktionary_sense_bound_uk_translation; sense_source='English Wiktionary'; sense_gloss='formal binding agreement concluded by subjects of international law'; gloss_definition_similarity=0.780; morphology='V6 pymorphy3 uk canonical lemma PASS after Unicode/stress normalization; tag=NOUN,inan masc,nomn; score=1.0000'; surface_mt_never_sole_pass=PASS	договір
MANUAL_EMERGENCY_WORK_20260820_FIRST_PASS_V7_round04	ox5000-ba5c96ee38f220c30435	tremendous	adjective	C1	https://www.oxfordlearnersdictionaries.com/us/definition/english/tremendous	MANUAL_EMERGENCY_WORK V7 exact Oxford identity; source_index=5513; definition_path=/us/definition/english/tremendous; exact_definition='very great'; selected_candidate_method=Helsinki-NLP/opus-mt-en-uk_surface_candidate; sense_source=''; sense_gloss=''; gloss_definition_similarity=1.000; morphology='V6 pymorphy3 uk canonical lemma PASS after Unicode/stress normalization; tag=ADJF masc,nomn; score=1.0000'; surface_mt_never_sole_pass=PASS	величезний
MANUAL_EMERGENCY_WORK_20260820_FIRST_PASS_V7_round04	ox5000-e78ef76ea1e0cf2914d2	tribal	adjective	C1	https://www.oxfordlearnersdictionaries.com/us/definition/english/tribal_1	MANUAL_EMERGENCY_WORK V7 exact Oxford identity; source_index=5516; definition_path=/us/definition/english/tribal_1; exact_definition='connected with a tribe or tribes'; selected_candidate_method=en_wiktionary_sense_bound_uk_translation; sense_source='English Wiktionary'; sense_gloss='of or relating to tribes'; gloss_definition_similarity=0.837; morphology='V6 pymorphy3 uk canonical lemma PASS after Unicode/stress normalization; tag=ADJF masc,nomn; score=1.0000'; surface_mt_never_sole_pass=PASS	племінний
MANUAL_EMERGENCY_WORK_20260820_FIRST_PASS_V7_round04	ox5000-8f9f9f9e959b1fc183ea	tribe	noun	B2	https://www.oxfordlearnersdictionaries.com/us/definition/english/tribe	MANUAL_EMERGENCY_WORK V7 exact Oxford identity; source_index=5517; definition_path=/us/definition/english/tribe; exact_definition='a social group in a traditional society consisting of people with the same language, culture, religion, etc., living in a particular area and often having one leader known as a chief'; selected_candidate_method=en_wiktionary_sense_bound_uk_translation; sense_source='English Wiktionary'; sense_gloss='group of people'; gloss_definition_similarity=0.448; morphology='V6 pymorphy3 uk canonical lemma PASS after Unicode/stress normalization; tag=NOUN,inan neut,nomn; score=1.0000'; surface_mt_never_sole_pass=PASS	плем'я
MANUAL_EMERGENCY_WORK_20260820_FIRST_PASS_V7_round04	ox5000-4f47419fcb1747bded2a	tribunal	noun	C1	https://www.oxfordlearnersdictionaries.com/us/definition/english/tribunal	MANUAL_EMERGENCY_WORK V7 exact Oxford identity; source_index=5518; definition_path=/us/definition/english/tribunal; exact_definition='a type of court with the authority to deal with a particular problem or disagreement'; selected_candidate_method=en_wiktionary_sense_bound_uk_translation; sense_source='English Wiktionary'; sense_gloss='assembly including one or more judges to conduct judicial business'; gloss_definition_similarity=0.644; morphology='V6 pymorphy3 uk canonical lemma PASS after Unicode/stress normalization; tag=NOUN,inan masc,nomn; score=1.0000'; surface_mt_never_sole_pass=PASS	трибунал
MANUAL_EMERGENCY_WORK_20260820_FIRST_PASS_V7_round04	ox5000-3f2080ac50b135059225	tribute	noun	C1	https://www.oxfordlearnersdictionaries.com/us/definition/english/tribute	MANUAL_EMERGENCY_WORK V7 exact Oxford identity; source_index=5519; definition_path=/us/definition/english/tribute; exact_definition='an act, a statement or a gift that is intended to show your love or respect, especially for a dead person'; selected_candidate_method=en_wiktionary_sense_bound_uk_translation; sense_source='English Wiktionary'; sense_gloss='acknowledgment of gratitude, respect or admiration; an accompanying gift'; gloss_definition_similarity=0.505; morphology='V6 pymorphy3 uk canonical lemma PASS after Unicode/stress normalization; tag=NOUN,inan femn,nomn; score=1.0000'; surface_mt_never_sole_pass=PASS	данина
MANUAL_EMERGENCY_WORK_20260820_FIRST_PASS_V7_round04	ox5000-f690888a2be766e69ec3	trigger	noun	C1	https://www.oxfordlearnersdictionaries.com/us/definition/english/trigger_2	MANUAL_EMERGENCY_WORK V7 exact Oxford identity; source_index=5522; definition_path=/us/definition/english/trigger_2; exact_definition='the part of a gun that you press in order to fire it'; selected_candidate_method=en_wiktionary_sense_bound_uk_translation; sense_source='English Wiktionary'; sense_gloss='finger-operated lever used to fire a gun'; gloss_definition_similarity=0.752; morphology='V6 genuine multiword lexical phrase; Unicode-normalized V4 lexical/POS form accepted'; surface_mt_never_sole_pass=PASS	спусковий гачок
MANUAL_EMERGENCY_WORK_20260820_FIRST_PASS_V7_round04	ox5000-8a322f6cdbb221721285	trigger	verb	B2	https://www.oxfordlearnersdictionaries.com/us/definition/english/trigger_1	MANUAL_EMERGENCY_WORK V7 exact Oxford identity; source_index=5523; definition_path=/us/definition/english/trigger_1; exact_definition='to make something happen suddenly'; selected_candidate_method=Helsinki-NLP/opus-mt-en-uk_surface_candidate; sense_source=''; sense_gloss=''; gloss_definition_similarity=1.000; morphology='V6 no Ukrainian lexical token after Unicode/stress normalization'; surface_mt_never_sole_pass=PASS	trigger
MANUAL_EMERGENCY_WORK_20260820_FIRST_PASS_V7_round04	ox5000-a65a2ff14d99ea1e9c57	trillion	number	B2	https://www.oxfordlearnersdictionaries.com/us/definition/english/trillion	"MANUAL_EMERGENCY_WORK V7 exact Oxford identity; source_index=5524; definition_path=/us/definition/english/trillion; exact_definition='1\u2009000\u2009000\u2009000\u2009000; one million million'; selected_candidate_method=en_wiktionary_sense_bound_uk_translation; sense_source='English Wiktionary'; sense_gloss='a million million, 10 12 |billion|id=10^12'; gloss_definition_similarity=0.750; morphology=""V6 pymorphy3 uk has no requested-POS parse for 'трильйон'""; surface_mt_never_sole_pass=PASS"	трильйон
MANUAL_EMERGENCY_WORK_20260820_FIRST_PASS_V7_round04	ox5000-1e0f1f9883740273fd03	trio	noun	C1	https://www.oxfordlearnersdictionaries.com/us/definition/english/trio	MANUAL_EMERGENCY_WORK V7 exact Oxford identity; source_index=5525; definition_path=/us/definition/english/trio; exact_definition='a group of three people or things'; selected_candidate_method=Helsinki-NLP/opus-mt-en-uk_surface_candidate; sense_source=''; sense_gloss=''; gloss_definition_similarity=1.000; morphology='V6 pymorphy3 uk canonical lemma PASS after Unicode/stress normalization; tag=NOUN,Fixd,inan neut,nomn; score=1.0000'; surface_mt_never_sole_pass=PASS	тріо
MANUAL_EMERGENCY_WORK_20260820_FIRST_PASS_V7_round04	ox5000-436d3c02b7b6f2193c9a	triumph	noun	C1	https://www.oxfordlearnersdictionaries.com/us/definition/english/triumph_1	MANUAL_EMERGENCY_WORK V7 exact Oxford identity; source_index=5528; definition_path=/us/definition/english/triumph_1; exact_definition='a great success, achievement or victory'; selected_candidate_method=Helsinki-NLP/opus-mt-en-uk_surface_candidate; sense_source=''; sense_gloss=''; gloss_definition_similarity=1.000; morphology='V6 pymorphy3 uk canonical lemma PASS after Unicode/stress normalization; tag=NOUN,inan masc,nomn; score=1.0000'; surface_mt_never_sole_pass=PASS	тріумф
MANUAL_EMERGENCY_WORK_20260820_FIRST_PASS_V7_round04	ox5000-754bf5b535795ee81c6c	troop	noun	B2	https://www.oxfordlearnersdictionaries.com/us/definition/english/troop_2	MANUAL_EMERGENCY_WORK V7 exact Oxford identity; source_index=5529; definition_path=/us/definition/english/troop_2; exact_definition='soldiers, especially in large groups'; selected_candidate_method=en_wiktionary_sense_bound_uk_translation; sense_source='English Wiktionary'; sense_gloss='military forces'; gloss_definition_similarity=0.745; morphology='V6 pymorphy3 uk canonical lemma PASS after Unicode/stress normalization; tag=NOUN,inan neut,nomn; score=1.0000'; surface_mt_never_sole_pass=PASS	військо
MANUAL_EMERGENCY_WORK_20260820_FIRST_PASS_V7_round04	ox5000-ff9efa27d739a9feea65	trophy	noun	C1	https://www.oxfordlearnersdictionaries.com/us/definition/english/trophy_1	MANUAL_EMERGENCY_WORK V7 exact Oxford identity; source_index=5530; definition_path=/us/definition/english/trophy_1; exact_definition='an object such as a silver cup that is given as a prize for winning a competition'; selected_candidate_method=en_wiktionary_sense_bound_uk_translation; sense_source='English Wiktionary'; sense_gloss='object rewarding success'; gloss_definition_similarity=0.507; morphology='V6 pymorphy3 uk canonical lemma PASS after Unicode/stress normalization; tag=NOUN,inan masc,nomn; score=1.0000'; surface_mt_never_sole_pass=PASS	трофей
MANUAL_EMERGENCY_WORK_20260820_FIRST_PASS_V7_round04	ox5000-f3b4954e52dd15e340f3	troubled	adjective	C1	https://www.oxfordlearnersdictionaries.com/us/definition/english/troubled	"MANUAL_EMERGENCY_WORK V7 exact Oxford identity; source_index=5534; definition_path=/us/definition/english/troubled; exact_definition='worried and anxious'; selected_candidate_method=Helsinki-NLP/opus-mt-en-uk_surface_candidate; sense_source=''; sense_gloss=''; gloss_definition_similarity=1.000; morphology=""V6 pymorphy3 uk has no requested-POS parse for 'тривожно'""; surface_mt_never_sole_pass=PASS"	тривожно
MANUAL_EMERGENCY_WORK_20260820_FIRST_PASS_V7_round04	ox5000-a5a78ed8b6c48cbea038	trustee	noun	C1	https://www.oxfordlearnersdictionaries.com/us/definition/english/trustee	MANUAL_EMERGENCY_WORK V7 exact Oxford identity; source_index=5541; definition_path=/us/definition/english/trustee; exact_definition='a person or an organization that has control of money or property that has been put into a trust for somebody'; selected_candidate_method=Helsinki-NLP/opus-mt-en-uk_surface_candidate; sense_source=''; sense_gloss=''; gloss_definition_similarity=1.000; morphology='V6 pymorphy3 uk canonical lemma PASS after Unicode/stress normalization; tag=NOUN,inan femn,nomn; score=1.0000'; surface_mt_never_sole_pass=PASS	трапеза
MANUAL_EMERGENCY_WORK_20260820_FIRST_PASS_V7_round04	ox5000-dfc95a3f0a8deaf00e0c	tuition	noun	C1	https://www.oxfordlearnersdictionaries.com/us/definition/english/tuition	MANUAL_EMERGENCY_WORK V7 exact Oxford identity; source_index=5548; definition_path=/us/definition/english/tuition; exact_definition='the act of teaching something, especially to one person or to people in small groups'; selected_candidate_method=Helsinki-NLP/opus-mt-en-uk_surface_candidate; sense_source=''; sense_gloss=''; gloss_definition_similarity=1.000; morphology='V6 pymorphy3 uk canonical lemma PASS after Unicode/stress normalization; tag=NOUN,inan neut,nomn; score=1.0000'; surface_mt_never_sole_pass=PASS	навчання
MANUAL_EMERGENCY_WORK_20260820_FIRST_PASS_V7_round04	ox5000-3b0b580582d680bcb24e	turnout	noun	C1	https://www.oxfordlearnersdictionaries.com/us/definition/english/turnout	MANUAL_EMERGENCY_WORK V7 exact Oxford identity; source_index=5553; definition_path=/us/definition/english/turnout; exact_definition='the number of people who attend a particular event'; selected_candidate_method=en_wiktionary_sense_bound_uk_translation; sense_source='English Wiktionary'; sense_gloss='number of people who attend or participate in an event'; gloss_definition_similarity=0.942; morphology='V6 pymorphy3 uk canonical lemma PASS after Unicode/stress normalization; tag=NOUN,inan femn,nomn; score=1.0000'; surface_mt_never_sole_pass=PASS	явка
MANUAL_EMERGENCY_WORK_20260820_FIRST_PASS_V7_round04	ox5000-41ab3d9468b22c0ac1e8	turnover	noun	C1	https://www.oxfordlearnersdictionaries.com/us/definition/english/turnover	MANUAL_EMERGENCY_WORK V7 exact Oxford identity; source_index=5554; definition_path=/us/definition/english/turnover; exact_definition='the total amount of goods or services sold by a company during a particular period of time'; selected_candidate_method=en_wiktionary_sense_bound_uk_translation; sense_source='English Wiktionary'; sense_gloss='sales transacted'; gloss_definition_similarity=0.606; morphology='V6 pymorphy3 uk canonical lemma PASS after Unicode/stress normalization; tag=NOUN,masc,inan nomn; score=1.0000'; surface_mt_never_sole_pass=PASS	обіг
MANUAL_EMERGENCY_WORK_20260820_FIRST_PASS_V7_round04	ox5000-d7b56fa49ed8752c0082	twist	noun	C1	https://www.oxfordlearnersdictionaries.com/us/definition/english/twist_2	MANUAL_EMERGENCY_WORK V7 exact Oxford identity; source_index=5561; definition_path=/us/definition/english/twist_2; exact_definition='the action of turning something with your hand, or of turning a part of your body'; selected_candidate_method=Helsinki-NLP/opus-mt-en-uk_surface_candidate; sense_source=''; sense_gloss=''; gloss_definition_similarity=1.000; morphology='V6 pymorphy3 uk canonical lemma PASS after Unicode/stress normalization; tag=NOUN,Surn,masc,anim nomn; score=1.0000'; surface_mt_never_sole_pass=PASS	твіст
MANUAL_EMERGENCY_WORK_20260820_FIRST_PASS_V7_round04	ox5000-8240ce2b0fa801fdd05b	twist	verb	C1	https://www.oxfordlearnersdictionaries.com/us/definition/english/twist_1	MANUAL_EMERGENCY_WORK V7 exact Oxford identity; source_index=5562; definition_path=/us/definition/english/twist_1; exact_definition='to bend or turn something into a particular shape'; selected_candidate_method=en_wiktionary_sense_bound_uk_translation; sense_source='English Wiktionary'; sense_gloss='to turn the ends in opposite directions'; gloss_definition_similarity=0.640; morphology='V6 pymorphy3 uk canonical lemma PASS after Unicode/stress normalization; tag=VERB,impf infn; score=1.0000'; surface_mt_never_sole_pass=PASS	кривити
MANUAL_EMERGENCY_WORK_20260820_FIRST_PASS_V7_round04	ox5000-0fe97df4cbc24e26a41e	ultimate	adjective	B2	https://www.oxfordlearnersdictionaries.com/us/definition/english/ultimate_1	MANUAL_EMERGENCY_WORK V7 exact Oxford identity; source_index=5570; definition_path=/us/definition/english/ultimate_1; exact_definition='happening at the end of a long process'; selected_candidate_method=en_wiktionary_sense_bound_uk_translation; sense_source='English Wiktionary'; sense_gloss='eventual'; gloss_definition_similarity=0.458; morphology='V6 pymorphy3 uk canonical lemma PASS after Unicode/stress normalization; tag=ADJF masc,nomn; score=1.0000'; surface_mt_never_sole_pass=PASS	остаточний
MANUAL_EMERGENCY_WORK_20260820_FIRST_PASS_V7_round04	ox5000-ca6bb00374122035b654	unacceptable	adjective	B2	https://www.oxfordlearnersdictionaries.com/us/definition/english/unacceptable	MANUAL_EMERGENCY_WORK V7 exact Oxford identity; source_index=5574; definition_path=/us/definition/english/unacceptable; exact_definition='so bad that you think it should not be allowed'; selected_candidate_method=en_wiktionary_sense_bound_uk_translation; sense_source='English Wiktionary'; sense_gloss='unsatisfactory; not acceptable'; gloss_definition_similarity=0.385; morphology='V6 pymorphy3 uk canonical lemma PASS after Unicode/stress normalization; tag=ADJF,compb masc,nomn; score=1.0000'; surface_mt_never_sole_pass=PASS	неприйнятний
MANUAL_EMERGENCY_WORK_20260820_FIRST_PASS_V7_round04	ox5000-7872cc2ff1d802a34afb	uncertainty	noun	B2	https://www.oxfordlearnersdictionaries.com/us/definition/english/uncertainty	MANUAL_EMERGENCY_WORK V7 exact Oxford identity; source_index=5575; definition_path=/us/definition/english/uncertainty; exact_definition='the state of being uncertain'; selected_candidate_method=en_wiktionary_sense_bound_uk_translation; sense_source='English Wiktionary'; sense_gloss='doubt; the condition of being uncertain'; gloss_definition_similarity=0.899; morphology='V6 pymorphy3 uk canonical lemma PASS after Unicode/stress normalization; tag=NOUN,femn,inan nomn; score=1.0000'; surface_mt_never_sole_pass=PASS	невпевненість
MANUAL_EMERGENCY_WORK_20260820_FIRST_PASS_V7_round04	ox5000-05fda40c6a6fd499174b	undergo	verb	B2	https://www.oxfordlearnersdictionaries.com/us/definition/english/undergo	MANUAL_EMERGENCY_WORK V7 exact Oxford identity; source_index=5581; definition_path=/us/definition/english/undergo; exact_definition='to experience something, especially a change or something unpleasant'; selected_candidate_method=Helsinki-NLP/opus-mt-en-uk_surface_candidate; sense_source=''; sense_gloss=''; gloss_definition_similarity=1.000; morphology='V6 no Ukrainian lexical token after Unicode/stress normalization'; surface_mt_never_sole_pass=PASS	process
MANUAL_EMERGENCY_WORK_20260820_FIRST_PASS_V7_round04	ox5000-eb49f89e6eed3c18fab5	undergraduate	noun	C1	https://www.oxfordlearnersdictionaries.com/us/definition/english/undergraduate	MANUAL_EMERGENCY_WORK V7 exact Oxford identity; source_index=5582; definition_path=/us/definition/english/undergraduate; exact_definition='a university or college student who is studying for their first degree'; selected_candidate_method=Helsinki-NLP/opus-mt-en-uk_surface_candidate; sense_source=''; sense_gloss=''; gloss_definition_similarity=1.000; morphology='V6 pymorphy3 uk canonical lemma PASS after Unicode/stress normalization; tag=NOUN,anim masc,nomn; score=1.0000'; surface_mt_never_sole_pass=PASS	студент
MANUAL_EMERGENCY_WORK_20260820_FIRST_PASS_V7_round04	ox5000-23bff02510376b6c99d7	underlying	adjective	C1	https://www.oxfordlearnersdictionaries.com/us/definition/english/underlying	MANUAL_EMERGENCY_WORK V7 exact Oxford identity; source_index=5585; definition_path=/us/definition/english/underlying; exact_definition='important in a situation but not always easily noticed or stated clearly'; selected_candidate_method=Helsinki-NLP/opus-mt-en-uk_surface_candidate; sense_source=''; sense_gloss=''; gloss_definition_similarity=1.000; morphology='adjective candidate has no plausible Ukrainian adjective morphology'; surface_mt_never_sole_pass=PASS	в основі
MANUAL_EMERGENCY_WORK_20260820_FIRST_PASS_V7_round04	ox5000-51a085e259ff4699152f	undermine	verb	C1	https://www.oxfordlearnersdictionaries.com/us/definition/english/undermine	MANUAL_EMERGENCY_WORK V7 exact Oxford identity; source_index=5586; definition_path=/us/definition/english/undermine; exact_definition='to make something, especially somebody’s confidence or authority, gradually weaker or less effective'; selected_candidate_method=en_wiktionary_sense_bound_uk_translation; sense_source='English Wiktionary'; sense_gloss='hinder, sabotage'; gloss_definition_similarity=0.504; morphology='V6 pymorphy3 uk canonical lemma PASS after Unicode/stress normalization; tag=VERB,impf infn; score=1.0000'; surface_mt_never_sole_pass=PASS	підривати
MANUAL_EMERGENCY_WORK_20260820_FIRST_PASS_V7_round04	ox5000-ee46540b05341ccdb424	undertake	verb	B2	https://www.oxfordlearnersdictionaries.com/us/definition/english/undertake	MANUAL_EMERGENCY_WORK V7 exact Oxford identity; source_index=5589; definition_path=/us/definition/english/undertake; exact_definition='to make yourself responsible for something and start doing it'; selected_candidate_method=en_wiktionary_sense_bound_uk_translation; sense_source='English Wiktionary'; sense_gloss='to commit oneself to an obligation'; gloss_definition_similarity=0.608; morphology='V6 pymorphy3 uk canonical lemma PASS after Unicode/stress normalization; tag=VERB,Refl,impf infn; score=1.0000'; surface_mt_never_sole_pass=PASS	ручатися
MANUAL_EMERGENCY_WORK_20260820_FIRST_PASS_V7_round04	ox5000-bcd6058b3b378fadeb46	undoubtedly	adverb	C1	https://www.oxfordlearnersdictionaries.com/us/definition/english/undoubtedly	MANUAL_EMERGENCY_WORK V7 exact Oxford identity; source_index=5591; definition_path=/us/definition/english/undoubtedly; exact_definition='used to emphasize that something exists or is definitely true'; selected_candidate_method=Helsinki-NLP/opus-mt-en-uk_surface_candidate; sense_source=''; sense_gloss=''; gloss_definition_similarity=1.000; morphology='V6 pymorphy3 uk canonical lemma PASS after Unicode/stress normalization; tag=ADVB; score=1.0000'; surface_mt_never_sole_pass=PASS	безсумнівно
MANUAL_EMERGENCY_WORK_20260820_FIRST_PASS_V7_round04	ox5000-b4aced670657eb3906ef	unfold	verb	B2	https://www.oxfordlearnersdictionaries.com/us/definition/english/unfold	MANUAL_EMERGENCY_WORK V7 exact Oxford identity; source_index=5596; definition_path=/us/definition/english/unfold; exact_definition='to spread open or flat something that has previously been folded; to become open and flat'; selected_candidate_method=en_wiktionary_sense_bound_uk_translation; sense_source='English Wiktionary'; sense_gloss='To become unfolded'; gloss_definition_similarity=0.455; morphology='V6 pymorphy3 uk canonical lemma PASS after Unicode/stress normalization; tag=VERB,Refl,perf infn; score=1.0000'; surface_mt_never_sole_pass=PASS	розгорнутися
MANUAL_EMERGENCY_WORK_20260820_FIRST_PASS_V7_round04	ox5000-b704a7b67453b3bfa6ef	unfortunate	adjective	B2	https://www.oxfordlearnersdictionaries.com/us/definition/english/unfortunate_1	"MANUAL_EMERGENCY_WORK V7 exact Oxford identity; source_index=5597; definition_path=/us/definition/english/unfortunate_1; exact_definition='having bad luck; caused by bad luck'; selected_candidate_method=Helsinki-NLP/opus-mt-en-uk_surface_candidate; sense_source=''; sense_gloss=''; gloss_definition_similarity=1.000; morphology=""V6 pymorphy3 uk has no requested-POS parse for 'Невдаха'""; surface_mt_never_sole_pass=PASS"	Невдаха
MANUAL_EMERGENCY_WORK_20260820_FIRST_PASS_V7_round04	ox5000-98c27296b81648365f0f	unify	verb	C1	https://www.oxfordlearnersdictionaries.com/us/definition/english/unify	MANUAL_EMERGENCY_WORK V7 exact Oxford identity; source_index=5601; definition_path=/us/definition/english/unify; exact_definition='to join people, things, parts of a country, etc. together so that they form a single unit'; selected_candidate_method=Helsinki-NLP/opus-mt-en-uk_surface_candidate; sense_source=''; sense_gloss=''; gloss_definition_similarity=1.000; morphology='verb candidate is not an appropriate Ukrainian infinitive/verb phrase'; surface_mt_never_sole_pass=PASS	Об' єднати
MANUAL_EMERGENCY_WORK_20260820_FIRST_PASS_V7_round04	ox5000-1bd133aa12f2ec343c3d	unite	verb	B2	https://www.oxfordlearnersdictionaries.com/us/definition/english/unite_1	MANUAL_EMERGENCY_WORK V7 exact Oxford identity; source_index=5605; definition_path=/us/definition/english/unite_1; exact_definition='to join together with other people in order to do something as a group'; selected_candidate_method=Helsinki-NLP/opus-mt-en-uk_surface_candidate; sense_source=''; sense_gloss=''; gloss_definition_similarity=1.000; morphology='verb candidate is not an appropriate Ukrainian infinitive/verb phrase'; surface_mt_never_sole_pass=PASS	об' єднати
MANUAL_EMERGENCY_WORK_20260820_FIRST_PASS_V7_round04	ox5000-a103d57f9e4d2fd03225	unity	noun	B2	https://www.oxfordlearnersdictionaries.com/us/definition/english/unity	MANUAL_EMERGENCY_WORK V7 exact Oxford identity; source_index=5607; definition_path=/us/definition/english/unity; exact_definition='the state of being in agreement and working together; the state of being joined together to form one unit'; selected_candidate_method=en_wiktionary_sense_bound_uk_translation; sense_source='English Wiktionary'; sense_gloss='state of being one or undivided'; gloss_definition_similarity=0.571; morphology='V6 pymorphy3 uk canonical lemma PASS after Unicode/stress normalization; tag=NOUN,femn,inan nomn; score=1.0000'; surface_mt_never_sole_pass=PASS	згуртованість
MANUAL_EMERGENCY_WORK_20260820_FIRST_PASS_V7_round04	ox5000-00df3e607e9d82617ce7	universal	adjective	B2	https://www.oxfordlearnersdictionaries.com/us/definition/english/universal	MANUAL_EMERGENCY_WORK V7 exact Oxford identity; source_index=5608; definition_path=/us/definition/english/universal; exact_definition='done by or involving all the people in the world or in a particular group'; selected_candidate_method=en_wiktionary_sense_bound_uk_translation; sense_source='English Wiktionary'; sense_gloss='useful for many purposes'; gloss_definition_similarity=0.269; morphology='V6 pymorphy3 uk canonical lemma PASS after Unicode/stress normalization; tag=ADJF,compb masc,nomn; score=1.0000'; surface_mt_never_sole_pass=PASS	універсальний
MANUAL_EMERGENCY_WORK_20260820_FIRST_PASS_V7_round04	ox5000-50f08014a135ea159734	unprecedented	adjective	C1	https://www.oxfordlearnersdictionaries.com/us/definition/english/unprecedented	MANUAL_EMERGENCY_WORK V7 exact Oxford identity; source_index=5617; definition_path=/us/definition/english/unprecedented; exact_definition='that has never happened, been done or been known before'; selected_candidate_method=en_wiktionary_sense_bound_uk_translation; sense_source='English Wiktionary'; sense_gloss='never before seen or done, without precedent'; gloss_definition_similarity=0.762; morphology='V6 pymorphy3 uk canonical lemma PASS after Unicode/stress normalization; tag=ADJF,compb masc,nomn; score=1.0000'; surface_mt_never_sole_pass=PASS	безпрецедентний
MANUAL_EMERGENCY_WORK_20260820_FIRST_PASS_V7_round04	ox5000-8e7c0a06f8f57745c0b7	unveil	verb	C1	https://www.oxfordlearnersdictionaries.com/us/definition/english/unveil	MANUAL_EMERGENCY_WORK V7 exact Oxford identity; source_index=5621; definition_path=/us/definition/english/unveil; exact_definition='to remove a cover or curtain from a painting, statue, etc. so that it can be seen in public for the first time'; selected_candidate_method=Helsinki-NLP/opus-mt-en-uk_surface_candidate; sense_source=''; sense_gloss=''; gloss_definition_similarity=1.000; morphology='V6 no Ukrainian lexical token after Unicode/stress normalization'; surface_mt_never_sole_pass=PASS	undo
MANUAL_EMERGENCY_WORK_20260820_FIRST_PASS_V7_round04	ox5000-c8b54b1440d341ab58ef	upcoming	adjective	C1	https://www.oxfordlearnersdictionaries.com/us/definition/english/upcoming	"MANUAL_EMERGENCY_WORK V7 exact Oxford identity; source_index=5624; definition_path=/us/definition/english/upcoming; exact_definition='going to happen soon'; selected_candidate_method=Helsinki-NLP/opus-mt-en-uk_surface_candidate; sense_source=''; sense_gloss=''; gloss_definition_similarity=1.000; morphology=""V6 pymorphy3 uk has no requested-POS parse for 'Наближається'""; surface_mt_never_sole_pass=PASS"	Наближається
MANUAL_EMERGENCY_WORK_20260820_FIRST_PASS_V7_round04	ox5000-4b41eda57504f137ea52	upgrade	noun	C1	https://www.oxfordlearnersdictionaries.com/us/definition/english/upgrade_2	MANUAL_EMERGENCY_WORK V7 exact Oxford identity; source_index=5627; definition_path=/us/definition/english/upgrade_2; exact_definition='the act of making a machine, computer system, etc. more powerful and efficient; the more powerful and efficient machine, computer system, etc.'; selected_candidate_method=Helsinki-NLP/opus-mt-en-uk_surface_candidate; sense_source=''; sense_gloss=''; gloss_definition_similarity=1.000; morphology='V6 pymorphy3 uk canonical lemma PASS after Unicode/stress normalization; tag=NOUN,inan neut,nomn; score=1.0000'; surface_mt_never_sole_pass=PASS	оновлення
MANUAL_EMERGENCY_WORK_20260820_FIRST_PASS_V7_round04	ox5000-3d60b590a346562cd040	upgrade	verb	C1	https://www.oxfordlearnersdictionaries.com/us/definition/english/upgrade_1	"MANUAL_EMERGENCY_WORK V7 exact Oxford identity; source_index=5628; definition_path=/us/definition/english/upgrade_1; exact_definition='to make a machine, computer system, etc. more powerful and efficient; to start using a new and better version of a machine, system, etc.'; selected_candidate_method=Helsinki-NLP/opus-mt-en-uk_surface_candidate; sense_source=''; sense_gloss=''; gloss_definition_similarity=1.000; morphology=""V6 pymorphy3 uk has no requested-POS parse for 'Оновлення'""; surface_mt_never_sole_pass=PASS"	Оновлення
MANUAL_EMERGENCY_WORK_20260820_FIRST_PASS_V7_round04	ox5000-5be5d98a1e3ccf304f5d	uphold	verb	C1	https://www.oxfordlearnersdictionaries.com/us/definition/english/uphold	MANUAL_EMERGENCY_WORK V7 exact Oxford identity; source_index=5629; definition_path=/us/definition/english/uphold; exact_definition='to support something that you think is right and make sure that it continues to exist'; selected_candidate_method=Helsinki-NLP/opus-mt-en-uk_surface_candidate; sense_source=''; sense_gloss=''; gloss_definition_similarity=1.000; morphology='V6 pymorphy3 uk canonical lemma PASS after Unicode/stress normalization; tag=VERB,impf infn; score=1.0000'; surface_mt_never_sole_pass=PASS	підтримувати
MANUAL_EMERGENCY_WORK_20260820_FIRST_PASS_V7_round04	ox5000-357c4c424c06919ba573	urgent	adjective	B2	https://www.oxfordlearnersdictionaries.com/us/definition/english/urgent	MANUAL_EMERGENCY_WORK V7 exact Oxford identity; source_index=5639; definition_path=/us/definition/english/urgent; exact_definition='that needs to be dealt with or happen immediately'; selected_candidate_method=en_wiktionary_sense_bound_uk_translation; sense_source='English Wiktionary'; sense_gloss='requiring immediate attention'; gloss_definition_similarity=0.545; morphology='V6 pymorphy3 uk canonical lemma PASS after Unicode/stress normalization; tag=ADJF masc,nomn; score=1.0000'; surface_mt_never_sole_pass=PASS	негайний
MANUAL_EMERGENCY_WORK_20260820_FIRST_PASS_V7_round04	ox5000-3e59de5e9bc8a2475a44	usage	noun	B2	https://www.oxfordlearnersdictionaries.com/us/definition/english/usage	MANUAL_EMERGENCY_WORK V7 exact Oxford identity; source_index=5641; definition_path=/us/definition/english/usage; exact_definition='the way in which words are used in a language'; selected_candidate_method=en_wiktionary_sense_bound_uk_translation; sense_source='English Wiktionary'; sense_gloss='the way words are spoken or written in a community'; gloss_definition_similarity=0.655; morphology='V6 pymorphy3 uk canonical lemma PASS after Unicode/stress normalization; tag=NOUN,inan masc,nomn; score=1.0000'; surface_mt_never_sole_pass=PASS	слововжиток
MANUAL_EMERGENCY_WORK_20260820_FIRST_PASS_V7_round04	ox5000-84e4202be2d54ae3a880	useless	adjective	B2	https://www.oxfordlearnersdictionaries.com/us/definition/english/useless	MANUAL_EMERGENCY_WORK V7 exact Oxford identity; source_index=5647; definition_path=/us/definition/english/useless; exact_definition='not useful; not doing or achieving what is needed or wanted'; selected_candidate_method=en_wiktionary_sense_bound_uk_translation; sense_source='English Wiktionary'; sense_gloss='without use or possibility to be used'; gloss_definition_similarity=0.489; morphology='V6 pymorphy3 uk canonical lemma PASS after Unicode/stress normalization; tag=ADJF masc,nomn; score=1.0000'; surface_mt_never_sole_pass=PASS	некорисний
MANUAL_EMERGENCY_WORK_20260820_FIRST_PASS_V7_round04	ox5000-48d7737ea24a48e9d6b1	utility	noun	C1	https://www.oxfordlearnersdictionaries.com/us/definition/english/utility_1	MANUAL_EMERGENCY_WORK V7 exact Oxford identity; source_index=5651; definition_path=/us/definition/english/utility_1; exact_definition='a service provided for the public, for example an electricity, water or gas supply'; selected_candidate_method=Helsinki-NLP/opus-mt-en-uk_surface_candidate; sense_source=''; sense_gloss=''; gloss_definition_similarity=1.000; morphology='V6 pymorphy3 uk canonical lemma PASS after Unicode/stress normalization; tag=NOUN,inan masc; score=1.0000'; surface_mt_never_sole_pass=PASS	інструмент
MANUAL_EMERGENCY_WORK_20260820_FIRST_PASS_V7_round04	ox5000-70d2e3907f919877957a	utilize	verb	C1	https://www.oxfordlearnersdictionaries.com/us/definition/english/utilize	MANUAL_EMERGENCY_WORK V7 exact Oxford identity; source_index=5652; definition_path=/us/definition/english/utilize; exact_definition='to use something, especially for a practical purpose'; selected_candidate_method=Helsinki-NLP/opus-mt-en-uk_surface_candidate; sense_source=''; sense_gloss=''; gloss_definition_similarity=1.000; morphology='V6 no Ukrainian lexical token after Unicode/stress normalization'; surface_mt_never_sole_pass=PASS	applications
MANUAL_EMERGENCY_WORK_20260820_FIRST_PASS_V7_round04	ox5000-a5f501c79a3cead3aed5	utterly	adverb	C1	https://www.oxfordlearnersdictionaries.com/us/definition/english/utterly	MANUAL_EMERGENCY_WORK V7 exact Oxford identity; source_index=5653; definition_path=/us/definition/english/utterly; exact_definition='completely'; selected_candidate_method=Helsinki-NLP/opus-mt-en-uk_surface_candidate; sense_source=''; sense_gloss=''; gloss_definition_similarity=1.000; morphology='V6 pymorphy3 uk canonical lemma PASS after Unicode/stress normalization; tag=ADVB; score=1.0000'; surface_mt_never_sole_pass=PASS	повністю
MANUAL_EMERGENCY_WORK_20260820_FIRST_PASS_V7_round04	ox5000-bd2b3c3621e5e5dac378	vacuum	noun	C1	https://www.oxfordlearnersdictionaries.com/us/definition/english/vacuum_1	MANUAL_EMERGENCY_WORK V7 exact Oxford identity; source_index=5655; definition_path=/us/definition/english/vacuum_1; exact_definition='a space that is completely empty of all substances, including all air or other gas'; selected_candidate_method=Helsinki-NLP/opus-mt-en-uk_surface_candidate; sense_source=''; sense_gloss=''; gloss_definition_similarity=1.000; morphology='V6 pymorphy3 uk canonical lemma PASS after Unicode/stress normalization; tag=NOUN,inan masc,nomn; score=1.0000'; surface_mt_never_sole_pass=PASS	вакуум
MANUAL_EMERGENCY_WORK_20260820_FIRST_PASS_V7_round04	ox5000-ff91b36a2919e9f4b7c0	vague	adjective	C1	https://www.oxfordlearnersdictionaries.com/us/definition/english/vague	MANUAL_EMERGENCY_WORK V7 exact Oxford identity; source_index=5656; definition_path=/us/definition/english/vague; exact_definition='not clear in a person’s mind'; selected_candidate_method=Helsinki-NLP/opus-mt-en-uk_surface_candidate; sense_source=''; sense_gloss=''; gloss_definition_similarity=1.000; morphology='V6 pymorphy3 uk canonical lemma PASS after Unicode/stress normalization; tag=ADJF,compb masc,nomn; score=1.0000'; surface_mt_never_sole_pass=PASS	невизначений
MANUAL_EMERGENCY_WORK_20260820_FIRST_PASS_V7_round04	ox5000-3a4b0d5d3856131ca280	valid	adjective	B2	https://www.oxfordlearnersdictionaries.com/us/definition/english/valid	MANUAL_EMERGENCY_WORK V7 exact Oxford identity; source_index=5657; definition_path=/us/definition/english/valid; exact_definition='that is legally or officially acceptable'; selected_candidate_method=en_wiktionary_sense_bound_uk_translation; sense_source='English Wiktionary'; sense_gloss='acceptable, proper or correct'; gloss_definition_similarity=0.673; morphology='V6 pymorphy3 uk canonical lemma PASS after Unicode/stress normalization; tag=ADJF masc,nomn; score=1.0000'; surface_mt_never_sole_pass=PASS	дійсний
MANUAL_EMERGENCY_WORK_20260820_FIRST_PASS_V7_round04	ox5000-d4b51e751f8ac1388a7d	validity	noun	C1	https://www.oxfordlearnersdictionaries.com/us/definition/english/validity	MANUAL_EMERGENCY_WORK V7 exact Oxford identity; source_index=5658; definition_path=/us/definition/english/validity; exact_definition='the state of being legally or officially acceptable'; selected_candidate_method=en_wiktionary_sense_bound_uk_translation; sense_source='English Wiktionary'; sense_gloss='the state of being valid, authentic or genuine'; gloss_definition_similarity=0.648; morphology='V6 pymorphy3 uk canonical lemma PASS after Unicode/stress normalization; tag=NOUN,inan femn,nomn; score=1.0000'; surface_mt_never_sole_pass=PASS	вірність
MANUAL_EMERGENCY_WORK_20260820_FIRST_PASS_V7_round04	ox5000-b6451053f7b0c44aee73	vanish	verb	C1	https://www.oxfordlearnersdictionaries.com/us/definition/english/vanish	MANUAL_EMERGENCY_WORK V7 exact Oxford identity; source_index=5664; definition_path=/us/definition/english/vanish; exact_definition='to disappear suddenly and/or in a way that you cannot explain'; selected_candidate_method=Helsinki-NLP/opus-mt-en-uk_surface_candidate; sense_source=''; sense_gloss=''; gloss_definition_similarity=1.000; morphology='V6 pymorphy3 uk canonical lemma PASS after Unicode/stress normalization; tag=VERB,impf infn; score=1.0000'; surface_mt_never_sole_pass=PASS	зникати
MANUAL_EMERGENCY_WORK_20260820_FIRST_PASS_V7_round04	ox5000-b96d44955b0116a8b189	variable	adjective	C1	https://www.oxfordlearnersdictionaries.com/us/definition/english/variable_2	MANUAL_EMERGENCY_WORK V7 exact Oxford identity; source_index=5665; definition_path=/us/definition/english/variable_2; exact_definition='often changing; likely to change'; selected_candidate_method=en_wiktionary_sense_bound_uk_translation; sense_source='English Wiktionary'; sense_gloss='likely to vary'; gloss_definition_similarity=0.822; morphology='V6 pymorphy3 uk canonical lemma PASS after Unicode/stress normalization; tag=ADJF masc,nomn; score=1.0000'; surface_mt_never_sole_pass=PASS	змінний
MANUAL_EMERGENCY_WORK_20260820_FIRST_PASS_V7_round04	ox5000-ba63498dec4f81c1b9de	variable	noun	C1	https://www.oxfordlearnersdictionaries.com/us/definition/english/variable_1	MANUAL_EMERGENCY_WORK V7 exact Oxford identity; source_index=5666; definition_path=/us/definition/english/variable_1; exact_definition='a situation, number or quantity that can vary or be varied'; selected_candidate_method=en_wiktionary_sense_bound_uk_translation; sense_source='English Wiktionary'; sense_gloss='mathematics: a quantity that may assume any one of a set of values'; gloss_definition_similarity=0.541; morphology='V6 pymorphy3 uk canonical lemma PASS after Unicode/stress normalization; tag=NOUN,inan femn,nomn; score=1.0000'; surface_mt_never_sole_pass=PASS	змінна
MANUAL_EMERGENCY_WORK_20260820_FIRST_PASS_V7_round04	ox5000-97f16a4e14fd89f0282c	variation	noun	B2	https://www.oxfordlearnersdictionaries.com/us/definition/english/variation	MANUAL_EMERGENCY_WORK V7 exact Oxford identity; source_index=5667; definition_path=/us/definition/english/variation; exact_definition='a change, especially in the amount or level of something'; selected_candidate_method=Helsinki-NLP/opus-mt-en-uk_surface_candidate; sense_source=''; sense_gloss=''; gloss_definition_similarity=1.000; morphology='V6 pymorphy3 uk canonical lemma PASS after Unicode/stress normalization; tag=NOUN,inan femn,nomn; score=1.0000'; surface_mt_never_sole_pass=PASS	варіація
MANUAL_EMERGENCY_WORK_20260820_FIRST_PASS_V7_round04	ox5000-884db0a3021eb9703686	varied	adjective	C1	https://www.oxfordlearnersdictionaries.com/us/definition/english/varied	"MANUAL_EMERGENCY_WORK V7 exact Oxford identity; source_index=5668; definition_path=/us/definition/english/varied; exact_definition='of many different types'; selected_candidate_method=Helsinki-NLP/opus-mt-en-uk_surface_candidate; sense_source=''; sense_gloss=''; gloss_definition_similarity=1.000; morphology=""V6 pymorphy3 uk has no requested-POS parse for 'Різноманітність'""; surface_mt_never_sole_pass=PASS"	Різноманітність
MANUAL_EMERGENCY_WORK_20260820_FIRST_PASS_V7_round04	ox5000-f9d3c8583b91249a82cf	vein	noun	C1	https://www.oxfordlearnersdictionaries.com/us/definition/english/vein	MANUAL_EMERGENCY_WORK V7 exact Oxford identity; source_index=5675; definition_path=/us/definition/english/vein; exact_definition='any of the tubes that carry blood from all parts of the body towards the heart'; selected_candidate_method=en_wiktionary_sense_bound_uk_translation; sense_source='English Wiktionary'; sense_gloss='blood vessel transporting blood towards the heart'; gloss_definition_similarity=0.758; morphology='V6 pymorphy3 uk canonical lemma PASS after Unicode/stress normalization; tag=NOUN,inan femn,nomn; score=1.0000'; surface_mt_never_sole_pass=PASS	вена
MANUAL_EMERGENCY_WORK_20260820_FIRST_PASS_V7_round04	ox5000-ead1e6c209960fbc9a63	venture	noun	C1	https://www.oxfordlearnersdictionaries.com/us/definition/english/venture_1	MANUAL_EMERGENCY_WORK V7 exact Oxford identity; source_index=5676; definition_path=/us/definition/english/venture_1; exact_definition='a business project or activity, especially one that involves taking risks'; selected_candidate_method=Helsinki-NLP/opus-mt-en-uk_surface_candidate; sense_source=''; sense_gloss=''; gloss_definition_similarity=1.000; morphology='V6 no Ukrainian lexical token after Unicode/stress normalization'; surface_mt_never_sole_pass=PASS	invalid
MANUAL_EMERGENCY_WORK_20260820_FIRST_PASS_V7_round04	ox5000-c4a906d99fd676e40339	venture	verb	C1	https://www.oxfordlearnersdictionaries.com/us/definition/english/venture_2	MANUAL_EMERGENCY_WORK V7 exact Oxford identity; source_index=5677; definition_path=/us/definition/english/venture_2; exact_definition='to go somewhere even though you know that it might be dangerous or unpleasant'; selected_candidate_method=Helsinki-NLP/opus-mt-en-uk_surface_candidate; sense_source=''; sense_gloss=''; gloss_definition_similarity=1.000; morphology='V6 no Ukrainian lexical token after Unicode/stress normalization'; surface_mt_never_sole_pass=PASS	invalid
MANUAL_EMERGENCY_WORK_20260820_FIRST_PASS_V7_round04	ox5000-40cca0dcc06cac43159c	verbal	adjective	C1	https://www.oxfordlearnersdictionaries.com/us/definition/english/verbal	MANUAL_EMERGENCY_WORK V7 exact Oxford identity; source_index=5679; definition_path=/us/definition/english/verbal; exact_definition='relating to words'; selected_candidate_method=en_wiktionary_sense_bound_uk_translation; sense_source='English Wiktionary'; sense_gloss='of, or relating to words'; gloss_definition_similarity=0.846; morphology='V6 pymorphy3 uk canonical lemma PASS after Unicode/stress normalization; tag=ADJF,compb masc,nomn; score=1.0000'; surface_mt_never_sole_pass=PASS	словесний
MANUAL_EMERGENCY_WORK_20260820_FIRST_PASS_V7_round04	ox5000-c0f3d588f4f4edb1473a	verdict	noun	C1	https://www.oxfordlearnersdictionaries.com/us/definition/english/verdict	"MANUAL_EMERGENCY_WORK V7 exact Oxford identity; source_index=5680; definition_path=/us/definition/english/verdict; exact_definition=""an official judgement made in court or at an inquest (= an official investigation into somebody's death)""; selected_candidate_method=en_wiktionary_sense_bound_uk_translation; sense_source='English Wiktionary'; sense_gloss='decision on an issue of fact in a civil or criminal case or an inquest'; gloss_definition_similarity=0.669; morphology='V6 pymorphy3 uk canonical lemma PASS after Unicode/stress normalization; tag=NOUN,inan masc,nomn; score=1.0000'; surface_mt_never_sole_pass=PASS"	вердикт
MANUAL_EMERGENCY_WORK_20260820_FIRST_PASS_V7_round04	ox5000-00204dee3aa7d984c985	verify	verb	C1	https://www.oxfordlearnersdictionaries.com/us/definition/english/verify	MANUAL_EMERGENCY_WORK V7 exact Oxford identity; source_index=5681; definition_path=/us/definition/english/verify; exact_definition='to check that something is true or accurate'; selected_candidate_method=en_wiktionary_sense_bound_uk_translation; sense_source='English Wiktionary'; sense_gloss='to confirm or test the truth or accuracy of something'; gloss_definition_similarity=0.910; morphology='V6 pymorphy3 uk canonical lemma PASS after Unicode/stress normalization; tag=VERB,impf infn; score=1.0000'; surface_mt_never_sole_pass=PASS	перевіряти
MANUAL_EMERGENCY_WORK_20260820_FIRST_PASS_V7_round04	ox5000-4fd068d2506743727f02	verse	noun	C1	https://www.oxfordlearnersdictionaries.com/us/definition/english/verse	MANUAL_EMERGENCY_WORK V7 exact Oxford identity; source_index=5682; definition_path=/us/definition/english/verse; exact_definition='writing that is arranged in lines, often with a regular rhythm or pattern of rhyme'; selected_candidate_method=en_wiktionary_sense_bound_uk_translation; sense_source='English Wiktionary'; sense_gloss='poetic form with regular meter and a fixed rhyme scheme'; gloss_definition_similarity=0.647; morphology='V6 pymorphy3 uk canonical lemma PASS after Unicode/stress normalization; tag=NOUN,inan masc,nomn; score=1.0000'; surface_mt_never_sole_pass=PASS	вірш
MANUAL_EMERGENCY_WORK_20260820_FIRST_PASS_V7_round04	ox5000-ac5c591f2fae87d58646	versus	preposition	C1	https://www.oxfordlearnersdictionaries.com/us/definition/english/versus	MANUAL_EMERGENCY_WORK V7 exact Oxford identity; source_index=5684; definition_path=/us/definition/english/versus; exact_definition='used to show that two teams or sides are against each other'; selected_candidate_method=Helsinki-NLP/opus-mt-en-uk_surface_candidate; sense_source=''; sense_gloss=''; gloss_definition_similarity=1.000; morphology='V6 pymorphy3 uk canonical lemma PASS after Unicode/stress normalization; tag=PREP; score=1.0000'; surface_mt_never_sole_pass=PASS	проти
MANUAL_EMERGENCY_WORK_20260820_FIRST_PASS_V7_round04	ox5000-b223ea69d03f2788ad88	vertical	adjective	B2	https://www.oxfordlearnersdictionaries.com/us/definition/english/vertical_1	MANUAL_EMERGENCY_WORK V7 exact Oxford identity; source_index=5685; definition_path=/us/definition/english/vertical_1; exact_definition='going straight up or down from a level surface or from top to bottom in a picture, etc.'; selected_candidate_method=en_wiktionary_sense_bound_uk_translation; sense_source='English Wiktionary'; sense_gloss='being perpendicular to horizontal'; gloss_definition_similarity=0.624; morphology='V6 pymorphy3 uk canonical lemma PASS after Unicode/stress normalization; tag=ADJF masc,nomn; score=1.0000'; surface_mt_never_sole_pass=PASS	вертикальний
MANUAL_EMERGENCY_WORK_20260820_FIRST_PASS_V7_round04	ox5000-3ee81464f01abd4b789d	vessel	noun	C1	https://www.oxfordlearnersdictionaries.com/us/definition/english/vessel	MANUAL_EMERGENCY_WORK V7 exact Oxford identity; source_index=5688; definition_path=/us/definition/english/vessel; exact_definition='a tube that carries blood through the body of a person or an animal, or liquid through the parts of a plant'; selected_candidate_method=en_wiktionary_sense_bound_uk_translation; sense_source='English Wiktionary'; sense_gloss='tube or canal that carries fluid in an animal or plant'; gloss_definition_similarity=0.842; morphology='V6 pymorphy3 uk canonical lemma PASS after Unicode/stress normalization; tag=NOUN,inan femn,nomn; score=1.0000'; surface_mt_never_sole_pass=PASS	судина
MANUAL_EMERGENCY_WORK_20260820_FIRST_PASS_V7_round04	ox5000-f6bbcd6016aa6874a3f7	veteran	noun	C1	https://www.oxfordlearnersdictionaries.com/us/definition/english/veteran	MANUAL_EMERGENCY_WORK V7 exact Oxford identity; source_index=5689; definition_path=/us/definition/english/veteran; exact_definition='a person who has a lot of experience in a particular area or activity'; selected_candidate_method=en_wiktionary_sense_bound_uk_translation; sense_source='English Wiktionary'; sense_gloss='old soldier'; gloss_definition_similarity=0.208; morphology='V6 pymorphy3 uk canonical lemma PASS after Unicode/stress normalization; tag=NOUN,anim masc,nomn; score=1.0000'; surface_mt_never_sole_pass=PASS	ветеран
MANUAL_EMERGENCY_WORK_20260820_FIRST_PASS_V7_round04	ox5000-121cec9e5ac562503098	viable	adjective	C1	https://www.oxfordlearnersdictionaries.com/us/definition/english/viable	MANUAL_EMERGENCY_WORK V7 exact Oxford identity; source_index=5691; definition_path=/us/definition/english/viable; exact_definition='that can be done; that will be successful'; selected_candidate_method=en_wiktionary_sense_bound_uk_translation; sense_source='English Wiktionary'; sense_gloss='able to live on its own'; gloss_definition_similarity=0.298; morphology='V6 pymorphy3 uk canonical lemma PASS after Unicode/stress normalization; tag=ADJF,compb masc,nomn; score=1.0000'; surface_mt_never_sole_pass=PASS	життєздатний
MANUAL_EMERGENCY_WORK_20260820_FIRST_PASS_V7_round04	ox5000-6aea81a74e4cb4122b29	vibrant	adjective	C1	https://www.oxfordlearnersdictionaries.com/us/definition/english/vibrant	MANUAL_EMERGENCY_WORK V7 exact Oxford identity; source_index=5692; definition_path=/us/definition/english/vibrant; exact_definition='full of life and energy'; selected_candidate_method=Helsinki-NLP/opus-mt-en-uk_surface_candidate; sense_source=''; sense_gloss=''; gloss_definition_similarity=1.000; morphology='V6 pymorphy3 uk canonical lemma PASS after Unicode/stress normalization; tag=ADJF,compb masc,nomn; score=1.0000'; surface_mt_never_sole_pass=PASS	жвавий
MANUAL_EMERGENCY_WORK_20260820_FIRST_PASS_V7_round04	ox5000-4a87b56fc5f2c92f2d14	vice	noun	C1	https://www.oxfordlearnersdictionaries.com/us/definition/english/vice_1	MANUAL_EMERGENCY_WORK V7 exact Oxford identity; source_index=5693; definition_path=/us/definition/english/vice_1; exact_definition='criminal activities that involve sex or drugs'; selected_candidate_method=en_wiktionary_sense_bound_uk_translation; sense_source='English Wiktionary'; sense_gloss='bad habit'; gloss_definition_similarity=0.277; morphology='V6 pymorphy3 uk canonical lemma PASS after Unicode/stress normalization; tag=NOUN,inan masc,nomn; score=1.0000'; surface_mt_never_sole_pass=PASS	порок
MANUAL_EMERGENCY_WORK_20260820_FIRST_PASS_V7_round04	ox5000-9eadee768474116a6389	vicious	adjective	C1	https://www.oxfordlearnersdictionaries.com/us/definition/english/vicious	MANUAL_EMERGENCY_WORK V7 exact Oxford identity; source_index=5694; definition_path=/us/definition/english/vicious; exact_definition='violent and cruel'; selected_candidate_method=Helsinki-NLP/opus-mt-en-uk_surface_candidate; sense_source=''; sense_gloss=''; gloss_definition_similarity=1.000; morphology='V6 pymorphy3 uk canonical lemma PASS after Unicode/stress normalization; tag=ADJF,compb masc,nomn; score=1.0000'; surface_mt_never_sole_pass=PASS	агресивний
MANUAL_EMERGENCY_WORK_20260820_FIRST_PASS_V7_round04	ox5000-3143b1c6f122d8cbb915	viewpoint	noun	B2	https://www.oxfordlearnersdictionaries.com/us/definition/english/viewpoint	MANUAL_EMERGENCY_WORK V7 exact Oxford identity; source_index=5701; definition_path=/us/definition/english/viewpoint; exact_definition='a way of thinking about a subject'; selected_candidate_method=Helsinki-NLP/opus-mt-en-uk_surface_candidate; sense_source=''; sense_gloss=''; gloss_definition_similarity=1.000; morphology='V6 genuine multiword lexical phrase; Unicode-normalized V4 lexical/POS form accepted'; surface_mt_never_sole_pass=PASS	точка зору
MANUAL_EMERGENCY_WORK_20260820_FIRST_PASS_V7_round04	ox5000-642e71f0ef3e4ecc6bac	villager	noun	C1	https://www.oxfordlearnersdictionaries.com/us/definition/english/villager	MANUAL_EMERGENCY_WORK V7 exact Oxford identity; source_index=5703; definition_path=/us/definition/english/villager; exact_definition='a person who lives in a village'; selected_candidate_method=Helsinki-NLP/opus-mt-en-uk_surface_candidate; sense_source=''; sense_gloss=''; gloss_definition_similarity=1.000; morphology='V6 genuine multiword lexical phrase; Unicode-normalized V4 lexical/POS form accepted'; surface_mt_never_sole_pass=PASS	сільське господарство
MANUAL_EMERGENCY_WORK_20260820_FIRST_PASS_V7_round04	ox5000-6791fac69a8e0c0a1fbc	violate	verb	C1	https://www.oxfordlearnersdictionaries.com/us/definition/english/violate	MANUAL_EMERGENCY_WORK V7 exact Oxford identity; source_index=5704; definition_path=/us/definition/english/violate; exact_definition='to go against or refuse to obey a law, an agreement, etc.'; selected_candidate_method=en_wiktionary_sense_bound_uk_translation; sense_source='English Wiktionary'; sense_gloss='to break or fail to act by rules'; gloss_definition_similarity=0.619; morphology='V6 pymorphy3 uk canonical lemma PASS after Unicode/stress normalization; tag=VERB,impf infn; score=1.0000'; surface_mt_never_sole_pass=PASS	порушувати
MANUAL_EMERGENCY_WORK_20260820_FIRST_PASS_V7_round04	ox5000-599362e4e8fd0e21eb59	violation	noun	C1	https://www.oxfordlearnersdictionaries.com/us/definition/english/violation	MANUAL_EMERGENCY_WORK V7 exact Oxford identity; source_index=5705; definition_path=/us/definition/english/violation; exact_definition='the act of going against or refusing to obey a law, an agreement, etc.'; selected_candidate_method=Helsinki-NLP/opus-mt-en-uk_surface_candidate; sense_source=''; sense_gloss=''; gloss_definition_similarity=1.000; morphology='V6 pymorphy3 uk canonical lemma PASS after Unicode/stress normalization; tag=NOUN,inan neut,nomn; score=1.0000'; surface_mt_never_sole_pass=PASS	порушення
MANUAL_EMERGENCY_WORK_20260820_FIRST_PASS_V7_round04	ox5000-4bbf63568389861f19a6	virtue	noun	C1	https://www.oxfordlearnersdictionaries.com/us/definition/english/virtue	MANUAL_EMERGENCY_WORK V7 exact Oxford identity; source_index=5709; definition_path=/us/definition/english/virtue; exact_definition='behaviour or attitudes that show high moral standards'; selected_candidate_method=en_wiktionary_sense_bound_uk_translation; sense_source='English Wiktionary'; sense_gloss='excellence in morals'; gloss_definition_similarity=0.708; morphology='V6 pymorphy3 uk canonical lemma PASS after Unicode/stress normalization; tag=NOUN,inan femn,nomn; score=1.0000'; surface_mt_never_sole_pass=PASS	доброчесність
MANUAL_EMERGENCY_WORK_20260820_FIRST_PASS_V7_round04	ox5000-f912150dbfa4ff420e3e	visa	noun	B2	https://www.oxfordlearnersdictionaries.com/us/definition/english/visa	MANUAL_EMERGENCY_WORK V7 exact Oxford identity; source_index=5711; definition_path=/us/definition/english/visa; exact_definition='a stamp or mark put in your passport by officials of a foreign country that gives you permission to enter, pass through or leave their country'; selected_candidate_method=en_wiktionary_sense_bound_uk_translation; sense_source='English Wiktionary'; sense_gloss='permit to enter a country'; gloss_definition_similarity=0.622; morphology='V6 pymorphy3 uk canonical lemma PASS after Unicode/stress normalization; tag=NOUN,inan femn,nomn; score=1.0000'; surface_mt_never_sole_pass=PASS	віза
MANUAL_EMERGENCY_WORK_20260820_FIRST_PASS_V7_round04	ox5000-4aeb806a56db651cb840	vocal	adjective	C1	https://www.oxfordlearnersdictionaries.com/us/definition/english/vocal_1	MANUAL_EMERGENCY_WORK V7 exact Oxford identity; source_index=5720; definition_path=/us/definition/english/vocal_1; exact_definition='connected with the voice'; selected_candidate_method=en_wiktionary_sense_bound_uk_translation; sense_source='English Wiktionary'; sense_gloss='of or pertaining to the voice or speech'; gloss_definition_similarity=0.643; morphology='V6 pymorphy3 uk canonical lemma PASS after Unicode/stress normalization; tag=ADJF masc,nomn; score=1.0000'; surface_mt_never_sole_pass=PASS	вокальний
MANUAL_EMERGENCY_WORK_20260820_FIRST_PASS_V7_round04	ox5000-f0b43c80674358bf7398	voluntary	adjective	B2	https://www.oxfordlearnersdictionaries.com/us/definition/english/voluntary_1	"MANUAL_EMERGENCY_WORK V7 exact Oxford identity; source_index=5723; definition_path=/us/definition/english/voluntary_1; exact_definition='done willingly, not because you are forced'; selected_candidate_method=en_wiktionary_sense_bound_uk_translation; sense_source='English Wiktionary'; sense_gloss=""done, given, or acting of one's own free will""; gloss_definition_similarity=0.641; morphology='V6 pymorphy3 uk canonical lemma PASS after Unicode/stress normalization; tag=ADJF masc,nomn; score=1.0000'; surface_mt_never_sole_pass=PASS"	добровільний
MANUAL_EMERGENCY_WORK_20260820_FIRST_PASS_V7_round04	ox5000-b8342c014fdb4dec91ab	voting	noun	B2	https://www.oxfordlearnersdictionaries.com/us/definition/english/voting	MANUAL_EMERGENCY_WORK V7 exact Oxford identity; source_index=5728; definition_path=/us/definition/english/voting; exact_definition='the action of choosing somebody/something in an election or at a meeting'; selected_candidate_method=Helsinki-NLP/opus-mt-en-uk_surface_candidate; sense_source=''; sense_gloss=''; gloss_definition_similarity=1.000; morphology='V6 pymorphy3 uk canonical lemma PASS after Unicode/stress normalization; tag=NOUN,inan neut,nomn; score=1.0000'; surface_mt_never_sole_pass=PASS	голосування
MANUAL_EMERGENCY_WORK_20260820_FIRST_PASS_V7_round04	ox5000-18b3037108db5178098c	vow	verb	C1	https://www.oxfordlearnersdictionaries.com/us/definition/english/vow_1	"MANUAL_EMERGENCY_WORK V7 exact Oxford identity; source_index=5729; definition_path=/us/definition/english/vow_1; exact_definition='to make a formal and serious promise to do something or a formal statement that is true'; selected_candidate_method=Helsinki-NLP/opus-mt-en-uk_surface_candidate; sense_source=''; sense_gloss=''; gloss_definition_similarity=1.000; morphology=""V6 pymorphy3 uk has no requested-POS parse for 'клятва'""; surface_mt_never_sole_pass=PASS"	клятва
MANUAL_EMERGENCY_WORK_20260820_FIRST_PASS_V7_round04	ox5000-b2724644535a93be515d	vulnerability	noun	C1	https://www.oxfordlearnersdictionaries.com/us/definition/english/vulnerability	MANUAL_EMERGENCY_WORK V7 exact Oxford identity; source_index=5730; definition_path=/us/definition/english/vulnerability; exact_definition='the fact of being weak and easily hurt physically or emotionally'; selected_candidate_method=en_wiktionary_sense_bound_uk_translation; sense_source='English Wiktionary'; sense_gloss='state of being vulnerable'; gloss_definition_similarity=0.411; morphology='V6 pymorphy3 uk canonical lemma PASS after Unicode/stress normalization; tag=NOUN,inan femn,nomn; score=1.0000'; surface_mt_never_sole_pass=PASS	уразливість
MANUAL_EMERGENCY_WORK_20260820_FIRST_PASS_V7_round04	ox5000-33e9f5df7261de30ea45	vulnerable	adjective	C1	https://www.oxfordlearnersdictionaries.com/us/definition/english/vulnerable	MANUAL_EMERGENCY_WORK V7 exact Oxford identity; source_index=5731; definition_path=/us/definition/english/vulnerable; exact_definition='weak and easily hurt physically or emotionally'; selected_candidate_method=en_wiktionary_sense_bound_uk_translation; sense_source='English Wiktionary'; sense_gloss='exposed to attack'; gloss_definition_similarity=0.326; morphology='V6 pymorphy3 uk canonical lemma PASS after Unicode/stress normalization; tag=ADJF,compb masc,nomn; score=1.0000'; surface_mt_never_sole_pass=PASS	уразливий
MANUAL_EMERGENCY_WORK_20260820_FIRST_PASS_V7_round04	ox5000-5dba045c182acbd5d5f1	wander	verb	B2	https://www.oxfordlearnersdictionaries.com/us/definition/english/wander_1	MANUAL_EMERGENCY_WORK V7 exact Oxford identity; source_index=5740; definition_path=/us/definition/english/wander_1; exact_definition='to walk slowly around or to a place, often without any particular sense of purpose or direction'; selected_candidate_method=Helsinki-NLP/opus-mt-en-uk_surface_candidate; sense_source=''; sense_gloss=''; gloss_definition_similarity=1.000; morphology='V6 no Ukrainian lexical token after Unicode/stress normalization'; surface_mt_never_sole_pass=PASS	walk
MANUAL_EMERGENCY_WORK_20260820_FIRST_PASS_V7_round04	ox5000-12e52edf213e46dde87f	ward	noun	C1	https://www.oxfordlearnersdictionaries.com/us/definition/english/ward_1	MANUAL_EMERGENCY_WORK V7 exact Oxford identity; source_index=5743; definition_path=/us/definition/english/ward_1; exact_definition='a separate room or area in a hospital for people with the same type of medical condition'; selected_candidate_method=Helsinki-NLP/opus-mt-en-uk_surface_candidate; sense_source=''; sense_gloss=''; gloss_definition_similarity=1.000; morphology='V6 no Ukrainian lexical token after Unicode/stress normalization'; surface_mt_never_sole_pass=PASS	pare
MANUAL_EMERGENCY_WORK_20260820_FIRST_PASS_V7_round04	ox5000-705f1a27b761df9f1e69	warehouse	noun	C1	https://www.oxfordlearnersdictionaries.com/us/definition/english/warehouse	MANUAL_EMERGENCY_WORK V7 exact Oxford identity; source_index=5744; definition_path=/us/definition/english/warehouse; exact_definition='a building where large quantities of goods are stored, especially before they are sent to shops to be sold'; selected_candidate_method=en_wiktionary_sense_bound_uk_translation; sense_source='English Wiktionary'; sense_gloss='a place for storing large amounts of products'; gloss_definition_similarity=0.739; morphology='V6 pymorphy3 uk canonical lemma PASS after Unicode/stress normalization; tag=NOUN,inan masc,nomn; score=1.0000'; surface_mt_never_sole_pass=PASS	пакгауз
MANUAL_EMERGENCY_WORK_20260820_FIRST_PASS_V7_round04	ox5000-f2c98b2052900e93144b	warfare	noun	C1	https://www.oxfordlearnersdictionaries.com/us/definition/english/warfare	MANUAL_EMERGENCY_WORK V7 exact Oxford identity; source_index=5745; definition_path=/us/definition/english/warfare; exact_definition='the activity of fighting a war, especially using particular weapons or methods'; selected_candidate_method=en_wiktionary_sense_bound_uk_translation; sense_source='English Wiktionary'; sense_gloss='the waging of war or armed conflict against an enemy'; gloss_definition_similarity=0.792; morphology='V6 pymorphy3 uk canonical lemma PASS after Unicode/stress normalization; tag=NOUN,neut,inan nomn; score=1.0000'; surface_mt_never_sole_pass=PASS	воювання
MANUAL_EMERGENCY_WORK_20260820_FIRST_PASS_V7_round04	ox5000-a83fb8d4dafe378c4bf7	warming	noun	B2	https://www.oxfordlearnersdictionaries.com/us/definition/english/warming_1	MANUAL_EMERGENCY_WORK V7 exact Oxford identity; source_index=5748; definition_path=/us/definition/english/warming_1; exact_definition='the process of making something, or of becoming, warm or warmer'; selected_candidate_method=en_wiktionary_sense_bound_uk_translation; sense_source='English Wiktionary'; sense_gloss='small rise in temperature'; gloss_definition_similarity=0.334; morphology='V6 pymorphy3 uk canonical lemma PASS after Unicode/stress normalization; tag=NOUN,inan neut,nomn; score=1.0000'; surface_mt_never_sole_pass=PASS	потепління
MANUAL_EMERGENCY_WORK_20260820_FIRST_PASS_V7_round04	ox5000-bfe64fa77c8faf43888f	warrant	noun	C1	https://www.oxfordlearnersdictionaries.com/us/definition/english/warrant_1	MANUAL_EMERGENCY_WORK V7 exact Oxford identity; source_index=5751; definition_path=/us/definition/english/warrant_1; exact_definition='a legal document that is signed by a judge and gives the police authority to do something'; selected_candidate_method=en_wiktionary_sense_bound_uk_translation; sense_source='English Wiktionary'; sense_gloss='judicial writ'; gloss_definition_similarity=0.629; morphology='V6 pymorphy3 uk canonical lemma PASS after Unicode/stress normalization; tag=NOUN,inan masc; score=1.0000'; surface_mt_never_sole_pass=PASS	ордер
MANUAL_EMERGENCY_WORK_20260820_FIRST_PASS_V7_round04	ox5000-00e1a806d10fa572f24a	warrant	verb	C1	https://www.oxfordlearnersdictionaries.com/us/definition/english/warrant_2	"MANUAL_EMERGENCY_WORK V7 exact Oxford identity; source_index=5752; definition_path=/us/definition/english/warrant_2; exact_definition='to make something necessary or appropriate in a particular situation'; selected_candidate_method=Helsinki-NLP/opus-mt-en-uk_surface_candidate; sense_source=''; sense_gloss=''; gloss_definition_similarity=1.000; morphology=""V6 pymorphy3 uk has no requested-POS parse for 'ордер'""; surface_mt_never_sole_pass=PASS"	ордер
MANUAL_EMERGENCY_WORK_20260820_FIRST_PASS_V7_round04	ox5000-ad79a2d51bcb5fc3e45b	warrior	noun	C1	https://www.oxfordlearnersdictionaries.com/us/definition/english/warrior	MANUAL_EMERGENCY_WORK V7 exact Oxford identity; source_index=5753; definition_path=/us/definition/english/warrior; exact_definition='(especially in the past) a person who fights in a battle or war'; selected_candidate_method=en_wiktionary_sense_bound_uk_translation; sense_source='English Wiktionary'; sense_gloss='person actively engaged in battle, conflict or warfare'; gloss_definition_similarity=0.764; morphology='V6 pymorphy3 uk canonical lemma PASS after Unicode/stress normalization; tag=NOUN,anim masc,nomn; score=1.0000'; surface_mt_never_sole_pass=PASS	воїн
MANUAL_EMERGENCY_WORK_20260820_FIRST_PASS_V7_round04	ox5000-e6998e43c663c8bd9cc2	weaken	verb	C1	https://www.oxfordlearnersdictionaries.com/us/definition/english/weaken	MANUAL_EMERGENCY_WORK V7 exact Oxford identity; source_index=5770; definition_path=/us/definition/english/weaken; exact_definition='to make somebody/something less strong or powerful; to become less strong or powerful'; selected_candidate_method=en_wiktionary_sense_bound_uk_translation; sense_source='English Wiktionary'; sense_gloss='to make weaker'; gloss_definition_similarity=0.603; morphology='V6 pymorphy3 uk canonical lemma PASS after Unicode/stress normalization; tag=VERB,perf infn; score=1.0000'; surface_mt_never_sole_pass=PASS	послабити
MANUAL_EMERGENCY_WORK_20260820_FIRST_PASS_V7_round04	ox5000-f662904e395de55b38b4	weave	verb	C1	https://www.oxfordlearnersdictionaries.com/us/definition/english/weave_1	MANUAL_EMERGENCY_WORK V7 exact Oxford identity; source_index=5777; definition_path=/us/definition/english/weave_1; exact_definition='to make cloth, a carpet, a basket , etc. by crossing threads or narrow pieces of material across, over and under each other by hand or on a machine called a loom'; selected_candidate_method=en_wiktionary_sense_bound_uk_translation; sense_source='English Wiktionary'; sense_gloss='to form something by passing strands of material over and under one another'; gloss_definition_similarity=0.725; morphology='V6 pymorphy3 uk canonical lemma PASS after Unicode/stress normalization; tag=VERB,impf infn; score=1.0000'; surface_mt_never_sole_pass=PASS	ткати
MANUAL_EMERGENCY_WORK_20260820_FIRST_PASS_V7_round04	ox5000-82d9b319c21a0b7d136e	weed	noun	C1	https://www.oxfordlearnersdictionaries.com/us/definition/english/weed_1	MANUAL_EMERGENCY_WORK V7 exact Oxford identity; source_index=5782; definition_path=/us/definition/english/weed_1; exact_definition='a wild plant growing where it is not wanted, especially among crops or garden plants'; selected_candidate_method=en_wiktionary_sense_bound_uk_translation; sense_source='English Wiktionary'; sense_gloss='unwanted plant'; gloss_definition_similarity=0.740; morphology='V6 pymorphy3 uk canonical lemma PASS after Unicode/stress normalization; tag=NOUN,inan masc,nomn; score=1.0000'; surface_mt_never_sole_pass=PASS	бур'ян
MANUAL_EMERGENCY_WORK_20260820_FIRST_PASS_V7_round04	ox5000-c260921c2eae534f69c9	weird	adjective	B2	https://www.oxfordlearnersdictionaries.com/us/definition/english/weird_1	MANUAL_EMERGENCY_WORK V7 exact Oxford identity; source_index=5788; definition_path=/us/definition/english/weird_1; exact_definition='very strange or unusual and difficult to explain'; selected_candidate_method=en_wiktionary_sense_bound_uk_translation; sense_source='English Wiktionary'; sense_gloss='having an unusually strange character or behaviour'; gloss_definition_similarity=0.714; morphology='V6 pymorphy3 uk canonical lemma PASS after Unicode/stress normalization; tag=ADJF masc,nomn,compb; score=1.0000'; surface_mt_never_sole_pass=PASS	дивний
MANUAL_EMERGENCY_WORK_20260820_FIRST_PASS_V7_round04	ox5000-541687f5159f48b0e181	welfare	noun	B2	https://www.oxfordlearnersdictionaries.com/us/definition/english/welfare	MANUAL_EMERGENCY_WORK V7 exact Oxford identity; source_index=5793; definition_path=/us/definition/english/welfare; exact_definition='the general health, happiness and safety of a person, an animal or a group'; selected_candidate_method=en_wiktionary_sense_bound_uk_translation; sense_source='English Wiktionary'; sense_gloss='health, safety, well-being, happiness and prosperity'; gloss_definition_similarity=0.743; morphology='V6 pymorphy3 uk canonical lemma PASS after Unicode/stress normalization; tag=NOUN,neut,inan nomn; score=1.0000'; surface_mt_never_sole_pass=PASS	щастя
MANUAL_EMERGENCY_WORK_20260820_FIRST_PASS_V7_round04	ox5000-7ac66d34ed6d2d18ab7a	well	noun	C1	https://www.oxfordlearnersdictionaries.com/us/definition/english/well_4	MANUAL_EMERGENCY_WORK V7 exact Oxford identity; source_index=5797; definition_path=/us/definition/english/well_4; exact_definition='a deep hole in the ground from which people obtain water. The sides of wells are usually covered with brick or stone and there is usually a cover or a small wall at the top of the well .'; selected_candidate_method=en_wiktionary_sense_bound_uk_translation; sense_source='English Wiktionary'; sense_gloss='hole sunk into the ground'; gloss_definition_similarity=0.487; morphology='V6 pymorphy3 uk canonical lemma PASS after Unicode/stress normalization; tag=NOUN,inan masc,nomn; score=1.0000'; surface_mt_never_sole_pass=PASS	колодязь
MANUAL_EMERGENCY_WORK_20260820_FIRST_PASS_V7_round04	ox5000-136d53cda0c01d3d92c3	whatever	adverb	C1	https://www.oxfordlearnersdictionaries.com/us/definition/english/whatever_2	MANUAL_EMERGENCY_WORK V7 exact Oxford identity; source_index=5806; definition_path=/us/definition/english/whatever_2; exact_definition='not at all; not of any kind'; selected_candidate_method=Helsinki-NLP/opus-mt-en-uk_surface_candidate; sense_source=''; sense_gloss=''; gloss_definition_similarity=1.000; morphology='multiword adverb candidate is not an adverbial phrase'; surface_mt_never_sole_pass=PASS	будь- який
MANUAL_EMERGENCY_WORK_20260820_FIRST_PASS_V7_round04	ox5000-aaa881c3f408681d7e11	whatsoever	adverb	C1	https://www.oxfordlearnersdictionaries.com/us/definition/english/whatsoever	MANUAL_EMERGENCY_WORK V7 exact Oxford identity; source_index=5809; definition_path=/us/definition/english/whatsoever; exact_definition='not at all; not of any kind'; selected_candidate_method=Helsinki-NLP/opus-mt-en-uk_surface_candidate; sense_source=''; sense_gloss=''; gloss_definition_similarity=1.000; morphology='multiword adverb candidate is not an adverbial phrase'; surface_mt_never_sole_pass=PASS	Що б там не було
MANUAL_EMERGENCY_WORK_20260820_FIRST_PASS_V7_round04	ox5000-9da29962568e275f6173	wheat	noun	B2	https://www.oxfordlearnersdictionaries.com/us/definition/english/wheat	MANUAL_EMERGENCY_WORK V7 exact Oxford identity; source_index=5810; definition_path=/us/definition/english/wheat; exact_definition='a plant grown for its grain that is used to produce the flour for bread, cakes, pasta , etc.; the grain of this plant'; selected_candidate_method=en_wiktionary_sense_bound_uk_translation; sense_source='English Wiktionary'; sense_gloss='grain'; gloss_definition_similarity=0.552; morphology='V6 pymorphy3 uk canonical lemma PASS after Unicode/stress normalization; tag=NOUN,inan femn,nomn; score=1.0000'; surface_mt_never_sole_pass=PASS	пшениця
MANUAL_EMERGENCY_WORK_20260820_FIRST_PASS_V7_round04	ox5000-b687b0f57fa5366486ca	whereby	adverb	C1	https://www.oxfordlearnersdictionaries.com/us/definition/english/whereby	MANUAL_EMERGENCY_WORK V7 exact Oxford identity; source_index=5819; definition_path=/us/definition/english/whereby; exact_definition='by which; because of which'; selected_candidate_method=Helsinki-NLP/opus-mt-en-uk_surface_candidate; sense_source=''; sense_gloss=''; gloss_definition_similarity=1.000; morphology='sentence-like punctuation in lexical value'; surface_mt_never_sole_pass=PASS	З якого джерела?
MANUAL_EMERGENCY_WORK_20260820_FIRST_PASS_V7_round04	ox5000-8eb4dc7709c4780bf6a5	whilst	conjunction	C1	https://www.oxfordlearnersdictionaries.com/us/definition/english/whilst	MANUAL_EMERGENCY_WORK V7 exact Oxford identity; source_index=5826; definition_path=/us/definition/english/whilst; exact_definition='during the time that something is happening; at the same time as something else is happening'; selected_candidate_method=Helsinki-NLP/opus-mt-en-uk_surface_candidate; sense_source=''; sense_gloss=''; gloss_definition_similarity=1.000; morphology='V6 genuine multiword lexical phrase; Unicode-normalized V4 lexical/POS form accepted'; surface_mt_never_sole_pass=PASS	Під час
MANUAL_EMERGENCY_WORK_20260820_FIRST_PASS_V7_round04	ox5000-7af578b8eda8386576e3	whip	verb	C1	https://www.oxfordlearnersdictionaries.com/us/definition/english/whip_1	MANUAL_EMERGENCY_WORK V7 exact Oxford identity; source_index=5827; definition_path=/us/definition/english/whip_1; exact_definition='to hit a person or an animal hard with a whip , as a punishment or to make them go faster or work harder'; selected_candidate_method=en_wiktionary_sense_bound_uk_translation; sense_source='English Wiktionary'; sense_gloss='to hit with a whip'; gloss_definition_similarity=0.748; morphology='V6 pymorphy3 uk canonical lemma PASS after Unicode/stress normalization; tag=VERB,impf infn; score=1.0000'; surface_mt_never_sole_pass=PASS	лупцювати
MANUAL_EMERGENCY_WORK_20260820_FIRST_PASS_V7_round04	ox5000-e0481a3d4119e74acd4e	whoever	pronoun	B2	https://www.oxfordlearnersdictionaries.com/us/definition/english/whoever	MANUAL_EMERGENCY_WORK V7 exact Oxford identity; source_index=5833; definition_path=/us/definition/english/whoever; exact_definition='the person or people who; any person who'; selected_candidate_method=Helsinki-NLP/opus-mt-en-uk_surface_candidate; sense_source=''; sense_gloss=''; gloss_definition_similarity=1.000; morphology='V6 genuine multiword lexical phrase; Unicode-normalized V4 lexical/POS form accepted'; surface_mt_never_sole_pass=PASS	Будь- хто
MANUAL_EMERGENCY_WORK_20260820_FIRST_PASS_V7_round04	ox5000-bba3d8405583d811c7fb	wholly	adverb	C1	https://www.oxfordlearnersdictionaries.com/us/definition/english/wholly	MANUAL_EMERGENCY_WORK V7 exact Oxford identity; source_index=5836; definition_path=/us/definition/english/wholly; exact_definition='completely'; selected_candidate_method=Helsinki-NLP/opus-mt-en-uk_surface_candidate; sense_source=''; sense_gloss=''; gloss_definition_similarity=1.000; morphology='V6 pymorphy3 uk canonical lemma PASS after Unicode/stress normalization; tag=ADVB; score=1.0000'; surface_mt_never_sole_pass=PASS	повністю
MANUAL_EMERGENCY_WORK_20260820_FIRST_PASS_V7_round04	ox5000-1ad42173d6a47044c4fc	widen	verb	C1	https://www.oxfordlearnersdictionaries.com/us/definition/english/widen	"MANUAL_EMERGENCY_WORK V7 exact Oxford identity; source_index=5843; definition_path=/us/definition/english/widen; exact_definition='to become wider; to make something wider'; selected_candidate_method=Helsinki-NLP/opus-mt-en-uk_surface_candidate; sense_source=''; sense_gloss=''; gloss_definition_similarity=1.000; morphology=""V6 pymorphy3 uk has no requested-POS parse for 'Розширення'""; surface_mt_never_sole_pass=PASS"	Розширення
MANUAL_EMERGENCY_WORK_20260820_FIRST_PASS_V7_round04	ox5000-e70719b36c73f2262a94	widespread	adjective	B2	https://www.oxfordlearnersdictionaries.com/us/definition/english/widespread	MANUAL_EMERGENCY_WORK V7 exact Oxford identity; source_index=5844; definition_path=/us/definition/english/widespread; exact_definition='existing or happening over a large area or among many people'; selected_candidate_method=en_wiktionary_sense_bound_uk_translation; sense_source='English Wiktionary'; sense_gloss='affecting a large area'; gloss_definition_similarity=0.694; morphology='adjective candidate has no plausible Ukrainian adjective morphology'; surface_mt_never_sole_pass=PASS	широко поширений
MANUAL_EMERGENCY_WORK_20260820_FIRST_PASS_V7_round04	ox5000-e60944697898fda86318	width	noun	C1	https://www.oxfordlearnersdictionaries.com/us/definition/english/width	MANUAL_EMERGENCY_WORK V7 exact Oxford identity; source_index=5846; definition_path=/us/definition/english/width; exact_definition='the measurement from one side of something to the other; how wide something is'; selected_candidate_method=en_wiktionary_sense_bound_uk_translation; sense_source='English Wiktionary'; sense_gloss='measurement of something from side to side'; gloss_definition_similarity=0.891; morphology='V6 pymorphy3 uk canonical lemma PASS after Unicode/stress normalization; tag=NOUN,inan femn,nomn; score=1.0000'; surface_mt_never_sole_pass=PASS	ширина
MANUAL_EMERGENCY_WORK_20260820_FIRST_PASS_V7_round04	ox5000-fb8ecb4cb23d479816a5	willingness	noun	C1	https://www.oxfordlearnersdictionaries.com/us/definition/english/willingness	MANUAL_EMERGENCY_WORK V7 exact Oxford identity; source_index=5853; definition_path=/us/definition/english/willingness; exact_definition='the quality of being happy and ready to do something'; selected_candidate_method=Helsinki-NLP/opus-mt-en-uk_surface_candidate; sense_source=''; sense_gloss=''; gloss_definition_similarity=1.000; morphology='V6 pymorphy3 uk canonical lemma PASS after Unicode/stress normalization; tag=NOUN,inan femn,nomn; score=1.0000'; surface_mt_never_sole_pass=PASS	готовність
MANUAL_EMERGENCY_WORK_20260820_FIRST_PASS_V7_round04	ox5000-00c15dea7c61b8c6848d	wipe	verb	C1	https://www.oxfordlearnersdictionaries.com/us/definition/english/wipe_1	MANUAL_EMERGENCY_WORK V7 exact Oxford identity; source_index=5863; definition_path=/us/definition/english/wipe_1; exact_definition='to rub something against a surface, in order to remove dirt or liquid from it; to rub a surface with a cloth, etc. in order to clean it'; selected_candidate_method=Helsinki-NLP/opus-mt-en-uk_surface_candidate; sense_source=''; sense_gloss=''; gloss_definition_similarity=1.000; morphology='V6 pymorphy3 uk canonical lemma PASS after Unicode/stress normalization; tag=VERB,perf infn; score=1.0000'; surface_mt_never_sole_pass=PASS	витерти
MANUAL_EMERGENCY_WORK_20260820_FIRST_PASS_V7_round04	ox5000-53f7030f25a42ed5f75d	wisdom	noun	B2	https://www.oxfordlearnersdictionaries.com/us/definition/english/wisdom	MANUAL_EMERGENCY_WORK V7 exact Oxford identity; source_index=5865; definition_path=/us/definition/english/wisdom; exact_definition='the ability to make sensible decisions and give good advice because of the experience and knowledge that you have'; selected_candidate_method=en_wiktionary_sense_bound_uk_translation; sense_source='English Wiktionary'; sense_gloss='element of personal character'; gloss_definition_similarity=0.076; morphology='V6 pymorphy3 uk canonical lemma PASS after Unicode/stress normalization; tag=NOUN,inan femn,nomn; score=1.0000'; surface_mt_never_sole_pass=PASS	мудрість
MANUAL_EMERGENCY_WORK_20260820_FIRST_PASS_V7_round04	ox5000-71cfc35fecd6d31f3d90	wit	noun	C1	https://www.oxfordlearnersdictionaries.com/us/definition/english/wit	MANUAL_EMERGENCY_WORK V7 exact Oxford identity; source_index=5869; definition_path=/us/definition/english/wit; exact_definition='the ability to say or write things that are both clever and humorous'; selected_candidate_method=Helsinki-NLP/opus-mt-en-uk_surface_candidate; sense_source=''; sense_gloss=''; gloss_definition_similarity=1.000; morphology='V6 pymorphy3 uk canonical lemma PASS after Unicode/stress normalization; tag=NOUN,inan femn,nomn; score=1.0000'; surface_mt_never_sole_pass=PASS	дотепність
MANUAL_EMERGENCY_WORK_20260820_FIRST_PASS_V7_round04	ox5000-4a0d80cb3aee1630ef88	withdraw	verb	B2	https://www.oxfordlearnersdictionaries.com/us/definition/english/withdraw	MANUAL_EMERGENCY_WORK V7 exact Oxford identity; source_index=5871; definition_path=/us/definition/english/withdraw; exact_definition='to take money out of a bank account'; selected_candidate_method=en_wiktionary_sense_bound_uk_translation; sense_source='English Wiktionary'; sense_gloss='to extract (money) from a bank account or other financial deposit'; gloss_definition_similarity=0.772; morphology='V6 pymorphy3 uk canonical lemma PASS after Unicode/stress normalization; tag=VERB,impf infn; score=1.0000'; surface_mt_never_sole_pass=PASS	знімати
MANUAL_EMERGENCY_WORK_20260820_FIRST_PASS_V7_round04	ox5000-b500ac68bf72138c5bbf	withdrawal	noun	C1	https://www.oxfordlearnersdictionaries.com/us/definition/english/withdrawal	"MANUAL_EMERGENCY_WORK V7 exact Oxford identity; source_index=5872; definition_path=/us/definition/english/withdrawal; exact_definition='the act of taking an amount of money out of your bank account'; selected_candidate_method=Helsinki-NLP/opus-mt-en-uk_surface_candidate; sense_source=''; sense_gloss=''; gloss_definition_similarity=1.000; morphology=""V6 pymorphy3 uk has no requested-POS parse for 'Викинути'""; surface_mt_never_sole_pass=PASS"	Викинути
MANUAL_EMERGENCY_WORK_20260820_FIRST_PASS_V7_round04	ox5000-b21cce758fc50a0848db	workforce	noun	B2	https://www.oxfordlearnersdictionaries.com/us/definition/english/workforce	MANUAL_EMERGENCY_WORK V7 exact Oxford identity; source_index=5888; definition_path=/us/definition/english/workforce; exact_definition='all the people who work for a particular company, organization, etc.'; selected_candidate_method=en_wiktionary_sense_bound_uk_translation; sense_source='English Wiktionary'; sense_gloss='workers employed by an organization'; gloss_definition_similarity=0.637; morphology='V6 genuine multiword lexical phrase; Unicode-normalized V4 lexical/POS form accepted'; surface_mt_never_sole_pass=PASS	робоча сила
MANUAL_EMERGENCY_WORK_20260820_FIRST_PASS_V7_round04	ox5000-c4df7b62298c6a0e1e19	workout	noun	C1	https://www.oxfordlearnersdictionaries.com/us/definition/english/workout	MANUAL_EMERGENCY_WORK V7 exact Oxford identity; source_index=5890; definition_path=/us/definition/english/workout; exact_definition='a period of physical exercise that you do to keep fit'; selected_candidate_method=Helsinki-NLP/opus-mt-en-uk_surface_candidate; sense_source=''; sense_gloss=''; gloss_definition_similarity=1.000; morphology='V6 no Ukrainian lexical token after Unicode/stress normalization'; surface_mt_never_sole_pass=PASS	successful message after an user action
MANUAL_EMERGENCY_WORK_20260820_FIRST_PASS_V7_round04	ox5000-c12d12f9f3c1cebbd720	workplace	noun	B2	https://www.oxfordlearnersdictionaries.com/us/definition/english/workplace	MANUAL_EMERGENCY_WORK V7 exact Oxford identity; source_index=5891; definition_path=/us/definition/english/workplace; exact_definition='the office, factory, etc. where people work'; selected_candidate_method=en_wiktionary_sense_bound_uk_translation; sense_source='English Wiktionary'; sense_gloss='place where someone works'; gloss_definition_similarity=0.755; morphology='V6 genuine multiword lexical phrase; Unicode-normalized V4 lexical/POS form accepted'; surface_mt_never_sole_pass=PASS	робоче місце
MANUAL_EMERGENCY_WORK_20260820_FIRST_PASS_V7_round04	ox5000-a239d20d2b0886b804d3	workshop	noun	B2	https://www.oxfordlearnersdictionaries.com/us/definition/english/workshop	MANUAL_EMERGENCY_WORK V7 exact Oxford identity; source_index=5892; definition_path=/us/definition/english/workshop; exact_definition='a period of discussion and practical work on a particular subject, in which a group of people share their knowledge and experience'; selected_candidate_method=Helsinki-NLP/opus-mt-en-uk_surface_candidate; sense_source=''; sense_gloss=''; gloss_definition_similarity=1.000; morphology='V6 pymorphy3 uk canonical lemma PASS after Unicode/stress normalization; tag=NOUN,Surn,masc,anim nomn; score=1.0000'; surface_mt_never_sole_pass=PASS	майстер
MANUAL_EMERGENCY_WORK_20260820_FIRST_PASS_V7_round04	ox5000-152aa939ce8e22a8cba8	worm	noun	B2	https://www.oxfordlearnersdictionaries.com/us/definition/english/worm_1	MANUAL_EMERGENCY_WORK V7 exact Oxford identity; source_index=5896; definition_path=/us/definition/english/worm_1; exact_definition='a long, thin creature with a soft body and no bones or legs'; selected_candidate_method=Helsinki-NLP/opus-mt-en-uk_surface_candidate; sense_source=''; sense_gloss=''; gloss_definition_similarity=1.000; morphology='V6 pymorphy3 uk canonical lemma PASS after Unicode/stress normalization; tag=NOUN,anim masc; score=1.0000'; surface_mt_never_sole_pass=PASS	черв'як
MANUAL_EMERGENCY_WORK_20260820_FIRST_PASS_V7_round04	ox5000-ebe5ca9d165e19c0739b	worship	noun	C1	https://www.oxfordlearnersdictionaries.com/us/definition/english/worship_1	MANUAL_EMERGENCY_WORK V7 exact Oxford identity; source_index=5903; definition_path=/us/definition/english/worship_1; exact_definition='the practice of showing respect for God or a god, by saying prayers, singing with others, etc.; a ceremony for this'; selected_candidate_method=Helsinki-NLP/opus-mt-en-uk_surface_candidate; sense_source=''; sense_gloss=''; gloss_definition_similarity=1.000; morphology='V6 pymorphy3 uk canonical lemma PASS after Unicode/stress normalization; tag=NOUN,inan neut,nomn; score=1.0000'; surface_mt_never_sole_pass=PASS	поклоніння
MANUAL_EMERGENCY_WORK_20260820_FIRST_PASS_V7_round04	ox5000-facbf2da8bf54e09d106	worship	verb	C1	https://www.oxfordlearnersdictionaries.com/us/definition/english/worship_2	"MANUAL_EMERGENCY_WORK V7 exact Oxford identity; source_index=5904; definition_path=/us/definition/english/worship_2; exact_definition='to show respect for God or a god, especially by saying prayers, singing, etc. with other people in a religious building'; selected_candidate_method=Helsinki-NLP/opus-mt-en-uk_surface_candidate; sense_source=''; sense_gloss=''; gloss_definition_similarity=1.000; morphology=""V6 pymorphy3 uk has no requested-POS parse for 'поклоніння'""; surface_mt_never_sole_pass=PASS"	поклоніння
MANUAL_EMERGENCY_WORK_20260820_FIRST_PASS_V7_round04	ox5000-25f500256746f398eb9c	worthwhile	adjective	C1	https://www.oxfordlearnersdictionaries.com/us/definition/english/worthwhile	"MANUAL_EMERGENCY_WORK V7 exact Oxford identity; source_index=5910; definition_path=/us/definition/english/worthwhile; exact_definition='important, pleasant, interesting, etc.; worth spending time, money or effort on'; selected_candidate_method=Helsinki-NLP/opus-mt-en-uk_surface_candidate; sense_source=''; sense_gloss=''; gloss_definition_similarity=1.000; morphology=""V6 pymorphy3 uk has no requested-POS parse for 'вартує'""; surface_mt_never_sole_pass=PASS"	вартує
MANUAL_EMERGENCY_WORK_20260820_FIRST_PASS_V7_round04	ox5000-780d6e175fa7df70d661	worthy	adjective	C1	https://www.oxfordlearnersdictionaries.com/us/definition/english/worthy_1	MANUAL_EMERGENCY_WORK V7 exact Oxford identity; source_index=5911; definition_path=/us/definition/english/worthy_1; exact_definition='having the qualities that deserve somebody/something'; selected_candidate_method=Helsinki-NLP/opus-mt-en-uk_surface_candidate; sense_source=''; sense_gloss=''; gloss_definition_similarity=1.000; morphology='V6 pymorphy3 uk canonical lemma PASS after Unicode/stress normalization; tag=ADJF masc,nomn,compb; score=1.0000'; surface_mt_never_sole_pass=PASS	достойний
MANUAL_EMERGENCY_WORK_20260820_FIRST_PASS_V7_round04	ox5000-50b98ac704c3bc34a67f	wrist	noun	B2	https://www.oxfordlearnersdictionaries.com/us/definition/english/wrist	MANUAL_EMERGENCY_WORK V7 exact Oxford identity; source_index=5917; definition_path=/us/definition/english/wrist; exact_definition='the joint between the hand and the arm'; selected_candidate_method=Helsinki-NLP/opus-mt-en-uk_surface_candidate; sense_source=''; sense_gloss=''; gloss_definition_similarity=1.000; morphology='V6 genuine multiword lexical phrase; Unicode-normalized V4 lexical/POS form accepted'; surface_mt_never_sole_pass=PASS	зап' язка
MANUAL_EMERGENCY_WORK_20260820_FIRST_PASS_V7_round04	ox5000-b4375e50137f50a3167c	yell	verb	C1	https://www.oxfordlearnersdictionaries.com/us/definition/english/yell_1	"MANUAL_EMERGENCY_WORK V7 exact Oxford identity; source_index=5928; definition_path=/us/definition/english/yell_1; exact_definition='to shout loudly, for example because you are angry, excited, frightened or in pain'; selected_candidate_method=Helsinki-NLP/opus-mt-en-uk_surface_candidate; sense_source=''; sense_gloss=''; gloss_definition_similarity=1.000; morphology=""V6 pymorphy3 uk has no requested-POS parse for 'Крик'""; surface_mt_never_sole_pass=PASS"	Крик
MANUAL_EMERGENCY_WORK_20260820_FIRST_PASS_V7_round04	ox5000-cc76f33fcb4c9bc2e444	yield	noun	C1	https://www.oxfordlearnersdictionaries.com/us/definition/english/yield_1	MANUAL_EMERGENCY_WORK V7 exact Oxford identity; source_index=5936; definition_path=/us/definition/english/yield_1; exact_definition='the total amount of crops, profits, etc. that are produced'; selected_candidate_method=Helsinki-NLP/opus-mt-en-uk_surface_candidate; sense_source=''; sense_gloss=''; gloss_definition_similarity=1.000; morphology='V6 pymorphy3 uk canonical lemma PASS after Unicode/stress normalization; tag=NOUN,inan femn,nomn; score=1.0000'; surface_mt_never_sole_pass=PASS	порція
MANUAL_EMERGENCY_WORK_20260820_FIRST_PASS_V7_round04	ox5000-965201ceb2ed31dc1820	yield	verb	C1	https://www.oxfordlearnersdictionaries.com/us/definition/english/yield_2	"MANUAL_EMERGENCY_WORK V7 exact Oxford identity; source_index=5937; definition_path=/us/definition/english/yield_2; exact_definition='to produce or provide something, for example a profit, result or crop'; selected_candidate_method=Helsinki-NLP/opus-mt-en-uk_surface_candidate; sense_source=''; sense_gloss=''; gloss_definition_similarity=1.000; morphology=""V6 pymorphy3 uk has no requested-POS parse for 'порція'""; surface_mt_never_sole_pass=PASS"	порція
MANUAL_EMERGENCY_WORK_20260820_FIRST_PASS_V7_round04	ox5000-ac6f5aa49f2b06653bf9	youngster	noun	C1	https://www.oxfordlearnersdictionaries.com/us/definition/english/youngster	MANUAL_EMERGENCY_WORK V7 exact Oxford identity; source_index=5941; definition_path=/us/definition/english/youngster; exact_definition='a young person or a child'; selected_candidate_method=Helsinki-NLP/opus-mt-en-uk_surface_candidate; sense_source=''; sense_gloss=''; gloss_definition_similarity=1.000; morphology='V6 pymorphy3 uk canonical lemma PASS after Unicode/stress normalization; tag=NOUN,anim masc,nomn; score=1.0000'; surface_mt_never_sole_pass=PASS	молодий
