content_qa_run_id	data_factory_run_id	entry_id	source	part_of_speech	level	decision	ukrainian	qa_reason
MANUAL_EMERGENCY_WORK_20260820_SECOND_PASS_V4_round01	MANUAL_EMERGENCY_WORK_20260820_FIRST_PASS_V4_round01	ox5000-6cb94901ee4c66a30fb3	bold	adjective	B2	BLOCKED		BLOCKED V4: surface MT candidate lacks two-sided exact-definition support; method=Helsinki-NLP/opus-mt-en-uk_surface_candidate; exact Oxford definition='brave and confident; not afraid to say what you feel or to take risks'; candidate='жирний'; reverse='bold'; lexical=1.000; candidate_definition_similarity=0.133; reverse_definition_similarity=0.252.
MANUAL_EMERGENCY_WORK_20260820_SECOND_PASS_V4_round01	MANUAL_EMERGENCY_WORK_20260820_FIRST_PASS_V4_round01	ox5000-336cd82ab74183c72edd	bombing	noun	B2	PASS	бомбардува́ння	PASS V4: concise lexical equivalent; method=en_wiktionary_matching_pos_uk_translation; exact Oxford definition='an occasion when a bomb is dropped or left somewhere; the act of doing this'; candidate='бомбардува́ння'; reverse='bombing'; lexical=1.000; candidate_definition_similarity=0.743; reverse_definition_similarity=0.694; lexical-form/POS/role/source-grounded checks PASS.
MANUAL_EMERGENCY_WORK_20260820_SECOND_PASS_V4_round01	MANUAL_EMERGENCY_WORK_20260820_FIRST_PASS_V4_round01	ox5000-0324076e988934c9c7ca	booking	noun	B2	BLOCKED		BLOCKED V4: Wiktionary candidate does not back-translate to the exact English lexical identity; method=en_wiktionary_matching_pos_uk_translation; exact Oxford definition='an arrangement that you make in advance to buy a ticket to travel somewhere, go to the theatre, etc.'; candidate='резервува́ння'; reverse='reserve'; lexical=0.000; candidate_definition_similarity=0.399; reverse_definition_similarity=0.185.
MANUAL_EMERGENCY_WORK_20260820_SECOND_PASS_V4_round01	MANUAL_EMERGENCY_WORK_20260820_FIRST_PASS_V4_round01	ox5000-00636bc1e91847dc273e	boost	noun	B2	BLOCKED		BLOCKED V4: semantic role mismatch: Oxford definition requires person, reverse candidate looks generic; method=en_wiktionary_matching_pos_uk_translation; exact Oxford definition='something that helps or encourages somebody/something'; candidate='запомо́га'; reverse='relief work'; lexical=0.125; candidate_definition_similarity=0.355; reverse_definition_similarity=0.366.
MANUAL_EMERGENCY_WORK_20260820_SECOND_PASS_V4_round01	MANUAL_EMERGENCY_WORK_20260820_FIRST_PASS_V4_round01	ox5000-c0b4a3f25a5eb7edbd5f	boost	verb	B2	BLOCKED		BLOCKED V4: verb candidate is not an appropriate Ukrainian infinitive/verb phrase; method=Helsinki-NLP/opus-mt-en-uk_surface_candidate; exact Oxford definition='to make something increase, or become better or more successful'; candidate='Підсилення'; reverse='Gain'; lexical=0.000; candidate_definition_similarity=0.493; reverse_definition_similarity=0.464.
MANUAL_EMERGENCY_WORK_20260820_SECOND_PASS_V4_round01	MANUAL_EMERGENCY_WORK_20260820_FIRST_PASS_V4_round01	ox5000-1f5a6ea35a13b0e40dd1	bound	adjective	B2	BLOCKED		"BLOCKED V4: adjective candidate has no plausible Ukrainian adjective morphology; method=Helsinki-NLP/opus-mt-en-uk_surface_candidate; exact Oxford definition='certain or likely to happen, or to do or be something'; candidate=""прив' язаний""; reverse='bound'; lexical=1.000; candidate_definition_similarity=0.209; reverse_definition_similarity=0.126."
MANUAL_EMERGENCY_WORK_20260820_SECOND_PASS_V4_round01	MANUAL_EMERGENCY_WORK_20260820_FIRST_PASS_V4_round01	ox5000-f36df4a285a808895f17	brick	noun	B2	BLOCKED		BLOCKED V4: Wiktionary lexical candidate lacks two-sided exact-definition support; method=en_wiktionary_matching_pos_uk_translation; exact Oxford definition='baked clay used for building walls, houses and other buildings; an individual block of this'; candidate='цегли́стий'; reverse='brick'; lexical=1.000; candidate_definition_similarity=0.246; reverse_definition_similarity=0.540.
MANUAL_EMERGENCY_WORK_20260820_SECOND_PASS_V4_round01	MANUAL_EMERGENCY_WORK_20260820_FIRST_PASS_V4_round01	ox5000-c8c42d98d7e616f8064a	briefly	adverb	B2	BLOCKED		BLOCKED V4: multiword adverb candidate is not an adverbial phrase; method=Helsinki-NLP/opus-mt-en-uk_surface_candidate; exact Oxford definition='for a short time'; candidate='короткий час'; reverse='short time'; lexical=0.353; candidate_definition_similarity=0.879; reverse_definition_similarity=0.799.
MANUAL_EMERGENCY_WORK_20260820_SECOND_PASS_V4_round01	MANUAL_EMERGENCY_WORK_20260820_FIRST_PASS_V4_round01	ox5000-a29b52dd76fad8a77358	broadcaster	noun	B2	BLOCKED		BLOCKED V4: semantic role mismatch: Oxford definition requires person, reverse candidate looks generic; method=en_wiktionary_matching_pos_uk_translation; exact Oxford definition='a person whose job is presenting or talking on television or radio programmes'; candidate='мо́вник'; reverse='movnik'; lexical=0.118; candidate_definition_similarity=0.273; reverse_definition_similarity=0.341.
MANUAL_EMERGENCY_WORK_20260820_SECOND_PASS_V4_round01	MANUAL_EMERGENCY_WORK_20260820_FIRST_PASS_V4_round01	ox5000-c665d95862829f444fe3	broadly	adverb	B2	BLOCKED		BLOCKED V4: surface MT candidate does not back-translate to the exact English lexical identity; method=Helsinki-NLP/opus-mt-en-uk_surface_candidate; exact Oxford definition='generally, without considering details'; candidate='Широко'; reverse='Wide'; lexical=0.182; candidate_definition_similarity=0.437; reverse_definition_similarity=0.228.
MANUAL_EMERGENCY_WORK_20260820_SECOND_PASS_V4_round01	MANUAL_EMERGENCY_WORK_20260820_FIRST_PASS_V4_round01	ox5000-7e010b349356a4ff144c	bug	noun	B2	BLOCKED		BLOCKED V4: Wiktionary candidate does not back-translate to the exact English lexical identity; method=en_wiktionary_matching_pos_uk_translation; exact Oxford definition='any small insect'; candidate='ку́зка'; reverse='Ostrich'; lexical=0.000; candidate_definition_similarity=0.371; reverse_definition_similarity=0.416.
MANUAL_EMERGENCY_WORK_20260820_SECOND_PASS_V4_round01	MANUAL_EMERGENCY_WORK_20260820_FIRST_PASS_V4_round01	ox5000-bc1029015aec50c2aea1	cabin	noun	B2	BLOCKED		BLOCKED V4: noun candidate is verbal; method=en_wiktionary_matching_pos_uk_translation; exact Oxford definition='a small room on a ship in which you live or sleep'; candidate='хати́на'; reverse='House'; lexical=0.000; candidate_definition_similarity=0.245; reverse_definition_similarity=0.412.
MANUAL_EMERGENCY_WORK_20260820_SECOND_PASS_V4_round01	MANUAL_EMERGENCY_WORK_20260820_FIRST_PASS_V4_round01	ox5000-b575091301cde0aab47c	canal	noun	B2	BLOCKED		BLOCKED V4: Wiktionary lexical candidate lacks two-sided exact-definition support; method=en_wiktionary_matching_pos_uk_translation; exact Oxford definition='a long straight passage dug in the ground and filled with water for boats and ships to travel along; a smaller passage used for carrying water to fields, crops, etc.'; candidate='кана́л'; reverse='canal'; lexical=1.000; candidate_definition_similarity=0.166; reverse_definition_similarity=0.448.
MANUAL_EMERGENCY_WORK_20260820_SECOND_PASS_V4_round01	MANUAL_EMERGENCY_WORK_20260820_FIRST_PASS_V4_round01	ox5000-6c90d20f57eaa3951076	candle	noun	B2	PASS	свічка	PASS V4: concise lexical equivalent; method=Helsinki-NLP/opus-mt-en-uk_surface_candidate; exact Oxford definition='a round stick of wax with a piece of string (called a wick ) through the middle that is lit to give light as it burns'; candidate='свічка'; reverse='candle'; lexical=1.000; candidate_definition_similarity=0.618; reverse_definition_similarity=0.593; lexical-form/POS/role/source-grounded checks PASS.
MANUAL_EMERGENCY_WORK_20260820_SECOND_PASS_V4_round01	MANUAL_EMERGENCY_WORK_20260820_FIRST_PASS_V4_round01	ox5000-aadc5f65541eae6cccd0	carbon	noun	B2	PASS	вугле́ць	PASS V4: concise lexical equivalent; method=en_wiktionary_matching_pos_uk_translation; exact Oxford definition='a chemical element. Carbon is found in all living things, existing in a pure state as diamond and graphite .'; candidate='вугле́ць'; reverse='carbon'; lexical=1.000; candidate_definition_similarity=0.604; reverse_definition_similarity=0.652; lexical-form/POS/role/source-grounded checks PASS.
MANUAL_EMERGENCY_WORK_20260820_SECOND_PASS_V4_round01	MANUAL_EMERGENCY_WORK_20260820_FIRST_PASS_V4_round01	ox5000-9c94f94be7b1a888dd21	casual	adjective	B2	BLOCKED		BLOCKED V4: surface MT candidate does not back-translate to the exact English lexical identity; method=Helsinki-NLP/opus-mt-en-uk_surface_candidate; exact Oxford definition='not formal'; candidate='випадковий'; reverse='random'; lexical=0.167; candidate_definition_similarity=0.471; reverse_definition_similarity=0.229.
MANUAL_EMERGENCY_WORK_20260820_SECOND_PASS_V4_round01	MANUAL_EMERGENCY_WORK_20260820_FIRST_PASS_V4_round01	ox5000-2f11663a968a94ccb406	cave	noun	B2	PASS	печера	PASS V4: concise lexical equivalent; method=Helsinki-NLP/opus-mt-en-uk_surface_candidate; exact Oxford definition='a large hole in the side of a hill or cliff or under the ground'; candidate='печера'; reverse='Cave'; lexical=1.000; candidate_definition_similarity=0.635; reverse_definition_similarity=0.616; lexical-form/POS/role/source-grounded checks PASS.
MANUAL_EMERGENCY_WORK_20260820_SECOND_PASS_V4_round01	MANUAL_EMERGENCY_WORK_20260820_FIRST_PASS_V4_round01	ox5000-1a9ae9f38cefadbdbe69	certainty	noun	B2	BLOCKED		BLOCKED V4: Wiktionary candidate does not back-translate to the exact English lexical identity; method=en_wiktionary_matching_pos_uk_translation; exact Oxford definition='the state of being certain'; candidate='впе́вненість'; reverse='sureness'; lexical=0.235; candidate_definition_similarity=0.488; reverse_definition_similarity=0.723.
MANUAL_EMERGENCY_WORK_20260820_SECOND_PASS_V4_round01	MANUAL_EMERGENCY_WORK_20260820_FIRST_PASS_V4_round01	ox5000-f65ec664052307d40e5e	certificate	noun	B2	BLOCKED		BLOCKED V4: Wiktionary candidate does not back-translate to the exact English lexical identity; method=en_wiktionary_matching_pos_uk_translation; exact Oxford definition='an official document that may be used to prove that the facts it states are true'; candidate='свідо́цтво'; reverse='Testimony'; lexical=0.300; candidate_definition_similarity=0.331; reverse_definition_similarity=0.394.
MANUAL_EMERGENCY_WORK_20260820_SECOND_PASS_V4_round01	MANUAL_EMERGENCY_WORK_20260820_FIRST_PASS_V4_round01	ox5000-d11e4137c39c91300aa9	challenging	adjective	B2	BLOCKED		BLOCKED V4: surface MT candidate does not back-translate to the exact English lexical identity; method=Helsinki-NLP/opus-mt-en-uk_surface_candidate; exact Oxford definition='difficult in an interesting way that tests your ability'; candidate='складний'; reverse='complex'; lexical=0.333; candidate_definition_similarity=0.417; reverse_definition_similarity=0.249.
MANUAL_EMERGENCY_WORK_20260820_SECOND_PASS_V4_round01	MANUAL_EMERGENCY_WORK_20260820_FIRST_PASS_V4_round01	ox5000-371ffb23c06cf5d1b8ef	championship	noun	B2	BLOCKED		BLOCKED V4: Wiktionary candidate does not back-translate to the exact English lexical identity; method=en_wiktionary_matching_pos_uk_translation; exact Oxford definition='a competition to find the best player or team in a particular sport'; candidate='чемпіона́т'; reverse='champion'; lexical=1.000; candidate_definition_similarity=0.592; reverse_definition_similarity=0.569.
MANUAL_EMERGENCY_WORK_20260820_SECOND_PASS_V4_round01	MANUAL_EMERGENCY_WORK_20260820_FIRST_PASS_V4_round01	ox5000-aa38df2298e6ecac59b2	charming	adjective	B2	PASS	чарівна	PASS V4: concise lexical equivalent; method=Helsinki-NLP/opus-mt-en-uk_surface_candidate; exact Oxford definition='very pleasant or attractive'; candidate='чарівна'; reverse='charming'; lexical=1.000; candidate_definition_similarity=0.591; reverse_definition_similarity=0.723; lexical-form/POS/role/source-grounded checks PASS.
MANUAL_EMERGENCY_WORK_20260820_SECOND_PASS_V4_round01	MANUAL_EMERGENCY_WORK_20260820_FIRST_PASS_V4_round01	ox5000-faf95786d6bb15f92757	chase	noun	B2	BLOCKED		BLOCKED V4: noun candidate is an infinitive/verb form; method=en_wiktionary_matching_pos_uk_translation; exact Oxford definition='an act of running or driving after somebody/something in order to catch them or it'; candidate='поганя́ти'; reverse='Figurative'; lexical=0.267; candidate_definition_similarity=0.424; reverse_definition_similarity=0.342.
MANUAL_EMERGENCY_WORK_20260820_SECOND_PASS_V4_round01	MANUAL_EMERGENCY_WORK_20260820_FIRST_PASS_V4_round01	ox5000-1c569c97ca81d70efaf2	chase	verb	B2	BLOCKED		BLOCKED V4: semantic role mismatch: Oxford definition requires person, reverse candidate looks process; method=en_wiktionary_matching_pos_uk_translation; exact Oxford definition='to run, drive, etc. after somebody/something in order to catch them or it'; candidate='погна́ти'; reverse='Plowing'; lexical=0.000; candidate_definition_similarity=0.346; reverse_definition_similarity=0.260.
MANUAL_EMERGENCY_WORK_20260820_SECOND_PASS_V4_round01	MANUAL_EMERGENCY_WORK_20260820_FIRST_PASS_V4_round01	ox5000-9f02d00aa1a75bbfe2ec	cheek	noun	B2	BLOCKED		BLOCKED V4: Wiktionary candidate does not back-translate to the exact English lexical identity; method=en_wiktionary_matching_pos_uk_translation; exact Oxford definition='either side of the face below the eyes'; candidate='щока́'; reverse='whakʹ'; lexical=0.444; candidate_definition_similarity=0.261; reverse_definition_similarity=0.275.
MANUAL_EMERGENCY_WORK_20260820_SECOND_PASS_V4_round01	MANUAL_EMERGENCY_WORK_20260820_FIRST_PASS_V4_round01	ox5000-e9afbf1e9b9ba09c65ee	cheer	noun	B2	BLOCKED		BLOCKED V4: surface MT candidate does not back-translate to the exact English lexical identity; method=Helsinki-NLP/opus-mt-en-uk_surface_candidate; exact Oxford definition='a shout of joy, support or praise'; candidate='веселий'; reverse='fun'; lexical=0.000; candidate_definition_similarity=0.681; reverse_definition_similarity=0.499.
MANUAL_EMERGENCY_WORK_20260820_SECOND_PASS_V4_round01	MANUAL_EMERGENCY_WORK_20260820_FIRST_PASS_V4_round01	ox5000-042f56b4f8aa0bfb23f1	cheer	verb	B2	BLOCKED		BLOCKED V4: verb candidate is not an appropriate Ukrainian infinitive/verb phrase; method=Helsinki-NLP/opus-mt-en-uk_surface_candidate; exact Oxford definition='to shout loudly, in order to show support or praise for somebody, or to encourage them'; candidate='веселий'; reverse='fun'; lexical=0.000; candidate_definition_similarity=0.377; reverse_definition_similarity=0.246.
MANUAL_EMERGENCY_WORK_20260820_SECOND_PASS_V4_round01	MANUAL_EMERGENCY_WORK_20260820_FIRST_PASS_V4_round01	ox5000-4e45db7231a1deb4a27d	choir	noun	B2	BLOCKED		BLOCKED V4: semantic role mismatch: Oxford definition requires person, reverse candidate looks generic; method=en_wiktionary_matching_pos_uk_translation; exact Oxford definition='a group of people who sing together, for example in church services or public performances'; candidate='хор'; reverse='Chorus'; lexical=0.727; candidate_definition_similarity=0.684; reverse_definition_similarity=0.673.
MANUAL_EMERGENCY_WORK_20260820_SECOND_PASS_V4_round01	MANUAL_EMERGENCY_WORK_20260820_FIRST_PASS_V4_round01	ox5000-5f21cc31a80fe8b694f6	chop	verb	B2	BLOCKED		BLOCKED V4: English/source-language residue or model artifact; method=Helsinki-NLP/opus-mt-en-uk_surface_candidate; exact Oxford definition='to cut something into pieces with a sharp tool such as a knife'; candidate='bar'; reverse='bar'; lexical=0.000; candidate_definition_similarity=0.126; reverse_definition_similarity=0.126.
MANUAL_EMERGENCY_WORK_20260820_SECOND_PASS_V4_round01	MANUAL_EMERGENCY_WORK_20260820_FIRST_PASS_V4_round01	ox5000-14a30058a90886f8f5dc	circuit	noun	B2	BLOCKED		BLOCKED V4: semantic role mismatch: Oxford definition requires place, reverse candidate looks generic; method=en_wiktionary_matching_pos_uk_translation; exact Oxford definition='a line, route or journey around a place'; candidate='кругоо́біг'; reverse='round run'; lexical=0.250; candidate_definition_similarity=0.505; reverse_definition_similarity=0.333.
MANUAL_EMERGENCY_WORK_20260820_SECOND_PASS_V4_round01	MANUAL_EMERGENCY_WORK_20260820_FIRST_PASS_V4_round01	ox5000-50c859b7eef5dc7ea1e0	civilization	noun	B2	PASS	цивіліза́ція	PASS V4: concise lexical equivalent; method=en_wiktionary_matching_pos_uk_translation; exact Oxford definition='a state of human society that is very developed and organized'; candidate='цивіліза́ція'; reverse='civilization'; lexical=1.000; candidate_definition_similarity=0.653; reverse_definition_similarity=0.629; lexical-form/POS/role/source-grounded checks PASS.
MANUAL_EMERGENCY_WORK_20260820_SECOND_PASS_V4_round01	MANUAL_EMERGENCY_WORK_20260820_FIRST_PASS_V4_round01	ox5000-086a5e82dfa259ffe944	clarify	verb	B2	BLOCKED		BLOCKED V4: Wiktionary candidate does not back-translate to the exact English lexical identity; method=en_wiktionary_matching_pos_uk_translation; exact Oxford definition='to make something clearer or easier to understand'; candidate='очища́ти'; reverse='cleanse'; lexical=0.429; candidate_definition_similarity=0.394; reverse_definition_similarity=0.339.
MANUAL_EMERGENCY_WORK_20260820_SECOND_PASS_V4_round01	MANUAL_EMERGENCY_WORK_20260820_FIRST_PASS_V4_round01	ox5000-6d64823d57328578c4d4	classify	verb	B2	BLOCKED		BLOCKED V4: Wiktionary candidate does not back-translate to the exact English lexical identity; method=en_wiktionary_matching_pos_uk_translation; exact Oxford definition='to arrange something in groups according to features that they have in common'; candidate='засекре́чувати'; reverse='Cluctrate'; lexical=0.353; candidate_definition_similarity=0.265; reverse_definition_similarity=0.325.
MANUAL_EMERGENCY_WORK_20260820_SECOND_PASS_V4_round01	MANUAL_EMERGENCY_WORK_20260820_FIRST_PASS_V4_round01	ox5000-123000ccb24aad3cb552	clerk	noun	B2	BLOCKED		BLOCKED V4: semantic role mismatch: Oxford definition requires person, reverse candidate looks generic; method=en_wiktionary_matching_pos_uk_translation; exact Oxford definition='a person whose job is to serve customers in a shop'; candidate='службо́вка'; reverse='Service'; lexical=0.333; candidate_definition_similarity=0.480; reverse_definition_similarity=0.429.
MANUAL_EMERGENCY_WORK_20260820_SECOND_PASS_V4_round01	MANUAL_EMERGENCY_WORK_20260820_FIRST_PASS_V4_round01	ox5000-bf7922083634871fd76e	cliff	noun	B2	BLOCKED		BLOCKED V4: Wiktionary candidate does not back-translate to the exact English lexical identity; method=en_wiktionary_matching_pos_uk_translation; exact Oxford definition='a high area of rock with a very steep side, often at the edge of the sea or ocean'; candidate='ске́ля'; reverse='rock'; lexical=0.222; candidate_definition_similarity=0.182; reverse_definition_similarity=0.506.
MANUAL_EMERGENCY_WORK_20260820_SECOND_PASS_V4_round01	MANUAL_EMERGENCY_WORK_20260820_FIRST_PASS_V4_round01	ox5000-065f94e1d344097a9fb6	clinic	noun	B2	BLOCKED		BLOCKED V4: semantic role mismatch: Oxford definition requires place, reverse candidate looks generic; method=en_wiktionary_matching_pos_uk_translation; exact Oxford definition='a building or part of a hospital where people can go for special medical treatment or advice'; candidate='амбулато́рія'; reverse='ambultoria'; lexical=0.250; candidate_definition_similarity=0.290; reverse_definition_similarity=0.328.
MANUAL_EMERGENCY_WORK_20260820_SECOND_PASS_V4_round01	MANUAL_EMERGENCY_WORK_20260820_FIRST_PASS_V4_round01	ox5000-a57faf81bb42681a8e1a	clip	noun	B2	PASS	кліп	PASS V4: concise lexical equivalent; method=Helsinki-NLP/opus-mt-en-uk_surface_candidate; exact Oxford definition='a short part of a film that is shown separately'; candidate='кліп'; reverse='music clip'; lexical=1.000; candidate_definition_similarity=0.540; reverse_definition_similarity=0.449; lexical-form/POS/role/source-grounded checks PASS.
MANUAL_EMERGENCY_WORK_20260820_SECOND_PASS_V4_round01	MANUAL_EMERGENCY_WORK_20260820_FIRST_PASS_V4_round01	ox5000-716808837b74db6359aa	coincidence	noun	B2	BLOCKED		BLOCKED V4: Wiktionary candidate does not back-translate to the exact English lexical identity; method=en_wiktionary_matching_pos_uk_translation; exact Oxford definition='the fact of two things happening at the same time by chance, in a surprising way'; candidate='збіг'; reverse='match'; lexical=0.125; candidate_definition_similarity=0.455; reverse_definition_similarity=0.241.
MANUAL_EMERGENCY_WORK_20260820_SECOND_PASS_V4_round01	MANUAL_EMERGENCY_WORK_20260820_FIRST_PASS_V4_round01	ox5000-8c5031daad7f45108dc2	collector	noun	B2	BLOCKED		BLOCKED V4: semantic role mismatch: Oxford definition requires person, reverse candidate looks process; method=en_wiktionary_matching_pos_uk_translation; exact Oxford definition='a person who collects things, either as a hobby or as a job'; candidate='колекціоне́р'; reverse='collection'; lexical=0.842; candidate_definition_similarity=0.591; reverse_definition_similarity=0.481.
MANUAL_EMERGENCY_WORK_20260820_SECOND_PASS_V4_round01	MANUAL_EMERGENCY_WORK_20260820_FIRST_PASS_V4_round01	ox5000-d986169e6087570a695b	colony	noun	B2	BLOCKED		BLOCKED V4: semantic role mismatch: Oxford definition requires place, reverse candidate looks generic; method=en_wiktionary_matching_pos_uk_translation; exact Oxford definition='a country or an area that is governed by people from another, more powerful, country'; candidate='коло́нія'; reverse='numonium'; lexical=0.286; candidate_definition_similarity=0.282; reverse_definition_similarity=0.059.
MANUAL_EMERGENCY_WORK_20260820_SECOND_PASS_V4_round01	MANUAL_EMERGENCY_WORK_20260820_FIRST_PASS_V4_round01	ox5000-e8838df3182b0d30fd61	colourful	adjective	B2	BLOCKED		BLOCKED V4: surface MT candidate does not back-translate to the exact English lexical identity; method=Helsinki-NLP/opus-mt-en-uk_surface_candidate; exact Oxford definition='full of bright colours or having a lot of different colours'; candidate='кольоровий'; reverse='color'; lexical=0.714; candidate_definition_similarity=0.722; reverse_definition_similarity=0.696.
MANUAL_EMERGENCY_WORK_20260820_SECOND_PASS_V4_round01	MANUAL_EMERGENCY_WORK_20260820_FIRST_PASS_V4_round01	ox5000-85c56babf231b6fd11a6	comic	adjective	B2	BLOCKED		BLOCKED V4: adjective candidate has no plausible Ukrainian adjective morphology; method=Helsinki-NLP/opus-mt-en-uk_surface_candidate; exact Oxford definition='humorous and making you laugh'; candidate='комікси'; reverse='comics'; lexical=1.000; candidate_definition_similarity=0.379; reverse_definition_similarity=0.279.
MANUAL_EMERGENCY_WORK_20260820_SECOND_PASS_V4_round01	MANUAL_EMERGENCY_WORK_20260820_FIRST_PASS_V4_round01	ox5000-3ef335dbc548cf6ee9a2	comic	noun	B2	BLOCKED		BLOCKED V4: Wiktionary candidate does not back-translate to the exact English lexical identity; method=en_wiktionary_matching_pos_uk_translation; exact Oxford definition='a magazine, usually for children, that tells stories through pictures'; candidate='ко́мік'; reverse='Koʹmika'; lexical=0.500; candidate_definition_similarity=0.211; reverse_definition_similarity=0.133.
MANUAL_EMERGENCY_WORK_20260820_SECOND_PASS_V4_round01	MANUAL_EMERGENCY_WORK_20260820_FIRST_PASS_V4_round01	ox5000-8088b7e5636be8851c0c	commander	noun	B2	PASS	команди́р	PASS V4: concise lexical equivalent; method=en_wiktionary_matching_pos_uk_translation; exact Oxford definition='a person who is in charge of something, especially an officer in charge of a particular group of soldiers or a military operation'; candidate='команди́р'; reverse='commander'; lexical=1.000; candidate_definition_similarity=0.404; reverse_definition_similarity=0.641; lexical-form/POS/role/source-grounded checks PASS.
MANUAL_EMERGENCY_WORK_20260820_SECOND_PASS_V4_round01	MANUAL_EMERGENCY_WORK_20260820_FIRST_PASS_V4_round01	ox5000-39d12fcbbe01c1f981f5	comparative	adjective	B2	PASS	порівня́льний	PASS V4: concise lexical equivalent; method=en_wiktionary_matching_pos_uk_translation; exact Oxford definition='measured or judged by how similar or different it is to something else'; candidate='порівня́льний'; reverse='comparative'; lexical=1.000; candidate_definition_similarity=0.477; reverse_definition_similarity=0.462; lexical-form/POS/role/source-grounded checks PASS.
MANUAL_EMERGENCY_WORK_20260820_SECOND_PASS_V4_round01	MANUAL_EMERGENCY_WORK_20260820_FIRST_PASS_V4_round01	ox5000-3b7af52b2f41a82a1271	completion	noun	B2	PASS	завершення	PASS V4: concise lexical equivalent; method=Helsinki-NLP/opus-mt-en-uk_surface_candidate; exact Oxford definition='the act or process of finishing something; the state of being finished and complete'; candidate='завершення'; reverse='completion'; lexical=1.000; candidate_definition_similarity=0.628; reverse_definition_similarity=0.646; lexical-form/POS/role/source-grounded checks PASS.
MANUAL_EMERGENCY_WORK_20260820_SECOND_PASS_V4_round01	MANUAL_EMERGENCY_WORK_20260820_FIRST_PASS_V4_round01	ox5000-e07de55ff108c88cf492	compose	verb	B2	BLOCKED		BLOCKED V4: Wiktionary candidate does not back-translate to the exact English lexical identity; method=en_wiktionary_matching_pos_uk_translation; exact Oxford definition='to write music'; candidate='склада́ти'; reverse='syllables'; lexical=0.250; candidate_definition_similarity=0.347; reverse_definition_similarity=0.301.
MANUAL_EMERGENCY_WORK_20260820_SECOND_PASS_V4_round01	MANUAL_EMERGENCY_WORK_20260820_FIRST_PASS_V4_round01	ox5000-9a75af8e33d69fd7d823	composer	noun	B2	BLOCKED		BLOCKED V4: Wiktionary candidate does not back-translate to the exact English lexical identity; method=en_wiktionary_matching_pos_uk_translation; exact Oxford definition='a person who writes music, especially classical music'; candidate='компози́тор'; reverse='Compositor'; lexical=0.778; candidate_definition_similarity=0.571; reverse_definition_similarity=0.213.
MANUAL_EMERGENCY_WORK_20260820_SECOND_PASS_V4_round01	MANUAL_EMERGENCY_WORK_20260820_FIRST_PASS_V4_round01	ox5000-0f76508d4a3a6e8d10e7	compound	noun	B2	BLOCKED		BLOCKED V4: candidate is not predominantly Ukrainian; method=Helsinki-NLP/opus-mt-en-uk_surface_candidate; exact Oxford definition='a thing consisting of two or more separate things combined together'; candidate='complication'; reverse='complication'; lexical=0.600; candidate_definition_similarity=0.253; reverse_definition_similarity=0.253.
MANUAL_EMERGENCY_WORK_20260820_SECOND_PASS_V4_round01	MANUAL_EMERGENCY_WORK_20260820_FIRST_PASS_V4_round01	ox5000-cef7e9caa766c637d105	comprehensive	adjective	B2	BLOCKED		BLOCKED V4: Wiktionary candidate does not back-translate to the exact English lexical identity; method=en_wiktionary_matching_pos_uk_translation; exact Oxford definition='including all, or almost all, the items, details, facts, information, etc., that may be involved'; candidate='всебі́чний'; reverse='full - fledged'; lexical=0.160; candidate_definition_similarity=0.332; reverse_definition_similarity=0.216.
MANUAL_EMERGENCY_WORK_20260820_SECOND_PASS_V4_round01	MANUAL_EMERGENCY_WORK_20260820_FIRST_PASS_V4_round01	ox5000-6836ebe09ea109e5cb9c	comprise	verb	B2	BLOCKED		BLOCKED V4: Wiktionary candidate does not back-translate to the exact English lexical identity; method=en_wiktionary_matching_pos_uk_translation; exact Oxford definition='to have somebody/something as parts or members'; candidate='складатися із'; reverse='consist of'; lexical=0.444; candidate_definition_similarity=0.423; reverse_definition_similarity=0.392.
MANUAL_EMERGENCY_WORK_20260820_SECOND_PASS_V4_round01	MANUAL_EMERGENCY_WORK_20260820_FIRST_PASS_V4_round01	ox5000-ab47bcb0aeacbb3a4f2b	compulsory	adjective	B2	BLOCKED		"BLOCKED V4: Wiktionary candidate does not back-translate to the exact English lexical identity; method=en_wiktionary_matching_pos_uk_translation; exact Oxford definition='that must be done because of a law or a rule'; candidate=""обов'язко́вий""; reverse='army'; lexical=0.286; candidate_definition_similarity=0.507; reverse_definition_similarity=0.115."
MANUAL_EMERGENCY_WORK_20260820_SECOND_PASS_V4_round01	MANUAL_EMERGENCY_WORK_20260820_FIRST_PASS_V4_round01	ox5000-3dbc882686b6ebef26d1	concrete	adjective	B2	BLOCKED		BLOCKED V4: Wiktionary candidate does not back-translate to the exact English lexical identity; method=en_wiktionary_matching_pos_uk_translation; exact Oxford definition='made of concrete'; candidate='спра́вжній'; reverse='question'; lexical=0.250; candidate_definition_similarity=0.273; reverse_definition_similarity=0.237.
MANUAL_EMERGENCY_WORK_20260820_SECOND_PASS_V4_round01	MANUAL_EMERGENCY_WORK_20260820_FIRST_PASS_V4_round01	ox5000-d782f68d3229c5a378fe	concrete	noun	B2	PASS	бетон	PASS V4: concise lexical equivalent; method=Helsinki-NLP/opus-mt-en-uk_surface_candidate; exact Oxford definition='building material that is made by mixing together cement , sand, small stones and water'; candidate='бетон'; reverse='concrete'; lexical=1.000; candidate_definition_similarity=0.639; reverse_definition_similarity=0.624; lexical-form/POS/role/source-grounded checks PASS.
MANUAL_EMERGENCY_WORK_20260820_SECOND_PASS_V4_round01	MANUAL_EMERGENCY_WORK_20260820_FIRST_PASS_V4_round01	ox5000-5bc4fd2b67e8c09eca85	confess	verb	B2	PASS	Зізнатися	PASS V4: concise lexical equivalent; method=Helsinki-NLP/opus-mt-en-uk_surface_candidate; exact Oxford definition='to admit, especially formally or to the police, that you have done something wrong or illegal'; candidate='Зізнатися'; reverse='Confess'; lexical=1.000; candidate_definition_similarity=0.472; reverse_definition_similarity=0.433; lexical-form/POS/role/source-grounded checks PASS.
MANUAL_EMERGENCY_WORK_20260820_SECOND_PASS_V4_round01	MANUAL_EMERGENCY_WORK_20260820_FIRST_PASS_V4_round01	ox5000-85a7a64b9f86bcca1831	confusion	noun	B2	BLOCKED		BLOCKED V4: surface MT candidate lacks two-sided exact-definition support; method=Helsinki-NLP/opus-mt-en-uk_surface_candidate; exact Oxford definition='a state of not being certain about what is happening, what you should do, what something means, etc.'; candidate='плутанина'; reverse='confusion'; lexical=1.000; candidate_definition_similarity=0.323; reverse_definition_similarity=0.312.
MANUAL_EMERGENCY_WORK_20260820_SECOND_PASS_V4_round01	MANUAL_EMERGENCY_WORK_20260820_FIRST_PASS_V4_round01	ox5000-c88a5ab0c123045d4363	consequently	adverb	B2	BLOCKED		BLOCKED V4: multiword adverb candidate is not an adverbial phrase; method=en_wiktionary_matching_pos_uk_translation; exact Oxford definition='as a result; therefore'; candidate='як наслідок'; reverse='the result.'; lexical=0.273; candidate_definition_similarity=0.828; reverse_definition_similarity=0.764.
MANUAL_EMERGENCY_WORK_20260820_SECOND_PASS_V4_round01	MANUAL_EMERGENCY_WORK_20260820_FIRST_PASS_V4_round01	ox5000-0af7e2fe2fa36ccfdcac	conservation	noun	B2	BLOCKED		BLOCKED V4: Wiktionary candidate does not back-translate to the exact English lexical identity; method=en_wiktionary_matching_pos_uk_translation; exact Oxford definition='the protection of the natural environment'; candidate='консерва́ція'; reverse='preservation'; lexical=0.750; candidate_definition_similarity=0.481; reverse_definition_similarity=0.470.
MANUAL_EMERGENCY_WORK_20260820_SECOND_PASS_V4_round01	MANUAL_EMERGENCY_WORK_20260820_FIRST_PASS_V4_round01	ox5000-26a00e51322ff7c8d3ee	considerable	adjective	B2	BLOCKED		BLOCKED V4: candidate is not predominantly Ukrainian; method=Helsinki-NLP/opus-mt-en-uk_surface_candidate; exact Oxford definition='great in amount, size, importance, etc.'; candidate='minute'; reverse='minute'; lexical=0.222; candidate_definition_similarity=0.147; reverse_definition_similarity=0.147.
MANUAL_EMERGENCY_WORK_20260820_SECOND_PASS_V4_round01	MANUAL_EMERGENCY_WORK_20260820_FIRST_PASS_V4_round01	ox5000-326407a82f0ca95e4a7e	considerably	adverb	B2	BLOCKED		BLOCKED V4: surface MT candidate does not back-translate to the exact English lexical identity; method=Helsinki-NLP/opus-mt-en-uk_surface_candidate; exact Oxford definition='much; a lot'; candidate='Значно'; reverse='Large'; lexical=0.118; candidate_definition_similarity=0.598; reverse_definition_similarity=0.488.
MANUAL_EMERGENCY_WORK_20260820_SECOND_PASS_V4_round01	MANUAL_EMERGENCY_WORK_20260820_FIRST_PASS_V4_round01	ox5000-29eb47fd6a314aa1730d	consistently	adverb	B2	BLOCKED		BLOCKED V4: surface MT candidate does not back-translate to the exact English lexical identity; method=Helsinki-NLP/opus-mt-en-uk_surface_candidate; exact Oxford definition='always the same'; candidate='завжди'; reverse='always'; lexical=0.111; candidate_definition_similarity=0.776; reverse_definition_similarity=0.815.
MANUAL_EMERGENCY_WORK_20260820_SECOND_PASS_V4_round01	MANUAL_EMERGENCY_WORK_20260820_FIRST_PASS_V4_round01	ox5000-b3dd4396526c004c1d2a	conspiracy	noun	B2	BLOCKED		BLOCKED V4: Wiktionary candidate does not back-translate to the exact English lexical identity; method=en_wiktionary_matching_pos_uk_translation; exact Oxford definition='a secret plan by a group of people to do something harmful or illegal'; candidate='змо́ва'; reverse='croak'; lexical=0.400; candidate_definition_similarity=0.270; reverse_definition_similarity=0.176.
MANUAL_EMERGENCY_WORK_20260820_SECOND_PASS_V4_round01	MANUAL_EMERGENCY_WORK_20260820_FIRST_PASS_V4_round01	ox5000-53a7b9ea5ca0a81c0606	consult	verb	B2	BLOCKED		BLOCKED V4: verb candidate is not an appropriate Ukrainian infinitive/verb phrase; method=Helsinki-NLP/opus-mt-en-uk_surface_candidate; exact Oxford definition='to go to somebody for information or advice'; candidate='консультація'; reverse='consult'; lexical=1.000; candidate_definition_similarity=0.543; reverse_definition_similarity=0.500.
MANUAL_EMERGENCY_WORK_20260820_SECOND_PASS_V4_round01	MANUAL_EMERGENCY_WORK_20260820_FIRST_PASS_V4_round01	ox5000-e55a43ce5b36ea4927c8	consultant	noun	B2	BLOCKED		BLOCKED V4: semantic role mismatch: Oxford definition requires person, reverse candidate looks generic; method=en_wiktionary_matching_pos_uk_translation; exact Oxford definition='a person who knows a lot about a particular subject and is employed to give advice about it to other people'; candidate='консульта́нтка'; reverse='consultantant'; lexical=1.000; candidate_definition_similarity=0.522; reverse_definition_similarity=0.521.
MANUAL_EMERGENCY_WORK_20260820_SECOND_PASS_V4_round01	MANUAL_EMERGENCY_WORK_20260820_FIRST_PASS_V4_round01	ox5000-3c252e710be02044ad41	consumption	noun	B2	PASS	споживання	PASS V4: concise lexical equivalent; method=Helsinki-NLP/opus-mt-en-uk_surface_candidate; exact Oxford definition='the act of using energy, food or materials; the amount used'; candidate='споживання'; reverse='consumption'; lexical=1.000; candidate_definition_similarity=0.578; reverse_definition_similarity=0.556; lexical-form/POS/role/source-grounded checks PASS.
MANUAL_EMERGENCY_WORK_20260820_SECOND_PASS_V4_round01	MANUAL_EMERGENCY_WORK_20260820_FIRST_PASS_V4_round01	ox5000-82041bb10d995697e45c	controversial	adjective	B2	BLOCKED		BLOCKED V4: Wiktionary candidate does not back-translate to the exact English lexical identity; method=en_wiktionary_matching_pos_uk_translation; exact Oxford definition='causing a lot of angry public discussion and disagreement'; candidate='дискусі́йний'; reverse='discussion'; lexical=0.261; candidate_definition_similarity=0.547; reverse_definition_similarity=0.475.
MANUAL_EMERGENCY_WORK_20260820_SECOND_PASS_V4_round01	MANUAL_EMERGENCY_WORK_20260820_FIRST_PASS_V4_round01	ox5000-e8a0747e227d712361ce	controversy	noun	B2	BLOCKED		BLOCKED V4: Wiktionary candidate does not back-translate to the exact English lexical identity; method=en_wiktionary_matching_pos_uk_translation; exact Oxford definition='public discussion and argument about something that many people strongly disagree about, think is bad, or are shocked by'; candidate='супере́ка'; reverse='Supergek'; lexical=0.211; candidate_definition_similarity=0.005; reverse_definition_similarity=-0.015.
MANUAL_EMERGENCY_WORK_20260820_SECOND_PASS_V4_round01	MANUAL_EMERGENCY_WORK_20260820_FIRST_PASS_V4_round01	ox5000-dec69195d3cbcb283102	convenience	noun	B2	BLOCKED		BLOCKED V4: semantic role mismatch: Oxford definition requires person, reverse candidate looks state; method=en_wiktionary_matching_pos_uk_translation; exact Oxford definition='the quality of being useful, easy or suitable for somebody'; candidate='зру́чність'; reverse='weariness'; lexical=0.200; candidate_definition_similarity=0.406; reverse_definition_similarity=0.267.
MANUAL_EMERGENCY_WORK_20260820_SECOND_PASS_V4_round01	MANUAL_EMERGENCY_WORK_20260820_FIRST_PASS_V4_round01	ox5000-0f41dc7cf551486cfea5	convention	noun	B2	BLOCKED		BLOCKED V4: Wiktionary candidate does not back-translate to the exact English lexical identity; method=en_wiktionary_matching_pos_uk_translation; exact Oxford definition='the way in which something is done that most people in a society expect and consider to be polite or the right way to do it'; candidate='конве́нція'; reverse='convencia'; lexical=0.737; candidate_definition_similarity=0.240; reverse_definition_similarity=0.259.
MANUAL_EMERGENCY_WORK_20260820_SECOND_PASS_V4_round01	MANUAL_EMERGENCY_WORK_20260820_FIRST_PASS_V4_round01	ox5000-e1c13a38e16cdfc2623d	conventional	adjective	B2	BLOCKED		BLOCKED V4: Wiktionary candidate does not back-translate to the exact English lexical identity; method=en_wiktionary_matching_pos_uk_translation; exact Oxford definition='tending to follow what is done or considered acceptable by society in general; normal and ordinary, and perhaps not very interesting'; candidate='загальнопри́йнятий'; reverse='generally accepted'; lexical=0.267; candidate_definition_similarity=0.344; reverse_definition_similarity=0.534.
MANUAL_EMERGENCY_WORK_20260820_SECOND_PASS_V4_round01	MANUAL_EMERGENCY_WORK_20260820_FIRST_PASS_V4_round01	ox5000-3ed6772c28d9fdbd70ca	convey	verb	B2	BLOCKED		BLOCKED V4: semantic role mismatch: Oxford definition requires person, reverse candidate looks generic; method=en_wiktionary_matching_pos_uk_translation; exact Oxford definition='to make ideas, feelings, etc. known to somebody'; candidate='передава́ти'; reverse='translats'; lexical=0.133; candidate_definition_similarity=0.254; reverse_definition_similarity=0.208.
MANUAL_EMERGENCY_WORK_20260820_SECOND_PASS_V4_round01	MANUAL_EMERGENCY_WORK_20260820_FIRST_PASS_V4_round01	ox5000-acdf0358f54cd515da09	convincing	adjective	B2	BLOCKED		BLOCKED V4: semantic role mismatch: Oxford definition requires person, reverse candidate looks generic; method=en_wiktionary_matching_pos_uk_translation; exact Oxford definition='that makes somebody believe that something is true'; candidate='переко́нливий'; reverse='transflexive'; lexical=0.182; candidate_definition_similarity=0.470; reverse_definition_similarity=0.064.
MANUAL_EMERGENCY_WORK_20260820_SECOND_PASS_V4_round01	MANUAL_EMERGENCY_WORK_20260820_FIRST_PASS_V4_round01	ox5000-7a10e528e2e5ee26cb22	cope	verb	B2	BLOCKED		BLOCKED V4: Wiktionary candidate does not back-translate to the exact English lexical identity; method=en_wiktionary_matching_pos_uk_translation; exact Oxford definition='to deal successfully with something difficult'; candidate='впо́ратися'; reverse='Take care of it.'; lexical=0.211; candidate_definition_similarity=0.428; reverse_definition_similarity=0.437.
MANUAL_EMERGENCY_WORK_20260820_SECOND_PASS_V4_round01	MANUAL_EMERGENCY_WORK_20260820_FIRST_PASS_V4_round01	ox5000-71efa31e1845bf3e367e	corporation	noun	B2	PASS	корпора́ція	PASS V4: concise lexical equivalent; method=en_wiktionary_matching_pos_uk_translation; exact Oxford definition='a large business company'; candidate='корпора́ція'; reverse='corporation'; lexical=1.000; candidate_definition_similarity=0.423; reverse_definition_similarity=0.781; lexical-form/POS/role/source-grounded checks PASS.
MANUAL_EMERGENCY_WORK_20260820_SECOND_PASS_V4_round01	MANUAL_EMERGENCY_WORK_20260820_FIRST_PASS_V4_round01	ox5000-1c94148d8ef30f683882	corridor	noun	B2	PASS	коридор	PASS V4: concise lexical equivalent; method=Helsinki-NLP/opus-mt-en-uk_surface_candidate; exact Oxford definition='a long narrow passage in a building, with doors that open into rooms on either side'; candidate='коридор'; reverse='corridor'; lexical=1.000; candidate_definition_similarity=0.601; reverse_definition_similarity=0.580; lexical-form/POS/role/source-grounded checks PASS.
MANUAL_EMERGENCY_WORK_20260820_SECOND_PASS_V4_round01	MANUAL_EMERGENCY_WORK_20260820_FIRST_PASS_V4_round01	ox5000-a5d502e140ed298b6b90	corrupt	adjective	C1	BLOCKED		BLOCKED V4: Wiktionary candidate does not back-translate to the exact English lexical identity; method=en_wiktionary_matching_pos_uk_translation; exact Oxford definition='willing to use their power to do dishonest or illegal things in return for money or to get an advantage'; candidate='прода́жний'; reverse='Securing'; lexical=0.267; candidate_definition_similarity=0.189; reverse_definition_similarity=0.274.
MANUAL_EMERGENCY_WORK_20260820_SECOND_PASS_V4_round01	MANUAL_EMERGENCY_WORK_20260820_FIRST_PASS_V4_round01	ox5000-9ebdcc1221c51b64dc68	corruption	noun	C1	PASS	корупція	PASS V4: concise lexical equivalent; method=Helsinki-NLP/opus-mt-en-uk_surface_candidate; exact Oxford definition='dishonest or illegal behaviour, especially of people in authority'; candidate='корупція'; reverse='Corruption'; lexical=1.000; candidate_definition_similarity=0.513; reverse_definition_similarity=0.503; lexical-form/POS/role/source-grounded checks PASS.
MANUAL_EMERGENCY_WORK_20260820_SECOND_PASS_V4_round01	MANUAL_EMERGENCY_WORK_20260820_FIRST_PASS_V4_round01	ox5000-66fcf81c27cba109d948	counter	noun	B2	BLOCKED		BLOCKED V4: Wiktionary candidate does not back-translate to the exact English lexical identity; method=en_wiktionary_matching_pos_uk_translation; exact Oxford definition='a long flat surface over which goods are sold or business is done in a shop, bank, etc.'; candidate='сто́йка'; reverse='Stalestone'; lexical=0.353; candidate_definition_similarity=0.244; reverse_definition_similarity=0.365.
MANUAL_EMERGENCY_WORK_20260820_SECOND_PASS_V4_round01	MANUAL_EMERGENCY_WORK_20260820_FIRST_PASS_V4_round01	ox5000-7ab982c1e86cfa8707dd	coup	noun	C1	BLOCKED		BLOCKED V4: surface MT candidate does not back-translate to the exact English lexical identity; method=Helsinki-NLP/opus-mt-en-uk_surface_candidate; exact Oxford definition='a sudden change of government that is illegal and often violent'; candidate='переворот'; reverse='revolution'; lexical=0.286; candidate_definition_similarity=0.439; reverse_definition_similarity=0.498.
MANUAL_EMERGENCY_WORK_20260820_SECOND_PASS_V4_round01	MANUAL_EMERGENCY_WORK_20260820_FIRST_PASS_V4_round01	ox5000-55a15b7d5ef384c80100	coverage	noun	B2	BLOCKED		BLOCKED V4: Wiktionary candidate does not back-translate to the exact English lexical identity; method=en_wiktionary_matching_pos_uk_translation; exact Oxford definition='the reporting of news and sport in the media'; candidate='ви́світлення'; reverse='light'; lexical=0.154; candidate_definition_similarity=0.088; reverse_definition_similarity=0.038.
MANUAL_EMERGENCY_WORK_20260820_SECOND_PASS_V4_round01	MANUAL_EMERGENCY_WORK_20260820_FIRST_PASS_V4_round01	ox5000-d1c900d343f498dba838	crack	noun	B2	BLOCKED		BLOCKED V4: Wiktionary candidate does not back-translate to the exact English lexical identity; method=en_wiktionary_matching_pos_uk_translation; exact Oxford definition='a line on the surface of something where it has broken but not split into separate parts'; candidate='трі́щина'; reverse='trinket'; lexical=0.333; candidate_definition_similarity=0.355; reverse_definition_similarity=0.231.
MANUAL_EMERGENCY_WORK_20260820_SECOND_PASS_V4_round01	MANUAL_EMERGENCY_WORK_20260820_FIRST_PASS_V4_round01	ox5000-b4e92bed580e34479f83	crack	verb	B2	BLOCKED		BLOCKED V4: verb candidate is not an appropriate Ukrainian infinitive/verb phrase; method=en_wiktionary_matching_pos_uk_translation; exact Oxford definition='to break without dividing into separate parts; to break something in this way'; candidate='трі́щина'; reverse='trinket'; lexical=0.333; candidate_definition_similarity=0.369; reverse_definition_similarity=0.245.
MANUAL_EMERGENCY_WORK_20260820_SECOND_PASS_V4_round01	MANUAL_EMERGENCY_WORK_20260820_FIRST_PASS_V4_round01	ox5000-58b2e3328e4ac0838b4d	craft	noun	B2	BLOCKED		BLOCKED V4: Wiktionary candidate does not back-translate to the exact English lexical identity; method=en_wiktionary_matching_pos_uk_translation; exact Oxford definition='an activity involving a special skill at making things with your hands'; candidate='впра́вність'; reverse='carefulness'; lexical=0.375; candidate_definition_similarity=0.338; reverse_definition_similarity=0.291.
MANUAL_EMERGENCY_WORK_20260820_SECOND_PASS_V4_round01	MANUAL_EMERGENCY_WORK_20260820_FIRST_PASS_V4_round01	ox5000-95c41b3fd9cb792c67d3	creativity	noun	B2	PASS	креативність	PASS V4: concise lexical equivalent; method=Helsinki-NLP/opus-mt-en-uk_surface_candidate; exact Oxford definition='the use of skill and imagination to produce something new or to produce art'; candidate='креативність'; reverse='creativity'; lexical=1.000; candidate_definition_similarity=0.732; reverse_definition_similarity=0.713; lexical-form/POS/role/source-grounded checks PASS.
MANUAL_EMERGENCY_WORK_20260820_SECOND_PASS_V4_round01	MANUAL_EMERGENCY_WORK_20260820_FIRST_PASS_V4_round01	ox5000-ce478e8e55423fc0eab3	critically	adverb	B2	BLOCKED		BLOCKED V4: semantic role mismatch: Oxford definition requires person, reverse candidate looks generic; method=Helsinki-NLP/opus-mt-en-uk_surface_candidate; exact Oxford definition='in a way that says what you think is bad about somebody/something'; candidate='Критично'; reverse='Critical'; lexical=1.000; candidate_definition_similarity=0.346; reverse_definition_similarity=0.249.
MANUAL_EMERGENCY_WORK_20260820_SECOND_PASS_V4_round01	MANUAL_EMERGENCY_WORK_20260820_FIRST_PASS_V4_round01	ox5000-83013615bdf6bfabd81c	cruise	noun	B2	BLOCKED		BLOCKED V4: Wiktionary candidate does not back-translate to the exact English lexical identity; method=en_wiktionary_matching_pos_uk_translation; exact Oxford definition='a journey by ship or boat, visiting different places, especially as a holiday'; candidate='морська́ по́дорож'; reverse='Seaway'; lexical=0.333; candidate_definition_similarity=0.620; reverse_definition_similarity=0.340.
MANUAL_EMERGENCY_WORK_20260820_SECOND_PASS_V4_round01	MANUAL_EMERGENCY_WORK_20260820_FIRST_PASS_V4_round01	ox5000-66932a98dca84a2dbbc3	cruise	verb	B2	BLOCKED		BLOCKED V4: verb candidate is not an appropriate Ukrainian infinitive/verb phrase; method=Helsinki-NLP/opus-mt-en-uk_surface_candidate; exact Oxford definition='to travel in a ship or boat visiting different places, especially as a holiday'; candidate='Круїз'; reverse='Cruise'; lexical=1.000; candidate_definition_similarity=0.159; reverse_definition_similarity=0.392.
MANUAL_EMERGENCY_WORK_20260820_SECOND_PASS_V4_round01	MANUAL_EMERGENCY_WORK_20260820_FIRST_PASS_V4_round01	ox5000-816dc4076d218bff7be8	cue	noun	B2	BLOCKED		BLOCKED V4: candidate is not predominantly Ukrainian; method=Helsinki-NLP/opus-mt-en-uk_surface_candidate; exact Oxford definition='an action or event that is a signal for somebody to do something'; candidate='cue'; reverse='cue'; lexical=1.000; candidate_definition_similarity=0.488; reverse_definition_similarity=0.488.
MANUAL_EMERGENCY_WORK_20260820_SECOND_PASS_V4_round01	MANUAL_EMERGENCY_WORK_20260820_FIRST_PASS_V4_round01	ox5000-bd34112b30a90cadea44	cult	adjective	C1	BLOCKED		BLOCKED V4: surface MT candidate does not back-translate to the exact English lexical identity; method=Helsinki-NLP/opus-mt-en-uk_surface_candidate; exact Oxford definition='very popular with a particular group of people'; candidate='секта'; reverse='sect'; lexical=0.500; candidate_definition_similarity=0.231; reverse_definition_similarity=0.188.
MANUAL_EMERGENCY_WORK_20260820_SECOND_PASS_V4_round01	MANUAL_EMERGENCY_WORK_20260820_FIRST_PASS_V4_round01	ox5000-f0ac4360614dd59c0109	cult	noun	C1	BLOCKED		BLOCKED V4: Wiktionary lexical candidate lacks two-sided exact-definition support; method=en_wiktionary_matching_pos_uk_translation; exact Oxford definition='a way of life, an attitude, an idea, etc. that has become very popular'; candidate='культ'; reverse='cult'; lexical=1.000; candidate_definition_similarity=0.326; reverse_definition_similarity=0.311.
MANUAL_EMERGENCY_WORK_20260820_SECOND_PASS_V4_round01	MANUAL_EMERGENCY_WORK_20260820_FIRST_PASS_V4_round01	ox5000-979c0fd9679daf0c797f	curious	adjective	B2	BLOCKED		BLOCKED V4: Wiktionary candidate does not back-translate to the exact English lexical identity; method=en_wiktionary_matching_pos_uk_translation; exact Oxford definition='having a strong desire to know about something'; candidate='допи́тливий'; reverse='tipsy'; lexical=0.333; candidate_definition_similarity=0.420; reverse_definition_similarity=0.308.
MANUAL_EMERGENCY_WORK_20260820_SECOND_PASS_V4_round01	MANUAL_EMERGENCY_WORK_20260820_FIRST_PASS_V4_round01	ox5000-0061f78f727f6b7f1472	curriculum	noun	B2	BLOCKED		"BLOCKED V4: Wiktionary candidate does not back-translate to the exact English lexical identity; method=en_wiktionary_matching_pos_uk_translation; exact Oxford definition='the subjects that are included in a course of study or taught in a school, college, etc.'; candidate='навча́льна програ́ма'; reverse=""The school's Loser""; lexical=0.143; candidate_definition_similarity=0.448; reverse_definition_similarity=0.172."
MANUAL_EMERGENCY_WORK_20260820_SECOND_PASS_V4_round01	MANUAL_EMERGENCY_WORK_20260820_FIRST_PASS_V4_round01	ox5000-6ae71c9ddb8dfc06bde3	cute	adjective	B2	BLOCKED		BLOCKED V4: Wiktionary candidate does not back-translate to the exact English lexical identity; method=en_wiktionary_matching_pos_uk_translation; exact Oxford definition='pretty and attractive'; candidate='симпати́чний'; reverse='sympathetic'; lexical=0.133; candidate_definition_similarity=0.666; reverse_definition_similarity=0.268.
MANUAL_EMERGENCY_WORK_20260820_SECOND_PASS_V4_round01	MANUAL_EMERGENCY_WORK_20260820_FIRST_PASS_V4_round01	ox5000-90712ba3e8da49f8900a	dairy	adjective	B2	BLOCKED		BLOCKED V4: Wiktionary candidate does not back-translate to the exact English lexical identity; method=en_wiktionary_matching_pos_uk_translation; exact Oxford definition='made from milk'; candidate='моло́чний'; reverse='milky'; lexical=0.400; candidate_definition_similarity=0.759; reverse_definition_similarity=0.005.
MANUAL_EMERGENCY_WORK_20260820_SECOND_PASS_V4_round01	MANUAL_EMERGENCY_WORK_20260820_FIRST_PASS_V4_round01	ox5000-d88bfcbe9f4406457552	dairy	noun	B2	BLOCKED		BLOCKED V4: Wiktionary candidate does not back-translate to the exact English lexical identity; method=en_wiktionary_matching_pos_uk_translation; exact Oxford definition='milk, cheese and other milk products'; candidate='молочарня'; reverse='milk'; lexical=0.222; candidate_definition_similarity=0.682; reverse_definition_similarity=0.787.
MANUAL_EMERGENCY_WORK_20260820_SECOND_PASS_V4_round01	MANUAL_EMERGENCY_WORK_20260820_FIRST_PASS_V4_round01	ox5000-558d5b9a795fc132d65a	dare	verb	B2	BLOCKED		BLOCKED V4: Wiktionary candidate does not back-translate to the exact English lexical identity; method=en_wiktionary_matching_pos_uk_translation; exact Oxford definition='to be brave enough to do something'; candidate='нава́жуватися'; reverse='Take it upon yourself.'; lexical=0.240; candidate_definition_similarity=0.516; reverse_definition_similarity=0.432.
MANUAL_EMERGENCY_WORK_20260820_SECOND_PASS_V4_round01	MANUAL_EMERGENCY_WORK_20260820_FIRST_PASS_V4_round01	ox5000-e3068d3ca8d1e091b785	darkness	noun	B2	PASS	темрява	PASS V4: concise lexical equivalent; method=Helsinki-NLP/opus-mt-en-uk_surface_candidate; exact Oxford definition='the state of being dark, without any light'; candidate='темрява'; reverse='darkness'; lexical=1.000; candidate_definition_similarity=0.794; reverse_definition_similarity=0.779; lexical-form/POS/role/source-grounded checks PASS.
MANUAL_EMERGENCY_WORK_20260820_SECOND_PASS_V4_round01	MANUAL_EMERGENCY_WORK_20260820_FIRST_PASS_V4_round01	ox5000-fc30e2bef2db8ea80919	database	noun	B2	PASS	база даних	PASS V4: concise lexical equivalent; method=Helsinki-NLP/opus-mt-en-uk_surface_candidate; exact Oxford definition='an organized set of data that is stored in a computer and can be looked at and used in various ways'; candidate='база даних'; reverse='database'; lexical=1.000; candidate_definition_similarity=0.556; reverse_definition_similarity=0.536; lexical-form/POS/role/source-grounded checks PASS.
MANUAL_EMERGENCY_WORK_20260820_SECOND_PASS_V4_round01	MANUAL_EMERGENCY_WORK_20260820_FIRST_PASS_V4_round01	ox5000-4071455ab57c18eb70f1	deadline	noun	B2	BLOCKED		BLOCKED V4: Wiktionary candidate does not back-translate to the exact English lexical identity; method=en_wiktionary_matching_pos_uk_translation; exact Oxford definition='a point in time by which something must be done'; candidate='строк'; reverse='term'; lexical=0.167; candidate_definition_similarity=0.346; reverse_definition_similarity=0.302.
MANUAL_EMERGENCY_WORK_20260820_SECOND_PASS_V4_round01	MANUAL_EMERGENCY_WORK_20260820_FIRST_PASS_V4_round01	ox5000-9d962d3c830072d569ab	deadly	adjective	B2	PASS	смертоно́сний	PASS V4: concise lexical equivalent; method=en_wiktionary_matching_pos_uk_translation; exact Oxford definition='causing or likely to cause death'; candidate='смертоно́сний'; reverse='Deadly'; lexical=1.000; candidate_definition_similarity=0.544; reverse_definition_similarity=0.593; lexical-form/POS/role/source-grounded checks PASS.
MANUAL_EMERGENCY_WORK_20260820_SECOND_PASS_V4_round01	MANUAL_EMERGENCY_WORK_20260820_FIRST_PASS_V4_round01	ox5000-46328b590c1ec5303a0c	dealer	noun	B2	BLOCKED		BLOCKED V4: Wiktionary lexical candidate lacks two-sided exact-definition support; method=en_wiktionary_matching_pos_uk_translation; exact Oxford definition='a person whose business is buying and selling a particular product'; candidate='ди́лер'; reverse='dealer'; lexical=1.000; candidate_definition_similarity=0.283; reverse_definition_similarity=0.597.
MANUAL_EMERGENCY_WORK_20260820_SECOND_PASS_V4_round01	MANUAL_EMERGENCY_WORK_20260820_FIRST_PASS_V4_round01	ox5000-0c6fa7977832afceb6d7	deck	noun	B2	BLOCKED		"BLOCKED V4: Wiktionary candidate does not back-translate to the exact English lexical identity; method=en_wiktionary_matching_pos_uk_translation; exact Oxford definition='the top outside floor of a ship or boat'; candidate='па́луба'; reverse=""pa'luba""; lexical=0.000; candidate_definition_similarity=0.428; reverse_definition_similarity=0.214."
MANUAL_EMERGENCY_WORK_20260820_SECOND_PASS_V4_round01	MANUAL_EMERGENCY_WORK_20260820_FIRST_PASS_V4_round01	ox5000-8de1d29a7d671e7035ab	defender	noun	B2	BLOCKED		BLOCKED V4: Wiktionary candidate does not back-translate to the exact English lexical identity; method=en_wiktionary_matching_pos_uk_translation; exact Oxford definition='a player who must stop the other team from scoring in games such as football (soccer), hockey, etc.'; candidate='захисни́ця'; reverse='Protector'; lexical=0.235; candidate_definition_similarity=0.347; reverse_definition_similarity=0.271.
MANUAL_EMERGENCY_WORK_20260820_SECOND_PASS_V4_round01	MANUAL_EMERGENCY_WORK_20260820_FIRST_PASS_V4_round01	ox5000-e841597e446a171297b2	delete	verb	B2	PASS	видалити	PASS V4: concise lexical equivalent; method=en_wiktionary_matching_pos_uk_translation; exact Oxford definition='to remove something that has been written or printed, or that has been stored on a computer'; candidate='видалити'; reverse='delete'; lexical=1.000; candidate_definition_similarity=0.533; reverse_definition_similarity=0.535; lexical-form/POS/role/source-grounded checks PASS.
MANUAL_EMERGENCY_WORK_20260820_SECOND_PASS_V4_round01	MANUAL_EMERGENCY_WORK_20260820_FIRST_PASS_V4_round01	ox5000-adf847cb368aff039402	democracy	noun	B2	PASS	демократія	PASS V4: concise lexical equivalent; method=Helsinki-NLP/opus-mt-en-uk_surface_candidate; exact Oxford definition='a system of government in which the people of a country can vote to elect their representatives'; candidate='демократія'; reverse='democracy'; lexical=1.000; candidate_definition_similarity=0.622; reverse_definition_similarity=0.613; lexical-form/POS/role/source-grounded checks PASS.
MANUAL_EMERGENCY_WORK_20260820_SECOND_PASS_V4_round01	MANUAL_EMERGENCY_WORK_20260820_FIRST_PASS_V4_round01	ox5000-df0c2f847440bde50b2f	democratic	adjective	B2	PASS	демократи́чний	PASS V4: concise lexical equivalent; method=en_wiktionary_matching_pos_uk_translation; exact Oxford definition='controlled by representatives who are elected by the people of a country; connected with this system'; candidate='демократи́чний'; reverse='Democratic'; lexical=1.000; candidate_definition_similarity=0.540; reverse_definition_similarity=0.545; lexical-form/POS/role/source-grounded checks PASS.
MANUAL_EMERGENCY_WORK_20260820_SECOND_PASS_V4_round01	MANUAL_EMERGENCY_WORK_20260820_FIRST_PASS_V4_round01	ox5000-75f4e15f239ab6722fa1	demonstration	noun	B2	BLOCKED		BLOCKED V4: semantic role mismatch: Oxford definition requires person, reverse candidate looks generic; method=en_wiktionary_matching_pos_uk_translation; exact Oxford definition='a public meeting or a march (= an organized walk by many people) at which people show that they are protesting against or supporting somebody/something'; candidate='маніфеста́ція'; reverse='Manifestha'; lexical=0.348; candidate_definition_similarity=0.354; reverse_definition_similarity=0.384.
MANUAL_EMERGENCY_WORK_20260820_SECOND_PASS_V4_round01	MANUAL_EMERGENCY_WORK_20260820_FIRST_PASS_V4_round01	ox5000-e32b57bb1abb824248d0	depart	verb	B2	BLOCKED		BLOCKED V4: semantic role mismatch: Oxford definition requires place, reverse candidate looks generic; method=en_wiktionary_matching_pos_uk_translation; exact Oxford definition='to leave a place, especially to start a trip'; candidate='відправля́тися'; reverse='go'; lexical=0.000; candidate_definition_similarity=0.490; reverse_definition_similarity=0.518.
MANUAL_EMERGENCY_WORK_20260820_SECOND_PASS_V4_round01	MANUAL_EMERGENCY_WORK_20260820_FIRST_PASS_V4_round01	ox5000-854fea13ca3a1e284c5e	dependent	adjective	B2	BLOCKED		BLOCKED V4: semantic role mismatch: Oxford definition requires person, reverse candidate looks generic; method=en_wiktionary_matching_pos_uk_translation; exact Oxford definition='needing somebody/something in order to survive or be successful'; candidate='несамості́йний'; reverse='unsmotivative'; lexical=0.091; candidate_definition_similarity=0.483; reverse_definition_similarity=0.399.
MANUAL_EMERGENCY_WORK_20260820_SECOND_PASS_V4_round01	MANUAL_EMERGENCY_WORK_20260820_FIRST_PASS_V4_round01	ox5000-14bbb1e944709030158a	deposit	noun	B2	PASS	депозит	PASS V4: concise lexical equivalent; method=Helsinki-NLP/opus-mt-en-uk_surface_candidate; exact Oxford definition='a sum of money that is given as the first part of a larger payment'; candidate='депозит'; reverse='deposit'; lexical=1.000; candidate_definition_similarity=0.550; reverse_definition_similarity=0.520; lexical-form/POS/role/source-grounded checks PASS.
MANUAL_EMERGENCY_WORK_20260820_SECOND_PASS_V4_round01	MANUAL_EMERGENCY_WORK_20260820_FIRST_PASS_V4_round01	ox5000-0e8d749dcccf250478e8	depression	noun	B2	BLOCKED		BLOCKED V4: semantic role mismatch: Oxford definition requires person, reverse candidate looks generic; method=en_wiktionary_matching_pos_uk_translation; exact Oxford definition='a medical condition in which a person feels very sad, anxious and without hope and often has physical symptoms such as being unable to sleep, etc.'; candidate='депре́сія'; reverse='depre·siʹa'; lexical=0.700; candidate_definition_similarity=0.534; reverse_definition_similarity=0.153.
MANUAL_EMERGENCY_WORK_20260820_SECOND_PASS_V4_round01	MANUAL_EMERGENCY_WORK_20260820_FIRST_PASS_V4_round01	ox5000-71e206a3f3fcd711ce46	derive	verb	B2	BLOCKED		BLOCKED V4: Oxford definition text not found at exact definition path; method=Helsinki-NLP/opus-mt-en-uk_surface_candidate; exact Oxford definition=''; candidate='отримання'; reverse='get'; lexical=0.222; candidate_definition_similarity=0.812; reverse_definition_similarity=0.660.
MANUAL_EMERGENCY_WORK_20260820_SECOND_PASS_V4_round01	MANUAL_EMERGENCY_WORK_20260820_FIRST_PASS_V4_round01	ox5000-d2c5893907a6fb9d1136	desperately	adverb	B2	BLOCKED		BLOCKED V4: multiword adverb candidate is not an adverbial phrase; method=en_wiktionary_matching_pos_uk_translation; exact Oxford definition='in a way that shows you have little hope and are ready to do anything without worrying about danger to yourself or others'; candidate='відчайду́шно'; reverse='desperate.'; lexical=1.000; candidate_definition_similarity=0.372; reverse_definition_similarity=0.272.
MANUAL_EMERGENCY_WORK_20260820_SECOND_PASS_V4_round01	MANUAL_EMERGENCY_WORK_20260820_FIRST_PASS_V4_round01	ox5000-850f52e28a1e074a2e01	destruction	noun	B2	PASS	зни́щення	PASS V4: concise lexical equivalent; method=en_wiktionary_matching_pos_uk_translation; exact Oxford definition='the act of destroying something; the process of being destroyed'; candidate='зни́щення'; reverse='destruction'; lexical=1.000; candidate_definition_similarity=0.518; reverse_definition_similarity=0.685; lexical-form/POS/role/source-grounded checks PASS.
MANUAL_EMERGENCY_WORK_20260820_SECOND_PASS_V4_round01	MANUAL_EMERGENCY_WORK_20260820_FIRST_PASS_V4_round01	ox5000-5b3bd8fde7b374b2bfab	determination	noun	B2	BLOCKED		BLOCKED V4: Wiktionary candidate does not back-translate to the exact English lexical identity; method=en_wiktionary_matching_pos_uk_translation; exact Oxford definition='the quality that makes you continue trying to do something even when this is difficult'; candidate='рішу́чість'; reverse='Accuracy'; lexical=0.190; candidate_definition_similarity=0.298; reverse_definition_similarity=0.317.
MANUAL_EMERGENCY_WORK_20260820_SECOND_PASS_V4_round01	MANUAL_EMERGENCY_WORK_20260820_FIRST_PASS_V4_round01	ox5000-56ba360389067adbba25	devote	verb	B2	BLOCKED		BLOCKED V4: Oxford definition text not found at exact definition path; method=en_wiktionary_matching_pos_uk_translation; exact Oxford definition=''; candidate='присвя́чувати'; reverse='consecration'; lexical=0.222; candidate_definition_similarity=0.832; reverse_definition_similarity=0.489.
MANUAL_EMERGENCY_WORK_20260820_SECOND_PASS_V4_round01	MANUAL_EMERGENCY_WORK_20260820_FIRST_PASS_V4_round01	ox5000-20aefe39996728251d78	differ	verb	B2	BLOCKED		BLOCKED V4: semantic role mismatch: Oxford definition requires person, reverse candidate looks generic; method=en_wiktionary_matching_pos_uk_translation; exact Oxford definition='to be different from somebody/something'; candidate='відрізня́тися'; reverse='to be different'; lexical=1.000; candidate_definition_similarity=0.577; reverse_definition_similarity=0.813.
MANUAL_EMERGENCY_WORK_20260820_SECOND_PASS_V4_round01	MANUAL_EMERGENCY_WORK_20260820_FIRST_PASS_V4_round01	ox5000-80fd9e80dfc8af738c00	disability	noun	B2	BLOCKED		BLOCKED V4: Oxford definition requires person role but source/reverse role is not independently person-like (disability); method=Helsinki-NLP/opus-mt-en-uk_surface_candidate; exact Oxford definition='a physical or mental condition that makes it difficult for somebody to do some things that most other people can do'; candidate='непрацездатність'; reverse='disability'; lexical=1.000; candidate_definition_similarity=0.461; reverse_definition_similarity=0.441.
MANUAL_EMERGENCY_WORK_20260820_SECOND_PASS_V4_round01	MANUAL_EMERGENCY_WORK_20260820_FIRST_PASS_V4_round01	ox5000-dc02fc8291ad0b3d636e	disabled	adjective	B2	BLOCKED		BLOCKED V4: semantic role mismatch: Oxford definition requires state, reverse candidate looks generic; method=en_wiktionary_matching_pos_uk_translation; exact Oxford definition='having a condition that makes it difficult for you to do some things that most other people can do'; candidate='неповноспра́вний'; reverse='amicable'; lexical=0.625; candidate_definition_similarity=0.290; reverse_definition_similarity=0.058.
MANUAL_EMERGENCY_WORK_20260820_SECOND_PASS_V4_round01	MANUAL_EMERGENCY_WORK_20260820_FIRST_PASS_V4_round01	ox5000-cf8453ee7b04d2901e89	disagreement	noun	B2	BLOCKED		BLOCKED V4: surface MT candidate does not back-translate to the exact English lexical identity; method=Helsinki-NLP/opus-mt-en-uk_surface_candidate; exact Oxford definition='a situation where people have different opinions about something and often argue'; candidate='Розбіжність'; reverse='Diff'; lexical=0.250; candidate_definition_similarity=0.471; reverse_definition_similarity=0.193.
MANUAL_EMERGENCY_WORK_20260820_SECOND_PASS_V4_round01	MANUAL_EMERGENCY_WORK_20260820_FIRST_PASS_V4_round01	ox5000-7cd186c49026db39bc01	disappoint	verb	B2	BLOCKED		BLOCKED V4: semantic role mismatch: Oxford definition requires person, reverse candidate looks process; method=en_wiktionary_matching_pos_uk_translation; exact Oxford definition='to make somebody feel sad because something that they hope for or expect to happen does not happen or is not as good as they hoped'; candidate='розчаро́вувати'; reverse='Disillusionment'; lexical=0.480; candidate_definition_similarity=0.514; reverse_definition_similarity=0.487.
MANUAL_EMERGENCY_WORK_20260820_SECOND_PASS_V4_round01	MANUAL_EMERGENCY_WORK_20260820_FIRST_PASS_V4_round01	ox5000-870e1a0c943fb0418b9d	disappointment	noun	B2	PASS	розчарування	PASS V4: concise lexical equivalent; method=Helsinki-NLP/opus-mt-en-uk_surface_candidate; exact Oxford definition='the feeling of being sad because something has not happened or been as good, successful, etc. as you expected or hoped'; candidate='розчарування'; reverse='disappointment'; lexical=1.000; candidate_definition_similarity=0.584; reverse_definition_similarity=0.554; lexical-form/POS/role/source-grounded checks PASS.
MANUAL_EMERGENCY_WORK_20260820_SECOND_PASS_V4_round01	MANUAL_EMERGENCY_WORK_20260820_FIRST_PASS_V4_round01	ox5000-7218b3757288c078fffe	discourage	verb	B2	BLOCKED		BLOCKED V4: semantic role mismatch: Oxford definition requires person, reverse candidate looks generic; method=Helsinki-NLP/opus-mt-en-uk_surface_candidate; exact Oxford definition='to try to prevent something or to prevent somebody from doing something, especially by making it difficult to do or by showing that you do not approve of it'; candidate='Заборонити'; reverse='Ban'; lexical=0.154; candidate_definition_similarity=0.404; reverse_definition_similarity=0.321.
MANUAL_EMERGENCY_WORK_20260820_SECOND_PASS_V4_round01	MANUAL_EMERGENCY_WORK_20260820_FIRST_PASS_V4_round01	ox5000-d779cdf09bbb40a923d2	disorder	noun	B2	PASS	розлад	PASS V4: concise lexical equivalent; method=Helsinki-NLP/opus-mt-en-uk_surface_candidate; exact Oxford definition='a condition or illness that causes problems with the way part of the body or brain works'; candidate='розлад'; reverse='disorder'; lexical=1.000; candidate_definition_similarity=0.618; reverse_definition_similarity=0.646; lexical-form/POS/role/source-grounded checks PASS.
MANUAL_EMERGENCY_WORK_20260820_SECOND_PASS_V4_round01	MANUAL_EMERGENCY_WORK_20260820_FIRST_PASS_V4_round01	ox5000-5e7d80af5eef97168291	distant	adjective	B2	BLOCKED		BLOCKED V4: surface MT candidate does not back-translate to the exact English lexical identity; method=Helsinki-NLP/opus-mt-en-uk_surface_candidate; exact Oxford definition='far away in space or time'; candidate='віддалений'; reverse='remote'; lexical=0.154; candidate_definition_similarity=0.311; reverse_definition_similarity=0.091.
MANUAL_EMERGENCY_WORK_20260820_SECOND_PASS_V4_round01	MANUAL_EMERGENCY_WORK_20260820_FIRST_PASS_V4_round01	ox5000-1d3333e465f30469350d	distinct	adjective	B2	BLOCKED		BLOCKED V4: adjective candidate has no plausible Ukrainian adjective morphology; method=en_wiktionary_matching_pos_uk_translation; exact Oxford definition='easily or clearly heard, seen, felt, etc.'; candidate='чітки́й'; reverse='clear'; lexical=0.154; candidate_definition_similarity=0.413; reverse_definition_similarity=0.290.
MANUAL_EMERGENCY_WORK_20260820_SECOND_PASS_V4_round01	MANUAL_EMERGENCY_WORK_20260820_FIRST_PASS_V4_round01	ox5000-a0c4ad550df69bfe8740	distinguish	verb	B2	BLOCKED		BLOCKED V4: Wiktionary candidate does not back-translate to the exact English lexical identity; method=en_wiktionary_matching_pos_uk_translation; exact Oxford definition='to recognize the difference between two people or things'; candidate='розрізня́ти'; reverse='distinguishing'; lexical=1.000; candidate_definition_similarity=0.552; reverse_definition_similarity=0.603.
MANUAL_EMERGENCY_WORK_20260820_SECOND_PASS_V4_round01	MANUAL_EMERGENCY_WORK_20260820_FIRST_PASS_V4_round01	ox5000-d06af1a8a59f85351d09	distract	verb	B2	BLOCKED		BLOCKED V4: Oxford definition requires person role but source/reverse role is not independently person-like (distract); method=en_wiktionary_matching_pos_uk_translation; exact Oxford definition='to take somebody’s attention away from what they are trying to do'; candidate='відволікти'; reverse='distract'; lexical=1.000; candidate_definition_similarity=0.429; reverse_definition_similarity=0.515.
MANUAL_EMERGENCY_WORK_20260820_SECOND_PASS_V4_round01	MANUAL_EMERGENCY_WORK_20260820_FIRST_PASS_V4_round01	ox5000-4d721e65830d97429964	disturb	verb	B2	BLOCKED		BLOCKED V4: semantic role mismatch: Oxford definition requires person, reverse candidate looks generic; method=en_wiktionary_matching_pos_uk_translation; exact Oxford definition='to interrupt somebody when they are trying to work, sleep, etc.'; candidate='турбува́ти'; reverse='Turvats'; lexical=0.429; candidate_definition_similarity=0.300; reverse_definition_similarity=0.316.
MANUAL_EMERGENCY_WORK_20260820_SECOND_PASS_V4_round01	MANUAL_EMERGENCY_WORK_20260820_FIRST_PASS_V4_round01	ox5000-ed14861541109f849043	dive	noun	B2	BLOCKED		BLOCKED V4: surface MT candidate lacks two-sided exact-definition support; method=Helsinki-NLP/opus-mt-en-uk_surface_candidate; exact Oxford definition='a jump into deep water with your head first and your arms in front of you'; candidate='пірнання'; reverse='dive'; lexical=1.000; candidate_definition_similarity=0.295; reverse_definition_similarity=0.650.
MANUAL_EMERGENCY_WORK_20260820_SECOND_PASS_V4_round01	MANUAL_EMERGENCY_WORK_20260820_FIRST_PASS_V4_round01	ox5000-6295e7f64b9eba4b0db2	dive	verb	B2	BLOCKED		BLOCKED V4: Wiktionary candidate does not back-translate to the exact English lexical identity; method=en_wiktionary_matching_pos_uk_translation; exact Oxford definition='to jump into water with your head and arms going in first'; candidate='пірну́ти'; reverse='pyrutos'; lexical=0.000; candidate_definition_similarity=0.403; reverse_definition_similarity=0.220.
MANUAL_EMERGENCY_WORK_20260820_SECOND_PASS_V4_round01	MANUAL_EMERGENCY_WORK_20260820_FIRST_PASS_V4_round01	ox5000-75ddd65afc704f846e0d	diverse	adjective	B2	BLOCKED		BLOCKED V4: Wiktionary candidate does not back-translate to the exact English lexical identity; method=en_wiktionary_matching_pos_uk_translation; exact Oxford definition='very different from each other and of various kinds'; candidate='різномані́тний'; reverse='dinomian'; lexical=0.267; candidate_definition_similarity=0.522; reverse_definition_similarity=0.189.
MANUAL_EMERGENCY_WORK_20260820_SECOND_PASS_V4_round01	MANUAL_EMERGENCY_WORK_20260820_FIRST_PASS_V4_round01	ox5000-4933941ca6507b1fe891	diversity	noun	B2	BLOCKED		BLOCKED V4: Wiktionary candidate does not back-translate to the exact English lexical identity; method=en_wiktionary_matching_pos_uk_translation; exact Oxford definition='a range of many people or things that are very different from each other'; candidate='різномані́тність'; reverse='varyingi·oma·niʹa'; lexical=0.154; candidate_definition_similarity=0.548; reverse_definition_similarity=0.274.
MANUAL_EMERGENCY_WORK_20260820_SECOND_PASS_V4_round01	MANUAL_EMERGENCY_WORK_20260820_FIRST_PASS_V4_round01	ox5000-78eb3d58aa21dba7fa05	divorce	noun	B2	PASS	розлучення	PASS V4: concise lexical equivalent; method=Helsinki-NLP/opus-mt-en-uk_surface_candidate; exact Oxford definition='the legal ending of a marriage'; candidate='розлучення'; reverse='divorce'; lexical=1.000; candidate_definition_similarity=0.626; reverse_definition_similarity=0.630; lexical-form/POS/role/source-grounded checks PASS.
MANUAL_EMERGENCY_WORK_20260820_SECOND_PASS_V4_round01	MANUAL_EMERGENCY_WORK_20260820_FIRST_PASS_V4_round01	ox5000-b660b49beb0bdf43c376	divorce	verb	B2	BLOCKED		BLOCKED V4: Oxford definition requires person role but source/reverse role is not independently person-like (divorce); method=en_wiktionary_matching_pos_uk_translation; exact Oxford definition='to end your marriage to somebody legally'; candidate='розлучи́ти'; reverse='Divorce'; lexical=1.000; candidate_definition_similarity=0.584; reverse_definition_similarity=0.550.
MANUAL_EMERGENCY_WORK_20260820_SECOND_PASS_V4_round01	MANUAL_EMERGENCY_WORK_20260820_FIRST_PASS_V4_round01	ox5000-55e604d6e26994b92541	dominant	adjective	B2	BLOCKED		BLOCKED V4: adjective candidate has no plausible Ukrainian adjective morphology; method=Helsinki-NLP/opus-mt-en-uk_surface_candidate; exact Oxford definition='more important, powerful or easy to notice than other things'; candidate='домінант'; reverse='dominant'; lexical=1.000; candidate_definition_similarity=0.321; reverse_definition_similarity=0.301.
MANUAL_EMERGENCY_WORK_20260820_SECOND_PASS_V4_round01	MANUAL_EMERGENCY_WORK_20260820_FIRST_PASS_V4_round01	ox5000-33b32b3d1d0304f7c6cf	donation	noun	B2	BLOCKED		BLOCKED V4: semantic role mismatch: Oxford definition requires person, reverse candidate looks generic; method=en_wiktionary_matching_pos_uk_translation; exact Oxford definition='something that is given to a person or an organization such as a charity, in order to help them; the act of giving something in this way'; candidate='дар'; reverse='gift'; lexical=0.167; candidate_definition_similarity=0.528; reverse_definition_similarity=0.462.
MANUAL_EMERGENCY_WORK_20260820_SECOND_PASS_V4_round01	MANUAL_EMERGENCY_WORK_20260820_FIRST_PASS_V4_round01	ox5000-d5832386f841cb656fdd	dot	noun	B2	BLOCKED		BLOCKED V4: Wiktionary candidate does not back-translate to the exact English lexical identity; method=en_wiktionary_matching_pos_uk_translation; exact Oxford definition='a small round mark, especially one that is printed'; candidate='ця́тка'; reverse='point'; lexical=0.500; candidate_definition_similarity=0.458; reverse_definition_similarity=0.334.
MANUAL_EMERGENCY_WORK_20260820_SECOND_PASS_V4_round01	MANUAL_EMERGENCY_WORK_20260820_FIRST_PASS_V4_round01	ox5000-b73b2ba3671d7892c96a	downtown	adjective	B2	BLOCKED		BLOCKED V4: adjective candidate has no plausible Ukrainian adjective morphology; method=Helsinki-NLP/opus-mt-en-uk_surface_candidate; exact Oxford definition='in, towards or typical of the centre of a city, especially its main business area'; candidate='центр'; reverse='center'; lexical=0.286; candidate_definition_similarity=0.483; reverse_definition_similarity=0.528.
MANUAL_EMERGENCY_WORK_20260820_SECOND_PASS_V4_round01	MANUAL_EMERGENCY_WORK_20260820_FIRST_PASS_V4_round01	ox5000-b43793232b19c48ccb87	downtown	adverb	B2	BLOCKED		BLOCKED V4: surface MT candidate does not back-translate to the exact English lexical identity; method=Helsinki-NLP/opus-mt-en-uk_surface_candidate; exact Oxford definition='in or towards the centre of a city, especially its main business area'; candidate='центр'; reverse='center'; lexical=0.286; candidate_definition_similarity=0.463; reverse_definition_similarity=0.510.
MANUAL_EMERGENCY_WORK_20260820_SECOND_PASS_V4_round01	MANUAL_EMERGENCY_WORK_20260820_FIRST_PASS_V4_round01	ox5000-ec48035f7d2c76a494d0	downtown	noun	B2	BLOCKED		BLOCKED V4: Wiktionary candidate does not back-translate to the exact English lexical identity; method=en_wiktionary_matching_pos_uk_translation; exact Oxford definition='the centre of a city, especially its main business area'; candidate='середмі́стя'; reverse='medium'; lexical=0.143; candidate_definition_similarity=0.190; reverse_definition_similarity=0.115.
MANUAL_EMERGENCY_WORK_20260820_SECOND_PASS_V4_round01	MANUAL_EMERGENCY_WORK_20260820_FIRST_PASS_V4_round01	ox5000-3f076cc2e24ceeab0e19	dramatically	adverb	B2	BLOCKED		BLOCKED V4: surface MT candidate does not back-translate to the exact English lexical identity; method=Helsinki-NLP/opus-mt-en-uk_surface_candidate; exact Oxford definition='very suddenly and to a very great and often surprising degree'; candidate='драматично'; reverse='dramatic'; lexical=1.000; candidate_definition_similarity=0.562; reverse_definition_similarity=0.498.
MANUAL_EMERGENCY_WORK_20260820_SECOND_PASS_V4_round01	MANUAL_EMERGENCY_WORK_20260820_FIRST_PASS_V4_round01	ox5000-28fce2fd6625072758dd	drought	noun	B2	PASS	за́суха	PASS V4: concise lexical equivalent; method=en_wiktionary_matching_pos_uk_translation; exact Oxford definition='a long period of time when there is little or no rain'; candidate='за́суха'; reverse='Drought'; lexical=1.000; candidate_definition_similarity=0.528; reverse_definition_similarity=0.428; lexical-form/POS/role/source-grounded checks PASS.
MANUAL_EMERGENCY_WORK_20260820_SECOND_PASS_V4_round01	MANUAL_EMERGENCY_WORK_20260820_FIRST_PASS_V4_round01	ox5000-315c08663012957ec8b3	dull	adjective	B2	BLOCKED		BLOCKED V4: adjective candidate has no plausible Ukrainian adjective morphology; method=en_wiktionary_matching_pos_uk_translation; exact Oxford definition='not interesting or exciting'; candidate='тупи́й'; reverse='dumbie.'; lexical=0.400; candidate_definition_similarity=0.345; reverse_definition_similarity=0.392.
MANUAL_EMERGENCY_WORK_20260820_SECOND_PASS_V4_round01	MANUAL_EMERGENCY_WORK_20260820_FIRST_PASS_V4_round01	ox5000-c6dc877cf05d2ddfc872	dump	verb	B2	BLOCKED		BLOCKED V4: semantic role mismatch: Oxford definition requires place, reverse candidate looks process; method=en_wiktionary_matching_pos_uk_translation; exact Oxford definition='to get rid of something you do not want, especially in a place that is not suitable'; candidate='демпінгувати'; reverse='demapping'; lexical=0.462; candidate_definition_similarity=0.358; reverse_definition_similarity=0.194.
MANUAL_EMERGENCY_WORK_20260820_SECOND_PASS_V4_round01	MANUAL_EMERGENCY_WORK_20260820_FIRST_PASS_V4_round01	ox5000-7f327ac67d3382af1f36	duration	noun	B2	PASS	тривалість	PASS V4: concise lexical equivalent; method=Helsinki-NLP/opus-mt-en-uk_surface_candidate; exact Oxford definition='the length of time that something lasts or continues'; candidate='тривалість'; reverse='duration'; lexical=1.000; candidate_definition_similarity=0.721; reverse_definition_similarity=0.730; lexical-form/POS/role/source-grounded checks PASS.
MANUAL_EMERGENCY_WORK_20260820_SECOND_PASS_V4_round01	MANUAL_EMERGENCY_WORK_20260820_FIRST_PASS_V4_round01	ox5000-ef71bf152c656a55a7d0	dynamic	adjective	B2	BLOCKED		BLOCKED V4: Wiktionary lexical candidate lacks two-sided exact-definition support; method=en_wiktionary_matching_pos_uk_translation; exact Oxford definition='having a lot of energy and a strong personality'; candidate='динамі́чний'; reverse='dynamic'; lexical=1.000; candidate_definition_similarity=0.271; reverse_definition_similarity=0.207.
MANUAL_EMERGENCY_WORK_20260820_SECOND_PASS_V4_round01	MANUAL_EMERGENCY_WORK_20260820_FIRST_PASS_V4_round01	ox5000-ca7f9728fd25d9f579b4	economics	noun	B2	BLOCKED		BLOCKED V4: Wiktionary candidate does not back-translate to the exact English lexical identity; method=en_wiktionary_matching_pos_uk_translation; exact Oxford definition='the study of how a society organizes its money, trade and industry'; candidate='еконо́міка'; reverse='Economy'; lexical=0.750; candidate_definition_similarity=0.309; reverse_definition_similarity=0.546.
MANUAL_EMERGENCY_WORK_20260820_SECOND_PASS_V4_round01	MANUAL_EMERGENCY_WORK_20260820_FIRST_PASS_V4_round01	ox5000-fbacc78ff91e8803a76c	economist	noun	B2	PASS	Економіст	PASS V4: concise lexical equivalent; method=Helsinki-NLP/opus-mt-en-uk_surface_candidate; exact Oxford definition='a person who studies or writes about economics'; candidate='Економіст'; reverse='Economist'; lexical=1.000; candidate_definition_similarity=0.770; reverse_definition_similarity=0.750; lexical-form/POS/role/source-grounded checks PASS.
MANUAL_EMERGENCY_WORK_20260820_SECOND_PASS_V4_round01	MANUAL_EMERGENCY_WORK_20260820_FIRST_PASS_V4_round01	ox5000-0dffd09878151b2d113b	editorial	adjective	B2	PASS	редакційна	PASS V4: concise lexical equivalent; method=Helsinki-NLP/opus-mt-en-uk_surface_candidate; exact Oxford definition='connected with the task of preparing something such as a newspaper, a book or a television or radio programme, to be published or broadcast'; candidate='редакційна'; reverse='editorial'; lexical=1.000; candidate_definition_similarity=0.510; reverse_definition_similarity=0.457; lexical-form/POS/role/source-grounded checks PASS.
MANUAL_EMERGENCY_WORK_20260820_SECOND_PASS_V4_round01	MANUAL_EMERGENCY_WORK_20260820_FIRST_PASS_V4_round01	ox5000-0f9b904543c55dfc5a83	efficiently	adverb	B2	BLOCKED		BLOCKED V4: surface MT candidate does not back-translate to the exact English lexical identity; method=Helsinki-NLP/opus-mt-en-uk_surface_candidate; exact Oxford definition='in a good and careful way, with no waste of time, money or energy'; candidate='ефективно'; reverse='effective'; lexical=0.500; candidate_definition_similarity=0.532; reverse_definition_similarity=0.475.
MANUAL_EMERGENCY_WORK_20260820_SECOND_PASS_V4_round01	MANUAL_EMERGENCY_WORK_20260820_FIRST_PASS_V4_round01	ox5000-5c9a079bb10c55b83870	elbow	noun	B2	BLOCKED		BLOCKED V4: Wiktionary candidate does not back-translate to the exact English lexical identity; method=en_wiktionary_matching_pos_uk_translation; exact Oxford definition='the joint between the upper and lower parts of the arm where it bends in the middle'; candidate='лі́коть'; reverse='liʹco'; lexical=0.400; candidate_definition_similarity=0.272; reverse_definition_similarity=0.140.
MANUAL_EMERGENCY_WORK_20260820_SECOND_PASS_V4_round01	MANUAL_EMERGENCY_WORK_20260820_FIRST_PASS_V4_round01	ox5000-c3007be8ab4931bb3d62	electronics	noun	B2	BLOCKED		BLOCKED V4: Wiktionary candidate does not back-translate to the exact English lexical identity; method=en_wiktionary_matching_pos_uk_translation; exact Oxford definition='the branch of science and technology that studies electric currents in electronic equipment'; candidate='електро́ніка'; reverse='electronic'; lexical=1.000; candidate_definition_similarity=0.712; reverse_definition_similarity=0.647.
MANUAL_EMERGENCY_WORK_20260820_SECOND_PASS_V4_round01	MANUAL_EMERGENCY_WORK_20260820_FIRST_PASS_V4_round01	ox5000-2fe3e13b6adf5d961d3c	elegant	adjective	B2	PASS	елегантний	PASS V4: concise lexical equivalent; method=Helsinki-NLP/opus-mt-en-uk_surface_candidate; exact Oxford definition='attractive and showing a good sense of style'; candidate='елегантний'; reverse='elegant'; lexical=1.000; candidate_definition_similarity=0.636; reverse_definition_similarity=0.535; lexical-form/POS/role/source-grounded checks PASS.
MANUAL_EMERGENCY_WORK_20260820_SECOND_PASS_V4_round01	MANUAL_EMERGENCY_WORK_20260820_FIRST_PASS_V4_round01	ox5000-c051d0b14e7554a2af4d	elementary	adjective	B2	BLOCKED		BLOCKED V4: Wiktionary candidate does not back-translate to the exact English lexical identity; method=en_wiktionary_matching_pos_uk_translation; exact Oxford definition='in or connected with the first stages of a course of study'; candidate='елемента́рний'; reverse='elementʹ.'; lexical=1.000; candidate_definition_similarity=0.226; reverse_definition_similarity=0.073.
MANUAL_EMERGENCY_WORK_20260820_SECOND_PASS_V4_round01	MANUAL_EMERGENCY_WORK_20260820_FIRST_PASS_V4_round01	ox5000-5ac94dbba9ae436c39a6	eliminate	verb	B2	BLOCKED		BLOCKED V4: Wiktionary candidate does not back-translate to the exact English lexical identity; method=en_wiktionary_matching_pos_uk_translation; exact Oxford definition='to remove or get rid of something'; candidate='знищити'; reverse='destroy'; lexical=0.250; candidate_definition_similarity=0.628; reverse_definition_similarity=0.543.
MANUAL_EMERGENCY_WORK_20260820_SECOND_PASS_V4_round01	MANUAL_EMERGENCY_WORK_20260820_FIRST_PASS_V4_round01	ox5000-08c78f8c2b7984d83249	embrace	verb	B2	BLOCKED		BLOCKED V4: semantic role mismatch: Oxford definition requires person, reverse candidate looks generic; method=en_wiktionary_matching_pos_uk_translation; exact Oxford definition='to put your arms around somebody as a sign of love or friendship'; candidate='обійня́ти'; reverse='Hug'; lexical=0.000; candidate_definition_similarity=0.620; reverse_definition_similarity=0.629.
MANUAL_EMERGENCY_WORK_20260820_SECOND_PASS_V4_round01	MANUAL_EMERGENCY_WORK_20260820_FIRST_PASS_V4_round01	ox5000-bda1ffe3536ced59e99a	emission	noun	B2	BLOCKED		BLOCKED V4: Wiktionary candidate does not back-translate to the exact English lexical identity; method=en_wiktionary_matching_pos_uk_translation; exact Oxford definition='the production or sending out of light, heat, gas, etc.'; candidate='випромі́нювання'; reverse='Radiation'; lexical=0.471; candidate_definition_similarity=0.402; reverse_definition_similarity=0.328.
MANUAL_EMERGENCY_WORK_20260820_SECOND_PASS_V4_round01	MANUAL_EMERGENCY_WORK_20260820_FIRST_PASS_V4_round01	ox5000-240af653d10714d95f2d	emotionally	adverb	B2	BLOCKED		"BLOCKED V4: surface MT candidate does not back-translate to the exact English lexical identity; method=Helsinki-NLP/opus-mt-en-uk_surface_candidate; exact Oxford definition=""in a way that is connected with people's feelings (= with the emotions)""; candidate='емоційна'; reverse='emotional'; lexical=1.000; candidate_definition_similarity=0.670; reverse_definition_similarity=0.669."
MANUAL_EMERGENCY_WORK_20260820_SECOND_PASS_V4_round01	MANUAL_EMERGENCY_WORK_20260820_FIRST_PASS_V4_round01	ox5000-ee093cc46d1da14394f0	empire	noun	B2	PASS	імперія	PASS V4: concise lexical equivalent; method=Helsinki-NLP/opus-mt-en-uk_surface_candidate; exact Oxford definition='a group of countries or states that are controlled by one leader or government'; candidate='імперія'; reverse='empire'; lexical=1.000; candidate_definition_similarity=0.521; reverse_definition_similarity=0.523; lexical-form/POS/role/source-grounded checks PASS.
MANUAL_EMERGENCY_WORK_20260820_SECOND_PASS_V4_round01	MANUAL_EMERGENCY_WORK_20260820_FIRST_PASS_V4_round01	ox5000-31d2c935d6d641420ba1	enjoyable	adjective	B2	BLOCKED		BLOCKED V4: adjective candidate has no plausible Ukrainian adjective morphology; method=Helsinki-NLP/opus-mt-en-uk_surface_candidate; exact Oxford definition='giving pleasure'; candidate='приємно'; reverse='pleasure'; lexical=0.235; candidate_definition_similarity=0.655; reverse_definition_similarity=0.904.
MANUAL_EMERGENCY_WORK_20260820_SECOND_PASS_V4_round01	MANUAL_EMERGENCY_WORK_20260820_FIRST_PASS_V4_round01	ox5000-f49dfbb082c50aed8b4c	entertaining	adjective	B2	BLOCKED		BLOCKED V4: Wiktionary candidate does not back-translate to the exact English lexical identity; method=en_wiktionary_matching_pos_uk_translation; exact Oxford definition='that you enjoy watching, listening to, doing or experiencing'; candidate='розважа́льний'; reverse='ambiguous'; lexical=0.286; candidate_definition_similarity=0.522; reverse_definition_similarity=0.155.
MANUAL_EMERGENCY_WORK_20260820_SECOND_PASS_V4_round01	MANUAL_EMERGENCY_WORK_20260820_FIRST_PASS_V4_round01	ox5000-8a474e14891c7a2f46d6	entrepreneur	noun	B2	BLOCKED		BLOCKED V4: semantic role mismatch: Oxford definition requires person, reverse candidate looks generic; method=en_wiktionary_matching_pos_uk_translation; exact Oxford definition='a person who makes money by starting or running businesses, especially when this involves taking financial risks'; candidate='підприє́мець'; reverse='slave'; lexical=0.118; candidate_definition_similarity=0.145; reverse_definition_similarity=0.046.
MANUAL_EMERGENCY_WORK_20260820_SECOND_PASS_V4_round01	MANUAL_EMERGENCY_WORK_20260820_FIRST_PASS_V4_round01	ox5000-9ef7efb306accd10f03f	envelope	noun	B2	PASS	конверт	PASS V4: concise lexical equivalent; method=Helsinki-NLP/opus-mt-en-uk_surface_candidate; exact Oxford definition='a flat paper container used for sending letters in, with a part that you stick down to close it'; candidate='конверт'; reverse='envelope'; lexical=1.000; candidate_definition_similarity=0.604; reverse_definition_similarity=0.610; lexical-form/POS/role/source-grounded checks PASS.
MANUAL_EMERGENCY_WORK_20260820_SECOND_PASS_V4_round01	MANUAL_EMERGENCY_WORK_20260820_FIRST_PASS_V4_round01	ox5000-69666b6f95ecaf8dceb5	equip	verb	B2	BLOCKED		BLOCKED V4: verb candidate is not an appropriate Ukrainian infinitive/verb phrase; method=Helsinki-NLP/opus-mt-en-uk_surface_candidate; exact Oxford definition='to provide yourself/somebody/something with the things that are needed for a particular purpose or activity'; candidate='спорядження'; reverse='equipment'; lexical=1.000; candidate_definition_similarity=0.335; reverse_definition_similarity=0.213.
MANUAL_EMERGENCY_WORK_20260820_SECOND_PASS_V4_round01	MANUAL_EMERGENCY_WORK_20260820_FIRST_PASS_V4_round01	ox5000-bedeed830a30bd59f7b8	equivalent	adjective	B2	PASS	еквівалентний	PASS V4: concise lexical equivalent; method=Helsinki-NLP/opus-mt-en-uk_surface_candidate; exact Oxford definition='equal in value, amount, meaning, importance, etc.'; candidate='еквівалентний'; reverse='equivalent'; lexical=1.000; candidate_definition_similarity=0.436; reverse_definition_similarity=0.453; lexical-form/POS/role/source-grounded checks PASS.
MANUAL_EMERGENCY_WORK_20260820_SECOND_PASS_V4_round01	MANUAL_EMERGENCY_WORK_20260820_FIRST_PASS_V4_round01	ox5000-eae218cc17da85168d23	equivalent	noun	B2	BLOCKED		BLOCKED V4: semantic role mismatch: Oxford definition requires object, reverse candidate looks person; method=en_wiktionary_matching_pos_uk_translation; exact Oxford definition='a thing, amount, word, etc. that is equal in value, meaning or purpose to something else'; candidate='відпові́дник'; reverse='responder'; lexical=0.211; candidate_definition_similarity=0.243; reverse_definition_similarity=0.284.
MANUAL_EMERGENCY_WORK_20260820_SECOND_PASS_V4_round01	MANUAL_EMERGENCY_WORK_20260820_FIRST_PASS_V4_round01	ox5000-56b353657dba1a61f24a	era	noun	B2	BLOCKED		BLOCKED V4: Wiktionary candidate does not back-translate to the exact English lexical identity; method=en_wiktionary_matching_pos_uk_translation; exact Oxford definition='a period of time, usually in history, that is different from other periods because of particular characteristics or events'; candidate='епо́ха'; reverse='epochah'; lexical=0.400; candidate_definition_similarity=0.038; reverse_definition_similarity=0.333.
MANUAL_EMERGENCY_WORK_20260820_SECOND_PASS_V4_round01	MANUAL_EMERGENCY_WORK_20260820_FIRST_PASS_V4_round01	ox5000-30d669c469a9c6d1e040	erupt	verb	B2	BLOCKED		BLOCKED V4: Wiktionary candidate does not back-translate to the exact English lexical identity; method=en_wiktionary_matching_pos_uk_translation; exact Oxford definition='when a volcano erupts or burning rocks, smoke, etc. erupt or are erupted , the burning rocks, etc. are thrown out from the volcano'; candidate='виверга́тися'; reverse='Exploding'; lexical=0.286; candidate_definition_similarity=0.262; reverse_definition_similarity=0.449.
MANUAL_EMERGENCY_WORK_20260820_SECOND_PASS_V4_round01	MANUAL_EMERGENCY_WORK_20260820_FIRST_PASS_V4_round01	ox5000-ad62bcd01b35a0aa8cf5	essentially	adverb	B2	BLOCKED		BLOCKED V4: semantic role mismatch: Oxford definition requires person, reverse candidate looks generic; method=en_wiktionary_matching_pos_uk_translation; exact Oxford definition='when you think about the true, important or basic nature of somebody/something'; candidate='по су́ті'; reverse='by dry'; lexical=0.118; candidate_definition_similarity=0.229; reverse_definition_similarity=0.109.
MANUAL_EMERGENCY_WORK_20260820_SECOND_PASS_V4_round01	MANUAL_EMERGENCY_WORK_20260820_FIRST_PASS_V4_round01	ox5000-ae44c8e9073abc0a1382	ethic	noun	B2	BLOCKED		BLOCKED V4: semantic role mismatch: Oxford definition requires person, reverse candidate looks generic; method=Helsinki-NLP/opus-mt-en-uk_surface_candidate; exact Oxford definition='moral principles that control or influence a person’s behaviour'; candidate='етика'; reverse='ethics'; lexical=1.000; candidate_definition_similarity=0.672; reverse_definition_similarity=0.614.
MANUAL_EMERGENCY_WORK_20260820_SECOND_PASS_V4_round01	MANUAL_EMERGENCY_WORK_20260820_FIRST_PASS_V4_round01	ox5000-b5fe4ca0cb57767b5696	ethnic	adjective	B2	PASS	етні́чний	PASS V4: concise lexical equivalent; method=en_wiktionary_matching_pos_uk_translation; exact Oxford definition='connected with or belonging to a group of people that share a cultural tradition'; candidate='етні́чний'; reverse='ethnic'; lexical=1.000; candidate_definition_similarity=0.479; reverse_definition_similarity=0.426; lexical-form/POS/role/source-grounded checks PASS.
MANUAL_EMERGENCY_WORK_20260820_SECOND_PASS_V4_round01	MANUAL_EMERGENCY_WORK_20260820_FIRST_PASS_V4_round01	ox5000-d8b18880e169486d11a5	evaluation	noun	B2	BLOCKED		BLOCKED V4: Wiktionary candidate does not back-translate to the exact English lexical identity; method=en_wiktionary_matching_pos_uk_translation; exact Oxford definition='the act of forming an opinion of the amount, value or quality of something after thinking about it carefully'; candidate='оці́нювання'; reverse='Appreciation'; lexical=0.545; candidate_definition_similarity=0.434; reverse_definition_similarity=0.347.
MANUAL_EMERGENCY_WORK_20260820_SECOND_PASS_V4_round01	MANUAL_EMERGENCY_WORK_20260820_FIRST_PASS_V4_round01	ox5000-38fabc705df782f15f98	evident	adjective	B2	BLOCKED		BLOCKED V4: Wiktionary candidate does not back-translate to the exact English lexical identity; method=en_wiktionary_matching_pos_uk_translation; exact Oxford definition='clear; easily seen'; candidate='очевидний'; reverse='obvious'; lexical=0.286; candidate_definition_similarity=0.701; reverse_definition_similarity=0.628.
MANUAL_EMERGENCY_WORK_20260820_SECOND_PASS_V4_round01	MANUAL_EMERGENCY_WORK_20260820_FIRST_PASS_V4_round01	ox5000-c10da450920e83775e89	evolution	noun	B2	PASS	еволю́ція	PASS V4: concise lexical equivalent; method=en_wiktionary_matching_pos_uk_translation; exact Oxford definition='the slow steady development of plants, animals, etc. during the history of the earth, as they adapt to changes in their environment'; candidate='еволю́ція'; reverse='evolution'; lexical=1.000; candidate_definition_similarity=0.484; reverse_definition_similarity=0.496; lexical-form/POS/role/source-grounded checks PASS.
MANUAL_EMERGENCY_WORK_20260820_SECOND_PASS_V4_round01	MANUAL_EMERGENCY_WORK_20260820_FIRST_PASS_V4_round01	ox5000-7ff21e9a0227dd05a0e5	evolve	verb	B2	BLOCKED		BLOCKED V4: Wiktionary candidate does not back-translate to the exact English lexical identity; method=en_wiktionary_matching_pos_uk_translation; exact Oxford definition='to develop gradually, especially from a simple to a more complicated form; to develop something in this way'; candidate='розвива́тися'; reverse='Develop'; lexical=0.462; candidate_definition_similarity=0.634; reverse_definition_similarity=0.649.
MANUAL_EMERGENCY_WORK_20260820_SECOND_PASS_V4_round01	MANUAL_EMERGENCY_WORK_20260820_FIRST_PASS_V4_round01	ox5000-a4eb18bbc1606607a948	exceed	verb	B2	BLOCKED		BLOCKED V4: Wiktionary candidate does not back-translate to the exact English lexical identity; method=en_wiktionary_matching_pos_uk_translation; exact Oxford definition='to be greater than a particular number or amount'; candidate='переви́щити'; reverse='Resorts'; lexical=0.154; candidate_definition_similarity=0.226; reverse_definition_similarity=0.052.
MANUAL_EMERGENCY_WORK_20260820_SECOND_PASS_V4_round01	MANUAL_EMERGENCY_WORK_20260820_FIRST_PASS_V4_round01	ox5000-3eaa6e8cecd547ed3cb7	exception	noun	B2	BLOCKED		BLOCKED V4: Oxford definition requires person role but source/reverse role is not independently person-like (exception); method=en_wiktionary_matching_pos_uk_translation; exact Oxford definition='a person or thing that is not included in a general statement'; candidate='ви́няток'; reverse='Exception'; lexical=1.000; candidate_definition_similarity=0.421; reverse_definition_similarity=0.295.
MANUAL_EMERGENCY_WORK_20260820_SECOND_PASS_V4_round01	MANUAL_EMERGENCY_WORK_20260820_FIRST_PASS_V4_round01	ox5000-f04760f861e36a60749e	excessive	adjective	B2	BLOCKED		BLOCKED V4: Wiktionary candidate does not back-translate to the exact English lexical identity; method=en_wiktionary_matching_pos_uk_translation; exact Oxford definition='greater than what seems reasonable or appropriate'; candidate='непомі́рний'; reverse='impervious'; lexical=0.211; candidate_definition_similarity=0.375; reverse_definition_similarity=0.321.
MANUAL_EMERGENCY_WORK_20260820_SECOND_PASS_V4_round01	MANUAL_EMERGENCY_WORK_20260820_FIRST_PASS_V4_round01	ox5000-7ba09d1c95fa8a9511c4	exclude	verb	B2	BLOCKED		BLOCKED V4: Wiktionary lexical candidate lacks two-sided exact-definition support; method=en_wiktionary_matching_pos_uk_translation; exact Oxford definition='to deliberately not include something in what you are doing or considering'; candidate='виключа́ти'; reverse='exclude'; lexical=1.000; candidate_definition_similarity=0.372; reverse_definition_similarity=0.424.
MANUAL_EMERGENCY_WORK_20260820_SECOND_PASS_V4_round01	MANUAL_EMERGENCY_WORK_20260820_FIRST_PASS_V4_round01	ox5000-423378269c32f713c96b	exhibit	noun	B2	BLOCKED		BLOCKED V4: semantic role mismatch: Oxford definition requires object, reverse candidate looks process; method=en_wiktionary_matching_pos_uk_translation; exact Oxford definition='an object or a collection of objects put in a public place, for example a museum, so that people can see it'; candidate='ви́ставка'; reverse='exhibition'; lexical=1.000; candidate_definition_similarity=0.520; reverse_definition_similarity=0.529.
MANUAL_EMERGENCY_WORK_20260820_SECOND_PASS_V4_round01	MANUAL_EMERGENCY_WORK_20260820_FIRST_PASS_V4_round01	ox5000-31c37db5211ae9d29e59	exhibit	verb	B2	BLOCKED		BLOCKED V4: Wiktionary candidate does not back-translate to the exact English lexical identity; method=en_wiktionary_matching_pos_uk_translation; exact Oxford definition='to show something in a public place for people to enjoy or to give them information'; candidate='виставля́ти'; reverse='Shown'; lexical=0.167; candidate_definition_similarity=0.435; reverse_definition_similarity=0.369.
MANUAL_EMERGENCY_WORK_20260820_SECOND_PASS_V4_round01	MANUAL_EMERGENCY_WORK_20260820_FIRST_PASS_V4_round01	ox5000-19adc9708cbcd84850ba	exit	noun	B2	PASS	ви́їзд	PASS V4: concise lexical equivalent; method=en_wiktionary_matching_pos_uk_translation; exact Oxford definition='a way out of a public building or vehicle'; candidate='ви́їзд'; reverse='exit'; lexical=1.000; candidate_definition_similarity=0.536; reverse_definition_similarity=0.491; lexical-form/POS/role/source-grounded checks PASS.
MANUAL_EMERGENCY_WORK_20260820_SECOND_PASS_V4_round01	MANUAL_EMERGENCY_WORK_20260820_FIRST_PASS_V4_round01	ox5000-8a0eec8f77097262e252	exotic	adjective	B2	BLOCKED		BLOCKED V4: Wiktionary candidate does not back-translate to the exact English lexical identity; method=en_wiktionary_matching_pos_uk_translation; exact Oxford definition='from or in another country, especially a tropical one; seeming exciting and unusual because it seems to be connected with other countries'; candidate='екзоти́чний'; reverse='Exotisical'; lexical=0.750; candidate_definition_similarity=0.258; reverse_definition_similarity=0.249.
MANUAL_EMERGENCY_WORK_20260820_SECOND_PASS_V4_round01	MANUAL_EMERGENCY_WORK_20260820_FIRST_PASS_V4_round01	ox5000-b02ca5f0dad7df4d2555	expansion	noun	B2	BLOCKED		BLOCKED V4: semantic role mismatch: Oxford definition requires process, reverse candidate looks generic; method=en_wiktionary_matching_pos_uk_translation; exact Oxford definition='an act of increasing or making something increase in size, amount or importance'; candidate='експа́нсія'; reverse='expancia'; lexical=0.706; candidate_definition_similarity=0.435; reverse_definition_similarity=0.523.
MANUAL_EMERGENCY_WORK_20260820_SECOND_PASS_V4_round01	MANUAL_EMERGENCY_WORK_20260820_FIRST_PASS_V4_round01	ox5000-db878068101448926700	expertise	noun	B2	BLOCKED		BLOCKED V4: surface MT candidate does not back-translate to the exact English lexical identity; method=Helsinki-NLP/opus-mt-en-uk_surface_candidate; exact Oxford definition='expert knowledge or skill in a particular subject, activity or job'; candidate='експертиз'; reverse='Experts'; lexical=0.875; candidate_definition_similarity=0.688; reverse_definition_similarity=0.517.
MANUAL_EMERGENCY_WORK_20260820_SECOND_PASS_V4_round01	MANUAL_EMERGENCY_WORK_20260820_FIRST_PASS_V4_round01	ox5000-ef4a7e83e64103fd38d7	exploit	verb	B2	BLOCKED		BLOCKED V4: Oxford definition requires person role but source/reverse role is not independently person-like (exploit); method=en_wiktionary_matching_pos_uk_translation; exact Oxford definition='to treat a person or situation as an opportunity to gain an advantage for yourself'; candidate='експлуатувати'; reverse='exploit'; lexical=1.000; candidate_definition_similarity=0.393; reverse_definition_similarity=0.244.
MANUAL_EMERGENCY_WORK_20260820_SECOND_PASS_V4_round01	MANUAL_EMERGENCY_WORK_20260820_FIRST_PASS_V4_round01	ox5000-da3a344a90cc77842f0f	exposure	noun	B2	BLOCKED		BLOCKED V4: Wiktionary lexical candidate lacks two-sided exact-definition support; method=en_wiktionary_matching_pos_uk_translation; exact Oxford definition='the state of being in a place or situation where there is no protection from something harmful or unpleasant'; candidate='експози́ція'; reverse='exposure'; lexical=1.000; candidate_definition_similarity=0.267; reverse_definition_similarity=0.407.
MANUAL_EMERGENCY_WORK_20260820_SECOND_PASS_V4_round01	MANUAL_EMERGENCY_WORK_20260820_FIRST_PASS_V4_round01	ox5000-47ce42b1dcae59990d04	extension	noun	B2	BLOCKED		BLOCKED V4: surface MT candidate lacks two-sided exact-definition support; method=Helsinki-NLP/opus-mt-en-uk_surface_candidate; exact Oxford definition='the act of increasing the area of activity, group of people, etc. that is affected by something'; candidate='суфікс'; reverse='extension'; lexical=1.000; candidate_definition_similarity=0.190; reverse_definition_similarity=0.179.
MANUAL_EMERGENCY_WORK_20260820_SECOND_PASS_V4_round01	MANUAL_EMERGENCY_WORK_20260820_FIRST_PASS_V4_round01	ox5000-293e2fc606e4bb1f9c71	extensive	adjective	B2	BLOCKED		BLOCKED V4: Wiktionary candidate does not back-translate to the exact English lexical identity; method=en_wiktionary_matching_pos_uk_translation; exact Oxford definition='covering a large area; great in amount'; candidate='широ́кий'; reverse='broad'; lexical=0.000; candidate_definition_similarity=0.499; reverse_definition_similarity=0.453.
MANUAL_EMERGENCY_WORK_20260820_SECOND_PASS_V4_round01	MANUAL_EMERGENCY_WORK_20260820_FIRST_PASS_V4_round01	ox5000-0a3468782d34d84170d5	extensively	adverb	B2	BLOCKED		BLOCKED V4: surface MT candidate does not back-translate to the exact English lexical identity; method=Helsinki-NLP/opus-mt-en-uk_surface_candidate; exact Oxford definition='in a way that covers a large area'; candidate='багато'; reverse='many'; lexical=0.267; candidate_definition_similarity=0.444; reverse_definition_similarity=0.379.
MANUAL_EMERGENCY_WORK_20260820_SECOND_PASS_V4_round01	MANUAL_EMERGENCY_WORK_20260820_FIRST_PASS_V4_round01	ox5000-332726e8976ae1dd9d77	extract	noun	B2	BLOCKED		BLOCKED V4: Wiktionary lexical candidate lacks two-sided exact-definition support; method=en_wiktionary_matching_pos_uk_translation; exact Oxford definition='a short passage from a book, piece of music, etc. that gives you an idea of what the whole thing is like'; candidate='екстра́кт'; reverse='extract'; lexical=1.000; candidate_definition_similarity=0.265; reverse_definition_similarity=0.221.
MANUAL_EMERGENCY_WORK_20260820_SECOND_PASS_V4_round01	MANUAL_EMERGENCY_WORK_20260820_FIRST_PASS_V4_round01	ox5000-0f7caa6befc952d04c09	fabric	noun	B2	PASS	тканина	PASS V4: concise lexical equivalent; method=Helsinki-NLP/opus-mt-en-uk_surface_candidate; exact Oxford definition='material made by weaving wool, cotton, silk, etc., used for making clothes, curtains, etc. and for covering furniture'; candidate='тканина'; reverse='fabric'; lexical=1.000; candidate_definition_similarity=0.708; reverse_definition_similarity=0.683; lexical-form/POS/role/source-grounded checks PASS.
MANUAL_EMERGENCY_WORK_20260820_SECOND_PASS_V4_round01	MANUAL_EMERGENCY_WORK_20260820_FIRST_PASS_V4_round01	ox5000-ef35efd68f20517aad21	fabulous	adjective	B2	BLOCKED		BLOCKED V4: adjective candidate has no plausible Ukrainian adjective morphology; method=Helsinki-NLP/opus-mt-en-uk_surface_candidate; exact Oxford definition='extremely good'; candidate='Дивовижно'; reverse='Amazing'; lexical=0.133; candidate_definition_similarity=0.677; reverse_definition_similarity=0.684.
MANUAL_EMERGENCY_WORK_20260820_SECOND_PASS_V4_round01	MANUAL_EMERGENCY_WORK_20260820_FIRST_PASS_V4_round01	ox5000-17a2d8b159c132a215ea	failed	adjective	B2	BLOCKED		BLOCKED V4: adjective candidate has no plausible Ukrainian adjective morphology; method=Helsinki-NLP/opus-mt-en-uk_surface_candidate; exact Oxford definition='not successful'; candidate='невдало'; reverse='failed'; lexical=1.000; candidate_definition_similarity=0.830; reverse_definition_similarity=0.830.
MANUAL_EMERGENCY_WORK_20260820_SECOND_PASS_V4_round01	MANUAL_EMERGENCY_WORK_20260820_FIRST_PASS_V4_round01	ox5000-2134f21a7877889bc152	fake	adjective	B2	BLOCKED		BLOCKED V4: semantic role mismatch: Oxford definition requires person, reverse candidate looks generic; method=en_wiktionary_matching_pos_uk_translation; exact Oxford definition='not what somebody claims it is; appearing to be something it is not'; candidate='фальши́вий'; reverse='False'; lexical=0.667; candidate_definition_similarity=0.492; reverse_definition_similarity=0.467.
MANUAL_EMERGENCY_WORK_20260820_SECOND_PASS_V4_round01	MANUAL_EMERGENCY_WORK_20260820_FIRST_PASS_V4_round01	ox5000-af9f6fc2822a5032991b	fame	noun	B2	BLOCKED		BLOCKED V4: semantic role mismatch: Oxford definition requires state, reverse candidate looks generic; method=en_wiktionary_matching_pos_uk_translation; exact Oxford definition='the state of being known and talked about by many people'; candidate='відо́мість'; reverse='rhomʹ'; lexical=0.250; candidate_definition_similarity=0.360; reverse_definition_similarity=0.137.
MANUAL_EMERGENCY_WORK_20260820_SECOND_PASS_V4_round01	MANUAL_EMERGENCY_WORK_20260820_FIRST_PASS_V4_round01	ox5000-5838fae45af6b7342ff4	fantasy	noun	B2	BLOCKED		BLOCKED V4: Wiktionary lexical candidate lacks two-sided exact-definition support; method=en_wiktionary_matching_pos_uk_translation; exact Oxford definition='a pleasant situation that you imagine but that is unlikely to happen'; candidate='фанта́зія'; reverse='Fantasy'; lexical=1.000; candidate_definition_similarity=0.247; reverse_definition_similarity=0.331.
MANUAL_EMERGENCY_WORK_20260820_SECOND_PASS_V4_round01	MANUAL_EMERGENCY_WORK_20260820_FIRST_PASS_V4_round01	ox5000-e62ff1e0d169e7695c4a	fare	noun	B2	BLOCKED		BLOCKED V4: surface MT candidate does not back-translate to the exact English lexical identity; method=Helsinki-NLP/opus-mt-en-uk_surface_candidate; exact Oxford definition='the money that you pay to travel by bus, plane, taxi, etc.'; candidate='тариф'; reverse='tariff'; lexical=0.400; candidate_definition_similarity=0.402; reverse_definition_similarity=0.327.
MANUAL_EMERGENCY_WORK_20260820_SECOND_PASS_V4_round01	MANUAL_EMERGENCY_WORK_20260820_FIRST_PASS_V4_round01	ox5000-5c5f6469717804efa6ca	federal	adjective	B2	BLOCKED		BLOCKED V4: Wiktionary lexical candidate lacks two-sided exact-definition support; method=en_wiktionary_matching_pos_uk_translation; exact Oxford definition='having a system of government in which the individual states of a country have control over their own affairs, but are controlled by a central government for national decisions, etc.'; candidate='федерати́вний'; reverse='Federal'; lexical=1.000; candidate_definition_similarity=0.226; reverse_definition_similarity=0.352.
MANUAL_EMERGENCY_WORK_20260820_SECOND_PASS_V4_round01	MANUAL_EMERGENCY_WORK_20260820_FIRST_PASS_V4_round01	ox5000-6da150f86ef5e4cdec6d	fever	noun	B2	BLOCKED		BLOCKED V4: semantic role mismatch: Oxford definition requires person, reverse candidate looks generic; method=en_wiktionary_matching_pos_uk_translation; exact Oxford definition='a medical condition in which a person has a temperature that is higher than normal'; candidate='жар'; reverse='heat'; lexical=0.222; candidate_definition_similarity=0.623; reverse_definition_similarity=0.565.
MANUAL_EMERGENCY_WORK_20260820_SECOND_PASS_V4_round01	MANUAL_EMERGENCY_WORK_20260820_FIRST_PASS_V4_round01	ox5000-b780af72eaa52c9bcfa6	firefighter	noun	B2	BLOCKED		BLOCKED V4: semantic role mismatch: Oxford definition requires person, reverse candidate looks generic; method=en_wiktionary_matching_pos_uk_translation; exact Oxford definition='a person whose job is to put out fires'; candidate='вогнебо́рець'; reverse='fireman'; lexical=0.444; candidate_definition_similarity=0.692; reverse_definition_similarity=0.767.
MANUAL_EMERGENCY_WORK_20260820_SECOND_PASS_V4_round01	MANUAL_EMERGENCY_WORK_20260820_FIRST_PASS_V4_round01	ox5000-6e881b75f8a8d383a4fe	firework	noun	B2	BLOCKED		BLOCKED V4: Wiktionary candidate does not back-translate to the exact English lexical identity; method=en_wiktionary_matching_pos_uk_translation; exact Oxford definition='a small device containing powder that burns or explodes and produces bright coloured lights and loud noises, used especially at celebrations'; candidate='феєрве́рк'; reverse='Feerwek'; lexical=0.533; candidate_definition_similarity=0.362; reverse_definition_similarity=0.321.
MANUAL_EMERGENCY_WORK_20260820_SECOND_PASS_V4_round01	MANUAL_EMERGENCY_WORK_20260820_FIRST_PASS_V4_round01	ox5000-e8f9305cf8015bbc5cee	firm	adjective	B2	BLOCKED		BLOCKED V4: Wiktionary candidate does not back-translate to the exact English lexical identity; method=en_wiktionary_matching_pos_uk_translation; exact Oxford definition='fairly hard; not easy to press into a different shape'; candidate='непохи́тний'; reverse='Ambiguous'; lexical=0.154; candidate_definition_similarity=0.366; reverse_definition_similarity=0.254.
MANUAL_EMERGENCY_WORK_20260820_SECOND_PASS_V4_round01	MANUAL_EMERGENCY_WORK_20260820_FIRST_PASS_V4_round01	ox5000-4f6617b9287ff2da9ea7	firmly	adverb	B2	BLOCKED		BLOCKED V4: surface MT candidate does not back-translate to the exact English lexical identity; method=Helsinki-NLP/opus-mt-en-uk_surface_candidate; exact Oxford definition='in a strong or definite way'; candidate='твердо'; reverse='solid'; lexical=0.182; candidate_definition_similarity=0.604; reverse_definition_similarity=0.420.
MANUAL_EMERGENCY_WORK_20260820_SECOND_PASS_V4_round01	MANUAL_EMERGENCY_WORK_20260820_FIRST_PASS_V4_round01	ox5000-bd79c052fa5d352fbb27	flavour	noun	B2	BLOCKED		BLOCKED V4: candidate is not predominantly Ukrainian; method=Helsinki-NLP/opus-mt-en-uk_surface_candidate; exact Oxford definition='how food or drink tastes'; candidate='flavour'; reverse='flavour'; lexical=1.000; candidate_definition_similarity=0.543; reverse_definition_similarity=0.543.
MANUAL_EMERGENCY_WORK_20260820_SECOND_PASS_V4_round01	MANUAL_EMERGENCY_WORK_20260820_FIRST_PASS_V4_round01	ox5000-cc984d8d5615f983c4c8	fond	adjective	B2	BLOCKED		BLOCKED V4: semantic role mismatch: Oxford definition requires person, reverse candidate looks process; method=en_wiktionary_matching_pos_uk_translation; exact Oxford definition='having warm or loving feelings for somebody, especially somebody you have known for a long time'; candidate='люблячий'; reverse='Loving'; lexical=0.400; candidate_definition_similarity=0.418; reverse_definition_similarity=0.546.
MANUAL_EMERGENCY_WORK_20260820_SECOND_PASS_V4_round01	MANUAL_EMERGENCY_WORK_20260820_FIRST_PASS_V4_round01	ox5000-afa74ec045528b9642d4	fool	noun	B2	BLOCKED		BLOCKED V4: Oxford definition requires person role but source/reverse role is not independently person-like (fool); method=en_wiktionary_matching_pos_uk_translation; exact Oxford definition='a person who you think behaves or speaks in a way that lacks intelligence or good judgement'; candidate='те́лепень'; reverse='You fool!'; lexical=1.000; candidate_definition_similarity=0.174; reverse_definition_similarity=0.263.
MANUAL_EMERGENCY_WORK_20260820_SECOND_PASS_V4_round01	MANUAL_EMERGENCY_WORK_20260820_FIRST_PASS_V4_round01	ox5000-e74afd4a21b32dd7948a	forbid	verb	B2	BLOCKED		BLOCKED V4: semantic role mismatch: Oxford definition requires person, reverse candidate looks generic; method=en_wiktionary_matching_pos_uk_translation; exact Oxford definition='to order somebody not to do something; to order that something must not be done'; candidate='заборони́ти'; reverse='bans'; lexical=0.200; candidate_definition_similarity=0.505; reverse_definition_similarity=0.367.
MANUAL_EMERGENCY_WORK_20260820_SECOND_PASS_V4_round01	MANUAL_EMERGENCY_WORK_20260820_FIRST_PASS_V4_round01	ox5000-8f0a5905b743e6145587	forecast	noun	B2	PASS	прогноз	PASS V4: concise lexical equivalent; method=Helsinki-NLP/opus-mt-en-uk_surface_candidate; exact Oxford definition='a statement about what will happen in the future, based on information that is available now'; candidate='прогноз'; reverse='forecast'; lexical=1.000; candidate_definition_similarity=0.487; reverse_definition_similarity=0.456; lexical-form/POS/role/source-grounded checks PASS.
MANUAL_EMERGENCY_WORK_20260820_SECOND_PASS_V4_round01	MANUAL_EMERGENCY_WORK_20260820_FIRST_PASS_V4_round01	ox5000-3a0f5941248926ec1d37	forecast	verb	B2	BLOCKED		BLOCKED V4: Wiktionary candidate does not back-translate to the exact English lexical identity; method=en_wiktionary_matching_pos_uk_translation; exact Oxford definition='to say what you think will happen in the future based on information that you have now'; candidate='прогнозува́ти'; reverse='Forecasts'; lexical=1.000; candidate_definition_similarity=0.458; reverse_definition_similarity=0.474.
MANUAL_EMERGENCY_WORK_20260820_SECOND_PASS_V4_round01	MANUAL_EMERGENCY_WORK_20260820_FIRST_PASS_V4_round01	ox5000-727991f6048fe8ce77d0	foreigner	noun	C1	BLOCKED		BLOCKED V4: semantic role mismatch: Oxford definition requires person, reverse candidate looks generic; method=en_wiktionary_matching_pos_uk_translation; exact Oxford definition='a person who comes from a different country'; candidate='чужозе́мець'; reverse='foreign'; lexical=1.000; candidate_definition_similarity=0.516; reverse_definition_similarity=0.635.
MANUAL_EMERGENCY_WORK_20260820_SECOND_PASS_V4_round01	MANUAL_EMERGENCY_WORK_20260820_FIRST_PASS_V4_round01	ox5000-0ca7565db377e67a8c2c	format	noun	B2	BLOCKED		BLOCKED V4: surface MT candidate lacks two-sided exact-definition support; method=Helsinki-NLP/opus-mt-en-uk_surface_candidate; exact Oxford definition='the general arrangement, plan, design, etc. of something'; candidate='формат'; reverse='format'; lexical=1.000; candidate_definition_similarity=0.326; reverse_definition_similarity=0.328.
MANUAL_EMERGENCY_WORK_20260820_SECOND_PASS_V4_round01	MANUAL_EMERGENCY_WORK_20260820_FIRST_PASS_V4_round01	ox5000-44a935daea3b2b80e426	formation	noun	B2	BLOCKED		BLOCKED V4: surface MT candidate does not back-translate to the exact English lexical identity; method=Helsinki-NLP/opus-mt-en-uk_surface_candidate; exact Oxford definition='the action of forming something; the process of being formed'; candidate='формування'; reverse='molding'; lexical=0.375; candidate_definition_similarity=0.692; reverse_definition_similarity=0.373.
MANUAL_EMERGENCY_WORK_20260820_SECOND_PASS_V4_round01	MANUAL_EMERGENCY_WORK_20260820_FIRST_PASS_V4_round01	ox5000-364abe382625d64bbd07	formerly	adverb	B2	BLOCKED		BLOCKED V4: surface MT candidate does not back-translate to the exact English lexical identity; method=Helsinki-NLP/opus-mt-en-uk_surface_candidate; exact Oxford definition='in the past'; candidate='Раніше'; reverse='Earlier'; lexical=0.400; candidate_definition_similarity=0.866; reverse_definition_similarity=0.754.
MANUAL_EMERGENCY_WORK_20260820_SECOND_PASS_V4_round01	MANUAL_EMERGENCY_WORK_20260820_FIRST_PASS_V4_round01	ox5000-99537d5150d0cdb742b2	formula	noun	C1	PASS	формула	PASS V4: concise lexical equivalent; method=Helsinki-NLP/opus-mt-en-uk_surface_candidate; exact Oxford definition='a series of letters, numbers or symbols that represent a rule or law'; candidate='формула'; reverse='formula'; lexical=1.000; candidate_definition_similarity=0.500; reverse_definition_similarity=0.449; lexical-form/POS/role/source-grounded checks PASS.
MANUAL_EMERGENCY_WORK_20260820_SECOND_PASS_V4_round01	MANUAL_EMERGENCY_WORK_20260820_FIRST_PASS_V4_round01	ox5000-9f9486a0d8382b5782ea	fortunate	adjective	B2	BLOCKED		BLOCKED V4: adjective candidate has no plausible Ukrainian adjective morphology; method=Helsinki-NLP/opus-mt-en-uk_surface_candidate; exact Oxford definition='having or bringing an advantage, an opportunity, a piece of good luck, etc.'; candidate='щастило'; reverse='lucky'; lexical=0.143; candidate_definition_similarity=0.474; reverse_definition_similarity=0.531.
MANUAL_EMERGENCY_WORK_20260820_SECOND_PASS_V4_round01	MANUAL_EMERGENCY_WORK_20260820_FIRST_PASS_V4_round01	ox5000-51f9239c5d82f1daf597	forum	noun	B2	PASS	форум	PASS V4: concise lexical equivalent; method=Helsinki-NLP/opus-mt-en-uk_surface_candidate; exact Oxford definition='an event or medium where people can exchange opinions and ideas on a particular issue; a meeting organized for this purpose'; candidate='форум'; reverse='Forum'; lexical=1.000; candidate_definition_similarity=0.520; reverse_definition_similarity=0.542; lexical-form/POS/role/source-grounded checks PASS.
MANUAL_EMERGENCY_WORK_20260820_SECOND_PASS_V4_round01	MANUAL_EMERGENCY_WORK_20260820_FIRST_PASS_V4_round01	ox5000-fdfbff9a3658ec4c47d7	fossil	noun	B2	BLOCKED		BLOCKED V4: Wiktionary candidate does not back-translate to the exact English lexical identity; method=en_wiktionary_matching_pos_uk_translation; exact Oxford definition='the parts of a dead animal or a plant that have become hard and turned into rock'; candidate='фосі́лія'; reverse='phosília'; lexical=0.429; candidate_definition_similarity=0.489; reverse_definition_similarity=0.406.
MANUAL_EMERGENCY_WORK_20260820_SECOND_PASS_V4_round01	MANUAL_EMERGENCY_WORK_20260820_FIRST_PASS_V4_round01	ox5000-3826a189ea9ac3d0931e	foundation	noun	B2	BLOCKED		BLOCKED V4: Wiktionary lexical candidate lacks two-sided exact-definition support; method=en_wiktionary_matching_pos_uk_translation; exact Oxford definition='a principle, an idea or a fact that something is based on and that it grows from'; candidate='фунда́мент'; reverse='foundation'; lexical=1.000; candidate_definition_similarity=0.431; reverse_definition_similarity=0.313.
MANUAL_EMERGENCY_WORK_20260820_SECOND_PASS_V4_round01	MANUAL_EMERGENCY_WORK_20260820_FIRST_PASS_V4_round01	ox5000-01eabf8856766ebc8e63	founder	noun	B2	PASS	засновник	PASS V4: concise lexical equivalent; method=Helsinki-NLP/opus-mt-en-uk_surface_candidate; exact Oxford definition='a person who starts an organization, institution, etc. or causes something to be built'; candidate='засновник'; reverse='founder'; lexical=1.000; candidate_definition_similarity=0.530; reverse_definition_similarity=0.515; lexical-form/POS/role/source-grounded checks PASS.
MANUAL_EMERGENCY_WORK_20260820_SECOND_PASS_V4_round01	MANUAL_EMERGENCY_WORK_20260820_FIRST_PASS_V4_round01	ox5000-1bc4348190f7b6ca8ea3	fraction	noun	B2	PASS	дріб	PASS V4: concise lexical equivalent; method=en_wiktionary_matching_pos_uk_translation; exact Oxford definition='a small part or amount of something'; candidate='дріб'; reverse='fraction'; lexical=1.000; candidate_definition_similarity=0.578; reverse_definition_similarity=0.537; lexical-form/POS/role/source-grounded checks PASS.
MANUAL_EMERGENCY_WORK_20260820_SECOND_PASS_V4_round01	MANUAL_EMERGENCY_WORK_20260820_FIRST_PASS_V4_round01	ox5000-29bed3900aea762df21c	fragment	noun	B2	PASS	фрагмент	PASS V4: concise lexical equivalent; method=Helsinki-NLP/opus-mt-en-uk_surface_candidate; exact Oxford definition='a small part of something that has broken off or comes from something larger'; candidate='фрагмент'; reverse='fragment'; lexical=1.000; candidate_definition_similarity=0.485; reverse_definition_similarity=0.448; lexical-form/POS/role/source-grounded checks PASS.
MANUAL_EMERGENCY_WORK_20260820_SECOND_PASS_V4_round01	MANUAL_EMERGENCY_WORK_20260820_FIRST_PASS_V4_round01	ox5000-8eb2e0b61582abcd29fd	framework	noun	B2	BLOCKED		BLOCKED V4: semantic role mismatch: Oxford definition requires place, reverse candidate looks generic; method=Helsinki-NLP/opus-mt-en-uk_surface_candidate; exact Oxford definition='the parts of a building or an object that support its weight and give it shape'; candidate='оболонка'; reverse='shell'; lexical=0.143; candidate_definition_similarity=0.355; reverse_definition_similarity=0.009.
MANUAL_EMERGENCY_WORK_20260820_SECOND_PASS_V4_round01	MANUAL_EMERGENCY_WORK_20260820_FIRST_PASS_V4_round01	ox5000-d11ee536f206623dd9f9	fraud	noun	B2	BLOCKED		BLOCKED V4: semantic role mismatch: Oxford definition requires person, reverse candidate looks process; method=en_wiktionary_matching_pos_uk_translation; exact Oxford definition='the crime of cheating somebody in order to get money or goods illegally'; candidate='шахра́йство'; reverse='cheating'; lexical=0.154; candidate_definition_similarity=0.656; reverse_definition_similarity=0.621.
MANUAL_EMERGENCY_WORK_20260820_SECOND_PASS_V4_round01	MANUAL_EMERGENCY_WORK_20260820_FIRST_PASS_V4_round01	ox5000-a2f3332e44595061040d	freely	adverb	B2	BLOCKED		BLOCKED V4: multiword adverb candidate is not an adverbial phrase; method=en_wiktionary_matching_pos_uk_translation; exact Oxford definition='without anyone trying to prevent or control something'; candidate='ві́льно'; reverse='heavy'; lexical=0.364; candidate_definition_similarity=0.217; reverse_definition_similarity=-0.004.
MANUAL_EMERGENCY_WORK_20260820_SECOND_PASS_V4_round01	MANUAL_EMERGENCY_WORK_20260820_FIRST_PASS_V4_round01	ox5000-af3d7f706d9de6258253	frequent	adjective	B2	BLOCKED		BLOCKED V4: Wiktionary candidate does not back-translate to the exact English lexical identity; method=en_wiktionary_matching_pos_uk_translation; exact Oxford definition='happening or doing something often'; candidate='ча́стий'; reverse='green'; lexical=0.615; candidate_definition_similarity=0.313; reverse_definition_similarity=0.159.
MANUAL_EMERGENCY_WORK_20260820_SECOND_PASS_V4_round01	MANUAL_EMERGENCY_WORK_20260820_FIRST_PASS_V4_round01	ox5000-7d8f5e0b4363007ea90f	fulfil	verb	B2	BLOCKED		BLOCKED V4: verb candidate is not an appropriate Ukrainian infinitive/verb phrase; method=Helsinki-NLP/opus-mt-en-uk_surface_candidate; exact Oxford definition='to do or achieve what was hoped for or expected'; candidate='Задоволення'; reverse='Satisfaction'; lexical=0.222; candidate_definition_similarity=0.304; reverse_definition_similarity=0.357.
MANUAL_EMERGENCY_WORK_20260820_SECOND_PASS_V4_round01	MANUAL_EMERGENCY_WORK_20260820_FIRST_PASS_V4_round01	ox5000-842908a0c1db6a162da8	full-time	adjective	B2	BLOCKED		BLOCKED V4: Wiktionary candidate does not back-translate to the exact English lexical identity; method=en_wiktionary_matching_pos_uk_translation; exact Oxford definition='for all the hours of a week during which people normally work or study, rather than just for a part of it'; candidate='пості́йна робо́та'; reverse='Powdered Roboth'; lexical=0.167; candidate_definition_similarity=0.196; reverse_definition_similarity=0.033.
MANUAL_EMERGENCY_WORK_20260820_SECOND_PASS_V4_round01	MANUAL_EMERGENCY_WORK_20260820_FIRST_PASS_V4_round01	ox5000-02b2b92d62fbdb8d9849	full-time	adverb	B2	BLOCKED		BLOCKED V4: multiword adverb candidate is not an adverbial phrase; method=Helsinki-NLP/opus-mt-en-uk_surface_candidate; exact Oxford definition='for all the hours of a week during which people normally work or study, rather than just for a part of it'; candidate='весь час'; reverse='all the time'; lexical=0.667; candidate_definition_similarity=0.386; reverse_definition_similarity=0.335.
MANUAL_EMERGENCY_WORK_20260820_SECOND_PASS_V4_round01	MANUAL_EMERGENCY_WORK_20260820_FIRST_PASS_V4_round01	ox5000-40c7d5e1dedb6b8d1d14	fundamentally	adverb	B2	BLOCKED		BLOCKED V4: surface MT candidate does not back-translate to the exact English lexical identity; method=Helsinki-NLP/opus-mt-en-uk_surface_candidate; exact Oxford definition='in every way that is important; completely'; candidate='фундаментально'; reverse='fundamental'; lexical=1.000; candidate_definition_similarity=0.524; reverse_definition_similarity=0.503.
MANUAL_EMERGENCY_WORK_20260820_SECOND_PASS_V4_round01	MANUAL_EMERGENCY_WORK_20260820_FIRST_PASS_V4_round01	ox5000-f0d18f20e6160ed0969d	furious	adjective	B2	BLOCKED		BLOCKED V4: Wiktionary candidate does not back-translate to the exact English lexical identity; method=en_wiktionary_matching_pos_uk_translation; exact Oxford definition='very angry'; candidate='шале́ний'; reverse='gile'; lexical=0.182; candidate_definition_similarity=0.328; reverse_definition_similarity=0.157.
MANUAL_EMERGENCY_WORK_20260820_SECOND_PASS_V4_round01	MANUAL_EMERGENCY_WORK_20260820_FIRST_PASS_V4_round01	ox5000-19dcdb5e045a76a294ff	gaming	noun	B2	BLOCKED		BLOCKED V4: surface MT candidate does not back-translate to the exact English lexical identity; method=Helsinki-NLP/opus-mt-en-uk_surface_candidate; exact Oxford definition='playing video games'; candidate='ігрові ігри'; reverse='game games'; lexical=0.500; candidate_definition_similarity=0.694; reverse_definition_similarity=0.763.
MANUAL_EMERGENCY_WORK_20260820_SECOND_PASS_V4_round01	MANUAL_EMERGENCY_WORK_20260820_FIRST_PASS_V4_round01	ox5000-75514d52c27e0f4cd7f7	gay	adjective	B2	BLOCKED		BLOCKED V4: adjective candidate has no plausible Ukrainian adjective morphology; method=en_wiktionary_matching_pos_uk_translation; exact Oxford definition='sexually or romantically attracted to people of the same sex'; candidate='ґей'; reverse='gay'; lexical=1.000; candidate_definition_similarity=0.445; reverse_definition_similarity=0.443.
MANUAL_EMERGENCY_WORK_20260820_SECOND_PASS_V4_round01	MANUAL_EMERGENCY_WORK_20260820_FIRST_PASS_V4_round01	ox5000-59f5f085529f2ddbf319	gender	noun	B2	BLOCKED		BLOCKED V4: Wiktionary lexical candidate lacks two-sided exact-definition support; method=en_wiktionary_matching_pos_uk_translation; exact Oxford definition='the fact of being male or female, especially when considered with reference to social and cultural differences, rather than differences in biology; members of a particular gender as a group'; candidate='стать'; reverse='gender'; lexical=1.000; candidate_definition_similarity=0.238; reverse_definition_similarity=0.573.
MANUAL_EMERGENCY_WORK_20260820_SECOND_PASS_V4_round01	MANUAL_EMERGENCY_WORK_20260820_FIRST_PASS_V4_round01	ox5000-46c3d06bb042acc4ae37	gene	noun	B2	PASS	ген	PASS V4: concise lexical equivalent; method=en_wiktionary_matching_pos_uk_translation; exact Oxford definition='a unit inside a cell that controls a particular quality in a living thing that has been passed on from its parents'; candidate='ген'; reverse='gene'; lexical=1.000; candidate_definition_similarity=0.454; reverse_definition_similarity=0.426; lexical-form/POS/role/source-grounded checks PASS.
MANUAL_EMERGENCY_WORK_20260820_SECOND_PASS_V4_round01	MANUAL_EMERGENCY_WORK_20260820_FIRST_PASS_V4_round01	ox5000-94877a610fe8476c7f15	genetic	adjective	B2	PASS	генети́чний	PASS V4: concise lexical equivalent; method=en_wiktionary_matching_pos_uk_translation; exact Oxford definition='connected with genes (= the units in the cells of a living thing that control its physical characteristics) or genetics (= the study of genes )'; candidate='генети́чний'; reverse='genetic'; lexical=1.000; candidate_definition_similarity=0.610; reverse_definition_similarity=0.569; lexical-form/POS/role/source-grounded checks PASS.
MANUAL_EMERGENCY_WORK_20260820_SECOND_PASS_V4_round01	MANUAL_EMERGENCY_WORK_20260820_FIRST_PASS_V4_round01	ox5000-38ca77b3038a730f48dc	genius	noun	B2	PASS	геній	PASS V4: concise lexical equivalent; method=Helsinki-NLP/opus-mt-en-uk_surface_candidate; exact Oxford definition='unusually great intelligence, skill or artistic ability'; candidate='геній'; reverse='genius'; lexical=1.000; candidate_definition_similarity=0.578; reverse_definition_similarity=0.546; lexical-form/POS/role/source-grounded checks PASS.
MANUAL_EMERGENCY_WORK_20260820_SECOND_PASS_V4_round01	MANUAL_EMERGENCY_WORK_20260820_FIRST_PASS_V4_round01	ox5000-05655f6fadd0b485ca75	genuine	adjective	B2	BLOCKED		BLOCKED V4: Wiktionary candidate does not back-translate to the exact English lexical identity; method=en_wiktionary_matching_pos_uk_translation; exact Oxford definition='real; exactly what it appears to be; not artificial'; candidate='спра́вжній'; reverse='question'; lexical=0.267; candidate_definition_similarity=0.384; reverse_definition_similarity=0.302.
MANUAL_EMERGENCY_WORK_20260820_SECOND_PASS_V4_round01	MANUAL_EMERGENCY_WORK_20260820_FIRST_PASS_V4_round01	ox5000-80a11eeb9358a7e9644e	genuinely	adverb	B2	BLOCKED		BLOCKED V4: sentence-like punctuation in lexical value; method=Helsinki-NLP/opus-mt-en-uk_surface_candidate; exact Oxford definition='truly; in a way that is exactly what it appears to be and is not artificial'; candidate='Справді.'; reverse='Really.'; lexical=0.400; candidate_definition_similarity=0.502; reverse_definition_similarity=0.487.
MANUAL_EMERGENCY_WORK_20260820_SECOND_PASS_V4_round01	MANUAL_EMERGENCY_WORK_20260820_FIRST_PASS_V4_round01	ox5000-50d8b4ca875ee4a7096d	gesture	noun	B2	PASS	жест	PASS V4: concise lexical equivalent; method=en_wiktionary_matching_pos_uk_translation; exact Oxford definition='a movement that you make with your hands, your head or your face to show a particular meaning'; candidate='жест'; reverse='gesture'; lexical=1.000; candidate_definition_similarity=0.563; reverse_definition_similarity=0.550; lexical-form/POS/role/source-grounded checks PASS.
MANUAL_EMERGENCY_WORK_20260820_SECOND_PASS_V4_round01	MANUAL_EMERGENCY_WORK_20260820_FIRST_PASS_V4_round01	ox5000-0910ae2efee31d9ab3a4	gig	noun	B2	BLOCKED		BLOCKED V4: surface MT candidate does not back-translate to the exact English lexical identity; method=Helsinki-NLP/opus-mt-en-uk_surface_candidate; exact Oxford definition='a performance by musicians playing popular music or jazz in front of an audience; a similar performance by a comedian'; candidate='джойстик'; reverse='joystick'; lexical=0.182; candidate_definition_similarity=0.273; reverse_definition_similarity=0.271.
MANUAL_EMERGENCY_WORK_20260820_SECOND_PASS_V4_round01	MANUAL_EMERGENCY_WORK_20260820_FIRST_PASS_V4_round01	ox5000-127e5b46dd0bae6f7a06	glance	noun	C1	BLOCKED		BLOCKED V4: Wiktionary candidate does not back-translate to the exact English lexical identity; method=en_wiktionary_matching_pos_uk_translation; exact Oxford definition='a quick look'; candidate='по́гляд'; reverse='peer'; lexical=0.200; candidate_definition_similarity=0.801; reverse_definition_similarity=0.481.
MANUAL_EMERGENCY_WORK_20260820_SECOND_PASS_V4_round01	MANUAL_EMERGENCY_WORK_20260820_FIRST_PASS_V4_round01	ox5000-7a202570f29a7f4daf74	glance	verb	C1	BLOCKED		BLOCKED V4: verb candidate is not an appropriate Ukrainian infinitive/verb phrase; method=en_wiktionary_matching_pos_uk_translation; exact Oxford definition='to look quickly at something/somebody'; candidate='по́гляд'; reverse='peer'; lexical=0.200; candidate_definition_similarity=0.600; reverse_definition_similarity=0.400.
MANUAL_EMERGENCY_WORK_20260820_SECOND_PASS_V4_round01	MANUAL_EMERGENCY_WORK_20260820_FIRST_PASS_V4_round01	ox5000-78a493bf921bb7477c7c	glimpse	noun	C1	BLOCKED		BLOCKED V4: candidate is not predominantly Ukrainian; method=Helsinki-NLP/opus-mt-en-uk_surface_candidate; exact Oxford definition='a sight of somebody/something for a very short time, when you do not see the person or thing completely'; candidate='light'; reverse='light'; lexical=0.333; candidate_definition_similarity=0.412; reverse_definition_similarity=0.412.
MANUAL_EMERGENCY_WORK_20260820_SECOND_PASS_V4_round01	MANUAL_EMERGENCY_WORK_20260820_FIRST_PASS_V4_round01	ox5000-2a12e5e092f583e5e7b5	globalization	noun	B2	PASS	глобалізація	PASS V4: concise lexical equivalent; method=Helsinki-NLP/opus-mt-en-uk_surface_candidate; exact Oxford definition='the fact that different cultures and economic systems around the world are becoming connected and similar to each other because of the influence of large multinational companies and of improved communication'; candidate='глобалізація'; reverse='globalization'; lexical=1.000; candidate_definition_similarity=0.540; reverse_definition_similarity=0.533; lexical-form/POS/role/source-grounded checks PASS.
MANUAL_EMERGENCY_WORK_20260820_SECOND_PASS_V4_round01	MANUAL_EMERGENCY_WORK_20260820_FIRST_PASS_V4_round01	ox5000-2c70ba897b47d73650bb	globe	noun	B2	PASS	глобус	PASS V4: concise lexical equivalent; method=Helsinki-NLP/opus-mt-en-uk_surface_candidate; exact Oxford definition='the world (used especially to emphasize its size)'; candidate='глобус'; reverse='globe'; lexical=1.000; candidate_definition_similarity=0.477; reverse_definition_similarity=0.573; lexical-form/POS/role/source-grounded checks PASS.
MANUAL_EMERGENCY_WORK_20260820_SECOND_PASS_V4_round01	MANUAL_EMERGENCY_WORK_20260820_FIRST_PASS_V4_round01	ox5000-c4006c27fe4f74c08ec9	golden	adjective	B2	BLOCKED		BLOCKED V4: adjective candidate has no plausible Ukrainian adjective morphology; method=en_wiktionary_matching_pos_uk_translation; exact Oxford definition='made of gold'; candidate='золоти́й'; reverse='Gold'; lexical=1.000; candidate_definition_similarity=0.774; reverse_definition_similarity=0.853.
MANUAL_EMERGENCY_WORK_20260820_SECOND_PASS_V4_round01	MANUAL_EMERGENCY_WORK_20260820_FIRST_PASS_V4_round01	ox5000-29f67b0d52a0d9907076	goodness	noun	B2	BLOCKED		BLOCKED V4: surface MT candidate does not back-translate to the exact English lexical identity; method=Helsinki-NLP/opus-mt-en-uk_surface_candidate; exact Oxford definition='the quality of being good'; candidate='Доброта'; reverse='Kindness'; lexical=0.625; candidate_definition_similarity=0.756; reverse_definition_similarity=0.545.
MANUAL_EMERGENCY_WORK_20260820_SECOND_PASS_V4_round01	MANUAL_EMERGENCY_WORK_20260820_FIRST_PASS_V4_round01	ox5000-8645840cb5bbd2168ad2	gorgeous	adjective	B2	BLOCKED		BLOCKED V4: surface MT candidate does not back-translate to the exact English lexical identity; method=Helsinki-NLP/opus-mt-en-uk_surface_candidate; exact Oxford definition='very beautiful and attractive; giving great pleasure'; candidate='розкішна'; reverse='luxury'; lexical=0.143; candidate_definition_similarity=0.661; reverse_definition_similarity=0.467.
MANUAL_EMERGENCY_WORK_20260820_SECOND_PASS_V4_round01	MANUAL_EMERGENCY_WORK_20260820_FIRST_PASS_V4_round01	ox5000-4e4e1337cc88e43cc243	governor	noun	B2	PASS	губернатор	PASS V4: concise lexical equivalent; method=Helsinki-NLP/opus-mt-en-uk_surface_candidate; exact Oxford definition='a person who is the official head of a country or region that is governed by another country'; candidate='губернатор'; reverse='governor'; lexical=1.000; candidate_definition_similarity=0.504; reverse_definition_similarity=0.516; lexical-form/POS/role/source-grounded checks PASS.
MANUAL_EMERGENCY_WORK_20260820_SECOND_PASS_V4_round01	MANUAL_EMERGENCY_WORK_20260820_FIRST_PASS_V4_round01	ox5000-9fa3b95bc325a8e5a0bc	graphic	adjective	B2	BLOCKED		BLOCKED V4: Wiktionary lexical candidate lacks two-sided exact-definition support; method=en_wiktionary_matching_pos_uk_translation; exact Oxford definition='connected with drawings and design, especially in the production of books, magazines, websites, etc.'; candidate='графі́чний'; reverse='graphic'; lexical=1.000; candidate_definition_similarity=0.366; reverse_definition_similarity=0.354.
MANUAL_EMERGENCY_WORK_20260820_SECOND_PASS_V4_round01	MANUAL_EMERGENCY_WORK_20260820_FIRST_PASS_V4_round01	ox5000-f6db7a1824f60f3e32a1	graphics	noun	B2	BLOCKED		BLOCKED V4: Wiktionary candidate does not back-translate to the exact English lexical identity; method=en_wiktionary_matching_pos_uk_translation; exact Oxford definition='designs, drawings or pictures that are used especially in the production of books, magazines, websites, etc.'; candidate='гра́фіка'; reverse='gʹfa'; lexical=0.333; candidate_definition_similarity=0.126; reverse_definition_similarity=0.073.
MANUAL_EMERGENCY_WORK_20260820_SECOND_PASS_V4_round01	MANUAL_EMERGENCY_WORK_20260820_FIRST_PASS_V4_round01	ox5000-f20da69ea37da6663eb9	greatly	adverb	B2	BLOCKED		BLOCKED V4: sentence-like punctuation in lexical value; method=Helsinki-NLP/opus-mt-en-uk_surface_candidate; exact Oxford definition='very much'; candidate='дуже добре.'; reverse='Very good.'; lexical=0.125; candidate_definition_similarity=0.579; reverse_definition_similarity=0.529.
MANUAL_EMERGENCY_WORK_20260820_SECOND_PASS_V4_round01	MANUAL_EMERGENCY_WORK_20260820_FIRST_PASS_V4_round01	ox5000-b31fc31f4e51a7bcac20	greenhouse	noun	B2	BLOCKED		BLOCKED V4: Wiktionary lexical candidate lacks two-sided exact-definition support; method=en_wiktionary_matching_pos_uk_translation; exact Oxford definition='a building with glass sides and a glass roof for growing plants in'; candidate='тепли́ця'; reverse='greenhouse'; lexical=1.000; candidate_definition_similarity=0.225; reverse_definition_similarity=0.462.
MANUAL_EMERGENCY_WORK_20260820_SECOND_PASS_V4_round01	MANUAL_EMERGENCY_WORK_20260820_FIRST_PASS_V4_round01	ox5000-ff9332c8a6a6a58fb82f	grocery	noun	B2	BLOCKED		BLOCKED V4: noun candidate is an infinitive/verb form; method=Helsinki-NLP/opus-mt-en-uk_surface_candidate; exact Oxford definition='a shop that sells food and other things used in the home. In American English ‘ grocery store ’ is often used to mean ‘supermarket’.'; candidate='Продукти'; reverse='Products'; lexical=0.400; candidate_definition_similarity=0.248; reverse_definition_similarity=0.277.
MANUAL_EMERGENCY_WORK_20260820_SECOND_PASS_V4_round01	MANUAL_EMERGENCY_WORK_20260820_FIRST_PASS_V4_round01	ox5000-889e167db140abcc55ee	guideline	noun	B2	BLOCKED		BLOCKED V4: noun candidate is verbal; method=en_wiktionary_matching_pos_uk_translation; exact Oxford definition='a set of rules or instructions that are given by an official organization telling you how to do something, especially something difficult'; candidate='директи́ва'; reverse='directive'; lexical=0.444; candidate_definition_similarity=0.293; reverse_definition_similarity=0.521.
MANUAL_EMERGENCY_WORK_20260820_SECOND_PASS_V4_round01	MANUAL_EMERGENCY_WORK_20260820_FIRST_PASS_V4_round01	ox5000-196e7e40d3dea9806f88	habitat	noun	B2	BLOCKED		BLOCKED V4: surface MT candidate does not back-translate to the exact English lexical identity; method=Helsinki-NLP/opus-mt-en-uk_surface_candidate; exact Oxford definition='the place where a particular type of animal or plant is normally found'; candidate='ареал'; reverse='area'; lexical=0.364; candidate_definition_similarity=0.207; reverse_definition_similarity=0.529.
MANUAL_EMERGENCY_WORK_20260820_SECOND_PASS_V4_round01	MANUAL_EMERGENCY_WORK_20260820_FIRST_PASS_V4_round01	ox5000-e1c41e9f875382fe57b7	harbour	noun	B2	BLOCKED		BLOCKED V4: candidate is not predominantly Ukrainian; method=Helsinki-NLP/opus-mt-en-uk_surface_candidate; exact Oxford definition='an area of water on the coast, protected from the open sea by strong walls, where ships can shelter'; candidate='ХарбурCity in Germany'; reverse='Harbourg'; lexical=1.000; candidate_definition_similarity=0.203; reverse_definition_similarity=0.182.
MANUAL_EMERGENCY_WORK_20260820_SECOND_PASS_V4_round01	MANUAL_EMERGENCY_WORK_20260820_FIRST_PASS_V4_round01	ox5000-2810d4945e0b4cbb8892	headquarters	noun	B2	BLOCKED		BLOCKED V4: Oxford definition requires person role but source/reverse role is not independently person-like (headquarters); method=en_wiktionary_matching_pos_uk_translation; exact Oxford definition='a place from which an organization or a military operation is controlled; the people who work there'; candidate='штаб'; reverse='headquarters'; lexical=1.000; candidate_definition_similarity=0.604; reverse_definition_similarity=0.577.
MANUAL_EMERGENCY_WORK_20260820_SECOND_PASS_V4_round01	MANUAL_EMERGENCY_WORK_20260820_FIRST_PASS_V4_round01	ox5000-ef704d39fcedac1879a3	heal	verb	B2	BLOCKED		BLOCKED V4: Wiktionary candidate does not back-translate to the exact English lexical identity; method=en_wiktionary_matching_pos_uk_translation; exact Oxford definition='to become healthy again; to make something healthy again'; candidate='зціли́ти'; reverse='Healings'; lexical=1.000; candidate_definition_similarity=0.476; reverse_definition_similarity=0.449.
MANUAL_EMERGENCY_WORK_20260820_SECOND_PASS_V4_round01	MANUAL_EMERGENCY_WORK_20260820_FIRST_PASS_V4_round01	ox5000-984f901bff540521430c	healthcare	noun	B2	BLOCKED		"BLOCKED V4: surface MT candidate does not back-translate to the exact English lexical identity; method=Helsinki-NLP/opus-mt-en-uk_surface_candidate; exact Oxford definition='the service of providing medical care'; candidate=""Охорона здоров'я""; reverse='Health Care'; lexical=0.952; candidate_definition_similarity=0.713; reverse_definition_similarity=0.847."
MANUAL_EMERGENCY_WORK_20260820_SECOND_PASS_V4_round01	MANUAL_EMERGENCY_WORK_20260820_FIRST_PASS_V4_round01	ox5000-391293d6fb6a7618d9b1	helmet	noun	B2	BLOCKED		BLOCKED V4: semantic role mismatch: Oxford definition requires person, reverse candidate looks generic; method=en_wiktionary_matching_pos_uk_translation; exact Oxford definition='a type of hard hat that protects the head, worn, for example, by a police officer, a soldier or a person riding a bike or motorbike or playing some sports'; candidate='шоло́м'; reverse='Sholom'; lexical=0.500; candidate_definition_similarity=0.249; reverse_definition_similarity=0.157.
MANUAL_EMERGENCY_WORK_20260820_SECOND_PASS_V4_round01	MANUAL_EMERGENCY_WORK_20260820_FIRST_PASS_V4_round01	ox5000-b0e9a621ac9c68faa293	hence	adverb	B2	BLOCKED		BLOCKED V4: multiword adverb candidate is not an adverbial phrase; method=en_wiktionary_matching_pos_uk_translation; exact Oxford definition='for this reason'; candidate='о́тже'; reverse='Yes.'; lexical=0.250; candidate_definition_similarity=0.536; reverse_definition_similarity=0.482.
MANUAL_EMERGENCY_WORK_20260820_SECOND_PASS_V4_round01	MANUAL_EMERGENCY_WORK_20260820_FIRST_PASS_V4_round01	ox5000-94aa2afe2d9372cb4229	herb	noun	B2	BLOCKED		BLOCKED V4: surface MT candidate does not back-translate to the exact English lexical identity; method=Helsinki-NLP/opus-mt-en-uk_surface_candidate; exact Oxford definition='a plant whose leaves, flowers or seeds are used to add taste to food, in medicines or for their pleasant smell. parsley , mint and oregano are all herbs .'; candidate='герб'; reverse='seal'; lexical=0.250; candidate_definition_similarity=0.066; reverse_definition_similarity=-0.004.
MANUAL_EMERGENCY_WORK_20260820_SECOND_PASS_V4_round01	MANUAL_EMERGENCY_WORK_20260820_FIRST_PASS_V4_round01	ox5000-d3e2e909a6622cd172bf	hidden	adjective	B2	BLOCKED		BLOCKED V4: Wiktionary lexical candidate lacks two-sided exact-definition support; method=en_wiktionary_matching_pos_uk_translation; exact Oxford definition='something that is hidden is kept or located in a place where it cannot be seen'; candidate='прихо́ваний'; reverse='Hidden'; lexical=1.000; candidate_definition_similarity=0.338; reverse_definition_similarity=0.698.
MANUAL_EMERGENCY_WORK_20260820_SECOND_PASS_V4_round01	MANUAL_EMERGENCY_WORK_20260820_FIRST_PASS_V4_round01	ox5000-50fc0bc84b3fc5dc83ac	highway	noun	B2	PASS	шосе́	PASS V4: concise lexical equivalent; method=en_wiktionary_matching_pos_uk_translation; exact Oxford definition='a main road for travelling long distances, especially one connecting and going through cities and towns'; candidate='шосе́'; reverse='highway'; lexical=1.000; candidate_definition_similarity=0.594; reverse_definition_similarity=0.586; lexical-form/POS/role/source-grounded checks PASS.
MANUAL_EMERGENCY_WORK_20260820_SECOND_PASS_V4_round01	MANUAL_EMERGENCY_WORK_20260820_FIRST_PASS_V4_round01	ox5000-b6f7336242fe1a0172bf	hilarious	adjective	B2	BLOCKED		BLOCKED V4: adjective candidate has no plausible Ukrainian adjective morphology; method=en_wiktionary_matching_pos_uk_translation; exact Oxford definition='extremely funny'; candidate='смішни́й'; reverse='funny'; lexical=0.143; candidate_definition_similarity=0.891; reverse_definition_similarity=0.933.
MANUAL_EMERGENCY_WORK_20260820_SECOND_PASS_V4_round01	MANUAL_EMERGENCY_WORK_20260820_FIRST_PASS_V4_round01	ox5000-dfe0006f6faea4481b74	hip	noun	B2	BLOCKED		BLOCKED V4: surface MT candidate lacks two-sided exact-definition support; method=Helsinki-NLP/opus-mt-en-uk_surface_candidate; exact Oxford definition='the area at either side of the body between the top of the leg and the middle part of the body; the joint at the top of the leg that connects it with the top part of the body'; candidate='стегно'; reverse='hip'; lexical=1.000; candidate_definition_similarity=0.304; reverse_definition_similarity=0.410.
MANUAL_EMERGENCY_WORK_20260820_SECOND_PASS_V4_round01	MANUAL_EMERGENCY_WORK_20260820_FIRST_PASS_V4_round01	ox5000-65b7be2b102eaacebdf0	historian	noun	B2	PASS	історик	PASS V4: concise lexical equivalent; method=Helsinki-NLP/opus-mt-en-uk_surface_candidate; exact Oxford definition='a person who studies or writes about history; an expert in history'; candidate='історик'; reverse='historian'; lexical=1.000; candidate_definition_similarity=0.722; reverse_definition_similarity=0.698; lexical-form/POS/role/source-grounded checks PASS.
MANUAL_EMERGENCY_WORK_20260820_SECOND_PASS_V4_round01	MANUAL_EMERGENCY_WORK_20260820_FIRST_PASS_V4_round01	ox5000-45d3403127f71104c337	homeless	adjective	B2	PASS	бездомний	PASS V4: concise lexical equivalent; method=Helsinki-NLP/opus-mt-en-uk_surface_candidate; exact Oxford definition='having no home, and therefore typically living on the streets'; candidate='бездомний'; reverse='homeless'; lexical=1.000; candidate_definition_similarity=0.577; reverse_definition_similarity=0.562; lexical-form/POS/role/source-grounded checks PASS.
MANUAL_EMERGENCY_WORK_20260820_SECOND_PASS_V4_round01	MANUAL_EMERGENCY_WORK_20260820_FIRST_PASS_V4_round01	ox5000-101f93ba1a99dadfbee0	honesty	noun	B2	PASS	чесність	PASS V4: concise lexical equivalent; method=Helsinki-NLP/opus-mt-en-uk_surface_candidate; exact Oxford definition='the quality of being honest'; candidate='чесність'; reverse='honesty'; lexical=1.000; candidate_definition_similarity=0.825; reverse_definition_similarity=0.821; lexical-form/POS/role/source-grounded checks PASS.
MANUAL_EMERGENCY_WORK_20260820_SECOND_PASS_V4_round01	MANUAL_EMERGENCY_WORK_20260820_FIRST_PASS_V4_round01	ox5000-5a8626cc70e9e3ad32a4	hook	noun	B2	BLOCKED		BLOCKED V4: surface MT candidate lacks two-sided exact-definition support; method=Helsinki-NLP/opus-mt-en-uk_surface_candidate; exact Oxford definition='a curved piece of metal, plastic or wire for hanging things on, catching fish with, etc.'; candidate='гачок'; reverse='hook'; lexical=1.000; candidate_definition_similarity=0.361; reverse_definition_similarity=0.484.
MANUAL_EMERGENCY_WORK_20260820_SECOND_PASS_V4_round01	MANUAL_EMERGENCY_WORK_20260820_FIRST_PASS_V4_round01	ox5000-b6de68069d4b1653da28	hopefully	adverb	B2	BLOCKED		BLOCKED V4: sentence-like punctuation in lexical value; method=Helsinki-NLP/opus-mt-en-uk_surface_candidate; exact Oxford definition='used to express what you hope will happen'; candidate='Сподіваюся.'; reverse='I hope so.'; lexical=0.444; candidate_definition_similarity=0.523; reverse_definition_similarity=0.425.
MANUAL_EMERGENCY_WORK_20260820_SECOND_PASS_V4_round01	MANUAL_EMERGENCY_WORK_20260820_FIRST_PASS_V4_round01	ox5000-5b96940d18199354bf42	hunger	noun	B2	BLOCKED		BLOCKED V4: semantic role mismatch: Oxford definition requires state, reverse candidate looks generic; method=Helsinki-NLP/opus-mt-en-uk_surface_candidate; exact Oxford definition='the state of not having enough food to eat, especially when this causes illness or death'; candidate='голод'; reverse='Famine'; lexical=0.333; candidate_definition_similarity=0.669; reverse_definition_similarity=0.545.
MANUAL_EMERGENCY_WORK_20260820_SECOND_PASS_V4_round01	MANUAL_EMERGENCY_WORK_20260820_FIRST_PASS_V4_round01	ox5000-6826ffff72382c3098c5	hypothesis	noun	B2	BLOCKED		BLOCKED V4: surface MT candidate lacks two-sided exact-definition support; method=Helsinki-NLP/opus-mt-en-uk_surface_candidate; exact Oxford definition='an idea or explanation of something that is based on a few known facts but that has not yet been proved to be true or correct'; candidate='гіпотеза'; reverse='hypothesis'; lexical=1.000; candidate_definition_similarity=0.469; reverse_definition_similarity=0.403.
MANUAL_EMERGENCY_WORK_20260820_SECOND_PASS_V4_round01	MANUAL_EMERGENCY_WORK_20260820_FIRST_PASS_V4_round01	ox5000-dac0118b6e5ac4e7e31f	icon	noun	B2	PASS	піктограма	PASS V4: concise lexical equivalent; method=Helsinki-NLP/opus-mt-en-uk_surface_candidate; exact Oxford definition='a small symbol on a computer or smartphone screen that represents a program or a file'; candidate='піктограма'; reverse='icon'; lexical=1.000; candidate_definition_similarity=0.437; reverse_definition_similarity=0.546; lexical-form/POS/role/source-grounded checks PASS.
MANUAL_EMERGENCY_WORK_20260820_SECOND_PASS_V4_round01	MANUAL_EMERGENCY_WORK_20260820_FIRST_PASS_V4_round01	ox5000-0266b44058e618706301	ID	noun	B2	BLOCKED		BLOCKED V4: surface MT candidate lacks two-sided exact-definition support; method=Helsinki-NLP/opus-mt-en-uk_surface_candidate; exact Oxford definition='an official way of showing who you are, for example a document with your name, date of birth and often a photograph on it (the abbreviation for ‘ identity ’ or ‘ identification ’ )'; candidate='ІД'; reverse='ID'; lexical=1.000; candidate_definition_similarity=0.325; reverse_definition_similarity=0.491.
MANUAL_EMERGENCY_WORK_20260820_SECOND_PASS_V4_round01	MANUAL_EMERGENCY_WORK_20260820_FIRST_PASS_V4_round01	ox5000-cba028b70a26fb8e973b	identical	adjective	B2	PASS	ідентичний	PASS V4: concise lexical equivalent; method=Helsinki-NLP/opus-mt-en-uk_surface_candidate; exact Oxford definition='similar in every detail'; candidate='ідентичний'; reverse='identical'; lexical=1.000; candidate_definition_similarity=0.715; reverse_definition_similarity=0.677; lexical-form/POS/role/source-grounded checks PASS.
MANUAL_EMERGENCY_WORK_20260820_SECOND_PASS_V4_round01	MANUAL_EMERGENCY_WORK_20260820_FIRST_PASS_V4_round01	ox5000-530d3802d61ad0aefab6	illusion	noun	B2	BLOCKED		BLOCKED V4: Oxford definition requires person role but source/reverse role is not independently person-like (illusion); method=Helsinki-NLP/opus-mt-en-uk_surface_candidate; exact Oxford definition='a false idea or belief, especially about somebody or about a situation'; candidate='ілюзія'; reverse='illusion'; lexical=1.000; candidate_definition_similarity=0.479; reverse_definition_similarity=0.478.
MANUAL_EMERGENCY_WORK_20260820_SECOND_PASS_V4_round01	MANUAL_EMERGENCY_WORK_20260820_FIRST_PASS_V4_round01	ox5000-fe7c0867a2f339b6f398	immigration	noun	B2	BLOCKED		BLOCKED V4: Oxford definition requires person role but source/reverse role is not independently person-like (immigration); method=Helsinki-NLP/opus-mt-en-uk_surface_candidate; exact Oxford definition='the process of coming to live permanently in a different country from the one you were born in; the number of people who do this'; candidate='імміграція'; reverse='immigration'; lexical=1.000; candidate_definition_similarity=0.545; reverse_definition_similarity=0.492.
MANUAL_EMERGENCY_WORK_20260820_SECOND_PASS_V4_round01	MANUAL_EMERGENCY_WORK_20260820_FIRST_PASS_V4_round01	ox5000-39a64cc0f2bccb1d329c	immune	adjective	B2	BLOCKED		BLOCKED V4: adjective candidate has no plausible Ukrainian adjective morphology; method=Helsinki-NLP/opus-mt-en-uk_surface_candidate; exact Oxford definition='that cannot catch or be affected by a particular disease or illness'; candidate='імуноглобулін'; reverse='immunoglobulin'; lexical=0.500; candidate_definition_similarity=0.353; reverse_definition_similarity=0.256.
MANUAL_EMERGENCY_WORK_20260820_SECOND_PASS_V4_round01	MANUAL_EMERGENCY_WORK_20260820_FIRST_PASS_V4_round01	ox5000-c1c5fbcd8bef4eef712e	implement	verb	B2	BLOCKED		BLOCKED V4: verb candidate is not an appropriate Ukrainian infinitive/verb phrase; method=Helsinki-NLP/opus-mt-en-uk_surface_candidate; exact Oxford definition='to make something that has been officially decided start to happen or be used'; candidate='реалізацію'; reverse='implementation'; lexical=1.000; candidate_definition_similarity=0.505; reverse_definition_similarity=0.391.
MANUAL_EMERGENCY_WORK_20260820_SECOND_PASS_V4_round01	MANUAL_EMERGENCY_WORK_20260820_FIRST_PASS_V4_round01	ox5000-2ab7636cef93aa6ee33e	implication	noun	B2	BLOCKED		BLOCKED V4: semantic role mismatch: Oxford definition requires process, reverse candidate looks generic; method=Helsinki-NLP/opus-mt-en-uk_surface_candidate; exact Oxford definition='a possible effect or result of an action or a decision'; candidate='підтекст'; reverse='subtext'; lexical=0.111; candidate_definition_similarity=0.335; reverse_definition_similarity=0.113.
MANUAL_EMERGENCY_WORK_20260820_SECOND_PASS_V4_round01	MANUAL_EMERGENCY_WORK_20260820_FIRST_PASS_V4_round01	ox5000-45c8c81f5a8d00df51ee	incentive	noun	B2	PASS	стимул	PASS V4: concise lexical equivalent; method=Helsinki-NLP/opus-mt-en-uk_surface_candidate; exact Oxford definition='something that encourages you to do something'; candidate='стимул'; reverse='incentive'; lexical=1.000; candidate_definition_similarity=0.562; reverse_definition_similarity=0.437; lexical-form/POS/role/source-grounded checks PASS.
MANUAL_EMERGENCY_WORK_20260820_SECOND_PASS_V4_round01	MANUAL_EMERGENCY_WORK_20260820_FIRST_PASS_V4_round01	ox5000-0619be0d2f24cb68b967	incorporate	verb	B2	BLOCKED		BLOCKED V4: candidate is not predominantly Ukrainian; method=Helsinki-NLP/opus-mt-en-uk_surface_candidate; exact Oxford definition='to include something so that it forms a part of something'; candidate='include'; reverse='include'; lexical=0.444; candidate_definition_similarity=0.520; reverse_definition_similarity=0.520.
MANUAL_EMERGENCY_WORK_20260820_SECOND_PASS_V4_round01	MANUAL_EMERGENCY_WORK_20260820_FIRST_PASS_V4_round01	ox5000-e6ba4bdf14d730fcb39b	incorrect	adjective	B2	BLOCKED		BLOCKED V4: surface MT candidate does not back-translate to the exact English lexical identity; method=Helsinki-NLP/opus-mt-en-uk_surface_candidate; exact Oxford definition='not accurate or true'; candidate='неправильний'; reverse='invalid'; lexical=0.250; candidate_definition_similarity=0.591; reverse_definition_similarity=0.425.
MANUAL_EMERGENCY_WORK_20260820_SECOND_PASS_V4_round01	MANUAL_EMERGENCY_WORK_20260820_FIRST_PASS_V4_round01	ox5000-ef97a46763f2c6c5b237	independence	noun	B2	PASS	незалежність	PASS V4: concise lexical equivalent; method=Helsinki-NLP/opus-mt-en-uk_surface_candidate; exact Oxford definition='freedom from political control by other countries'; candidate='незалежність'; reverse='Independence'; lexical=1.000; candidate_definition_similarity=0.522; reverse_definition_similarity=0.513; lexical-form/POS/role/source-grounded checks PASS.
MANUAL_EMERGENCY_WORK_20260820_SECOND_PASS_V4_round01	MANUAL_EMERGENCY_WORK_20260820_FIRST_PASS_V4_round01	ox5000-be988b1dff39f57ff813	index	noun	B2	BLOCKED		BLOCKED V4: surface MT candidate lacks two-sided exact-definition support; method=Helsinki-NLP/opus-mt-en-uk_surface_candidate; exact Oxford definition='a list of names or topics that are referred to in a book, etc., usually arranged at the end of a book in alphabetical order or listed in a separate file or book'; candidate='індекс'; reverse='index'; lexical=1.000; candidate_definition_similarity=0.335; reverse_definition_similarity=0.319.
MANUAL_EMERGENCY_WORK_20260820_SECOND_PASS_V4_round01	MANUAL_EMERGENCY_WORK_20260820_FIRST_PASS_V4_round01	ox5000-cc1a0296595578e3be05	indication	noun	B2	BLOCKED		BLOCKED V4: candidate is not predominantly Ukrainian; method=Helsinki-NLP/opus-mt-en-uk_surface_candidate; exact Oxford definition='a remark or sign that shows that something is happening or what somebody is thinking or feeling'; candidate='знакTag Type'; reverse='sign'; lexical=0.286; candidate_definition_similarity=0.360; reverse_definition_similarity=0.654.
MANUAL_EMERGENCY_WORK_20260820_SECOND_PASS_V4_round01	MANUAL_EMERGENCY_WORK_20260820_FIRST_PASS_V4_round01	ox5000-06646a689dd3273e1c93	inevitable	adjective	B2	BLOCKED		BLOCKED V4: surface MT candidate lacks two-sided exact-definition support; method=Helsinki-NLP/opus-mt-en-uk_surface_candidate; exact Oxford definition='that you cannot avoid or prevent'; candidate='неминучий'; reverse='inevitable'; lexical=1.000; candidate_definition_similarity=0.376; reverse_definition_similarity=0.287.
MANUAL_EMERGENCY_WORK_20260820_SECOND_PASS_V4_round01	MANUAL_EMERGENCY_WORK_20260820_FIRST_PASS_V4_round01	ox5000-7b3cb0765f05e7460306	inevitably	adverb	B2	BLOCKED		BLOCKED V4: surface MT candidate does not back-translate to the exact English lexical identity; method=Helsinki-NLP/opus-mt-en-uk_surface_candidate; exact Oxford definition='as is certain to happen'; candidate='неминуче'; reverse='inevitable'; lexical=0.900; candidate_definition_similarity=0.618; reverse_definition_similarity=0.680.
MANUAL_EMERGENCY_WORK_20260820_SECOND_PASS_V4_round01	MANUAL_EMERGENCY_WORK_20260820_FIRST_PASS_V4_round01	ox5000-7ff9e2bdabdf73fcdf4d	infer	verb	B2	BLOCKED		BLOCKED V4: candidate is not predominantly Ukrainian; method=Helsinki-NLP/opus-mt-en-uk_surface_candidate; exact Oxford definition='to reach an opinion or decide that something is true on the basis of information that is available'; candidate='infer'; reverse='infer'; lexical=1.000; candidate_definition_similarity=0.206; reverse_definition_similarity=0.206.
MANUAL_EMERGENCY_WORK_20260820_SECOND_PASS_V4_round01	MANUAL_EMERGENCY_WORK_20260820_FIRST_PASS_V4_round01	ox5000-f0ae610ae73d64453087	inflation	noun	B2	PASS	інфля́ція	PASS V4: concise lexical equivalent; method=en_wiktionary_matching_pos_uk_translation; exact Oxford definition='a fall in the value of money and a general increase in prices; the rate at which this happens'; candidate='інфля́ція'; reverse='inflation'; lexical=1.000; candidate_definition_similarity=0.573; reverse_definition_similarity=0.571; lexical-form/POS/role/source-grounded checks PASS.
MANUAL_EMERGENCY_WORK_20260820_SECOND_PASS_V4_round01	MANUAL_EMERGENCY_WORK_20260820_FIRST_PASS_V4_round01	ox5000-49955cd8897590e06eb7	info	noun	B2	BLOCKED		BLOCKED V4: candidate is not predominantly Ukrainian; method=Helsinki-NLP/opus-mt-en-uk_surface_candidate; exact Oxford definition='information'; candidate='info'; reverse='info'; lexical=1.000; candidate_definition_similarity=0.951; reverse_definition_similarity=0.951.
MANUAL_EMERGENCY_WORK_20260820_SECOND_PASS_V4_round01	MANUAL_EMERGENCY_WORK_20260820_FIRST_PASS_V4_round01	ox5000-36319883199e948ad332	infrastructure	noun	B2	PASS	інфраструктура	PASS V4: concise lexical equivalent; method=Helsinki-NLP/opus-mt-en-uk_surface_candidate; exact Oxford definition='the basic systems and services that are necessary for a country or an organization to run smoothly, for example buildings, transport and water and power supplies'; candidate='інфраструктура'; reverse='Infrastructure'; lexical=1.000; candidate_definition_similarity=0.472; reverse_definition_similarity=0.448; lexical-form/POS/role/source-grounded checks PASS.
MANUAL_EMERGENCY_WORK_20260820_SECOND_PASS_V4_round01	MANUAL_EMERGENCY_WORK_20260820_FIRST_PASS_V4_round01	ox5000-24da19bb4ce0d5ceeacb	inhabitant	noun	B2	BLOCKED		BLOCKED V4: semantic role mismatch: Oxford definition requires person, reverse candidate looks generic; method=en_wiktionary_matching_pos_uk_translation; exact Oxford definition='a person or an animal that lives in a particular place'; candidate='ме́шканець'; reverse='Merchant'; lexical=0.444; candidate_definition_similarity=0.436; reverse_definition_similarity=0.302.
MANUAL_EMERGENCY_WORK_20260820_SECOND_PASS_V4_round01	MANUAL_EMERGENCY_WORK_20260820_FIRST_PASS_V4_round01	ox5000-f4321412ab9f41d8e2db	inherit	verb	B2	BLOCKED		BLOCKED V4: Oxford definition requires person role but source/reverse role is not independently person-like (inherit); method=en_wiktionary_matching_pos_uk_translation; exact Oxford definition='to receive money, property, etc. from somebody when they die'; candidate='успадко́вувати'; reverse='inherit'; lexical=1.000; candidate_definition_similarity=0.213; reverse_definition_similarity=0.186.
MANUAL_EMERGENCY_WORK_20260820_SECOND_PASS_V4_round01	MANUAL_EMERGENCY_WORK_20260820_FIRST_PASS_V4_round01	ox5000-f6248e466730f68b14a2	ink	noun	B2	PASS	чорнило	PASS V4: concise lexical equivalent; method=Helsinki-NLP/opus-mt-en-uk_surface_candidate; exact Oxford definition='coloured liquid for writing, drawing and printing'; candidate='чорнило'; reverse='ink'; lexical=1.000; candidate_definition_similarity=0.499; reverse_definition_similarity=0.675; lexical-form/POS/role/source-grounded checks PASS.
MANUAL_EMERGENCY_WORK_20260820_SECOND_PASS_V4_round01	MANUAL_EMERGENCY_WORK_20260820_FIRST_PASS_V4_round01	ox5000-5262606cd574af131a21	innovation	noun	B2	PASS	іннова́ція	PASS V4: concise lexical equivalent; method=en_wiktionary_matching_pos_uk_translation; exact Oxford definition='the introduction of new things, ideas or ways of doing something'; candidate='іннова́ція'; reverse='innovation'; lexical=1.000; candidate_definition_similarity=0.548; reverse_definition_similarity=0.504; lexical-form/POS/role/source-grounded checks PASS.
MANUAL_EMERGENCY_WORK_20260820_SECOND_PASS_V4_round01	MANUAL_EMERGENCY_WORK_20260820_FIRST_PASS_V4_round01	ox5000-bb2305964c87f26f785b	innovative	adjective	B2	PASS	інноваці́йний	PASS V4: concise lexical equivalent; method=en_wiktionary_matching_pos_uk_translation; exact Oxford definition='introducing or using new ideas, ways of doing something, etc.'; candidate='інноваці́йний'; reverse='Innovative'; lexical=1.000; candidate_definition_similarity=0.479; reverse_definition_similarity=0.476; lexical-form/POS/role/source-grounded checks PASS.
MANUAL_EMERGENCY_WORK_20260820_SECOND_PASS_V4_round01	MANUAL_EMERGENCY_WORK_20260820_FIRST_PASS_V4_round01	ox5000-e1ca54e0e4d0e1a16fac	input	noun	B2	BLOCKED		BLOCKED V4: semantic role mismatch: Oxford definition requires process, reverse candidate looks generic; method=en_wiktionary_matching_pos_uk_translation; exact Oxford definition='time, knowledge, ideas, etc. that you put into work, a project, etc. in order to make it succeed; the act of putting something in'; candidate='вхід'; reverse='login'; lexical=0.400; candidate_definition_similarity=0.274; reverse_definition_similarity=0.052.
MANUAL_EMERGENCY_WORK_20260820_SECOND_PASS_V4_round01	MANUAL_EMERGENCY_WORK_20260820_FIRST_PASS_V4_round01	ox5000-272fbc928cd10bef3371	insert	verb	B2	BLOCKED		BLOCKED V4: Wiktionary candidate does not back-translate to the exact English lexical identity; method=en_wiktionary_matching_pos_uk_translation; exact Oxford definition='to put something into something else or between two things'; candidate='вставля́ти'; reverse='inserts'; lexical=1.000; candidate_definition_similarity=0.398; reverse_definition_similarity=0.385.
MANUAL_EMERGENCY_WORK_20260820_SECOND_PASS_V4_round01	MANUAL_EMERGENCY_WORK_20260820_FIRST_PASS_V4_round01	ox5000-5f09fb5782151e5b31f9	inspector	noun	B2	BLOCKED		BLOCKED V4: Wiktionary candidate does not back-translate to the exact English lexical identity; method=en_wiktionary_matching_pos_uk_translation; exact Oxford definition='an officer of middle rank in the police force'; candidate='контроле́р'; reverse='Controléur'; lexical=0.421; candidate_definition_similarity=0.221; reverse_definition_similarity=0.351.
MANUAL_EMERGENCY_WORK_20260820_SECOND_PASS_V4_round01	MANUAL_EMERGENCY_WORK_20260820_FIRST_PASS_V4_round01	ox5000-057f0fb509e5dcf12e33	installation	noun	B2	BLOCKED		BLOCKED V4: surface MT candidate does not back-translate to the exact English lexical identity; method=Helsinki-NLP/opus-mt-en-uk_surface_candidate; exact Oxford definition='the act of fixing equipment or furniture in position so that it can be used'; candidate='встановлення'; reverse='installing'; lexical=0.818; candidate_definition_similarity=0.375; reverse_definition_similarity=0.137.
MANUAL_EMERGENCY_WORK_20260820_SECOND_PASS_V4_round01	MANUAL_EMERGENCY_WORK_20260820_FIRST_PASS_V4_round01	ox5000-d6cbb323c712ce894586	instant	adjective	B2	BLOCKED		BLOCKED V4: adjective candidate has no plausible Ukrainian adjective morphology; method=Helsinki-NLP/opus-mt-en-uk_surface_candidate; exact Oxford definition='happening immediately'; candidate='миттєво'; reverse='instant'; lexical=1.000; candidate_definition_similarity=0.774; reverse_definition_similarity=0.726.
MANUAL_EMERGENCY_WORK_20260820_SECOND_PASS_V4_round01	MANUAL_EMERGENCY_WORK_20260820_FIRST_PASS_V4_round01	ox5000-badf4a8930fc7d79c357	instantly	adverb	B2	BLOCKED		BLOCKED V4: Wiktionary candidate does not back-translate to the exact English lexical identity; method=en_wiktionary_matching_pos_uk_translation; exact Oxford definition='immediately'; candidate='за́раз'; reverse='is now'; lexical=0.267; candidate_definition_similarity=0.590; reverse_definition_similarity=0.504.
MANUAL_EMERGENCY_WORK_20260820_SECOND_PASS_V4_round01	MANUAL_EMERGENCY_WORK_20260820_FIRST_PASS_V4_round01	ox5000-c12f00903c72d68024f3	integrate	verb	B2	PASS	інтегрувати	PASS V4: concise lexical equivalent; method=Helsinki-NLP/opus-mt-en-uk_surface_candidate; exact Oxford definition='to combine two or more things so that they work together; to combine with something else in this way'; candidate='інтегрувати'; reverse='integrate'; lexical=1.000; candidate_definition_similarity=0.549; reverse_definition_similarity=0.491; lexical-form/POS/role/source-grounded checks PASS.
MANUAL_EMERGENCY_WORK_20260820_SECOND_PASS_V4_round01	MANUAL_EMERGENCY_WORK_20260820_FIRST_PASS_V4_round01	ox5000-c6ed2c694d610997a7df	intellectual	adjective	B2	BLOCKED		BLOCKED V4: Oxford definition requires person role but source/reverse role is not independently person-like (intellectual); method=Helsinki-NLP/opus-mt-en-uk_surface_candidate; exact Oxford definition='connected with or using a person’s ability to think in a logical way and understand things'; candidate='інтелектуальний'; reverse='intellectual'; lexical=1.000; candidate_definition_similarity=0.511; reverse_definition_similarity=0.420.
MANUAL_EMERGENCY_WORK_20260820_SECOND_PASS_V4_round01	MANUAL_EMERGENCY_WORK_20260820_FIRST_PASS_V4_round01	ox5000-c54f9279e34437f21931	interact	verb	B2	BLOCKED		BLOCKED V4: semantic role mismatch: Oxford definition requires person, reverse candidate looks process; method=en_wiktionary_matching_pos_uk_translation; exact Oxford definition='to communicate with somebody, especially while you work, play or spend time with them'; candidate='взаємоді́яти'; reverse='Collision'; lexical=0.235; candidate_definition_similarity=0.534; reverse_definition_similarity=0.004.
MANUAL_EMERGENCY_WORK_20260820_SECOND_PASS_V4_round01	MANUAL_EMERGENCY_WORK_20260820_FIRST_PASS_V4_round01	ox5000-dadeebf8bd921477bf3b	interaction	noun	B2	BLOCKED		BLOCKED V4: semantic role mismatch: Oxford definition requires person, reverse candidate looks process; method=en_wiktionary_matching_pos_uk_translation; exact Oxford definition='the act of communicating with somebody, especially while you work, play or spend time with them'; candidate='спілкува́ння'; reverse='Communication'; lexical=0.500; candidate_definition_similarity=0.673; reverse_definition_similarity=0.576.
MANUAL_EMERGENCY_WORK_20260820_SECOND_PASS_V4_round01	MANUAL_EMERGENCY_WORK_20260820_FIRST_PASS_V4_round01	ox5000-4f4fbda46ce05ce575f1	interpretation	noun	B2	PASS	інтерпрета́ція	PASS V4: concise lexical equivalent; method=en_wiktionary_matching_pos_uk_translation; exact Oxford definition='the particular way in which something is understood or explained'; candidate='інтерпрета́ція'; reverse='interpretation'; lexical=1.000; candidate_definition_similarity=0.568; reverse_definition_similarity=0.629; lexical-form/POS/role/source-grounded checks PASS.
MANUAL_EMERGENCY_WORK_20260820_SECOND_PASS_V4_round01	MANUAL_EMERGENCY_WORK_20260820_FIRST_PASS_V4_round01	ox5000-23f96e4f7e768533f9e1	interval	noun	B2	PASS	інтервал	PASS V4: concise lexical equivalent; method=Helsinki-NLP/opus-mt-en-uk_surface_candidate; exact Oxford definition='a period of time between two events'; candidate='інтервал'; reverse='interval'; lexical=1.000; candidate_definition_similarity=0.641; reverse_definition_similarity=0.574; lexical-form/POS/role/source-grounded checks PASS.
MANUAL_EMERGENCY_WORK_20260820_SECOND_PASS_V4_round01	MANUAL_EMERGENCY_WORK_20260820_FIRST_PASS_V4_round01	ox5000-67085d75a6593c5849c3	invade	verb	B2	BLOCKED		BLOCKED V4: semantic role mismatch: Oxford definition requires place, reverse candidate looks process; method=en_wiktionary_matching_pos_uk_translation; exact Oxford definition='to enter a country, town, etc. using military force in order to take control of it'; candidate='вдира́тися'; reverse='taking part'; lexical=0.353; candidate_definition_similarity=0.249; reverse_definition_similarity=0.315.
MANUAL_EMERGENCY_WORK_20260820_SECOND_PASS_V4_round01	MANUAL_EMERGENCY_WORK_20260820_FIRST_PASS_V4_round01	ox5000-d20215e9e0ba29c2222f	invasion	noun	B2	PASS	вторгнення	PASS V4: concise lexical equivalent; method=Helsinki-NLP/opus-mt-en-uk_surface_candidate; exact Oxford definition='the act of an army entering another country by force in order to take control of it'; candidate='вторгнення'; reverse='invasion'; lexical=1.000; candidate_definition_similarity=0.618; reverse_definition_similarity=0.532; lexical-form/POS/role/source-grounded checks PASS.
MANUAL_EMERGENCY_WORK_20260820_SECOND_PASS_V4_round01	MANUAL_EMERGENCY_WORK_20260820_FIRST_PASS_V4_round01	ox5000-5ec2e0bf7bd7159c4fa2	investor	noun	B2	BLOCKED		BLOCKED V4: Wiktionary lexical candidate lacks two-sided exact-definition support; method=en_wiktionary_matching_pos_uk_translation; exact Oxford definition='a person or an organization that invests money in something'; candidate='інве́стор'; reverse='investor'; lexical=1.000; candidate_definition_similarity=0.305; reverse_definition_similarity=0.567.
MANUAL_EMERGENCY_WORK_20260820_SECOND_PASS_V4_round01	MANUAL_EMERGENCY_WORK_20260820_FIRST_PASS_V4_round01	ox5000-68dfdd415bb302e71b0a	isolate	verb	B2	BLOCKED		BLOCKED V4: semantic role mismatch: Oxford definition requires person, reverse candidate looks generic; method=en_wiktionary_matching_pos_uk_translation; exact Oxford definition='to separate somebody/something physically or socially from other people or things'; candidate='ізолюва́ти'; reverse='Isolavats'; lexical=0.750; candidate_definition_similarity=0.275; reverse_definition_similarity=0.284.
MANUAL_EMERGENCY_WORK_20260820_SECOND_PASS_V4_round01	MANUAL_EMERGENCY_WORK_20260820_FIRST_PASS_V4_round01	ox5000-b7446723645accf54c52	isolated	adjective	B2	BLOCKED		BLOCKED V4: surface MT candidate lacks two-sided exact-definition support; method=Helsinki-NLP/opus-mt-en-uk_surface_candidate; exact Oxford definition='far away from any others'; candidate='ізольований'; reverse='isolated'; lexical=1.000; candidate_definition_similarity=0.416; reverse_definition_similarity=0.280.
MANUAL_EMERGENCY_WORK_20260820_SECOND_PASS_V4_round01	MANUAL_EMERGENCY_WORK_20260820_FIRST_PASS_V4_round01	ox5000-2bdd3cdbe3b5841b8f62	jail	noun	B2	BLOCKED		"BLOCKED V4: Oxford definition text not found at exact definition path; method=en_wiktionary_matching_pos_uk_translation; exact Oxford definition=''; candidate=""в'язни́ця""; reverse='prisoner'; lexical=0.167; candidate_definition_similarity=0.504; reverse_definition_similarity=0.390."
MANUAL_EMERGENCY_WORK_20260820_SECOND_PASS_V4_round01	MANUAL_EMERGENCY_WORK_20260820_FIRST_PASS_V4_round01	ox5000-031f0c28f6bfce2b6e15	jail	verb	B2	BLOCKED		"BLOCKED V4: verb candidate is not an appropriate Ukrainian infinitive/verb phrase; method=Helsinki-NLP/opus-mt-en-uk_surface_candidate; exact Oxford definition='to put somebody in prison'; candidate=""в'язниця""; reverse='prison'; lexical=0.200; candidate_definition_similarity=0.770; reverse_definition_similarity=0.753."
MANUAL_EMERGENCY_WORK_20260820_SECOND_PASS_V4_round01	MANUAL_EMERGENCY_WORK_20260820_FIRST_PASS_V4_round01	ox5000-fb7375e0f3874e5647c5	jet	noun	B2	PASS	реактивний літак	PASS V4: concise lexical equivalent; method=Helsinki-NLP/opus-mt-en-uk_surface_candidate; exact Oxford definition='a plane driven by jet engines'; candidate='реактивний літак'; reverse='A jet plane'; lexical=1.000; candidate_definition_similarity=0.746; reverse_definition_similarity=0.874; lexical-form/POS/role/source-grounded checks PASS.
MANUAL_EMERGENCY_WORK_20260820_SECOND_PASS_V4_round01	MANUAL_EMERGENCY_WORK_20260820_FIRST_PASS_V4_round01	ox5000-70c5c8f51acbab122f67	joint	adjective	B2	BLOCKED		"BLOCKED V4: Wiktionary candidate does not back-translate to the exact English lexical identity; method=en_wiktionary_matching_pos_uk_translation; exact Oxford definition='involving two or more people together'; candidate=""об'єднаний""; reverse='merged'; lexical=0.000; candidate_definition_similarity=0.408; reverse_definition_similarity=0.286."
MANUAL_EMERGENCY_WORK_20260820_SECOND_PASS_V4_round01	MANUAL_EMERGENCY_WORK_20260820_FIRST_PASS_V4_round01	ox5000-dd96500677d3ca51e52e	joint	noun	B2	BLOCKED		BLOCKED V4: semantic role mismatch: Oxford definition requires place, reverse candidate looks process; method=en_wiktionary_matching_pos_uk_translation; exact Oxford definition='a place where two bones are joined together in the body in a way that enables them to bend and move'; candidate='скру́тка'; reverse='liding'; lexical=0.364; candidate_definition_similarity=0.411; reverse_definition_similarity=0.297.
MANUAL_EMERGENCY_WORK_20260820_SECOND_PASS_V4_round01	MANUAL_EMERGENCY_WORK_20260820_FIRST_PASS_V4_round01	ox5000-2f08ca6f381da258e455	journalism	noun	B2	PASS	журналі́стика	PASS V4: concise lexical equivalent; method=en_wiktionary_matching_pos_uk_translation; exact Oxford definition='the work of collecting and writing news stories for newspapers, magazines, radio, television or online news sites; the news stories that are written'; candidate='журналі́стика'; reverse='journalism'; lexical=1.000; candidate_definition_similarity=0.484; reverse_definition_similarity=0.717; lexical-form/POS/role/source-grounded checks PASS.
MANUAL_EMERGENCY_WORK_20260820_SECOND_PASS_V4_round01	MANUAL_EMERGENCY_WORK_20260820_FIRST_PASS_V4_round01	ox5000-daa9b791eff027caf0b2	jury	noun	B2	BLOCKED		BLOCKED V4: semantic role mismatch: Oxford definition requires person, reverse candidate looks generic; method=en_wiktionary_matching_pos_uk_translation; exact Oxford definition='a group of members of the public who listen to the facts of a case in a court and decide whether or not somebody is guilty of a crime, or whether a claim has been proved'; candidate='суд прися́жних'; reverse='The Judgment of the Conscientious'; lexical=0.108; candidate_definition_similarity=0.518; reverse_definition_similarity=0.414.
MANUAL_EMERGENCY_WORK_20260820_SECOND_PASS_V4_round01	MANUAL_EMERGENCY_WORK_20260820_FIRST_PASS_V4_round01	ox5000-11266ab8c09eb5c57402	kit	noun	B2	BLOCKED		BLOCKED V4: surface MT candidate lacks two-sided exact-definition support; method=Helsinki-NLP/opus-mt-en-uk_surface_candidate; exact Oxford definition='a set of tools or equipment that you use for a particular purpose'; candidate='аптечка'; reverse='first - aid kit'; lexical=1.000; candidate_definition_similarity=0.298; reverse_definition_similarity=0.397.
MANUAL_EMERGENCY_WORK_20260820_SECOND_PASS_V4_round01	MANUAL_EMERGENCY_WORK_20260820_FIRST_PASS_V4_round01	ox5000-c3113232c1fb2e5bbaa0	ladder	noun	B2	BLOCKED		"BLOCKED V4: semantic role mismatch: Oxford definition requires place, reverse candidate looks generic; method=en_wiktionary_matching_pos_uk_translation; exact Oxford definition='a piece of equipment for climbing up and down a wall, the side of a building, etc., consisting of two lengths of wood or metal that are joined together by steps or rungs'; candidate=""стрем'я́нка""; reverse='vertebrae'; lexical=0.267; candidate_definition_similarity=0.187; reverse_definition_similarity=0.282."
MANUAL_EMERGENCY_WORK_20260820_SECOND_PASS_V4_round01	MANUAL_EMERGENCY_WORK_20260820_FIRST_PASS_V4_round01	ox5000-a218d28b896b2bdb62f8	landing	noun	B2	PASS	приземлення	PASS V4: concise lexical equivalent; method=Helsinki-NLP/opus-mt-en-uk_surface_candidate; exact Oxford definition='an act of bringing an aircraft or a spacecraft down to the ground after a journey'; candidate='приземлення'; reverse='landing'; lexical=1.000; candidate_definition_similarity=0.669; reverse_definition_similarity=0.592; lexical-form/POS/role/source-grounded checks PASS.
MANUAL_EMERGENCY_WORK_20260820_SECOND_PASS_V4_round01	MANUAL_EMERGENCY_WORK_20260820_FIRST_PASS_V4_round01	ox5000-b9a7aa2033cb2e0c7400	lane	noun	B2	BLOCKED		BLOCKED V4: semantic role mismatch: Oxford definition requires place, reverse candidate looks generic; method=en_wiktionary_matching_pos_uk_translation; exact Oxford definition='a narrow road in the country'; candidate='прову́лок'; reverse='alleys'; lexical=0.400; candidate_definition_similarity=0.377; reverse_definition_similarity=0.375.
MANUAL_EMERGENCY_WORK_20260820_SECOND_PASS_V4_round01	MANUAL_EMERGENCY_WORK_20260820_FIRST_PASS_V4_round01	ox5000-c1b92733baa2264f3999	lately	adverb	B2	BLOCKED		BLOCKED V4: multiword adverb candidate is not an adverbial phrase; method=Helsinki-NLP/opus-mt-en-uk_surface_candidate; exact Oxford definition='recently; in the recent past'; candidate='останнім часом'; reverse='recently'; lexical=0.429; candidate_definition_similarity=0.821; reverse_definition_similarity=0.848.
MANUAL_EMERGENCY_WORK_20260820_SECOND_PASS_V4_round01	MANUAL_EMERGENCY_WORK_20260820_FIRST_PASS_V4_round01	ox5000-e7ea035601a37a9a4722	leaflet	noun	B2	BLOCKED		BLOCKED V4: Wiktionary candidate does not back-translate to the exact English lexical identity; method=en_wiktionary_matching_pos_uk_translation; exact Oxford definition='a printed sheet of paper or a few printed pages that are given free to advertise or give information about something'; candidate='листі́вка'; reverse='Leave'; lexical=0.667; candidate_definition_similarity=0.222; reverse_definition_similarity=0.110.
MANUAL_EMERGENCY_WORK_20260820_SECOND_PASS_V4_round01	MANUAL_EMERGENCY_WORK_20260820_FIRST_PASS_V4_round01	ox5000-717eebb531c2bbf433f9	legend	noun	B2	PASS	легенда	PASS V4: concise lexical equivalent; method=Helsinki-NLP/opus-mt-en-uk_surface_candidate; exact Oxford definition='a story from ancient times about people and events, that may or may not be true; this type of story'; candidate='легенда'; reverse='legend'; lexical=1.000; candidate_definition_similarity=0.585; reverse_definition_similarity=0.541; lexical-form/POS/role/source-grounded checks PASS.
MANUAL_EMERGENCY_WORK_20260820_SECOND_PASS_V4_round01	MANUAL_EMERGENCY_WORK_20260820_FIRST_PASS_V4_round01	ox5000-ffb8e573cf446633d5cb	lens	noun	B2	BLOCKED		"BLOCKED V4: noun candidate is verbal; method=en_wiktionary_matching_pos_uk_translation; exact Oxford definition='a curved piece of glass or plastic that makes things look larger, smaller or clearer when you look through it'; candidate=""об'єкти́в""; reverse='lens'; lexical=1.000; candidate_definition_similarity=0.288; reverse_definition_similarity=0.478."
MANUAL_EMERGENCY_WORK_20260820_SECOND_PASS_V4_round01	MANUAL_EMERGENCY_WORK_20260820_FIRST_PASS_V4_round01	ox5000-51bc5ea8a66b539c5223	lifetime	noun	B2	BLOCKED		BLOCKED V4: semantic role mismatch: Oxford definition requires person, reverse candidate looks generic; method=en_wiktionary_matching_pos_uk_translation; exact Oxford definition='the length of time that somebody lives or that something lasts'; candidate='вік'; reverse='age'; lexical=0.182; candidate_definition_similarity=0.481; reverse_definition_similarity=0.399.
MANUAL_EMERGENCY_WORK_20260820_SECOND_PASS_V4_round01	MANUAL_EMERGENCY_WORK_20260820_FIRST_PASS_V4_round01	ox5000-a3a2e9e256bd13e3e541	lighting	noun	B2	BLOCKED		BLOCKED V4: semantic role mismatch: Oxford definition requires place, reverse candidate looks process; method=en_wiktionary_matching_pos_uk_translation; exact Oxford definition='the arrangement or type of light in a place'; candidate='ілюміна́ція'; reverse='illusion'; lexical=0.375; candidate_definition_similarity=0.390; reverse_definition_similarity=0.429.
MANUAL_EMERGENCY_WORK_20260820_SECOND_PASS_V4_round01	MANUAL_EMERGENCY_WORK_20260820_FIRST_PASS_V4_round01	ox5000-328c1d56fad5d18c8f23	likewise	adverb	B2	BLOCKED		BLOCKED V4: multiword adverb candidate is not an adverbial phrase; method=en_wiktionary_matching_pos_uk_translation; exact Oxford definition='the same; in a similar way'; candidate='аналогі́чно'; reverse='Analogic'; lexical=0.250; candidate_definition_similarity=0.659; reverse_definition_similarity=0.493.
MANUAL_EMERGENCY_WORK_20260820_SECOND_PASS_V4_round01	MANUAL_EMERGENCY_WORK_20260820_FIRST_PASS_V4_round01	ox5000-fdce7e0032ae59989c61	limitation	noun	B2	BLOCKED		BLOCKED V4: semantic role mismatch: Oxford definition requires person, reverse candidate looks generic; method=Helsinki-NLP/opus-mt-en-uk_surface_candidate; exact Oxford definition='the act or process of limiting or controlling somebody/something'; candidate='Обмеження'; reverse='Limits'; lexical=0.625; candidate_definition_similarity=0.516; reverse_definition_similarity=0.423.
MANUAL_EMERGENCY_WORK_20260820_SECOND_PASS_V4_round01	MANUAL_EMERGENCY_WORK_20260820_FIRST_PASS_V4_round01	ox5000-112880a33f9d8e34a9b3	literally	adverb	B2	PASS	буквально	PASS V4: concise lexical equivalent; method=Helsinki-NLP/opus-mt-en-uk_surface_candidate; exact Oxford definition='in a literal way'; candidate='буквально'; reverse='literally'; lexical=1.000; candidate_definition_similarity=0.780; reverse_definition_similarity=0.770; lexical-form/POS/role/source-grounded checks PASS.
MANUAL_EMERGENCY_WORK_20260820_SECOND_PASS_V4_round01	MANUAL_EMERGENCY_WORK_20260820_FIRST_PASS_V4_round01	ox5000-9eabcb2d708b14389152	literary	adjective	B2	PASS	літературна	PASS V4: concise lexical equivalent; method=Helsinki-NLP/opus-mt-en-uk_surface_candidate; exact Oxford definition='connected with literature'; candidate='літературна'; reverse='literary'; lexical=1.000; candidate_definition_similarity=0.807; reverse_definition_similarity=0.776; lexical-form/POS/role/source-grounded checks PASS.
MANUAL_EMERGENCY_WORK_20260820_SECOND_PASS_V4_round01	MANUAL_EMERGENCY_WORK_20260820_FIRST_PASS_V4_round01	ox5000-ef0b492c57cfb957db02	litre	noun	B2	BLOCKED		BLOCKED V4: Wiktionary candidate does not back-translate to the exact English lexical identity; method=en_wiktionary_matching_pos_uk_translation; exact Oxford definition='a unit for measuring volume, equal to 1.76 British pints or 2.11 American pints'; candidate='літр'; reverse='liter'; lexical=0.800; candidate_definition_similarity=0.251; reverse_definition_similarity=0.404.
MANUAL_EMERGENCY_WORK_20260820_SECOND_PASS_V4_round01	MANUAL_EMERGENCY_WORK_20260820_FIRST_PASS_V4_round01	ox5000-772478c07738c9ee4fbc	litter	noun	B2	BLOCKED		BLOCKED V4: Wiktionary candidate does not back-translate to the exact English lexical identity; method=en_wiktionary_matching_pos_uk_translation; exact Oxford definition='small pieces of rubbish such as paper, cans and bottles, that people have left lying in a public place'; candidate='паланкі́н'; reverse='palan·kiʹ'; lexical=0.286; candidate_definition_similarity=0.234; reverse_definition_similarity=0.211.
MANUAL_EMERGENCY_WORK_20260820_SECOND_PASS_V4_round01	MANUAL_EMERGENCY_WORK_20260820_FIRST_PASS_V4_round01	ox5000-88df5e9d39518566d1f6	logo	noun	B2	BLOCKED		BLOCKED V4: noun candidate is verbal; method=en_wiktionary_matching_pos_uk_translation; exact Oxford definition='a printed design or symbol that a company or an organization uses as its special sign'; candidate='логоти́п'; reverse='loho·tipʹ'; lexical=0.500; candidate_definition_similarity=0.445; reverse_definition_similarity=0.378.
MANUAL_EMERGENCY_WORK_20260820_SECOND_PASS_V4_round01	MANUAL_EMERGENCY_WORK_20260820_FIRST_PASS_V4_round01	ox5000-a7622314f2c3bb2b4d35	lottery	noun	B2	BLOCKED		BLOCKED V4: Oxford definition requires person role but source/reverse role is not independently person-like (lottery); method=en_wiktionary_matching_pos_uk_translation; exact Oxford definition='a way of raising money for a government, charity, etc. by selling tickets that have different numbers on them that people have chosen. Numbers are then chosen by chance and the people who have those numbers on their tickets win prizes.'; candidate='лотере́я'; reverse='Lottery'; lexical=1.000; candidate_definition_similarity=0.481; reverse_definition_similarity=0.594.
MANUAL_EMERGENCY_WORK_20260820_SECOND_PASS_V4_round01	MANUAL_EMERGENCY_WORK_20260820_FIRST_PASS_V4_round01	ox5000-b23be88bc8ebf7098db0	loyal	adjective	B2	BLOCKED		BLOCKED V4: semantic role mismatch: Oxford definition requires person, reverse candidate looks generic; method=en_wiktionary_matching_pos_uk_translation; exact Oxford definition='remaining constant in your support of somebody/something'; candidate='лоя́льний'; reverse='lo'; lexical=1.000; candidate_definition_similarity=0.475; reverse_definition_similarity=0.291.
MANUAL_EMERGENCY_WORK_20260820_SECOND_PASS_V4_round01	MANUAL_EMERGENCY_WORK_20260820_FIRST_PASS_V4_round01	ox5000-5ffdbbd8fd821d1622a7	lyric	noun	B2	BLOCKED		BLOCKED V4: candidate is not predominantly Ukrainian; method=Helsinki-NLP/opus-mt-en-uk_surface_candidate; exact Oxford definition='the words of a popular song'; candidate='ліричнийQFontDatabase'; reverse='lysic'; lexical=0.800; candidate_definition_similarity=0.188; reverse_definition_similarity=0.238.
MANUAL_EMERGENCY_WORK_20260820_SECOND_PASS_V4_round01	MANUAL_EMERGENCY_WORK_20260820_FIRST_PASS_V4_round01	ox5000-3e0bca958a799ee3c3b2	magnificent	adjective	B2	BLOCKED		BLOCKED V4: surface MT candidate does not back-translate to the exact English lexical identity; method=Helsinki-NLP/opus-mt-en-uk_surface_candidate; exact Oxford definition='extremely attractive and impressive; deserving praise'; candidate='чудовий'; reverse='great'; lexical=0.250; candidate_definition_similarity=0.548; reverse_definition_similarity=0.462.
MANUAL_EMERGENCY_WORK_20260820_SECOND_PASS_V4_round01	MANUAL_EMERGENCY_WORK_20260820_FIRST_PASS_V4_round01	ox5000-6c870370430f84ac75d1	make-up	noun	B2	BLOCKED		BLOCKED V4: candidate is not predominantly Ukrainian; method=Helsinki-NLP/opus-mt-en-uk_surface_candidate; exact Oxford definition='coloured substances used on the skin to make yourself look more attractive or to change your appearance'; candidate='make- up'; reverse='make-up'; lexical=1.000; candidate_definition_similarity=0.336; reverse_definition_similarity=0.449.
MANUAL_EMERGENCY_WORK_20260820_SECOND_PASS_V4_round01	MANUAL_EMERGENCY_WORK_20260820_FIRST_PASS_V4_round01	ox5000-e01fe6e6100e610146cf	making	noun	B2	BLOCKED		BLOCKED V4: surface MT candidate does not back-translate to the exact English lexical identity; method=Helsinki-NLP/opus-mt-en-uk_surface_candidate; exact Oxford definition='the act or process of making or producing something'; candidate='створення'; reverse='creating'; lexical=0.571; candidate_definition_similarity=0.663; reverse_definition_similarity=0.600.
MANUAL_EMERGENCY_WORK_20260820_SECOND_PASS_V4_round01	MANUAL_EMERGENCY_WORK_20260820_FIRST_PASS_V4_round01	ox5000-1dbbc1fd29bbf32a3e10	manufacture	verb	B2	BLOCKED		BLOCKED V4: Wiktionary candidate does not back-translate to the exact English lexical identity; method=en_wiktionary_matching_pos_uk_translation; exact Oxford definition='to make goods in large quantities, using machines'; candidate='виробля́ти'; reverse='produce'; lexical=0.333; candidate_definition_similarity=0.499; reverse_definition_similarity=0.304.
MANUAL_EMERGENCY_WORK_20260820_SECOND_PASS_V4_round01	MANUAL_EMERGENCY_WORK_20260820_FIRST_PASS_V4_round01	ox5000-9c59e86010b806d83fec	manufacturing	noun	B2	BLOCKED		BLOCKED V4: Wiktionary candidate does not back-translate to the exact English lexical identity; method=en_wiktionary_matching_pos_uk_translation; exact Oxford definition='the business or industry of producing goods in large quantities in factories, etc.'; candidate='виробни́цтво'; reverse='production'; lexical=0.435; candidate_definition_similarity=0.596; reverse_definition_similarity=0.606.
MANUAL_EMERGENCY_WORK_20260820_SECOND_PASS_V4_round01	MANUAL_EMERGENCY_WORK_20260820_FIRST_PASS_V4_round01	ox5000-3b407a089918c14984a8	marathon	noun	B2	PASS	марафон	PASS V4: concise lexical equivalent; method=Helsinki-NLP/opus-mt-en-uk_surface_candidate; exact Oxford definition='a long running race of about 42 kilometres or 26 miles'; candidate='марафон'; reverse='marathon'; lexical=1.000; candidate_definition_similarity=0.740; reverse_definition_similarity=0.722; lexical-form/POS/role/source-grounded checks PASS.
MANUAL_EMERGENCY_WORK_20260820_SECOND_PASS_V4_round01	MANUAL_EMERGENCY_WORK_20260820_FIRST_PASS_V4_round01	ox5000-edc3408926156df88b49	margin	noun	B2	BLOCKED		BLOCKED V4: Wiktionary candidate does not back-translate to the exact English lexical identity; method=en_wiktionary_matching_pos_uk_translation; exact Oxford definition='the empty space at the side of a written or printed page'; candidate='маргіне́с'; reverse='margines'; lexical=1.000; candidate_definition_similarity=0.231; reverse_definition_similarity=0.471.
MANUAL_EMERGENCY_WORK_20260820_SECOND_PASS_V4_round01	MANUAL_EMERGENCY_WORK_20260820_FIRST_PASS_V4_round01	ox5000-84fa239e44c4093c7cfe	marker	noun	B2	PASS	маркер	PASS V4: concise lexical equivalent; method=Helsinki-NLP/opus-mt-en-uk_surface_candidate; exact Oxford definition='an object or a sign that shows the position of something'; candidate='маркер'; reverse='marker'; lexical=1.000; candidate_definition_similarity=0.539; reverse_definition_similarity=0.545; lexical-form/POS/role/source-grounded checks PASS.
MANUAL_EMERGENCY_WORK_20260820_SECOND_PASS_V4_round01	MANUAL_EMERGENCY_WORK_20260820_FIRST_PASS_V4_round01	ox5000-d86503c48a8e8690c121	martial	adjective	B2	BLOCKED		BLOCKED V4: Wiktionary candidate does not back-translate to the exact English lexical identity; method=en_wiktionary_matching_pos_uk_translation; exact Oxford definition='connected with fighting or war'; candidate='військо́вий'; reverse='army'; lexical=0.364; candidate_definition_similarity=0.528; reverse_definition_similarity=0.434.
MANUAL_EMERGENCY_WORK_20260820_SECOND_PASS_V4_round01	MANUAL_EMERGENCY_WORK_20260820_FIRST_PASS_V4_round01	ox5000-79019916bd7e8a187527	mate	noun	B2	BLOCKED		BLOCKED V4: semantic role mismatch: Oxford definition requires person, reverse candidate looks generic; method=Helsinki-NLP/opus-mt-en-uk_surface_candidate; exact Oxford definition='used as a friendly way of addressing somebody, especially between men'; candidate='супутник'; reverse='satellite'; lexical=0.462; candidate_definition_similarity=0.090; reverse_definition_similarity=0.072.
MANUAL_EMERGENCY_WORK_20260820_SECOND_PASS_V4_round01	MANUAL_EMERGENCY_WORK_20260820_FIRST_PASS_V4_round01	ox5000-803233f8756ba059a15c	mate	verb	B2	BLOCKED		BLOCKED V4: verb candidate is not an appropriate Ukrainian infinitive/verb phrase; method=Helsinki-NLP/opus-mt-en-uk_surface_candidate; exact Oxford definition='to have sex in order to produce young'; candidate='супутник'; reverse='satellite'; lexical=0.462; candidate_definition_similarity=0.051; reverse_definition_similarity=0.052.
MANUAL_EMERGENCY_WORK_20260820_SECOND_PASS_V4_round01	MANUAL_EMERGENCY_WORK_20260820_FIRST_PASS_V4_round01	ox5000-9eb52d5916fd39ec8a75	mayor	noun	B2	PASS	мер	PASS V4: concise lexical equivalent; method=en_wiktionary_matching_pos_uk_translation; exact Oxford definition='the head of the government of a town or city, etc., elected by the public'; candidate='мер'; reverse='mayor'; lexical=1.000; candidate_definition_similarity=0.451; reverse_definition_similarity=0.662; lexical-form/POS/role/source-grounded checks PASS.
MANUAL_EMERGENCY_WORK_20260820_SECOND_PASS_V4_round01	MANUAL_EMERGENCY_WORK_20260820_FIRST_PASS_V4_round01	ox5000-30593521f63578f24f57	mechanic	noun	B2	BLOCKED		BLOCKED V4: semantic role mismatch: Oxford definition requires person, reverse candidate looks generic; method=en_wiktionary_matching_pos_uk_translation; exact Oxford definition='a person whose job is repairing machines, especially the engines of vehicles'; candidate='меха́нік'; reverse='Mekaʹnik'; lexical=0.625; candidate_definition_similarity=0.202; reverse_definition_similarity=0.139.
MANUAL_EMERGENCY_WORK_20260820_SECOND_PASS_V4_round01	MANUAL_EMERGENCY_WORK_20260820_FIRST_PASS_V4_round01	ox5000-bc744c53b635188752ff	mechanical	adjective	B2	PASS	механі́чний	PASS V4: concise lexical equivalent; method=en_wiktionary_matching_pos_uk_translation; exact Oxford definition='operated by power from an engine'; candidate='механі́чний'; reverse='mechanical'; lexical=1.000; candidate_definition_similarity=0.480; reverse_definition_similarity=0.484; lexical-form/POS/role/source-grounded checks PASS.
MANUAL_EMERGENCY_WORK_20260820_SECOND_PASS_V4_round01	MANUAL_EMERGENCY_WORK_20260820_FIRST_PASS_V4_round01	ox5000-feb14135e748e0ec9422	mechanism	noun	B2	PASS	механі́зм	PASS V4: concise lexical equivalent; method=en_wiktionary_matching_pos_uk_translation; exact Oxford definition='a set of moving parts in a machine that performs a task'; candidate='механі́зм'; reverse='Mechanism'; lexical=1.000; candidate_definition_similarity=0.530; reverse_definition_similarity=0.444; lexical-form/POS/role/source-grounded checks PASS.
MANUAL_EMERGENCY_WORK_20260820_SECOND_PASS_V4_round01	MANUAL_EMERGENCY_WORK_20260820_FIRST_PASS_V4_round01	ox5000-aafc6f9c171aa1d3e4ab	medal	noun	B2	BLOCKED		BLOCKED V4: Oxford definition requires person role but source/reverse role is not independently person-like (medal); method=en_wiktionary_matching_pos_uk_translation; exact Oxford definition='a flat piece of metal, usually like a coin in shape, that is given to the winner of a competition or to somebody who has been brave, for example in war'; candidate='меда́ль'; reverse='medal'; lexical=1.000; candidate_definition_similarity=0.147; reverse_definition_similarity=0.429.
MANUAL_EMERGENCY_WORK_20260820_SECOND_PASS_V4_round01	MANUAL_EMERGENCY_WORK_20260820_FIRST_PASS_V4_round01	ox5000-885e13683538fe87553d	medication	noun	B2	BLOCKED		BLOCKED V4: surface MT candidate does not back-translate to the exact English lexical identity; method=Helsinki-NLP/opus-mt-en-uk_surface_candidate; exact Oxford definition='a drug or another form of medicine that you take to prevent or to treat an illness; treatment involving drugs'; candidate='ліки'; reverse='medicine'; lexical=0.778; candidate_definition_similarity=0.693; reverse_definition_similarity=0.653.
MANUAL_EMERGENCY_WORK_20260820_SECOND_PASS_V4_round01	MANUAL_EMERGENCY_WORK_20260820_FIRST_PASS_V4_round01	ox5000-6ecd6860e0bf3c45ceec	membership	noun	B2	BLOCKED		BLOCKED V4: semantic role mismatch: Oxford definition requires state, reverse candidate looks generic; method=en_wiktionary_matching_pos_uk_translation; exact Oxford definition='the state of being a member of a group, a club, an organization, etc.'; candidate='чле́нство'; reverse='Clash'; lexical=0.267; candidate_definition_similarity=0.300; reverse_definition_similarity=0.164.
MANUAL_EMERGENCY_WORK_20260820_SECOND_PASS_V4_round01	MANUAL_EMERGENCY_WORK_20260820_FIRST_PASS_V4_round01	ox5000-88c7868cbefd07d53bac	memorable	adjective	B2	BLOCKED		"BLOCKED V4: adjective candidate has no plausible Ukrainian adjective morphology; method=Helsinki-NLP/opus-mt-en-uk_surface_candidate; exact Oxford definition='worth remembering or easy to remember, especially because of being special or unusual'; candidate=""пам' ять""; reverse='memory'; lexical=0.667; candidate_definition_similarity=0.553; reverse_definition_similarity=0.410."
MANUAL_EMERGENCY_WORK_20260820_SECOND_PASS_V4_round01	MANUAL_EMERGENCY_WORK_20260820_FIRST_PASS_V4_round01	ox5000-a0b66ab8c1eda0867006	metaphor	noun	B2	PASS	метафора	PASS V4: concise lexical equivalent; method=Helsinki-NLP/opus-mt-en-uk_surface_candidate; exact Oxford definition='a word or phrase used to describe somebody/something else, in a way that is different from its normal use, in order to show that the two things have the same qualities and to make the description more powerful, for example She has a heart of stone ; the use of such words and phrases'; candidate='метафора'; reverse='metaphor'; lexical=1.000; candidate_definition_similarity=0.469; reverse_definition_similarity=0.459; lexical-form/POS/role/source-grounded checks PASS.
MANUAL_EMERGENCY_WORK_20260820_SECOND_PASS_V4_round01	MANUAL_EMERGENCY_WORK_20260820_FIRST_PASS_V4_round01	ox5000-986de09a91776341ea71	miner	noun	B2	PASS	мінер	PASS V4: concise lexical equivalent; method=Helsinki-NLP/opus-mt-en-uk_surface_candidate; exact Oxford definition='a person who works in a mine taking out coal, gold, diamonds, etc.'; candidate='мінер'; reverse='miner'; lexical=1.000; candidate_definition_similarity=0.583; reverse_definition_similarity=0.665; lexical-form/POS/role/source-grounded checks PASS.
MANUAL_EMERGENCY_WORK_20260820_SECOND_PASS_V4_round01	MANUAL_EMERGENCY_WORK_20260820_FIRST_PASS_V4_round01	ox5000-d5da00c3d1c99d2ce05a	miserable	adjective	B2	BLOCKED		BLOCKED V4: Wiktionary candidate does not back-translate to the exact English lexical identity; method=en_wiktionary_matching_pos_uk_translation; exact Oxford definition='very unhappy or uncomfortable'; candidate='неща́сний'; reverse='Insufficient'; lexical=0.286; candidate_definition_similarity=0.453; reverse_definition_similarity=0.292.
MANUAL_EMERGENCY_WORK_20260820_SECOND_PASS_V4_round01	MANUAL_EMERGENCY_WORK_20260820_FIRST_PASS_V4_round01	ox5000-c7c8003562442221d355	mode	noun	B2	BLOCKED		BLOCKED V4: Wiktionary candidate does not back-translate to the exact English lexical identity; method=en_wiktionary_matching_pos_uk_translation; exact Oxford definition='a particular way of doing something; a particular type of something'; candidate='режи́м'; reverse='subterfuge'; lexical=0.143; candidate_definition_similarity=0.457; reverse_definition_similarity=0.350.
MANUAL_EMERGENCY_WORK_20260820_SECOND_PASS_V4_round01	MANUAL_EMERGENCY_WORK_20260820_FIRST_PASS_V4_round01	ox5000-1c1409a8020c89e8377e	modest	adjective	B2	BLOCKED		BLOCKED V4: Wiktionary candidate does not back-translate to the exact English lexical identity; method=en_wiktionary_matching_pos_uk_translation; exact Oxford definition='not very large, expensive, important, etc.'; candidate='скро́мний'; reverse='closed'; lexical=0.333; candidate_definition_similarity=0.351; reverse_definition_similarity=0.068.
MANUAL_EMERGENCY_WORK_20260820_SECOND_PASS_V4_round01	MANUAL_EMERGENCY_WORK_20260820_FIRST_PASS_V4_round01	ox5000-22e3da986f5cef99f6ae	monster	noun	B2	PASS	монстр	PASS V4: concise lexical equivalent; method=Helsinki-NLP/opus-mt-en-uk_surface_candidate; exact Oxford definition='(in stories) an imaginary creature that is very large, ugly and frightening'; candidate='монстр'; reverse='monster'; lexical=1.000; candidate_definition_similarity=0.705; reverse_definition_similarity=0.675; lexical-form/POS/role/source-grounded checks PASS.
MANUAL_EMERGENCY_WORK_20260820_SECOND_PASS_V4_round01	MANUAL_EMERGENCY_WORK_20260820_FIRST_PASS_V4_round01	ox5000-06cb5472f60a2edbcf2b	monthly	adjective	B2	BLOCKED		BLOCKED V4: Wiktionary lexical candidate lacks two-sided exact-definition support; method=en_wiktionary_matching_pos_uk_translation; exact Oxford definition='happening once a month or every month'; candidate='щомі́сячний'; reverse='monthly'; lexical=1.000; candidate_definition_similarity=0.302; reverse_definition_similarity=0.638.
MANUAL_EMERGENCY_WORK_20260820_SECOND_PASS_V4_round01	MANUAL_EMERGENCY_WORK_20260820_FIRST_PASS_V4_round01	ox5000-625446803ce6f0d5cf1a	monument	noun	B2	BLOCKED		BLOCKED V4: semantic role mismatch: Oxford definition requires place, reverse candidate looks process; method=en_wiktionary_matching_pos_uk_translation; exact Oxford definition='a building, column, statue, etc. built to remind people of a famous person or event'; candidate='монуме́нт'; reverse='Modument'; lexical=0.875; candidate_definition_similarity=0.306; reverse_definition_similarity=0.220.
MANUAL_EMERGENCY_WORK_20260820_SECOND_PASS_V4_round01	MANUAL_EMERGENCY_WORK_20260820_FIRST_PASS_V4_round01	ox5000-88734672e90f2e89d10b	moreover	adverb	B2	BLOCKED		BLOCKED V4: Wiktionary candidate does not back-translate to the exact English lexical identity; method=en_wiktionary_matching_pos_uk_translation; exact Oxford definition='used to introduce some new information that adds to or supports what you have said previously'; candidate='до то́го ж'; reverse='to thho'; lexical=0.267; candidate_definition_similarity=0.225; reverse_definition_similarity=0.185.
MANUAL_EMERGENCY_WORK_20260820_SECOND_PASS_V4_round01	MANUAL_EMERGENCY_WORK_20260820_FIRST_PASS_V4_round01	ox5000-8bc8e2f1c11fbf198d37	mortgage	noun	B2	BLOCKED		BLOCKED V4: Wiktionary candidate does not back-translate to the exact English lexical identity; method=en_wiktionary_matching_pos_uk_translation; exact Oxford definition='a legal agreement by which a bank or similar organization lends you money to buy a house, etc., and you pay the money back over a particular number of years; the sum of money that you borrow'; candidate='іпоте́ка'; reverse='pothetec'; lexical=0.375; candidate_definition_similarity=0.180; reverse_definition_similarity=0.056.
MANUAL_EMERGENCY_WORK_20260820_SECOND_PASS_V4_round01	MANUAL_EMERGENCY_WORK_20260820_FIRST_PASS_V4_round01	ox5000-35c00beb3d8396332a3a	mosque	noun	B2	PASS	мечеть	PASS V4: concise lexical equivalent; method=Helsinki-NLP/opus-mt-en-uk_surface_candidate; exact Oxford definition='a building where Muslims go for prayer'; candidate='мечеть'; reverse='mosque'; lexical=1.000; candidate_definition_similarity=0.769; reverse_definition_similarity=0.738; lexical-form/POS/role/source-grounded checks PASS.
MANUAL_EMERGENCY_WORK_20260820_SECOND_PASS_V4_round01	MANUAL_EMERGENCY_WORK_20260820_FIRST_PASS_V4_round01	ox5000-85ff0bace6a2ff8b3896	motion	noun	B2	BLOCKED		BLOCKED V4: Wiktionary candidate does not back-translate to the exact English lexical identity; method=en_wiktionary_matching_pos_uk_translation; exact Oxford definition='the act or process of moving or the way something moves'; candidate='рух'; reverse='movement'; lexical=0.429; candidate_definition_similarity=0.665; reverse_definition_similarity=0.569.
MANUAL_EMERGENCY_WORK_20260820_SECOND_PASS_V4_round01	MANUAL_EMERGENCY_WORK_20260820_FIRST_PASS_V4_round01	ox5000-15358dfd67542bac5588	motivate	verb	B2	BLOCKED		BLOCKED V4: semantic role mismatch: Oxford definition requires person, reverse candidate looks generic; method=en_wiktionary_matching_pos_uk_translation; exact Oxford definition='to be the reason why somebody does something or behaves in a particular way'; candidate='мотивува́ти'; reverse='motive'; lexical=0.857; candidate_definition_similarity=0.423; reverse_definition_similarity=0.591.
MANUAL_EMERGENCY_WORK_20260820_SECOND_PASS_V4_round01	MANUAL_EMERGENCY_WORK_20260820_FIRST_PASS_V4_round01	ox5000-636c6bf1b2aeff69bbd1	motivation	noun	B2	BLOCKED		BLOCKED V4: Oxford definition requires person role but source/reverse role is not independently person-like (motivation); method=en_wiktionary_matching_pos_uk_translation; exact Oxford definition='the reason why somebody does something or behaves in a particular way'; candidate='мотива́ція'; reverse='motivation'; lexical=1.000; candidate_definition_similarity=0.495; reverse_definition_similarity=0.358.
MANUAL_EMERGENCY_WORK_20260820_SECOND_PASS_V4_round01	MANUAL_EMERGENCY_WORK_20260820_FIRST_PASS_V4_round01	ox5000-98811a8ef5eeb939e28e	moving	adjective	B2	BLOCKED		BLOCKED V4: semantic role mismatch: Oxford definition requires person, reverse candidate looks process; method=en_wiktionary_matching_pos_uk_translation; exact Oxford definition='causing strong, often sad, feelings about somebody/something'; candidate='звору́шливий'; reverse='decomposing'; lexical=0.588; candidate_definition_similarity=0.447; reverse_definition_similarity=-0.001.
MANUAL_EMERGENCY_WORK_20260820_SECOND_PASS_V4_round01	MANUAL_EMERGENCY_WORK_20260820_FIRST_PASS_V4_round01	ox5000-badee9d8f307959df126	ongoing	adjective	B2	BLOCKED		BLOCKED V4: Wiktionary candidate does not back-translate to the exact English lexical identity; method=en_wiktionary_matching_pos_uk_translation; exact Oxford definition='continuing to exist or develop'; candidate='безупи́нний'; reverse='uninhibited'; lexical=0.333; candidate_definition_similarity=0.406; reverse_definition_similarity=0.362.
MANUAL_EMERGENCY_WORK_20260820_SECOND_PASS_V4_round01	MANUAL_EMERGENCY_WORK_20260820_FIRST_PASS_V4_round01	ox5000-2f6f191c073dce6857c8	openly	adverb	B2	BLOCKED		BLOCKED V4: multiword adverb candidate is not an adverbial phrase; method=en_wiktionary_matching_pos_uk_translation; exact Oxford definition='without hiding any feelings, opinions or information'; candidate='відве́рто'; reverse='answered'; lexical=0.143; candidate_definition_similarity=0.340; reverse_definition_similarity=0.216.
MANUAL_EMERGENCY_WORK_20260820_SECOND_PASS_V4_round01	MANUAL_EMERGENCY_WORK_20260820_FIRST_PASS_V4_round01	ox5000-3b99ee42b5cd8d914754	opera	noun	B2	PASS	опера	PASS V4: concise lexical equivalent; method=Helsinki-NLP/opus-mt-en-uk_surface_candidate; exact Oxford definition='a dramatic work in which all or most of the words are sung to music; works of this type as an art form or entertainment'; candidate='опера'; reverse='opera'; lexical=1.000; candidate_definition_similarity=0.549; reverse_definition_similarity=0.565; lexical-form/POS/role/source-grounded checks PASS.
MANUAL_EMERGENCY_WORK_20260820_SECOND_PASS_V4_round01	MANUAL_EMERGENCY_WORK_20260820_FIRST_PASS_V4_round01	ox5000-bb16b4d78505cc19a95b	operator	noun	B2	BLOCKED		BLOCKED V4: Wiktionary lexical candidate lacks two-sided exact-definition support; method=en_wiktionary_matching_pos_uk_translation; exact Oxford definition='a person who operates equipment or a machine'; candidate='опера́тор'; reverse='operator'; lexical=1.000; candidate_definition_similarity=0.516; reverse_definition_similarity=0.293.
MANUAL_EMERGENCY_WORK_20260820_SECOND_PASS_V4_round01	MANUAL_EMERGENCY_WORK_20260820_FIRST_PASS_V4_round01	ox5000-019a4aa3fdffda49fc88	optimistic	adjective	B2	PASS	оптимісти́чний	PASS V4: concise lexical equivalent; method=en_wiktionary_matching_pos_uk_translation; exact Oxford definition='expecting good things to happen or something to be successful; showing this feeling'; candidate='оптимісти́чний'; reverse='Optimistic'; lexical=1.000; candidate_definition_similarity=0.612; reverse_definition_similarity=0.590; lexical-form/POS/role/source-grounded checks PASS.
MANUAL_EMERGENCY_WORK_20260820_SECOND_PASS_V4_round01	MANUAL_EMERGENCY_WORK_20260820_FIRST_PASS_V4_round01	ox5000-35b1a402b7c754fe5305	orchestra	noun	B2	BLOCKED		BLOCKED V4: semantic role mismatch: Oxford definition requires person, reverse candidate looks generic; method=en_wiktionary_matching_pos_uk_translation; exact Oxford definition='a large group of people who play various musical instruments together, led by a conductor'; candidate='орке́стр'; reverse='Orkeʹstr'; lexical=0.706; candidate_definition_similarity=0.730; reverse_definition_similarity=0.107.
MANUAL_EMERGENCY_WORK_20260820_SECOND_PASS_V4_round01	MANUAL_EMERGENCY_WORK_20260820_FIRST_PASS_V4_round01	ox5000-b4389a2bac4330cc53ad	organic	adjective	B2	PASS	органі́чний	PASS V4: concise lexical equivalent; method=en_wiktionary_matching_pos_uk_translation; exact Oxford definition='produced or practised without using artificial chemicals'; candidate='органі́чний'; reverse='Organic'; lexical=1.000; candidate_definition_similarity=0.517; reverse_definition_similarity=0.495; lexical-form/POS/role/source-grounded checks PASS.
MANUAL_EMERGENCY_WORK_20260820_SECOND_PASS_V4_round01	MANUAL_EMERGENCY_WORK_20260820_FIRST_PASS_V4_round01	ox5000-e588b4bfc5ae52073336	outfit	noun	B2	BLOCKED		BLOCKED V4: surface MT candidate does not back-translate to the exact English lexical identity; method=Helsinki-NLP/opus-mt-en-uk_surface_candidate; exact Oxford definition='a set of clothes that you wear together, especially for a particular occasion or purpose'; candidate='Одяг'; reverse='Clothing'; lexical=0.429; candidate_definition_similarity=0.788; reverse_definition_similarity=0.809.
MANUAL_EMERGENCY_WORK_20260820_SECOND_PASS_V4_round01	MANUAL_EMERGENCY_WORK_20260820_FIRST_PASS_V4_round01	ox5000-8d38d3d7d5e03f2abaae	output	noun	B2	BLOCKED		BLOCKED V4: semantic role mismatch: Oxford definition requires person, reverse candidate looks process; method=en_wiktionary_matching_pos_uk_translation; exact Oxford definition='the amount of something that a person, a machine or an organization produces'; candidate='проду́кція'; reverse='production'; lexical=0.375; candidate_definition_similarity=0.517; reverse_definition_similarity=0.581.
MANUAL_EMERGENCY_WORK_20260820_SECOND_PASS_V4_round01	MANUAL_EMERGENCY_WORK_20260820_FIRST_PASS_V4_round01	ox5000-9884417c4c0fe5bde7b6	outstanding	adjective	B2	PASS	Видатний	PASS V4: concise lexical equivalent; method=Helsinki-NLP/opus-mt-en-uk_surface_candidate; exact Oxford definition='extremely good; excellent'; candidate='Видатний'; reverse='Outstanding'; lexical=1.000; candidate_definition_similarity=0.515; reverse_definition_similarity=0.778; lexical-form/POS/role/source-grounded checks PASS.
MANUAL_EMERGENCY_WORK_20260820_SECOND_PASS_V4_round01	MANUAL_EMERGENCY_WORK_20260820_FIRST_PASS_V4_round01	ox5000-021eeabab2a596d30a62	overcome	verb	B2	BLOCKED		BLOCKED V4: Wiktionary lexical candidate lacks two-sided exact-definition support; method=en_wiktionary_matching_pos_uk_translation; exact Oxford definition='to succeed in dealing with or controlling a problem that has been preventing you from achieving something'; candidate='подола́ти'; reverse='overcome'; lexical=1.000; candidate_definition_similarity=0.201; reverse_definition_similarity=0.515.
MANUAL_EMERGENCY_WORK_20260820_SECOND_PASS_V4_round01	MANUAL_EMERGENCY_WORK_20260820_FIRST_PASS_V4_round01	ox5000-1167b9a5705478ca1c8f	overnight	adverb	B2	BLOCKED		BLOCKED V4: surface MT candidate does not back-translate to the exact English lexical identity; method=Helsinki-NLP/opus-mt-en-uk_surface_candidate; exact Oxford definition='during or for the night'; candidate='ніч'; reverse='nt'; lexical=0.364; candidate_definition_similarity=0.667; reverse_definition_similarity=0.326.
MANUAL_EMERGENCY_WORK_20260820_SECOND_PASS_V4_round01	MANUAL_EMERGENCY_WORK_20260820_FIRST_PASS_V4_round01	ox5000-a93b7e958b34078785e0	overseas	adjective	B2	BLOCKED		BLOCKED V4: surface MT candidate does not back-translate to the exact English lexical identity; method=Helsinki-NLP/opus-mt-en-uk_surface_candidate; exact Oxford definition='connected with foreign countries, especially those separated from your country by the sea or ocean'; candidate='За кордоном'; reverse='In a Foreign Field'; lexical=0.231; candidate_definition_similarity=0.591; reverse_definition_similarity=0.463.
MANUAL_EMERGENCY_WORK_20260820_SECOND_PASS_V4_round01	MANUAL_EMERGENCY_WORK_20260820_FIRST_PASS_V4_round01	ox5000-14a1cc720a6156b2bef8	overseas	adverb	B2	BLOCKED		BLOCKED V4: surface MT candidate does not back-translate to the exact English lexical identity; method=Helsinki-NLP/opus-mt-en-uk_surface_candidate; exact Oxford definition='to or in a foreign country, especially those separated from your country by the sea or ocean'; candidate='За кордоном'; reverse='In a Foreign Field'; lexical=0.231; candidate_definition_similarity=0.568; reverse_definition_similarity=0.502.
MANUAL_EMERGENCY_WORK_20260820_SECOND_PASS_V4_round01	MANUAL_EMERGENCY_WORK_20260820_FIRST_PASS_V4_round01	ox5000-875ac29835bedd3f8fe9	ownership	noun	B2	BLOCKED		BLOCKED V4: Wiktionary candidate does not back-translate to the exact English lexical identity; method=en_wiktionary_matching_pos_uk_translation; exact Oxford definition='the fact of owning something'; candidate='володі́ння'; reverse='rulership'; lexical=0.667; candidate_definition_similarity=0.799; reverse_definition_similarity=0.435.
MANUAL_EMERGENCY_WORK_20260820_SECOND_PASS_V4_round01	MANUAL_EMERGENCY_WORK_20260820_FIRST_PASS_V4_round01	ox5000-4ad6c70bffbabb30bef5	oxygen	noun	B2	PASS	оксиге́н	PASS V4: concise lexical equivalent; method=en_wiktionary_matching_pos_uk_translation; exact Oxford definition='a chemical element. Oxygen is a gas that is present in air and water and is necessary for people, animals and plants to live.'; candidate='оксиге́н'; reverse='oxygen'; lexical=1.000; candidate_definition_similarity=0.690; reverse_definition_similarity=0.710; lexical-form/POS/role/source-grounded checks PASS.
MANUAL_EMERGENCY_WORK_20260820_SECOND_PASS_V4_round01	MANUAL_EMERGENCY_WORK_20260820_FIRST_PASS_V4_round01	ox5000-ebd3aca4366331cbbecb	packet	noun	B2	BLOCKED		BLOCKED V4: Wiktionary candidate does not back-translate to the exact English lexical identity; method=en_wiktionary_matching_pos_uk_translation; exact Oxford definition='a small container made of paper or card in which goods are packed for selling'; candidate='па́чка'; reverse='stick'; lexical=0.364; candidate_definition_similarity=0.255; reverse_definition_similarity=0.234.
MANUAL_EMERGENCY_WORK_20260820_SECOND_PASS_V4_round01	MANUAL_EMERGENCY_WORK_20260820_FIRST_PASS_V4_round01	ox5000-30fd4723cd451189f603	palm	noun	B2	PASS	пальма	PASS V4: concise lexical equivalent; method=Helsinki-NLP/opus-mt-en-uk_surface_candidate; exact Oxford definition='a straight tree with a mass of long leaves at the top, growing in tropical countries. There are several types of palm tree, some of which produce fruit.'; candidate='пальма'; reverse='palm'; lexical=1.000; candidate_definition_similarity=0.494; reverse_definition_similarity=0.447; lexical-form/POS/role/source-grounded checks PASS.
MANUAL_EMERGENCY_WORK_20260820_SECOND_PASS_V4_round01	MANUAL_EMERGENCY_WORK_20260820_FIRST_PASS_V4_round01	ox5000-d10729e289ea7b28417a	panic	noun	B2	PASS	паніка	PASS V4: concise lexical equivalent; method=Helsinki-NLP/opus-mt-en-uk_surface_candidate; exact Oxford definition='a sudden feeling of great fear that cannot be controlled and prevents you from thinking clearly'; candidate='паніка'; reverse='panic'; lexical=1.000; candidate_definition_similarity=0.618; reverse_definition_similarity=0.635; lexical-form/POS/role/source-grounded checks PASS.
MANUAL_EMERGENCY_WORK_20260820_SECOND_PASS_V4_round01	MANUAL_EMERGENCY_WORK_20260820_FIRST_PASS_V4_round01	ox5000-7a6e9f9445697c021a81	parade	noun	B2	BLOCKED		BLOCKED V4: Wiktionary candidate does not back-translate to the exact English lexical identity; method=en_wiktionary_matching_pos_uk_translation; exact Oxford definition='a public celebration of a special day or event, usually with bands in the streets and decorated vehicles'; candidate='пара́д'; reverse='pard'; lexical=0.800; candidate_definition_similarity=0.280; reverse_definition_similarity=0.092.
MANUAL_EMERGENCY_WORK_20260820_SECOND_PASS_V4_round01	MANUAL_EMERGENCY_WORK_20260820_FIRST_PASS_V4_round01	ox5000-fd6ca5be73f93fb3556b	parallel	adjective	B2	PASS	паралельний	PASS V4: concise lexical equivalent; method=Helsinki-NLP/opus-mt-en-uk_surface_candidate; exact Oxford definition='two or more lines that are parallel to each other are the same distance apart at every point'; candidate='паралельний'; reverse='parallel'; lexical=1.000; candidate_definition_similarity=0.529; reverse_definition_similarity=0.540; lexical-form/POS/role/source-grounded checks PASS.
MANUAL_EMERGENCY_WORK_20260820_SECOND_PASS_V4_round01	MANUAL_EMERGENCY_WORK_20260820_FIRST_PASS_V4_round01	ox5000-7ebeea756d3860dfe0d4	parallel	noun	B2	BLOCKED		BLOCKED V4: semantic role mismatch: Oxford definition requires person, reverse candidate looks generic; method=en_wiktionary_matching_pos_uk_translation; exact Oxford definition='a person, a situation, an event, etc. that is very similar to another, especially one in a different place or time'; candidate='рівнолежник'; reverse='equal'; lexical=0.308; candidate_definition_similarity=0.363; reverse_definition_similarity=0.260.
MANUAL_EMERGENCY_WORK_20260820_SECOND_PASS_V4_round01	MANUAL_EMERGENCY_WORK_20260820_FIRST_PASS_V4_round01	ox5000-9a69ec83b0e36255adb9	part-time	adjective	B2	PASS	зайнятий неповний робочий час	PASS V4: concise lexical equivalent; method=en_wiktionary_matching_pos_uk_translation; exact Oxford definition='for part of the day or week in which people work'; candidate='зайнятий неповний робочий час'; reverse='busy part-time'; lexical=1.000; candidate_definition_similarity=0.731; reverse_definition_similarity=0.645; lexical-form/POS/role/source-grounded checks PASS.
MANUAL_EMERGENCY_WORK_20260820_SECOND_PASS_V4_round01	MANUAL_EMERGENCY_WORK_20260820_FIRST_PASS_V4_round01	ox5000-2cbeb1855517af42f649	participation	noun	B2	PASS	у́часть	PASS V4: concise lexical equivalent; method=en_wiktionary_matching_pos_uk_translation; exact Oxford definition='the act of taking part in an activity or event'; candidate='у́часть'; reverse='participation'; lexical=1.000; candidate_definition_similarity=0.581; reverse_definition_similarity=0.572; lexical-form/POS/role/source-grounded checks PASS.
MANUAL_EMERGENCY_WORK_20260820_SECOND_PASS_V4_round01	MANUAL_EMERGENCY_WORK_20260820_FIRST_PASS_V4_round01	ox5000-e99d3a619738b2e246d6	partnership	noun	B2	PASS	Партнерство	PASS V4: concise lexical equivalent; method=Helsinki-NLP/opus-mt-en-uk_surface_candidate; exact Oxford definition='the state of being a partner in business'; candidate='Партнерство'; reverse='Partnership'; lexical=1.000; candidate_definition_similarity=0.659; reverse_definition_similarity=0.615; lexical-form/POS/role/source-grounded checks PASS.
MANUAL_EMERGENCY_WORK_20260820_SECOND_PASS_V4_round01	MANUAL_EMERGENCY_WORK_20260820_FIRST_PASS_V4_round01	ox5000-311fd2e67b591781d96e	passionate	adjective	B2	PASS	пристрасний	PASS V4: concise lexical equivalent; method=Helsinki-NLP/opus-mt-en-uk_surface_candidate; exact Oxford definition='having or showing strong feelings of sexual love or of anger, etc.'; candidate='пристрасний'; reverse='passionate'; lexical=1.000; candidate_definition_similarity=0.435; reverse_definition_similarity=0.546; lexical-form/POS/role/source-grounded checks PASS.
MANUAL_EMERGENCY_WORK_20260820_SECOND_PASS_V4_round01	MANUAL_EMERGENCY_WORK_20260820_FIRST_PASS_V4_round01	ox5000-6d4a81e66902a45caa21	passive	adjective	C1	BLOCKED		BLOCKED V4: Wiktionary lexical candidate lacks two-sided exact-definition support; method=en_wiktionary_matching_pos_uk_translation; exact Oxford definition='accepting what happens or what people do without trying to change anything or oppose them'; candidate='паси́вний'; reverse='Passive'; lexical=1.000; candidate_definition_similarity=0.115; reverse_definition_similarity=0.273.
MANUAL_EMERGENCY_WORK_20260820_SECOND_PASS_V4_round01	MANUAL_EMERGENCY_WORK_20260820_FIRST_PASS_V4_round01	ox5000-e998bda7a717be49bec6	password	noun	B2	BLOCKED		BLOCKED V4: Wiktionary lexical candidate lacks two-sided exact-definition support; method=en_wiktionary_matching_pos_uk_translation; exact Oxford definition='a series of letters, numbers, etc. that you must type into a computer or computer system in order to be able to use it'; candidate='паро́ля'; reverse='password'; lexical=1.000; candidate_definition_similarity=0.386; reverse_definition_similarity=0.346.
MANUAL_EMERGENCY_WORK_20260820_SECOND_PASS_V4_round01	MANUAL_EMERGENCY_WORK_20260820_FIRST_PASS_V4_round01	ox5000-d11dcce3a28b447255da	pastor	noun	C1	PASS	пастор	PASS V4: concise lexical equivalent; method=en_wiktionary_matching_pos_uk_translation; exact Oxford definition='a minister in charge of a Christian church or group, especially in some Nonconformist churches'; candidate='пастор'; reverse='pastor'; lexical=1.000; candidate_definition_similarity=0.697; reverse_definition_similarity=0.655; lexical-form/POS/role/source-grounded checks PASS.
MANUAL_EMERGENCY_WORK_20260820_SECOND_PASS_V4_round01	MANUAL_EMERGENCY_WORK_20260820_FIRST_PASS_V4_round01	ox5000-9a43f8a85ef922837b3c	patch	noun	C1	BLOCKED		BLOCKED V4: semantic role mismatch: Oxford definition requires place, reverse candidate looks generic; method=en_wiktionary_matching_pos_uk_translation; exact Oxford definition='a small area of something, especially one which is different from the area around it'; candidate='ла́та'; reverse='laʹta'; lexical=0.400; candidate_definition_similarity=0.310; reverse_definition_similarity=0.273.
MANUAL_EMERGENCY_WORK_20260820_SECOND_PASS_V4_round01	MANUAL_EMERGENCY_WORK_20260820_FIRST_PASS_V4_round01	ox5000-5af766941fb0ffd07856	patent	noun	C1	PASS	патент	PASS V4: concise lexical equivalent; method=Helsinki-NLP/opus-mt-en-uk_surface_candidate; exact Oxford definition='an official right to be the only person to make, use or sell a product or an invention; a document that proves this'; candidate='патент'; reverse='patent'; lexical=1.000; candidate_definition_similarity=0.564; reverse_definition_similarity=0.558; lexical-form/POS/role/source-grounded checks PASS.
MANUAL_EMERGENCY_WORK_20260820_SECOND_PASS_V4_round01	MANUAL_EMERGENCY_WORK_20260820_FIRST_PASS_V4_round01	ox5000-9c211817fb234e7e024f	pathway	noun	C1	BLOCKED		BLOCKED V4: surface MT candidate does not back-translate to the exact English lexical identity; method=Helsinki-NLP/opus-mt-en-uk_surface_candidate; exact Oxford definition='a track that serves as a path'; candidate='Шлях'; reverse='Path'; lexical=1.000; candidate_definition_similarity=0.475; reverse_definition_similarity=0.705.
MANUAL_EMERGENCY_WORK_20260820_SECOND_PASS_V4_round01	MANUAL_EMERGENCY_WORK_20260820_FIRST_PASS_V4_round01	ox5000-feac7d068345b41bf9b8	patience	noun	B2	PASS	терпі́ння	PASS V4: concise lexical equivalent; method=en_wiktionary_matching_pos_uk_translation; exact Oxford definition='the ability to stay calm and accept a delay or something annoying without complaining'; candidate='терпі́ння'; reverse='Patience'; lexical=1.000; candidate_definition_similarity=0.597; reverse_definition_similarity=0.588; lexical-form/POS/role/source-grounded checks PASS.
MANUAL_EMERGENCY_WORK_20260820_SECOND_PASS_V4_round01	MANUAL_EMERGENCY_WORK_20260820_FIRST_PASS_V4_round01	ox5000-8b10bfc43d80bd6a1b1e	patrol	noun	C1	BLOCKED		BLOCKED V4: Wiktionary lexical candidate lacks two-sided exact-definition support; method=en_wiktionary_matching_pos_uk_translation; exact Oxford definition='the act of going to different parts of a building, an area, etc. to make sure that there is no trouble or crime'; candidate='патрулюва́ння'; reverse='Patrol'; lexical=1.000; candidate_definition_similarity=0.402; reverse_definition_similarity=0.330.
MANUAL_EMERGENCY_WORK_20260820_SECOND_PASS_V4_round01	MANUAL_EMERGENCY_WORK_20260820_FIRST_PASS_V4_round01	ox5000-33ef55c0137f6d5d734c	patrol	verb	C1	BLOCKED		BLOCKED V4: verb candidate is not an appropriate Ukrainian infinitive/verb phrase; method=Helsinki-NLP/opus-mt-en-uk_surface_candidate; exact Oxford definition='to go around an area or a building at regular times to check that it is safe and that there is no trouble'; candidate='патруль'; reverse='Patrol'; lexical=1.000; candidate_definition_similarity=0.261; reverse_definition_similarity=0.275.
MANUAL_EMERGENCY_WORK_20260820_SECOND_PASS_V4_round01	MANUAL_EMERGENCY_WORK_20260820_FIRST_PASS_V4_round01	ox5000-0c74f2ed819a03c75dcc	patron	noun	C1	BLOCKED		BLOCKED V4: Oxford definition requires person role but source/reverse role is not independently person-like (patron); method=Helsinki-NLP/opus-mt-en-uk_surface_candidate; exact Oxford definition='a person who gives money and support to artists and writers'; candidate='покровитель'; reverse='patron'; lexical=1.000; candidate_definition_similarity=0.445; reverse_definition_similarity=0.337.
MANUAL_EMERGENCY_WORK_20260820_SECOND_PASS_V4_round01	MANUAL_EMERGENCY_WORK_20260820_FIRST_PASS_V4_round01	ox5000-5bf6bb98b0aa6e88e25d	pause	noun	B2	BLOCKED		BLOCKED V4: semantic role mismatch: Oxford definition requires person, reverse candidate looks generic; method=en_wiktionary_matching_pos_uk_translation; exact Oxford definition='a period of time during which somebody stops talking or stops what they are doing'; candidate='пере́рва'; reverse='break'; lexical=0.200; candidate_definition_similarity=0.489; reverse_definition_similarity=0.350.
MANUAL_EMERGENCY_WORK_20260820_SECOND_PASS_V4_round01	MANUAL_EMERGENCY_WORK_20260820_FIRST_PASS_V4_round01	ox5000-b65a62db9abd8eef3cff	pause	verb	B2	BLOCKED		BLOCKED V4: verb candidate is not an appropriate Ukrainian infinitive/verb phrase; method=Helsinki-NLP/opus-mt-en-uk_surface_candidate; exact Oxford definition='to stop talking or doing something for a short time before continuing'; candidate='пауза'; reverse='rest'; lexical=0.222; candidate_definition_similarity=0.584; reverse_definition_similarity=0.368.
MANUAL_EMERGENCY_WORK_20260820_SECOND_PASS_V4_round01	MANUAL_EMERGENCY_WORK_20260820_FIRST_PASS_V4_round01	ox5000-9a85f61c8b8cc997a0b0	peak	noun	C1	BLOCKED		BLOCKED V4: semantic role mismatch: Oxford definition requires person, reverse candidate looks generic; method=Helsinki-NLP/opus-mt-en-uk_surface_candidate; exact Oxford definition='the point when somebody/something is best, most successful, strongest, etc.'; candidate='пік'; reverse='spikes'; lexical=0.400; candidate_definition_similarity=0.324; reverse_definition_similarity=0.207.
MANUAL_EMERGENCY_WORK_20260820_SECOND_PASS_V4_round01	MANUAL_EMERGENCY_WORK_20260820_FIRST_PASS_V4_round01	ox5000-8a40036adfd1df61e55e	peasant	noun	C1	BLOCKED		BLOCKED V4: Wiktionary candidate does not back-translate to the exact English lexical identity; method=en_wiktionary_matching_pos_uk_translation; exact Oxford definition='(especially in the past, or in poorer countries) a farmer who owns or rents a small piece of land'; candidate='селю́к'; reverse='seʹk'; lexical=0.182; candidate_definition_similarity=0.162; reverse_definition_similarity=0.042.
MANUAL_EMERGENCY_WORK_20260820_SECOND_PASS_V4_round01	MANUAL_EMERGENCY_WORK_20260820_FIRST_PASS_V4_round01	ox5000-35de66642784aeeb9ee5	peculiar	adjective	C1	BLOCKED		BLOCKED V4: surface MT candidate does not back-translate to the exact English lexical identity; method=Helsinki-NLP/opus-mt-en-uk_surface_candidate; exact Oxford definition='strange or unusual, especially in a way that is unpleasant or makes you worried'; candidate='своєрідний'; reverse='special'; lexical=0.667; candidate_definition_similarity=0.441; reverse_definition_similarity=0.295.
MANUAL_EMERGENCY_WORK_20260820_SECOND_PASS_V4_round01	MANUAL_EMERGENCY_WORK_20260820_FIRST_PASS_V4_round01	ox5000-781a985da79bb4af5cdf	peer	noun	B2	BLOCKED		BLOCKED V4: semantic role mismatch: Oxford definition requires person, reverse candidate looks generic; method=Helsinki-NLP/opus-mt-en-uk_surface_candidate; exact Oxford definition='a person who is the same age or who has the same social status as you'; candidate='Вузол'; reverse='Host'; lexical=0.000; candidate_definition_similarity=0.126; reverse_definition_similarity=0.080.
MANUAL_EMERGENCY_WORK_20260820_SECOND_PASS_V4_round01	MANUAL_EMERGENCY_WORK_20260820_FIRST_PASS_V4_round01	ox5000-2cb6429f8e617379c52e	penalty	noun	B2	BLOCKED		BLOCKED V4: Wiktionary candidate does not back-translate to the exact English lexical identity; method=en_wiktionary_matching_pos_uk_translation; exact Oxford definition='a punishment for breaking a law, rule or contract'; candidate='покара́ння'; reverse='punishment'; lexical=0.471; candidate_definition_similarity=0.691; reverse_definition_similarity=0.773.
MANUAL_EMERGENCY_WORK_20260820_SECOND_PASS_V4_round01	MANUAL_EMERGENCY_WORK_20260820_FIRST_PASS_V4_round01	ox5000-99e9d2cc172cc5434f56	perceive	verb	B2	BLOCKED		BLOCKED V4: semantic role mismatch: Oxford definition requires person, reverse candidate looks generic; method=en_wiktionary_matching_pos_uk_translation; exact Oxford definition='to understand or think of somebody/something in a particular way'; candidate='сприйня́ти'; reverse='Accept'; lexical=0.286; candidate_definition_similarity=0.382; reverse_definition_similarity=0.269.
MANUAL_EMERGENCY_WORK_20260820_SECOND_PASS_V4_round01	MANUAL_EMERGENCY_WORK_20260820_FIRST_PASS_V4_round01	ox5000-d74d8ec5476e2ae9ebb7	perception	noun	B2	PASS	сприйняття́	PASS V4: concise lexical equivalent; method=en_wiktionary_matching_pos_uk_translation; exact Oxford definition='an idea, a belief or an image you have as a result of how you see or understand something'; candidate='сприйняття́'; reverse='perception'; lexical=1.000; candidate_definition_similarity=0.624; reverse_definition_similarity=0.580; lexical-form/POS/role/source-grounded checks PASS.
MANUAL_EMERGENCY_WORK_20260820_SECOND_PASS_V4_round01	MANUAL_EMERGENCY_WORK_20260820_FIRST_PASS_V4_round01	ox5000-3532569e450a869942b8	permanently	adverb	B2	BLOCKED		BLOCKED V4: surface MT candidate does not back-translate to the exact English lexical identity; method=Helsinki-NLP/opus-mt-en-uk_surface_candidate; exact Oxford definition='in a way that lasts for a long time or for all time in the future; in a way that exists all the time'; candidate='назавжди'; reverse='Forever'; lexical=0.222; candidate_definition_similarity=0.653; reverse_definition_similarity=0.613.
MANUAL_EMERGENCY_WORK_20260820_SECOND_PASS_V4_round01	MANUAL_EMERGENCY_WORK_20260820_FIRST_PASS_V4_round01	ox5000-9f15b17f09337ac45081	persist	verb	C1	BLOCKED		BLOCKED V4: verb candidate is not an appropriate Ukrainian infinitive/verb phrase; method=Helsinki-NLP/opus-mt-en-uk_surface_candidate; exact Oxford definition='to continue to do something despite difficulties or opposition, in a way that can seem unreasonable'; candidate='стійкий'; reverse='stable'; lexical=0.308; candidate_definition_similarity=0.348; reverse_definition_similarity=0.203.
MANUAL_EMERGENCY_WORK_20260820_SECOND_PASS_V4_round01	MANUAL_EMERGENCY_WORK_20260820_FIRST_PASS_V4_round01	ox5000-a7b952c88c032e59859f	persistent	adjective	C1	BLOCKED		BLOCKED V4: Wiktionary candidate does not back-translate to the exact English lexical identity; method=en_wiktionary_matching_pos_uk_translation; exact Oxford definition='determined to do something despite difficulties, especially when other people are against you and think that you are being annoying or unreasonable'; candidate='настійний'; reverse='Perseverance'; lexical=0.545; candidate_definition_similarity=0.102; reverse_definition_similarity=0.351.
MANUAL_EMERGENCY_WORK_20260820_SECOND_PASS_V4_round01	MANUAL_EMERGENCY_WORK_20260820_FIRST_PASS_V4_round01	ox5000-eb9457a81d9f62a179b8	personnel	noun	C1	BLOCKED		BLOCKED V4: semantic role mismatch: Oxford definition requires person, reverse candidate looks generic; method=en_wiktionary_matching_pos_uk_translation; exact Oxford definition='the people who work for an organization or one of the armed forces'; candidate='персона́л'; reverse='personal'; lexical=0.824; candidate_definition_similarity=0.365; reverse_definition_similarity=0.240.
MANUAL_EMERGENCY_WORK_20260820_SECOND_PASS_V4_round01	MANUAL_EMERGENCY_WORK_20260820_FIRST_PASS_V4_round01	ox5000-b491a88f6456bbb0cfb8	petition	noun	C1	BLOCKED		BLOCKED V4: noun candidate is verbal; method=en_wiktionary_matching_pos_uk_translation; exact Oxford definition='a written document signed by a large number of people that asks somebody in a position of authority to do or change something'; candidate='пети́ція'; reverse='Pe·tiʹa'; lexical=0.533; candidate_definition_similarity=0.523; reverse_definition_similarity=0.147.
MANUAL_EMERGENCY_WORK_20260820_SECOND_PASS_V4_round01	MANUAL_EMERGENCY_WORK_20260820_FIRST_PASS_V4_round01	ox5000-97e75b56a14dcea93cd6	philosopher	noun	C1	PASS	філософ	PASS V4: concise lexical equivalent; method=Helsinki-NLP/opus-mt-en-uk_surface_candidate; exact Oxford definition='a person who studies or writes about philosophy'; candidate='філософ'; reverse='philosopher'; lexical=1.000; candidate_definition_similarity=0.781; reverse_definition_similarity=0.796; lexical-form/POS/role/source-grounded checks PASS.
MANUAL_EMERGENCY_WORK_20260820_SECOND_PASS_V4_round01	MANUAL_EMERGENCY_WORK_20260820_FIRST_PASS_V4_round01	ox5000-4ed777656d24b1976443	philosophical	adjective	C1	PASS	філософі́чний	PASS V4: concise lexical equivalent; method=en_wiktionary_matching_pos_uk_translation; exact Oxford definition='connected with philosophy'; candidate='філософі́чний'; reverse='philosophical'; lexical=1.000; candidate_definition_similarity=0.872; reverse_definition_similarity=0.860; lexical-form/POS/role/source-grounded checks PASS.
MANUAL_EMERGENCY_WORK_20260820_SECOND_PASS_V4_round01	MANUAL_EMERGENCY_WORK_20260820_FIRST_PASS_V4_round01	ox5000-7f50e5d4ea8b939bb645	physician	noun	C1	BLOCKED		BLOCKED V4: Wiktionary candidate does not back-translate to the exact English lexical identity; method=en_wiktionary_matching_pos_uk_translation; exact Oxford definition='a doctor, especially one who is a specialist in general medicine and not surgery'; candidate='до́ктор'; reverse='dotor'; lexical=0.000; candidate_definition_similarity=0.633; reverse_definition_similarity=0.609.
MANUAL_EMERGENCY_WORK_20260820_SECOND_PASS_V4_round01	MANUAL_EMERGENCY_WORK_20260820_FIRST_PASS_V4_round01	ox5000-3f779a09de200359c0e7	pill	noun	B2	BLOCKED		BLOCKED V4: Wiktionary lexical candidate lacks two-sided exact-definition support; method=en_wiktionary_matching_pos_uk_translation; exact Oxford definition='a small flat round piece of medicine that you swallow whole, without biting it'; candidate='табле́тка'; reverse='pill'; lexical=1.000; candidate_definition_similarity=0.374; reverse_definition_similarity=0.493.
MANUAL_EMERGENCY_WORK_20260820_SECOND_PASS_V4_round01	MANUAL_EMERGENCY_WORK_20260820_FIRST_PASS_V4_round01	ox5000-4d12a2450049f476f743	pioneer	noun	C1	BLOCKED		BLOCKED V4: semantic role mismatch: Oxford definition requires person, reverse candidate looks generic; method=en_wiktionary_matching_pos_uk_translation; exact Oxford definition='a person who is the first to study and develop a particular area of knowledge, culture, etc. that other people then continue to develop'; candidate='першовідкрива́ч'; reverse='first revelation'; lexical=0.261; candidate_definition_similarity=0.379; reverse_definition_similarity=0.286.
MANUAL_EMERGENCY_WORK_20260820_SECOND_PASS_V4_round01	MANUAL_EMERGENCY_WORK_20260820_FIRST_PASS_V4_round01	ox5000-a69f31481890fe668be4	pioneer	verb	C1	BLOCKED		BLOCKED V4: verb candidate is not an appropriate Ukrainian infinitive/verb phrase; method=Helsinki-NLP/opus-mt-en-uk_surface_candidate; exact Oxford definition='when somebody pioneers something, they are one of the first people to do, discover or use something new'; candidate='піонер'; reverse='Pioneer'; lexical=1.000; candidate_definition_similarity=0.475; reverse_definition_similarity=0.670.
MANUAL_EMERGENCY_WORK_20260820_SECOND_PASS_V4_round01	MANUAL_EMERGENCY_WORK_20260820_FIRST_PASS_V4_round01	ox5000-aa936da664ebf419cd8b	pipeline	noun	C1	BLOCKED		BLOCKED V4: Wiktionary candidate does not back-translate to the exact English lexical identity; method=en_wiktionary_matching_pos_uk_translation; exact Oxford definition='a series of pipes that are usually underground and are used for carrying oil, gas, etc. over long distances'; candidate='газопрові́д'; reverse='gasprovid'; lexical=0.235; candidate_definition_similarity=0.554; reverse_definition_similarity=0.473.
MANUAL_EMERGENCY_WORK_20260820_SECOND_PASS_V4_round01	MANUAL_EMERGENCY_WORK_20260820_FIRST_PASS_V4_round01	ox5000-0dd6137a2f1a6a9a12e6	pirate	noun	C1	BLOCKED		BLOCKED V4: semantic role mismatch: Oxford definition requires person, reverse candidate looks generic; method=en_wiktionary_matching_pos_uk_translation; exact Oxford definition='(especially in the past) a person on a ship who attacks other ships at sea in order to steal from them'; candidate='піра́т'; reverse='pyrath'; lexical=0.667; candidate_definition_similarity=0.275; reverse_definition_similarity=0.113.
MANUAL_EMERGENCY_WORK_20260820_SECOND_PASS_V4_round01	MANUAL_EMERGENCY_WORK_20260820_FIRST_PASS_V4_round01	ox5000-69c6a831bfe7dfdfa3dd	pit	noun	C1	BLOCKED		BLOCKED V4: Wiktionary candidate does not back-translate to the exact English lexical identity; method=en_wiktionary_matching_pos_uk_translation; exact Oxford definition='a large deep hole in the ground'; candidate='я́ма'; reverse='yamah'; lexical=0.000; candidate_definition_similarity=0.253; reverse_definition_similarity=0.223.
MANUAL_EMERGENCY_WORK_20260820_SECOND_PASS_V4_round01	MANUAL_EMERGENCY_WORK_20260820_FIRST_PASS_V4_round01	ox5000-d150b012b581766179eb	pity	noun	B2	BLOCKED		BLOCKED V4: Wiktionary candidate does not back-translate to the exact English lexical identity; method=en_wiktionary_matching_pos_uk_translation; exact Oxford definition='used to show that you are disappointed about something'; candidate='жаль'; reverse='Sorry.'; lexical=0.222; candidate_definition_similarity=0.494; reverse_definition_similarity=0.376.
MANUAL_EMERGENCY_WORK_20260820_SECOND_PASS_V4_round01	MANUAL_EMERGENCY_WORK_20260820_FIRST_PASS_V4_round01	ox5000-714d19b7df6bf047fb12	placement	noun	B2	BLOCKED		BLOCKED V4: semantic role mismatch: Oxford definition requires person, reverse candidate looks process; method=Helsinki-NLP/opus-mt-en-uk_surface_candidate; exact Oxford definition='the act of finding somebody a suitable job or place to live'; candidate='Розташування'; reverse='Location'; lexical=0.353; candidate_definition_similarity=0.447; reverse_definition_similarity=0.394.
MANUAL_EMERGENCY_WORK_20260820_SECOND_PASS_V4_round01	MANUAL_EMERGENCY_WORK_20260820_FIRST_PASS_V4_round01	ox5000-160c8d7d475bdeee5fa4	plea	noun	C1	BLOCKED		BLOCKED V4: candidate is not predominantly Ukrainian; method=Helsinki-NLP/opus-mt-en-uk_surface_candidate; exact Oxford definition='a serious emotional request, especially for something needing action now'; candidate='spection'; reverse='special'; lexical=0.364; candidate_definition_similarity=0.048; reverse_definition_similarity=0.261.
MANUAL_EMERGENCY_WORK_20260820_SECOND_PASS_V4_round01	MANUAL_EMERGENCY_WORK_20260820_FIRST_PASS_V4_round01	ox5000-da6c1e1198461773e1dc	plead	verb	C1	BLOCKED		BLOCKED V4: English/source-language residue or model artifact; method=Helsinki-NLP/opus-mt-en-uk_surface_candidate; exact Oxford definition='to ask somebody for something in a very strong and serious way'; candidate='support'; reverse='support'; lexical=0.167; candidate_definition_similarity=0.188; reverse_definition_similarity=0.188.
MANUAL_EMERGENCY_WORK_20260820_SECOND_PASS_V4_round01	MANUAL_EMERGENCY_WORK_20260820_FIRST_PASS_V4_round01	ox5000-83df4ff41fec9e689188	pledge	noun	C1	BLOCKED		BLOCKED V4: Wiktionary candidate does not back-translate to the exact English lexical identity; method=en_wiktionary_matching_pos_uk_translation; exact Oxford definition='a serious promise'; candidate='обіця́нка'; reverse='promise'; lexical=0.308; candidate_definition_similarity=0.897; reverse_definition_similarity=0.873.
MANUAL_EMERGENCY_WORK_20260820_SECOND_PASS_V4_round01	MANUAL_EMERGENCY_WORK_20260820_FIRST_PASS_V4_round01	ox5000-f7ec77c63ef59898cba2	pledge	verb	C1	BLOCKED		BLOCKED V4: candidate is not predominantly Ukrainian; method=Helsinki-NLP/opus-mt-en-uk_surface_candidate; exact Oxford definition='to formally promise to give or do something'; candidate='project'; reverse='project'; lexical=0.308; candidate_definition_similarity=0.271; reverse_definition_similarity=0.271.
MANUAL_EMERGENCY_WORK_20260820_SECOND_PASS_V4_round01	MANUAL_EMERGENCY_WORK_20260820_FIRST_PASS_V4_round01	ox5000-f363b0d81ea651cb2c6a	plug	noun	C1	BLOCKED		BLOCKED V4: semantic role mismatch: Oxford definition requires object, reverse candidate looks generic; method=en_wiktionary_matching_pos_uk_translation; exact Oxford definition='a small plastic object with two or three metal pins that connects a piece of electrical equipment to the main supply of electricity'; candidate='ште́псель'; reverse='schtepsel'; lexical=0.308; candidate_definition_similarity=0.181; reverse_definition_similarity=0.190.
MANUAL_EMERGENCY_WORK_20260820_SECOND_PASS_V4_round01	MANUAL_EMERGENCY_WORK_20260820_FIRST_PASS_V4_round01	ox5000-30f8b5e2f3659b82af9e	plug	verb	C1	BLOCKED		BLOCKED V4: verb candidate is not an appropriate Ukrainian infinitive/verb phrase; method=Helsinki-NLP/opus-mt-en-uk_surface_candidate; exact Oxford definition='to fill a hole with a substance or piece of material that fits tightly into it'; candidate='Додаток'; reverse='Plugin'; lexical=1.000; candidate_definition_similarity=0.271; reverse_definition_similarity=0.196.
MANUAL_EMERGENCY_WORK_20260820_SECOND_PASS_V4_round01	MANUAL_EMERGENCY_WORK_20260820_FIRST_PASS_V4_round01	ox5000-a2a56181aff99fea04b0	plunge	verb	C1	BLOCKED		BLOCKED V4: English/source-language residue or model artifact; method=Helsinki-NLP/opus-mt-en-uk_surface_candidate; exact Oxford definition='to move or make somebody/something move suddenly forwards and/or downwards'; candidate='fall'; reverse='fall'; lexical=0.200; candidate_definition_similarity=0.353; reverse_definition_similarity=0.353.
MANUAL_EMERGENCY_WORK_20260820_SECOND_PASS_V4_round01	MANUAL_EMERGENCY_WORK_20260820_FIRST_PASS_V4_round01	ox5000-ec99e1e8c7830791d513	pole	noun	C1	BLOCKED		BLOCKED V4: Wiktionary candidate does not back-translate to the exact English lexical identity; method=en_wiktionary_matching_pos_uk_translation; exact Oxford definition='a long thin straight piece of wood or metal, especially one with the end placed in the ground, used as a support'; candidate='жерди́на'; reverse='Massion'; lexical=0.182; candidate_definition_similarity=0.245; reverse_definition_similarity=0.171.
MANUAL_EMERGENCY_WORK_20260820_SECOND_PASS_V4_round01	MANUAL_EMERGENCY_WORK_20260820_FIRST_PASS_V4_round01	ox5000-63da2a1947e89c7e3bbd	poll	noun	C1	BLOCKED		BLOCKED V4: semantic role mismatch: Oxford definition requires person, reverse candidate looks generic; method=en_wiktionary_matching_pos_uk_translation; exact Oxford definition='the process of questioning people who are representative of a larger group in order to get information about the general opinion'; candidate='голосува́ння'; reverse='Votes'; lexical=0.222; candidate_definition_similarity=0.428; reverse_definition_similarity=0.386.
MANUAL_EMERGENCY_WORK_20260820_SECOND_PASS_V4_round01	MANUAL_EMERGENCY_WORK_20260820_FIRST_PASS_V4_round01	ox5000-14f031faff13a37dc5da	pond	noun	C1	BLOCKED		BLOCKED V4: Wiktionary candidate does not back-translate to the exact English lexical identity; method=en_wiktionary_matching_pos_uk_translation; exact Oxford definition='a small area of still water, especially one that is artificial'; candidate='озерце́'; reverse='Lakeceʹ'; lexical=0.000; candidate_definition_similarity=0.524; reverse_definition_similarity=0.302.
MANUAL_EMERGENCY_WORK_20260820_SECOND_PASS_V4_round01	MANUAL_EMERGENCY_WORK_20260820_FIRST_PASS_V4_round01	ox5000-a56bffc14b7623ca92d5	pop	verb	C1	BLOCKED		BLOCKED V4: candidate is not predominantly Ukrainian; method=Helsinki-NLP/opus-mt-en-uk_surface_candidate; exact Oxford definition='to make a short explosive sound; to cause something to make this sound'; candidate='pop'; reverse='pop'; lexical=1.000; candidate_definition_similarity=0.234; reverse_definition_similarity=0.234.
MANUAL_EMERGENCY_WORK_20260820_SECOND_PASS_V4_round01	MANUAL_EMERGENCY_WORK_20260820_FIRST_PASS_V4_round01	ox5000-e8093e2d8ad2399dab1e	portfolio	noun	C1	BLOCKED		BLOCKED V4: surface MT candidate lacks two-sided exact-definition support; method=Helsinki-NLP/opus-mt-en-uk_surface_candidate; exact Oxford definition='a thin flat case used for carrying documents, drawings, etc.'; candidate='портфоліо'; reverse='portfolio'; lexical=1.000; candidate_definition_similarity=0.303; reverse_definition_similarity=0.248.
MANUAL_EMERGENCY_WORK_20260820_SECOND_PASS_V4_round01	MANUAL_EMERGENCY_WORK_20260820_FIRST_PASS_V4_round01	ox5000-61157023f5c6f7cae979	portion	noun	B2	BLOCKED		BLOCKED V4: Wiktionary candidate does not back-translate to the exact English lexical identity; method=en_wiktionary_matching_pos_uk_translation; exact Oxford definition='one part of something larger'; candidate='до́ля'; reverse='deli'; lexical=0.182; candidate_definition_similarity=0.439; reverse_definition_similarity=0.370.
MANUAL_EMERGENCY_WORK_20260820_SECOND_PASS_V4_round01	MANUAL_EMERGENCY_WORK_20260820_FIRST_PASS_V4_round01	ox5000-56711d8b015a24df31cf	portray	verb	C1	BLOCKED		BLOCKED V4: verb candidate is not an appropriate Ukrainian infinitive/verb phrase; method=Helsinki-NLP/opus-mt-en-uk_surface_candidate; exact Oxford definition='to show somebody/something in a picture; to describe somebody/something in a piece of writing'; candidate='зображення'; reverse='image'; lexical=0.167; candidate_definition_similarity=0.508; reverse_definition_similarity=0.438.
MANUAL_EMERGENCY_WORK_20260820_SECOND_PASS_V4_round01	MANUAL_EMERGENCY_WORK_20260820_FIRST_PASS_V4_round01	ox5000-c15e293b147fe2223274	post-war	adjective	C1	BLOCKED		BLOCKED V4: Wiktionary candidate does not back-translate to the exact English lexical identity; method=en_wiktionary_matching_pos_uk_translation; exact Oxford definition='existing, happening or made in the period after a war, especially the Second World War'; candidate='післявоє́нний'; reverse='postwar'; lexical=0.933; candidate_definition_similarity=0.388; reverse_definition_similarity=0.686.
MANUAL_EMERGENCY_WORK_20260820_SECOND_PASS_V4_round01	MANUAL_EMERGENCY_WORK_20260820_FIRST_PASS_V4_round01	ox5000-f68f5a29d94b8b03690e	postpone	verb	C1	BLOCKED		BLOCKED V4: semantic role mismatch: Oxford definition requires event, reverse candidate looks generic; method=en_wiktionary_matching_pos_uk_translation; exact Oxford definition='to arrange for an event, etc. to take place at a later time or date than originally planned'; candidate='відстро́чити'; reverse='schedule'; lexical=0.250; candidate_definition_similarity=0.165; reverse_definition_similarity=0.475.
MANUAL_EMERGENCY_WORK_20260820_SECOND_PASS_V4_round01	MANUAL_EMERGENCY_WORK_20260820_FIRST_PASS_V4_round01	ox5000-711718c5c7cfed4346b5	potentially	adverb	B2	PASS	потенційно	PASS V4: concise lexical equivalent; method=Helsinki-NLP/opus-mt-en-uk_surface_candidate; exact Oxford definition='used to say that something may develop into something'; candidate='потенційно'; reverse='potentially'; lexical=1.000; candidate_definition_similarity=0.489; reverse_definition_similarity=0.457; lexical-form/POS/role/source-grounded checks PASS.
MANUAL_EMERGENCY_WORK_20260820_SECOND_PASS_V4_round01	MANUAL_EMERGENCY_WORK_20260820_FIRST_PASS_V4_round01	ox5000-beb52a5555437b39995b	practitioner	noun	C1	BLOCKED		BLOCKED V4: semantic role mismatch: Oxford definition requires person, reverse candidate looks generic; method=Helsinki-NLP/opus-mt-en-uk_surface_candidate; exact Oxford definition='a person who works in a profession, especially medicine or law'; candidate='практикування'; reverse='practice'; lexical=0.700; candidate_definition_similarity=0.422; reverse_definition_similarity=0.404.
MANUAL_EMERGENCY_WORK_20260820_SECOND_PASS_V4_round01	MANUAL_EMERGENCY_WORK_20260820_FIRST_PASS_V4_round01	ox5000-74daeda551245ecd75df	preach	verb	C1	BLOCKED		BLOCKED V4: verb candidate is not an appropriate Ukrainian infinitive/verb phrase; method=Helsinki-NLP/opus-mt-en-uk_surface_candidate; exact Oxford definition='to give a religious talk in a public place, especially in a church during a service'; candidate='проповідування'; reverse='Preaching'; lexical=1.000; candidate_definition_similarity=0.601; reverse_definition_similarity=0.585.
MANUAL_EMERGENCY_WORK_20260820_SECOND_PASS_V4_round01	MANUAL_EMERGENCY_WORK_20260820_FIRST_PASS_V4_round01	ox5000-9a62e37d0085deb94e17	precede	verb	B2	BLOCKED		BLOCKED V4: semantic role mismatch: Oxford definition requires person, reverse candidate looks process; method=en_wiktionary_matching_pos_uk_translation; exact Oxford definition='to happen before something or come before something/somebody in order'; candidate='передува́ти'; reverse='Requisition'; lexical=0.222; candidate_definition_similarity=0.359; reverse_definition_similarity=0.179.
MANUAL_EMERGENCY_WORK_20260820_SECOND_PASS_V4_round01	MANUAL_EMERGENCY_WORK_20260820_FIRST_PASS_V4_round01	ox5000-9ea970eafe26ff604aa5	precedent	noun	C1	BLOCKED		BLOCKED V4: Wiktionary lexical candidate lacks two-sided exact-definition support; method=en_wiktionary_matching_pos_uk_translation; exact Oxford definition='an official action or decision that has happened in the past and that is seen as an example or a rule to be followed in a similar situation later'; candidate='прецеде́нт'; reverse='Precedent'; lexical=1.000; candidate_definition_similarity=0.305; reverse_definition_similarity=0.364.
MANUAL_EMERGENCY_WORK_20260820_SECOND_PASS_V4_round01	MANUAL_EMERGENCY_WORK_20260820_FIRST_PASS_V4_round01	ox5000-09b263abf182e4e60c79	precious	adjective	B2	PASS	дорогоцінний	PASS V4: concise lexical equivalent; method=Helsinki-NLP/opus-mt-en-uk_surface_candidate; exact Oxford definition='rare and worth a lot of money'; candidate='дорогоцінний'; reverse='precious'; lexical=1.000; candidate_definition_similarity=0.472; reverse_definition_similarity=0.507; lexical-form/POS/role/source-grounded checks PASS.
MANUAL_EMERGENCY_WORK_20260820_SECOND_PASS_V4_round01	MANUAL_EMERGENCY_WORK_20260820_FIRST_PASS_V4_round01	ox5000-366987964a8ab382bc33	precise	adjective	B2	PASS	то́чний	PASS V4: concise lexical equivalent; method=en_wiktionary_matching_pos_uk_translation; exact Oxford definition='clear and accurate'; candidate='то́чний'; reverse='precise'; lexical=1.000; candidate_definition_similarity=0.643; reverse_definition_similarity=0.693; lexical-form/POS/role/source-grounded checks PASS.
MANUAL_EMERGENCY_WORK_20260820_SECOND_PASS_V4_round01	MANUAL_EMERGENCY_WORK_20260820_FIRST_PASS_V4_round01	ox5000-07a37e93b46b0272d38d	precisely	adverb	B2	BLOCKED		BLOCKED V4: surface MT candidate does not back-translate to the exact English lexical identity; method=Helsinki-NLP/opus-mt-en-uk_surface_candidate; exact Oxford definition='accurately; carefully'; candidate='Точно'; reverse='Right.'; lexical=0.286; candidate_definition_similarity=0.616; reverse_definition_similarity=0.564.
MANUAL_EMERGENCY_WORK_20260820_SECOND_PASS_V4_round01	MANUAL_EMERGENCY_WORK_20260820_FIRST_PASS_V4_round01	ox5000-e79d85a69185862ee9d0	precision	noun	C1	PASS	точність	PASS V4: concise lexical equivalent; method=Helsinki-NLP/opus-mt-en-uk_surface_candidate; exact Oxford definition='the quality of being exact, accurate and careful'; candidate='точність'; reverse='precision'; lexical=1.000; candidate_definition_similarity=0.744; reverse_definition_similarity=0.617; lexical-form/POS/role/source-grounded checks PASS.
MANUAL_EMERGENCY_WORK_20260820_SECOND_PASS_V4_round01	MANUAL_EMERGENCY_WORK_20260820_FIRST_PASS_V4_round01	ox5000-0c69381b3616424379da	predator	noun	C1	BLOCKED		BLOCKED V4: Wiktionary lexical candidate lacks two-sided exact-definition support; method=en_wiktionary_matching_pos_uk_translation; exact Oxford definition='an animal that kills and eats other animals'; candidate='хижа́к'; reverse='predator'; lexical=1.000; candidate_definition_similarity=0.278; reverse_definition_similarity=0.579.
MANUAL_EMERGENCY_WORK_20260820_SECOND_PASS_V4_round01	MANUAL_EMERGENCY_WORK_20260820_FIRST_PASS_V4_round01	ox5000-2dca3be5c1eb81910a5e	predecessor	noun	C1	BLOCKED		BLOCKED V4: semantic role mismatch: Oxford definition requires person, reverse candidate looks generic; method=en_wiktionary_matching_pos_uk_translation; exact Oxford definition='a person who did a job before somebody else'; candidate='попере́дник'; reverse='transverse'; lexical=0.286; candidate_definition_similarity=0.409; reverse_definition_similarity=0.190.
MANUAL_EMERGENCY_WORK_20260820_SECOND_PASS_V4_round01	MANUAL_EMERGENCY_WORK_20260820_FIRST_PASS_V4_round01	ox5000-0075e875d49c550e0129	predictable	adjective	B2	BLOCKED		BLOCKED V4: Wiktionary candidate does not back-translate to the exact English lexical identity; method=en_wiktionary_matching_pos_uk_translation; exact Oxford definition='if something is predictable , you know in advance that it will happen or what it will be like'; candidate='передба́чуваний'; reverse='Foreseeed'; lexical=0.300; candidate_definition_similarity=0.486; reverse_definition_similarity=0.202.
MANUAL_EMERGENCY_WORK_20260820_SECOND_PASS_V4_round01	MANUAL_EMERGENCY_WORK_20260820_FIRST_PASS_V4_round01	ox5000-8ab5d933d24fc645f982	predominantly	adverb	C1	BLOCKED		BLOCKED V4: multiword adverb candidate is not an adverbial phrase; method=en_wiktionary_matching_pos_uk_translation; exact Oxford definition='mostly; mainly'; candidate='перева́жно'; reverse='Pay attention.'; lexical=0.308; candidate_definition_similarity=0.395; reverse_definition_similarity=0.335.
MANUAL_EMERGENCY_WORK_20260820_SECOND_PASS_V4_round01	MANUAL_EMERGENCY_WORK_20260820_FIRST_PASS_V4_round01	ox5000-f3c417c667c17aef688f	preference	noun	B2	BLOCKED		BLOCKED V4: semantic role mismatch: Oxford definition requires person, reverse candidate looks generic; method=en_wiktionary_matching_pos_uk_translation; exact Oxford definition='a greater interest in or desire for somebody/something than somebody/something else'; candidate='ви́бір'; reverse='choice'; lexical=0.250; candidate_definition_similarity=0.345; reverse_definition_similarity=0.387.
MANUAL_EMERGENCY_WORK_20260820_SECOND_PASS_V4_round01	MANUAL_EMERGENCY_WORK_20260820_FIRST_PASS_V4_round01	ox5000-1d0e11bac57e7f23988b	pregnancy	noun	C1	PASS	бере́менність	PASS V4: concise lexical equivalent; method=en_wiktionary_matching_pos_uk_translation; exact Oxford definition='the state of being pregnant'; candidate='бере́менність'; reverse='pregnancy'; lexical=1.000; candidate_definition_similarity=0.830; reverse_definition_similarity=0.829; lexical-form/POS/role/source-grounded checks PASS.
MANUAL_EMERGENCY_WORK_20260820_SECOND_PASS_V4_round01	MANUAL_EMERGENCY_WORK_20260820_FIRST_PASS_V4_round01	ox5000-8ac0c5af2413dbb6d70d	prejudice	noun	C1	BLOCKED		BLOCKED V4: semantic role mismatch: Oxford definition requires person, reverse candidate looks process; method=en_wiktionary_matching_pos_uk_translation; exact Oxford definition='an unreasonable dislike of or preference for a person, group, custom, etc., especially when it is based on their race, religion, sex, etc.'; candidate='упере́дженість'; reverse='conversion'; lexical=0.211; candidate_definition_similarity=0.233; reverse_definition_similarity=0.075.
MANUAL_EMERGENCY_WORK_20260820_SECOND_PASS_V4_round01	MANUAL_EMERGENCY_WORK_20260820_FIRST_PASS_V4_round01	ox5000-3db493fbc047bbb130b0	preliminary	adjective	C1	BLOCKED		BLOCKED V4: surface MT candidate does not back-translate to the exact English lexical identity; method=Helsinki-NLP/opus-mt-en-uk_surface_candidate; exact Oxford definition='happening before a more important action or event'; candidate='попередній'; reverse='previous'; lexical=0.421; candidate_definition_similarity=0.416; reverse_definition_similarity=0.333.
MANUAL_EMERGENCY_WORK_20260820_SECOND_PASS_V4_round01	MANUAL_EMERGENCY_WORK_20260820_FIRST_PASS_V4_round01	ox5000-0d4c9a47753a14c4905c	premier	adjective	C1	BLOCKED		BLOCKED V4: candidate is not predominantly Ukrainian; method=Helsinki-NLP/opus-mt-en-uk_surface_candidate; exact Oxford definition='most important, famous or successful'; candidate='premier'; reverse='premier'; lexical=1.000; candidate_definition_similarity=0.397; reverse_definition_similarity=0.397.
MANUAL_EMERGENCY_WORK_20260820_SECOND_PASS_V4_round01	MANUAL_EMERGENCY_WORK_20260820_FIRST_PASS_V4_round01	ox5000-16a18c346465b0809338	premise	noun	C1	BLOCKED		BLOCKED V4: Wiktionary candidate does not back-translate to the exact English lexical identity; method=en_wiktionary_matching_pos_uk_translation; exact Oxford definition='a statement or an idea that forms the basis for a reasonable line of argument'; candidate='примі́щення'; reverse='Placement'; lexical=0.500; candidate_definition_similarity=0.262; reverse_definition_similarity=0.136.
MANUAL_EMERGENCY_WORK_20260820_SECOND_PASS_V4_round01	MANUAL_EMERGENCY_WORK_20260820_FIRST_PASS_V4_round01	ox5000-dd232a1e434e044d510f	premium	noun	C1	BLOCKED		BLOCKED V4: surface MT candidate does not back-translate to the exact English lexical identity; method=Helsinki-NLP/opus-mt-en-uk_surface_candidate; exact Oxford definition='an amount of money that you pay once or regularly for an insurance policy'; candidate='внесок'; reverse='contribute'; lexical=0.235; candidate_definition_similarity=0.170; reverse_definition_similarity=0.167.
MANUAL_EMERGENCY_WORK_20260820_SECOND_PASS_V4_round01	MANUAL_EMERGENCY_WORK_20260820_FIRST_PASS_V4_round01	ox5000-d056bc62812b9372974f	prescribe	verb	C1	BLOCKED		BLOCKED V4: semantic role mismatch: Oxford definition requires person, reverse candidate looks generic; method=en_wiktionary_matching_pos_uk_translation; exact Oxford definition='to tell somebody to take a particular medicine or have a particular treatment; to write a prescription for a particular medicine, etc.'; candidate='признача́ти'; reverse='Qualifications'; lexical=0.087; candidate_definition_similarity=0.361; reverse_definition_similarity=0.044.
MANUAL_EMERGENCY_WORK_20260820_SECOND_PASS_V4_round01	MANUAL_EMERGENCY_WORK_20260820_FIRST_PASS_V4_round01	ox5000-348b91b4e7de9e998ca1	prescription	noun	C1	BLOCKED		"BLOCKED V4: Wiktionary candidate does not back-translate to the exact English lexical identity; method=en_wiktionary_matching_pos_uk_translation; exact Oxford definition=""an official piece of paper on which a doctor writes the type of medicine you should have, and which enables you to get it from a chemist's""; candidate='реце́пт'; reverse='receʹpt'; lexical=0.526; candidate_definition_similarity=0.186; reverse_definition_similarity=0.123."
MANUAL_EMERGENCY_WORK_20260820_SECOND_PASS_V4_round01	MANUAL_EMERGENCY_WORK_20260820_FIRST_PASS_V4_round01	ox5000-3b9665fac679b54735b9	presently	adverb	C1	BLOCKED		BLOCKED V4: surface MT candidate does not back-translate to the exact English lexical identity; method=Helsinki-NLP/opus-mt-en-uk_surface_candidate; exact Oxford definition='at the time you are speaking or writing; now'; candidate='поточний'; reverse='current'; lexical=0.500; candidate_definition_similarity=0.540; reverse_definition_similarity=0.282.
MANUAL_EMERGENCY_WORK_20260820_SECOND_PASS_V4_round01	MANUAL_EMERGENCY_WORK_20260820_FIRST_PASS_V4_round01	ox5000-4a1e89ce5360f3ea74a0	preservation	noun	C1	BLOCKED		BLOCKED V4: surface MT candidate does not back-translate to the exact English lexical identity; method=Helsinki-NLP/opus-mt-en-uk_surface_candidate; exact Oxford definition='the act of keeping something in its original state or in good condition'; candidate='збереження'; reverse='saving'; lexical=0.444; candidate_definition_similarity=0.519; reverse_definition_similarity=0.320.
MANUAL_EMERGENCY_WORK_20260820_SECOND_PASS_V4_round01	MANUAL_EMERGENCY_WORK_20260820_FIRST_PASS_V4_round01	ox5000-15097a8cdb577f28ab80	preside	verb	C1	BLOCKED		BLOCKED V4: Wiktionary candidate does not back-translate to the exact English lexical identity; method=en_wiktionary_matching_pos_uk_translation; exact Oxford definition='to lead or be in charge of a meeting, ceremony, etc.'; candidate='головува́ти'; reverse='chairmans'; lexical=0.250; candidate_definition_similarity=0.238; reverse_definition_similarity=0.579.
MANUAL_EMERGENCY_WORK_20260820_SECOND_PASS_V4_round01	MANUAL_EMERGENCY_WORK_20260820_FIRST_PASS_V4_round01	ox5000-626708635e9ca62f55fd	presidency	noun	C1	BLOCKED		BLOCKED V4: semantic role mismatch: Oxford definition requires person, reverse candidate looks process; method=en_wiktionary_matching_pos_uk_translation; exact Oxford definition='the job of being president of a country or an organization; the period of time somebody holds this job'; candidate='президе́нтство'; reverse='Predestination'; lexical=0.500; candidate_definition_similarity=0.319; reverse_definition_similarity=0.084.
MANUAL_EMERGENCY_WORK_20260820_SECOND_PASS_V4_round01	MANUAL_EMERGENCY_WORK_20260820_FIRST_PASS_V4_round01	ox5000-304888d5b3b34cdf8f1a	presidential	adjective	C1	BLOCKED		BLOCKED V4: Wiktionary candidate does not back-translate to the exact English lexical identity; method=en_wiktionary_matching_pos_uk_translation; exact Oxford definition='connected with the position or activities of a president'; candidate='президе́нтський'; reverse='Pre - Biblical'; lexical=0.583; candidate_definition_similarity=0.297; reverse_definition_similarity=0.070.
MANUAL_EMERGENCY_WORK_20260820_SECOND_PASS_V4_round01	MANUAL_EMERGENCY_WORK_20260820_FIRST_PASS_V4_round01	ox5000-b149024523e283a89471	prestigious	adjective	C1	BLOCKED		BLOCKED V4: Wiktionary candidate does not back-translate to the exact English lexical identity; method=en_wiktionary_matching_pos_uk_translation; exact Oxford definition='respected and admired as very important or of very high quality'; candidate='прести́жний'; reverse='pressive'; lexical=0.526; candidate_definition_similarity=0.272; reverse_definition_similarity=0.233.
MANUAL_EMERGENCY_WORK_20260820_SECOND_PASS_V4_round01	MANUAL_EMERGENCY_WORK_20260820_FIRST_PASS_V4_round01	ox5000-abfa3a9d7dde6c0b639b	presumably	adverb	C1	BLOCKED		BLOCKED V4: surface MT candidate does not back-translate to the exact English lexical identity; method=Helsinki-NLP/opus-mt-en-uk_surface_candidate; exact Oxford definition='used to say that you think that something is probably true'; candidate='Ймовірно'; reverse='Probably.'; lexical=0.667; candidate_definition_similarity=0.377; reverse_definition_similarity=0.349.
MANUAL_EMERGENCY_WORK_20260820_SECOND_PASS_V4_round01	MANUAL_EMERGENCY_WORK_20260820_FIRST_PASS_V4_round01	ox5000-0de61af433bd2562aabd	presume	verb	C1	BLOCKED		BLOCKED V4: Wiktionary candidate does not back-translate to the exact English lexical identity; method=en_wiktionary_matching_pos_uk_translation; exact Oxford definition='to suppose that something is true, although you do not have actual proof'; candidate='припускати'; reverse='assume'; lexical=0.615; candidate_definition_similarity=0.223; reverse_definition_similarity=0.378.
MANUAL_EMERGENCY_WORK_20260820_SECOND_PASS_V4_round01	MANUAL_EMERGENCY_WORK_20260820_FIRST_PASS_V4_round01	ox5000-fb17dd90d15283541768	prevail	verb	C1	BLOCKED		BLOCKED V4: candidate is not predominantly Ukrainian; method=Helsinki-NLP/opus-mt-en-uk_surface_candidate; exact Oxford definition='to exist or be very common at a particular time or in a particular place'; candidate='ribility'; reverse='ribility'; lexical=0.400; candidate_definition_similarity=0.176; reverse_definition_similarity=0.176.
MANUAL_EMERGENCY_WORK_20260820_SECOND_PASS_V4_round01	MANUAL_EMERGENCY_WORK_20260820_FIRST_PASS_V4_round01	ox5000-720fe693d139db569134	prevalence	noun	C1	BLOCKED		BLOCKED V4: Wiktionary candidate does not back-translate to the exact English lexical identity; method=en_wiktionary_matching_pos_uk_translation; exact Oxford definition='the fact of existing or being very common at a particular time or in a particular place'; candidate='поши́реність'; reverse='transfrightness'; lexical=0.160; candidate_definition_similarity=0.380; reverse_definition_similarity=0.208.
MANUAL_EMERGENCY_WORK_20260820_SECOND_PASS_V4_round01	MANUAL_EMERGENCY_WORK_20260820_FIRST_PASS_V4_round01	ox5000-83688944d1f5d4e61640	prevention	noun	C1	PASS	запобігання	PASS V4: concise lexical equivalent; method=en_wiktionary_matching_pos_uk_translation; exact Oxford definition='the act of stopping something bad from happening'; candidate='запобігання'; reverse='prevention'; lexical=1.000; candidate_definition_similarity=0.598; reverse_definition_similarity=0.540; lexical-form/POS/role/source-grounded checks PASS.
MANUAL_EMERGENCY_WORK_20260820_SECOND_PASS_V4_round01	MANUAL_EMERGENCY_WORK_20260820_FIRST_PASS_V4_round01	ox5000-770257e1113a4e67d77a	prey	noun	C1	BLOCKED		BLOCKED V4: Wiktionary candidate does not back-translate to the exact English lexical identity; method=en_wiktionary_matching_pos_uk_translation; exact Oxford definition='an animal, a bird, etc. that is hunted, killed and eaten by another'; candidate='здоби́ча'; reverse='Scourge'; lexical=0.364; candidate_definition_similarity=0.309; reverse_definition_similarity=0.221.
MANUAL_EMERGENCY_WORK_20260820_SECOND_PASS_V4_round01	MANUAL_EMERGENCY_WORK_20260820_FIRST_PASS_V4_round01	ox5000-30d651fc921ad00b63ae	pride	noun	B2	BLOCKED		BLOCKED V4: Oxford definition requires person role but source/reverse role is not independently person-like (pride); method=en_wiktionary_matching_pos_uk_translation; exact Oxford definition='a feeling of being pleased or satisfied that you get when you or people who are connected with you have done something well or own something that other people admire'; candidate='горди́ня'; reverse='pride'; lexical=1.000; candidate_definition_similarity=0.530; reverse_definition_similarity=0.501.
MANUAL_EMERGENCY_WORK_20260820_SECOND_PASS_V4_round01	MANUAL_EMERGENCY_WORK_20260820_FIRST_PASS_V4_round01	ox5000-c89fe72ec539245bc6d4	primarily	adverb	B2	BLOCKED		BLOCKED V4: Oxford definition text not found at exact definition path; method=en_wiktionary_matching_pos_uk_translation; exact Oxford definition=''; candidate='головно'; reverse='Mainly'; lexical=0.667; candidate_definition_similarity=0.795; reverse_definition_similarity=0.697.
MANUAL_EMERGENCY_WORK_20260820_SECOND_PASS_V4_round01	MANUAL_EMERGENCY_WORK_20260820_FIRST_PASS_V4_round01	ox5000-451ecb3cefa2fed9058c	principal	adjective	B2	BLOCKED		BLOCKED V4: adjective candidate has no plausible Ukrainian adjective morphology; method=en_wiktionary_matching_pos_uk_translation; exact Oxford definition='most important; main'; candidate='основни́й'; reverse='basics'; lexical=0.267; candidate_definition_similarity=0.669; reverse_definition_similarity=0.425.
MANUAL_EMERGENCY_WORK_20260820_SECOND_PASS_V4_round01	MANUAL_EMERGENCY_WORK_20260820_FIRST_PASS_V4_round01	ox5000-ad4ef8e9f1d30f7387b6	principal	noun	C1	BLOCKED		BLOCKED V4: semantic role mismatch: Oxford definition requires person, reverse candidate looks generic; method=en_wiktionary_matching_pos_uk_translation; exact Oxford definition='the person who is in charge of a college or (in Scotland and Canada) a university'; candidate='капіта́л'; reverse='Capital'; lexical=0.500; candidate_definition_similarity=0.340; reverse_definition_similarity=0.317.
MANUAL_EMERGENCY_WORK_20260820_SECOND_PASS_V4_round01	MANUAL_EMERGENCY_WORK_20260820_FIRST_PASS_V4_round01	ox5000-68462507f2904d5c48d2	prior	adjective	B2	BLOCKED		BLOCKED V4: Wiktionary candidate does not back-translate to the exact English lexical identity; method=en_wiktionary_matching_pos_uk_translation; exact Oxford definition='happening or existing before something else or before a particular time'; candidate='апріо́рний'; reverse='api·riʹyrh'; lexical=0.533; candidate_definition_similarity=0.306; reverse_definition_similarity=-0.007.
MANUAL_EMERGENCY_WORK_20260820_SECOND_PASS_V4_round01	MANUAL_EMERGENCY_WORK_20260820_FIRST_PASS_V4_round01	ox5000-735d2fc0c5365227caa0	privatization	noun	C1	PASS	приватизація	PASS V4: concise lexical equivalent; method=Helsinki-NLP/opus-mt-en-uk_surface_candidate; exact Oxford definition='the act of selling a business or an industry so that it is no longer owned by the government'; candidate='приватизація'; reverse='privatization'; lexical=1.000; candidate_definition_similarity=0.544; reverse_definition_similarity=0.513; lexical-form/POS/role/source-grounded checks PASS.
MANUAL_EMERGENCY_WORK_20260820_SECOND_PASS_V4_round01	MANUAL_EMERGENCY_WORK_20260820_FIRST_PASS_V4_round01	ox5000-206be67da166f791b624	privilege	noun	C1	PASS	привіле́й	PASS V4: concise lexical equivalent; method=en_wiktionary_matching_pos_uk_translation; exact Oxford definition='a special right or advantage that a particular person or group of people has'; candidate='привіле́й'; reverse='Privilege'; lexical=1.000; candidate_definition_similarity=0.487; reverse_definition_similarity=0.568; lexical-form/POS/role/source-grounded checks PASS.
MANUAL_EMERGENCY_WORK_20260820_SECOND_PASS_V4_round01	MANUAL_EMERGENCY_WORK_20260820_FIRST_PASS_V4_round01	ox5000-3f480e4f3cad8f3e7633	probability	noun	B2	PASS	Ймовірність	PASS V4: concise lexical equivalent; method=Helsinki-NLP/opus-mt-en-uk_surface_candidate; exact Oxford definition='how likely something is to happen'; candidate='Ймовірність'; reverse='Probability'; lexical=1.000; candidate_definition_similarity=0.659; reverse_definition_similarity=0.588; lexical-form/POS/role/source-grounded checks PASS.
MANUAL_EMERGENCY_WORK_20260820_SECOND_PASS_V4_round01	MANUAL_EMERGENCY_WORK_20260820_FIRST_PASS_V4_round01	ox5000-61a7b9ce4472358ebc62	probable	adjective	B2	BLOCKED		BLOCKED V4: Wiktionary candidate does not back-translate to the exact English lexical identity; method=en_wiktionary_matching_pos_uk_translation; exact Oxford definition='likely to happen, to exist or to be true'; candidate='правдоподі́бний'; reverse='True - Minded'; lexical=0.211; candidate_definition_similarity=0.576; reverse_definition_similarity=0.412.
MANUAL_EMERGENCY_WORK_20260820_SECOND_PASS_V4_round01	MANUAL_EMERGENCY_WORK_20260820_FIRST_PASS_V4_round01	ox5000-28bb6a0bf28e3e32fc63	probe	noun	C1	PASS	зонд	PASS V4: concise lexical equivalent; method=Helsinki-NLP/opus-mt-en-uk_surface_candidate; exact Oxford definition='a complete and careful investigation of something'; candidate='зонд'; reverse='probe'; lexical=1.000; candidate_definition_similarity=0.579; reverse_definition_similarity=0.719; lexical-form/POS/role/source-grounded checks PASS.
MANUAL_EMERGENCY_WORK_20260820_SECOND_PASS_V4_round01	MANUAL_EMERGENCY_WORK_20260820_FIRST_PASS_V4_round01	ox5000-4aeb7f96a546ae5c38dc	probe	verb	C1	BLOCKED		BLOCKED V4: verb candidate is not an appropriate Ukrainian infinitive/verb phrase; method=Helsinki-NLP/opus-mt-en-uk_surface_candidate; exact Oxford definition='to ask questions in order to find out secret or hidden information about somebody/something'; candidate='зонд'; reverse='probe'; lexical=1.000; candidate_definition_similarity=0.139; reverse_definition_similarity=0.151.
MANUAL_EMERGENCY_WORK_20260820_SECOND_PASS_V4_round01	MANUAL_EMERGENCY_WORK_20260820_FIRST_PASS_V4_round01	ox5000-48325aefe1723d71cdea	problematic	adjective	C1	BLOCKED		BLOCKED V4: adjective candidate has no plausible Ukrainian adjective morphology; method=Helsinki-NLP/opus-mt-en-uk_surface_candidate; exact Oxford definition='difficult to deal with or to understand; full of problems; not certain to be successful'; candidate='проблематично'; reverse='problematic'; lexical=1.000; candidate_definition_similarity=0.641; reverse_definition_similarity=0.592.
MANUAL_EMERGENCY_WORK_20260820_SECOND_PASS_V4_round01	MANUAL_EMERGENCY_WORK_20260820_FIRST_PASS_V4_round01	ox5000-e849cd2876d9a4e77753	proceed	verb	B2	BLOCKED		BLOCKED V4: Wiktionary candidate does not back-translate to the exact English lexical identity; method=en_wiktionary_matching_pos_uk_translation; exact Oxford definition='to continue doing something that has already been started; to continue being done'; candidate='продовжувати'; reverse='continue'; lexical=0.267; candidate_definition_similarity=0.654; reverse_definition_similarity=0.632.
MANUAL_EMERGENCY_WORK_20260820_SECOND_PASS_V4_round01	MANUAL_EMERGENCY_WORK_20260820_FIRST_PASS_V4_round01	ox5000-ebeab91aea8d3bf23114	proceeding	noun	C1	BLOCKED		BLOCKED V4: noun candidate is an infinitive/verb form; method=Helsinki-NLP/opus-mt-en-uk_surface_candidate; exact Oxford definition='the process of using a court to settle an argument or to deal with a complaint'; candidate='Продовжити'; reverse='Continue'; lexical=0.333; candidate_definition_similarity=0.263; reverse_definition_similarity=0.252.
MANUAL_EMERGENCY_WORK_20260820_SECOND_PASS_V4_round01	MANUAL_EMERGENCY_WORK_20260820_FIRST_PASS_V4_round01	ox5000-90f8226b2495c8b502e3	proceeds	noun	C1	BLOCKED		BLOCKED V4: candidate is not predominantly Ukrainian; method=Helsinki-NLP/opus-mt-en-uk_surface_candidate; exact Oxford definition='the money that you receive when you sell something or organize a performance, etc.; profits'; candidate='return'; reverse='return'; lexical=0.286; candidate_definition_similarity=0.274; reverse_definition_similarity=0.274.
MANUAL_EMERGENCY_WORK_20260820_SECOND_PASS_V4_round01	MANUAL_EMERGENCY_WORK_20260820_FIRST_PASS_V4_round01	ox5000-df0312b92094c5740bdb	processing	noun	C1	BLOCKED		BLOCKED V4: surface MT candidate does not back-translate to the exact English lexical identity; method=Helsinki-NLP/opus-mt-en-uk_surface_candidate; exact Oxford definition='the treatment of raw material, food, etc. in order to change it, preserve it, etc.'; candidate='обробка'; reverse='process'; lexical=1.000; candidate_definition_similarity=0.261; reverse_definition_similarity=0.238.
MANUAL_EMERGENCY_WORK_20260820_SECOND_PASS_V4_round01	MANUAL_EMERGENCY_WORK_20260820_FIRST_PASS_V4_round01	ox5000-1f2f56a3e0a76bb3e5e5	processor	noun	C1	BLOCKED		BLOCKED V4: Wiktionary candidate does not back-translate to the exact English lexical identity; method=en_wiktionary_matching_pos_uk_translation; exact Oxford definition='a machine, person or company that processes things'; candidate='проце́сор'; reverse='procrasor'; lexical=0.778; candidate_definition_similarity=0.337; reverse_definition_similarity=0.222.
MANUAL_EMERGENCY_WORK_20260820_SECOND_PASS_V4_round01	MANUAL_EMERGENCY_WORK_20260820_FIRST_PASS_V4_round01	ox5000-6fa116eb25ddd97065e1	proclaim	verb	C1	BLOCKED		BLOCKED V4: Wiktionary candidate does not back-translate to the exact English lexical identity; method=en_wiktionary_matching_pos_uk_translation; exact Oxford definition='to publicly and officially tell people about something important'; candidate='проголоси́ти'; reverse='advertise'; lexical=0.235; candidate_definition_similarity=0.402; reverse_definition_similarity=0.355.
MANUAL_EMERGENCY_WORK_20260820_SECOND_PASS_V4_round01	MANUAL_EMERGENCY_WORK_20260820_FIRST_PASS_V4_round01	ox5000-0a3631a760b0c96b1aff	productive	adjective	C1	PASS	продуктивний	PASS V4: concise lexical equivalent; method=Helsinki-NLP/opus-mt-en-uk_surface_candidate; exact Oxford definition='making goods or growing crops, especially in large quantities'; candidate='продуктивний'; reverse='productive'; lexical=1.000; candidate_definition_similarity=0.483; reverse_definition_similarity=0.507; lexical-form/POS/role/source-grounded checks PASS.
MANUAL_EMERGENCY_WORK_20260820_SECOND_PASS_V4_round01	MANUAL_EMERGENCY_WORK_20260820_FIRST_PASS_V4_round01	ox5000-8ae55da584a524fb2e44	productivity	noun	C1	PASS	продуктивність	PASS V4: concise lexical equivalent; method=Helsinki-NLP/opus-mt-en-uk_surface_candidate; exact Oxford definition='the rate at which a worker, a company or a country produces goods, and the amount produced, compared with how much time, work and money is needed to produce them'; candidate='продуктивність'; reverse='productivity'; lexical=1.000; candidate_definition_similarity=0.544; reverse_definition_similarity=0.556; lexical-form/POS/role/source-grounded checks PASS.
MANUAL_EMERGENCY_WORK_20260820_SECOND_PASS_V4_round01	MANUAL_EMERGENCY_WORK_20260820_FIRST_PASS_V4_round01	ox5000-41fbf08475112e172260	profitable	adjective	C1	PASS	прибутковий	PASS V4: concise lexical equivalent; method=Helsinki-NLP/opus-mt-en-uk_surface_candidate; exact Oxford definition='that makes or is likely to make money'; candidate='прибутковий'; reverse='profitable'; lexical=1.000; candidate_definition_similarity=0.564; reverse_definition_similarity=0.543; lexical-form/POS/role/source-grounded checks PASS.
MANUAL_EMERGENCY_WORK_20260820_SECOND_PASS_V4_round01	MANUAL_EMERGENCY_WORK_20260820_FIRST_PASS_V4_round01	ox5000-9bfc0299d5cbf77457ab	profound	adjective	C1	BLOCKED		BLOCKED V4: Wiktionary candidate does not back-translate to the exact English lexical identity; method=en_wiktionary_matching_pos_uk_translation; exact Oxford definition='very great; felt or experienced very strongly'; candidate='глибо́кий'; reverse='deep'; lexical=0.167; candidate_definition_similarity=0.398; reverse_definition_similarity=0.337.
MANUAL_EMERGENCY_WORK_20260820_SECOND_PASS_V4_round01	MANUAL_EMERGENCY_WORK_20260820_FIRST_PASS_V4_round01	ox5000-e7a611cfa41abec93a0e	programming	noun	B2	PASS	програмува́ння	PASS V4: concise lexical equivalent; method=en_wiktionary_matching_pos_uk_translation; exact Oxford definition='the process of writing and testing computer programs'; candidate='програмува́ння'; reverse='programming'; lexical=1.000; candidate_definition_similarity=0.639; reverse_definition_similarity=0.597; lexical-form/POS/role/source-grounded checks PASS.
MANUAL_EMERGENCY_WORK_20260820_SECOND_PASS_V4_round01	MANUAL_EMERGENCY_WORK_20260820_FIRST_PASS_V4_round01	ox5000-a966e7e88a6fd2370e2e	progressive	adjective	B2	BLOCKED		BLOCKED V4: surface MT candidate lacks two-sided exact-definition support; method=Helsinki-NLP/opus-mt-en-uk_surface_candidate; exact Oxford definition='in favour of new ideas, modern methods and change'; candidate='прогресивний'; reverse='progressive'; lexical=1.000; candidate_definition_similarity=0.433; reverse_definition_similarity=0.391.
MANUAL_EMERGENCY_WORK_20260820_SECOND_PASS_V4_round01	MANUAL_EMERGENCY_WORK_20260820_FIRST_PASS_V4_round01	ox5000-87f79a47a3d406def88a	prohibit	verb	B2	BLOCKED		BLOCKED V4: Wiktionary candidate does not back-translate to the exact English lexical identity; method=en_wiktionary_matching_pos_uk_translation; exact Oxford definition='to stop something from being done or used especially by law'; candidate='забороня́ти'; reverse='Bans'; lexical=0.167; candidate_definition_similarity=0.513; reverse_definition_similarity=0.404.
MANUAL_EMERGENCY_WORK_20260820_SECOND_PASS_V4_round01	MANUAL_EMERGENCY_WORK_20260820_FIRST_PASS_V4_round01	ox5000-e20bbb038fe79f4c477d	projection	noun	C1	BLOCKED		BLOCKED V4: Wiktionary candidate does not back-translate to the exact English lexical identity; method=en_wiktionary_matching_pos_uk_translation; exact Oxford definition='an estimate or a statement of what figures, amounts, or events will be in the future, or what they were in the past, based on what is happening now'; candidate='прогно́з'; reverse='forecast'; lexical=0.444; candidate_definition_similarity=0.183; reverse_definition_similarity=0.493.
MANUAL_EMERGENCY_WORK_20260820_SECOND_PASS_V4_round01	MANUAL_EMERGENCY_WORK_20260820_FIRST_PASS_V4_round01	ox5000-b1d82ddeb70360d85d9e	prominent	adjective	C1	BLOCKED		BLOCKED V4: Wiktionary candidate does not back-translate to the exact English lexical identity; method=en_wiktionary_matching_pos_uk_translation; exact Oxford definition='important or well known'; candidate='помі́тний'; reverse='ambiguous'; lexical=0.111; candidate_definition_similarity=0.476; reverse_definition_similarity=0.396.
MANUAL_EMERGENCY_WORK_20260820_SECOND_PASS_V4_round01	MANUAL_EMERGENCY_WORK_20260820_FIRST_PASS_V4_round01	ox5000-55777456e6ec76d23cd7	promising	adjective	B2	PASS	багатообіця́ючий	PASS V4: concise lexical equivalent; method=en_wiktionary_matching_pos_uk_translation; exact Oxford definition='showing signs of being good or successful'; candidate='багатообіця́ючий'; reverse='promising'; lexical=1.000; candidate_definition_similarity=0.459; reverse_definition_similarity=0.458; lexical-form/POS/role/source-grounded checks PASS.
MANUAL_EMERGENCY_WORK_20260820_SECOND_PASS_V4_round01	MANUAL_EMERGENCY_WORK_20260820_FIRST_PASS_V4_round01	ox5000-05e4562c21dd147b7fd0	promotion	noun	B2	BLOCKED		BLOCKED V4: Wiktionary lexical candidate lacks two-sided exact-definition support; method=en_wiktionary_matching_pos_uk_translation; exact Oxford definition='a move to a more important job or rank in a company or an organization'; candidate='просува́ння'; reverse='promotion'; lexical=1.000; candidate_definition_similarity=0.254; reverse_definition_similarity=0.426.
MANUAL_EMERGENCY_WORK_20260820_SECOND_PASS_V4_round01	MANUAL_EMERGENCY_WORK_20260820_FIRST_PASS_V4_round01	ox5000-a0d10e0fce2fb8012e7e	prompt	verb	B2	BLOCKED		BLOCKED V4: semantic role mismatch: Oxford definition requires person, reverse candidate looks generic; method=en_wiktionary_matching_pos_uk_translation; exact Oxford definition='to make somebody decide to do something; to cause something to happen'; candidate='заохо́чувати'; reverse='Inspire'; lexical=0.308; candidate_definition_similarity=0.537; reverse_definition_similarity=0.417.
MANUAL_EMERGENCY_WORK_20260820_SECOND_PASS_V4_round01	MANUAL_EMERGENCY_WORK_20260820_FIRST_PASS_V4_round01	ox5000-ce708c928b594b9a6027	pronounced	adjective	C1	BLOCKED		BLOCKED V4: adjective candidate has no plausible Ukrainian adjective morphology; method=Helsinki-NLP/opus-mt-en-uk_surface_candidate; exact Oxford definition='very obvious, easy to notice or strongly expressed'; candidate='вимовлено'; reverse='spoken'; lexical=0.375; candidate_definition_similarity=0.459; reverse_definition_similarity=0.364.
MANUAL_EMERGENCY_WORK_20260820_SECOND_PASS_V4_round01	MANUAL_EMERGENCY_WORK_20260820_FIRST_PASS_V4_round01	ox5000-3639a66436d614547a4f	propaganda	noun	C1	BLOCKED		BLOCKED V4: Wiktionary candidate does not back-translate to the exact English lexical identity; method=en_wiktionary_matching_pos_uk_translation; exact Oxford definition='ideas or statements that may be false or present only one side of an argument that are used in order to gain support for a political leader, party, etc.'; candidate='агіта́ція'; reverse='agitation'; lexical=0.421; candidate_definition_similarity=0.122; reverse_definition_similarity=0.388.
MANUAL_EMERGENCY_WORK_20260820_SECOND_PASS_V4_round01	MANUAL_EMERGENCY_WORK_20260820_FIRST_PASS_V4_round01	ox5000-c4827f2829cded7522d5	proportion	noun	B2	BLOCKED		BLOCKED V4: Wiktionary candidate does not back-translate to the exact English lexical identity; method=en_wiktionary_matching_pos_uk_translation; exact Oxford definition='a part or share of a whole'; candidate='пропо́рція'; reverse='pro·poʹty'; lexical=0.632; candidate_definition_similarity=0.407; reverse_definition_similarity=0.170.
MANUAL_EMERGENCY_WORK_20260820_SECOND_PASS_V4_round01	MANUAL_EMERGENCY_WORK_20260820_FIRST_PASS_V4_round01	ox5000-58465406ddb00a4ab660	proposition	noun	C1	BLOCKED		BLOCKED V4: Wiktionary candidate does not back-translate to the exact English lexical identity; method=en_wiktionary_matching_pos_uk_translation; exact Oxford definition='an idea or a plan of action that is suggested, especially in business'; candidate='пропози́ція'; reverse='offer'; lexical=0.125; candidate_definition_similarity=0.456; reverse_definition_similarity=0.380.
MANUAL_EMERGENCY_WORK_20260820_SECOND_PASS_V4_round01	MANUAL_EMERGENCY_WORK_20260820_FIRST_PASS_V4_round01	ox5000-4bb8d65260da2fa814ee	prosecute	verb	C1	BLOCKED		BLOCKED V4: verb candidate is not an appropriate Ukrainian infinitive/verb phrase; method=Helsinki-NLP/opus-mt-en-uk_surface_candidate; exact Oxford definition='to officially charge somebody with a crime in court'; candidate='судова справа'; reverse='a court case'; lexical=0.286; candidate_definition_similarity=0.429; reverse_definition_similarity=0.434.
MANUAL_EMERGENCY_WORK_20260820_SECOND_PASS_V4_round01	MANUAL_EMERGENCY_WORK_20260820_FIRST_PASS_V4_round01	ox5000-472252ddcc7788ceb848	prosecution	noun	C1	BLOCKED		BLOCKED V4: semantic role mismatch: Oxford definition requires person, reverse candidate looks process; method=en_wiktionary_matching_pos_uk_translation; exact Oxford definition='the process of trying to prove in court that somebody is guilty of a crime (= of prosecuting them) ; the process of being officially charged with a crime in court'; candidate='переслі́дування'; reverse='Persuasion'; lexical=0.667; candidate_definition_similarity=0.251; reverse_definition_similarity=0.323.
MANUAL_EMERGENCY_WORK_20260820_SECOND_PASS_V4_round01	MANUAL_EMERGENCY_WORK_20260820_FIRST_PASS_V4_round01	ox5000-35ba008bb2f4727a7054	prosecutor	noun	C1	PASS	Прокурор	PASS V4: concise lexical equivalent; method=Helsinki-NLP/opus-mt-en-uk_surface_candidate; exact Oxford definition='a public official who charges somebody officially with a crime and prosecutes them in court'; candidate='Прокурор'; reverse='The prosecutor'; lexical=1.000; candidate_definition_similarity=0.652; reverse_definition_similarity=0.642; lexical-form/POS/role/source-grounded checks PASS.
MANUAL_EMERGENCY_WORK_20260820_SECOND_PASS_V4_round01	MANUAL_EMERGENCY_WORK_20260820_FIRST_PASS_V4_round01	ox5000-f04358c550167dff6b4c	prospective	adjective	C1	BLOCKED		BLOCKED V4: surface MT candidate does not back-translate to the exact English lexical identity; method=Helsinki-NLP/opus-mt-en-uk_surface_candidate; exact Oxford definition='expected to do something or to become something'; candidate='майбутня'; reverse='the future'; lexical=0.190; candidate_definition_similarity=0.388; reverse_definition_similarity=0.342.
MANUAL_EMERGENCY_WORK_20260820_SECOND_PASS_V4_round01	MANUAL_EMERGENCY_WORK_20260820_FIRST_PASS_V4_round01	ox5000-d0b371017109d0ab1235	prosperity	noun	C1	PASS	добробут	PASS V4: concise lexical equivalent; method=Helsinki-NLP/opus-mt-en-uk_surface_candidate; exact Oxford definition='the state of being successful, especially in making money'; candidate='добробут'; reverse='prosperity'; lexical=1.000; candidate_definition_similarity=0.562; reverse_definition_similarity=0.641; lexical-form/POS/role/source-grounded checks PASS.
MANUAL_EMERGENCY_WORK_20260820_SECOND_PASS_V4_round01	MANUAL_EMERGENCY_WORK_20260820_FIRST_PASS_V4_round01	ox5000-c68475adc97d62708bf1	protective	adjective	C1	BLOCKED		BLOCKED V4: English/source-language residue or model artifact; method=Helsinki-NLP/opus-mt-en-uk_surface_candidate; exact Oxford definition='providing or intended to provide protection'; candidate='security'; reverse='security'; lexical=0.333; candidate_definition_similarity=0.492; reverse_definition_similarity=0.492.
MANUAL_EMERGENCY_WORK_20260820_SECOND_PASS_V4_round01	MANUAL_EMERGENCY_WORK_20260820_FIRST_PASS_V4_round01	ox5000-da65dfcb87abf26fbe6b	protein	noun	B2	BLOCKED		BLOCKED V4: semantic role mismatch: Oxford definition requires object, reverse candidate looks generic; method=en_wiktionary_matching_pos_uk_translation; exact Oxford definition='a substance, found within all living things, that forms the structure of muscles, organs, etc. There are many different proteins and they are an essential part of what humans and animals eat to help them grow and stay healthy.'; candidate='протеї́н'; reverse='pro·theʹ'; lexical=0.714; candidate_definition_similarity=0.345; reverse_definition_similarity=0.055.
MANUAL_EMERGENCY_WORK_20260820_SECOND_PASS_V4_round01	MANUAL_EMERGENCY_WORK_20260820_FIRST_PASS_V4_round01	ox5000-2af3bad78661603d5f3d	protester	noun	B2	PASS	протестува́льниця	PASS V4: concise lexical equivalent; method=en_wiktionary_matching_pos_uk_translation; exact Oxford definition='a person who makes a public protest'; candidate='протестува́льниця'; reverse='protester'; lexical=1.000; candidate_definition_similarity=0.835; reverse_definition_similarity=0.807; lexical-form/POS/role/source-grounded checks PASS.
MANUAL_EMERGENCY_WORK_20260820_SECOND_PASS_V4_round01	MANUAL_EMERGENCY_WORK_20260820_FIRST_PASS_V4_round01	ox5000-623f07f44898502aec44	protocol	noun	C1	BLOCKED		BLOCKED V4: Wiktionary lexical candidate lacks two-sided exact-definition support; method=en_wiktionary_matching_pos_uk_translation; exact Oxford definition='a system of fixed rules and formal behaviour used at official meetings, usually between governments'; candidate='протоко́л'; reverse='protocol'; lexical=1.000; candidate_definition_similarity=0.169; reverse_definition_similarity=0.395.
MANUAL_EMERGENCY_WORK_20260820_SECOND_PASS_V4_round01	MANUAL_EMERGENCY_WORK_20260820_FIRST_PASS_V4_round01	ox5000-094f273ac00a981be8ef	province	noun	C1	PASS	провінція	PASS V4: concise lexical equivalent; method=Helsinki-NLP/opus-mt-en-uk_surface_candidate; exact Oxford definition='one of the areas that some countries are divided into with its own local government'; candidate='провінція'; reverse='province'; lexical=1.000; candidate_definition_similarity=0.456; reverse_definition_similarity=0.508; lexical-form/POS/role/source-grounded checks PASS.
MANUAL_EMERGENCY_WORK_20260820_SECOND_PASS_V4_round01	MANUAL_EMERGENCY_WORK_20260820_FIRST_PASS_V4_round01	ox5000-b0176df6d31bd546cb4f	provincial	adjective	C1	BLOCKED		BLOCKED V4: Wiktionary lexical candidate lacks two-sided exact-definition support; method=en_wiktionary_matching_pos_uk_translation; exact Oxford definition='connected with one of the large areas that some countries are divided into, with its own local government'; candidate='провінці́йний'; reverse='Provincial'; lexical=1.000; candidate_definition_similarity=0.252; reverse_definition_similarity=0.499.
MANUAL_EMERGENCY_WORK_20260820_SECOND_PASS_V4_round01	MANUAL_EMERGENCY_WORK_20260820_FIRST_PASS_V4_round01	ox5000-37f9eeeb75524cee3ab6	provision	noun	C1	BLOCKED		BLOCKED V4: English/source-language residue or model artifact; method=Helsinki-NLP/opus-mt-en-uk_surface_candidate; exact Oxford definition='the act of supplying somebody with something that they need or want; something that is supplied'; candidate='process'; reverse='process'; lexical=0.500; candidate_definition_similarity=0.319; reverse_definition_similarity=0.319.
MANUAL_EMERGENCY_WORK_20260820_SECOND_PASS_V4_round01	MANUAL_EMERGENCY_WORK_20260820_FIRST_PASS_V4_round01	ox5000-d4c9465438f4799972e7	provoke	verb	C1	BLOCKED		BLOCKED V4: Wiktionary lexical candidate lacks two-sided exact-definition support; method=en_wiktionary_matching_pos_uk_translation; exact Oxford definition='to cause a particular reaction or have a particular effect'; candidate='спровокува́ти'; reverse='provoke'; lexical=1.000; candidate_definition_similarity=0.293; reverse_definition_similarity=0.514.
MANUAL_EMERGENCY_WORK_20260820_SECOND_PASS_V4_round01	MANUAL_EMERGENCY_WORK_20260820_FIRST_PASS_V4_round01	ox5000-e72aef296449310d3771	psychiatric	adjective	C1	BLOCKED		BLOCKED V4: Wiktionary candidate does not back-translate to the exact English lexical identity; method=en_wiktionary_matching_pos_uk_translation; exact Oxford definition='relating to psychiatry or to mental illnesses'; candidate='психіатри́чний'; reverse='Psychic'; lexical=0.778; candidate_definition_similarity=0.772; reverse_definition_similarity=0.599.
MANUAL_EMERGENCY_WORK_20260820_SECOND_PASS_V4_round01	MANUAL_EMERGENCY_WORK_20260820_FIRST_PASS_V4_round01	ox5000-c1385d112ea2efa50773	psychological	adjective	B2	BLOCKED		BLOCKED V4: Oxford definition requires person role but source/reverse role is not independently person-like (psychological); method=en_wiktionary_matching_pos_uk_translation; exact Oxford definition='connected with a person’s mind and the way in which it works'; candidate='психологі́чний'; reverse='psychological'; lexical=1.000; candidate_definition_similarity=0.557; reverse_definition_similarity=0.543.
MANUAL_EMERGENCY_WORK_20260820_SECOND_PASS_V4_round01	MANUAL_EMERGENCY_WORK_20260820_FIRST_PASS_V4_round01	ox5000-03aa5af70263c59cb020	publicity	noun	B2	BLOCKED		BLOCKED V4: semantic role mismatch: Oxford definition requires person, reverse candidate looks process; method=Helsinki-NLP/opus-mt-en-uk_surface_candidate; exact Oxford definition='the attention that is given to somebody/something by newspapers, television, etc.'; candidate='опублікування'; reverse='publishing'; lexical=0.632; candidate_definition_similarity=0.418; reverse_definition_similarity=0.300.
MANUAL_EMERGENCY_WORK_20260820_SECOND_PASS_V4_round01	MANUAL_EMERGENCY_WORK_20260820_FIRST_PASS_V4_round01	ox5000-1a3a79b493580cdcfd44	publishing	noun	B2	BLOCKED		BLOCKED V4: noun candidate is an infinitive/verb form; method=Helsinki-NLP/opus-mt-en-uk_surface_candidate; exact Oxford definition='the profession or business of preparing and printing books, magazines, CD-ROMs , etc. and selling or making them available to the public'; candidate='публікується'; reverse='published'; lexical=0.737; candidate_definition_similarity=0.302; reverse_definition_similarity=0.283.
MANUAL_EMERGENCY_WORK_20260820_SECOND_PASS_V4_round01	MANUAL_EMERGENCY_WORK_20260820_FIRST_PASS_V4_round01	ox5000-3631f2773b187680d3a9	pulse	noun	C1	PASS	пульс	PASS V4: concise lexical equivalent; method=en_wiktionary_matching_pos_uk_translation; exact Oxford definition='the regular beat of the heart as it sends blood around the body, that can be felt in different places, especially on the inside part of the wrist ; the number of times the heart beats in a minute'; candidate='пульс'; reverse='pulse'; lexical=1.000; candidate_definition_similarity=0.597; reverse_definition_similarity=0.617; lexical-form/POS/role/source-grounded checks PASS.
MANUAL_EMERGENCY_WORK_20260820_SECOND_PASS_V4_round01	MANUAL_EMERGENCY_WORK_20260820_FIRST_PASS_V4_round01	ox5000-5fef76f716acb428b470	pump	noun	C1	PASS	насос	PASS V4: concise lexical equivalent; method=Helsinki-NLP/opus-mt-en-uk_surface_candidate; exact Oxford definition='a machine that is used to force liquid, gas or air into or out of something'; candidate='насос'; reverse='pump'; lexical=1.000; candidate_definition_similarity=0.644; reverse_definition_similarity=0.517; lexical-form/POS/role/source-grounded checks PASS.
MANUAL_EMERGENCY_WORK_20260820_SECOND_PASS_V4_round01	MANUAL_EMERGENCY_WORK_20260820_FIRST_PASS_V4_round01	ox5000-496b6fa809f3e321f985	pump	verb	C1	BLOCKED		BLOCKED V4: verb candidate is not an appropriate Ukrainian infinitive/verb phrase; method=Helsinki-NLP/opus-mt-en-uk_surface_candidate; exact Oxford definition='to make water, air, gas, etc. flow in a particular direction by using a pump or something that works like a pump'; candidate='насос'; reverse='pump'; lexical=1.000; candidate_definition_similarity=0.573; reverse_definition_similarity=0.653.
MANUAL_EMERGENCY_WORK_20260820_SECOND_PASS_V4_round01	MANUAL_EMERGENCY_WORK_20260820_FIRST_PASS_V4_round01	ox5000-5e11e486d4f68608018c	punch	noun	C1	BLOCKED		BLOCKED V4: Wiktionary candidate does not back-translate to the exact English lexical identity; method=en_wiktionary_matching_pos_uk_translation; exact Oxford definition='a hard hit made with the fist (= closed hand)'; candidate='уда́р'; reverse='Adáur'; lexical=0.200; candidate_definition_similarity=0.290; reverse_definition_similarity=0.158.
MANUAL_EMERGENCY_WORK_20260820_SECOND_PASS_V4_round01	MANUAL_EMERGENCY_WORK_20260820_FIRST_PASS_V4_round01	ox5000-8f1c8ff0d448af6b1b00	punch	verb	C1	BLOCKED		BLOCKED V4: semantic role mismatch: Oxford definition requires person, reverse candidate looks process; method=en_wiktionary_matching_pos_uk_translation; exact Oxford definition='to hit somebody/something hard with your fist (= closed hand)'; candidate='пробива́ти'; reverse='perspiration'; lexical=0.235; candidate_definition_similarity=0.413; reverse_definition_similarity=0.133.
MANUAL_EMERGENCY_WORK_20260820_SECOND_PASS_V4_round01	MANUAL_EMERGENCY_WORK_20260820_FIRST_PASS_V4_round01	ox5000-32da952952c71765a893	punk	noun	B2	PASS	панк	PASS V4: concise lexical equivalent; method=Helsinki-NLP/opus-mt-en-uk_surface_candidate; exact Oxford definition='a type of loud and aggressive rock music popular in the late 1970s and early 1980s'; candidate='панк'; reverse='punk'; lexical=1.000; candidate_definition_similarity=0.498; reverse_definition_similarity=0.522; lexical-form/POS/role/source-grounded checks PASS.
MANUAL_EMERGENCY_WORK_20260820_SECOND_PASS_V4_round01	MANUAL_EMERGENCY_WORK_20260820_FIRST_PASS_V4_round01	ox5000-161377f3aa55e4869856	purely	adverb	B2	PASS	суто	PASS V4: concise lexical equivalent; method=Helsinki-NLP/opus-mt-en-uk_surface_candidate; exact Oxford definition='only; completely'; candidate='суто'; reverse='purely'; lexical=1.000; candidate_definition_similarity=0.489; reverse_definition_similarity=0.759; lexical-form/POS/role/source-grounded checks PASS.
MANUAL_EMERGENCY_WORK_20260820_SECOND_PASS_V4_round01	MANUAL_EMERGENCY_WORK_20260820_FIRST_PASS_V4_round01	ox5000-0fbbc2a505e3fca073f1	pursuit	noun	B2	BLOCKED		BLOCKED V4: Wiktionary candidate does not back-translate to the exact English lexical identity; method=en_wiktionary_matching_pos_uk_translation; exact Oxford definition='the act of looking for or trying to get something'; candidate='переслі́дування'; reverse='Persuasion'; lexical=0.588; candidate_definition_similarity=0.440; reverse_definition_similarity=0.449.
MANUAL_EMERGENCY_WORK_20260820_SECOND_PASS_V4_round01	MANUAL_EMERGENCY_WORK_20260820_FIRST_PASS_V4_round01	ox5000-16b6e35306f2d3819ba9	puzzle	noun	B2	BLOCKED		BLOCKED V4: Wiktionary lexical candidate lacks two-sided exact-definition support; method=en_wiktionary_matching_pos_uk_translation; exact Oxford definition='a game, etc. that you have to think about carefully in order to answer it or do it'; candidate='пазл'; reverse='puzzle'; lexical=1.000; candidate_definition_similarity=0.345; reverse_definition_similarity=0.389.
MANUAL_EMERGENCY_WORK_20260820_SECOND_PASS_V4_round01	MANUAL_EMERGENCY_WORK_20260820_FIRST_PASS_V4_round01	ox5000-fef76f9ad1ae3b385d52	query	noun	C1	BLOCKED		BLOCKED V4: Wiktionary lexical candidate lacks two-sided exact-definition support; method=en_wiktionary_matching_pos_uk_translation; exact Oxford definition='a question, especially one asking for information or expressing a doubt about something'; candidate='запита́ння'; reverse='query'; lexical=1.000; candidate_definition_similarity=0.571; reverse_definition_similarity=0.306.
MANUAL_EMERGENCY_WORK_20260820_SECOND_PASS_V4_round01	MANUAL_EMERGENCY_WORK_20260820_FIRST_PASS_V4_round01	ox5000-f8f10d86fe3b2b70cd7b	quest	noun	C1	BLOCKED		BLOCKED V4: Wiktionary candidate does not back-translate to the exact English lexical identity; method=en_wiktionary_matching_pos_uk_translation; exact Oxford definition='a long search for something, especially for some quality such as happiness'; candidate='по́шук'; reverse='search'; lexical=0.182; candidate_definition_similarity=0.391; reverse_definition_similarity=0.426.
MANUAL_EMERGENCY_WORK_20260820_SECOND_PASS_V4_round01	MANUAL_EMERGENCY_WORK_20260820_FIRST_PASS_V4_round01	ox5000-bd79fce62a6106e6ae81	questionnaire	noun	B2	BLOCKED		BLOCKED V4: Wiktionary candidate does not back-translate to the exact English lexical identity; method=en_wiktionary_matching_pos_uk_translation; exact Oxford definition='a written list of questions that are answered by a number of people so that information can be collected from the answers'; candidate='запита́льник'; reverse='queryer'; lexical=0.500; candidate_definition_similarity=0.294; reverse_definition_similarity=0.365.
MANUAL_EMERGENCY_WORK_20260820_SECOND_PASS_V4_round01	MANUAL_EMERGENCY_WORK_20260820_FIRST_PASS_V4_round01	ox5000-09c9b402a9dd868c0c4f	quota	noun	C1	BLOCKED		BLOCKED V4: surface MT candidate lacks two-sided exact-definition support; method=Helsinki-NLP/opus-mt-en-uk_surface_candidate; exact Oxford definition='a limited number or amount of people or things that is officially allowed'; candidate='квота'; reverse='quota'; lexical=1.000; candidate_definition_similarity=0.409; reverse_definition_similarity=0.366.
MANUAL_EMERGENCY_WORK_20260820_SECOND_PASS_V4_round01	MANUAL_EMERGENCY_WORK_20260820_FIRST_PASS_V4_round01	ox5000-3c42cbde1b0db6056f57	racial	adjective	B2	PASS	расова	PASS V4: concise lexical equivalent; method=Helsinki-NLP/opus-mt-en-uk_surface_candidate; exact Oxford definition='happening or existing between people of different races'; candidate='расова'; reverse='racial'; lexical=1.000; candidate_definition_similarity=0.660; reverse_definition_similarity=0.685; lexical-form/POS/role/source-grounded checks PASS.
MANUAL_EMERGENCY_WORK_20260820_SECOND_PASS_V4_round01	MANUAL_EMERGENCY_WORK_20260820_FIRST_PASS_V4_round01	ox5000-ae90908d4616264014c6	racism	noun	B2	BLOCKED		BLOCKED V4: Oxford definition requires person role but source/reverse role is not independently person-like (racism); method=en_wiktionary_matching_pos_uk_translation; exact Oxford definition='the unfair treatment of people who belong to a different race; violent behaviour towards them'; candidate='раси́зм'; reverse='Racism'; lexical=1.000; candidate_definition_similarity=0.293; reverse_definition_similarity=0.658.
MANUAL_EMERGENCY_WORK_20260820_SECOND_PASS_V4_round01	MANUAL_EMERGENCY_WORK_20260820_FIRST_PASS_V4_round01	ox5000-183ec8d2749196d55d07	racist	adjective	B2	PASS	расистська	PASS V4: concise lexical equivalent; method=Helsinki-NLP/opus-mt-en-uk_surface_candidate; exact Oxford definition='having the belief that some races of people are better than others or having general beliefs about other people based only on their race; showing this through violent or unfair treatment of people of other races'; candidate='расистська'; reverse='racist'; lexical=1.000; candidate_definition_similarity=0.514; reverse_definition_similarity=0.478; lexical-form/POS/role/source-grounded checks PASS.
MANUAL_EMERGENCY_WORK_20260820_SECOND_PASS_V4_round01	MANUAL_EMERGENCY_WORK_20260820_FIRST_PASS_V4_round01	ox5000-3b6e26cd4bcc3291f712	racist	noun	B2	PASS	расистська	PASS V4: concise lexical equivalent; method=Helsinki-NLP/opus-mt-en-uk_surface_candidate; exact Oxford definition='a person who believes that some races of people are better than others or who has general beliefs about other people based only on their race, and may show this in violent or unfair treatment of people of other races'; candidate='расистська'; reverse='racist'; lexical=1.000; candidate_definition_similarity=0.538; reverse_definition_similarity=0.497; lexical-form/POS/role/source-grounded checks PASS.
MANUAL_EMERGENCY_WORK_20260820_SECOND_PASS_V4_round01	MANUAL_EMERGENCY_WORK_20260820_FIRST_PASS_V4_round01	ox5000-638f021918f23d527d49	radar	noun	C1	PASS	радар	PASS V4: concise lexical equivalent; method=Helsinki-NLP/opus-mt-en-uk_surface_candidate; exact Oxford definition='a system that uses radio waves to find the position and movement of objects, for example planes and ships, when they cannot be seen'; candidate='радар'; reverse='radar'; lexical=1.000; candidate_definition_similarity=0.484; reverse_definition_similarity=0.461; lexical-form/POS/role/source-grounded checks PASS.
MANUAL_EMERGENCY_WORK_20260820_SECOND_PASS_V4_round01	MANUAL_EMERGENCY_WORK_20260820_FIRST_PASS_V4_round01	ox5000-6ce48c0a27b361c09fb2	radiation	noun	B2	PASS	радіація	PASS V4: concise lexical equivalent; method=Helsinki-NLP/opus-mt-en-uk_surface_candidate; exact Oxford definition='powerful and very dangerous rays that are sent out from radioactive substances'; candidate='радіація'; reverse='radiation'; lexical=1.000; candidate_definition_similarity=0.756; reverse_definition_similarity=0.759; lexical-form/POS/role/source-grounded checks PASS.
MANUAL_EMERGENCY_WORK_20260820_SECOND_PASS_V4_round01	MANUAL_EMERGENCY_WORK_20260820_FIRST_PASS_V4_round01	ox5000-d5aeb06b1d88e01c047f	radical	adjective	C1	BLOCKED		BLOCKED V4: surface MT candidate lacks two-sided exact-definition support; method=Helsinki-NLP/opus-mt-en-uk_surface_candidate; exact Oxford definition='relating to the most basic and important parts of something; complete and detailed'; candidate='радикальний'; reverse='radical'; lexical=1.000; candidate_definition_similarity=0.288; reverse_definition_similarity=0.258.
MANUAL_EMERGENCY_WORK_20260820_SECOND_PASS_V4_round01	MANUAL_EMERGENCY_WORK_20260820_FIRST_PASS_V4_round01	ox5000-bb993f48a066dd5c990a	rage	noun	C1	PASS	лють	PASS V4: concise lexical equivalent; method=Helsinki-NLP/opus-mt-en-uk_surface_candidate; exact Oxford definition='a feeling of violent anger that is difficult to control'; candidate='лють'; reverse='rage'; lexical=1.000; candidate_definition_similarity=0.442; reverse_definition_similarity=0.790; lexical-form/POS/role/source-grounded checks PASS.
MANUAL_EMERGENCY_WORK_20260820_SECOND_PASS_V4_round01	MANUAL_EMERGENCY_WORK_20260820_FIRST_PASS_V4_round01	ox5000-deb86df67a8ab2ba1e09	raid	noun	C1	BLOCKED		BLOCKED V4: surface MT candidate does not back-translate to the exact English lexical identity; method=Helsinki-NLP/opus-mt-en-uk_surface_candidate; exact Oxford definition='a short surprise attack on an enemy by soldiers, ships or aircraft'; candidate='рейди'; reverse='turn around.'; lexical=0.400; candidate_definition_similarity=0.408; reverse_definition_similarity=0.217.
MANUAL_EMERGENCY_WORK_20260820_SECOND_PASS_V4_round01	MANUAL_EMERGENCY_WORK_20260820_FIRST_PASS_V4_round01	ox5000-4d67d866c647b72f7c3c	raid	verb	C1	BLOCKED		BLOCKED V4: verb candidate is not an appropriate Ukrainian infinitive/verb phrase; method=Helsinki-NLP/opus-mt-en-uk_surface_candidate; exact Oxford definition='to visit a person or place without warning to look for criminals, illegal goods, drugs, etc.'; candidate='рейди'; reverse='turn around.'; lexical=0.400; candidate_definition_similarity=0.158; reverse_definition_similarity=0.139.
MANUAL_EMERGENCY_WORK_20260820_SECOND_PASS_V4_round01	MANUAL_EMERGENCY_WORK_20260820_FIRST_PASS_V4_round01	ox5000-1ef92015b92c1e37fb27	rail	noun	B2	BLOCKED		BLOCKED V4: surface MT candidate lacks two-sided exact-definition support; method=Helsinki-NLP/opus-mt-en-uk_surface_candidate; exact Oxford definition='a wooden or metal bar placed around something as a barrier or to provide support'; candidate='рейка'; reverse='rail'; lexical=1.000; candidate_definition_similarity=0.349; reverse_definition_similarity=0.480.
MANUAL_EMERGENCY_WORK_20260820_SECOND_PASS_V4_round01	MANUAL_EMERGENCY_WORK_20260820_FIRST_PASS_V4_round01	ox5000-cfb300586a991fa0eabe	rally	noun	C1	BLOCKED		"BLOCKED V4: surface MT candidate does not back-translate to the exact English lexical identity; method=Helsinki-NLP/opus-mt-en-uk_surface_candidate; exact Oxford definition='a large public meeting, especially one held to support a particular idea or political party'; candidate=""з' єднання""; reverse='connection'; lexical=0.000; candidate_definition_similarity=0.208; reverse_definition_similarity=0.051."
MANUAL_EMERGENCY_WORK_20260820_SECOND_PASS_V4_round01	MANUAL_EMERGENCY_WORK_20260820_FIRST_PASS_V4_round01	ox5000-7da870e0b860693f3ac5	rally	verb	C1	BLOCKED		"BLOCKED V4: verb candidate is not an appropriate Ukrainian infinitive/verb phrase; method=Helsinki-NLP/opus-mt-en-uk_surface_candidate; exact Oxford definition='to come together or bring people together in order to help or support somebody/something'; candidate=""з' єднання""; reverse='connection'; lexical=0.000; candidate_definition_similarity=0.402; reverse_definition_similarity=0.225."
MANUAL_EMERGENCY_WORK_20260820_SECOND_PASS_V4_round01	MANUAL_EMERGENCY_WORK_20260820_FIRST_PASS_V4_round01	ox5000-295bea1c47af665a1dba	random	adjective	B2	BLOCKED		BLOCKED V4: candidate is not predominantly Ukrainian; method=Helsinki-NLP/opus-mt-en-uk_surface_candidate; exact Oxford definition='done, chosen, etc. without somebody deciding in advance what is going to happen, or without any regular pattern'; candidate='random'; reverse='random'; lexical=1.000; candidate_definition_similarity=0.343; reverse_definition_similarity=0.343.
MANUAL_EMERGENCY_WORK_20260820_SECOND_PASS_V4_round01	MANUAL_EMERGENCY_WORK_20260820_FIRST_PASS_V4_round01	ox5000-5a6744b97184b4a0cb6a	ranking	noun	C1	BLOCKED		BLOCKED V4: semantic role mismatch: Oxford definition requires person, reverse candidate looks process; method=Helsinki-NLP/opus-mt-en-uk_surface_candidate; exact Oxford definition='the position of somebody/something on a scale that shows how good or important they are in relation to other similar people or things, especially in sport'; candidate='Рейтинг'; reverse='Rating'; lexical=0.769; candidate_definition_similarity=0.417; reverse_definition_similarity=0.331.
MANUAL_EMERGENCY_WORK_20260820_SECOND_PASS_V4_round01	MANUAL_EMERGENCY_WORK_20260820_FIRST_PASS_V4_round01	ox5000-163c1aaea653b97b76ad	rape	noun	C1	BLOCKED		BLOCKED V4: Oxford definition requires person role but source/reverse role is not independently person-like (rape); method=Helsinki-NLP/opus-mt-en-uk_surface_candidate; exact Oxford definition='the crime of forcing somebody to have sex when they do not want it or are not able to agree to it'; candidate='гвалтування'; reverse='rape'; lexical=1.000; candidate_definition_similarity=0.486; reverse_definition_similarity=0.465.
MANUAL_EMERGENCY_WORK_20260820_SECOND_PASS_V4_round01	MANUAL_EMERGENCY_WORK_20260820_FIRST_PASS_V4_round01	ox5000-44e91337ba5dff9097c9	rape	verb	C1	BLOCKED		BLOCKED V4: verb candidate is not an appropriate Ukrainian infinitive/verb phrase; method=Helsinki-NLP/opus-mt-en-uk_surface_candidate; exact Oxford definition='to force somebody to have sex when they do not want it or are not able to agree to it'; candidate='гвалтування'; reverse='rape'; lexical=1.000; candidate_definition_similarity=0.332; reverse_definition_similarity=0.323.
MANUAL_EMERGENCY_WORK_20260820_SECOND_PASS_V4_round01	MANUAL_EMERGENCY_WORK_20260820_FIRST_PASS_V4_round01	ox5000-fe7ba1256d19f8c2e57f	rat	noun	B2	BLOCKED		BLOCKED V4: candidate is not predominantly Ukrainian; method=Helsinki-NLP/opus-mt-en-uk_surface_candidate; exact Oxford definition='a small animal with a long tail, that looks like a large mouse, usually considered a pest (= an animal which is disliked because it destroys food or spreads disease)'; candidate='rick'; reverse='pick'; lexical=0.000; candidate_definition_similarity=0.054; reverse_definition_similarity=0.144.
MANUAL_EMERGENCY_WORK_20260820_SECOND_PASS_V4_round01	MANUAL_EMERGENCY_WORK_20260820_FIRST_PASS_V4_round01	ox5000-a926d9b4d561f0479900	rating	noun	B2	BLOCKED		BLOCKED V4: Oxford definition requires person role but source/reverse role is not independently person-like (rating); method=Helsinki-NLP/opus-mt-en-uk_surface_candidate; exact Oxford definition='a measurement of how good, popular, important, etc. somebody/something is, especially in relation to other people or things'; candidate='оцінка'; reverse='rating'; lexical=1.000; candidate_definition_similarity=0.444; reverse_definition_similarity=0.446.
MANUAL_EMERGENCY_WORK_20260820_SECOND_PASS_V4_round01	MANUAL_EMERGENCY_WORK_20260820_FIRST_PASS_V4_round01	ox5000-f01536bcc125902c07c7	ratio	noun	C1	BLOCKED		BLOCKED V4: surface MT candidate does not back-translate to the exact English lexical identity; method=Helsinki-NLP/opus-mt-en-uk_surface_candidate; exact Oxford definition='the relationship between two groups of people or things that is represented by two numbers showing how much larger one group is than the other'; candidate='Співвідношення'; reverse='Relation'; lexical=0.769; candidate_definition_similarity=0.538; reverse_definition_similarity=0.420.
MANUAL_EMERGENCY_WORK_20260820_SECOND_PASS_V4_round01	MANUAL_EMERGENCY_WORK_20260820_FIRST_PASS_V4_round01	ox5000-4b5e8fe7429e7586b3b3	rational	adjective	C1	PASS	раціональне	PASS V4: concise lexical equivalent; method=Helsinki-NLP/opus-mt-en-uk_surface_candidate; exact Oxford definition='based on reason rather than emotions'; candidate='раціональне'; reverse='Rational'; lexical=1.000; candidate_definition_similarity=0.460; reverse_definition_similarity=0.453; lexical-form/POS/role/source-grounded checks PASS.
MANUAL_EMERGENCY_WORK_20260820_SECOND_PASS_V4_round01	MANUAL_EMERGENCY_WORK_20260820_FIRST_PASS_V4_round01	ox5000-406daaee7c9e0713271e	ray	noun	C1	BLOCKED		BLOCKED V4: surface MT candidate lacks two-sided exact-definition support; method=Helsinki-NLP/opus-mt-en-uk_surface_candidate; exact Oxford definition='a narrow line of light, heat or other energy'; candidate='Рентген'; reverse='X - ray'; lexical=1.000; candidate_definition_similarity=0.300; reverse_definition_similarity=0.190.
MANUAL_EMERGENCY_WORK_20260820_SECOND_PASS_V4_round01	MANUAL_EMERGENCY_WORK_20260820_FIRST_PASS_V4_round01	ox5000-93c2c995db4f9c123eaa	readily	adverb	C1	BLOCKED		BLOCKED V4: surface MT candidate does not back-translate to the exact English lexical identity; method=Helsinki-NLP/opus-mt-en-uk_surface_candidate; exact Oxford definition='quickly and without difficulty'; candidate='без перебоїв'; reverse='No worries.'; lexical=0.235; candidate_definition_similarity=0.626; reverse_definition_similarity=0.403.
MANUAL_EMERGENCY_WORK_20260820_SECOND_PASS_V4_round01	MANUAL_EMERGENCY_WORK_20260820_FIRST_PASS_V4_round01	ox5000-e3d550f6c3247fc800d6	realization	noun	C1	BLOCKED		BLOCKED V4: surface MT candidate does not back-translate to the exact English lexical identity; method=Helsinki-NLP/opus-mt-en-uk_surface_candidate; exact Oxford definition='the process of becoming aware of something'; candidate='реалізація'; reverse='implementation'; lexical=0.480; candidate_definition_similarity=0.465; reverse_definition_similarity=0.312.
MANUAL_EMERGENCY_WORK_20260820_SECOND_PASS_V4_round01	MANUAL_EMERGENCY_WORK_20260820_FIRST_PASS_V4_round01	ox5000-f6e06778ccf9167c70f9	realm	noun	C1	BLOCKED		BLOCKED V4: candidate is not predominantly Ukrainian; method=Helsinki-NLP/opus-mt-en-uk_surface_candidate; exact Oxford definition='an area of activity, interest or knowledge'; candidate='land'; reverse='land'; lexical=0.222; candidate_definition_similarity=0.470; reverse_definition_similarity=0.470.
MANUAL_EMERGENCY_WORK_20260820_SECOND_PASS_V4_round01	MANUAL_EMERGENCY_WORK_20260820_FIRST_PASS_V4_round01	ox5000-82db79a2e4cd3cde65f1	rear	adjective	C1	BLOCKED		BLOCKED V4: adjective candidate has no plausible Ukrainian adjective morphology; method=Helsinki-NLP/opus-mt-en-uk_surface_candidate; exact Oxford definition='at or near the back of something'; candidate='зад'; reverse='bottom'; lexical=0.000; candidate_definition_similarity=0.672; reverse_definition_similarity=0.496.
MANUAL_EMERGENCY_WORK_20260820_SECOND_PASS_V4_round01	MANUAL_EMERGENCY_WORK_20260820_FIRST_PASS_V4_round01	ox5000-69b2f9590153df6988ce	rear	noun	C1	BLOCKED		BLOCKED V4: surface MT candidate does not back-translate to the exact English lexical identity; method=Helsinki-NLP/opus-mt-en-uk_surface_candidate; exact Oxford definition='the back part of something'; candidate='зад'; reverse='bottom'; lexical=0.000; candidate_definition_similarity=0.735; reverse_definition_similarity=0.557.
MANUAL_EMERGENCY_WORK_20260820_SECOND_PASS_V4_round01	MANUAL_EMERGENCY_WORK_20260820_FIRST_PASS_V4_round01	ox5000-9297029e6028ab551ec4	reasonably	adverb	B2	BLOCKED		"BLOCKED V4: sentence-like punctuation in lexical value; method=Helsinki-NLP/opus-mt-en-uk_surface_candidate; exact Oxford definition='to a degree that is fairly good but not very good'; candidate='Доволі.'; reverse=""That's enough.""; lexical=0.174; candidate_definition_similarity=0.383; reverse_definition_similarity=0.206."
MANUAL_EMERGENCY_WORK_20260820_SECOND_PASS_V4_round01	MANUAL_EMERGENCY_WORK_20260820_FIRST_PASS_V4_round01	ox5000-fbe2d3432c02ae63c10f	reasoning	noun	C1	BLOCKED		BLOCKED V4: semantic role mismatch: Oxford definition requires process, reverse candidate looks generic; method=Helsinki-NLP/opus-mt-en-uk_surface_candidate; exact Oxford definition='the process of thinking about things in a logical way; opinions and ideas that are based on logical thinking'; candidate='логічне міркування'; reverse='logical thinking'; lexical=0.400; candidate_definition_similarity=0.730; reverse_definition_similarity=0.798.
MANUAL_EMERGENCY_WORK_20260820_SECOND_PASS_V4_round01	MANUAL_EMERGENCY_WORK_20260820_FIRST_PASS_V4_round01	ox5000-1278d12e916dee475af0	reassure	verb	C1	BLOCKED		"BLOCKED V4: verb candidate is not an appropriate Ukrainian infinitive/verb phrase; method=Helsinki-NLP/opus-mt-en-uk_surface_candidate; exact Oxford definition='to say or do something that makes somebody less frightened or worried'; candidate=""Зав' язати""; reverse='Close'; lexical=0.154; candidate_definition_similarity=0.301; reverse_definition_similarity=0.134."
MANUAL_EMERGENCY_WORK_20260820_SECOND_PASS_V4_round01	MANUAL_EMERGENCY_WORK_20260820_FIRST_PASS_V4_round01	ox5000-2f6ac118ca4cecab6315	rebel	noun	C1	BLOCKED		BLOCKED V4: English/source-language residue or model artifact; method=Helsinki-NLP/opus-mt-en-uk_surface_candidate; exact Oxford definition='a person who fights against the government of their country'; candidate='animation'; reverse='animation'; lexical=0.000; candidate_definition_similarity=0.141; reverse_definition_similarity=0.141.
MANUAL_EMERGENCY_WORK_20260820_SECOND_PASS_V4_round01	MANUAL_EMERGENCY_WORK_20260820_FIRST_PASS_V4_round01	ox5000-733394b847c11155a769	rebellion	noun	C1	PASS	бунт	PASS V4: concise lexical equivalent; method=Helsinki-NLP/opus-mt-en-uk_surface_candidate; exact Oxford definition='an attempt by some of the people in a country to change their government, using violence'; candidate='бунт'; reverse='rebellion'; lexical=1.000; candidate_definition_similarity=0.553; reverse_definition_similarity=0.578; lexical-form/POS/role/source-grounded checks PASS.
MANUAL_EMERGENCY_WORK_20260820_SECOND_PASS_V4_round01	MANUAL_EMERGENCY_WORK_20260820_FIRST_PASS_V4_round01	ox5000-b511afcdef6aaf02980d	rebuild	verb	B2	BLOCKED		BLOCKED V4: surface MT candidate does not back-translate to the exact English lexical identity; method=Helsinki-NLP/opus-mt-en-uk_surface_candidate; exact Oxford definition='to build or put something together again'; candidate='відновити'; reverse='restore'; lexical=0.286; candidate_definition_similarity=0.522; reverse_definition_similarity=0.419.
MANUAL_EMERGENCY_WORK_20260820_SECOND_PASS_V4_round01	MANUAL_EMERGENCY_WORK_20260820_FIRST_PASS_V4_round01	ox5000-82e5e823e0220b1f8d8d	receiver	noun	B2	BLOCKED		BLOCKED V4: Wiktionary candidate does not back-translate to the exact English lexical identity; method=en_wiktionary_matching_pos_uk_translation; exact Oxford definition='the part of a phone that you hold close to your mouth and ear'; candidate='оде́ржувачка'; reverse='Stirl'; lexical=0.154; candidate_definition_similarity=0.356; reverse_definition_similarity=0.251.
MANUAL_EMERGENCY_WORK_20260820_SECOND_PASS_V4_round01	MANUAL_EMERGENCY_WORK_20260820_FIRST_PASS_V4_round01	ox5000-58cf60dcbb0b202c2d54	recession	noun	B2	PASS	Рецесія	PASS V4: concise lexical equivalent; method=Helsinki-NLP/opus-mt-en-uk_surface_candidate; exact Oxford definition='a difficult time for the economy of a country, when there is less trade and industrial activity than usual and more people are unemployed'; candidate='Рецесія'; reverse='Recession'; lexical=1.000; candidate_definition_similarity=0.443; reverse_definition_similarity=0.444; lexical-form/POS/role/source-grounded checks PASS.
MANUAL_EMERGENCY_WORK_20260820_SECOND_PASS_V4_round01	MANUAL_EMERGENCY_WORK_20260820_FIRST_PASS_V4_round01	ox5000-509759e82384ed740f3c	recipient	noun	C1	BLOCKED		BLOCKED V4: semantic role mismatch: Oxford definition requires person, reverse candidate looks generic; method=en_wiktionary_matching_pos_uk_translation; exact Oxford definition='a person who receives something'; candidate='оде́ржувачка'; reverse='Stirl'; lexical=0.143; candidate_definition_similarity=0.463; reverse_definition_similarity=0.243.
MANUAL_EMERGENCY_WORK_20260820_SECOND_PASS_V4_round01	MANUAL_EMERGENCY_WORK_20260820_FIRST_PASS_V4_round01	ox5000-378f3b22f72b712307df	reckon	verb	B2	BLOCKED		BLOCKED V4: verb candidate is not an appropriate Ukrainian infinitive/verb phrase; method=Helsinki-NLP/opus-mt-en-uk_surface_candidate; exact Oxford definition='to think something or have an opinion about something'; candidate='Підрахунки'; reverse='Calculated'; lexical=0.125; candidate_definition_similarity=0.212; reverse_definition_similarity=0.051.
MANUAL_EMERGENCY_WORK_20260820_SECOND_PASS_V4_round01	MANUAL_EMERGENCY_WORK_20260820_FIRST_PASS_V4_round01	ox5000-6e280ae2dd1681720f95	recognition	noun	B2	BLOCKED		BLOCKED V4: Oxford definition requires person role but source/reverse role is not independently person-like (recognition); method=en_wiktionary_matching_pos_uk_translation; exact Oxford definition='the act of remembering who somebody is when you see them, or of identifying what something is'; candidate='упізнава́ння'; reverse='recognition'; lexical=1.000; candidate_definition_similarity=0.674; reverse_definition_similarity=0.494.
MANUAL_EMERGENCY_WORK_20260820_SECOND_PASS_V4_round01	MANUAL_EMERGENCY_WORK_20260820_FIRST_PASS_V4_round01	ox5000-ddae4d5e51503e1a8ffd	reconstruction	noun	C1	BLOCKED		BLOCKED V4: Wiktionary candidate does not back-translate to the exact English lexical identity; method=en_wiktionary_matching_pos_uk_translation; exact Oxford definition='the process of changing or improving the condition of something or the way it works; the process of putting something back into the state it was in before'; candidate='реконстру́кція'; reverse='onauguration'; lexical=0.538; candidate_definition_similarity=0.457; reverse_definition_similarity=0.392.
MANUAL_EMERGENCY_WORK_20260820_SECOND_PASS_V4_round01	MANUAL_EMERGENCY_WORK_20260820_FIRST_PASS_V4_round01	ox5000-948b85bbe7732bc16534	recount	verb	C1	BLOCKED		BLOCKED V4: semantic role mismatch: Oxford definition requires person, reverse candidate looks generic; method=en_wiktionary_matching_pos_uk_translation; exact Oxford definition='to tell somebody about something, especially something that you have experienced'; candidate='розповіда́ти'; reverse='story'; lexical=0.167; candidate_definition_similarity=0.519; reverse_definition_similarity=0.462.
MANUAL_EMERGENCY_WORK_20260820_SECOND_PASS_V4_round01	MANUAL_EMERGENCY_WORK_20260820_FIRST_PASS_V4_round01	ox5000-8f636332013cc3a777c9	recovery	noun	B2	BLOCKED		BLOCKED V4: semantic role mismatch: Oxford definition requires process, reverse candidate looks generic; method=en_wiktionary_matching_pos_uk_translation; exact Oxford definition='the process of becoming well again after an illness or injury'; candidate='оду́жання'; reverse='A sense of well - being'; lexical=0.207; candidate_definition_similarity=0.497; reverse_definition_similarity=0.566.
MANUAL_EMERGENCY_WORK_20260820_SECOND_PASS_V4_round01	MANUAL_EMERGENCY_WORK_20260820_FIRST_PASS_V4_round01	ox5000-2fed7b0a384991dc97d4	recruit	noun	B2	BLOCKED		BLOCKED V4: semantic role mismatch: Oxford definition requires person, reverse candidate looks generic; method=en_wiktionary_matching_pos_uk_translation; exact Oxford definition='a person who has recently joined the armed forces or the police'; candidate='призо́вник'; reverse='The Chariot'; lexical=0.333; candidate_definition_similarity=0.235; reverse_definition_similarity=0.277.
MANUAL_EMERGENCY_WORK_20260820_SECOND_PASS_V4_round01	MANUAL_EMERGENCY_WORK_20260820_FIRST_PASS_V4_round01	ox5000-585e02d27fde1a6416d9	recruit	verb	B2	BLOCKED		BLOCKED V4: Wiktionary candidate does not back-translate to the exact English lexical identity; method=en_wiktionary_matching_pos_uk_translation; exact Oxford definition='to find new people to join a company, an organization, the armed forces, etc.'; candidate='рекрутува́ти'; reverse='regreevats'; lexical=0.471; candidate_definition_similarity=0.211; reverse_definition_similarity=0.158.
MANUAL_EMERGENCY_WORK_20260820_SECOND_PASS_V4_round01	MANUAL_EMERGENCY_WORK_20260820_FIRST_PASS_V4_round01	ox5000-07b39c7d2b02aa9f8e69	recruitment	noun	B2	BLOCKED		BLOCKED V4: Wiktionary candidate does not back-translate to the exact English lexical identity; method=en_wiktionary_matching_pos_uk_translation; exact Oxford definition='the act or process of finding new people to join a company, an organization, the armed forces, etc.'; candidate='вербува́ння'; reverse='Invasion'; lexical=0.211; candidate_definition_similarity=0.502; reverse_definition_similarity=0.288.
MANUAL_EMERGENCY_WORK_20260820_SECOND_PASS_V4_round01	MANUAL_EMERGENCY_WORK_20260820_FIRST_PASS_V4_round01	ox5000-9d471a0aecbe7bc0ce6c	referee	noun	B2	BLOCKED		BLOCKED V4: Wiktionary candidate does not back-translate to the exact English lexical identity; method=en_wiktionary_matching_pos_uk_translation; exact Oxford definition='the official who controls the game in some sports'; candidate='суддя́'; reverse='judge'; lexical=0.167; candidate_definition_similarity=0.371; reverse_definition_similarity=0.296.
MANUAL_EMERGENCY_WORK_20260820_SECOND_PASS_V4_round01	MANUAL_EMERGENCY_WORK_20260820_FIRST_PASS_V4_round01	ox5000-cb92c41178d16df358d5	referendum	noun	C1	BLOCKED		BLOCKED V4: semantic role mismatch: Oxford definition requires place, reverse candidate looks generic; method=en_wiktionary_matching_pos_uk_translation; exact Oxford definition='an occasion when all the people of a country can vote on an important issue'; candidate='рефере́ндум'; reverse='referrendum'; lexical=0.952; candidate_definition_similarity=0.326; reverse_definition_similarity=0.082.
MANUAL_EMERGENCY_WORK_20260820_SECOND_PASS_V4_round01	MANUAL_EMERGENCY_WORK_20260820_FIRST_PASS_V4_round01	ox5000-bd41821d02479eb199aa	reflection	noun	C1	BLOCKED		BLOCKED V4: Wiktionary candidate does not back-translate to the exact English lexical identity; method=en_wiktionary_matching_pos_uk_translation; exact Oxford definition='an image in a mirror, on a shiny surface, on water, etc.'; candidate='відобра́ження'; reverse='reflect'; lexical=1.000; candidate_definition_similarity=0.481; reverse_definition_similarity=0.541.
MANUAL_EMERGENCY_WORK_20260820_SECOND_PASS_V4_round01	MANUAL_EMERGENCY_WORK_20260820_FIRST_PASS_V4_round01	ox5000-1d95ed508bd14265061f	reform	noun	C1	PASS	реформування	PASS V4: concise lexical equivalent; method=Helsinki-NLP/opus-mt-en-uk_surface_candidate; exact Oxford definition='change that is made to a social system, an organization, etc. in order to improve or correct it'; candidate='реформування'; reverse='reform'; lexical=1.000; candidate_definition_similarity=0.501; reverse_definition_similarity=0.570; lexical-form/POS/role/source-grounded checks PASS.
MANUAL_EMERGENCY_WORK_20260820_SECOND_PASS_V4_round01	MANUAL_EMERGENCY_WORK_20260820_FIRST_PASS_V4_round01	ox5000-be774d750b11aad42701	reform	verb	C1	PASS	реформува́ти	PASS V4: concise lexical equivalent; method=en_wiktionary_matching_pos_uk_translation; exact Oxford definition='to improve a system, an organization, a law, etc. by making changes to it'; candidate='реформува́ти'; reverse='Reform'; lexical=1.000; candidate_definition_similarity=0.516; reverse_definition_similarity=0.544; lexical-form/POS/role/source-grounded checks PASS.
MANUAL_EMERGENCY_WORK_20260820_SECOND_PASS_V4_round01	MANUAL_EMERGENCY_WORK_20260820_FIRST_PASS_V4_round01	ox5000-57fa865cd40bc14f9f2e	refuge	noun	C1	BLOCKED		BLOCKED V4: Wiktionary lexical candidate lacks two-sided exact-definition support; method=en_wiktionary_matching_pos_uk_translation; exact Oxford definition='shelter or protection from danger, trouble, etc.'; candidate='при́хисток'; reverse='A refuge'; lexical=1.000; candidate_definition_similarity=0.304; reverse_definition_similarity=0.652.
MANUAL_EMERGENCY_WORK_20260820_SECOND_PASS_V4_round01	MANUAL_EMERGENCY_WORK_20260820_FIRST_PASS_V4_round01	ox5000-1f874af05695c3e7245e	refugee	noun	B2	BLOCKED		BLOCKED V4: Oxford definition requires person role but source/reverse role is not independently person-like (refugee); method=en_wiktionary_matching_pos_uk_translation; exact Oxford definition='a person who has been forced to leave their country or home, because there is a war or for political, religious or social reasons'; candidate='бі́женець'; reverse='refugee'; lexical=1.000; candidate_definition_similarity=0.397; reverse_definition_similarity=0.500.
MANUAL_EMERGENCY_WORK_20260820_SECOND_PASS_V4_round01	MANUAL_EMERGENCY_WORK_20260820_FIRST_PASS_V4_round01	ox5000-d7e008335aeb580b9f87	refusal	noun	C1	PASS	відмова	PASS V4: concise lexical equivalent; method=Helsinki-NLP/opus-mt-en-uk_surface_candidate; exact Oxford definition='an act of saying or showing that you will not do, give or accept something'; candidate='відмова'; reverse='refusal'; lexical=1.000; candidate_definition_similarity=0.520; reverse_definition_similarity=0.532; lexical-form/POS/role/source-grounded checks PASS.
MANUAL_EMERGENCY_WORK_20260820_SECOND_PASS_V4_round01	MANUAL_EMERGENCY_WORK_20260820_FIRST_PASS_V4_round01	ox5000-dbd50724500be7d1c07d	regain	verb	C1	BLOCKED		BLOCKED V4: candidate is not predominantly Ukrainian; method=Helsinki-NLP/opus-mt-en-uk_surface_candidate; exact Oxford definition='to get back something you no longer have, especially an ability or a quality'; candidate='return'; reverse='return'; lexical=0.500; candidate_definition_similarity=0.344; reverse_definition_similarity=0.344.
MANUAL_EMERGENCY_WORK_20260820_SECOND_PASS_V4_round01	MANUAL_EMERGENCY_WORK_20260820_FIRST_PASS_V4_round01	ox5000-483abc4f09223bd18c48	regardless	adverb	C1	BLOCKED		"BLOCKED V4: multiword adverb candidate is not an adverbial phrase; method=en_wiktionary_matching_pos_uk_translation; exact Oxford definition='paying no attention, even if the situation is bad or there are difficulties'; candidate='все одно́'; reverse=""No, it doesn't matter.""; lexical=0.200; candidate_definition_similarity=0.215; reverse_definition_similarity=0.235."
MANUAL_EMERGENCY_WORK_20260820_SECOND_PASS_V4_round01	MANUAL_EMERGENCY_WORK_20260820_FIRST_PASS_V4_round01	ox5000-770cb1cb41ee7278607c	regime	noun	C1	BLOCKED		BLOCKED V4: Wiktionary candidate does not back-translate to the exact English lexical identity; method=en_wiktionary_matching_pos_uk_translation; exact Oxford definition='a method or system of government, especially one that has not been elected in a fair way'; candidate='режи́м'; reverse='subterfuge'; lexical=0.250; candidate_definition_similarity=0.136; reverse_definition_similarity=0.142.
MANUAL_EMERGENCY_WORK_20260820_SECOND_PASS_V4_round01	MANUAL_EMERGENCY_WORK_20260820_FIRST_PASS_V4_round01	ox5000-b7ec0bd40a2fc11dfaa3	registration	noun	B2	BLOCKED		BLOCKED V4: Oxford definition requires person role but source/reverse role is not independently person-like (registration); method=en_wiktionary_matching_pos_uk_translation; exact Oxford definition='the act of making an official record of something/somebody'; candidate='реєстра́ція'; reverse='Registration'; lexical=1.000; candidate_definition_similarity=0.578; reverse_definition_similarity=0.417.
MANUAL_EMERGENCY_WORK_20260820_SECOND_PASS_V4_round01	MANUAL_EMERGENCY_WORK_20260820_FIRST_PASS_V4_round01	ox5000-5d112ff6a8457bb4ac57	regulate	verb	B2	BLOCKED		BLOCKED V4: surface MT candidate does not back-translate to the exact English lexical identity; method=Helsinki-NLP/opus-mt-en-uk_surface_candidate; exact Oxford definition='to control something by means of rules'; candidate='регулювати'; reverse='Adjust'; lexical=0.286; candidate_definition_similarity=0.728; reverse_definition_similarity=0.372.
MANUAL_EMERGENCY_WORK_20260820_SECOND_PASS_V4_round01	MANUAL_EMERGENCY_WORK_20260820_FIRST_PASS_V4_round01	ox5000-3f70ec0b50c6082d68cd	regulator	noun	C1	PASS	регулюва́льник	PASS V4: concise lexical equivalent; method=en_wiktionary_matching_pos_uk_translation; exact Oxford definition='a person or an organization that officially controls an area of business or industry and makes sure that it is operating fairly'; candidate='регулюва́льник'; reverse='regulator'; lexical=1.000; candidate_definition_similarity=0.503; reverse_definition_similarity=0.494; lexical-form/POS/role/source-grounded checks PASS.
MANUAL_EMERGENCY_WORK_20260820_SECOND_PASS_V4_round01	MANUAL_EMERGENCY_WORK_20260820_FIRST_PASS_V4_round01	ox5000-89fc68aa89e0ce017d46	regulatory	adjective	C1	BLOCKED		BLOCKED V4: adjective candidate has no plausible Ukrainian adjective morphology; method=Helsinki-NLP/opus-mt-en-uk_surface_candidate; exact Oxford definition='having the power to control an area of business or industry and make sure that it is operating fairly'; candidate='Регулятор'; reverse='Controller'; lexical=0.300; candidate_definition_similarity=0.489; reverse_definition_similarity=0.365.
MANUAL_EMERGENCY_WORK_20260820_SECOND_PASS_V4_round01	MANUAL_EMERGENCY_WORK_20260820_FIRST_PASS_V4_round01	ox5000-ddf683838d0c717cdaa6	rehabilitation	noun	C1	BLOCKED		BLOCKED V4: Oxford definition requires person role but source/reverse role is not independently person-like (rehabilitation); method=en_wiktionary_matching_pos_uk_translation; exact Oxford definition='the process of helping somebody to return to a normal, healthy life after they have been in prison or very ill'; candidate='реабіліта́ція'; reverse='rehabilitation'; lexical=1.000; candidate_definition_similarity=0.629; reverse_definition_similarity=0.549.
MANUAL_EMERGENCY_WORK_20260820_SECOND_PASS_V4_round01	MANUAL_EMERGENCY_WORK_20260820_FIRST_PASS_V4_round01	ox5000-c75dbfcf2cdc43a6bffd	reign	noun	C1	BLOCKED		BLOCKED V4: Wiktionary candidate does not back-translate to the exact English lexical identity; method=en_wiktionary_matching_pos_uk_translation; exact Oxford definition='the period during which a king, queen, emperor , etc. rules'; candidate='царюва́ння'; reverse='Kingship'; lexical=0.308; candidate_definition_similarity=0.524; reverse_definition_similarity=0.568.
MANUAL_EMERGENCY_WORK_20260820_SECOND_PASS_V4_round01	MANUAL_EMERGENCY_WORK_20260820_FIRST_PASS_V4_round01	ox5000-7d47951ec14eb266e85b	reign	verb	C1	BLOCKED		BLOCKED V4: Wiktionary candidate does not back-translate to the exact English lexical identity; method=en_wiktionary_matching_pos_uk_translation; exact Oxford definition='to rule as king, queen, emperor , etc.'; candidate='царюва́ти'; reverse='The Kings'; lexical=0.429; candidate_definition_similarity=0.419; reverse_definition_similarity=0.512.
MANUAL_EMERGENCY_WORK_20260820_SECOND_PASS_V4_round01	MANUAL_EMERGENCY_WORK_20260820_FIRST_PASS_V4_round01	ox5000-cc2967651d71a7068ca8	reinforce	verb	B2	BLOCKED		BLOCKED V4: semantic role mismatch: Oxford definition requires state, reverse candidate looks generic; method=Helsinki-NLP/opus-mt-en-uk_surface_candidate; exact Oxford definition='to make a feeling, an idea, etc. stronger'; candidate='укріплювати'; reverse='strengthen'; lexical=0.421; candidate_definition_similarity=0.412; reverse_definition_similarity=0.478.
MANUAL_EMERGENCY_WORK_20260820_SECOND_PASS_V4_round01	MANUAL_EMERGENCY_WORK_20260820_FIRST_PASS_V4_round01	ox5000-cb8f971d89616d8fc057	rejection	noun	C1	BLOCKED		BLOCKED V4: Wiktionary candidate does not back-translate to the exact English lexical identity; method=en_wiktionary_matching_pos_uk_translation; exact Oxford definition='the act of refusing to accept or consider something'; candidate='відхи́лення'; reverse='declination'; lexical=0.600; candidate_definition_similarity=0.351; reverse_definition_similarity=0.302.
MANUAL_EMERGENCY_WORK_20260820_SECOND_PASS_V4_round01	MANUAL_EMERGENCY_WORK_20260820_FIRST_PASS_V4_round01	ox5000-647655f1ee5e1d3ecef4	relevance	noun	C1	BLOCKED		BLOCKED V4: surface MT candidate does not back-translate to the exact English lexical identity; method=Helsinki-NLP/opus-mt-en-uk_surface_candidate; exact Oxford definition='a close connection with the subject you are discussing or the situation you are in'; candidate='Доступність'; reverse='Accessibility'; lexical=0.273; candidate_definition_similarity=0.189; reverse_definition_similarity=0.181.
MANUAL_EMERGENCY_WORK_20260820_SECOND_PASS_V4_round01	MANUAL_EMERGENCY_WORK_20260820_FIRST_PASS_V4_round01	ox5000-f803ff8677e60cca35f4	reliability	noun	C1	BLOCKED		BLOCKED V4: semantic role mismatch: Oxford definition requires person, reverse candidate looks generic; method=en_wiktionary_matching_pos_uk_translation; exact Oxford definition='the quality of being able to be trusted to do what somebody wants or needs'; candidate='наді́йність'; reverse='trusteeship'; lexical=0.273; candidate_definition_similarity=0.460; reverse_definition_similarity=0.348.
MANUAL_EMERGENCY_WORK_20260820_SECOND_PASS_V4_round01	MANUAL_EMERGENCY_WORK_20260820_FIRST_PASS_V4_round01	ox5000-302058e7a3d7857fa595	relieve	verb	B2	BLOCKED		BLOCKED V4: surface MT candidate does not back-translate to the exact English lexical identity; method=Helsinki-NLP/opus-mt-en-uk_surface_candidate; exact Oxford definition='to remove or reduce an unpleasant feeling or pain'; candidate='увімкнути'; reverse='enable'; lexical=0.462; candidate_definition_similarity=0.338; reverse_definition_similarity=0.279.
MANUAL_EMERGENCY_WORK_20260820_SECOND_PASS_V4_round01	MANUAL_EMERGENCY_WORK_20260820_FIRST_PASS_V4_round01	ox5000-b992f758262a990feb46	relieved	adjective	B2	BLOCKED		"BLOCKED V4: adjective candidate has no plausible Ukrainian adjective morphology; method=Helsinki-NLP/opus-mt-en-uk_surface_candidate; exact Oxford definition='feeling happy because something unpleasant has stopped or has not happened; showing this'; candidate=""з' єднання""; reverse='connection'; lexical=0.222; candidate_definition_similarity=0.285; reverse_definition_similarity=0.129."
MANUAL_EMERGENCY_WORK_20260820_SECOND_PASS_V4_round01	MANUAL_EMERGENCY_WORK_20260820_FIRST_PASS_V4_round01	ox5000-30e4fdf929282bee2e41	reluctant	adjective	C1	BLOCKED		BLOCKED V4: Wiktionary candidate does not back-translate to the exact English lexical identity; method=en_wiktionary_matching_pos_uk_translation; exact Oxford definition='hesitating before doing something because you do not want to do it or because you are not sure that it is the right thing to do'; candidate='неохо́чий'; reverse='Unpalatable'; lexical=0.300; candidate_definition_similarity=0.277; reverse_definition_similarity=0.184.
MANUAL_EMERGENCY_WORK_20260820_SECOND_PASS_V4_round01	MANUAL_EMERGENCY_WORK_20260820_FIRST_PASS_V4_round01	ox5000-ad3d9b9fbe9bfc9922d4	remainder	noun	C1	BLOCKED		BLOCKED V4: Wiktionary candidate does not back-translate to the exact English lexical identity; method=en_wiktionary_matching_pos_uk_translation; exact Oxford definition='the people, things or time that remain'; candidate='оста́ча'; reverse='rest'; lexical=0.308; candidate_definition_similarity=0.398; reverse_definition_similarity=0.352.
MANUAL_EMERGENCY_WORK_20260820_SECOND_PASS_V4_round01	MANUAL_EMERGENCY_WORK_20260820_FIRST_PASS_V4_round01	ox5000-eaf9c9c29dc9134fdc06	remains	noun	C1	BLOCKED		BLOCKED V4: surface MT candidate lacks two-sided exact-definition support; method=Helsinki-NLP/opus-mt-en-uk_surface_candidate; exact Oxford definition='the parts of something that are left after the other parts have been used, eaten, removed, etc.'; candidate='останки'; reverse='remains'; lexical=1.000; candidate_definition_similarity=0.469; reverse_definition_similarity=0.399.
MANUAL_EMERGENCY_WORK_20260820_SECOND_PASS_V4_round01	MANUAL_EMERGENCY_WORK_20260820_FIRST_PASS_V4_round01	ox5000-c5cf348853a28d5a4697	remarkable	adjective	B2	BLOCKED		BLOCKED V4: Wiktionary candidate does not back-translate to the exact English lexical identity; method=en_wiktionary_matching_pos_uk_translation; exact Oxford definition='unusual or surprising in a way that causes people to take notice'; candidate='вида́тний'; reverse='visible'; lexical=0.353; candidate_definition_similarity=0.260; reverse_definition_similarity=0.349.
MANUAL_EMERGENCY_WORK_20260820_SECOND_PASS_V4_round01	MANUAL_EMERGENCY_WORK_20260820_FIRST_PASS_V4_round01	ox5000-7d9c7f501d331eeb13b1	remarkably	adverb	B2	BLOCKED		BLOCKED V4: surface MT candidate does not back-translate to the exact English lexical identity; method=Helsinki-NLP/opus-mt-en-uk_surface_candidate; exact Oxford definition='in a way that is unusual or surprising and causes people to take notice'; candidate='Дивовижно'; reverse='Amazing'; lexical=0.235; candidate_definition_similarity=0.312; reverse_definition_similarity=0.242.
MANUAL_EMERGENCY_WORK_20260820_SECOND_PASS_V4_round01	MANUAL_EMERGENCY_WORK_20260820_FIRST_PASS_V4_round01	ox5000-7a422dddafa973b3ef5b	remedy	noun	C1	BLOCKED		BLOCKED V4: surface MT candidate does not back-translate to the exact English lexical identity; method=Helsinki-NLP/opus-mt-en-uk_surface_candidate; exact Oxford definition='a way of dealing with or improving an unpleasant or difficult situation'; candidate='ліки'; reverse='medicine'; lexical=0.429; candidate_definition_similarity=0.332; reverse_definition_similarity=0.303.
MANUAL_EMERGENCY_WORK_20260820_SECOND_PASS_V4_round01	MANUAL_EMERGENCY_WORK_20260820_FIRST_PASS_V4_round01	ox5000-2d10dd4cc44f2dc69524	reminder	noun	C1	BLOCKED		BLOCKED V4: semantic role mismatch: Oxford definition requires person, reverse candidate looks generic; method=en_wiktionary_matching_pos_uk_translation; exact Oxford definition='something that makes you think about or remember somebody/something, that you have forgotten or would like to forget'; candidate='нага́д'; reverse='da·gadʹ'; lexical=0.143; candidate_definition_similarity=0.239; reverse_definition_similarity=0.151.
MANUAL_EMERGENCY_WORK_20260820_SECOND_PASS_V4_round01	MANUAL_EMERGENCY_WORK_20260820_FIRST_PASS_V4_round01	ox5000-b3b931657b2f20d42654	removal	noun	C1	BLOCKED		BLOCKED V4: semantic role mismatch: Oxford definition requires person, reverse candidate looks generic; method=Helsinki-NLP/opus-mt-en-uk_surface_candidate; exact Oxford definition='the act of taking somebody/something away from a particular place'; candidate='вилучення'; reverse='delete'; lexical=0.308; candidate_definition_similarity=0.346; reverse_definition_similarity=0.347.
MANUAL_EMERGENCY_WORK_20260820_SECOND_PASS_V4_round01	MANUAL_EMERGENCY_WORK_20260820_FIRST_PASS_V4_round01	ox5000-72494ae94d9b371b61d7	render	verb	C1	BLOCKED		BLOCKED V4: semantic role mismatch: Oxford definition requires person, reverse candidate looks generic; method=en_wiktionary_matching_pos_uk_translation; exact Oxford definition='to cause somebody/something to be in a particular state or condition'; candidate='відре́ндерити'; reverse='reproderts'; lexical=0.625; candidate_definition_similarity=0.315; reverse_definition_similarity=0.128.
MANUAL_EMERGENCY_WORK_20260820_SECOND_PASS_V4_round01	MANUAL_EMERGENCY_WORK_20260820_FIRST_PASS_V4_round01	ox5000-eb3cacd1e12c5acc5328	renew	verb	C1	BLOCKED		BLOCKED V4: Wiktionary candidate does not back-translate to the exact English lexical identity; method=en_wiktionary_matching_pos_uk_translation; exact Oxford definition='to begin something again after it stopped or was interrupted'; candidate='обно́влювати'; reverse='unoll'; lexical=0.200; candidate_definition_similarity=0.375; reverse_definition_similarity=0.284.
MANUAL_EMERGENCY_WORK_20260820_SECOND_PASS_V4_round01	MANUAL_EMERGENCY_WORK_20260820_FIRST_PASS_V4_round01	ox5000-de598a185376641994a0	renowned	adjective	C1	BLOCKED		BLOCKED V4: Wiktionary candidate does not back-translate to the exact English lexical identity; method=en_wiktionary_matching_pos_uk_translation; exact Oxford definition='famous and respected'; candidate='знаменитий'; reverse='famous'; lexical=0.143; candidate_definition_similarity=0.837; reverse_definition_similarity=0.848.
MANUAL_EMERGENCY_WORK_20260820_SECOND_PASS_V4_round01	MANUAL_EMERGENCY_WORK_20260820_FIRST_PASS_V4_round01	ox5000-c38154f0b0dc7bc68cca	rental	noun	C1	BLOCKED		BLOCKED V4: surface MT candidate does not back-translate to the exact English lexical identity; method=Helsinki-NLP/opus-mt-en-uk_surface_candidate; exact Oxford definition='the amount of money that you pay to use something for a particular period of time'; candidate='Оренда'; reverse='Rent'; lexical=1.000; candidate_definition_similarity=0.143; reverse_definition_similarity=0.168.
MANUAL_EMERGENCY_WORK_20260820_SECOND_PASS_V4_round01	MANUAL_EMERGENCY_WORK_20260820_FIRST_PASS_V4_round01	ox5000-51727a0baf0fdc68ff9c	replacement	noun	C1	BLOCKED		BLOCKED V4: semantic role mismatch: Oxford definition requires process, reverse candidate looks generic; method=en_wiktionary_matching_pos_uk_translation; exact Oxford definition='the act of replacing one thing with another, especially something that is newer or better'; candidate='замі́на'; reverse='Stork'; lexical=0.125; candidate_definition_similarity=0.261; reverse_definition_similarity=0.126.
MANUAL_EMERGENCY_WORK_20260820_SECOND_PASS_V4_round01	MANUAL_EMERGENCY_WORK_20260820_FIRST_PASS_V4_round01	ox5000-807618fb1ab06afab56f	reportedly	adverb	C1	BLOCKED		BLOCKED V4: surface MT candidate does not back-translate to the exact English lexical identity; method=Helsinki-NLP/opus-mt-en-uk_surface_candidate; exact Oxford definition='according to what some people say'; candidate='кажуть'; reverse='They say'; lexical=0.222; candidate_definition_similarity=0.694; reverse_definition_similarity=0.751.
MANUAL_EMERGENCY_WORK_20260820_SECOND_PASS_V4_round01	MANUAL_EMERGENCY_WORK_20260820_FIRST_PASS_V4_round01	ox5000-d551fb505cb60befe61d	reporting	noun	B2	PASS	звітування	PASS V4: concise lexical equivalent; method=Helsinki-NLP/opus-mt-en-uk_surface_candidate; exact Oxford definition='the presenting of and writing about news on television and radio, and in newspapers'; candidate='звітування'; reverse='reporting'; lexical=1.000; candidate_definition_similarity=0.552; reverse_definition_similarity=0.603; lexical-form/POS/role/source-grounded checks PASS.
MANUAL_EMERGENCY_WORK_20260820_SECOND_PASS_V4_round01	MANUAL_EMERGENCY_WORK_20260820_FIRST_PASS_V4_round01	ox5000-26aafd547d2b978fab33	representation	noun	C1	BLOCKED		BLOCKED V4: semantic role mismatch: Oxford definition requires person, reverse candidate looks process; method=Helsinki-NLP/opus-mt-en-uk_surface_candidate; exact Oxford definition='the act of presenting somebody/something in a particular way; something that shows or describes something'; candidate='представлення'; reverse='presentation'; lexical=1.000; candidate_definition_similarity=0.580; reverse_definition_similarity=0.534.
MANUAL_EMERGENCY_WORK_20260820_SECOND_PASS_V4_round01	MANUAL_EMERGENCY_WORK_20260820_FIRST_PASS_V4_round01	ox5000-c3bb081811e8ea86c41e	reproduce	verb	C1	BLOCKED		BLOCKED V4: verb candidate is not an appropriate Ukrainian infinitive/verb phrase; method=Helsinki-NLP/opus-mt-en-uk_surface_candidate; exact Oxford definition='to make a copy of a picture, piece of text, etc.'; candidate='відтворення'; reverse='playing'; lexical=0.125; candidate_definition_similarity=0.372; reverse_definition_similarity=0.037.
MANUAL_EMERGENCY_WORK_20260820_SECOND_PASS_V4_round01	MANUAL_EMERGENCY_WORK_20260820_FIRST_PASS_V4_round01	ox5000-6cefb270b02e3e99fea6	reproduction	noun	C1	BLOCKED		BLOCKED V4: Wiktionary candidate does not back-translate to the exact English lexical identity; method=en_wiktionary_matching_pos_uk_translation; exact Oxford definition='the act or process of producing babies, young animals or plants'; candidate='розмно́ження'; reverse='dithering'; lexical=0.286; candidate_definition_similarity=0.343; reverse_definition_similarity=0.221.
MANUAL_EMERGENCY_WORK_20260820_SECOND_PASS_V4_round01	MANUAL_EMERGENCY_WORK_20260820_FIRST_PASS_V4_round01	ox5000-471ca43ce42bd1eee79a	republic	noun	C1	PASS	Республіка	PASS V4: concise lexical equivalent; method=Helsinki-NLP/opus-mt-en-uk_surface_candidate; exact Oxford definition='a country that is governed by a president and politicians elected by the people and where there is no king or queen'; candidate='Республіка'; reverse='Republic'; lexical=1.000; candidate_definition_similarity=0.604; reverse_definition_similarity=0.627; lexical-form/POS/role/source-grounded checks PASS.
MANUAL_EMERGENCY_WORK_20260820_SECOND_PASS_V4_round01	MANUAL_EMERGENCY_WORK_20260820_FIRST_PASS_V4_round01	ox5000-e479fa4b3f34648974c8	resemble	verb	C1	BLOCKED		BLOCKED V4: parenthetical/model annotation contamination; method=en_wiktionary_matching_pos_uk_translation; exact Oxford definition='to look like or be similar to another person or thing'; candidate='бу́ти [[схожий'; reverse='boʹte [similar]'; lexical=0.095; candidate_definition_similarity=0.283; reverse_definition_similarity=0.351.
MANUAL_EMERGENCY_WORK_20260820_SECOND_PASS_V4_round01	MANUAL_EMERGENCY_WORK_20260820_FIRST_PASS_V4_round01	ox5000-3e450a4dbd3782654ccb	reside	verb	C1	BLOCKED		BLOCKED V4: Wiktionary candidate does not back-translate to the exact English lexical identity; method=en_wiktionary_matching_pos_uk_translation; exact Oxford definition='to live in a particular place'; candidate='ме́шкати'; reverse='Meshkats'; lexical=0.286; candidate_definition_similarity=0.236; reverse_definition_similarity=0.170.
MANUAL_EMERGENCY_WORK_20260820_SECOND_PASS_V4_round01	MANUAL_EMERGENCY_WORK_20260820_FIRST_PASS_V4_round01	ox5000-dc3467fb5f0849fdcdc4	residence	noun	C1	BLOCKED		BLOCKED V4: Wiktionary candidate does not back-translate to the exact English lexical identity; method=en_wiktionary_matching_pos_uk_translation; exact Oxford definition='a house, especially a large or impressive one'; candidate='житло́'; reverse='housing'; lexical=0.375; candidate_definition_similarity=0.634; reverse_definition_similarity=0.652.
MANUAL_EMERGENCY_WORK_20260820_SECOND_PASS_V4_round01	MANUAL_EMERGENCY_WORK_20260820_FIRST_PASS_V4_round01	ox5000-512b88682f546a2c0938	residential	adjective	C1	BLOCKED		BLOCKED V4: adjective candidate has no plausible Ukrainian adjective morphology; method=en_wiktionary_matching_pos_uk_translation; exact Oxford definition='suitable for living in; consisting of houses rather than factories or offices'; candidate='житлови́й'; reverse='Dwelling'; lexical=0.316; candidate_definition_similarity=0.524; reverse_definition_similarity=0.528.
MANUAL_EMERGENCY_WORK_20260820_SECOND_PASS_V4_round01	MANUAL_EMERGENCY_WORK_20260820_FIRST_PASS_V4_round01	ox5000-68db8de8e4fc890ab09c	residue	noun	C1	BLOCKED		BLOCKED V4: semantic role mismatch: Oxford definition requires process, reverse candidate looks generic; method=Helsinki-NLP/opus-mt-en-uk_surface_candidate; exact Oxford definition='a small amount of something that remains at the end of a process'; candidate='залишки'; reverse='remnants'; lexical=0.400; candidate_definition_similarity=0.523; reverse_definition_similarity=0.404.
MANUAL_EMERGENCY_WORK_20260820_SECOND_PASS_V4_round01	MANUAL_EMERGENCY_WORK_20260820_FIRST_PASS_V4_round01	ox5000-20a1f65811686513d9f4	resign	verb	B2	BLOCKED		BLOCKED V4: parenthetical/model annotation contamination; method=en_wiktionary_matching_pos_uk_translation; exact Oxford definition='to officially tell somebody that you are leaving your job, an organization, etc.'; candidate='піти́ у [[відставка'; reverse='go to [resistance]'; lexical=0.455; candidate_definition_similarity=0.219; reverse_definition_similarity=0.213.
MANUAL_EMERGENCY_WORK_20260820_SECOND_PASS_V4_round01	MANUAL_EMERGENCY_WORK_20260820_FIRST_PASS_V4_round01	ox5000-ec47378a07e16683b704	resignation	noun	C1	BLOCKED		BLOCKED V4: semantic role mismatch: Oxford definition requires process, reverse candidate looks state; method=en_wiktionary_matching_pos_uk_translation; exact Oxford definition='the act of giving up your job or position; the occasion when you do this'; candidate='відста́вка'; reverse='restlessness'; lexical=0.348; candidate_definition_similarity=0.269; reverse_definition_similarity=0.199.
MANUAL_EMERGENCY_WORK_20260820_SECOND_PASS_V4_round01	MANUAL_EMERGENCY_WORK_20260820_FIRST_PASS_V4_round01	ox5000-1ab91c8bb657fca97c46	resistance	noun	C1	BLOCKED		BLOCKED V4: semantic role mismatch: Oxford definition requires process, reverse candidate looks generic; method=en_wiktionary_matching_pos_uk_translation; exact Oxford definition='dislike of or opposition to a plan, an idea, etc.; the act of refusing to obey'; candidate='спро́тив'; reverse='counterprotox'; lexical=0.174; candidate_definition_similarity=0.301; reverse_definition_similarity=0.119.
MANUAL_EMERGENCY_WORK_20260820_SECOND_PASS_V4_round01	MANUAL_EMERGENCY_WORK_20260820_FIRST_PASS_V4_round01	ox5000-41515350cf5b0dac18c0	resolution	noun	B2	BLOCKED		BLOCKED V4: Wiktionary candidate does not back-translate to the exact English lexical identity; method=en_wiktionary_matching_pos_uk_translation; exact Oxford definition='a definite decision to do or not to do something'; candidate='тве́рдість'; reverse='Your sense of humor.'; lexical=0.414; candidate_definition_similarity=0.247; reverse_definition_similarity=0.149.
MANUAL_EMERGENCY_WORK_20260820_SECOND_PASS_V4_round01	MANUAL_EMERGENCY_WORK_20260820_FIRST_PASS_V4_round01	ox5000-0025be25ef16855099a4	respective	adjective	C1	BLOCKED		BLOCKED V4: Wiktionary candidate does not back-translate to the exact English lexical identity; method=en_wiktionary_matching_pos_uk_translation; exact Oxford definition='belonging or relating separately to each of the people or things already mentioned'; candidate='відпові́дний'; reverse='reply'; lexical=0.400; candidate_definition_similarity=0.374; reverse_definition_similarity=0.334.
MANUAL_EMERGENCY_WORK_20260820_SECOND_PASS_V4_round01	MANUAL_EMERGENCY_WORK_20260820_FIRST_PASS_V4_round01	ox5000-9728d53a61a5aee10a0f	respectively	adverb	C1	BLOCKED		BLOCKED V4: multiword adverb candidate is not an adverbial phrase; method=en_wiktionary_matching_pos_uk_translation; exact Oxford definition='in the same order as the people or things already mentioned'; candidate='відпові́дно'; reverse='reply'; lexical=0.588; candidate_definition_similarity=0.451; reverse_definition_similarity=0.378.
MANUAL_EMERGENCY_WORK_20260820_SECOND_PASS_V4_round01	MANUAL_EMERGENCY_WORK_20260820_FIRST_PASS_V4_round01	ox5000-50e11205519ecec5b407	restoration	noun	C1	PASS	реставра́ція	PASS V4: concise lexical equivalent; method=en_wiktionary_matching_pos_uk_translation; exact Oxford definition='the work of repairing and cleaning an old building, a painting, etc. so that its condition is as good as it originally was'; candidate='реставра́ція'; reverse='Restoration'; lexical=1.000; candidate_definition_similarity=0.534; reverse_definition_similarity=0.489; lexical-form/POS/role/source-grounded checks PASS.
MANUAL_EMERGENCY_WORK_20260820_SECOND_PASS_V4_round01	MANUAL_EMERGENCY_WORK_20260820_FIRST_PASS_V4_round01	ox5000-5d20149d99ee9637e163	restore	verb	B2	PASS	відновля́ти	PASS V4: concise lexical equivalent; method=en_wiktionary_matching_pos_uk_translation; exact Oxford definition='to bring back a situation or feeling that existed before'; candidate='відновля́ти'; reverse='restore'; lexical=1.000; candidate_definition_similarity=0.543; reverse_definition_similarity=0.501; lexical-form/POS/role/source-grounded checks PASS.
MANUAL_EMERGENCY_WORK_20260820_SECOND_PASS_V4_round01	MANUAL_EMERGENCY_WORK_20260820_FIRST_PASS_V4_round01	ox5000-0670fb24df06e519b69b	restraint	noun	C1	BLOCKED		BLOCKED V4: surface MT candidate lacks two-sided exact-definition support; method=Helsinki-NLP/opus-mt-en-uk_surface_candidate; exact Oxford definition='a rule, a fact, an idea, etc. that limits or controls what people can do'; candidate='стриманість'; reverse='restraint'; lexical=1.000; candidate_definition_similarity=0.359; reverse_definition_similarity=0.290.
MANUAL_EMERGENCY_WORK_20260820_SECOND_PASS_V4_round01	MANUAL_EMERGENCY_WORK_20260820_FIRST_PASS_V4_round01	ox5000-91db5baf228ad1faa80b	restrict	verb	B2	BLOCKED		BLOCKED V4: Wiktionary candidate does not back-translate to the exact English lexical identity; method=en_wiktionary_matching_pos_uk_translation; exact Oxford definition='to limit the size, amount or range of something'; candidate='обмежо́вувати'; reverse='limit'; lexical=0.154; candidate_definition_similarity=0.545; reverse_definition_similarity=0.594.
MANUAL_EMERGENCY_WORK_20260820_SECOND_PASS_V4_round01	MANUAL_EMERGENCY_WORK_20260820_FIRST_PASS_V4_round01	ox5000-dfcb6fb371da1f235512	restriction	noun	B2	BLOCKED		BLOCKED V4: Wiktionary candidate does not back-translate to the exact English lexical identity; method=en_wiktionary_matching_pos_uk_translation; exact Oxford definition='a rule or law that limits what you can do or what can happen'; candidate='обме́ження'; reverse='Limitation'; lexical=0.476; candidate_definition_similarity=0.350; reverse_definition_similarity=0.478.
MANUAL_EMERGENCY_WORK_20260820_SECOND_PASS_V4_round01	MANUAL_EMERGENCY_WORK_20260820_FIRST_PASS_V4_round01	ox5000-889a381eef3e62e7724c	resume	verb	C1	BLOCKED		BLOCKED V4: candidate is not predominantly Ukrainian; method=Helsinki-NLP/opus-mt-en-uk_surface_candidate; exact Oxford definition='if you resume an activity, or if it resumes , it begins again or continues after being interrupted'; candidate='refresh'; reverse='refresh'; lexical=0.462; candidate_definition_similarity=0.445; reverse_definition_similarity=0.445.
MANUAL_EMERGENCY_WORK_20260820_SECOND_PASS_V4_round01	MANUAL_EMERGENCY_WORK_20260820_FIRST_PASS_V4_round01	ox5000-4624f0a076289b652979	retail	noun	B2	BLOCKED		BLOCKED V4: Wiktionary candidate does not back-translate to the exact English lexical identity; method=en_wiktionary_matching_pos_uk_translation; exact Oxford definition='the selling of goods to the public, usually through shops'; candidate='ро́здріб'; reverse='toil'; lexical=0.600; candidate_definition_similarity=0.173; reverse_definition_similarity=0.195.
MANUAL_EMERGENCY_WORK_20260820_SECOND_PASS_V4_round01	MANUAL_EMERGENCY_WORK_20260820_FIRST_PASS_V4_round01	ox5000-696955c5f883270a9d0c	retirement	noun	B2	PASS	вихід на пенсію	PASS V4: concise lexical equivalent; method=Helsinki-NLP/opus-mt-en-uk_surface_candidate; exact Oxford definition='the fact of leaving your job and stopping work, usually because you have reached a particular age; the time when you do this'; candidate='вихід на пенсію'; reverse='retirement'; lexical=1.000; candidate_definition_similarity=0.567; reverse_definition_similarity=0.476; lexical-form/POS/role/source-grounded checks PASS.
MANUAL_EMERGENCY_WORK_20260820_SECOND_PASS_V4_round01	MANUAL_EMERGENCY_WORK_20260820_FIRST_PASS_V4_round01	ox5000-3e9d83fd1c7fb3445500	retreat	noun	C1	BLOCKED		BLOCKED V4: noun candidate is an infinitive/verb form; method=en_wiktionary_matching_pos_uk_translation; exact Oxford definition='a movement away from a place or an enemy because of danger or defeat'; candidate='відступа́ти'; reverse='Instinct'; lexical=0.267; candidate_definition_similarity=0.575; reverse_definition_similarity=0.441.
MANUAL_EMERGENCY_WORK_20260820_SECOND_PASS_V4_round01	MANUAL_EMERGENCY_WORK_20260820_FIRST_PASS_V4_round01	ox5000-8e4c7fdab2a371068a91	retreat	verb	C1	BLOCKED		BLOCKED V4: semantic role mismatch: Oxford definition requires place, reverse candidate looks generic; method=en_wiktionary_matching_pos_uk_translation; exact Oxford definition='to move away from a place or an enemy because you are in danger or because you have been defeated'; candidate='відступа́ти'; reverse='Instinct'; lexical=0.267; candidate_definition_similarity=0.537; reverse_definition_similarity=0.295.
MANUAL_EMERGENCY_WORK_20260820_SECOND_PASS_V4_round01	MANUAL_EMERGENCY_WORK_20260820_FIRST_PASS_V4_round01	ox5000-1d1c7f32d3feeeaa1f7b	retrieve	verb	C1	BLOCKED		BLOCKED V4: semantic role mismatch: Oxford definition requires place, reverse candidate looks generic; method=en_wiktionary_matching_pos_uk_translation; exact Oxford definition='to bring or get something back, especially from a place where it should not be'; candidate='відновлювати'; reverse='restore'; lexical=0.667; candidate_definition_similarity=0.446; reverse_definition_similarity=0.418.
MANUAL_EMERGENCY_WORK_20260820_SECOND_PASS_V4_round01	MANUAL_EMERGENCY_WORK_20260820_FIRST_PASS_V4_round01	ox5000-e5c257cc77ac4a08ef80	revelation	noun	C1	BLOCKED		BLOCKED V4: Wiktionary candidate does not back-translate to the exact English lexical identity; method=en_wiktionary_matching_pos_uk_translation; exact Oxford definition='a fact that people are made aware of, especially one that has been secret and is surprising'; candidate='одкрове́ння'; reverse='revelations'; lexical=1.000; candidate_definition_similarity=0.365; reverse_definition_similarity=0.443.
MANUAL_EMERGENCY_WORK_20260820_SECOND_PASS_V4_round01	MANUAL_EMERGENCY_WORK_20260820_FIRST_PASS_V4_round01	ox5000-403a262123ef7179b6c7	revenge	noun	C1	BLOCKED		BLOCKED V4: semantic role mismatch: Oxford definition requires person, reverse candidate looks generic; method=en_wiktionary_matching_pos_uk_translation; exact Oxford definition='something that you do in order to make somebody suffer because they have made you suffer'; candidate='по́мста'; reverse='pomsta'; lexical=0.000; candidate_definition_similarity=0.230; reverse_definition_similarity=0.188.
MANUAL_EMERGENCY_WORK_20260820_SECOND_PASS_V4_round01	MANUAL_EMERGENCY_WORK_20260820_FIRST_PASS_V4_round01	ox5000-a3bdd3de0b78cccadf30	revenue	noun	B2	BLOCKED		BLOCKED V4: Wiktionary candidate does not back-translate to the exact English lexical identity; method=en_wiktionary_matching_pos_uk_translation; exact Oxford definition='the money that a government receives from taxes or that an organization, etc. receives from its business'; candidate='прибу́ток'; reverse='Arrival'; lexical=0.286; candidate_definition_similarity=0.047; reverse_definition_similarity=0.074.
MANUAL_EMERGENCY_WORK_20260820_SECOND_PASS_V4_round01	MANUAL_EMERGENCY_WORK_20260820_FIRST_PASS_V4_round01	ox5000-d9e41e62104e2e2c56ee	reverse	adjective	C1	BLOCKED		BLOCKED V4: surface MT candidate lacks two-sided exact-definition support; method=Helsinki-NLP/opus-mt-en-uk_surface_candidate; exact Oxford definition='opposite to what has been mentioned'; candidate='Зворотний'; reverse='Reverse'; lexical=1.000; candidate_definition_similarity=0.500; reverse_definition_similarity=0.390.
MANUAL_EMERGENCY_WORK_20260820_SECOND_PASS_V4_round01	MANUAL_EMERGENCY_WORK_20260820_FIRST_PASS_V4_round01	ox5000-5c13445451c35b3fdf6e	reverse	noun	C1	BLOCKED		BLOCKED V4: surface MT candidate lacks two-sided exact-definition support; method=Helsinki-NLP/opus-mt-en-uk_surface_candidate; exact Oxford definition='the opposite of what has just been mentioned'; candidate='Зворотний'; reverse='Reverse'; lexical=1.000; candidate_definition_similarity=0.494; reverse_definition_similarity=0.364.
MANUAL_EMERGENCY_WORK_20260820_SECOND_PASS_V4_round01	MANUAL_EMERGENCY_WORK_20260820_FIRST_PASS_V4_round01	ox5000-09672226d1b64a0b6aa3	reverse	verb	C1	BLOCKED		BLOCKED V4: Wiktionary candidate does not back-translate to the exact English lexical identity; method=en_wiktionary_matching_pos_uk_translation; exact Oxford definition='to change something completely so that it is the opposite of what it was before'; candidate='касува́ти'; reverse='kasua·tas'; lexical=0.125; candidate_definition_similarity=0.154; reverse_definition_similarity=0.053.
MANUAL_EMERGENCY_WORK_20260820_SECOND_PASS_V4_round01	MANUAL_EMERGENCY_WORK_20260820_FIRST_PASS_V4_round01	ox5000-2c5234bac76339e1dcfd	revision	noun	B2	PASS	модифікація	PASS V4: concise lexical equivalent; method=Helsinki-NLP/opus-mt-en-uk_surface_candidate; exact Oxford definition='a change or set of changes to something'; candidate='модифікація'; reverse='revision'; lexical=1.000; candidate_definition_similarity=0.598; reverse_definition_similarity=0.540; lexical-form/POS/role/source-grounded checks PASS.
MANUAL_EMERGENCY_WORK_20260820_SECOND_PASS_V4_round01	MANUAL_EMERGENCY_WORK_20260820_FIRST_PASS_V4_round01	ox5000-5b2ae027f51366bee7c7	revival	noun	C1	BLOCKED		BLOCKED V4: semantic role mismatch: Oxford definition requires state, reverse candidate looks process; method=Helsinki-NLP/opus-mt-en-uk_surface_candidate; exact Oxford definition='an improvement in the condition or strength of something'; candidate='Відновлення'; reverse='Restoration'; lexical=0.333; candidate_definition_similarity=0.351; reverse_definition_similarity=0.310.
MANUAL_EMERGENCY_WORK_20260820_SECOND_PASS_V4_round01	MANUAL_EMERGENCY_WORK_20260820_FIRST_PASS_V4_round01	ox5000-9bd54337e6ebc0e55b60	revive	verb	C1	BLOCKED		BLOCKED V4: verb candidate is not an appropriate Ukrainian infinitive/verb phrase; method=Helsinki-NLP/opus-mt-en-uk_surface_candidate; exact Oxford definition='to become, or to make somebody/something become, conscious or healthy and strong again'; candidate='відновлення'; reverse='restore'; lexical=0.462; candidate_definition_similarity=0.303; reverse_definition_similarity=0.303.
MANUAL_EMERGENCY_WORK_20260820_SECOND_PASS_V4_round01	MANUAL_EMERGENCY_WORK_20260820_FIRST_PASS_V4_round01	ox5000-aaf930aa90cdde500437	revolutionary	adjective	C1	PASS	революційний	PASS V4: concise lexical equivalent; method=Helsinki-NLP/opus-mt-en-uk_surface_candidate; exact Oxford definition='connected with political revolution'; candidate='революційний'; reverse='revolutionary'; lexical=1.000; candidate_definition_similarity=0.827; reverse_definition_similarity=0.765; lexical-form/POS/role/source-grounded checks PASS.
MANUAL_EMERGENCY_WORK_20260820_SECOND_PASS_V4_round01	MANUAL_EMERGENCY_WORK_20260820_FIRST_PASS_V4_round01	ox5000-254ebaaf358609011d07	rhetoric	noun	C1	PASS	риторика	PASS V4: concise lexical equivalent; method=Helsinki-NLP/opus-mt-en-uk_surface_candidate; exact Oxford definition='speech or writing that is intended to influence people, but that is not completely honest or sincere'; candidate='риторика'; reverse='rhetoric'; lexical=1.000; candidate_definition_similarity=0.545; reverse_definition_similarity=0.551; lexical-form/POS/role/source-grounded checks PASS.
MANUAL_EMERGENCY_WORK_20260820_SECOND_PASS_V4_round01	MANUAL_EMERGENCY_WORK_20260820_FIRST_PASS_V4_round01	ox5000-973224264c14dee0ed22	ridiculous	adjective	B2	PASS	безглузда	PASS V4: concise lexical equivalent; method=Helsinki-NLP/opus-mt-en-uk_surface_candidate; exact Oxford definition='very silly or unreasonable'; candidate='безглузда'; reverse='This is ridiculous.'; lexical=1.000; candidate_definition_similarity=0.656; reverse_definition_similarity=0.535; lexical-form/POS/role/source-grounded checks PASS.
MANUAL_EMERGENCY_WORK_20260820_SECOND_PASS_V4_round01	MANUAL_EMERGENCY_WORK_20260820_FIRST_PASS_V4_round01	ox5000-40b2c9b77830c900da18	rifle	noun	C1	BLOCKED		BLOCKED V4: Wiktionary lexical candidate lacks two-sided exact-definition support; method=en_wiktionary_matching_pos_uk_translation; exact Oxford definition='a gun with a long barrel which you hold to your shoulder to fire'; candidate='гвинті́вка'; reverse='rifle'; lexical=1.000; candidate_definition_similarity=0.345; reverse_definition_similarity=0.776.
MANUAL_EMERGENCY_WORK_20260820_SECOND_PASS_V4_round01	MANUAL_EMERGENCY_WORK_20260820_FIRST_PASS_V4_round01	ox5000-43dead8e818487401b8c	riot	noun	C1	BLOCKED		BLOCKED V4: Wiktionary candidate does not back-translate to the exact English lexical identity; method=en_wiktionary_matching_pos_uk_translation; exact Oxford definition='a situation in which a group of people behave in a violent way in a public place, often as a protest'; candidate='бунт'; reverse='rebellion'; lexical=0.462; candidate_definition_similarity=0.642; reverse_definition_similarity=0.619.
MANUAL_EMERGENCY_WORK_20260820_SECOND_PASS_V4_round01	MANUAL_EMERGENCY_WORK_20260820_FIRST_PASS_V4_round01	ox5000-cea8cee4e720619285f1	rip	verb	C1	BLOCKED		BLOCKED V4: verb candidate is not an appropriate Ukrainian infinitive/verb phrase; method=Helsinki-NLP/opus-mt-en-uk_surface_candidate; exact Oxford definition='to tear something or to become torn, often suddenly or violently'; candidate='видирання'; reverse='ripping'; lexical=1.000; candidate_definition_similarity=0.407; reverse_definition_similarity=0.546.
MANUAL_EMERGENCY_WORK_20260820_SECOND_PASS_V4_round01	MANUAL_EMERGENCY_WORK_20260820_FIRST_PASS_V4_round01	ox5000-0a7089aeca671246d9d4	risky	adjective	B2	BLOCKED		BLOCKED V4: adjective candidate has no plausible Ukrainian adjective morphology; method=Helsinki-NLP/opus-mt-en-uk_surface_candidate; exact Oxford definition='involving the possibility of something bad happening'; candidate='ризиковано'; reverse='risky'; lexical=1.000; candidate_definition_similarity=0.574; reverse_definition_similarity=0.524.
MANUAL_EMERGENCY_WORK_20260820_SECOND_PASS_V4_round01	MANUAL_EMERGENCY_WORK_20260820_FIRST_PASS_V4_round01	ox5000-623d5a0eb34670f915a1	ritual	noun	C1	PASS	ритуал	PASS V4: concise lexical equivalent; method=Helsinki-NLP/opus-mt-en-uk_surface_candidate; exact Oxford definition='a series of actions that are always performed in the same way, especially as part of a religious ceremony'; candidate='ритуал'; reverse='ritual'; lexical=1.000; candidate_definition_similarity=0.651; reverse_definition_similarity=0.638; lexical-form/POS/role/source-grounded checks PASS.
MANUAL_EMERGENCY_WORK_20260820_SECOND_PASS_V4_round01	MANUAL_EMERGENCY_WORK_20260820_FIRST_PASS_V4_round01	ox5000-0c88c4e63156b3a83e3b	rival	adjective	B2	BLOCKED		BLOCKED V4: adjective candidate has no plausible Ukrainian adjective morphology; method=Helsinki-NLP/opus-mt-en-uk_surface_candidate; exact Oxford definition='competing with another person, company, thing, etc.'; candidate='суперник'; reverse='opponent'; lexical=0.000; candidate_definition_similarity=0.436; reverse_definition_similarity=0.569.
MANUAL_EMERGENCY_WORK_20260820_SECOND_PASS_V4_round01	MANUAL_EMERGENCY_WORK_20260820_FIRST_PASS_V4_round01	ox5000-dac23ee9598106867c47	rival	noun	B2	BLOCKED		BLOCKED V4: noun candidate is verbal; method=en_wiktionary_matching_pos_uk_translation; exact Oxford definition='a person, company or thing that competes with another in sport, business, etc.'; candidate='проти́вник'; reverse='resister'; lexical=0.308; candidate_definition_similarity=0.210; reverse_definition_similarity=0.234.
MANUAL_EMERGENCY_WORK_20260820_SECOND_PASS_V4_round01	MANUAL_EMERGENCY_WORK_20260820_FIRST_PASS_V4_round01	ox5000-500fd17c9e36773f7ba3	rob	verb	B2	BLOCKED		BLOCKED V4: semantic role mismatch: Oxford definition requires person, reverse candidate looks process; method=en_wiktionary_matching_pos_uk_translation; exact Oxford definition='to steal money or property from a person or place'; candidate='грабува́ти'; reverse='looting'; lexical=0.200; candidate_definition_similarity=0.214; reverse_definition_similarity=0.670.
MANUAL_EMERGENCY_WORK_20260820_SECOND_PASS_V4_round01	MANUAL_EMERGENCY_WORK_20260820_FIRST_PASS_V4_round01	ox5000-c9990220c195a3899e7d	robbery	noun	B2	PASS	грабі́жка	PASS V4: concise lexical equivalent; method=en_wiktionary_matching_pos_uk_translation; exact Oxford definition='the crime of stealing money or goods from a bank, shop, person, etc., especially using violence or threats'; candidate='грабі́жка'; reverse='Robbery'; lexical=1.000; candidate_definition_similarity=0.541; reverse_definition_similarity=0.650; lexical-form/POS/role/source-grounded checks PASS.
MANUAL_EMERGENCY_WORK_20260820_SECOND_PASS_V4_round01	MANUAL_EMERGENCY_WORK_20260820_FIRST_PASS_V4_round01	ox5000-f11435c18693f1833847	robust	adjective	C1	BLOCKED		BLOCKED V4: Wiktionary candidate does not back-translate to the exact English lexical identity; method=en_wiktionary_matching_pos_uk_translation; exact Oxford definition='strong and healthy'; candidate='крі́пкий'; reverse='cryy'; lexical=0.200; candidate_definition_similarity=0.350; reverse_definition_similarity=0.205.
MANUAL_EMERGENCY_WORK_20260820_SECOND_PASS_V4_round01	MANUAL_EMERGENCY_WORK_20260820_FIRST_PASS_V4_round01	ox5000-d4fc02188ccee21bdd73	rock	verb	C1	BLOCKED		BLOCKED V4: verb candidate is not an appropriate Ukrainian infinitive/verb phrase; method=Helsinki-NLP/opus-mt-en-uk_surface_candidate; exact Oxford definition='to move gently backwards and forwards or from side to side; to make somebody/something move in this way'; candidate='рок'; reverse='rock'; lexical=1.000; candidate_definition_similarity=0.344; reverse_definition_similarity=0.223.
MANUAL_EMERGENCY_WORK_20260820_SECOND_PASS_V4_round01	MANUAL_EMERGENCY_WORK_20260820_FIRST_PASS_V4_round01	ox5000-b7960accb9da1a3abf6f	rocket	noun	B2	BLOCKED		BLOCKED V4: Wiktionary candidate does not back-translate to the exact English lexical identity; method=en_wiktionary_matching_pos_uk_translation; exact Oxford definition='a spacecraft in the shape of a tube that is driven by a stream of gases let out behind it when fuel is burned inside'; candidate='раке́та'; reverse='smithetha'; lexical=0.267; candidate_definition_similarity=0.199; reverse_definition_similarity=0.197.
MANUAL_EMERGENCY_WORK_20260820_SECOND_PASS_V4_round01	MANUAL_EMERGENCY_WORK_20260820_FIRST_PASS_V4_round01	ox5000-385bd6859d1f5cd67083	rod	noun	C1	BLOCKED		BLOCKED V4: Wiktionary candidate does not back-translate to the exact English lexical identity; method=en_wiktionary_matching_pos_uk_translation; exact Oxford definition='a long straight piece of wood, metal or glass'; candidate='стри́жень'; reverse='instruments'; lexical=0.143; candidate_definition_similarity=0.319; reverse_definition_similarity=0.363.
MANUAL_EMERGENCY_WORK_20260820_SECOND_PASS_V4_round01	MANUAL_EMERGENCY_WORK_20260820_FIRST_PASS_V4_round01	ox5000-c23aaa4d8bcbe8a32faf	romance	noun	B2	BLOCKED		BLOCKED V4: semantic role mismatch: Oxford definition requires person, reverse candidate looks generic; method=en_wiktionary_matching_pos_uk_translation; exact Oxford definition='an exciting, usually short, relationship between two people who are in love with each other'; candidate='рома́н'; reverse='rhom·mahʹ'; lexical=0.533; candidate_definition_similarity=0.227; reverse_definition_similarity=0.105.
MANUAL_EMERGENCY_WORK_20260820_SECOND_PASS_V4_round01	MANUAL_EMERGENCY_WORK_20260820_FIRST_PASS_V4_round01	ox5000-1208715b598e0fba7b74	rose	noun	B2	PASS	троянда	PASS V4: concise lexical equivalent; method=Helsinki-NLP/opus-mt-en-uk_surface_candidate; exact Oxford definition='a flower with a sweet smell that grows on a bush with thorns (= sharp points) on its stems'; candidate='троянда'; reverse='rose'; lexical=1.000; candidate_definition_similarity=0.587; reverse_definition_similarity=0.480; lexical-form/POS/role/source-grounded checks PASS.
MANUAL_EMERGENCY_WORK_20260820_SECOND_PASS_V4_round01	MANUAL_EMERGENCY_WORK_20260820_FIRST_PASS_V4_round01	ox5000-abc7d4c542db8e757daf	rotate	verb	C1	PASS	обернути	PASS V4: concise lexical equivalent; method=Helsinki-NLP/opus-mt-en-uk_surface_candidate; exact Oxford definition='to move or turn around a central fixed point; to make something do this'; candidate='обернути'; reverse='rotate'; lexical=1.000; candidate_definition_similarity=0.432; reverse_definition_similarity=0.537; lexical-form/POS/role/source-grounded checks PASS.
MANUAL_EMERGENCY_WORK_20260820_SECOND_PASS_V4_round01	MANUAL_EMERGENCY_WORK_20260820_FIRST_PASS_V4_round01	ox5000-2b30e3f36e7293f6ded9	rotation	noun	C1	PASS	Обертання	PASS V4: concise lexical equivalent; method=Helsinki-NLP/opus-mt-en-uk_surface_candidate; exact Oxford definition='the action of an object moving in a circle around a central fixed point'; candidate='Обертання'; reverse='Rotation'; lexical=1.000; candidate_definition_similarity=0.562; reverse_definition_similarity=0.513; lexical-form/POS/role/source-grounded checks PASS.
MANUAL_EMERGENCY_WORK_20260820_SECOND_PASS_V4_round01	MANUAL_EMERGENCY_WORK_20260820_FIRST_PASS_V4_round01	ox5000-2843cad9aa08f31a5848	roughly	adverb	B2	PASS	приблизно	PASS V4: concise lexical equivalent; method=Helsinki-NLP/opus-mt-en-uk_surface_candidate; exact Oxford definition='approximately but not exactly'; candidate='приблизно'; reverse='roughly'; lexical=1.000; candidate_definition_similarity=0.553; reverse_definition_similarity=0.675; lexical-form/POS/role/source-grounded checks PASS.
MANUAL_EMERGENCY_WORK_20260820_SECOND_PASS_V4_round01	MANUAL_EMERGENCY_WORK_20260820_FIRST_PASS_V4_round01	ox5000-c6d01d673c9b956fb8b7	ruin	noun	B2	BLOCKED		BLOCKED V4: semantic role mismatch: Oxford definition requires process, reverse candidate looks generic; method=en_wiktionary_matching_pos_uk_translation; exact Oxford definition='the state or process of being destroyed or severely damaged'; candidate='руї́на'; reverse='ruina'; lexical=1.000; candidate_definition_similarity=0.338; reverse_definition_similarity=0.442.
MANUAL_EMERGENCY_WORK_20260820_SECOND_PASS_V4_round01	MANUAL_EMERGENCY_WORK_20260820_FIRST_PASS_V4_round01	ox5000-5df5cb77ae1681072483	ruin	verb	B2	BLOCKED		BLOCKED V4: Wiktionary candidate does not back-translate to the exact English lexical identity; method=en_wiktionary_matching_pos_uk_translation; exact Oxford definition='to damage something so badly that it loses all its value, pleasure, etc.'; candidate='зни́щувати'; reverse='to destroy'; lexical=0.143; candidate_definition_similarity=0.362; reverse_definition_similarity=0.562.
MANUAL_EMERGENCY_WORK_20260820_SECOND_PASS_V4_round01	MANUAL_EMERGENCY_WORK_20260820_FIRST_PASS_V4_round01	ox5000-864bba3e87bfdad57702	ruling	noun	C1	BLOCKED		BLOCKED V4: candidate is not predominantly Ukrainian; method=Helsinki-NLP/opus-mt-en-uk_surface_candidate; exact Oxford definition='an official decision made by somebody in a position of authority, especially a judge'; candidate='rule'; reverse='rule'; lexical=0.600; candidate_definition_similarity=0.504; reverse_definition_similarity=0.504.
MANUAL_EMERGENCY_WORK_20260820_SECOND_PASS_V4_round01	MANUAL_EMERGENCY_WORK_20260820_FIRST_PASS_V4_round01	ox5000-4236cda79c17e2e2fd1c	rumour	noun	C1	BLOCKED		BLOCKED V4: semantic role mismatch: Oxford definition requires object, reverse candidate looks generic; method=Helsinki-NLP/opus-mt-en-uk_surface_candidate; exact Oxford definition='a piece of information, or a story, that people talk about, but that may not be true'; candidate='слухи'; reverse='Hearings'; lexical=0.143; candidate_definition_similarity=0.474; reverse_definition_similarity=0.210.
MANUAL_EMERGENCY_WORK_20260820_SECOND_PASS_V4_round01	MANUAL_EMERGENCY_WORK_20260820_FIRST_PASS_V4_round01	ox5000-8d27293d75e4127e70d3	sack	verb	C1	BLOCKED		BLOCKED V4: verb candidate is not an appropriate Ukrainian infinitive/verb phrase; method=Helsinki-NLP/opus-mt-en-uk_surface_candidate; exact Oxford definition='to dismiss somebody from a job'; candidate='мішок'; reverse='bag'; lexical=0.286; candidate_definition_similarity=0.155; reverse_definition_similarity=0.115.
MANUAL_EMERGENCY_WORK_20260820_SECOND_PASS_V4_round01	MANUAL_EMERGENCY_WORK_20260820_FIRST_PASS_V4_round01	ox5000-4aa0b479680b11e1787d	sacred	adjective	C1	PASS	Священний	PASS V4: concise lexical equivalent; method=Helsinki-NLP/opus-mt-en-uk_surface_candidate; exact Oxford definition='connected with God or a god; considered to be holy'; candidate='Священний'; reverse='Sacred'; lexical=1.000; candidate_definition_similarity=0.601; reverse_definition_similarity=0.624; lexical-form/POS/role/source-grounded checks PASS.
MANUAL_EMERGENCY_WORK_20260820_SECOND_PASS_V4_round01	MANUAL_EMERGENCY_WORK_20260820_FIRST_PASS_V4_round01	ox5000-db446976af899b0bf839	sacrifice	noun	C1	BLOCKED		BLOCKED V4: Wiktionary candidate does not back-translate to the exact English lexical identity; method=en_wiktionary_matching_pos_uk_translation; exact Oxford definition='the fact of giving up something important or valuable to you in order to get or do something that seems more important; something that you give up in this way'; candidate='жертвоприне́сення'; reverse='Sacrifices of Relations'; lexical=1.000; candidate_definition_similarity=0.544; reverse_definition_similarity=0.457.
MANUAL_EMERGENCY_WORK_20260820_SECOND_PASS_V4_round01	MANUAL_EMERGENCY_WORK_20260820_FIRST_PASS_V4_round01	ox5000-bb788d95f9d070364e6e	sacrifice	verb	C1	BLOCKED		BLOCKED V4: Wiktionary candidate does not back-translate to the exact English lexical identity; method=en_wiktionary_matching_pos_uk_translation; exact Oxford definition='to give up something that is important or valuable to you in order to get or do something that seems more important for yourself or for another person'; candidate='же́ртвувати'; reverse='bier'; lexical=0.154; candidate_definition_similarity=0.322; reverse_definition_similarity=0.033.
MANUAL_EMERGENCY_WORK_20260820_SECOND_PASS_V4_round01	MANUAL_EMERGENCY_WORK_20260820_FIRST_PASS_V4_round01	ox5000-d497fd9a71970e5fe295	saint	noun	C1	BLOCKED		BLOCKED V4: noun candidate is verbal; method=en_wiktionary_matching_pos_uk_translation; exact Oxford definition='a person that the Christian Church recognizes as being very holy, because of the way they have lived or died'; candidate='святи́й'; reverse='Holy'; lexical=0.000; candidate_definition_similarity=0.319; reverse_definition_similarity=0.626.
MANUAL_EMERGENCY_WORK_20260820_SECOND_PASS_V4_round01	MANUAL_EMERGENCY_WORK_20260820_FIRST_PASS_V4_round01	ox5000-0417d4afb8b747832299	sake	noun	C1	BLOCKED		BLOCKED V4: Wiktionary candidate does not back-translate to the exact English lexical identity; method=en_wiktionary_matching_pos_uk_translation; exact Oxford definition='used to emphasize that it is important to do something or when you are annoyed about something'; candidate='користь'; reverse='benefit'; lexical=0.182; candidate_definition_similarity=0.394; reverse_definition_similarity=0.180.
MANUAL_EMERGENCY_WORK_20260820_SECOND_PASS_V4_round01	MANUAL_EMERGENCY_WORK_20260820_FIRST_PASS_V4_round01	ox5000-6ae77755b68bdc591694	sanction	noun	C1	BLOCKED		BLOCKED V4: Wiktionary candidate does not back-translate to the exact English lexical identity; method=en_wiktionary_matching_pos_uk_translation; exact Oxford definition='an official order that limits trade, contact, etc. with a particular country, in order to make it do something, such as obeying international law'; candidate='са́нкція'; reverse='insinuation'; lexical=0.632; candidate_definition_similarity=0.189; reverse_definition_similarity=0.127.
MANUAL_EMERGENCY_WORK_20260820_SECOND_PASS_V4_round01	MANUAL_EMERGENCY_WORK_20260820_FIRST_PASS_V4_round01	ox5000-eae0572fec04502130f5	satisfaction	noun	B2	BLOCKED		BLOCKED V4: Wiktionary candidate does not back-translate to the exact English lexical identity; method=en_wiktionary_matching_pos_uk_translation; exact Oxford definition='the good feeling that you have when you have achieved something or when something that you wanted to happen does happen; something that gives you this feeling'; candidate='задово́лення'; reverse='tingling'; lexical=0.400; candidate_definition_similarity=0.434; reverse_definition_similarity=0.266.
MANUAL_EMERGENCY_WORK_20260820_SECOND_PASS_V4_round01	MANUAL_EMERGENCY_WORK_20260820_FIRST_PASS_V4_round01	ox5000-2d0378e6f60450a4e78c	say	noun	C1	BLOCKED		BLOCKED V4: noun candidate is an infinitive/verb form; method=Helsinki-NLP/opus-mt-en-uk_surface_candidate; exact Oxford definition='the right to influence something by giving your opinion before a decision is made'; candidate='сказати'; reverse='say'; lexical=1.000; candidate_definition_similarity=0.308; reverse_definition_similarity=0.330.
MANUAL_EMERGENCY_WORK_20260820_SECOND_PASS_V4_round01	MANUAL_EMERGENCY_WORK_20260820_FIRST_PASS_V4_round01	ox5000-1b53fef53eb21569d70c	scandal	noun	B2	BLOCKED		BLOCKED V4: semantic role mismatch: Oxford definition requires event, reverse candidate looks generic; method=en_wiktionary_matching_pos_uk_translation; exact Oxford definition='behaviour or an event that people think is morally or legally wrong and causes public feelings of shock or anger'; candidate='сканда́л'; reverse='scandall'; lexical=1.000; candidate_definition_similarity=0.114; reverse_definition_similarity=0.406.
MANUAL_EMERGENCY_WORK_20260820_SECOND_PASS_V4_round01	MANUAL_EMERGENCY_WORK_20260820_FIRST_PASS_V4_round01	ox5000-ee7afd5b64a301aee7d6	scare	noun	B2	BLOCKED		BLOCKED V4: surface MT candidate does not back-translate to the exact English lexical identity; method=Helsinki-NLP/opus-mt-en-uk_surface_candidate; exact Oxford definition='a situation in which a lot of people are anxious or frightened about something'; candidate='ляпас'; reverse='slap'; lexical=0.444; candidate_definition_similarity=0.453; reverse_definition_similarity=0.149.
MANUAL_EMERGENCY_WORK_20260820_SECOND_PASS_V4_round01	MANUAL_EMERGENCY_WORK_20260820_FIRST_PASS_V4_round01	ox5000-4380114ee2ca12fbcf96	scare	verb	B2	BLOCKED		BLOCKED V4: Oxford definition requires person role but source/reverse role is not independently person-like (scare); method=en_wiktionary_matching_pos_uk_translation; exact Oxford definition='to frighten somebody'; candidate='лякати'; reverse='Scare'; lexical=1.000; candidate_definition_similarity=0.765; reverse_definition_similarity=0.730.
MANUAL_EMERGENCY_WORK_20260820_SECOND_PASS_V4_round01	MANUAL_EMERGENCY_WORK_20260820_FIRST_PASS_V4_round01	ox5000-f89d240b3237a67d25cb	scattered	adjective	C1	BLOCKED		BLOCKED V4: Wiktionary lexical candidate lacks two-sided exact-definition support; method=en_wiktionary_matching_pos_uk_translation; exact Oxford definition='spread far apart over a wide area or over a long period of time'; candidate='розсі́яний'; reverse='scattered'; lexical=1.000; candidate_definition_similarity=0.275; reverse_definition_similarity=0.491.
MANUAL_EMERGENCY_WORK_20260820_SECOND_PASS_V4_round01	MANUAL_EMERGENCY_WORK_20260820_FIRST_PASS_V4_round01	ox5000-ec9d25a572db338403d1	scenario	noun	B2	BLOCKED		BLOCKED V4: Wiktionary candidate does not back-translate to the exact English lexical identity; method=en_wiktionary_matching_pos_uk_translation; exact Oxford definition='a description of how things might happen in the future'; candidate='сцена́рій'; reverse='script'; lexical=0.571; candidate_definition_similarity=0.278; reverse_definition_similarity=0.088.
MANUAL_EMERGENCY_WORK_20260820_SECOND_PASS_V4_round01	MANUAL_EMERGENCY_WORK_20260820_FIRST_PASS_V4_round01	ox5000-5fdb661427fb2416a77b	sceptical	adjective	C1	BLOCKED		BLOCKED V4: candidate is not predominantly Ukrainian; method=Helsinki-NLP/opus-mt-en-uk_surface_candidate; exact Oxford definition='having doubts that a claim or statement is true or that something will happen'; candidate='scopetic'; reverse='spopetic'; lexical=0.588; candidate_definition_similarity=0.117; reverse_definition_similarity=0.064.
MANUAL_EMERGENCY_WORK_20260820_SECOND_PASS_V4_round01	MANUAL_EMERGENCY_WORK_20260820_FIRST_PASS_V4_round01	ox5000-8b3b2396f2c6ac0ac855	scholar	noun	B2	BLOCKED		BLOCKED V4: Oxford definition requires person role but source/reverse role is not independently person-like (scholar); method=Helsinki-NLP/opus-mt-en-uk_surface_candidate; exact Oxford definition='a person who knows a lot about a particular subject because they have studied it in detail'; candidate='Учений'; reverse='Scholar'; lexical=1.000; candidate_definition_similarity=0.597; reverse_definition_similarity=0.610.
MANUAL_EMERGENCY_WORK_20260820_SECOND_PASS_V4_round01	MANUAL_EMERGENCY_WORK_20260820_FIRST_PASS_V4_round01	ox5000-410a4d8064f346b81160	scholarship	noun	B2	BLOCKED		BLOCKED V4: semantic role mismatch: Oxford definition requires person, reverse candidate looks generic; method=en_wiktionary_matching_pos_uk_translation; exact Oxford definition='an amount of money given to somebody by an organization to help pay for their education'; candidate='стипе́ндія'; reverse='stipendia'; lexical=0.300; candidate_definition_similarity=0.402; reverse_definition_similarity=0.583.
MANUAL_EMERGENCY_WORK_20260820_SECOND_PASS_V4_round01	MANUAL_EMERGENCY_WORK_20260820_FIRST_PASS_V4_round01	ox5000-a3e2bf2714271c9afd7d	scope	noun	C1	BLOCKED		BLOCKED V4: surface MT candidate lacks two-sided exact-definition support; method=Helsinki-NLP/opus-mt-en-uk_surface_candidate; exact Oxford definition='the opportunity or ability to do or achieve something'; candidate='область видимості'; reverse='scope'; lexical=1.000; candidate_definition_similarity=0.281; reverse_definition_similarity=0.208.
MANUAL_EMERGENCY_WORK_20260820_SECOND_PASS_V4_round01	MANUAL_EMERGENCY_WORK_20260820_FIRST_PASS_V4_round01	ox5000-f8891ee0328da0b3b79a	scratch	noun	B2	BLOCKED		BLOCKED V4: semantic role mismatch: Oxford definition requires person, reverse candidate looks generic; method=en_wiktionary_matching_pos_uk_translation; exact Oxford definition='a mark, a cut or an injury made by scratching somebody’s skin or the surface of something'; candidate='подря́пина'; reverse='scratches'; lexical=1.000; candidate_definition_similarity=0.281; reverse_definition_similarity=0.749.
MANUAL_EMERGENCY_WORK_20260820_SECOND_PASS_V4_round01	MANUAL_EMERGENCY_WORK_20260820_FIRST_PASS_V4_round01	ox5000-f2e0ce9a5923766253d1	scratch	verb	B2	BLOCKED		BLOCKED V4: Wiktionary candidate does not back-translate to the exact English lexical identity; method=en_wiktionary_matching_pos_uk_translation; exact Oxford definition='to rub your skin with your nails, usually because it is itching'; candidate='шкря́бати'; reverse='Squashing'; lexical=0.375; candidate_definition_similarity=0.189; reverse_definition_similarity=0.153.
MANUAL_EMERGENCY_WORK_20260820_SECOND_PASS_V4_round01	MANUAL_EMERGENCY_WORK_20260820_FIRST_PASS_V4_round01	ox5000-5f1633f73def75e46766	screening	noun	B2	BLOCKED		BLOCKED V4: surface MT candidate does not back-translate to the exact English lexical identity; method=Helsinki-NLP/opus-mt-en-uk_surface_candidate; exact Oxford definition='the act of showing a film or television programme'; candidate='перевірка'; reverse='checking'; lexical=0.588; candidate_definition_similarity=0.235; reverse_definition_similarity=0.139.
MANUAL_EMERGENCY_WORK_20260820_SECOND_PASS_V4_round01	MANUAL_EMERGENCY_WORK_20260820_FIRST_PASS_V4_round01	ox5000-0f5815bb4f9655175d9a	screw	noun	C1	BLOCKED		BLOCKED V4: Wiktionary lexical candidate lacks two-sided exact-definition support; method=en_wiktionary_matching_pos_uk_translation; exact Oxford definition='a thin pointed piece of metal like a nail with a raised spiral line (called a thread ) along it and a line or cross cut into its head. Screws are turned and pressed into wood, metal, etc. with a screwdriver in order to fasten two things together.'; candidate='гвинт'; reverse='screw'; lexical=1.000; candidate_definition_similarity=0.288; reverse_definition_similarity=0.621.
MANUAL_EMERGENCY_WORK_20260820_SECOND_PASS_V4_round01	MANUAL_EMERGENCY_WORK_20260820_FIRST_PASS_V4_round01	ox5000-31812c64a559ba0e6be3	screw	verb	C1	BLOCKED		BLOCKED V4: candidate is not predominantly Ukrainian; method=Helsinki-NLP/opus-mt-en-uk_surface_candidate; exact Oxford definition='to fasten one thing to another or make something tight with a screw or screws'; candidate='shit'; reverse='shit'; lexical=0.222; candidate_definition_similarity=0.140; reverse_definition_similarity=0.140.
MANUAL_EMERGENCY_WORK_20260820_SECOND_PASS_V4_round01	MANUAL_EMERGENCY_WORK_20260820_FIRST_PASS_V4_round01	ox5000-e4ee69dd73a8bb73a78a	scrutiny	noun	C1	BLOCKED		BLOCKED V4: surface MT candidate does not back-translate to the exact English lexical identity; method=Helsinki-NLP/opus-mt-en-uk_surface_candidate; exact Oxford definition='careful and complete examination'; candidate='перевірка'; reverse='checking'; lexical=0.375; candidate_definition_similarity=0.701; reverse_definition_similarity=0.583.
MANUAL_EMERGENCY_WORK_20260820_SECOND_PASS_V4_round01	MANUAL_EMERGENCY_WORK_20260820_FIRST_PASS_V4_round01	ox5000-6716c67c225124fb95ac	seal	noun	C1	BLOCKED		BLOCKED V4: Wiktionary lexical candidate lacks two-sided exact-definition support; method=en_wiktionary_matching_pos_uk_translation; exact Oxford definition='an official design or mark, stamped on a document to show that it is real and carries the authority of a particular person or organization'; candidate='тюле́нь'; reverse='seal'; lexical=1.000; candidate_definition_similarity=0.183; reverse_definition_similarity=0.162.
MANUAL_EMERGENCY_WORK_20260820_SECOND_PASS_V4_round01	MANUAL_EMERGENCY_WORK_20260820_FIRST_PASS_V4_round01	ox5000-db3ceafda1454861cd55	seal	verb	C1	BLOCKED		BLOCKED V4: verb candidate is not an appropriate Ukrainian infinitive/verb phrase; method=Helsinki-NLP/opus-mt-en-uk_surface_candidate; exact Oxford definition='to close an envelope , etc. by sticking the edges of the opening together'; candidate='печатка'; reverse='seal'; lexical=1.000; candidate_definition_similarity=0.363; reverse_definition_similarity=0.164.
MANUAL_EMERGENCY_WORK_20260820_SECOND_PASS_V4_round01	MANUAL_EMERGENCY_WORK_20260820_FIRST_PASS_V4_round01	ox5000-c01c6baa129f1167a903	secular	adjective	C1	BLOCKED		BLOCKED V4: adjective candidate has no plausible Ukrainian adjective morphology; method=en_wiktionary_matching_pos_uk_translation; exact Oxford definition='not connected with spiritual or religious matters'; candidate='мирськи́й'; reverse='peaceable'; lexical=0.375; candidate_definition_similarity=0.175; reverse_definition_similarity=0.293.
MANUAL_EMERGENCY_WORK_20260820_SECOND_PASS_V4_round01	MANUAL_EMERGENCY_WORK_20260820_FIRST_PASS_V4_round01	ox5000-f135a53ed4965a23fbbc	seeker	noun	B2	BLOCKED		"BLOCKED V4: semantic role mismatch: Oxford definition requires person, reverse candidate looks generic; method=Helsinki-NLP/opus-mt-en-uk_surface_candidate; exact Oxford definition='a person who is trying to find or get the thing mentioned'; candidate='Шукаю'; reverse=""I'm looking.""; lexical=0.118; candidate_definition_similarity=0.355; reverse_definition_similarity=0.357."
MANUAL_EMERGENCY_WORK_20260820_SECOND_PASS_V4_round01	MANUAL_EMERGENCY_WORK_20260820_FIRST_PASS_V4_round01	ox5000-477a1ec3087bffb2fc14	seemingly	adverb	C1	BLOCKED		BLOCKED V4: surface MT candidate does not back-translate to the exact English lexical identity; method=Helsinki-NLP/opus-mt-en-uk_surface_candidate; exact Oxford definition='in a way that appears to be true but may in fact not be'; candidate='Здається'; reverse='I think'; lexical=0.250; candidate_definition_similarity=0.612; reverse_definition_similarity=0.403.
MANUAL_EMERGENCY_WORK_20260820_SECOND_PASS_V4_round01	MANUAL_EMERGENCY_WORK_20260820_FIRST_PASS_V4_round01	ox5000-8e7233a18eabccdd3370	segment	noun	C1	BLOCKED		BLOCKED V4: Wiktionary lexical candidate lacks two-sided exact-definition support; method=en_wiktionary_matching_pos_uk_translation; exact Oxford definition='a part of something that is separate from the other parts or can be considered separately'; candidate='відрі́зок'; reverse='segment'; lexical=1.000; candidate_definition_similarity=0.338; reverse_definition_similarity=0.408.
MANUAL_EMERGENCY_WORK_20260820_SECOND_PASS_V4_round01	MANUAL_EMERGENCY_WORK_20260820_FIRST_PASS_V4_round01	ox5000-75eee68ef68baad02a6c	seize	verb	C1	BLOCKED		BLOCKED V4: semantic role mismatch: Oxford definition requires person, reverse candidate looks generic; method=en_wiktionary_matching_pos_uk_translation; exact Oxford definition='to take somebody/something in your hand suddenly and using force'; candidate='захо́плювати'; reverse='hide'; lexical=0.222; candidate_definition_similarity=0.378; reverse_definition_similarity=0.204.
MANUAL_EMERGENCY_WORK_20260820_SECOND_PASS_V4_round01	MANUAL_EMERGENCY_WORK_20260820_FIRST_PASS_V4_round01	ox5000-1731efc4f3191f6cc39e	seldom	adverb	C1	BLOCKED		BLOCKED V4: multiword adverb candidate is not an adverbial phrase; method=en_wiktionary_matching_pos_uk_translation; exact Oxford definition='not often'; candidate='рі́дко'; reverse='rhidka'; lexical=0.167; candidate_definition_similarity=0.436; reverse_definition_similarity=0.328.
MANUAL_EMERGENCY_WORK_20260820_SECOND_PASS_V4_round01	MANUAL_EMERGENCY_WORK_20260820_FIRST_PASS_V4_round01	ox5000-c358f1aaee6dd2091d18	selective	adjective	C1	BLOCKED		BLOCKED V4: surface MT candidate lacks two-sided exact-definition support; method=Helsinki-NLP/opus-mt-en-uk_surface_candidate; exact Oxford definition='affecting or involving only a small number of people or things from a larger group'; candidate='вибірковий'; reverse='selective'; lexical=1.000; candidate_definition_similarity=0.420; reverse_definition_similarity=0.373.
MANUAL_EMERGENCY_WORK_20260820_SECOND_PASS_V4_round01	MANUAL_EMERGENCY_WORK_20260820_FIRST_PASS_V4_round01	ox5000-4c5a68658e17364aec5c	seminar	noun	B2	PASS	семінар	PASS V4: concise lexical equivalent; method=Helsinki-NLP/opus-mt-en-uk_surface_candidate; exact Oxford definition='a class at a university or college when a small group of students and a teacher discuss or study a particular topic'; candidate='семінар'; reverse='seminar'; lexical=1.000; candidate_definition_similarity=0.642; reverse_definition_similarity=0.619; lexical-form/POS/role/source-grounded checks PASS.
MANUAL_EMERGENCY_WORK_20260820_SECOND_PASS_V4_round01	MANUAL_EMERGENCY_WORK_20260820_FIRST_PASS_V4_round01	ox5000-812cde90deabfbe68d6a	senator	noun	C1	PASS	Сенатор	PASS V4: concise lexical equivalent; method=Helsinki-NLP/opus-mt-en-uk_surface_candidate; exact Oxford definition='a member of a senate'; candidate='Сенатор'; reverse='Senator'; lexical=1.000; candidate_definition_similarity=0.850; reverse_definition_similarity=0.839; lexical-form/POS/role/source-grounded checks PASS.
MANUAL_EMERGENCY_WORK_20260820_SECOND_PASS_V4_round01	MANUAL_EMERGENCY_WORK_20260820_FIRST_PASS_V4_round01	ox5000-92197d1d4bc1b8336e03	sensation	noun	C1	BLOCKED		BLOCKED V4: semantic role mismatch: Oxford definition requires state, reverse candidate looks process; method=en_wiktionary_matching_pos_uk_translation; exact Oxford definition='a feeling that you get when something affects your body'; candidate='відчуття́'; reverse='feeling'; lexical=0.250; candidate_definition_similarity=0.599; reverse_definition_similarity=0.695.
MANUAL_EMERGENCY_WORK_20260820_SECOND_PASS_V4_round01	MANUAL_EMERGENCY_WORK_20260820_FIRST_PASS_V4_round01	ox5000-a2d2a0cadcd41338c011	sensitivity	noun	C1	PASS	чутли́вість	PASS V4: concise lexical equivalent; method=en_wiktionary_matching_pos_uk_translation; exact Oxford definition='the ability to understand other people’s feelings'; candidate='чутли́вість'; reverse='Sensitivity'; lexical=1.000; candidate_definition_similarity=0.556; reverse_definition_similarity=0.396; lexical-form/POS/role/source-grounded checks PASS.
MANUAL_EMERGENCY_WORK_20260820_SECOND_PASS_V4_round01	MANUAL_EMERGENCY_WORK_20260820_FIRST_PASS_V4_round01	ox5000-a65a55e1b5d084563b73	sentiment	noun	C1	BLOCKED		BLOCKED V4: semantic role mismatch: Oxford definition requires state, reverse candidate looks generic; method=Helsinki-NLP/opus-mt-en-uk_surface_candidate; exact Oxford definition='a feeling or an opinion, especially one based on emotions'; candidate='Почуття'; reverse='Feelings'; lexical=0.118; candidate_definition_similarity=0.681; reverse_definition_similarity=0.744.
MANUAL_EMERGENCY_WORK_20260820_SECOND_PASS_V4_round01	MANUAL_EMERGENCY_WORK_20260820_FIRST_PASS_V4_round01	ox5000-7f715330b02df62ded5a	separation	noun	C1	PASS	розлу́ка	PASS V4: concise lexical equivalent; method=en_wiktionary_matching_pos_uk_translation; exact Oxford definition='the act of separating people or things; the state of being separate'; candidate='розлу́ка'; reverse='Separation'; lexical=1.000; candidate_definition_similarity=0.503; reverse_definition_similarity=0.664; lexical-form/POS/role/source-grounded checks PASS.
MANUAL_EMERGENCY_WORK_20260820_SECOND_PASS_V4_round01	MANUAL_EMERGENCY_WORK_20260820_FIRST_PASS_V4_round01	ox5000-346897b419b5e99d5b6d	serial	adjective	C1	BLOCKED		BLOCKED V4: surface MT candidate lacks two-sided exact-definition support; method=Helsinki-NLP/opus-mt-en-uk_surface_candidate; exact Oxford definition='doing the same thing in the same way several times; done in the same way several times'; candidate='послідовний'; reverse='serial'; lexical=1.000; candidate_definition_similarity=0.500; reverse_definition_similarity=0.126.
MANUAL_EMERGENCY_WORK_20260820_SECOND_PASS_V4_round01	MANUAL_EMERGENCY_WORK_20260820_FIRST_PASS_V4_round01	ox5000-ec0ef04aa89a267d0603	set-up	noun	C1	BLOCKED		BLOCKED V4: candidate is not predominantly Ukrainian; method=Helsinki-NLP/opus-mt-en-uk_surface_candidate; exact Oxford definition='a way of organizing something; a system'; candidate='set- up'; reverse='set-up'; lexical=1.000; candidate_definition_similarity=0.537; reverse_definition_similarity=0.582.
MANUAL_EMERGENCY_WORK_20260820_SECOND_PASS_V4_round01	MANUAL_EMERGENCY_WORK_20260820_FIRST_PASS_V4_round01	ox5000-38120b4981e352fc7d63	settlement	noun	C1	BLOCKED		BLOCKED V4: Wiktionary candidate does not back-translate to the exact English lexical identity; method=en_wiktionary_matching_pos_uk_translation; exact Oxford definition='an official agreement that ends an argument between two people or groups'; candidate='насе́лений пункт'; reverse='the entwined point'; lexical=0.286; candidate_definition_similarity=0.343; reverse_definition_similarity=0.450.
MANUAL_EMERGENCY_WORK_20260820_SECOND_PASS_V4_round01	MANUAL_EMERGENCY_WORK_20260820_FIRST_PASS_V4_round01	ox5000-dcf65fb66f09637a6013	settler	noun	B2	BLOCKED		BLOCKED V4: semantic role mismatch: Oxford definition requires person, reverse candidate looks generic; method=en_wiktionary_matching_pos_uk_translation; exact Oxford definition='a person who goes to live in a new country or region'; candidate='поселе́нець'; reverse='Shells'; lexical=0.462; candidate_definition_similarity=0.339; reverse_definition_similarity=0.076.
MANUAL_EMERGENCY_WORK_20260820_SECOND_PASS_V4_round01	MANUAL_EMERGENCY_WORK_20260820_FIRST_PASS_V4_round01	ox5000-9ceb6f48ee4ce0fbc1a9	severely	adverb	B2	BLOCKED		BLOCKED V4: surface MT candidate does not back-translate to the exact English lexical identity; method=Helsinki-NLP/opus-mt-en-uk_surface_candidate; exact Oxford definition='very badly or seriously'; candidate='строго'; reverse='strict'; lexical=0.286; candidate_definition_similarity=0.557; reverse_definition_similarity=0.413.
MANUAL_EMERGENCY_WORK_20260820_SECOND_PASS_V4_round01	MANUAL_EMERGENCY_WORK_20260820_FIRST_PASS_V4_round01	ox5000-db08192bd577be065a58	sexuality	noun	C1	BLOCKED		BLOCKED V4: Oxford definition requires person role but source/reverse role is not independently person-like (sexuality); method=en_wiktionary_matching_pos_uk_translation; exact Oxford definition='the feelings and activities connected with a person’s sexual desires'; candidate='сексуа́льність'; reverse='sexuality'; lexical=1.000; candidate_definition_similarity=0.663; reverse_definition_similarity=0.478.
MANUAL_EMERGENCY_WORK_20260820_SECOND_PASS_V4_round01	MANUAL_EMERGENCY_WORK_20260820_FIRST_PASS_V4_round01	ox5000-d673e76e39b7545cd641	sexy	adjective	B2	BLOCKED		BLOCKED V4: Wiktionary candidate does not back-translate to the exact English lexical identity; method=en_wiktionary_matching_pos_uk_translation; exact Oxford definition='sexually attractive'; candidate='сексуа́льний'; reverse='sexual'; lexical=0.600; candidate_definition_similarity=0.798; reverse_definition_similarity=0.760.
MANUAL_EMERGENCY_WORK_20260820_SECOND_PASS_V4_round01	MANUAL_EMERGENCY_WORK_20260820_FIRST_PASS_V4_round01	ox5000-0a860de45afe655f17cd	shaped	adjective	B2	BLOCKED		BLOCKED V4: surface MT candidate does not back-translate to the exact English lexical identity; method=Helsinki-NLP/opus-mt-en-uk_surface_candidate; exact Oxford definition='having the type of shape mentioned'; candidate='форма'; reverse='form'; lexical=0.000; candidate_definition_similarity=0.546; reverse_definition_similarity=0.335.
MANUAL_EMERGENCY_WORK_20260820_SECOND_PASS_V4_round01	MANUAL_EMERGENCY_WORK_20260820_FIRST_PASS_V4_round01	ox5000-351ced5f86497f5f4a9e	shareholder	noun	C1	BLOCKED		BLOCKED V4: Wiktionary candidate does not back-translate to the exact English lexical identity; method=en_wiktionary_matching_pos_uk_translation; exact Oxford definition='an owner of shares in a company or business'; candidate='акціоне́рка'; reverse='akzionika'; lexical=0.200; candidate_definition_similarity=0.308; reverse_definition_similarity=0.413.
MANUAL_EMERGENCY_WORK_20260820_SECOND_PASS_V4_round01	MANUAL_EMERGENCY_WORK_20260820_FIRST_PASS_V4_round01	ox5000-964d8fd1fcb5f146fdc6	shatter	verb	C1	BLOCKED		BLOCKED V4: Wiktionary candidate does not back-translate to the exact English lexical identity; method=en_wiktionary_matching_pos_uk_translation; exact Oxford definition='to suddenly break into small pieces; to make something suddenly break into small pieces'; candidate='трощи́ти'; reverse='treble'; lexical=0.308; candidate_definition_similarity=0.512; reverse_definition_similarity=0.391.
MANUAL_EMERGENCY_WORK_20260820_SECOND_PASS_V4_round01	MANUAL_EMERGENCY_WORK_20260820_FIRST_PASS_V4_round01	ox5000-a8750364b0bf00f55b71	shed	verb	C1	BLOCKED		BLOCKED V4: verb candidate is not an appropriate Ukrainian infinitive/verb phrase; method=Helsinki-NLP/opus-mt-en-uk_surface_candidate; exact Oxford definition='to get rid of something that is no longer wanted'; candidate='сарана'; reverse='locusts'; lexical=0.182; candidate_definition_similarity=0.171; reverse_definition_similarity=0.075.
MANUAL_EMERGENCY_WORK_20260820_SECOND_PASS_V4_round01	MANUAL_EMERGENCY_WORK_20260820_FIRST_PASS_V4_round01	ox5000-00f794702182a285364c	sheer	adjective	C1	BLOCKED		BLOCKED V4: Wiktionary candidate does not back-translate to the exact English lexical identity; method=en_wiktionary_matching_pos_uk_translation; exact Oxford definition='used to emphasize the size, degree or amount of something'; candidate='по́вний'; reverse='convex'; lexical=0.182; candidate_definition_similarity=0.389; reverse_definition_similarity=0.347.
MANUAL_EMERGENCY_WORK_20260820_SECOND_PASS_V4_round01	MANUAL_EMERGENCY_WORK_20260820_FIRST_PASS_V4_round01	ox5000-c182c4aaf92aa43b7d78	shipping	noun	C1	BLOCKED		BLOCKED V4: surface MT candidate does not back-translate to the exact English lexical identity; method=Helsinki-NLP/opus-mt-en-uk_surface_candidate; exact Oxford definition='ships in general or considered as a group'; candidate='доставка'; reverse='delivery'; lexical=0.125; candidate_definition_similarity=0.217; reverse_definition_similarity=0.084.
MANUAL_EMERGENCY_WORK_20260820_SECOND_PASS_V4_round01	MANUAL_EMERGENCY_WORK_20260820_FIRST_PASS_V4_round01	ox5000-7190c72389b69360fcb4	shocking	adjective	B2	BLOCKED		BLOCKED V4: Wiktionary lexical candidate lacks two-sided exact-definition support; method=en_wiktionary_matching_pos_uk_translation; exact Oxford definition='that offends or upsets people; that is morally wrong'; candidate='шоку́ючий'; reverse='shocking'; lexical=1.000; candidate_definition_similarity=0.282; reverse_definition_similarity=0.240.
MANUAL_EMERGENCY_WORK_20260820_SECOND_PASS_V4_round01	MANUAL_EMERGENCY_WORK_20260820_FIRST_PASS_V4_round01	ox5000-f14cfdecffdef8e98007	shoot	noun	C1	BLOCKED		BLOCKED V4: candidate is not predominantly Ukrainian; method=Helsinki-NLP/opus-mt-en-uk_surface_candidate; exact Oxford definition='the part that grows up from the ground when a plant starts to grow; a new part that grows on plants or trees'; candidate='shoot'; reverse='shoot'; lexical=1.000; candidate_definition_similarity=0.200; reverse_definition_similarity=0.200.
MANUAL_EMERGENCY_WORK_20260820_SECOND_PASS_V4_round01	MANUAL_EMERGENCY_WORK_20260820_FIRST_PASS_V4_round01	ox5000-228daf6af9cabc126097	shore	noun	B2	BLOCKED		BLOCKED V4: Wiktionary candidate does not back-translate to the exact English lexical identity; method=en_wiktionary_matching_pos_uk_translation; exact Oxford definition='the land along the edge of the sea, the ocean or a lake'; candidate='бе́ріг'; reverse='gerigori'; lexical=0.308; candidate_definition_similarity=0.260; reverse_definition_similarity=0.311.
MANUAL_EMERGENCY_WORK_20260820_SECOND_PASS_V4_round01	MANUAL_EMERGENCY_WORK_20260820_FIRST_PASS_V4_round01	ox5000-3108d7347a7e81705a85	short-term	adjective	B2	PASS	короткостроко́вий	PASS V4: concise lexical equivalent; method=en_wiktionary_matching_pos_uk_translation; exact Oxford definition='lasting a short time; designed only for a short period of time in the future'; candidate='короткостроко́вий'; reverse='short-term'; lexical=1.000; candidate_definition_similarity=0.640; reverse_definition_similarity=0.735; lexical-form/POS/role/source-grounded checks PASS.
MANUAL_EMERGENCY_WORK_20260820_SECOND_PASS_V4_round01	MANUAL_EMERGENCY_WORK_20260820_FIRST_PASS_V4_round01	ox5000-1a031da6eac7d925338b	shortage	noun	B2	BLOCKED		BLOCKED V4: surface MT candidate does not back-translate to the exact English lexical identity; method=Helsinki-NLP/opus-mt-en-uk_surface_candidate; exact Oxford definition='a situation when there is not enough of the people or things that are needed'; candidate='Нестача'; reverse='Not Enough'; lexical=0.111; candidate_definition_similarity=0.364; reverse_definition_similarity=0.572.
MANUAL_EMERGENCY_WORK_20260820_SECOND_PASS_V4_round01	MANUAL_EMERGENCY_WORK_20260820_FIRST_PASS_V4_round01	ox5000-6cda0681410675b159d9	shortly	adverb	B2	BLOCKED		BLOCKED V4: surface MT candidate does not back-translate to the exact English lexical identity; method=Helsinki-NLP/opus-mt-en-uk_surface_candidate; exact Oxford definition='a short time; not long'; candidate='Скоро'; reverse='Soon'; lexical=0.364; candidate_definition_similarity=0.679; reverse_definition_similarity=0.650.
MANUAL_EMERGENCY_WORK_20260820_SECOND_PASS_V4_round01	MANUAL_EMERGENCY_WORK_20260820_FIRST_PASS_V4_round01	ox5000-d64e66d05e0c72293139	shrink	verb	C1	BLOCKED		BLOCKED V4: Wiktionary candidate does not back-translate to the exact English lexical identity; method=en_wiktionary_matching_pos_uk_translation; exact Oxford definition='to become smaller, especially when washed in water that is too hot; to make clothes, cloth, etc. smaller in this way'; candidate='сти́скуватися'; reverse='musculating'; lexical=0.353; candidate_definition_similarity=0.209; reverse_definition_similarity=0.158.
MANUAL_EMERGENCY_WORK_20260820_SECOND_PASS_V4_round01	MANUAL_EMERGENCY_WORK_20260820_FIRST_PASS_V4_round01	ox5000-e9398be87e92c4565700	shrug	verb	C1	BLOCKED		BLOCKED V4: Wiktionary candidate does not back-translate to the exact English lexical identity; method=en_wiktionary_matching_pos_uk_translation; exact Oxford definition='to raise your shoulders and then drop them to show that you do not know or care about something'; candidate='зниза́ти плечи́ма'; reverse='Lower shoulders'; lexical=0.300; candidate_definition_similarity=0.502; reverse_definition_similarity=0.411.
MANUAL_EMERGENCY_WORK_20260820_SECOND_PASS_V4_round01	MANUAL_EMERGENCY_WORK_20260820_FIRST_PASS_V4_round01	ox5000-3560fef85dd1fc6debc0	sibling	noun	B2	BLOCKED		BLOCKED V4: Wiktionary candidate does not back-translate to the exact English lexical identity; method=en_wiktionary_matching_pos_uk_translation; exact Oxford definition='a brother or sister'; candidate='родже́нство'; reverse='being a member of the family'; lexical=0.229; candidate_definition_similarity=0.651; reverse_definition_similarity=0.511.
MANUAL_EMERGENCY_WORK_20260820_SECOND_PASS_V4_round01	MANUAL_EMERGENCY_WORK_20260820_FIRST_PASS_V4_round01	ox5000-b0fded582d3311d3af45	sigh	noun	C1	PASS	зітха́ння	PASS V4: concise lexical equivalent; method=en_wiktionary_matching_pos_uk_translation; exact Oxford definition='an act or the sound of sighing'; candidate='зітха́ння'; reverse='sigh'; lexical=1.000; candidate_definition_similarity=0.534; reverse_definition_similarity=0.638; lexical-form/POS/role/source-grounded checks PASS.
MANUAL_EMERGENCY_WORK_20260820_SECOND_PASS_V4_round01	MANUAL_EMERGENCY_WORK_20260820_FIRST_PASS_V4_round01	ox5000-0d870e0fda6ba6d93f94	sigh	verb	C1	BLOCKED		BLOCKED V4: Wiktionary lexical candidate lacks two-sided exact-definition support; method=en_wiktionary_matching_pos_uk_translation; exact Oxford definition='to take and then let out a long deep breath that can be heard, to show that you are disappointed, sad, tired, etc.'; candidate='здихну́ти'; reverse='sigh'; lexical=1.000; candidate_definition_similarity=0.325; reverse_definition_similarity=0.441.
MANUAL_EMERGENCY_WORK_20260820_SECOND_PASS_V4_round01	MANUAL_EMERGENCY_WORK_20260820_FIRST_PASS_V4_round01	ox5000-c18d434123fca63aa7f7	signature	noun	B2	PASS	підпис	PASS V4: concise lexical equivalent; method=Helsinki-NLP/opus-mt-en-uk_surface_candidate; exact Oxford definition='your name as you usually write it, for example at the end of a letter'; candidate='підпис'; reverse='signature'; lexical=1.000; candidate_definition_similarity=0.450; reverse_definition_similarity=0.435; lexical-form/POS/role/source-grounded checks PASS.
MANUAL_EMERGENCY_WORK_20260820_SECOND_PASS_V4_round01	MANUAL_EMERGENCY_WORK_20260820_FIRST_PASS_V4_round01	ox5000-4993892b52f0aadb8436	significance	noun	B2	BLOCKED		BLOCKED V4: surface MT candidate does not back-translate to the exact English lexical identity; method=Helsinki-NLP/opus-mt-en-uk_surface_candidate; exact Oxford definition='the importance of something, especially when this has an effect on what happens in the future'; candidate='значення'; reverse='value'; lexical=0.235; candidate_definition_similarity=0.430; reverse_definition_similarity=0.203.
MANUAL_EMERGENCY_WORK_20260820_SECOND_PASS_V4_round01	MANUAL_EMERGENCY_WORK_20260820_FIRST_PASS_V4_round01	ox5000-ebeeff851e05dff3f17c	simulate	verb	C1	BLOCKED		BLOCKED V4: Wiktionary candidate does not back-translate to the exact English lexical identity; method=en_wiktionary_matching_pos_uk_translation; exact Oxford definition='to create particular conditions that exist in real life using computers, models, etc., usually for study or training purposes'; candidate='симулюва́ти'; reverse='simulations'; lexical=0.737; candidate_definition_similarity=0.091; reverse_definition_similarity=0.486.
MANUAL_EMERGENCY_WORK_20260820_SECOND_PASS_V4_round01	MANUAL_EMERGENCY_WORK_20260820_FIRST_PASS_V4_round01	ox5000-63848ba81689d33f92ac	simulation	noun	C1	PASS	симуля́ція	PASS V4: concise lexical equivalent; method=en_wiktionary_matching_pos_uk_translation; exact Oxford definition='a situation in which a particular set of conditions is created artificially in order to study or experience something that could exist in reality'; candidate='симуля́ція'; reverse='simulation'; lexical=1.000; candidate_definition_similarity=0.524; reverse_definition_similarity=0.485; lexical-form/POS/role/source-grounded checks PASS.
MANUAL_EMERGENCY_WORK_20260820_SECOND_PASS_V4_round01	MANUAL_EMERGENCY_WORK_20260820_FIRST_PASS_V4_round01	ox5000-10facdce071582e626d6	simultaneously	adverb	C1	BLOCKED		BLOCKED V4: multiword adverb candidate is not an adverbial phrase; method=en_wiktionary_matching_pos_uk_translation; exact Oxford definition='at the same time as something else'; candidate='одноча́сно'; reverse='Unchained'; lexical=0.261; candidate_definition_similarity=0.579; reverse_definition_similarity=0.233.
MANUAL_EMERGENCY_WORK_20260820_SECOND_PASS_V4_round01	MANUAL_EMERGENCY_WORK_20260820_FIRST_PASS_V4_round01	ox5000-79062f39d67197eaae65	sin	noun	C1	BLOCKED		BLOCKED V4: candidate is not predominantly Ukrainian; method=Helsinki-NLP/opus-mt-en-uk_surface_candidate; exact Oxford definition='an offence against God or against a religious or moral law'; candidate='sin'; reverse='sin'; lexical=1.000; candidate_definition_similarity=0.343; reverse_definition_similarity=0.343.
MANUAL_EMERGENCY_WORK_20260820_SECOND_PASS_V4_round01	MANUAL_EMERGENCY_WORK_20260820_FIRST_PASS_V4_round01	ox5000-55316c416a7c5af7e278	situated	adjective	C1	BLOCKED		BLOCKED V4: surface MT candidate does not back-translate to the exact English lexical identity; method=Helsinki-NLP/opus-mt-en-uk_surface_candidate; exact Oxford definition='in a particular place or position'; candidate='знаходиться'; reverse='is'; lexical=0.200; candidate_definition_similarity=0.478; reverse_definition_similarity=0.377.
MANUAL_EMERGENCY_WORK_20260820_SECOND_PASS_V4_round01	MANUAL_EMERGENCY_WORK_20260820_FIRST_PASS_V4_round01	ox5000-2861f57961b0b110b904	sketch	noun	C1	PASS	ескіз	PASS V4: concise lexical equivalent; method=Helsinki-NLP/opus-mt-en-uk_surface_candidate; exact Oxford definition='a simple picture that is drawn quickly and does not have many details'; candidate='ескіз'; reverse='sketch'; lexical=1.000; candidate_definition_similarity=0.555; reverse_definition_similarity=0.599; lexical-form/POS/role/source-grounded checks PASS.
MANUAL_EMERGENCY_WORK_20260820_SECOND_PASS_V4_round01	MANUAL_EMERGENCY_WORK_20260820_FIRST_PASS_V4_round01	ox5000-067976a3fc213d3e15bc	skilled	adjective	B2	BLOCKED		BLOCKED V4: surface MT candidate does not back-translate to the exact English lexical identity; method=Helsinki-NLP/opus-mt-en-uk_surface_candidate; exact Oxford definition='having enough ability, experience and knowledge to be able to do something well'; candidate='вправний'; reverse='smart'; lexical=0.167; candidate_definition_similarity=0.343; reverse_definition_similarity=0.353.
MANUAL_EMERGENCY_WORK_20260820_SECOND_PASS_V4_round01	MANUAL_EMERGENCY_WORK_20260820_FIRST_PASS_V4_round01	ox5000-6b53840672b325aa032d	skip	verb	C1	BLOCKED		BLOCKED V4: Wiktionary candidate does not back-translate to the exact English lexical identity; method=en_wiktionary_matching_pos_uk_translation; exact Oxford definition='to move forwards lightly and quickly making a little jump with each step'; candidate='упустити'; reverse='drop'; lexical=0.250; candidate_definition_similarity=0.336; reverse_definition_similarity=0.361.
MANUAL_EMERGENCY_WORK_20260820_SECOND_PASS_V4_round01	MANUAL_EMERGENCY_WORK_20260820_FIRST_PASS_V4_round01	ox5000-1286d019f6a2e99874dc	skull	noun	B2	PASS	череп	PASS V4: concise lexical equivalent; method=Helsinki-NLP/opus-mt-en-uk_surface_candidate; exact Oxford definition='the bone structure that forms the head and surrounds and protects the brain'; candidate='череп'; reverse='skull'; lexical=1.000; candidate_definition_similarity=0.705; reverse_definition_similarity=0.628; lexical-form/POS/role/source-grounded checks PASS.
MANUAL_EMERGENCY_WORK_20260820_SECOND_PASS_V4_round01	MANUAL_EMERGENCY_WORK_20260820_FIRST_PASS_V4_round01	ox5000-5cfb8a0fa422d38e65ee	slam	verb	C1	BLOCKED		BLOCKED V4: candidate is not predominantly Ukrainian; method=Helsinki-NLP/opus-mt-en-uk_surface_candidate; exact Oxford definition='to shut, or to make something shut, with a lot of force, making a loud noise'; candidate='sock'; reverse='sock'; lexical=0.250; candidate_definition_similarity=0.096; reverse_definition_similarity=0.096.
MANUAL_EMERGENCY_WORK_20260820_SECOND_PASS_V4_round01	MANUAL_EMERGENCY_WORK_20260820_FIRST_PASS_V4_round01	ox5000-3b3a7ce403b20d8fc4af	slap	verb	C1	BLOCKED		BLOCKED V4: verb candidate is not an appropriate Ukrainian infinitive/verb phrase; method=Helsinki-NLP/opus-mt-en-uk_surface_candidate; exact Oxford definition='to hit somebody/something with the flat part of your hand'; candidate='ляпас'; reverse='slap'; lexical=1.000; candidate_definition_similarity=0.385; reverse_definition_similarity=0.672.
MANUAL_EMERGENCY_WORK_20260820_SECOND_PASS_V4_round01	MANUAL_EMERGENCY_WORK_20260820_FIRST_PASS_V4_round01	ox5000-fbee093b230e25594ad6	slash	verb	C1	BLOCKED		BLOCKED V4: verb candidate is not an appropriate Ukrainian infinitive/verb phrase; method=Helsinki-NLP/opus-mt-en-uk_surface_candidate; exact Oxford definition='to make a long cut with a sharp object, especially in a violent way'; candidate='похила риска'; reverse='slash'; lexical=1.000; candidate_definition_similarity=0.245; reverse_definition_similarity=0.374.
MANUAL_EMERGENCY_WORK_20260820_SECOND_PASS_V4_round01	MANUAL_EMERGENCY_WORK_20260820_FIRST_PASS_V4_round01	ox5000-70e90712fcd58b7b0a34	slavery	noun	C1	PASS	рабство	PASS V4: concise lexical equivalent; method=Helsinki-NLP/opus-mt-en-uk_surface_candidate; exact Oxford definition='the state of being forced to work as a slave'; candidate='рабство'; reverse='slavery'; lexical=1.000; candidate_definition_similarity=0.767; reverse_definition_similarity=0.747; lexical-form/POS/role/source-grounded checks PASS.
MANUAL_EMERGENCY_WORK_20260820_SECOND_PASS_V4_round01	MANUAL_EMERGENCY_WORK_20260820_FIRST_PASS_V4_round01	ox5000-2a995e3c360aad349aa0	slogan	noun	B2	BLOCKED		BLOCKED V4: Wiktionary candidate does not back-translate to the exact English lexical identity; method=en_wiktionary_matching_pos_uk_translation; exact Oxford definition='a word or phrase that is easy to remember, used for example by a political party or in advertising to attract people’s attention or to suggest an idea quickly'; candidate='деві́з'; reverse='di·ysʹ'; lexical=0.182; candidate_definition_similarity=0.154; reverse_definition_similarity=0.111.
MANUAL_EMERGENCY_WORK_20260820_SECOND_PASS_V4_round01	MANUAL_EMERGENCY_WORK_20260820_FIRST_PASS_V4_round01	ox5000-09549192d95b46653d2b	slot	noun	C1	BLOCKED		BLOCKED V4: Wiktionary candidate does not back-translate to the exact English lexical identity; method=en_wiktionary_matching_pos_uk_translation; exact Oxford definition='a long, narrow opening, into which you put or fit something'; candidate='шпари́на'; reverse='risriʹna'; lexical=0.167; candidate_definition_similarity=0.352; reverse_definition_similarity=0.312.
MANUAL_EMERGENCY_WORK_20260820_SECOND_PASS_V4_round01	MANUAL_EMERGENCY_WORK_20260820_FIRST_PASS_V4_round01	ox5000-45ce43966d81aa1e49c2	smash	verb	C1	BLOCKED		BLOCKED V4: Wiktionary candidate does not back-translate to the exact English lexical identity; method=en_wiktionary_matching_pos_uk_translation; exact Oxford definition='to break something, or to be broken, violently and noisily into many pieces'; candidate='розбива́тися'; reverse='break'; lexical=0.200; candidate_definition_similarity=0.654; reverse_definition_similarity=0.528.
MANUAL_EMERGENCY_WORK_20260820_SECOND_PASS_V4_round01	MANUAL_EMERGENCY_WORK_20260820_FIRST_PASS_V4_round01	ox5000-fd37b4b2ae6240ee9ec1	snap	verb	C1	BLOCKED		BLOCKED V4: verb candidate is not an appropriate Ukrainian infinitive/verb phrase; method=Helsinki-NLP/opus-mt-en-uk_surface_candidate; exact Oxford definition='to break something suddenly with a sharp noise; to be broken in this way'; candidate='захоплення'; reverse='capture'; lexical=0.364; candidate_definition_similarity=0.291; reverse_definition_similarity=0.166.
MANUAL_EMERGENCY_WORK_20260820_SECOND_PASS_V4_round01	MANUAL_EMERGENCY_WORK_20260820_FIRST_PASS_V4_round01	ox5000-13f2331bae5d898ae95a	so-called	adjective	B2	BLOCKED		BLOCKED V4: sentence-like punctuation in lexical value; method=en_wiktionary_matching_pos_uk_translation; exact Oxford definition='used to show that you do not think that the word or phrase that is being used to describe somebody/something is appropriate'; candidate='т.з.'; reverse='Yeah.'; lexical=0.154; candidate_definition_similarity=0.289; reverse_definition_similarity=0.114.
MANUAL_EMERGENCY_WORK_20260820_SECOND_PASS_V4_round01	MANUAL_EMERGENCY_WORK_20260820_FIRST_PASS_V4_round01	ox5000-20919655f6e7d5062f90	soak	verb	C1	BLOCKED		BLOCKED V4: candidate is not predominantly Ukrainian; method=Helsinki-NLP/opus-mt-en-uk_surface_candidate; exact Oxford definition='to put something in liquid for a time so that it becomes completely wet; to become completely wet in this way'; candidate='swap'; reverse='swap'; lexical=0.500; candidate_definition_similarity=-0.059; reverse_definition_similarity=-0.059.
MANUAL_EMERGENCY_WORK_20260820_SECOND_PASS_V4_round01	MANUAL_EMERGENCY_WORK_20260820_FIRST_PASS_V4_round01	ox5000-64a492fdbd43b68e3427	soar	verb	C1	BLOCKED		BLOCKED V4: verb candidate is not an appropriate Ukrainian infinitive/verb phrase; method=Helsinki-NLP/opus-mt-en-uk_surface_candidate; exact Oxford definition='if the value, amount or level of something soars , it rises very quickly'; candidate='ширяння'; reverse='latitude'; lexical=0.167; candidate_definition_similarity=0.270; reverse_definition_similarity=0.090.
MANUAL_EMERGENCY_WORK_20260820_SECOND_PASS_V4_round01	MANUAL_EMERGENCY_WORK_20260820_FIRST_PASS_V4_round01	ox5000-81811128ebe7ad5e2425	socialist	adjective	C1	BLOCKED		BLOCKED V4: Wiktionary candidate does not back-translate to the exact English lexical identity; method=en_wiktionary_matching_pos_uk_translation; exact Oxford definition='connected with socialism'; candidate='соціалісти́чний'; reverse='Socialistic'; lexical=1.000; candidate_definition_similarity=0.833; reverse_definition_similarity=0.826.
MANUAL_EMERGENCY_WORK_20260820_SECOND_PASS_V4_round01	MANUAL_EMERGENCY_WORK_20260820_FIRST_PASS_V4_round01	ox5000-5731592e4ea7dc2a7eac	sole	adjective	C1	BLOCKED		BLOCKED V4: surface MT candidate does not back-translate to the exact English lexical identity; method=Helsinki-NLP/opus-mt-en-uk_surface_candidate; exact Oxford definition='only; single'; candidate='лише'; reverse='only'; lexical=0.500; candidate_definition_similarity=0.697; reverse_definition_similarity=0.790.
MANUAL_EMERGENCY_WORK_20260820_SECOND_PASS_V4_round01	MANUAL_EMERGENCY_WORK_20260820_FIRST_PASS_V4_round01	ox5000-43d3a9fa9183ee7d1ea2	solely	adverb	C1	BLOCKED		BLOCKED V4: semantic role mismatch: Oxford definition requires person, reverse candidate looks generic; method=Helsinki-NLP/opus-mt-en-uk_surface_candidate; exact Oxford definition='only; not involving somebody/something else'; candidate='Тільки'; reverse='Only'; lexical=0.600; candidate_definition_similarity=0.635; reverse_definition_similarity=0.655.
MANUAL_EMERGENCY_WORK_20260820_SECOND_PASS_V4_round01	MANUAL_EMERGENCY_WORK_20260820_FIRST_PASS_V4_round01	ox5000-c4f3415deb86368145e7	solicitor	noun	C1	BLOCKED		BLOCKED V4: candidate is not predominantly Ukrainian; method=Helsinki-NLP/opus-mt-en-uk_surface_candidate; exact Oxford definition='a lawyer who prepares legal documents, for example for the sale of land or buildings, advises people on legal matters, and can speak for them in some courts of law'; candidate='applicator'; reverse='application'; lexical=0.500; candidate_definition_similarity=0.146; reverse_definition_similarity=0.129.
MANUAL_EMERGENCY_WORK_20260820_SECOND_PASS_V4_round01	MANUAL_EMERGENCY_WORK_20260820_FIRST_PASS_V4_round01	ox5000-0f421e0338a534c5fdbe	solidarity	noun	C1	BLOCKED		BLOCKED V4: Wiktionary lexical candidate lacks two-sided exact-definition support; method=en_wiktionary_matching_pos_uk_translation; exact Oxford definition='support by one person or group of people for another because they share feelings, opinions, aims, etc.'; candidate='соліда́рність'; reverse='solidarity'; lexical=1.000; candidate_definition_similarity=0.073; reverse_definition_similarity=0.506.
MANUAL_EMERGENCY_WORK_20260820_SECOND_PASS_V4_round01	MANUAL_EMERGENCY_WORK_20260820_FIRST_PASS_V4_round01	ox5000-504941675ad8a7232c26	solo	adjective	C1	BLOCKED		BLOCKED V4: adjective candidate has no plausible Ukrainian adjective morphology; method=Helsinki-NLP/opus-mt-en-uk_surface_candidate; exact Oxford definition='done by one person alone, without anyone helping them'; candidate='соло'; reverse='Solo'; lexical=1.000; candidate_definition_similarity=0.122; reverse_definition_similarity=0.604.
MANUAL_EMERGENCY_WORK_20260820_SECOND_PASS_V4_round01	MANUAL_EMERGENCY_WORK_20260820_FIRST_PASS_V4_round01	ox5000-bbb1638496bf283345b8	solo	noun	C1	BLOCKED		BLOCKED V4: surface MT candidate lacks two-sided exact-definition support; method=Helsinki-NLP/opus-mt-en-uk_surface_candidate; exact Oxford definition='a piece of music, dance or entertainment performed by only one person'; candidate='соло'; reverse='Solo'; lexical=1.000; candidate_definition_similarity=0.128; reverse_definition_similarity=0.470.
MANUAL_EMERGENCY_WORK_20260820_SECOND_PASS_V4_round01	MANUAL_EMERGENCY_WORK_20260820_FIRST_PASS_V4_round01	ox5000-f6ede09439d26c81a2e3	somehow	adverb	B2	BLOCKED		BLOCKED V4: multiword adverb candidate is not an adverbial phrase; method=en_wiktionary_matching_pos_uk_translation; exact Oxford definition='in a way that is not known or certain'; candidate='як-не́будь'; reverse='how-you-you-can-be'; lexical=0.240; candidate_definition_similarity=0.545; reverse_definition_similarity=0.420.
MANUAL_EMERGENCY_WORK_20260820_SECOND_PASS_V4_round01	MANUAL_EMERGENCY_WORK_20260820_FIRST_PASS_V4_round01	ox5000-293d1b73e1a52bb7a6b4	sometime	adverb	B2	BLOCKED		BLOCKED V4: multiword adverb candidate is not an adverbial phrase; method=en_wiktionary_matching_pos_uk_translation; exact Oxford definition='at a time that you do not know exactly or has not yet been decided'; candidate='коли́-небудь'; reverse='someday'; lexical=0.533; candidate_definition_similarity=0.361; reverse_definition_similarity=0.311.
MANUAL_EMERGENCY_WORK_20260820_SECOND_PASS_V4_round01	MANUAL_EMERGENCY_WORK_20260820_FIRST_PASS_V4_round01	ox5000-65d1fc396bc0804805a1	sophisticated	adjective	B2	PASS	витончений	PASS V4: concise lexical equivalent; method=Helsinki-NLP/opus-mt-en-uk_surface_candidate; exact Oxford definition='clever and complicated in the way that it works or is presented'; candidate='витончений'; reverse='sophisticated'; lexical=1.000; candidate_definition_similarity=0.486; reverse_definition_similarity=0.571; lexical-form/POS/role/source-grounded checks PASS.
MANUAL_EMERGENCY_WORK_20260820_SECOND_PASS_V4_round01	MANUAL_EMERGENCY_WORK_20260820_FIRST_PASS_V4_round01	ox5000-a6dcbf692802d9819c27	sound	adjective	C1	BLOCKED		BLOCKED V4: adjective candidate has no plausible Ukrainian adjective morphology; method=Helsinki-NLP/opus-mt-en-uk_surface_candidate; exact Oxford definition='sensible; that you can rely on and that will probably give good results'; candidate='звук'; reverse='sound'; lexical=1.000; candidate_definition_similarity=0.149; reverse_definition_similarity=0.098.
MANUAL_EMERGENCY_WORK_20260820_SECOND_PASS_V4_round01	MANUAL_EMERGENCY_WORK_20260820_FIRST_PASS_V4_round01	ox5000-5bab904f7b7385f0726a	sovereignty	noun	C1	PASS	суверенітет	PASS V4: concise lexical equivalent; method=Helsinki-NLP/opus-mt-en-uk_surface_candidate; exact Oxford definition='complete power to govern a country'; candidate='суверенітет'; reverse='Sovereignty'; lexical=1.000; candidate_definition_similarity=0.674; reverse_definition_similarity=0.656; lexical-form/POS/role/source-grounded checks PASS.
MANUAL_EMERGENCY_WORK_20260820_SECOND_PASS_V4_round01	MANUAL_EMERGENCY_WORK_20260820_FIRST_PASS_V4_round01	ox5000-94f0e84773d2caa9c3e4	spam	noun	C1	BLOCKED		BLOCKED V4: Oxford definition requires person role but source/reverse role is not independently person-like (spam); method=Helsinki-NLP/opus-mt-en-uk_surface_candidate; exact Oxford definition='advertising material sent by email to people who have not asked for it; advertising material on the internet that is not wanted'; candidate='спам'; reverse='spam'; lexical=1.000; candidate_definition_similarity=0.466; reverse_definition_similarity=0.442.
MANUAL_EMERGENCY_WORK_20260820_SECOND_PASS_V4_round01	MANUAL_EMERGENCY_WORK_20260820_FIRST_PASS_V4_round01	ox5000-8fd493c6b8c66d55716d	span	noun	C1	BLOCKED		"BLOCKED V4: Wiktionary candidate does not back-translate to the exact English lexical identity; method=en_wiktionary_matching_pos_uk_translation; exact Oxford definition='the length of time that something lasts or is able to continue'; candidate=""п'ядь""; reverse='Five.'; lexical=0.000; candidate_definition_similarity=0.188; reverse_definition_similarity=0.174."
MANUAL_EMERGENCY_WORK_20260820_SECOND_PASS_V4_round01	MANUAL_EMERGENCY_WORK_20260820_FIRST_PASS_V4_round01	ox5000-3bab93a0f0ba68954ca0	span	verb	C1	BLOCKED		BLOCKED V4: Wiktionary candidate does not back-translate to the exact English lexical identity; method=en_wiktionary_matching_pos_uk_translation; exact Oxford definition='to last all through a period of time or to cover the whole of it'; candidate='охопи́ти'; reverse='Opponents'; lexical=0.154; candidate_definition_similarity=0.334; reverse_definition_similarity=0.084.
MANUAL_EMERGENCY_WORK_20260820_SECOND_PASS_V4_round01	MANUAL_EMERGENCY_WORK_20260820_FIRST_PASS_V4_round01	ox5000-dc4fbe2d5fe2f3d96177	spare	adjective	B2	BLOCKED		BLOCKED V4: adjective candidate has no plausible Ukrainian adjective morphology; method=en_wiktionary_matching_pos_uk_translation; exact Oxford definition='available to do what you want with rather than work'; candidate='запасни́й'; reverse='Reservation'; lexical=0.250; candidate_definition_similarity=0.278; reverse_definition_similarity=0.213.
MANUAL_EMERGENCY_WORK_20260820_SECOND_PASS_V4_round01	MANUAL_EMERGENCY_WORK_20260820_FIRST_PASS_V4_round01	ox5000-b4691477dac3ae734168	spare	verb	C1	BLOCKED		BLOCKED V4: semantic role mismatch: Oxford definition requires person, reverse candidate looks generic; method=en_wiktionary_matching_pos_uk_translation; exact Oxford definition='to make something such as time or money available to somebody or for something, especially when it requires an effort for you to do this'; candidate='шкодува́ти'; reverse='regrets'; lexical=0.333; candidate_definition_similarity=0.174; reverse_definition_similarity=0.091.
MANUAL_EMERGENCY_WORK_20260820_SECOND_PASS_V4_round01	MANUAL_EMERGENCY_WORK_20260820_FIRST_PASS_V4_round01	ox5000-af276684cc6b331a5780	spark	verb	C1	BLOCKED		BLOCKED V4: verb candidate is not an appropriate Ukrainian infinitive/verb phrase; method=Helsinki-NLP/opus-mt-en-uk_surface_candidate; exact Oxford definition='to cause something to start or develop, especially suddenly'; candidate='іскра'; reverse='spark'; lexical=1.000; candidate_definition_similarity=0.210; reverse_definition_similarity=0.345.
MANUAL_EMERGENCY_WORK_20260820_SECOND_PASS_V4_round01	MANUAL_EMERGENCY_WORK_20260820_FIRST_PASS_V4_round01	ox5000-345d9d8b2f2626231f20	specialize	verb	B2	BLOCKED		BLOCKED V4: Wiktionary candidate does not back-translate to the exact English lexical identity; method=en_wiktionary_matching_pos_uk_translation; exact Oxford definition='to become an expert in a particular area of work, study or business; to spend more time on one area of work, etc. than on others'; candidate='спеціалізува́ти'; reverse='Specials'; lexical=0.778; candidate_definition_similarity=0.281; reverse_definition_similarity=0.053.
MANUAL_EMERGENCY_WORK_20260820_SECOND_PASS_V4_round01	MANUAL_EMERGENCY_WORK_20260820_FIRST_PASS_V4_round01	ox5000-59b760aca1f541ce0d42	specialized	adjective	C1	PASS	спеціалізований	PASS V4: concise lexical equivalent; method=Helsinki-NLP/opus-mt-en-uk_surface_candidate; exact Oxford definition='designed or developed for a particular purpose or area of knowledge'; candidate='спеціалізований'; reverse='specialized'; lexical=1.000; candidate_definition_similarity=0.425; reverse_definition_similarity=0.445; lexical-form/POS/role/source-grounded checks PASS.
MANUAL_EMERGENCY_WORK_20260820_SECOND_PASS_V4_round01	MANUAL_EMERGENCY_WORK_20260820_FIRST_PASS_V4_round01	ox5000-0c232fac165e903627d5	specification	noun	C1	BLOCKED		BLOCKED V4: Wiktionary lexical candidate lacks two-sided exact-definition support; method=en_wiktionary_matching_pos_uk_translation; exact Oxford definition='a detailed description of how something is, or should be, designed or made'; candidate='специфіка́ція'; reverse='specification'; lexical=1.000; candidate_definition_similarity=0.371; reverse_definition_similarity=0.392.
MANUAL_EMERGENCY_WORK_20260820_SECOND_PASS_V4_round01	MANUAL_EMERGENCY_WORK_20260820_FIRST_PASS_V4_round01	ox5000-0acb45a595cce0df20be	specify	verb	B2	BLOCKED		BLOCKED V4: Wiktionary candidate does not back-translate to the exact English lexical identity; method=en_wiktionary_matching_pos_uk_translation; exact Oxford definition='to state something, especially by giving an exact measurement, time, exact instructions, etc.'; candidate='специфікува́ти'; reverse='specifications'; lexical=0.571; candidate_definition_similarity=0.348; reverse_definition_similarity=0.443.
MANUAL_EMERGENCY_WORK_20260820_SECOND_PASS_V4_round01	MANUAL_EMERGENCY_WORK_20260820_FIRST_PASS_V4_round01	ox5000-4ab9e24a28cd210a312d	specimen	noun	C1	BLOCKED		BLOCKED V4: surface MT candidate does not back-translate to the exact English lexical identity; method=Helsinki-NLP/opus-mt-en-uk_surface_candidate; exact Oxford definition='a small amount of something that shows what the rest of it is like'; candidate='зразок'; reverse='pattern'; lexical=0.400; candidate_definition_similarity=0.496; reverse_definition_similarity=0.365.
MANUAL_EMERGENCY_WORK_20260820_SECOND_PASS_V4_round01	MANUAL_EMERGENCY_WORK_20260820_FIRST_PASS_V4_round01	ox5000-4caf07a464d00cf4d539	spectacle	noun	C1	BLOCKED		BLOCKED V4: Wiktionary candidate does not back-translate to the exact English lexical identity; method=en_wiktionary_matching_pos_uk_translation; exact Oxford definition='two lenses in a frame that rests on the nose and ears. People wear spectacles in order to be able to see better or to protect their eyes from bright light.'; candidate='видо́висько'; reverse='tall'; lexical=0.462; candidate_definition_similarity=0.233; reverse_definition_similarity=0.166.
MANUAL_EMERGENCY_WORK_20260820_SECOND_PASS_V4_round01	MANUAL_EMERGENCY_WORK_20260820_FIRST_PASS_V4_round01	ox5000-0b9548c40b5d9e0a2415	spectacular	adjective	B2	BLOCKED		BLOCKED V4: surface MT candidate does not back-translate to the exact English lexical identity; method=Helsinki-NLP/opus-mt-en-uk_surface_candidate; exact Oxford definition='very impressive'; candidate='ефектне'; reverse='effect'; lexical=0.353; candidate_definition_similarity=0.584; reverse_definition_similarity=0.372.
MANUAL_EMERGENCY_WORK_20260820_SECOND_PASS_V4_round01	MANUAL_EMERGENCY_WORK_20260820_FIRST_PASS_V4_round01	ox5000-50fef483f79b06b5214e	spectator	noun	B2	BLOCKED		BLOCKED V4: semantic role mismatch: Oxford definition requires person, reverse candidate looks generic; method=en_wiktionary_matching_pos_uk_translation; exact Oxford definition='a person who is watching an event, especially a sports event'; candidate='гляда́ч'; reverse='vahtah'; lexical=0.267; candidate_definition_similarity=0.259; reverse_definition_similarity=0.243.
MANUAL_EMERGENCY_WORK_20260820_SECOND_PASS_V4_round01	MANUAL_EMERGENCY_WORK_20260820_FIRST_PASS_V4_round01	ox5000-f782db5a9e90f01155f8	spectrum	noun	C1	PASS	спектр	PASS V4: concise lexical equivalent; method=en_wiktionary_matching_pos_uk_translation; exact Oxford definition='a band of coloured lights in order of their wavelengths , as seen in a rainbow and into which light may be separated'; candidate='спектр'; reverse='spectrum'; lexical=1.000; candidate_definition_similarity=0.558; reverse_definition_similarity=0.453; lexical-form/POS/role/source-grounded checks PASS.
MANUAL_EMERGENCY_WORK_20260820_SECOND_PASS_V4_round01	MANUAL_EMERGENCY_WORK_20260820_FIRST_PASS_V4_round01	ox5000-602abdcb3ba37942bc00	speculate	verb	B2	BLOCKED		BLOCKED V4: verb candidate is not an appropriate Ukrainian infinitive/verb phrase; method=Helsinki-NLP/opus-mt-en-uk_surface_candidate; exact Oxford definition='to form an opinion about something without knowing all the details or facts'; candidate='Припущення'; reverse='Guess'; lexical=0.143; candidate_definition_similarity=0.366; reverse_definition_similarity=0.235.
MANUAL_EMERGENCY_WORK_20260820_SECOND_PASS_V4_round01	MANUAL_EMERGENCY_WORK_20260820_FIRST_PASS_V4_round01	ox5000-c63350e4086215a6068c	speculation	noun	B2	BLOCKED		BLOCKED V4: Wiktionary lexical candidate lacks two-sided exact-definition support; method=en_wiktionary_matching_pos_uk_translation; exact Oxford definition='the act of forming opinions about what has happened or what might happen without knowing all the facts'; candidate='спекуля́ція'; reverse='speculation'; lexical=1.000; candidate_definition_similarity=0.500; reverse_definition_similarity=0.377.
MANUAL_EMERGENCY_WORK_20260820_SECOND_PASS_V4_round01	MANUAL_EMERGENCY_WORK_20260820_FIRST_PASS_V4_round01	ox5000-f320d9d13d4ccd549468	spell	noun	C1	BLOCKED		BLOCKED V4: Wiktionary candidate does not back-translate to the exact English lexical identity; method=en_wiktionary_matching_pos_uk_translation; exact Oxford definition='a short period of time during which something lasts'; candidate='заклина́ння'; reverse='incantation'; lexical=0.000; candidate_definition_similarity=0.404; reverse_definition_similarity=0.322.
MANUAL_EMERGENCY_WORK_20260820_SECOND_PASS_V4_round01	MANUAL_EMERGENCY_WORK_20260820_FIRST_PASS_V4_round01	ox5000-72a5645b1bf466d48c27	sphere	noun	C1	BLOCKED		BLOCKED V4: Wiktionary candidate does not back-translate to the exact English lexical identity; method=en_wiktionary_matching_pos_uk_translation; exact Oxford definition='a solid figure that is completely round, with every point on its surface at an equal distance from the centre'; candidate='сфе́ра'; reverse='steʹra'; lexical=0.500; candidate_definition_similarity=0.303; reverse_definition_similarity=0.283.
MANUAL_EMERGENCY_WORK_20260820_SECOND_PASS_V4_round01	MANUAL_EMERGENCY_WORK_20260820_FIRST_PASS_V4_round01	ox5000-256c8185b1dfd96e9f19	spice	noun	B2	BLOCKED		BLOCKED V4: Wiktionary candidate does not back-translate to the exact English lexical identity; method=en_wiktionary_matching_pos_uk_translation; exact Oxford definition='one of the various types of powder or seed that come from plants and are used in cooking. Spices have a strong taste and smell.'; candidate='спе́ція'; reverse='heat'; lexical=0.222; candidate_definition_similarity=0.212; reverse_definition_similarity=0.204.
MANUAL_EMERGENCY_WORK_20260820_SECOND_PASS_V4_round01	MANUAL_EMERGENCY_WORK_20260820_FIRST_PASS_V4_round01	ox5000-59f3b01cef3db8471f79	spill	verb	B2	BLOCKED		BLOCKED V4: Wiktionary lexical candidate lacks two-sided exact-definition support; method=en_wiktionary_matching_pos_uk_translation; exact Oxford definition='to flow over the edge of a container by accident; to make liquid do this'; candidate='розлива́ти'; reverse='spill'; lexical=1.000; candidate_definition_similarity=0.352; reverse_definition_similarity=0.473.
MANUAL_EMERGENCY_WORK_20260820_SECOND_PASS_V4_round01	MANUAL_EMERGENCY_WORK_20260820_FIRST_PASS_V4_round01	ox5000-24a88df216defcf68a7d	spin	noun	C1	BLOCKED		BLOCKED V4: surface MT candidate does not back-translate to the exact English lexical identity; method=Helsinki-NLP/opus-mt-en-uk_surface_candidate; exact Oxford definition='a very fast turning movement'; candidate='обертання'; reverse='rotation'; lexical=0.333; candidate_definition_similarity=0.593; reverse_definition_similarity=0.532.
MANUAL_EMERGENCY_WORK_20260820_SECOND_PASS_V4_round01	MANUAL_EMERGENCY_WORK_20260820_FIRST_PASS_V4_round01	ox5000-0de976d449afd0d958f1	spin	verb	C1	BLOCKED		BLOCKED V4: Wiktionary candidate does not back-translate to the exact English lexical identity; method=en_wiktionary_matching_pos_uk_translation; exact Oxford definition='to turn round and round quickly; to make something do this'; candidate='оберта́тися'; reverse='rotate'; lexical=0.000; candidate_definition_similarity=0.484; reverse_definition_similarity=0.483.
MANUAL_EMERGENCY_WORK_20260820_SECOND_PASS_V4_round01	MANUAL_EMERGENCY_WORK_20260820_FIRST_PASS_V4_round01	ox5000-b97520fdd3dde5fb23d2	spine	noun	C1	BLOCKED		BLOCKED V4: Wiktionary candidate does not back-translate to the exact English lexical identity; method=en_wiktionary_matching_pos_uk_translation; exact Oxford definition='the row of small bones that are connected together down the middle of the back'; candidate='хребе́т'; reverse='Krebeth'; lexical=0.167; candidate_definition_similarity=0.334; reverse_definition_similarity=0.333.
MANUAL_EMERGENCY_WORK_20260820_SECOND_PASS_V4_round01	MANUAL_EMERGENCY_WORK_20260820_FIRST_PASS_V4_round01	ox5000-8b05c3e4886c904c7b15	spite	noun	B2	BLOCKED		BLOCKED V4: Oxford definition requires person role but source/reverse role is not independently person-like (spite); method=en_wiktionary_matching_pos_uk_translation; exact Oxford definition='a feeling of wanting to hurt or upset somebody'; candidate='злість'; reverse='spite'; lexical=1.000; candidate_definition_similarity=0.568; reverse_definition_similarity=0.397.
MANUAL_EMERGENCY_WORK_20260820_SECOND_PASS_V4_round01	MANUAL_EMERGENCY_WORK_20260820_FIRST_PASS_V4_round01	ox5000-14d85262aab9f4e3bb18	spoil	verb	B2	BLOCKED		BLOCKED V4: Wiktionary candidate does not back-translate to the exact English lexical identity; method=en_wiktionary_matching_pos_uk_translation; exact Oxford definition='to change something good into something bad, unpleasant, etc.'; candidate='псува́ти'; reverse='trasuaʹte'; lexical=0.143; candidate_definition_similarity=0.348; reverse_definition_similarity=0.214.
MANUAL_EMERGENCY_WORK_20260820_SECOND_PASS_V4_round01	MANUAL_EMERGENCY_WORK_20260820_FIRST_PASS_V4_round01	ox5000-7ede5024152dd882302d	spokesman	noun	B2	BLOCKED		BLOCKED V4: Wiktionary candidate does not back-translate to the exact English lexical identity; method=en_wiktionary_matching_pos_uk_translation; exact Oxford definition='a person who speaks for a group or an organization'; candidate='спі́кер'; reverse='speaker'; lexical=0.500; candidate_definition_similarity=0.350; reverse_definition_similarity=0.568.
MANUAL_EMERGENCY_WORK_20260820_SECOND_PASS_V4_round01	MANUAL_EMERGENCY_WORK_20260820_FIRST_PASS_V4_round01	ox5000-771535acfeed7beab067	spokesperson	noun	B2	BLOCKED		BLOCKED V4: semantic role mismatch: Oxford definition requires person, reverse candidate looks generic; method=en_wiktionary_matching_pos_uk_translation; exact Oxford definition='a person who speaks for a group or an organization'; candidate='ре́чниця'; reverse='phrase'; lexical=0.222; candidate_definition_similarity=0.359; reverse_definition_similarity=0.495.
MANUAL_EMERGENCY_WORK_20260820_SECOND_PASS_V4_round01	MANUAL_EMERGENCY_WORK_20260820_FIRST_PASS_V4_round01	ox5000-9c15615ce8548856f3f4	spokeswoman	noun	B2	BLOCKED		BLOCKED V4: Wiktionary candidate does not back-translate to the exact English lexical identity; method=en_wiktionary_matching_pos_uk_translation; exact Oxford definition='a woman who speaks for a group or an organization'; candidate='ре́чниця'; reverse='phrase'; lexical=0.235; candidate_definition_similarity=0.312; reverse_definition_similarity=0.382.
MANUAL_EMERGENCY_WORK_20260820_SECOND_PASS_V4_round01	MANUAL_EMERGENCY_WORK_20260820_FIRST_PASS_V4_round01	ox5000-b2661fb6e14062c3248f	sponsorship	noun	B2	BLOCKED		BLOCKED V4: surface MT candidate does not back-translate to the exact English lexical identity; method=Helsinki-NLP/opus-mt-en-uk_surface_candidate; exact Oxford definition='financial support from a sponsor'; candidate='спонсорування'; reverse='sponsoring'; lexical=0.762; candidate_definition_similarity=0.769; reverse_definition_similarity=0.801.
MANUAL_EMERGENCY_WORK_20260820_SECOND_PASS_V4_round01	MANUAL_EMERGENCY_WORK_20260820_FIRST_PASS_V4_round01	ox5000-9071c6c768dd47a699e1	sporting	adjective	B2	BLOCKED		BLOCKED V4: Wiktionary candidate does not back-translate to the exact English lexical identity; method=en_wiktionary_matching_pos_uk_translation; exact Oxford definition='connected with sports'; candidate='спорти́вний'; reverse='sport'; lexical=1.000; candidate_definition_similarity=0.590; reverse_definition_similarity=0.802.
MANUAL_EMERGENCY_WORK_20260820_SECOND_PASS_V4_round01	MANUAL_EMERGENCY_WORK_20260820_FIRST_PASS_V4_round01	ox5000-7ec49338a4a6d9c02a0f	spotlight	noun	C1	BLOCKED		BLOCKED V4: surface MT candidate does not back-translate to the exact English lexical identity; method=Helsinki-NLP/opus-mt-en-uk_surface_candidate; exact Oxford definition='a light with a single, very bright beam that can be directed at a particular place or person, especially a performer on the stage'; candidate='прожектор'; reverse='floodlight'; lexical=0.632; candidate_definition_similarity=0.328; reverse_definition_similarity=0.445.
MANUAL_EMERGENCY_WORK_20260820_SECOND_PASS_V4_round01	MANUAL_EMERGENCY_WORK_20260820_FIRST_PASS_V4_round01	ox5000-74d7b573de8710a0722e	spouse	noun	C1	BLOCKED		BLOCKED V4: Wiktionary candidate does not back-translate to the exact English lexical identity; method=en_wiktionary_matching_pos_uk_translation; exact Oxford definition='a husband or wife'; candidate='чолові́к'; reverse='Male'; lexical=0.200; candidate_definition_similarity=0.459; reverse_definition_similarity=0.396.
MANUAL_EMERGENCY_WORK_20260820_SECOND_PASS_V4_round01	MANUAL_EMERGENCY_WORK_20260820_FIRST_PASS_V4_round01	ox5000-0aa63cde40e1bdba7606	spy	noun	C1	BLOCKED		BLOCKED V4: semantic role mismatch: Oxford definition requires person, reverse candidate looks generic; method=en_wiktionary_matching_pos_uk_translation; exact Oxford definition='a person who tries to get secret information about another country, organization or person, especially somebody who is employed by a government or the police'; candidate='шпигу́н'; reverse='rygün'; lexical=0.250; candidate_definition_similarity=0.510; reverse_definition_similarity=0.218.
MANUAL_EMERGENCY_WORK_20260820_SECOND_PASS_V4_round01	MANUAL_EMERGENCY_WORK_20260820_FIRST_PASS_V4_round01	ox5000-c2a6686ec496e6cb62f6	spy	verb	C1	PASS	шпигувати	PASS V4: concise lexical equivalent; method=en_wiktionary_matching_pos_uk_translation; exact Oxford definition='to collect secret information about another country, organization or person'; candidate='шпигувати'; reverse='spy'; lexical=1.000; candidate_definition_similarity=0.470; reverse_definition_similarity=0.440; lexical-form/POS/role/source-grounded checks PASS.
MANUAL_EMERGENCY_WORK_20260820_SECOND_PASS_V4_round01	MANUAL_EMERGENCY_WORK_20260820_FIRST_PASS_V4_round01	ox5000-71db30d2a889c264257c	squad	noun	C1	BLOCKED		BLOCKED V4: Wiktionary candidate does not back-translate to the exact English lexical identity; method=en_wiktionary_matching_pos_uk_translation; exact Oxford definition='a section of a police force that deals with a particular type of crime'; candidate='кома́нда'; reverse='Comanda'; lexical=0.333; candidate_definition_similarity=0.192; reverse_definition_similarity=0.180.
MANUAL_EMERGENCY_WORK_20260820_SECOND_PASS_V4_round01	MANUAL_EMERGENCY_WORK_20260820_FIRST_PASS_V4_round01	ox5000-626b716b54d1acca747d	squeeze	verb	C1	BLOCKED		BLOCKED V4: Wiktionary candidate does not back-translate to the exact English lexical identity; method=en_wiktionary_matching_pos_uk_translation; exact Oxford definition='to press something, especially with your fingers'; candidate='ти́снути'; reverse='tingling'; lexical=0.000; candidate_definition_similarity=0.385; reverse_definition_similarity=0.375.
MANUAL_EMERGENCY_WORK_20260820_SECOND_PASS_V4_round01	MANUAL_EMERGENCY_WORK_20260820_FIRST_PASS_V4_round01	ox5000-e6f44a958562bf7abf7c	stab	verb	C1	BLOCKED		BLOCKED V4: verb candidate is not an appropriate Ukrainian infinitive/verb phrase; method=Helsinki-NLP/opus-mt-en-uk_surface_candidate; exact Oxford definition='to push a sharp, pointed object, especially a knife, into somebody, killing or injuring them'; candidate='удар'; reverse='strike'; lexical=0.400; candidate_definition_similarity=0.452; reverse_definition_similarity=0.301.
MANUAL_EMERGENCY_WORK_20260820_SECOND_PASS_V4_round01	MANUAL_EMERGENCY_WORK_20260820_FIRST_PASS_V4_round01	ox5000-442407d81c34948f3e01	stability	noun	C1	PASS	стабі́льність	PASS V4: concise lexical equivalent; method=en_wiktionary_matching_pos_uk_translation; exact Oxford definition='the quality or state of being steady and not changing or being upset in any way (= the quality of being stable)'; candidate='стабі́льність'; reverse='Stability'; lexical=1.000; candidate_definition_similarity=0.403; reverse_definition_similarity=0.509; lexical-form/POS/role/source-grounded checks PASS.
MANUAL_EMERGENCY_WORK_20260820_SECOND_PASS_V4_round01	MANUAL_EMERGENCY_WORK_20260820_FIRST_PASS_V4_round01	ox5000-fd492cc26eb07b2e4fa9	stabilize	verb	C1	PASS	стабілізува́тися	PASS V4: concise lexical equivalent; method=en_wiktionary_matching_pos_uk_translation; exact Oxford definition='to become or to make something become steady and unlikely to change; to make something stable'; candidate='стабілізува́тися'; reverse='Stabilize'; lexical=1.000; candidate_definition_similarity=0.518; reverse_definition_similarity=0.441; lexical-form/POS/role/source-grounded checks PASS.
MANUAL_EMERGENCY_WORK_20260820_SECOND_PASS_V4_round01	MANUAL_EMERGENCY_WORK_20260820_FIRST_PASS_V4_round01	ox5000-1f971ffc38a84dfdc9eb	stake	noun	C1	BLOCKED		BLOCKED V4: semantic role mismatch: Oxford definition requires person, reverse candidate looks generic; method=en_wiktionary_matching_pos_uk_translation; exact Oxford definition='money that somebody invests in a company'; candidate='кіл'; reverse='circles'; lexical=0.167; candidate_definition_similarity=0.152; reverse_definition_similarity=0.098.
MANUAL_EMERGENCY_WORK_20260820_SECOND_PASS_V4_round01	MANUAL_EMERGENCY_WORK_20260820_FIRST_PASS_V4_round01	ox5000-8eaceadbb1ee581b62f9	stall	noun	B2	BLOCKED		BLOCKED V4: Wiktionary candidate does not back-translate to the exact English lexical identity; method=en_wiktionary_matching_pos_uk_translation; exact Oxford definition='a table or small shop with an open front that people sell things from, especially at a market'; candidate='ларьо́к'; reverse='Lareux'; lexical=0.182; candidate_definition_similarity=0.198; reverse_definition_similarity=0.212.
MANUAL_EMERGENCY_WORK_20260820_SECOND_PASS_V4_round01	MANUAL_EMERGENCY_WORK_20260820_FIRST_PASS_V4_round01	ox5000-7a3a677b37b7297ea39e	stance	noun	B2	BLOCKED		BLOCKED V4: semantic role mismatch: Oxford definition requires person, reverse candidate looks process; method=Helsinki-NLP/opus-mt-en-uk_surface_candidate; exact Oxford definition='the opinions that somebody has about something and expresses publicly'; candidate='Позиція'; reverse='Position'; lexical=0.429; candidate_definition_similarity=0.288; reverse_definition_similarity=0.214.
MANUAL_EMERGENCY_WORK_20260820_SECOND_PASS_V4_round01	MANUAL_EMERGENCY_WORK_20260820_FIRST_PASS_V4_round01	ox5000-980507a355dc07024a5e	standing	adjective	C1	PASS	стояння	PASS V4: concise lexical equivalent; method=Helsinki-NLP/opus-mt-en-uk_surface_candidate; exact Oxford definition='done from a position in which you are standing rather than sitting or running'; candidate='стояння'; reverse='standing'; lexical=1.000; candidate_definition_similarity=0.581; reverse_definition_similarity=0.457; lexical-form/POS/role/source-grounded checks PASS.
MANUAL_EMERGENCY_WORK_20260820_SECOND_PASS_V4_round01	MANUAL_EMERGENCY_WORK_20260820_FIRST_PASS_V4_round01	ox5000-4a62354eea2aa0c1fe7e	stark	adjective	C1	BLOCKED		BLOCKED V4: surface MT candidate does not back-translate to the exact English lexical identity; method=Helsinki-NLP/opus-mt-en-uk_surface_candidate; exact Oxford definition='unpleasant; real, and impossible to avoid'; candidate='гнучкий'; reverse='soft'; lexical=0.444; candidate_definition_similarity=0.550; reverse_definition_similarity=0.357.
MANUAL_EMERGENCY_WORK_20260820_SECOND_PASS_V4_round01	MANUAL_EMERGENCY_WORK_20260820_FIRST_PASS_V4_round01	ox5000-cdc26e4c72368b040b24	starve	verb	B2	BLOCKED		BLOCKED V4: semantic role mismatch: Oxford definition requires person, reverse candidate looks process; method=en_wiktionary_matching_pos_uk_translation; exact Oxford definition='to suffer or die because you do not have enough food to eat; to make somebody suffer or die in this way'; candidate='голодува́ти'; reverse='Starving'; lexical=0.714; candidate_definition_similarity=0.497; reverse_definition_similarity=0.541.
MANUAL_EMERGENCY_WORK_20260820_SECOND_PASS_V4_round01	MANUAL_EMERGENCY_WORK_20260820_FIRST_PASS_V4_round01	ox5000-616ed2e87cf312a1d154	statistical	adjective	C1	PASS	статисти́чний	PASS V4: concise lexical equivalent; method=en_wiktionary_matching_pos_uk_translation; exact Oxford definition='connected with or based on statistics'; candidate='статисти́чний'; reverse='statistical'; lexical=1.000; candidate_definition_similarity=0.592; reverse_definition_similarity=0.578; lexical-form/POS/role/source-grounded checks PASS.
MANUAL_EMERGENCY_WORK_20260820_SECOND_PASS_V4_round01	MANUAL_EMERGENCY_WORK_20260820_FIRST_PASS_V4_round01	ox5000-1d6a1167f6e0068fbfc2	steadily	adverb	B2	BLOCKED		BLOCKED V4: surface MT candidate does not back-translate to the exact English lexical identity; method=Helsinki-NLP/opus-mt-en-uk_surface_candidate; exact Oxford definition='gradually and in an even and regular way'; candidate='неухильно'; reverse='rigidly'; lexical=0.400; candidate_definition_similarity=0.351; reverse_definition_similarity=0.396.
MANUAL_EMERGENCY_WORK_20260820_SECOND_PASS_V4_round01	MANUAL_EMERGENCY_WORK_20260820_FIRST_PASS_V4_round01	ox5000-14abb43eba14f012e5eb	steam	noun	B2	BLOCKED		BLOCKED V4: Wiktionary candidate does not back-translate to the exact English lexical identity; method=en_wiktionary_matching_pos_uk_translation; exact Oxford definition='the hot gas that water changes into when it boils'; candidate='па́ра'; reverse='paʹra'; lexical=0.200; candidate_definition_similarity=0.078; reverse_definition_similarity=0.039.
MANUAL_EMERGENCY_WORK_20260820_SECOND_PASS_V4_round01	MANUAL_EMERGENCY_WORK_20260820_FIRST_PASS_V4_round01	ox5000-f26f65eeec860e7aee0e	steer	verb	C1	BLOCKED		BLOCKED V4: candidate is not predominantly Ukrainian; method=Helsinki-NLP/opus-mt-en-uk_surface_candidate; exact Oxford definition='to control the direction in which a boat, car, etc. moves'; candidate='wheel'; reverse='sheel'; lexical=0.600; candidate_definition_similarity=0.421; reverse_definition_similarity=0.137.
MANUAL_EMERGENCY_WORK_20260820_SECOND_PASS_V4_round01	MANUAL_EMERGENCY_WORK_20260820_FIRST_PASS_V4_round01	ox5000-13c31eaba6790c6b13a1	stem	noun	C1	BLOCKED		BLOCKED V4: Wiktionary candidate does not back-translate to the exact English lexical identity; method=en_wiktionary_matching_pos_uk_translation; exact Oxford definition='the main long, thin part of a plant above the ground from which the leaves or flowers grow; a smaller part that grows from this and supports flowers or leaves'; candidate='стебло́'; reverse='stalk'; lexical=0.444; candidate_definition_similarity=0.307; reverse_definition_similarity=0.254.
MANUAL_EMERGENCY_WORK_20260820_SECOND_PASS_V4_round01	MANUAL_EMERGENCY_WORK_20260820_FIRST_PASS_V4_round01	ox5000-953f191b3f02189d014a	stem	verb	C1	BLOCKED		BLOCKED V4: verb candidate is not an appropriate Ukrainian infinitive/verb phrase; method=Helsinki-NLP/opus-mt-en-uk_surface_candidate; exact Oxford definition='to stop something that is flowing from spreading or increasing'; candidate='стовбур'; reverse='trunk'; lexical=0.222; candidate_definition_similarity=0.222; reverse_definition_similarity=0.032.
MANUAL_EMERGENCY_WORK_20260820_SECOND_PASS_V4_round01	MANUAL_EMERGENCY_WORK_20260820_FIRST_PASS_V4_round01	ox5000-e38d745fe829cedf1374	stereotype	noun	C1	BLOCKED		BLOCKED V4: noun candidate is verbal; method=en_wiktionary_matching_pos_uk_translation; exact Oxford definition='a fixed idea or image that many people have of a particular type of person or thing, but which is often not true in reality and may cause hurt and offence'; candidate='стереоти́п'; reverse='stereo·tipʹ'; lexical=0.800; candidate_definition_similarity=0.275; reverse_definition_similarity=0.122.
MANUAL_EMERGENCY_WORK_20260820_SECOND_PASS_V4_round01	MANUAL_EMERGENCY_WORK_20260820_FIRST_PASS_V4_round01	ox5000-3f1e3d183d1cbfa4b4c6	stimulate	verb	B2	BLOCKED		BLOCKED V4: Wiktionary candidate does not back-translate to the exact English lexical identity; method=en_wiktionary_matching_pos_uk_translation; exact Oxford definition='to make something develop or become more active; to encourage something'; candidate='стимулюва́ти'; reverse='incentives'; lexical=0.316; candidate_definition_similarity=0.633; reverse_definition_similarity=0.371.
MANUAL_EMERGENCY_WORK_20260820_SECOND_PASS_V4_round01	MANUAL_EMERGENCY_WORK_20260820_FIRST_PASS_V4_round01	ox5000-9ac8563a536ea0c05871	stimulus	noun	C1	BLOCKED		BLOCKED V4: semantic role mismatch: Oxford definition requires person, reverse candidate looks process; method=Helsinki-NLP/opus-mt-en-uk_surface_candidate; exact Oxford definition='something that helps somebody/something to develop better or more quickly'; candidate='стимулювання'; reverse='stimulation'; lexical=0.632; candidate_definition_similarity=0.469; reverse_definition_similarity=0.434.
MANUAL_EMERGENCY_WORK_20260820_SECOND_PASS_V4_round01	MANUAL_EMERGENCY_WORK_20260820_FIRST_PASS_V4_round01	ox5000-89ee912889a76e3be149	stir	verb	C1	BLOCKED		BLOCKED V4: Wiktionary candidate does not back-translate to the exact English lexical identity; method=en_wiktionary_matching_pos_uk_translation; exact Oxford definition='to move a liquid or substance around, using a spoon or something similar, in order to mix it completely'; candidate='ру́хатися'; reverse='Move'; lexical=0.000; candidate_definition_similarity=0.226; reverse_definition_similarity=0.210.
MANUAL_EMERGENCY_WORK_20260820_SECOND_PASS_V4_round01	MANUAL_EMERGENCY_WORK_20260820_FIRST_PASS_V4_round01	ox5000-5a639bd32b6fa05828e2	storage	noun	C1	BLOCKED		BLOCKED V4: surface MT candidate lacks two-sided exact-definition support; method=Helsinki-NLP/opus-mt-en-uk_surface_candidate; exact Oxford definition='the process of keeping something in a particular place until it is needed; the space where things can be kept'; candidate='зберігання'; reverse='storage'; lexical=1.000; candidate_definition_similarity=0.445; reverse_definition_similarity=0.393.
MANUAL_EMERGENCY_WORK_20260820_SECOND_PASS_V4_round01	MANUAL_EMERGENCY_WORK_20260820_FIRST_PASS_V4_round01	ox5000-f6b29aa22c04b745a26a	straightforward	adjective	C1	BLOCKED		BLOCKED V4: Wiktionary candidate does not back-translate to the exact English lexical identity; method=en_wiktionary_matching_pos_uk_translation; exact Oxford definition='easy to do or to understand; not complicated'; candidate='че́сний'; reverse='is clear'; lexical=0.261; candidate_definition_similarity=0.415; reverse_definition_similarity=0.384.
MANUAL_EMERGENCY_WORK_20260820_SECOND_PASS_V4_round01	MANUAL_EMERGENCY_WORK_20260820_FIRST_PASS_V4_round01	ox5000-9459734beb39d10c7e71	strain	noun	C1	BLOCKED		BLOCKED V4: Wiktionary lexical candidate lacks two-sided exact-definition support; method=en_wiktionary_matching_pos_uk_translation; exact Oxford definition='pressure on a system or relationship because great demands are being placed on it'; candidate='штам'; reverse='strain'; lexical=1.000; candidate_definition_similarity=0.185; reverse_definition_similarity=0.332.
MANUAL_EMERGENCY_WORK_20260820_SECOND_PASS_V4_round01	MANUAL_EMERGENCY_WORK_20260820_FIRST_PASS_V4_round01	ox5000-a1c00469b0bc4fe597c6	strand	noun	C1	BLOCKED		BLOCKED V4: surface MT candidate does not back-translate to the exact English lexical identity; method=Helsinki-NLP/opus-mt-en-uk_surface_candidate; exact Oxford definition='a single thin piece of thread , wire, hair, etc.'; candidate='Нитка'; reverse='Thread'; lexical=0.667; candidate_definition_similarity=0.296; reverse_definition_similarity=0.506.
MANUAL_EMERGENCY_WORK_20260820_SECOND_PASS_V4_round01	MANUAL_EMERGENCY_WORK_20260820_FIRST_PASS_V4_round01	ox5000-f4d56c8c46e4d6f772c3	strategic	adjective	C1	PASS	стратегічний	PASS V4: concise lexical equivalent; method=Helsinki-NLP/opus-mt-en-uk_surface_candidate; exact Oxford definition='done as part of a plan that is meant to achieve a particular purpose or to gain an advantage'; candidate='стратегічний'; reverse='strategic'; lexical=1.000; candidate_definition_similarity=0.521; reverse_definition_similarity=0.557; lexical-form/POS/role/source-grounded checks PASS.
MANUAL_EMERGENCY_WORK_20260820_SECOND_PASS_V4_round01	MANUAL_EMERGENCY_WORK_20260820_FIRST_PASS_V4_round01	ox5000-17714dd4e4a9a5258b0d	strengthen	verb	B2	BLOCKED		BLOCKED V4: verb candidate is not an appropriate Ukrainian infinitive/verb phrase; method=Helsinki-NLP/opus-mt-en-uk_surface_candidate; exact Oxford definition='to become more powerful or effective; to make somebody/something more powerful or effective'; candidate='зміцнення'; reverse='strengthen'; lexical=1.000; candidate_definition_similarity=0.566; reverse_definition_similarity=0.504.
MANUAL_EMERGENCY_WORK_20260820_SECOND_PASS_V4_round01	MANUAL_EMERGENCY_WORK_20260820_FIRST_PASS_V4_round01	ox5000-5596e88919f103c35872	strictly	adverb	B2	BLOCKED		BLOCKED V4: surface MT candidate does not back-translate to the exact English lexical identity; method=Helsinki-NLP/opus-mt-en-uk_surface_candidate; exact Oxford definition='with a lot of control and rules that must be obeyed'; candidate='строго'; reverse='strict'; lexical=1.000; candidate_definition_similarity=0.406; reverse_definition_similarity=0.559.
MANUAL_EMERGENCY_WORK_20260820_SECOND_PASS_V4_round01	MANUAL_EMERGENCY_WORK_20260820_FIRST_PASS_V4_round01	ox5000-41f1166ff1765ca1a266	striking	adjective	C1	BLOCKED		BLOCKED V4: surface MT candidate does not back-translate to the exact English lexical identity; method=Helsinki-NLP/opus-mt-en-uk_surface_candidate; exact Oxford definition='interesting and unusual enough to attract attention'; candidate='ударний'; reverse='percussion'; lexical=0.333; candidate_definition_similarity=0.310; reverse_definition_similarity=0.098.
MANUAL_EMERGENCY_WORK_20260820_SECOND_PASS_V4_round01	MANUAL_EMERGENCY_WORK_20260820_FIRST_PASS_V4_round01	ox5000-257a7edd9932fb46a134	strip	noun	C1	BLOCKED		BLOCKED V4: surface MT candidate does not back-translate to the exact English lexical identity; method=Helsinki-NLP/opus-mt-en-uk_surface_candidate; exact Oxford definition='a long narrow piece of paper, metal, cloth, etc.'; candidate='смужка'; reverse='bar'; lexical=0.250; candidate_definition_similarity=0.405; reverse_definition_similarity=0.196.
MANUAL_EMERGENCY_WORK_20260820_SECOND_PASS_V4_round01	MANUAL_EMERGENCY_WORK_20260820_FIRST_PASS_V4_round01	ox5000-8fdf7c3fa1ff0749e888	strip	verb	C1	BLOCKED		BLOCKED V4: verb candidate is not an appropriate Ukrainian infinitive/verb phrase; method=Helsinki-NLP/opus-mt-en-uk_surface_candidate; exact Oxford definition='to take off all or most of your clothes or another person’s clothes'; candidate='смужка'; reverse='bar'; lexical=0.250; candidate_definition_similarity=0.184; reverse_definition_similarity=0.101.
MANUAL_EMERGENCY_WORK_20260820_SECOND_PASS_V4_round01	MANUAL_EMERGENCY_WORK_20260820_FIRST_PASS_V4_round01	ox5000-a00df9b6f8f4eda1bb71	strive	verb	C1	BLOCKED		BLOCKED V4: candidate is not predominantly Ukrainian; method=Helsinki-NLP/opus-mt-en-uk_surface_candidate; exact Oxford definition='to try very hard to achieve something'; candidate='supplicate'; reverse='Supplicate'; lexical=0.375; candidate_definition_similarity=0.379; reverse_definition_similarity=0.356.
MANUAL_EMERGENCY_WORK_20260820_SECOND_PASS_V4_round01	MANUAL_EMERGENCY_WORK_20260820_FIRST_PASS_V4_round01	ox5000-daeb6d79b4d634b68b53	stroke	noun	B2	BLOCKED		BLOCKED V4: semantic role mismatch: Oxford definition requires process, reverse candidate looks generic; method=Helsinki-NLP/opus-mt-en-uk_surface_candidate; exact Oxford definition='an act of hitting a ball, for example with a bat or racket'; candidate='штрих'; reverse='dashes'; lexical=0.333; candidate_definition_similarity=0.301; reverse_definition_similarity=0.280.
MANUAL_EMERGENCY_WORK_20260820_SECOND_PASS_V4_round01	MANUAL_EMERGENCY_WORK_20260820_FIRST_PASS_V4_round01	ox5000-49b93769290b41d3ccca	structural	adjective	C1	PASS	структурна	PASS V4: concise lexical equivalent; method=Helsinki-NLP/opus-mt-en-uk_surface_candidate; exact Oxford definition='connected with the way in which something is built or organized'; candidate='структурна'; reverse='structural'; lexical=1.000; candidate_definition_similarity=0.523; reverse_definition_similarity=0.477; lexical-form/POS/role/source-grounded checks PASS.
MANUAL_EMERGENCY_WORK_20260820_SECOND_PASS_V4_round01	MANUAL_EMERGENCY_WORK_20260820_FIRST_PASS_V4_round01	ox5000-e83d2cfb6067f7ef6f2b	stumble	verb	C1	BLOCKED		BLOCKED V4: surface MT candidate does not back-translate to the exact English lexical identity; method=Helsinki-NLP/opus-mt-en-uk_surface_candidate; exact Oxford definition='to hit your foot against something while you are walking or running and almost fall'; candidate='спіткнутися'; reverse='trip'; lexical=0.182; candidate_definition_similarity=0.396; reverse_definition_similarity=0.121.
MANUAL_EMERGENCY_WORK_20260820_SECOND_PASS_V4_round01	MANUAL_EMERGENCY_WORK_20260820_FIRST_PASS_V4_round01	ox5000-55ac4bfa74eaba162150	stun	verb	C1	BLOCKED		BLOCKED V4: candidate is not predominantly Ukrainian; method=Helsinki-NLP/opus-mt-en-uk_surface_candidate; exact Oxford definition='to make a person or an animal unconscious for a short time, especially by hitting them on the head'; candidate='stun'; reverse='stun'; lexical=1.000; candidate_definition_similarity=0.202; reverse_definition_similarity=0.202.
MANUAL_EMERGENCY_WORK_20260820_SECOND_PASS_V4_round01	MANUAL_EMERGENCY_WORK_20260820_FIRST_PASS_V4_round01	ox5000-d26b4cc191e0d78756fd	stunning	adjective	B2	PASS	Приголомшливий	PASS V4: concise lexical equivalent; method=Helsinki-NLP/opus-mt-en-uk_surface_candidate; exact Oxford definition='extremely attractive or impressive'; candidate='Приголомшливий'; reverse='Stunning'; lexical=1.000; candidate_definition_similarity=0.545; reverse_definition_similarity=0.482; lexical-form/POS/role/source-grounded checks PASS.
MANUAL_EMERGENCY_WORK_20260820_SECOND_PASS_V4_round01	MANUAL_EMERGENCY_WORK_20260820_FIRST_PASS_V4_round01	ox5000-3d00922475004cf93a94	submission	noun	C1	BLOCKED		BLOCKED V4: Oxford definition requires person role but source/reverse role is not independently person-like (submission); method=Helsinki-NLP/opus-mt-en-uk_surface_candidate; exact Oxford definition='the act of accepting that somebody has defeated you and that you must obey them'; candidate='Підкорення'; reverse='Submission'; lexical=1.000; candidate_definition_similarity=0.670; reverse_definition_similarity=0.336.
MANUAL_EMERGENCY_WORK_20260820_SECOND_PASS_V4_round01	MANUAL_EMERGENCY_WORK_20260820_FIRST_PASS_V4_round01	ox5000-f2e7ff182fba2f7b32ce	subscriber	noun	C1	BLOCKED		BLOCKED V4: surface MT candidate does not back-translate to the exact English lexical identity; method=Helsinki-NLP/opus-mt-en-uk_surface_candidate; exact Oxford definition='a person who pays money, usually once a year, to receive regular copies of a magazine or newspaper or have access to it online'; candidate='підписник'; reverse='signer'; lexical=0.500; candidate_definition_similarity=0.359; reverse_definition_similarity=0.132.
MANUAL_EMERGENCY_WORK_20260820_SECOND_PASS_V4_round01	MANUAL_EMERGENCY_WORK_20260820_FIRST_PASS_V4_round01	ox5000-82524e734d9ba7cdeb6d	subscription	noun	C1	BLOCKED		BLOCKED V4: surface MT candidate lacks two-sided exact-definition support; method=Helsinki-NLP/opus-mt-en-uk_surface_candidate; exact Oxford definition='an amount of money that you pay regularly to receive a service, be a member of a club, support a charity or receive regular copies of a newspaper or magazine; the act of paying this money'; candidate='Підписка'; reverse='Subscription'; lexical=1.000; candidate_definition_similarity=0.253; reverse_definition_similarity=0.249.
MANUAL_EMERGENCY_WORK_20260820_SECOND_PASS_V4_round01	MANUAL_EMERGENCY_WORK_20260820_FIRST_PASS_V4_round01	ox5000-723f59ddea1be37debf4	subsequent	adjective	B2	BLOCKED		BLOCKED V4: surface MT candidate does not back-translate to the exact English lexical identity; method=Helsinki-NLP/opus-mt-en-uk_surface_candidate; exact Oxford definition='happening or coming after something else'; candidate='Наступне'; reverse='Next'; lexical=0.286; candidate_definition_similarity=0.500; reverse_definition_similarity=0.477.
MANUAL_EMERGENCY_WORK_20260820_SECOND_PASS_V4_round01	MANUAL_EMERGENCY_WORK_20260820_FIRST_PASS_V4_round01	ox5000-deeafc102a5fc0edcb7e	subsequently	adverb	B2	BLOCKED		BLOCKED V4: surface MT candidate does not back-translate to the exact English lexical identity; method=Helsinki-NLP/opus-mt-en-uk_surface_candidate; exact Oxford definition='afterwards; later; after something else has happened'; candidate='Згодом'; reverse='Later'; lexical=0.118; candidate_definition_similarity=0.466; reverse_definition_similarity=0.699.
MANUAL_EMERGENCY_WORK_20260820_SECOND_PASS_V4_round01	MANUAL_EMERGENCY_WORK_20260820_FIRST_PASS_V4_round01	ox5000-4a4f06882bc795737f54	subsidy	noun	C1	BLOCKED		BLOCKED V4: candidate is not predominantly Ukrainian; method=Helsinki-NLP/opus-mt-en-uk_surface_candidate; exact Oxford definition='money that is paid by a government or an organization to reduce the costs of services or of producing goods so that their prices can be kept low'; candidate='subsidy'; reverse='subsidy'; lexical=1.000; candidate_definition_similarity=0.461; reverse_definition_similarity=0.461.
MANUAL_EMERGENCY_WORK_20260820_SECOND_PASS_V4_round01	MANUAL_EMERGENCY_WORK_20260820_FIRST_PASS_V4_round01	ox5000-8497fff50f2f4451b1fa	substantial	adjective	C1	BLOCKED		BLOCKED V4: candidate is not predominantly Ukrainian; method=Helsinki-NLP/opus-mt-en-uk_surface_candidate; exact Oxford definition='large in amount, value or importance'; candidate='valid'; reverse='valid'; lexical=0.250; candidate_definition_similarity=0.213; reverse_definition_similarity=0.213.
MANUAL_EMERGENCY_WORK_20260820_SECOND_PASS_V4_round01	MANUAL_EMERGENCY_WORK_20260820_FIRST_PASS_V4_round01	ox5000-ccb0aa16d20fc2fac36c	substantially	adverb	C1	BLOCKED		BLOCKED V4: surface MT candidate does not back-translate to the exact English lexical identity; method=Helsinki-NLP/opus-mt-en-uk_surface_candidate; exact Oxford definition='very much; a lot'; candidate='Значно'; reverse='Large'; lexical=0.111; candidate_definition_similarity=0.579; reverse_definition_similarity=0.462.
MANUAL_EMERGENCY_WORK_20260820_SECOND_PASS_V4_round01	MANUAL_EMERGENCY_WORK_20260820_FIRST_PASS_V4_round01	ox5000-ccf6c1169dbd08cdf21d	substitute	noun	C1	BLOCKED		BLOCKED V4: semantic role mismatch: Oxford definition requires person, reverse candidate looks process; method=Helsinki-NLP/opus-mt-en-uk_surface_candidate; exact Oxford definition='a person or thing that you use or have instead of the one you normally use or have'; candidate='замінник'; reverse='replacement'; lexical=0.095; candidate_definition_similarity=0.331; reverse_definition_similarity=0.244.
MANUAL_EMERGENCY_WORK_20260820_SECOND_PASS_V4_round01	MANUAL_EMERGENCY_WORK_20260820_FIRST_PASS_V4_round01	ox5000-3c58d0022914fdbdef9d	substitute	verb	C1	BLOCKED		BLOCKED V4: verb candidate is not an appropriate Ukrainian infinitive/verb phrase; method=Helsinki-NLP/opus-mt-en-uk_surface_candidate; exact Oxford definition='to take the place of somebody/something else; to use somebody/something instead of somebody/something else'; candidate='замінник'; reverse='replacement'; lexical=0.095; candidate_definition_similarity=0.492; reverse_definition_similarity=0.365.
MANUAL_EMERGENCY_WORK_20260820_SECOND_PASS_V4_round01	MANUAL_EMERGENCY_WORK_20260820_FIRST_PASS_V4_round01	ox5000-0d5fda15b316d6849f9b	substitution	noun	C1	BLOCKED		BLOCKED V4: semantic role mismatch: Oxford definition requires process, reverse candidate looks generic; method=Helsinki-NLP/opus-mt-en-uk_surface_candidate; exact Oxford definition='an act of using one person or thing in the place of another'; candidate='Підстановка'; reverse='Subline'; lexical=0.526; candidate_definition_similarity=0.472; reverse_definition_similarity=0.176.
MANUAL_EMERGENCY_WORK_20260820_SECOND_PASS_V4_round01	MANUAL_EMERGENCY_WORK_20260820_FIRST_PASS_V4_round01	ox5000-e74fd3b31557c9905855	subtle	adjective	C1	BLOCKED		BLOCKED V4: candidate is not predominantly Ukrainian; method=Helsinki-NLP/opus-mt-en-uk_surface_candidate; exact Oxford definition='not very obvious or easy to notice'; candidate='timple'; reverse='timidple'; lexical=0.429; candidate_definition_similarity=0.231; reverse_definition_similarity=0.256.
MANUAL_EMERGENCY_WORK_20260820_SECOND_PASS_V4_round01	MANUAL_EMERGENCY_WORK_20260820_FIRST_PASS_V4_round01	ox5000-76af4dafb040a67a8415	suburb	noun	B2	BLOCKED		BLOCKED V4: surface MT candidate does not back-translate to the exact English lexical identity; method=Helsinki-NLP/opus-mt-en-uk_surface_candidate; exact Oxford definition='an area where people live that is outside the centre of a city'; candidate='передмістя'; reverse='suburbs'; lexical=1.000; candidate_definition_similarity=0.671; reverse_definition_similarity=0.540.
MANUAL_EMERGENCY_WORK_20260820_SECOND_PASS_V4_round01	MANUAL_EMERGENCY_WORK_20260820_FIRST_PASS_V4_round01	ox5000-bb9ca1bf424237d86e34	suburban	adjective	C1	BLOCKED		BLOCKED V4: candidate is not predominantly Ukrainian; method=Helsinki-NLP/opus-mt-en-uk_surface_candidate; exact Oxford definition='in or connected with a suburb'; candidate='Приміський районazerbaijan. kgm'; reverse='Primi'; lexical=0.154; candidate_definition_similarity=0.148; reverse_definition_similarity=0.206.
MANUAL_EMERGENCY_WORK_20260820_SECOND_PASS_V4_round01	MANUAL_EMERGENCY_WORK_20260820_FIRST_PASS_V4_round01	ox5000-7825b41eb321cdf7f96a	succession	noun	C1	BLOCKED		BLOCKED V4: surface MT candidate does not back-translate to the exact English lexical identity; method=Helsinki-NLP/opus-mt-en-uk_surface_candidate; exact Oxford definition='a number of people or things that follow each other in time or order'; candidate='Наступницький'; reverse='Next'; lexical=0.143; candidate_definition_similarity=0.368; reverse_definition_similarity=0.289.
MANUAL_EMERGENCY_WORK_20260820_SECOND_PASS_V4_round01	MANUAL_EMERGENCY_WORK_20260820_FIRST_PASS_V4_round01	ox5000-7b16ec3d91247c36cd14	successive	adjective	C1	BLOCKED		BLOCKED V4: surface MT candidate does not back-translate to the exact English lexical identity; method=Helsinki-NLP/opus-mt-en-uk_surface_candidate; exact Oxford definition='following immediately one after the other'; candidate='послідовний'; reverse='serial'; lexical=0.375; candidate_definition_similarity=0.508; reverse_definition_similarity=0.189.
MANUAL_EMERGENCY_WORK_20260820_SECOND_PASS_V4_round01	MANUAL_EMERGENCY_WORK_20260820_FIRST_PASS_V4_round01	ox5000-e4c75e1c4323b1a9129c	successor	noun	C1	BLOCKED		BLOCKED V4: surface MT candidate lacks two-sided exact-definition support; method=Helsinki-NLP/opus-mt-en-uk_surface_candidate; exact Oxford definition='a person or thing that comes after somebody/something else and takes their/its place'; candidate='наступник'; reverse='successor'; lexical=1.000; candidate_definition_similarity=0.357; reverse_definition_similarity=0.258.
MANUAL_EMERGENCY_WORK_20260820_SECOND_PASS_V4_round01	MANUAL_EMERGENCY_WORK_20260820_FIRST_PASS_V4_round01	ox5000-78c91736c18630ab8264	suck	verb	C1	BLOCKED		BLOCKED V4: candidate is not predominantly Ukrainian; method=Helsinki-NLP/opus-mt-en-uk_surface_candidate; exact Oxford definition='to take liquid, air, etc. into your mouth by using the muscles of your lips'; candidate='fuck'; reverse='Fuck.'; lexical=0.750; candidate_definition_similarity=0.209; reverse_definition_similarity=0.193.
MANUAL_EMERGENCY_WORK_20260820_SECOND_PASS_V4_round01	MANUAL_EMERGENCY_WORK_20260820_FIRST_PASS_V4_round01	ox5000-8f9ed5ef41a7acfc59ed	sue	verb	C1	BLOCKED		BLOCKED V4: verb candidate is not an appropriate Ukrainian infinitive/verb phrase; method=Helsinki-NLP/opus-mt-en-uk_surface_candidate; exact Oxford definition='to make a claim against a person or an organization in court about something that they have said or done to harm you'; candidate='суд'; reverse='judgment'; lexical=0.364; candidate_definition_similarity=0.424; reverse_definition_similarity=0.402.
MANUAL_EMERGENCY_WORK_20260820_SECOND_PASS_V4_round01	MANUAL_EMERGENCY_WORK_20260820_FIRST_PASS_V4_round01	ox5000-f4962865b424cf13c615	suffering	noun	B2	PASS	стражда́ння	PASS V4: concise lexical equivalent; method=en_wiktionary_matching_pos_uk_translation; exact Oxford definition='physical or mental pain'; candidate='стражда́ння'; reverse='Suffering'; lexical=1.000; candidate_definition_similarity=0.670; reverse_definition_similarity=0.661; lexical-form/POS/role/source-grounded checks PASS.
MANUAL_EMERGENCY_WORK_20260820_SECOND_PASS_V4_round01	MANUAL_EMERGENCY_WORK_20260820_FIRST_PASS_V4_round01	ox5000-ddd9d4b54015a4746b00	sufficient	adjective	B2	BLOCKED		BLOCKED V4: Wiktionary candidate does not back-translate to the exact English lexical identity; method=en_wiktionary_matching_pos_uk_translation; exact Oxford definition='enough for a particular purpose; as much as you need'; candidate='доста́тній'; reverse='caretary'; lexical=0.333; candidate_definition_similarity=0.600; reverse_definition_similarity=0.211.
MANUAL_EMERGENCY_WORK_20260820_SECOND_PASS_V4_round01	MANUAL_EMERGENCY_WORK_20260820_FIRST_PASS_V4_round01	ox5000-9c9d29e2d90c4d840d2a	sufficiently	adverb	B2	BLOCKED		"BLOCKED V4: sentence-like punctuation in lexical value; method=Helsinki-NLP/opus-mt-en-uk_surface_candidate; exact Oxford definition='enough for a particular purpose; as much as you need'; candidate='Досить.'; reverse=""That's enough.""; lexical=0.240; candidate_definition_similarity=0.495; reverse_definition_similarity=0.560."
MANUAL_EMERGENCY_WORK_20260820_SECOND_PASS_V4_round01	MANUAL_EMERGENCY_WORK_20260820_FIRST_PASS_V4_round01	ox5000-f14a9f52de234c78bc5b	suicide	noun	C1	BLOCKED		BLOCKED V4: semantic role mismatch: Oxford definition requires process, reverse candidate looks generic; method=en_wiktionary_matching_pos_uk_translation; exact Oxford definition='the act of killing yourself deliberately'; candidate='самогу́бця'; reverse='Self - Sacrificing'; lexical=0.348; candidate_definition_similarity=0.443; reverse_definition_similarity=0.723.
MANUAL_EMERGENCY_WORK_20260820_SECOND_PASS_V4_round01	MANUAL_EMERGENCY_WORK_20260820_FIRST_PASS_V4_round01	ox5000-26cdfee87f685bfe771c	suite	noun	C1	BLOCKED		BLOCKED V4: Wiktionary candidate does not back-translate to the exact English lexical identity; method=en_wiktionary_matching_pos_uk_translation; exact Oxford definition='a set of rooms, especially in a hotel'; candidate='сюї́та'; reverse='Seitha'; lexical=0.545; candidate_definition_similarity=0.185; reverse_definition_similarity=0.075.
MANUAL_EMERGENCY_WORK_20260820_SECOND_PASS_V4_round01	MANUAL_EMERGENCY_WORK_20260820_FIRST_PASS_V4_round01	ox5000-d3218ed691f57338f79e	summit	noun	C1	BLOCKED		BLOCKED V4: Wiktionary candidate does not back-translate to the exact English lexical identity; method=en_wiktionary_matching_pos_uk_translation; exact Oxford definition='the highest point of something, especially the top of a mountain'; candidate='верхі́вка'; reverse='top'; lexical=0.222; candidate_definition_similarity=0.496; reverse_definition_similarity=0.571.
MANUAL_EMERGENCY_WORK_20260820_SECOND_PASS_V4_round01	MANUAL_EMERGENCY_WORK_20260820_FIRST_PASS_V4_round01	ox5000-8607021522147aedac9a	super	adjective	B2	BLOCKED		BLOCKED V4: adjective candidate has no plausible Ukrainian adjective morphology; method=Helsinki-NLP/opus-mt-en-uk_surface_candidate; exact Oxford definition='extremely good'; candidate='Супер'; reverse='Super'; lexical=1.000; candidate_definition_similarity=0.736; reverse_definition_similarity=0.638.
MANUAL_EMERGENCY_WORK_20260820_SECOND_PASS_V4_round01	MANUAL_EMERGENCY_WORK_20260820_FIRST_PASS_V4_round01	ox5000-824eec4d0d7f52aa8d7b	superb	adjective	C1	BLOCKED		BLOCKED V4: sentence-like punctuation in lexical value; method=Helsinki-NLP/opus-mt-en-uk_surface_candidate; exact Oxford definition='excellent; of very good quality'; candidate='Чудово.'; reverse='Great.'; lexical=0.182; candidate_definition_similarity=0.674; reverse_definition_similarity=0.637.
MANUAL_EMERGENCY_WORK_20260820_SECOND_PASS_V4_round01	MANUAL_EMERGENCY_WORK_20260820_FIRST_PASS_V4_round01	ox5000-7064fdc8b7ba04f54658	superior	adjective	C1	BLOCKED		BLOCKED V4: semantic role mismatch: Oxford definition requires person, reverse candidate looks generic; method=en_wiktionary_matching_pos_uk_translation; exact Oxford definition='better in quality than somebody/something else; greater than somebody/something else'; candidate='найлі́пший'; reverse='weakest'; lexical=0.133; candidate_definition_similarity=0.525; reverse_definition_similarity=0.364.
MANUAL_EMERGENCY_WORK_20260820_SECOND_PASS_V4_round01	MANUAL_EMERGENCY_WORK_20260820_FIRST_PASS_V4_round01	ox5000-4d0da66a5d904274e542	supervise	verb	C1	BLOCKED		BLOCKED V4: Wiktionary candidate does not back-translate to the exact English lexical identity; method=en_wiktionary_matching_pos_uk_translation; exact Oxford definition='to be in charge of somebody/something and make sure that everything is done correctly, safely, etc.'; candidate='наглядати'; reverse='monitor'; lexical=0.125; candidate_definition_similarity=0.335; reverse_definition_similarity=0.149.
MANUAL_EMERGENCY_WORK_20260820_SECOND_PASS_V4_round01	MANUAL_EMERGENCY_WORK_20260820_FIRST_PASS_V4_round01	ox5000-fde1789bdbf890c1d0f3	supervision	noun	C1	BLOCKED		BLOCKED V4: semantic role mismatch: Oxford definition requires person, reverse candidate looks process; method=en_wiktionary_matching_pos_uk_translation; exact Oxford definition='the work or activity involved in being in charge of somebody/something and making sure that everything is done correctly, safely, etc.'; candidate='на́гляд'; reverse='peering'; lexical=0.556; candidate_definition_similarity=0.211; reverse_definition_similarity=0.151.
MANUAL_EMERGENCY_WORK_20260820_SECOND_PASS_V4_round01	MANUAL_EMERGENCY_WORK_20260820_FIRST_PASS_V4_round01	ox5000-5b59a8ab069bcaef408e	supervisor	noun	C1	BLOCKED		BLOCKED V4: surface MT candidate does not back-translate to the exact English lexical identity; method=Helsinki-NLP/opus-mt-en-uk_surface_candidate; exact Oxford definition='a person who supervises somebody/something'; candidate='Менеджер'; reverse='Manager'; lexical=0.235; candidate_definition_similarity=0.599; reverse_definition_similarity=0.552.
MANUAL_EMERGENCY_WORK_20260820_SECOND_PASS_V4_round01	MANUAL_EMERGENCY_WORK_20260820_FIRST_PASS_V4_round01	ox5000-08b83131fe088fbcbcae	supplement	noun	C1	BLOCKED		BLOCKED V4: semantic role mismatch: Oxford definition requires object, reverse candidate looks generic; method=Helsinki-NLP/opus-mt-en-uk_surface_candidate; exact Oxford definition='a thing that is added to something else to improve or complete it'; candidate='додаток'; reverse='plugin'; lexical=0.375; candidate_definition_similarity=0.382; reverse_definition_similarity=0.302.
MANUAL_EMERGENCY_WORK_20260820_SECOND_PASS_V4_round01	MANUAL_EMERGENCY_WORK_20260820_FIRST_PASS_V4_round01	ox5000-10812603ad461c08338d	supplement	verb	C1	BLOCKED		BLOCKED V4: verb candidate is not an appropriate Ukrainian infinitive/verb phrase; method=Helsinki-NLP/opus-mt-en-uk_surface_candidate; exact Oxford definition='to add something to something in order to improve it or make it more complete'; candidate='додаток'; reverse='plugin'; lexical=0.375; candidate_definition_similarity=0.261; reverse_definition_similarity=0.287.
MANUAL_EMERGENCY_WORK_20260820_SECOND_PASS_V4_round01	MANUAL_EMERGENCY_WORK_20260820_FIRST_PASS_V4_round01	ox5000-f982dcdb54241885dad3	supportive	adjective	C1	BLOCKED		BLOCKED V4: semantic role mismatch: Oxford definition requires person, reverse candidate looks generic; method=Helsinki-NLP/opus-mt-en-uk_surface_candidate; exact Oxford definition='encouraging somebody or giving them help or sympathy'; candidate='Підтримка'; reverse='Support'; lexical=1.000; candidate_definition_similarity=0.565; reverse_definition_similarity=0.437.
MANUAL_EMERGENCY_WORK_20260820_SECOND_PASS_V4_round01	MANUAL_EMERGENCY_WORK_20260820_FIRST_PASS_V4_round01	ox5000-8b486bdadff5e1388afd	supposedly	adverb	C1	BLOCKED		BLOCKED V4: multiword adverb candidate is not an adverbial phrase; method=Helsinki-NLP/opus-mt-en-uk_surface_candidate; exact Oxford definition='according to what is generally thought or believed but not known for certain'; candidate='Припускають, що'; reverse='Supposedly,'; lexical=1.000; candidate_definition_similarity=0.459; reverse_definition_similarity=0.453.
MANUAL_EMERGENCY_WORK_20260820_SECOND_PASS_V4_round01	MANUAL_EMERGENCY_WORK_20260820_FIRST_PASS_V4_round01	ox5000-70bac98958c4279b6c15	suppress	verb	C1	BLOCKED		BLOCKED V4: Wiktionary candidate does not back-translate to the exact English lexical identity; method=en_wiktionary_matching_pos_uk_translation; exact Oxford definition='to put an end, often by force, to a group or an activity that is believed to threaten authority'; candidate='забороняти'; reverse='deny'; lexical=0.167; candidate_definition_similarity=0.369; reverse_definition_similarity=0.268.
MANUAL_EMERGENCY_WORK_20260820_SECOND_PASS_V4_round01	MANUAL_EMERGENCY_WORK_20260820_FIRST_PASS_V4_round01	ox5000-000b17fde2cc5f0c75cf	supreme	adjective	C1	BLOCKED		BLOCKED V4: Wiktionary candidate does not back-translate to the exact English lexical identity; method=en_wiktionary_matching_pos_uk_translation; exact Oxford definition='highest in rank or position'; candidate='верхо́вний'; reverse='top'; lexical=0.200; candidate_definition_similarity=0.374; reverse_definition_similarity=0.600.
MANUAL_EMERGENCY_WORK_20260820_SECOND_PASS_V4_round01	MANUAL_EMERGENCY_WORK_20260820_FIRST_PASS_V4_round01	ox5000-75c216147dc0dd0f318a	surge	noun	C1	BLOCKED		BLOCKED V4: surface MT candidate does not back-translate to the exact English lexical identity; method=Helsinki-NLP/opus-mt-en-uk_surface_candidate; exact Oxford definition='a sudden increase of a strong feeling'; candidate='сплеск'; reverse='splash'; lexical=0.182; candidate_definition_similarity=0.376; reverse_definition_similarity=0.226.
MANUAL_EMERGENCY_WORK_20260820_SECOND_PASS_V4_round01	MANUAL_EMERGENCY_WORK_20260820_FIRST_PASS_V4_round01	ox5000-b474e0b4944829bd2037	surge	verb	C1	BLOCKED		BLOCKED V4: verb candidate is not an appropriate Ukrainian infinitive/verb phrase; method=Helsinki-NLP/opus-mt-en-uk_surface_candidate; exact Oxford definition='to move quickly and with force in a particular direction'; candidate='сплеск'; reverse='splash'; lexical=0.182; candidate_definition_similarity=0.309; reverse_definition_similarity=0.251.
MANUAL_EMERGENCY_WORK_20260820_SECOND_PASS_V4_round01	MANUAL_EMERGENCY_WORK_20260820_FIRST_PASS_V4_round01	ox5000-683371fe98fb2494347e	surgeon	noun	B2	BLOCKED		BLOCKED V4: semantic role mismatch: Oxford definition requires person, reverse candidate looks generic; method=en_wiktionary_matching_pos_uk_translation; exact Oxford definition='a doctor who is trained to perform surgery (= medical operations that involve cutting open a person’s body)'; candidate='хіру́рг'; reverse='Hirruʹ'; lexical=0.167; candidate_definition_similarity=0.148; reverse_definition_similarity=0.077.
MANUAL_EMERGENCY_WORK_20260820_SECOND_PASS_V4_round01	MANUAL_EMERGENCY_WORK_20260820_FIRST_PASS_V4_round01	ox5000-d19985124a31691cc7cb	surgical	adjective	C1	PASS	хірургі́чний	PASS V4: concise lexical equivalent; method=en_wiktionary_matching_pos_uk_translation; exact Oxford definition='used in or connected with surgery'; candidate='хірургі́чний'; reverse='surgical'; lexical=1.000; candidate_definition_similarity=0.770; reverse_definition_similarity=0.758; lexical-form/POS/role/source-grounded checks PASS.
MANUAL_EMERGENCY_WORK_20260820_SECOND_PASS_V4_round01	MANUAL_EMERGENCY_WORK_20260820_FIRST_PASS_V4_round01	ox5000-d05afcb7a745bdf587c0	surplus	noun	C1	BLOCKED		BLOCKED V4: Wiktionary candidate does not back-translate to the exact English lexical identity; method=en_wiktionary_matching_pos_uk_translation; exact Oxford definition='an amount that is extra or more than you need'; candidate='надли́шок'; reverse='excess'; lexical=0.308; candidate_definition_similarity=0.284; reverse_definition_similarity=0.564.
MANUAL_EMERGENCY_WORK_20260820_SECOND_PASS_V4_round01	MANUAL_EMERGENCY_WORK_20260820_FIRST_PASS_V4_round01	ox5000-1ad5757d788c4f542a4f	surrender	verb	C1	BLOCKED		BLOCKED V4: Wiktionary candidate does not back-translate to the exact English lexical identity; method=en_wiktionary_matching_pos_uk_translation; exact Oxford definition='to admit that you have been defeated and want to stop fighting; to allow yourself to be caught, taken prisoner, etc.'; candidate='зда́тися'; reverse='Give up.'; lexical=0.125; candidate_definition_similarity=0.362; reverse_definition_similarity=0.452.
MANUAL_EMERGENCY_WORK_20260820_SECOND_PASS_V4_round01	MANUAL_EMERGENCY_WORK_20260820_FIRST_PASS_V4_round01	ox5000-8b89abec05a631c8437d	surveillance	noun	C1	BLOCKED		BLOCKED V4: semantic role mismatch: Oxford definition requires person, reverse candidate looks generic; method=en_wiktionary_matching_pos_uk_translation; exact Oxford definition='the act of carefully watching a person suspected of a crime or a place where a crime may be committed'; candidate='нагляд'; reverse='watch'; lexical=0.235; candidate_definition_similarity=0.545; reverse_definition_similarity=0.495.
MANUAL_EMERGENCY_WORK_20260820_SECOND_PASS_V4_round01	MANUAL_EMERGENCY_WORK_20260820_FIRST_PASS_V4_round01	ox5000-db20d124b37485de324e	survival	noun	B2	PASS	вижива́ння	PASS V4: concise lexical equivalent; method=en_wiktionary_matching_pos_uk_translation; exact Oxford definition='the state of continuing to live or exist, often despite difficulty or danger'; candidate='вижива́ння'; reverse='survival'; lexical=1.000; candidate_definition_similarity=0.622; reverse_definition_similarity=0.628; lexical-form/POS/role/source-grounded checks PASS.
MANUAL_EMERGENCY_WORK_20260820_SECOND_PASS_V4_round01	MANUAL_EMERGENCY_WORK_20260820_FIRST_PASS_V4_round01	ox5000-11c346a58277eceedce7	survivor	noun	B2	PASS	уцілі́вший	PASS V4: concise lexical equivalent; method=en_wiktionary_matching_pos_uk_translation; exact Oxford definition='a person who continues to live, especially despite being nearly killed or experiencing great danger or difficulty'; candidate='уцілі́вший'; reverse='Survivor'; lexical=1.000; candidate_definition_similarity=0.550; reverse_definition_similarity=0.505; lexical-form/POS/role/source-grounded checks PASS.
MANUAL_EMERGENCY_WORK_20260820_SECOND_PASS_V4_round01	MANUAL_EMERGENCY_WORK_20260820_FIRST_PASS_V4_round01	ox5000-39b76d8929e1165dbad4	suspend	verb	B2	BLOCKED		BLOCKED V4: Wiktionary candidate does not back-translate to the exact English lexical identity; method=en_wiktionary_matching_pos_uk_translation; exact Oxford definition='to hang something from something else'; candidate='підві́шувати'; reverse='hang'; lexical=0.182; candidate_definition_similarity=0.508; reverse_definition_similarity=0.594.
MANUAL_EMERGENCY_WORK_20260820_SECOND_PASS_V4_round01	MANUAL_EMERGENCY_WORK_20260820_FIRST_PASS_V4_round01	ox5000-90a3b2270d93e39c774d	suspension	noun	C1	BLOCKED		BLOCKED V4: semantic role mismatch: Oxford definition requires person, reverse candidate looks generic; method=en_wiktionary_matching_pos_uk_translation; exact Oxford definition='the act of officially removing somebody from their job, school, team, etc. for a period of time, usually as a punishment'; candidate='підві́ска'; reverse='substrate'; lexical=0.421; candidate_definition_similarity=0.203; reverse_definition_similarity=0.012.
MANUAL_EMERGENCY_WORK_20260820_SECOND_PASS_V4_round01	MANUAL_EMERGENCY_WORK_20260820_FIRST_PASS_V4_round01	ox5000-ccac0f8d2524d168842b	suspicion	noun	C1	BLOCKED		BLOCKED V4: semantic role mismatch: Oxford definition requires person, reverse candidate looks state; method=en_wiktionary_matching_pos_uk_translation; exact Oxford definition='a feeling that somebody has done something wrong, illegal or dishonest, even though you have no proof'; candidate='підозрі́ння'; reverse='Suddenness'; lexical=0.316; candidate_definition_similarity=0.481; reverse_definition_similarity=0.333.
MANUAL_EMERGENCY_WORK_20260820_SECOND_PASS_V4_round01	MANUAL_EMERGENCY_WORK_20260820_FIRST_PASS_V4_round01	ox5000-87789fecff14f054965c	suspicious	adjective	C1	BLOCKED		BLOCKED V4: semantic role mismatch: Oxford definition requires person, reverse candidate looks generic; method=en_wiktionary_matching_pos_uk_translation; exact Oxford definition='feeling that somebody has done something wrong, illegal or dishonest, without having any proof'; candidate='підозрі́ливий'; reverse='Sudden'; lexical=0.250; candidate_definition_similarity=0.388; reverse_definition_similarity=0.275.
MANUAL_EMERGENCY_WORK_20260820_SECOND_PASS_V4_round01	MANUAL_EMERGENCY_WORK_20260820_FIRST_PASS_V4_round01	ox5000-29a86954fd91de4cdea4	sustain	verb	C1	BLOCKED		BLOCKED V4: English/source-language residue or model artifact; method=Helsinki-NLP/opus-mt-en-uk_surface_candidate; exact Oxford definition='to provide enough of what somebody/something needs in order to live or exist'; candidate='reserve'; reverse='reserve'; lexical=0.143; candidate_definition_similarity=0.295; reverse_definition_similarity=0.295.
MANUAL_EMERGENCY_WORK_20260820_SECOND_PASS_V4_round01	MANUAL_EMERGENCY_WORK_20260820_FIRST_PASS_V4_round01	ox5000-564c6a5ae7b34c28f825	sustainable	adjective	B2	BLOCKED		BLOCKED V4: surface MT candidate does not back-translate to the exact English lexical identity; method=Helsinki-NLP/opus-mt-en-uk_surface_candidate; exact Oxford definition='involving the use of natural products and energy in a way that does not harm the environment'; candidate='стійкий'; reverse='stable'; lexical=0.706; candidate_definition_similarity=0.263; reverse_definition_similarity=0.159.
MANUAL_EMERGENCY_WORK_20260820_SECOND_PASS_V4_round01	MANUAL_EMERGENCY_WORK_20260820_FIRST_PASS_V4_round01	ox5000-5fb1dc01382b06997232	swallow	verb	B2	BLOCKED		BLOCKED V4: Wiktionary candidate does not back-translate to the exact English lexical identity; method=en_wiktionary_matching_pos_uk_translation; exact Oxford definition='to make food, drink, etc. go down your throat into your stomach'; candidate='ковта́ти'; reverse='swallows'; lexical=1.000; candidate_definition_similarity=0.232; reverse_definition_similarity=0.361.
MANUAL_EMERGENCY_WORK_20260820_SECOND_PASS_V4_round01	MANUAL_EMERGENCY_WORK_20260820_FIRST_PASS_V4_round01	ox5000-e676b279f6201e401869	swing	noun	C1	BLOCKED		BLOCKED V4: Wiktionary candidate does not back-translate to the exact English lexical identity; method=en_wiktionary_matching_pos_uk_translation; exact Oxford definition='a swinging movement or rhythm'; candidate='го́йдалка'; reverse='Godalka'; lexical=0.167; candidate_definition_similarity=0.343; reverse_definition_similarity=0.230.
MANUAL_EMERGENCY_WORK_20260820_SECOND_PASS_V4_round01	MANUAL_EMERGENCY_WORK_20260820_FIRST_PASS_V4_round01	ox5000-0ce5eb78861b273aaf1c	swing	verb	C1	BLOCKED		BLOCKED V4: Wiktionary lexical candidate lacks two-sided exact-definition support; method=en_wiktionary_matching_pos_uk_translation; exact Oxford definition='to move backwards or forwards or from side to side while hanging from a fixed point; to make something do this'; candidate='гойда́тися'; reverse='swing'; lexical=1.000; candidate_definition_similarity=0.411; reverse_definition_similarity=0.323.
MANUAL_EMERGENCY_WORK_20260820_SECOND_PASS_V4_round01	MANUAL_EMERGENCY_WORK_20260820_FIRST_PASS_V4_round01	ox5000-ee3e98c4ee0c3fc8fa11	sword	noun	C1	PASS	меч	PASS V4: concise lexical equivalent; method=en_wiktionary_matching_pos_uk_translation; exact Oxford definition='a weapon with a long metal blade (= sharp cutting part) and a handle'; candidate='меч'; reverse='sword'; lexical=1.000; candidate_definition_similarity=0.720; reverse_definition_similarity=0.716; lexical-form/POS/role/source-grounded checks PASS.
MANUAL_EMERGENCY_WORK_20260820_SECOND_PASS_V4_round01	MANUAL_EMERGENCY_WORK_20260820_FIRST_PASS_V4_round01	ox5000-f1e0eb9752570d31badb	symbolic	adjective	C1	PASS	символі́чний	PASS V4: concise lexical equivalent; method=en_wiktionary_matching_pos_uk_translation; exact Oxford definition='containing symbols, or being used as a symbol'; candidate='символі́чний'; reverse='symbolic'; lexical=1.000; candidate_definition_similarity=0.670; reverse_definition_similarity=0.683; lexical-form/POS/role/source-grounded checks PASS.
MANUAL_EMERGENCY_WORK_20260820_SECOND_PASS_V4_round01	MANUAL_EMERGENCY_WORK_20260820_FIRST_PASS_V4_round01	ox5000-0da3c3e4cf1530bf6b67	sympathetic	adjective	B2	BLOCKED		BLOCKED V4: semantic role mismatch: Oxford definition requires person, reverse candidate looks generic; method=Helsinki-NLP/opus-mt-en-uk_surface_candidate; exact Oxford definition='kind to somebody who is hurt or sad; showing that you understand and care about their problems'; candidate='Співчутлива'; reverse='Compassionate'; lexical=0.417; candidate_definition_similarity=0.655; reverse_definition_similarity=0.625.
MANUAL_EMERGENCY_WORK_20260820_SECOND_PASS_V4_round01	MANUAL_EMERGENCY_WORK_20260820_FIRST_PASS_V4_round01	ox5000-f9b6574078afc869f7a3	syndrome	noun	C1	PASS	Синдром	PASS V4: concise lexical equivalent; method=Helsinki-NLP/opus-mt-en-uk_surface_candidate; exact Oxford definition='a set of physical conditions that show you have a particular disease or medical problem'; candidate='Синдром'; reverse='Syndrome'; lexical=1.000; candidate_definition_similarity=0.555; reverse_definition_similarity=0.506; lexical-form/POS/role/source-grounded checks PASS.
MANUAL_EMERGENCY_WORK_20260820_SECOND_PASS_V4_round01	MANUAL_EMERGENCY_WORK_20260820_FIRST_PASS_V4_round01	ox5000-75247d85028f1327c80b	synthesis	noun	C1	BLOCKED		BLOCKED V4: semantic role mismatch: Oxford definition requires process, reverse candidate looks generic; method=en_wiktionary_matching_pos_uk_translation; exact Oxford definition='the act of combining separate ideas, beliefs, styles, etc.; a mixture or combination of ideas, beliefs, styles, etc.'; candidate='си́нтез'; reverse='siʹntez'; lexical=0.500; candidate_definition_similarity=0.227; reverse_definition_similarity=0.170.
MANUAL_EMERGENCY_WORK_20260820_SECOND_PASS_V4_round01	MANUAL_EMERGENCY_WORK_20260820_FIRST_PASS_V4_round01	ox5000-fdc941a14c67d54d8c1d	systematic	adjective	C1	BLOCKED		BLOCKED V4: Wiktionary candidate does not back-translate to the exact English lexical identity; method=en_wiktionary_matching_pos_uk_translation; exact Oxford definition='done according to a system or plan, in a complete, efficient or determined way'; candidate='системати́чний'; reverse='taxonomy'; lexical=0.111; candidate_definition_similarity=0.556; reverse_definition_similarity=0.115.
MANUAL_EMERGENCY_WORK_20260820_SECOND_PASS_V4_round01	MANUAL_EMERGENCY_WORK_20260820_FIRST_PASS_V4_round01	ox5000-d452052b6bcd9d0b63b7	tackle	noun	C1	BLOCKED		BLOCKED V4: candidate is not predominantly Ukrainian; method=Helsinki-NLP/opus-mt-en-uk_surface_candidate; exact Oxford definition='an act of trying to take the ball from an opponent in football (soccer), hockey, etc.; an act of knocking somebody to the ground, for example in rugby or American football'; candidate='runk'; reverse='run'; lexical=0.000; candidate_definition_similarity=0.204; reverse_definition_similarity=0.227.
MANUAL_EMERGENCY_WORK_20260820_SECOND_PASS_V4_round01	MANUAL_EMERGENCY_WORK_20260820_FIRST_PASS_V4_round01	ox5000-ce168d9f42f9cfc043c4	tackle	verb	B2	BLOCKED		BLOCKED V4: candidate is not predominantly Ukrainian; method=Helsinki-NLP/opus-mt-en-uk_surface_candidate; exact Oxford definition='to make a determined effort to deal with a difficult problem or situation'; candidate='runk'; reverse='run'; lexical=0.000; candidate_definition_similarity=0.183; reverse_definition_similarity=0.264.
MANUAL_EMERGENCY_WORK_20260820_SECOND_PASS_V4_round01	MANUAL_EMERGENCY_WORK_20260820_FIRST_PASS_V4_round01	ox5000-61cc25f17497ca0aed5f	tactic	noun	C1	BLOCKED		BLOCKED V4: Wiktionary lexical candidate lacks two-sided exact-definition support; method=en_wiktionary_matching_pos_uk_translation; exact Oxford definition='the particular method you use to achieve something'; candidate='та́ктика'; reverse='tactic'; lexical=1.000; candidate_definition_similarity=0.147; reverse_definition_similarity=0.587.
MANUAL_EMERGENCY_WORK_20260820_SECOND_PASS_V4_round01	MANUAL_EMERGENCY_WORK_20260820_FIRST_PASS_V4_round01	ox5000-f54e2a87429c7fa46ea5	tactical	adjective	C1	BLOCKED		BLOCKED V4: Wiktionary candidate does not back-translate to the exact English lexical identity; method=en_wiktionary_matching_pos_uk_translation; exact Oxford definition='connected with the particular method you use to achieve something'; candidate='такти́чний'; reverse='da·tho·tho·kneiʹa'; lexical=0.160; candidate_definition_similarity=0.373; reverse_definition_similarity=0.199.
MANUAL_EMERGENCY_WORK_20260820_SECOND_PASS_V4_round01	MANUAL_EMERGENCY_WORK_20260820_FIRST_PASS_V4_round01	ox5000-e1f09b75c5cfde794c49	tag	noun	B2	BLOCKED		BLOCKED V4: Wiktionary lexical candidate lacks two-sided exact-definition support; method=en_wiktionary_matching_pos_uk_translation; exact Oxford definition='a small piece of paper, cloth, plastic, etc. attached to something to identify it or give information about it'; candidate='теґ'; reverse='tag'; lexical=1.000; candidate_definition_similarity=0.329; reverse_definition_similarity=0.326.
MANUAL_EMERGENCY_WORK_20260820_SECOND_PASS_V4_round01	MANUAL_EMERGENCY_WORK_20260820_FIRST_PASS_V4_round01	ox5000-c13c5c56d6aa8c66105e	tag	verb	B2	BLOCKED		BLOCKED V4: candidate is not predominantly Ukrainian; method=Helsinki-NLP/opus-mt-en-uk_surface_candidate; exact Oxford definition='to fasten a tag onto something/somebody'; candidate='tag'; reverse='tag'; lexical=1.000; candidate_definition_similarity=0.603; reverse_definition_similarity=0.603.
MANUAL_EMERGENCY_WORK_20260820_SECOND_PASS_V4_round01	MANUAL_EMERGENCY_WORK_20260820_FIRST_PASS_V4_round01	ox5000-3ada6e998994d52e1f02	tap	noun	B2	BLOCKED		BLOCKED V4: English/source-language residue or model artifact; method=Helsinki-NLP/opus-mt-en-uk_surface_candidate; exact Oxford definition='a device for controlling the flow of water from a pipe into a bath or sink'; candidate='квадратний метрarea unit'; reverse='%1 kroons'; lexical=0.000; candidate_definition_similarity=0.209; reverse_definition_similarity=0.035.
MANUAL_EMERGENCY_WORK_20260820_SECOND_PASS_V4_round01	MANUAL_EMERGENCY_WORK_20260820_FIRST_PASS_V4_round01	ox5000-36b311e1c376086e7c8b	tap	verb	B2	BLOCKED		BLOCKED V4: English/source-language residue or model artifact; method=Helsinki-NLP/opus-mt-en-uk_surface_candidate; exact Oxford definition='to hit somebody/something quickly and lightly'; candidate='квадратний метрarea unit'; reverse='%1 kroons'; lexical=0.000; candidate_definition_similarity=0.085; reverse_definition_similarity=0.216.
MANUAL_EMERGENCY_WORK_20260820_SECOND_PASS_V4_round01	MANUAL_EMERGENCY_WORK_20260820_FIRST_PASS_V4_round01	ox5000-a05d4c94029b73346d6c	taxpayer	noun	C1	BLOCKED		BLOCKED V4: semantic role mismatch: Oxford definition requires person, reverse candidate looks process; method=en_wiktionary_matching_pos_uk_translation; exact Oxford definition='a person who pays tax to the government, especially on the money that they earn'; candidate='податкоплатни́к'; reverse='serving as a tutor'; lexical=0.154; candidate_definition_similarity=0.710; reverse_definition_similarity=0.086.
MANUAL_EMERGENCY_WORK_20260820_SECOND_PASS_V4_round01	MANUAL_EMERGENCY_WORK_20260820_FIRST_PASS_V4_round01	ox5000-8f563d5c5fbf6a5dd303	technological	adjective	B2	PASS	технологі́чний	PASS V4: concise lexical equivalent; method=en_wiktionary_matching_pos_uk_translation; exact Oxford definition='connected with technology'; candidate='технологі́чний'; reverse='technological'; lexical=1.000; candidate_definition_similarity=0.753; reverse_definition_similarity=0.742; lexical-form/POS/role/source-grounded checks PASS.
MANUAL_EMERGENCY_WORK_20260820_SECOND_PASS_V4_round01	MANUAL_EMERGENCY_WORK_20260820_FIRST_PASS_V4_round01	ox5000-b23d3e8ce57013836f05	teens	noun	B2	BLOCKED		BLOCKED V4: Oxford definition requires person role but source/reverse role is not independently person-like (teens); method=Helsinki-NLP/opus-mt-en-uk_surface_candidate; exact Oxford definition='the years of a person’s life when they are between 13 and 19 years old'; candidate='Підлітки'; reverse='Teens'; lexical=1.000; candidate_definition_similarity=0.542; reverse_definition_similarity=0.509.
MANUAL_EMERGENCY_WORK_20260820_SECOND_PASS_V4_round01	MANUAL_EMERGENCY_WORK_20260820_FIRST_PASS_V4_round01	ox5000-281f72b8f526e2643f8c	temple	noun	B2	PASS	храм	PASS V4: concise lexical equivalent; method=en_wiktionary_matching_pos_uk_translation; exact Oxford definition='a building used for religious worship , especially in religions other than Christianity'; candidate='храм'; reverse='Temple'; lexical=1.000; candidate_definition_similarity=0.616; reverse_definition_similarity=0.602; lexical-form/POS/role/source-grounded checks PASS.
MANUAL_EMERGENCY_WORK_20260820_SECOND_PASS_V4_round01	MANUAL_EMERGENCY_WORK_20260820_FIRST_PASS_V4_round01	ox5000-a9aee38b0ff16defe4a9	temporarily	adverb	B2	BLOCKED		BLOCKED V4: multiword adverb candidate is not an adverbial phrase; method=en_wiktionary_matching_pos_uk_translation; exact Oxford definition='in a way that lasts or is intended to last or be used only for a short time; in a way that is not permanent'; candidate='тимчасо́во'; reverse='pt timed'; lexical=0.211; candidate_definition_similarity=0.359; reverse_definition_similarity=0.335.
MANUAL_EMERGENCY_WORK_20260820_SECOND_PASS_V4_round01	MANUAL_EMERGENCY_WORK_20260820_FIRST_PASS_V4_round01	ox5000-12e64d13126ed167af0d	tempt	verb	C1	BLOCKED		BLOCKED V4: semantic role mismatch: Oxford definition requires person, reverse candidate looks generic; method=en_wiktionary_matching_pos_uk_translation; exact Oxford definition='to attract somebody or make somebody want to do or have something, even if they know it is wrong'; candidate='спокуша́ти'; reverse='Temptations'; lexical=1.000; candidate_definition_similarity=0.297; reverse_definition_similarity=0.445.
MANUAL_EMERGENCY_WORK_20260820_SECOND_PASS_V4_round01	MANUAL_EMERGENCY_WORK_20260820_FIRST_PASS_V4_round01	ox5000-8aacf4124321ebc82973	tenant	noun	C1	BLOCKED		BLOCKED V4: semantic role mismatch: Oxford definition requires person, reverse candidate looks process; method=en_wiktionary_matching_pos_uk_translation; exact Oxford definition='a person who pays rent for the use of a room, building, land, etc. to the person who owns it'; candidate='квартирант'; reverse='apartment'; lexical=0.533; candidate_definition_similarity=0.476; reverse_definition_similarity=0.394.
MANUAL_EMERGENCY_WORK_20260820_SECOND_PASS_V4_round01	MANUAL_EMERGENCY_WORK_20260820_FIRST_PASS_V4_round01	ox5000-01af49ce53e4d6902091	tendency	noun	B2	BLOCKED		BLOCKED V4: semantic role mismatch: Oxford definition requires person, reverse candidate looks generic; method=en_wiktionary_matching_pos_uk_translation; exact Oxford definition='if somebody/something has a particular tendency , they are likely to behave or act in a particular way'; candidate='схи́льність'; reverse='Deceit'; lexical=0.429; candidate_definition_similarity=0.256; reverse_definition_similarity=0.244.
MANUAL_EMERGENCY_WORK_20260820_SECOND_PASS_V4_round01	MANUAL_EMERGENCY_WORK_20260820_FIRST_PASS_V4_round01	ox5000-443429b7023a796eed5f	tender	adjective	C1	BLOCKED		BLOCKED V4: Wiktionary candidate does not back-translate to the exact English lexical identity; method=en_wiktionary_matching_pos_uk_translation; exact Oxford definition='kind, gentle and loving'; candidate='ласка́вий'; reverse='kindly'; lexical=0.333; candidate_definition_similarity=0.384; reverse_definition_similarity=0.568.
MANUAL_EMERGENCY_WORK_20260820_SECOND_PASS_V4_round01	MANUAL_EMERGENCY_WORK_20260820_FIRST_PASS_V4_round01	ox5000-2f462c0cf8af1c75f9dd	tension	noun	B2	BLOCKED		BLOCKED V4: Wiktionary candidate does not back-translate to the exact English lexical identity; method=en_wiktionary_matching_pos_uk_translation; exact Oxford definition='a situation in which people do not trust each other, or feel unfriendly towards each other, and that may cause them to attack each other'; candidate='напру́ження'; reverse='anxiety'; lexical=0.143; candidate_definition_similarity=0.248; reverse_definition_similarity=0.266.
MANUAL_EMERGENCY_WORK_20260820_SECOND_PASS_V4_round01	MANUAL_EMERGENCY_WORK_20260820_FIRST_PASS_V4_round01	ox5000-b5861253624427055cb6	tenure	noun	C1	BLOCKED		BLOCKED V4: semantic role mismatch: Oxford definition requires person, reverse candidate looks generic; method=Helsinki-NLP/opus-mt-en-uk_surface_candidate; exact Oxford definition='the period of time when somebody holds an important job, especially a political one; the act of holding an important job'; candidate='теноретна'; reverse='tenortna'; lexical=0.571; candidate_definition_similarity=0.324; reverse_definition_similarity=0.188.
MANUAL_EMERGENCY_WORK_20260820_SECOND_PASS_V4_round01	MANUAL_EMERGENCY_WORK_20260820_FIRST_PASS_V4_round01	ox5000-8689367dc831422e6281	terminal	adjective	C1	BLOCKED		BLOCKED V4: adjective candidate has no plausible Ukrainian adjective morphology; method=Helsinki-NLP/opus-mt-en-uk_surface_candidate; exact Oxford definition='that cannot be cured and will lead to death, often slowly'; candidate='термінал'; reverse='terminal'; lexical=1.000; candidate_definition_similarity=-0.043; reverse_definition_similarity=0.004.
MANUAL_EMERGENCY_WORK_20260820_SECOND_PASS_V4_round01	MANUAL_EMERGENCY_WORK_20260820_FIRST_PASS_V4_round01	ox5000-a0d1e2111578bd0f1e71	terminal	noun	B2	BLOCKED		BLOCKED V4: semantic role mismatch: Oxford definition requires place, reverse candidate looks generic; method=en_wiktionary_matching_pos_uk_translation; exact Oxford definition='a building or set of buildings at an airport where passengers arrive and leave'; candidate='аеровокза́л'; reverse='aerobovasal'; lexical=0.421; candidate_definition_similarity=0.442; reverse_definition_similarity=0.315.
MANUAL_EMERGENCY_WORK_20260820_SECOND_PASS_V4_round01	MANUAL_EMERGENCY_WORK_20260820_FIRST_PASS_V4_round01	ox5000-f0295bdc35545089ba26	terminate	verb	C1	BLOCKED		BLOCKED V4: surface MT candidate does not back-translate to the exact English lexical identity; method=Helsinki-NLP/opus-mt-en-uk_surface_candidate; exact Oxford definition='to end; to make something end'; candidate='завершити'; reverse='finish'; lexical=0.267; candidate_definition_similarity=0.792; reverse_definition_similarity=0.667.
MANUAL_EMERGENCY_WORK_20260820_SECOND_PASS_V4_round01	MANUAL_EMERGENCY_WORK_20260820_FIRST_PASS_V4_round01	ox5000-550dcec360ef03858332	terms	noun	B2	BLOCKED		BLOCKED V4: surface MT candidate lacks two-sided exact-definition support; method=Helsinki-NLP/opus-mt-en-uk_surface_candidate; exact Oxford definition='the conditions that people offer, demand or accept when they make an agreement, an arrangement or a contract'; candidate='терміни'; reverse='terms'; lexical=1.000; candidate_definition_similarity=0.397; reverse_definition_similarity=0.398.
MANUAL_EMERGENCY_WORK_20260820_SECOND_PASS_V4_round01	MANUAL_EMERGENCY_WORK_20260820_FIRST_PASS_V4_round01	ox5000-9831ff9660bcaeb2b9cc	terrain	noun	C1	BLOCKED		BLOCKED V4: Wiktionary candidate does not back-translate to the exact English lexical identity; method=en_wiktionary_matching_pos_uk_translation; exact Oxford definition='used to refer to an area of land when you are mentioning its natural features, for example, if it is rough, flat, etc.'; candidate='місце́вість'; reverse='local'; lexical=0.167; candidate_definition_similarity=0.332; reverse_definition_similarity=0.292.
MANUAL_EMERGENCY_WORK_20260820_SECOND_PASS_V4_round01	MANUAL_EMERGENCY_WORK_20260820_FIRST_PASS_V4_round01	ox5000-0a12ac0cb859d36ef42c	terribly	adverb	B2	BLOCKED		BLOCKED V4: surface MT candidate does not back-translate to the exact English lexical identity; method=Helsinki-NLP/opus-mt-en-uk_surface_candidate; exact Oxford definition='very much; very badly'; candidate='Жахливо'; reverse='Awful.'; lexical=0.154; candidate_definition_similarity=0.543; reverse_definition_similarity=0.467.
MANUAL_EMERGENCY_WORK_20260820_SECOND_PASS_V4_round01	MANUAL_EMERGENCY_WORK_20260820_FIRST_PASS_V4_round01	ox5000-8467812af37b5bb10cb1	terrific	adjective	C1	BLOCKED		BLOCKED V4: sentence-like punctuation in lexical value; method=Helsinki-NLP/opus-mt-en-uk_surface_candidate; exact Oxford definition='excellent; wonderful'; candidate='Чудово.'; reverse='Great.'; lexical=0.154; candidate_definition_similarity=0.885; reverse_definition_similarity=0.874.
MANUAL_EMERGENCY_WORK_20260820_SECOND_PASS_V4_round01	MANUAL_EMERGENCY_WORK_20260820_FIRST_PASS_V4_round01	ox5000-96d49f016884d37e2cb8	terrify	verb	B2	BLOCKED		BLOCKED V4: candidate is not predominantly Ukrainian; method=Helsinki-NLP/opus-mt-en-uk_surface_candidate; exact Oxford definition='to make somebody feel extremely frightened'; candidate='urrize'; reverse='urize'; lexical=0.333; candidate_definition_similarity=0.309; reverse_definition_similarity=0.340.
MANUAL_EMERGENCY_WORK_20260820_SECOND_PASS_V4_round01	MANUAL_EMERGENCY_WORK_20260820_FIRST_PASS_V4_round01	ox5000-30bc3871f94be042ac8d	territory	noun	B2	PASS	територія	PASS V4: concise lexical equivalent; method=Helsinki-NLP/opus-mt-en-uk_surface_candidate; exact Oxford definition='land that is under the control of a particular country or political leader'; candidate='територія'; reverse='territory'; lexical=1.000; candidate_definition_similarity=0.562; reverse_definition_similarity=0.635; lexical-form/POS/role/source-grounded checks PASS.
MANUAL_EMERGENCY_WORK_20260820_SECOND_PASS_V4_round01	MANUAL_EMERGENCY_WORK_20260820_FIRST_PASS_V4_round01	ox5000-6b4fed09d6a7acdd3dc7	terror	noun	B2	BLOCKED		BLOCKED V4: Oxford definition text not found at exact definition path; method=en_wiktionary_matching_pos_uk_translation; exact Oxford definition=''; candidate='тера́кт'; reverse='teraʹk'; lexical=0.500; candidate_definition_similarity=0.885; reverse_definition_similarity=0.685.
MANUAL_EMERGENCY_WORK_20260820_SECOND_PASS_V4_round01	MANUAL_EMERGENCY_WORK_20260820_FIRST_PASS_V4_round01	ox5000-97fd97c2b8c7282d936e	terrorism	noun	B2	PASS	терори́зм	PASS V4: concise lexical equivalent; method=en_wiktionary_matching_pos_uk_translation; exact Oxford definition='the use of violent action in order to achieve political aims or to force a government to act'; candidate='терори́зм'; reverse='Terrorism'; lexical=1.000; candidate_definition_similarity=0.465; reverse_definition_similarity=0.444; lexical-form/POS/role/source-grounded checks PASS.
MANUAL_EMERGENCY_WORK_20260820_SECOND_PASS_V4_round01	MANUAL_EMERGENCY_WORK_20260820_FIRST_PASS_V4_round01	ox5000-5916322693483a5d7b4b	terrorist	noun	B2	PASS	терори́ст	PASS V4: concise lexical equivalent; method=en_wiktionary_matching_pos_uk_translation; exact Oxford definition='a person who takes part in terrorism'; candidate='терори́ст'; reverse='Terrorist'; lexical=1.000; candidate_definition_similarity=0.825; reverse_definition_similarity=0.877; lexical-form/POS/role/source-grounded checks PASS.
MANUAL_EMERGENCY_WORK_20260820_SECOND_PASS_V4_round01	MANUAL_EMERGENCY_WORK_20260820_FIRST_PASS_V4_round01	ox5000-81809345392305d7171b	testify	verb	C1	BLOCKED		BLOCKED V4: candidate is not predominantly Ukrainian; method=Helsinki-NLP/opus-mt-en-uk_surface_candidate; exact Oxford definition='to make a statement that something happened or that something is true, especially as a witness in court'; candidate='services'; reverse='services'; lexical=0.267; candidate_definition_similarity=0.023; reverse_definition_similarity=0.023.
MANUAL_EMERGENCY_WORK_20260820_SECOND_PASS_V4_round01	MANUAL_EMERGENCY_WORK_20260820_FIRST_PASS_V4_round01	ox5000-f838d055d14abf8c2ebb	testimony	noun	C1	BLOCKED		BLOCKED V4: semantic role mismatch: Oxford definition requires object, reverse candidate looks generic; method=en_wiktionary_matching_pos_uk_translation; exact Oxford definition='a thing that shows that something else exists or is true'; candidate='показа́ння'; reverse='display'; lexical=0.250; candidate_definition_similarity=0.474; reverse_definition_similarity=0.291.
MANUAL_EMERGENCY_WORK_20260820_SECOND_PASS_V4_round01	MANUAL_EMERGENCY_WORK_20260820_FIRST_PASS_V4_round01	ox5000-4adb2d62b9dc0969ac4d	testing	noun	B2	BLOCKED		BLOCKED V4: semantic role mismatch: Oxford definition requires person, reverse candidate looks generic; method=en_wiktionary_matching_pos_uk_translation; exact Oxford definition='the activity of testing somebody/something in order to find something out, see if it works, etc.'; candidate='тестува́ння'; reverse='test'; lexical=1.000; candidate_definition_similarity=0.671; reverse_definition_similarity=0.634.
MANUAL_EMERGENCY_WORK_20260820_SECOND_PASS_V4_round01	MANUAL_EMERGENCY_WORK_20260820_FIRST_PASS_V4_round01	ox5000-95d845718fe19a04a8d2	textbook	noun	B2	BLOCKED		BLOCKED V4: Wiktionary candidate does not back-translate to the exact English lexical identity; method=en_wiktionary_matching_pos_uk_translation; exact Oxford definition='a book that teaches a particular subject and that is used especially in schools and colleges'; candidate='підру́чник'; reverse='Sniffer'; lexical=0.133; candidate_definition_similarity=0.222; reverse_definition_similarity=0.103.
MANUAL_EMERGENCY_WORK_20260820_SECOND_PASS_V4_round01	MANUAL_EMERGENCY_WORK_20260820_FIRST_PASS_V4_round01	ox5000-bef207622e2f6e60411d	texture	noun	C1	PASS	тексту́ра	PASS V4: concise lexical equivalent; method=en_wiktionary_matching_pos_uk_translation; exact Oxford definition='the way a surface, substance or piece of cloth feels when you touch it, for example how rough, smooth, hard or soft it is'; candidate='тексту́ра'; reverse='texture'; lexical=1.000; candidate_definition_similarity=0.418; reverse_definition_similarity=0.499; lexical-form/POS/role/source-grounded checks PASS.
MANUAL_EMERGENCY_WORK_20260820_SECOND_PASS_V4_round01	MANUAL_EMERGENCY_WORK_20260820_FIRST_PASS_V4_round01	ox5000-d1fca0f4d400117f6854	thankfully	adverb	C1	BLOCKED		BLOCKED V4: surface MT candidate does not back-translate to the exact English lexical identity; method=Helsinki-NLP/opus-mt-en-uk_surface_candidate; exact Oxford definition='used to show that you are pleased that something good has happened or that something bad has been avoided'; candidate='Вдячний'; reverse='Grateful'; lexical=0.444; candidate_definition_similarity=0.483; reverse_definition_similarity=0.439.
MANUAL_EMERGENCY_WORK_20260820_SECOND_PASS_V4_round01	MANUAL_EMERGENCY_WORK_20260820_FIRST_PASS_V4_round01	ox5000-55a146661c1df5d9fd5c	theatrical	adjective	C1	PASS	театральний	PASS V4: concise lexical equivalent; method=Helsinki-NLP/opus-mt-en-uk_surface_candidate; exact Oxford definition='connected with the theatre'; candidate='театральний'; reverse='theatrical'; lexical=1.000; candidate_definition_similarity=0.815; reverse_definition_similarity=0.759; lexical-form/POS/role/source-grounded checks PASS.
MANUAL_EMERGENCY_WORK_20260820_SECOND_PASS_V4_round01	MANUAL_EMERGENCY_WORK_20260820_FIRST_PASS_V4_round01	ox5000-991a9d01246ffbf9a9c5	theft	noun	B2	BLOCKED		BLOCKED V4: semantic role mismatch: Oxford definition requires person, reverse candidate looks process; method=en_wiktionary_matching_pos_uk_translation; exact Oxford definition='the crime of stealing something from a person or place'; candidate='краді́жка'; reverse='Stealing'; lexical=0.308; candidate_definition_similarity=0.842; reverse_definition_similarity=0.812.
MANUAL_EMERGENCY_WORK_20260820_SECOND_PASS_V4_round01	MANUAL_EMERGENCY_WORK_20260820_FIRST_PASS_V4_round01	ox5000-de667f6f04e5e8ccfed5	theology	noun	C1	PASS	Теологія	PASS V4: concise lexical equivalent; method=Helsinki-NLP/opus-mt-en-uk_surface_candidate; exact Oxford definition='the study of religion and beliefs'; candidate='Теологія'; reverse='Theology'; lexical=1.000; candidate_definition_similarity=0.751; reverse_definition_similarity=0.738; lexical-form/POS/role/source-grounded checks PASS.
MANUAL_EMERGENCY_WORK_20260820_SECOND_PASS_V4_round01	MANUAL_EMERGENCY_WORK_20260820_FIRST_PASS_V4_round01	ox5000-b052aa70ffc82c01e0e6	theoretical	adjective	C1	BLOCKED		BLOCKED V4: Wiktionary candidate does not back-translate to the exact English lexical identity; method=en_wiktionary_matching_pos_uk_translation; exact Oxford definition='connected with the ideas and principles on which a particular subject is based, rather than with practice and experiment'; candidate='теорети́чний'; reverse='Theoretic'; lexical=1.000; candidate_definition_similarity=0.440; reverse_definition_similarity=0.416.
MANUAL_EMERGENCY_WORK_20260820_SECOND_PASS_V4_round01	MANUAL_EMERGENCY_WORK_20260820_FIRST_PASS_V4_round01	ox5000-f0a9b9c6b02ef2064253	therapist	noun	B2	PASS	терапевт	PASS V4: concise lexical equivalent; method=Helsinki-NLP/opus-mt-en-uk_surface_candidate; exact Oxford definition='a specialist who treats a particular type of illness or problem, or who uses a particular type of treatment'; candidate='терапевт'; reverse='Therapist'; lexical=1.000; candidate_definition_similarity=0.564; reverse_definition_similarity=0.526; lexical-form/POS/role/source-grounded checks PASS.
MANUAL_EMERGENCY_WORK_20260820_SECOND_PASS_V4_round01	MANUAL_EMERGENCY_WORK_20260820_FIRST_PASS_V4_round01	ox5000-d9676d7d2512249a7e9e	thereafter	adverb	C1	BLOCKED		BLOCKED V4: multiword adverb candidate is not an adverbial phrase; method=Helsinki-NLP/opus-mt-en-uk_surface_candidate; exact Oxford definition='after the time or event mentioned'; candidate='Після цього'; reverse='After that'; lexical=0.500; candidate_definition_similarity=0.614; reverse_definition_similarity=0.647.
MANUAL_EMERGENCY_WORK_20260820_SECOND_PASS_V4_round01	MANUAL_EMERGENCY_WORK_20260820_FIRST_PASS_V4_round01	ox5000-b245a804462b0d41915a	thereby	adverb	C1	BLOCKED		BLOCKED V4: multiword adverb candidate is not an adverbial phrase; method=en_wiktionary_matching_pos_uk_translation; exact Oxford definition='used to introduce the result of the action or situation mentioned'; candidate='таки́м чи́ном'; reverse='Yes, it is.'; lexical=0.125; candidate_definition_similarity=0.357; reverse_definition_similarity=0.125.
MANUAL_EMERGENCY_WORK_20260820_SECOND_PASS_V4_round01	MANUAL_EMERGENCY_WORK_20260820_FIRST_PASS_V4_round01	ox5000-7bc234c4dcd2f3c2875b	thesis	noun	B2	BLOCKED		BLOCKED V4: Wiktionary candidate does not back-translate to the exact English lexical identity; method=en_wiktionary_matching_pos_uk_translation; exact Oxford definition='a long piece of writing completed by a student as part of a university degree, based on their own research'; candidate='дисерта́ція'; reverse='dissertation'; lexical=0.222; candidate_definition_similarity=0.540; reverse_definition_similarity=0.504.
MANUAL_EMERGENCY_WORK_20260820_SECOND_PASS_V4_round01	MANUAL_EMERGENCY_WORK_20260820_FIRST_PASS_V4_round01	ox5000-feaf4b50d932346d1b13	thorough	adjective	B2	BLOCKED		BLOCKED V4: adjective candidate has no plausible Ukrainian adjective morphology; method=Helsinki-NLP/opus-mt-en-uk_surface_candidate; exact Oxford definition='done completely; with great attention to detail'; candidate='Докладно'; reverse='Verbose'; lexical=0.133; candidate_definition_similarity=0.476; reverse_definition_similarity=0.274.
MANUAL_EMERGENCY_WORK_20260820_SECOND_PASS_V4_round01	MANUAL_EMERGENCY_WORK_20260820_FIRST_PASS_V4_round01	ox5000-d28109a222083a7e6991	thoroughly	adverb	B2	BLOCKED		BLOCKED V4: multiword adverb candidate is not an adverbial phrase; method=en_wiktionary_matching_pos_uk_translation; exact Oxford definition='very much; completely'; candidate='стара́нно'; reverse='Well done.'; lexical=0.105; candidate_definition_similarity=0.582; reverse_definition_similarity=0.468.
MANUAL_EMERGENCY_WORK_20260820_SECOND_PASS_V4_round01	MANUAL_EMERGENCY_WORK_20260820_FIRST_PASS_V4_round01	ox5000-cbd9ca36a79de9b55081	thought-provoking	adjective	C1	BLOCKED		BLOCKED V4: candidate is not predominantly Ukrainian; method=Helsinki-NLP/opus-mt-en-uk_surface_candidate; exact Oxford definition='making people think seriously about a particular subject or issue'; candidate='think-procing'; reverse='think-procing'; lexical=0.600; candidate_definition_similarity=0.540; reverse_definition_similarity=0.540.
MANUAL_EMERGENCY_WORK_20260820_SECOND_PASS_V4_round01	MANUAL_EMERGENCY_WORK_20260820_FIRST_PASS_V4_round01	ox5000-4dbc6b87df9f0ea26bb9	thoughtful	adjective	C1	BLOCKED		BLOCKED V4: Wiktionary candidate does not back-translate to the exact English lexical identity; method=en_wiktionary_matching_pos_uk_translation; exact Oxford definition='quiet, because you are thinking'; candidate='ува́жний'; reverse='Considerate'; lexical=0.095; candidate_definition_similarity=0.349; reverse_definition_similarity=0.405.
MANUAL_EMERGENCY_WORK_20260820_SECOND_PASS_V4_round01	MANUAL_EMERGENCY_WORK_20260820_FIRST_PASS_V4_round01	ox5000-1fdcd2759a6e1b7adbd8	thread	noun	C1	BLOCKED		BLOCKED V4: Wiktionary lexical candidate lacks two-sided exact-definition support; method=en_wiktionary_matching_pos_uk_translation; exact Oxford definition='a thin string of cotton, wool, silk, etc. used for sewing or making cloth'; candidate='ни́тка'; reverse='thread'; lexical=1.000; candidate_definition_similarity=0.183; reverse_definition_similarity=0.342.
MANUAL_EMERGENCY_WORK_20260820_SECOND_PASS_V4_round01	MANUAL_EMERGENCY_WORK_20260820_FIRST_PASS_V4_round01	ox5000-1709abceec97aee34dc2	threshold	noun	C1	BLOCKED		BLOCKED V4: semantic role mismatch: Oxford definition requires place, reverse candidate looks person; method=en_wiktionary_matching_pos_uk_translation; exact Oxford definition='the floor or ground at the bottom of a doorway , considered as the entrance to a building or room'; candidate='порі́г'; reverse='porʹg'; lexical=0.143; candidate_definition_similarity=0.275; reverse_definition_similarity=0.228.
MANUAL_EMERGENCY_WORK_20260820_SECOND_PASS_V4_round01	MANUAL_EMERGENCY_WORK_20260820_FIRST_PASS_V4_round01	ox5000-4e4dfe0384c9e2bd4d60	thrilled	adjective	C1	BLOCKED		BLOCKED V4: adjective candidate has no plausible Ukrainian adjective morphology; method=Helsinki-NLP/opus-mt-en-uk_surface_candidate; exact Oxford definition='very excited and pleased'; candidate='захоплено'; reverse='captured'; lexical=0.500; candidate_definition_similarity=0.548; reverse_definition_similarity=0.215.
MANUAL_EMERGENCY_WORK_20260820_SECOND_PASS_V4_round01	MANUAL_EMERGENCY_WORK_20260820_FIRST_PASS_V4_round01	ox5000-f75147390c58f9b7da57	thrive	verb	C1	BLOCKED		BLOCKED V4: surface MT candidate does not back-translate to the exact English lexical identity; method=Helsinki-NLP/opus-mt-en-uk_surface_candidate; exact Oxford definition='to become, and continue to be, successful, strong, healthy, etc.'; candidate='процвітати'; reverse='flourish'; lexical=0.286; candidate_definition_similarity=0.617; reverse_definition_similarity=0.591.
MANUAL_EMERGENCY_WORK_20260820_SECOND_PASS_V4_round01	MANUAL_EMERGENCY_WORK_20260820_FIRST_PASS_V4_round01	ox5000-09f564b8c1cd8dfc3904	thumb	noun	B2	BLOCKED		BLOCKED V4: Wiktionary candidate does not back-translate to the exact English lexical identity; method=en_wiktionary_matching_pos_uk_translation; exact Oxford definition='the short, thick finger at the side of the hand, slightly apart from the other four'; candidate='вели́кий па́лець'; reverse='Big Pawl'; lexical=0.154; candidate_definition_similarity=0.368; reverse_definition_similarity=0.324.
MANUAL_EMERGENCY_WORK_20260820_SECOND_PASS_V4_round01	MANUAL_EMERGENCY_WORK_20260820_FIRST_PASS_V4_round01	ox5000-f2480d9023b56c509839	tide	noun	C1	PASS	приплив	PASS V4: concise lexical equivalent; method=Helsinki-NLP/opus-mt-en-uk_surface_candidate; exact Oxford definition='a regular rise and fall in the level of the sea, caused by the pull of the moon and sun; the flow of water that happens as the sea rises and falls'; candidate='приплив'; reverse='tide'; lexical=1.000; candidate_definition_similarity=0.510; reverse_definition_similarity=0.504; lexical-form/POS/role/source-grounded checks PASS.
MANUAL_EMERGENCY_WORK_20260820_SECOND_PASS_V4_round01	MANUAL_EMERGENCY_WORK_20260820_FIRST_PASS_V4_round01	ox5000-eec8e05bb7719b3d5517	tighten	verb	C1	BLOCKED		BLOCKED V4: surface MT candidate does not back-translate to the exact English lexical identity; method=Helsinki-NLP/opus-mt-en-uk_surface_candidate; exact Oxford definition='to hold or fix something more securely in position; to make something or become more difficult to move, open or separate'; candidate='Затягнути'; reverse='Load'; lexical=0.000; candidate_definition_similarity=0.473; reverse_definition_similarity=0.120.
MANUAL_EMERGENCY_WORK_20260820_SECOND_PASS_V4_round01	MANUAL_EMERGENCY_WORK_20260820_FIRST_PASS_V4_round01	ox5000-4a9663ae5209cddb6bba	timber	noun	C1	PASS	лісоматеріа́л	PASS V4: concise lexical equivalent; method=en_wiktionary_matching_pos_uk_translation; exact Oxford definition='trees that are grown to be used in building or for making things'; candidate='лісоматеріа́л'; reverse='timber'; lexical=1.000; candidate_definition_similarity=0.421; reverse_definition_similarity=0.441; lexical-form/POS/role/source-grounded checks PASS.
MANUAL_EMERGENCY_WORK_20260820_SECOND_PASS_V4_round01	MANUAL_EMERGENCY_WORK_20260820_FIRST_PASS_V4_round01	ox5000-64e08b8dd68be475a5a4	timely	adjective	C1	BLOCKED		BLOCKED V4: adjective candidate has no plausible Ukrainian adjective morphology; method=Helsinki-NLP/opus-mt-en-uk_surface_candidate; exact Oxford definition='happening at exactly the right time'; candidate='вчасно'; reverse='on'; lexical=0.000; candidate_definition_similarity=0.604; reverse_definition_similarity=0.315.
MANUAL_EMERGENCY_WORK_20260820_SECOND_PASS_V4_round01	MANUAL_EMERGENCY_WORK_20260820_FIRST_PASS_V4_round01	ox5000-ac2009687f3aff82b4f8	timing	noun	B2	BLOCKED		BLOCKED V4: semantic role mismatch: Oxford definition requires process, reverse candidate looks generic; method=Helsinki-NLP/opus-mt-en-uk_surface_candidate; exact Oxford definition='the act of choosing when something happens; a particular point or period of time when something happens or is planned'; candidate='час'; reverse='time'; lexical=0.600; candidate_definition_similarity=0.428; reverse_definition_similarity=0.421.
MANUAL_EMERGENCY_WORK_20260820_SECOND_PASS_V4_round01	MANUAL_EMERGENCY_WORK_20260820_FIRST_PASS_V4_round01	ox5000-e94181c64d5aa8e60302	tissue	noun	B2	BLOCKED		BLOCKED V4: semantic role mismatch: Oxford definition requires object, reverse candidate looks generic; method=en_wiktionary_matching_pos_uk_translation; exact Oxford definition='a piece of soft paper, used especially as a handkerchief'; candidate='ткани́на'; reverse='cloth'; lexical=0.182; candidate_definition_similarity=0.304; reverse_definition_similarity=0.588.
MANUAL_EMERGENCY_WORK_20260820_SECOND_PASS_V4_round01	MANUAL_EMERGENCY_WORK_20260820_FIRST_PASS_V4_round01	ox5000-9b063fe1a598738fa02d	tobacco	noun	C1	PASS	тютюн	PASS V4: concise lexical equivalent; method=Helsinki-NLP/opus-mt-en-uk_surface_candidate; exact Oxford definition='the dried leaves of the tobacco plant that are used for making cigarettes, smoking in a pipe, etc.'; candidate='тютюн'; reverse='tobacco'; lexical=1.000; candidate_definition_similarity=0.737; reverse_definition_similarity=0.751; lexical-form/POS/role/source-grounded checks PASS.
MANUAL_EMERGENCY_WORK_20260820_SECOND_PASS_V4_round01	MANUAL_EMERGENCY_WORK_20260820_FIRST_PASS_V4_round01	ox5000-f235f1b098d32e02ad29	tolerance	noun	C1	BLOCKED		BLOCKED V4: semantic role mismatch: Oxford definition requires person, reverse candidate looks generic; method=en_wiktionary_matching_pos_uk_translation; exact Oxford definition='the quality of being willing to accept or tolerate somebody/something, especially opinions or behaviour that you may not agree with, or people who are not like you'; candidate='терпи́мість'; reverse='Patience'; lexical=0.588; candidate_definition_similarity=0.426; reverse_definition_similarity=0.341.
MANUAL_EMERGENCY_WORK_20260820_SECOND_PASS_V4_round01	MANUAL_EMERGENCY_WORK_20260820_FIRST_PASS_V4_round01	ox5000-d5ec64b91510270b2158	tolerate	verb	C1	BLOCKED		BLOCKED V4: Oxford definition requires person role but source/reverse role is not independently person-like (tolerate); method=en_wiktionary_matching_pos_uk_translation; exact Oxford definition='to allow somebody to do something that you do not agree with or like'; candidate='толерува́ти'; reverse='tolerate'; lexical=1.000; candidate_definition_similarity=0.427; reverse_definition_similarity=0.448.
MANUAL_EMERGENCY_WORK_20260820_SECOND_PASS_V4_round01	MANUAL_EMERGENCY_WORK_20260820_FIRST_PASS_V4_round01	ox5000-e2eb585666597b22d60b	toll	noun	C1	BLOCKED		BLOCKED V4: Wiktionary candidate does not back-translate to the exact English lexical identity; method=en_wiktionary_matching_pos_uk_translation; exact Oxford definition='money that you pay to use a particular road or bridge'; candidate='опла́та'; reverse='bo·laʹta'; lexical=0.167; candidate_definition_similarity=0.047; reverse_definition_similarity=0.104.
MANUAL_EMERGENCY_WORK_20260820_SECOND_PASS_V4_round01	MANUAL_EMERGENCY_WORK_20260820_FIRST_PASS_V4_round01	ox5000-4adeed3e1291e2cb9565	ton	noun	B2	BLOCKED		BLOCKED V4: Wiktionary candidate does not back-translate to the exact English lexical identity; method=en_wiktionary_matching_pos_uk_translation; exact Oxford definition='a unit for measuring weight, in the UK 2\u2009240 pounds ( long ton ) and in the US 2\u2009000 pounds ( short ton )'; candidate='то́нна'; reverse='toʹna'; lexical=0.750; candidate_definition_similarity=0.112; reverse_definition_similarity=0.150.
MANUAL_EMERGENCY_WORK_20260820_SECOND_PASS_V4_round01	MANUAL_EMERGENCY_WORK_20260820_FIRST_PASS_V4_round01	ox5000-11d2abac5382987dddf5	tonne	noun	B2	BLOCKED		BLOCKED V4: candidate is not predominantly Ukrainian; method=Helsinki-NLP/opus-mt-en-uk_surface_candidate; exact Oxford definition='a unit for measuring weight, equal to 1\u2009000 kilograms'; candidate='тонEthiopian month 3 - ShortName'; reverse='Ton'; lexical=1.000; candidate_definition_similarity=0.139; reverse_definition_similarity=0.259.
MANUAL_EMERGENCY_WORK_20260820_SECOND_PASS_V4_round01	MANUAL_EMERGENCY_WORK_20260820_FIRST_PASS_V4_round01	ox5000-d4c9367c23e5a72152e3	top	verb	C1	BLOCKED		BLOCKED V4: Wiktionary candidate does not back-translate to the exact English lexical identity; method=en_wiktionary_matching_pos_uk_translation; exact Oxford definition='to be higher than a particular amount'; candidate='переве́ршувати'; reverse='reweaving'; lexical=0.000; candidate_definition_similarity=0.291; reverse_definition_similarity=0.155.
MANUAL_EMERGENCY_WORK_20260820_SECOND_PASS_V4_round01	MANUAL_EMERGENCY_WORK_20260820_FIRST_PASS_V4_round01	ox5000-7042e0637e91deb575b0	torture	noun	C1	BLOCKED		BLOCKED V4: semantic role mismatch: Oxford definition requires person, reverse candidate looks process; method=en_wiktionary_matching_pos_uk_translation; exact Oxford definition='the act of causing somebody severe pain in order to punish them or make them say or do something'; candidate='катува́ння'; reverse='causation'; lexical=0.250; candidate_definition_similarity=0.608; reverse_definition_similarity=0.450.
MANUAL_EMERGENCY_WORK_20260820_SECOND_PASS_V4_round01	MANUAL_EMERGENCY_WORK_20260820_FIRST_PASS_V4_round01	ox5000-7e9ceec203d2d50cf233	torture	verb	C1	BLOCKED		BLOCKED V4: semantic role mismatch: Oxford definition requires person, reverse candidate looks process; method=en_wiktionary_matching_pos_uk_translation; exact Oxford definition='to hurt somebody physically or mentally in order to punish them or make them tell you something'; candidate='му́чити'; reverse='Mourning'; lexical=0.400; candidate_definition_similarity=0.178; reverse_definition_similarity=0.182.
MANUAL_EMERGENCY_WORK_20260820_SECOND_PASS_V4_round01	MANUAL_EMERGENCY_WORK_20260820_FIRST_PASS_V4_round01	ox5000-639d0f39bd92fd319b5a	toss	verb	C1	BLOCKED		BLOCKED V4: English/source-language residue or model artifact; method=Helsinki-NLP/opus-mt-en-uk_surface_candidate; exact Oxford definition='to throw something lightly or carelessly'; candidate='осunit synonyms for matching user input'; reverse='os'; lexical=1.000; candidate_definition_similarity=0.122; reverse_definition_similarity=0.214.
MANUAL_EMERGENCY_WORK_20260820_SECOND_PASS_V4_round01	MANUAL_EMERGENCY_WORK_20260820_FIRST_PASS_V4_round01	ox5000-1cd96ead96b42105fd96	total	verb	C1	BLOCKED		BLOCKED V4: verb candidate is not an appropriate Ukrainian infinitive/verb phrase; method=Helsinki-NLP/opus-mt-en-uk_surface_candidate; exact Oxford definition='to reach a particular total'; candidate='загалом'; reverse='total'; lexical=1.000; candidate_definition_similarity=0.371; reverse_definition_similarity=0.672.
MANUAL_EMERGENCY_WORK_20260820_SECOND_PASS_V4_round01	MANUAL_EMERGENCY_WORK_20260820_FIRST_PASS_V4_round01	ox5000-38e4c949712c87056e5c	tournament	noun	B2	BLOCKED		BLOCKED V4: Wiktionary candidate does not back-translate to the exact English lexical identity; method=en_wiktionary_matching_pos_uk_translation; exact Oxford definition='a sports competition involving a number of teams or players who take part in different games and must leave the competition if they lose. The competition continues until there is only the winner left.'; candidate='змага́ння'; reverse='wrestling'; lexical=0.211; candidate_definition_similarity=0.577; reverse_definition_similarity=0.241.
MANUAL_EMERGENCY_WORK_20260820_SECOND_PASS_V4_round01	MANUAL_EMERGENCY_WORK_20260820_FIRST_PASS_V4_round01	ox5000-2bd8b089e3ccff628106	toxic	adjective	C1	PASS	токсичний	PASS V4: concise lexical equivalent; method=en_wiktionary_matching_pos_uk_translation; exact Oxford definition='containing poison; poisonous'; candidate='токсичний'; reverse='toxic'; lexical=1.000; candidate_definition_similarity=0.844; reverse_definition_similarity=0.836; lexical-form/POS/role/source-grounded checks PASS.
MANUAL_EMERGENCY_WORK_20260820_SECOND_PASS_V4_round01	MANUAL_EMERGENCY_WORK_20260820_FIRST_PASS_V4_round01	ox5000-adafbb1bafb76a511fd1	trace	noun	C1	BLOCKED		BLOCKED V4: Oxford definition requires person role but source/reverse role is not independently person-like (trace); method=en_wiktionary_matching_pos_uk_translation; exact Oxford definition='a mark, an object or a sign that shows that somebody/something existed or was present'; candidate='слід'; reverse='trace'; lexical=1.000; candidate_definition_similarity=0.333; reverse_definition_similarity=0.397.
MANUAL_EMERGENCY_WORK_20260820_SECOND_PASS_V4_round01	MANUAL_EMERGENCY_WORK_20260820_FIRST_PASS_V4_round01	ox5000-42868b1c764b72b41688	trace	verb	B2	BLOCKED		BLOCKED V4: candidate is not predominantly Ukrainian; method=Helsinki-NLP/opus-mt-en-uk_surface_candidate; exact Oxford definition='to find or discover somebody/something by looking carefully for them/it'; candidate='trace'; reverse='trace'; lexical=1.000; candidate_definition_similarity=0.377; reverse_definition_similarity=0.377.
MANUAL_EMERGENCY_WORK_20260820_SECOND_PASS_V4_round01	MANUAL_EMERGENCY_WORK_20260820_FIRST_PASS_V4_round01	ox5000-4a18d82d9fb6080d2f82	trademark	noun	C1	PASS	торгова марка	PASS V4: concise lexical equivalent; method=Helsinki-NLP/opus-mt-en-uk_surface_candidate; exact Oxford definition='a name, symbol or design that a company uses for its products and that cannot be used by anyone else'; candidate='торгова марка'; reverse='trademark'; lexical=1.000; candidate_definition_similarity=0.490; reverse_definition_similarity=0.460; lexical-form/POS/role/source-grounded checks PASS.
MANUAL_EMERGENCY_WORK_20260820_SECOND_PASS_V4_round01	MANUAL_EMERGENCY_WORK_20260820_FIRST_PASS_V4_round01	ox5000-6c8f6df01d66058d990b	trading	noun	B2	BLOCKED		BLOCKED V4: surface MT candidate does not back-translate to the exact English lexical identity; method=Helsinki-NLP/opus-mt-en-uk_surface_candidate; exact Oxford definition='the activity of buying and selling things'; candidate='Торгівля'; reverse='Trade'; lexical=0.667; candidate_definition_similarity=0.647; reverse_definition_similarity=0.485.
MANUAL_EMERGENCY_WORK_20260820_SECOND_PASS_V4_round01	MANUAL_EMERGENCY_WORK_20260820_FIRST_PASS_V4_round01	ox5000-4171a075bcbae5c10c48	tragedy	noun	B2	PASS	траге́дія	PASS V4: concise lexical equivalent; method=en_wiktionary_matching_pos_uk_translation; exact Oxford definition='a very sad event or situation, especially one that involves death'; candidate='траге́дія'; reverse='Tragedy'; lexical=1.000; candidate_definition_similarity=0.709; reverse_definition_similarity=0.702; lexical-form/POS/role/source-grounded checks PASS.
MANUAL_EMERGENCY_WORK_20260820_SECOND_PASS_V4_round01	MANUAL_EMERGENCY_WORK_20260820_FIRST_PASS_V4_round01	ox5000-d225ff4e87c4cf923056	tragic	adjective	B2	BLOCKED		BLOCKED V4: semantic role mismatch: Oxford definition requires person, reverse candidate looks generic; method=en_wiktionary_matching_pos_uk_translation; exact Oxford definition='making you feel very sad, usually because somebody has died or suffered a lot'; candidate='трагі́чний'; reverse='tragile'; lexical=0.769; candidate_definition_similarity=0.535; reverse_definition_similarity=0.104.
MANUAL_EMERGENCY_WORK_20260820_SECOND_PASS_V4_round01	MANUAL_EMERGENCY_WORK_20260820_FIRST_PASS_V4_round01	ox5000-ddc7244d12a4925f1a9a	trail	noun	C1	BLOCKED		BLOCKED V4: semantic role mismatch: Oxford definition requires person, reverse candidate looks generic; method=en_wiktionary_matching_pos_uk_translation; exact Oxford definition='a long line or series of marks that is left by somebody/something'; candidate='сте́жка'; reverse='stasy'; lexical=0.400; candidate_definition_similarity=0.457; reverse_definition_similarity=0.385.
MANUAL_EMERGENCY_WORK_20260820_SECOND_PASS_V4_round01	MANUAL_EMERGENCY_WORK_20260820_FIRST_PASS_V4_round01	ox5000-4db0352bf40a8fbb1a02	trail	verb	C1	BLOCKED		BLOCKED V4: semantic role mismatch: Oxford definition requires person, reverse candidate looks generic; method=en_wiktionary_matching_pos_uk_translation; exact Oxford definition='to pull something behind somebody/something, usually along the ground; to be pulled along in this way'; candidate='тягти'; reverse='pull'; lexical=0.222; candidate_definition_similarity=0.424; reverse_definition_similarity=0.661.
MANUAL_EMERGENCY_WORK_20260820_SECOND_PASS_V4_round01	MANUAL_EMERGENCY_WORK_20260820_FIRST_PASS_V4_round01	ox5000-4c2ff8c38be3fe6c8dd4	trailer	noun	C1	BLOCKED		BLOCKED V4: Wiktionary lexical candidate lacks two-sided exact-definition support; method=en_wiktionary_matching_pos_uk_translation; exact Oxford definition='a truck, or a container with wheels, that is pulled by another vehicle'; candidate='при́чіп'; reverse='A trailer'; lexical=1.000; candidate_definition_similarity=0.141; reverse_definition_similarity=0.679.
MANUAL_EMERGENCY_WORK_20260820_SECOND_PASS_V4_round01	MANUAL_EMERGENCY_WORK_20260820_FIRST_PASS_V4_round01	ox5000-9ada24c1b2e76e84a42f	trait	noun	B2	BLOCKED		BLOCKED V4: Wiktionary candidate does not back-translate to the exact English lexical identity; method=en_wiktionary_matching_pos_uk_translation; exact Oxford definition='a particular quality in your personality'; candidate='ри́са'; reverse='risʹsa'; lexical=0.364; candidate_definition_similarity=0.236; reverse_definition_similarity=0.239.
MANUAL_EMERGENCY_WORK_20260820_SECOND_PASS_V4_round01	MANUAL_EMERGENCY_WORK_20260820_FIRST_PASS_V4_round01	ox5000-33958a180c21e9c2392f	transaction	noun	C1	BLOCKED		BLOCKED V4: Wiktionary candidate does not back-translate to the exact English lexical identity; method=en_wiktionary_matching_pos_uk_translation; exact Oxford definition='a piece of business that is done between people, especially an act of buying or selling'; candidate='транза́кція'; reverse='wrotification'; lexical=0.500; candidate_definition_similarity=0.484; reverse_definition_similarity=0.271.
MANUAL_EMERGENCY_WORK_20260820_SECOND_PASS_V4_round01	MANUAL_EMERGENCY_WORK_20260820_FIRST_PASS_V4_round01	ox5000-cb988ddc79bd599be3e4	transcript	noun	C1	BLOCKED		BLOCKED V4: surface MT candidate does not back-translate to the exact English lexical identity; method=Helsinki-NLP/opus-mt-en-uk_surface_candidate; exact Oxford definition='a written or printed copy of words that have been spoken'; candidate='трансферт'; reverse='transfer'; lexical=0.667; candidate_definition_similarity=0.232; reverse_definition_similarity=0.208.
MANUAL_EMERGENCY_WORK_20260820_SECOND_PASS_V4_round01	MANUAL_EMERGENCY_WORK_20260820_FIRST_PASS_V4_round01	ox5000-da0eaeba3b2a9298e5a8	transformation	noun	C1	BLOCKED		BLOCKED V4: Oxford definition requires person role but source/reverse role is not independently person-like (transformation); method=en_wiktionary_matching_pos_uk_translation; exact Oxford definition='a complete change in somebody/something'; candidate='трансформа́ція'; reverse='transformation'; lexical=1.000; candidate_definition_similarity=0.613; reverse_definition_similarity=0.616.
MANUAL_EMERGENCY_WORK_20260820_SECOND_PASS_V4_round01	MANUAL_EMERGENCY_WORK_20260820_FIRST_PASS_V4_round01	ox5000-4b88d3cffcad8bc82c9d	transit	noun	C1	BLOCKED		BLOCKED V4: Wiktionary candidate does not back-translate to the exact English lexical identity; method=en_wiktionary_matching_pos_uk_translation; exact Oxford definition='the process of being moved or carried from one place to another'; candidate='перево́зка'; reverse='Removation'; lexical=0.235; candidate_definition_similarity=0.314; reverse_definition_similarity=0.333.
MANUAL_EMERGENCY_WORK_20260820_SECOND_PASS_V4_round01	MANUAL_EMERGENCY_WORK_20260820_FIRST_PASS_V4_round01	ox5000-2d305ec23cbf7b219f80	transmission	noun	C1	BLOCKED		BLOCKED V4: semantic role mismatch: Oxford definition requires process, reverse candidate looks generic; method=Helsinki-NLP/opus-mt-en-uk_surface_candidate; exact Oxford definition='the act or process of passing something from one person, place or thing to another'; candidate='трансляція'; reverse='broadcast'; lexical=0.095; candidate_definition_similarity=0.316; reverse_definition_similarity=0.187.
MANUAL_EMERGENCY_WORK_20260820_SECOND_PASS_V4_round01	MANUAL_EMERGENCY_WORK_20260820_FIRST_PASS_V4_round01	ox5000-f064dd91c4aa81d7c3ee	transmit	verb	B2	BLOCKED		BLOCKED V4: surface MT candidate does not back-translate to the exact English lexical identity; method=Helsinki-NLP/opus-mt-en-uk_surface_candidate; exact Oxford definition='to send an electronic signal, radio or television broadcast, etc.'; candidate='передати'; reverse='transfer'; lexical=0.625; candidate_definition_similarity=0.329; reverse_definition_similarity=0.215.
MANUAL_EMERGENCY_WORK_20260820_SECOND_PASS_V4_round01	MANUAL_EMERGENCY_WORK_20260820_FIRST_PASS_V4_round01	ox5000-9c611a0fde284f713dce	transparency	noun	C1	BLOCKED		BLOCKED V4: semantic role mismatch: Oxford definition requires state, reverse candidate looks generic; method=en_wiktionary_matching_pos_uk_translation; exact Oxford definition='the quality of something, such as a situation or an argument, that makes it easy to understand'; candidate='прозо́рість'; reverse='prosoʹrh'; lexical=0.300; candidate_definition_similarity=0.266; reverse_definition_similarity=0.120.
MANUAL_EMERGENCY_WORK_20260820_SECOND_PASS_V4_round01	MANUAL_EMERGENCY_WORK_20260820_FIRST_PASS_V4_round01	ox5000-1259e134246bea0b9a1e	transparent	adjective	C1	PASS	прозорий	PASS V4: concise lexical equivalent; method=en_wiktionary_matching_pos_uk_translation; exact Oxford definition='allowing you to see through it'; candidate='прозорий'; reverse='transparent'; lexical=1.000; candidate_definition_similarity=0.542; reverse_definition_similarity=0.450; lexical-form/POS/role/source-grounded checks PASS.
MANUAL_EMERGENCY_WORK_20260820_SECOND_PASS_V4_round01	MANUAL_EMERGENCY_WORK_20260820_FIRST_PASS_V4_round01	ox5000-d8d8f389f6b761ee2bf6	transportation	noun	B2	BLOCKED		BLOCKED V4: Wiktionary candidate does not back-translate to the exact English lexical identity; method=en_wiktionary_matching_pos_uk_translation; exact Oxford definition='a system for carrying people or goods from one place to another using vehicles, roads, etc.'; candidate='транспортува́ння'; reverse='Transports'; lexical=0.750; candidate_definition_similarity=0.663; reverse_definition_similarity=0.667.
MANUAL_EMERGENCY_WORK_20260820_SECOND_PASS_V4_round01	MANUAL_EMERGENCY_WORK_20260820_FIRST_PASS_V4_round01	ox5000-e9aebc4072b2c4955b95	trap	noun	B2	BLOCKED		BLOCKED V4: semantic role mismatch: Oxford definition requires object, reverse candidate looks generic; method=en_wiktionary_matching_pos_uk_translation; exact Oxford definition='a piece of equipment for catching animals'; candidate='люк'; reverse='hatch'; lexical=0.222; candidate_definition_similarity=0.349; reverse_definition_similarity=0.293.
MANUAL_EMERGENCY_WORK_20260820_SECOND_PASS_V4_round01	MANUAL_EMERGENCY_WORK_20260820_FIRST_PASS_V4_round01	ox5000-753d9d8240ce68a8b47d	trap	verb	B2	BLOCKED		BLOCKED V4: verb candidate is not an appropriate Ukrainian infinitive/verb phrase; method=Helsinki-NLP/opus-mt-en-uk_surface_candidate; exact Oxford definition='to put somebody in a dangerous place that they cannot get out of'; candidate='пастка'; reverse='trap'; lexical=1.000; candidate_definition_similarity=0.426; reverse_definition_similarity=0.405.
MANUAL_EMERGENCY_WORK_20260820_SECOND_PASS_V4_round01	MANUAL_EMERGENCY_WORK_20260820_FIRST_PASS_V4_round01	ox5000-dcddf2c3d5af4ca55dbf	trauma	noun	C1	BLOCKED		BLOCKED V4: Wiktionary candidate does not back-translate to the exact English lexical identity; method=en_wiktionary_matching_pos_uk_translation; exact Oxford definition='a mental condition caused by severe shock, stress or fear, especially when the harmful effects last for a long time'; candidate='тра́вма'; reverse='travma'; lexical=0.833; candidate_definition_similarity=0.148; reverse_definition_similarity=0.427.
MANUAL_EMERGENCY_WORK_20260820_SECOND_PASS_V4_round01	MANUAL_EMERGENCY_WORK_20260820_FIRST_PASS_V4_round01	ox5000-31ae2f33f40ae3c9992c	treasure	noun	B2	PASS	скарб	PASS V4: concise lexical equivalent; method=en_wiktionary_matching_pos_uk_translation; exact Oxford definition='a collection of valuable things such as gold, silver and jewellery'; candidate='скарб'; reverse='treasure'; lexical=1.000; candidate_definition_similarity=0.617; reverse_definition_similarity=0.600; lexical-form/POS/role/source-grounded checks PASS.
MANUAL_EMERGENCY_WORK_20260820_SECOND_PASS_V4_round01	MANUAL_EMERGENCY_WORK_20260820_FIRST_PASS_V4_round01	ox5000-e3e9d21582b8898e7c77	treaty	noun	C1	BLOCKED		BLOCKED V4: Wiktionary candidate does not back-translate to the exact English lexical identity; method=en_wiktionary_matching_pos_uk_translation; exact Oxford definition='a formal agreement between two or more countries'; candidate='до́говір'; reverse='deal.'; lexical=0.400; candidate_definition_similarity=0.268; reverse_definition_similarity=0.434.
MANUAL_EMERGENCY_WORK_20260820_SECOND_PASS_V4_round01	MANUAL_EMERGENCY_WORK_20260820_FIRST_PASS_V4_round01	ox5000-ba5c96ee38f220c30435	tremendous	adjective	C1	BLOCKED		BLOCKED V4: surface MT candidate does not back-translate to the exact English lexical identity; method=Helsinki-NLP/opus-mt-en-uk_surface_candidate; exact Oxford definition='very great'; candidate='величезний'; reverse='huge'; lexical=0.143; candidate_definition_similarity=0.679; reverse_definition_similarity=0.561.
MANUAL_EMERGENCY_WORK_20260820_SECOND_PASS_V4_round01	MANUAL_EMERGENCY_WORK_20260820_FIRST_PASS_V4_round01	ox5000-e78ef76ea1e0cf2914d2	tribal	adjective	C1	PASS	племінний	PASS V4: concise lexical equivalent; method=Helsinki-NLP/opus-mt-en-uk_surface_candidate; exact Oxford definition='connected with a tribe or tribes'; candidate='племінний'; reverse='tribal'; lexical=1.000; candidate_definition_similarity=0.807; reverse_definition_similarity=0.813; lexical-form/POS/role/source-grounded checks PASS.
MANUAL_EMERGENCY_WORK_20260820_SECOND_PASS_V4_round01	MANUAL_EMERGENCY_WORK_20260820_FIRST_PASS_V4_round01	ox5000-8f9f9f9e959b1fc183ea	tribe	noun	B2	PASS	плем' я	"PASS V4: concise lexical equivalent; method=Helsinki-NLP/opus-mt-en-uk_surface_candidate; exact Oxford definition='a social group in a traditional society consisting of people with the same language, culture, religion, etc., living in a particular area and often having one leader known as a chief'; candidate=""плем' я""; reverse='tribe'; lexical=1.000; candidate_definition_similarity=0.429; reverse_definition_similarity=0.489; lexical-form/POS/role/source-grounded checks PASS."
MANUAL_EMERGENCY_WORK_20260820_SECOND_PASS_V4_round01	MANUAL_EMERGENCY_WORK_20260820_FIRST_PASS_V4_round01	ox5000-4f47419fcb1747bded2a	tribunal	noun	C1	BLOCKED		BLOCKED V4: Wiktionary candidate does not back-translate to the exact English lexical identity; method=en_wiktionary_matching_pos_uk_translation; exact Oxford definition='a type of court with the authority to deal with a particular problem or disagreement'; candidate='суд'; reverse='judgment'; lexical=0.125; candidate_definition_similarity=0.647; reverse_definition_similarity=0.602.
MANUAL_EMERGENCY_WORK_20260820_SECOND_PASS_V4_round01	MANUAL_EMERGENCY_WORK_20260820_FIRST_PASS_V4_round01	ox5000-3f2080ac50b135059225	tribute	noun	C1	BLOCKED		BLOCKED V4: Wiktionary lexical candidate lacks two-sided exact-definition support; method=en_wiktionary_matching_pos_uk_translation; exact Oxford definition='an act, a statement or a gift that is intended to show your love or respect, especially for a dead person'; candidate='дани́на'; reverse='tribute'; lexical=1.000; candidate_definition_similarity=0.245; reverse_definition_similarity=0.498.
MANUAL_EMERGENCY_WORK_20260820_SECOND_PASS_V4_round01	MANUAL_EMERGENCY_WORK_20260820_FIRST_PASS_V4_round01	ox5000-f690888a2be766e69ec3	trigger	noun	C1	BLOCKED		BLOCKED V4: Wiktionary candidate does not back-translate to the exact English lexical identity; method=en_wiktionary_matching_pos_uk_translation; exact Oxford definition='the part of a gun that you press in order to fire it'; candidate='соба́чка'; reverse='Saddle'; lexical=0.154; candidate_definition_similarity=0.347; reverse_definition_similarity=0.324.
MANUAL_EMERGENCY_WORK_20260820_SECOND_PASS_V4_round01	MANUAL_EMERGENCY_WORK_20260820_FIRST_PASS_V4_round01	ox5000-8a322f6cdbb221721285	trigger	verb	B2	BLOCKED		BLOCKED V4: candidate is not predominantly Ukrainian; method=Helsinki-NLP/opus-mt-en-uk_surface_candidate; exact Oxford definition='to make something happen suddenly'; candidate='trigger'; reverse='trigger'; lexical=1.000; candidate_definition_similarity=0.417; reverse_definition_similarity=0.417.
MANUAL_EMERGENCY_WORK_20260820_SECOND_PASS_V4_round01	MANUAL_EMERGENCY_WORK_20260820_FIRST_PASS_V4_round01	ox5000-a65a2ff14d99ea1e9c57	trillion	number	B2	PASS	трильйон	PASS V4: concise lexical equivalent; method=Helsinki-NLP/opus-mt-en-uk_surface_candidate; exact Oxford definition='1\u2009000\u2009000\u2009000\u2009000; one million million'; candidate='трильйон'; reverse='trillion'; lexical=1.000; candidate_definition_similarity=0.732; reverse_definition_similarity=0.714; lexical-form/POS/role/source-grounded checks PASS.
MANUAL_EMERGENCY_WORK_20260820_SECOND_PASS_V4_round01	MANUAL_EMERGENCY_WORK_20260820_FIRST_PASS_V4_round01	ox5000-1e0f1f9883740273fd03	trio	noun	C1	PASS	тріо	PASS V4: concise lexical equivalent; method=Helsinki-NLP/opus-mt-en-uk_surface_candidate; exact Oxford definition='a group of three people or things'; candidate='тріо'; reverse='trio'; lexical=1.000; candidate_definition_similarity=0.596; reverse_definition_similarity=0.684; lexical-form/POS/role/source-grounded checks PASS.
MANUAL_EMERGENCY_WORK_20260820_SECOND_PASS_V4_round01	MANUAL_EMERGENCY_WORK_20260820_FIRST_PASS_V4_round01	ox5000-436d3c02b7b6f2193c9a	triumph	noun	C1	PASS	тріумф	PASS V4: concise lexical equivalent; method=Helsinki-NLP/opus-mt-en-uk_surface_candidate; exact Oxford definition='a great success, achievement or victory'; candidate='тріумф'; reverse='triumph'; lexical=1.000; candidate_definition_similarity=0.757; reverse_definition_similarity=0.726; lexical-form/POS/role/source-grounded checks PASS.
MANUAL_EMERGENCY_WORK_20260820_SECOND_PASS_V4_round01	MANUAL_EMERGENCY_WORK_20260820_FIRST_PASS_V4_round01	ox5000-754bf5b535795ee81c6c	troop	noun	B2	BLOCKED		BLOCKED V4: Wiktionary candidate does not back-translate to the exact English lexical identity; method=en_wiktionary_matching_pos_uk_translation; exact Oxford definition='soldiers, especially in large groups'; candidate='військо'; reverse='army'; lexical=0.222; candidate_definition_similarity=0.699; reverse_definition_similarity=0.721.
MANUAL_EMERGENCY_WORK_20260820_SECOND_PASS_V4_round01	MANUAL_EMERGENCY_WORK_20260820_FIRST_PASS_V4_round01	ox5000-ff9efa27d739a9feea65	trophy	noun	C1	PASS	трофей	PASS V4: concise lexical equivalent; method=en_wiktionary_matching_pos_uk_translation; exact Oxford definition='an object such as a silver cup that is given as a prize for winning a competition'; candidate='трофей'; reverse='trophy'; lexical=1.000; candidate_definition_similarity=0.642; reverse_definition_similarity=0.625; lexical-form/POS/role/source-grounded checks PASS.
MANUAL_EMERGENCY_WORK_20260820_SECOND_PASS_V4_round01	MANUAL_EMERGENCY_WORK_20260820_FIRST_PASS_V4_round01	ox5000-f3b4954e52dd15e340f3	troubled	adjective	C1	BLOCKED		BLOCKED V4: adjective candidate has no plausible Ukrainian adjective morphology; method=Helsinki-NLP/opus-mt-en-uk_surface_candidate; exact Oxford definition='worried and anxious'; candidate='тривожно'; reverse='anxious'; lexical=0.267; candidate_definition_similarity=0.746; reverse_definition_similarity=0.917.
MANUAL_EMERGENCY_WORK_20260820_SECOND_PASS_V4_round01	MANUAL_EMERGENCY_WORK_20260820_FIRST_PASS_V4_round01	ox5000-a5a78ed8b6c48cbea038	trustee	noun	C1	BLOCKED		BLOCKED V4: semantic role mismatch: Oxford definition requires person, reverse candidate looks generic; method=Helsinki-NLP/opus-mt-en-uk_surface_candidate; exact Oxford definition='a person or an organization that has control of money or property that has been put into a trust for somebody'; candidate='трапеза'; reverse='Food'; lexical=0.000; candidate_definition_similarity=0.083; reverse_definition_similarity=-0.010.
MANUAL_EMERGENCY_WORK_20260820_SECOND_PASS_V4_round01	MANUAL_EMERGENCY_WORK_20260820_FIRST_PASS_V4_round01	ox5000-f77eb1ad9e40664daa2c	tsunami	noun	B2	PASS	цунамі	PASS V4: concise lexical equivalent; method=Helsinki-NLP/opus-mt-en-uk_surface_candidate; exact Oxford definition='an extremely large wave in the sea caused, for example, by an earthquake'; candidate='цунамі'; reverse='tsunami'; lexical=1.000; candidate_definition_similarity=0.728; reverse_definition_similarity=0.693; lexical-form/POS/role/source-grounded checks PASS.
MANUAL_EMERGENCY_WORK_20260820_SECOND_PASS_V4_round01	MANUAL_EMERGENCY_WORK_20260820_FIRST_PASS_V4_round01	ox5000-dfc95a3f0a8deaf00e0c	tuition	noun	C1	BLOCKED		BLOCKED V4: surface MT candidate does not back-translate to the exact English lexical identity; method=Helsinki-NLP/opus-mt-en-uk_surface_candidate; exact Oxford definition='the act of teaching something, especially to one person or to people in small groups'; candidate='Навчання'; reverse='Learning'; lexical=0.267; candidate_definition_similarity=0.595; reverse_definition_similarity=0.511.
MANUAL_EMERGENCY_WORK_20260820_SECOND_PASS_V4_round01	MANUAL_EMERGENCY_WORK_20260820_FIRST_PASS_V4_round01	ox5000-3b0b580582d680bcb24e	turnout	noun	C1	BLOCKED		BLOCKED V4: semantic role mismatch: Oxford definition requires person, reverse candidate looks generic; method=en_wiktionary_matching_pos_uk_translation; exact Oxford definition='the number of people who attend a particular event'; candidate='я́вка'; reverse='javka'; lexical=0.000; candidate_definition_similarity=0.129; reverse_definition_similarity=0.174.
MANUAL_EMERGENCY_WORK_20260820_SECOND_PASS_V4_round01	MANUAL_EMERGENCY_WORK_20260820_FIRST_PASS_V4_round01	ox5000-41ab3d9468b22c0ac1e8	turnover	noun	C1	BLOCKED		"BLOCKED V4: Wiktionary candidate does not back-translate to the exact English lexical identity; method=en_wiktionary_matching_pos_uk_translation; exact Oxford definition='the total amount of goods or services sold by a company during a particular period of time'; candidate='пл́инність кáдрів'; reverse=""Kádrah's Splendour""; lexical=0.154; candidate_definition_similarity=0.129; reverse_definition_similarity=0.086."
MANUAL_EMERGENCY_WORK_20260820_SECOND_PASS_V4_round01	MANUAL_EMERGENCY_WORK_20260820_FIRST_PASS_V4_round01	ox5000-d7b56fa49ed8752c0082	twist	noun	C1	BLOCKED		BLOCKED V4: surface MT candidate lacks two-sided exact-definition support; method=Helsinki-NLP/opus-mt-en-uk_surface_candidate; exact Oxford definition='the action of turning something with your hand, or of turning a part of your body'; candidate='твіст'; reverse='twist'; lexical=1.000; candidate_definition_similarity=0.294; reverse_definition_similarity=0.436.
MANUAL_EMERGENCY_WORK_20260820_SECOND_PASS_V4_round01	MANUAL_EMERGENCY_WORK_20260820_FIRST_PASS_V4_round01	ox5000-8240ce2b0fa801fdd05b	twist	verb	C1	BLOCKED		BLOCKED V4: Wiktionary candidate does not back-translate to the exact English lexical identity; method=en_wiktionary_matching_pos_uk_translation; exact Oxford definition='to bend or turn something into a particular shape'; candidate='криви́ти'; reverse='Cascades'; lexical=0.154; candidate_definition_similarity=0.110; reverse_definition_similarity=0.156.
MANUAL_EMERGENCY_WORK_20260820_SECOND_PASS_V4_round01	MANUAL_EMERGENCY_WORK_20260820_FIRST_PASS_V4_round01	ox5000-0fe97df4cbc24e26a41e	ultimate	adjective	B2	BLOCKED		BLOCKED V4: Wiktionary candidate does not back-translate to the exact English lexical identity; method=en_wiktionary_matching_pos_uk_translation; exact Oxford definition='happening at the end of a long process'; candidate='остато́чний'; reverse='final'; lexical=0.154; candidate_definition_similarity=0.399; reverse_definition_similarity=0.412.
MANUAL_EMERGENCY_WORK_20260820_SECOND_PASS_V4_round01	MANUAL_EMERGENCY_WORK_20260820_FIRST_PASS_V4_round01	ox5000-ca6bb00374122035b654	unacceptable	adjective	B2	BLOCKED		BLOCKED V4: adjective candidate has no plausible Ukrainian adjective morphology; method=en_wiktionary_matching_pos_uk_translation; exact Oxford definition='so bad that you think it should not be allowed'; candidate='неприйнятни́й'; reverse='Unacceptable'; lexical=1.000; candidate_definition_similarity=0.477; reverse_definition_similarity=0.513.
MANUAL_EMERGENCY_WORK_20260820_SECOND_PASS_V4_round01	MANUAL_EMERGENCY_WORK_20260820_FIRST_PASS_V4_round01	ox5000-7872cc2ff1d802a34afb	uncertainty	noun	B2	PASS	непе́вність	PASS V4: concise lexical equivalent; method=en_wiktionary_matching_pos_uk_translation; exact Oxford definition='the state of being uncertain'; candidate='непе́вність'; reverse='uncertainty'; lexical=1.000; candidate_definition_similarity=0.566; reverse_definition_similarity=0.809; lexical-form/POS/role/source-grounded checks PASS.
MANUAL_EMERGENCY_WORK_20260820_SECOND_PASS_V4_round01	MANUAL_EMERGENCY_WORK_20260820_FIRST_PASS_V4_round01	ox5000-05fda40c6a6fd499174b	undergo	verb	B2	BLOCKED		BLOCKED V4: English/source-language residue or model artifact; method=Helsinki-NLP/opus-mt-en-uk_surface_candidate; exact Oxford definition='to experience something, especially a change or something unpleasant'; candidate='process'; reverse='process'; lexical=0.143; candidate_definition_similarity=0.181; reverse_definition_similarity=0.181.
MANUAL_EMERGENCY_WORK_20260820_SECOND_PASS_V4_round01	MANUAL_EMERGENCY_WORK_20260820_FIRST_PASS_V4_round01	ox5000-eb49f89e6eed3c18fab5	undergraduate	noun	C1	BLOCKED		BLOCKED V4: surface MT candidate does not back-translate to the exact English lexical identity; method=Helsinki-NLP/opus-mt-en-uk_surface_candidate; exact Oxford definition='a university or college student who is studying for their first degree'; candidate='Студент'; reverse='Student'; lexical=0.400; candidate_definition_similarity=0.707; reverse_definition_similarity=0.686.
MANUAL_EMERGENCY_WORK_20260820_SECOND_PASS_V4_round01	MANUAL_EMERGENCY_WORK_20260820_FIRST_PASS_V4_round01	ox5000-23bff02510376b6c99d7	underlying	adjective	C1	BLOCKED		BLOCKED V4: adjective candidate has no plausible Ukrainian adjective morphology; method=Helsinki-NLP/opus-mt-en-uk_surface_candidate; exact Oxford definition='important in a situation but not always easily noticed or stated clearly'; candidate='в основі'; reverse='base'; lexical=0.143; candidate_definition_similarity=0.319; reverse_definition_similarity=0.083.
MANUAL_EMERGENCY_WORK_20260820_SECOND_PASS_V4_round01	MANUAL_EMERGENCY_WORK_20260820_FIRST_PASS_V4_round01	ox5000-51a085e259ff4699152f	undermine	verb	C1	BLOCKED		BLOCKED V4: semantic role mismatch: Oxford definition requires person, reverse candidate looks generic; method=en_wiktionary_matching_pos_uk_translation; exact Oxford definition='to make something, especially somebody’s confidence or authority, gradually weaker or less effective'; candidate='підрива́ти'; reverse='jerks'; lexical=0.286; candidate_definition_similarity=0.303; reverse_definition_similarity=0.270.
MANUAL_EMERGENCY_WORK_20260820_SECOND_PASS_V4_round01	MANUAL_EMERGENCY_WORK_20260820_FIRST_PASS_V4_round01	ox5000-ee46540b05341ccdb424	undertake	verb	B2	BLOCKED		BLOCKED V4: Wiktionary candidate does not back-translate to the exact English lexical identity; method=en_wiktionary_matching_pos_uk_translation; exact Oxford definition='to make yourself responsible for something and start doing it'; candidate='розпочина́ти'; reverse='to begin'; lexical=0.118; candidate_definition_similarity=0.467; reverse_definition_similarity=0.455.
MANUAL_EMERGENCY_WORK_20260820_SECOND_PASS_V4_round01	MANUAL_EMERGENCY_WORK_20260820_FIRST_PASS_V4_round01	ox5000-bcd6058b3b378fadeb46	undoubtedly	adverb	C1	BLOCKED		BLOCKED V4: surface MT candidate does not back-translate to the exact English lexical identity; method=Helsinki-NLP/opus-mt-en-uk_surface_candidate; exact Oxford definition='used to emphasize that something exists or is definitely true'; candidate='безсумнівно'; reverse='no doubt'; lexical=0.632; candidate_definition_similarity=0.538; reverse_definition_similarity=0.429.
MANUAL_EMERGENCY_WORK_20260820_SECOND_PASS_V4_round01	MANUAL_EMERGENCY_WORK_20260820_FIRST_PASS_V4_round01	ox5000-b4aced670657eb3906ef	unfold	verb	B2	BLOCKED		BLOCKED V4: Wiktionary candidate does not back-translate to the exact English lexical identity; method=en_wiktionary_matching_pos_uk_translation; exact Oxford definition='to spread open or flat something that has previously been folded; to become open and flat'; candidate='розгорну́ти'; reverse='expand'; lexical=0.333; candidate_definition_similarity=0.341; reverse_definition_similarity=0.364.
MANUAL_EMERGENCY_WORK_20260820_SECOND_PASS_V4_round01	MANUAL_EMERGENCY_WORK_20260820_FIRST_PASS_V4_round01	ox5000-b704a7b67453b3bfa6ef	unfortunate	adjective	B2	BLOCKED		BLOCKED V4: surface MT candidate does not back-translate to the exact English lexical identity; method=Helsinki-NLP/opus-mt-en-uk_surface_candidate; exact Oxford definition='having bad luck; caused by bad luck'; candidate='Невдаха'; reverse='Loser'; lexical=0.250; candidate_definition_similarity=0.439; reverse_definition_similarity=0.418.
MANUAL_EMERGENCY_WORK_20260820_SECOND_PASS_V4_round01	MANUAL_EMERGENCY_WORK_20260820_FIRST_PASS_V4_round01	ox5000-98c27296b81648365f0f	unify	verb	C1	BLOCKED		"BLOCKED V4: verb candidate is not an appropriate Ukrainian infinitive/verb phrase; method=Helsinki-NLP/opus-mt-en-uk_surface_candidate; exact Oxford definition='to join people, things, parts of a country, etc. together so that they form a single unit'; candidate=""Об' єднати""; reverse='Merge'; lexical=0.000; candidate_definition_similarity=0.471; reverse_definition_similarity=0.422."
MANUAL_EMERGENCY_WORK_20260820_SECOND_PASS_V4_round01	MANUAL_EMERGENCY_WORK_20260820_FIRST_PASS_V4_round01	ox5000-1bd133aa12f2ec343c3d	unite	verb	B2	PASS	об'єдна́ти	"PASS V4: concise lexical equivalent; method=en_wiktionary_matching_pos_uk_translation; exact Oxford definition='to join together with other people in order to do something as a group'; candidate=""об'єдна́ти""; reverse='Unite'; lexical=1.000; candidate_definition_similarity=0.595; reverse_definition_similarity=0.619; lexical-form/POS/role/source-grounded checks PASS."
MANUAL_EMERGENCY_WORK_20260820_SECOND_PASS_V4_round01	MANUAL_EMERGENCY_WORK_20260820_FIRST_PASS_V4_round01	ox5000-a103d57f9e4d2fd03225	unity	noun	B2	PASS	є́дність	PASS V4: concise lexical equivalent; method=en_wiktionary_matching_pos_uk_translation; exact Oxford definition='the state of being in agreement and working together; the state of being joined together to form one unit'; candidate='є́дність'; reverse='unity'; lexical=1.000; candidate_definition_similarity=0.466; reverse_definition_similarity=0.558; lexical-form/POS/role/source-grounded checks PASS.
MANUAL_EMERGENCY_WORK_20260820_SECOND_PASS_V4_round01	MANUAL_EMERGENCY_WORK_20260820_FIRST_PASS_V4_round01	ox5000-00df3e607e9d82617ce7	universal	adjective	B2	BLOCKED		BLOCKED V4: Wiktionary candidate does not back-translate to the exact English lexical identity; method=en_wiktionary_matching_pos_uk_translation; exact Oxford definition='done by or involving all the people in the world or in a particular group'; candidate='універса́льний'; reverse='department'; lexical=0.105; candidate_definition_similarity=0.382; reverse_definition_similarity=0.139.
MANUAL_EMERGENCY_WORK_20260820_SECOND_PASS_V4_round01	MANUAL_EMERGENCY_WORK_20260820_FIRST_PASS_V4_round01	ox5000-50f08014a135ea159734	unprecedented	adjective	C1	BLOCKED		BLOCKED V4: Wiktionary lexical candidate lacks two-sided exact-definition support; method=en_wiktionary_matching_pos_uk_translation; exact Oxford definition='that has never happened, been done or been known before'; candidate='безпрецеде́нтний'; reverse='unprecedented'; lexical=1.000; candidate_definition_similarity=0.325; reverse_definition_similarity=0.277.
MANUAL_EMERGENCY_WORK_20260820_SECOND_PASS_V4_round01	MANUAL_EMERGENCY_WORK_20260820_FIRST_PASS_V4_round01	ox5000-8e7c0a06f8f57745c0b7	unveil	verb	C1	BLOCKED		BLOCKED V4: candidate is not predominantly Ukrainian; method=Helsinki-NLP/opus-mt-en-uk_surface_candidate; exact Oxford definition='to remove a cover or curtain from a painting, statue, etc. so that it can be seen in public for the first time'; candidate='undo'; reverse='undo'; lexical=0.400; candidate_definition_similarity=0.172; reverse_definition_similarity=0.172.
MANUAL_EMERGENCY_WORK_20260820_SECOND_PASS_V4_round01	MANUAL_EMERGENCY_WORK_20260820_FIRST_PASS_V4_round01	ox5000-c8b54b1440d341ab58ef	upcoming	adjective	C1	BLOCKED		BLOCKED V4: surface MT candidate does not back-translate to the exact English lexical identity; method=Helsinki-NLP/opus-mt-en-uk_surface_candidate; exact Oxford definition='going to happen soon'; candidate='Наближається'; reverse='Getting Closer'; lexical=0.273; candidate_definition_similarity=0.736; reverse_definition_similarity=0.503.
MANUAL_EMERGENCY_WORK_20260820_SECOND_PASS_V4_round01	MANUAL_EMERGENCY_WORK_20260820_FIRST_PASS_V4_round01	ox5000-4b41eda57504f137ea52	upgrade	noun	C1	BLOCKED		BLOCKED V4: semantic role mismatch: Oxford definition requires process, reverse candidate looks generic; method=Helsinki-NLP/opus-mt-en-uk_surface_candidate; exact Oxford definition='the act of making a machine, computer system, etc. more powerful and efficient; the more powerful and efficient machine, computer system, etc.'; candidate='Оновлення'; reverse='Update'; lexical=0.615; candidate_definition_similarity=0.157; reverse_definition_similarity=0.049.
MANUAL_EMERGENCY_WORK_20260820_SECOND_PASS_V4_round01	MANUAL_EMERGENCY_WORK_20260820_FIRST_PASS_V4_round01	ox5000-3d60b590a346562cd040	upgrade	verb	C1	BLOCKED		BLOCKED V4: Wiktionary candidate does not back-translate to the exact English lexical identity; method=en_wiktionary_matching_pos_uk_translation; exact Oxford definition='to make a machine, computer system, etc. more powerful and efficient; to start using a new and better version of a machine, system, etc.'; candidate='оновити'; reverse='update'; lexical=0.615; candidate_definition_similarity=0.120; reverse_definition_similarity=0.082.
MANUAL_EMERGENCY_WORK_20260820_SECOND_PASS_V4_round01	MANUAL_EMERGENCY_WORK_20260820_FIRST_PASS_V4_round01	ox5000-5be5d98a1e3ccf304f5d	uphold	verb	C1	BLOCKED		BLOCKED V4: surface MT candidate does not back-translate to the exact English lexical identity; method=Helsinki-NLP/opus-mt-en-uk_surface_candidate; exact Oxford definition='to support something that you think is right and make sure that it continues to exist'; candidate='підтримувати'; reverse='support'; lexical=0.462; candidate_definition_similarity=0.585; reverse_definition_similarity=0.454.
MANUAL_EMERGENCY_WORK_20260820_SECOND_PASS_V4_round01	MANUAL_EMERGENCY_WORK_20260820_FIRST_PASS_V4_round01	ox5000-357c4c424c06919ba573	urgent	adjective	B2	BLOCKED		BLOCKED V4: Wiktionary candidate does not back-translate to the exact English lexical identity; method=en_wiktionary_matching_pos_uk_translation; exact Oxford definition='that needs to be dealt with or happen immediately'; candidate='нега́йний'; reverse='ungay'; lexical=0.364; candidate_definition_similarity=0.264; reverse_definition_similarity=0.265.
MANUAL_EMERGENCY_WORK_20260820_SECOND_PASS_V4_round01	MANUAL_EMERGENCY_WORK_20260820_FIRST_PASS_V4_round01	ox5000-3e59de5e9bc8a2475a44	usage	noun	B2	PASS	використання	PASS V4: concise lexical equivalent; method=Helsinki-NLP/opus-mt-en-uk_surface_candidate; exact Oxford definition='the way in which words are used in a language'; candidate='використання'; reverse='usage'; lexical=1.000; candidate_definition_similarity=0.462; reverse_definition_similarity=0.546; lexical-form/POS/role/source-grounded checks PASS.
MANUAL_EMERGENCY_WORK_20260820_SECOND_PASS_V4_round01	MANUAL_EMERGENCY_WORK_20260820_FIRST_PASS_V4_round01	ox5000-84e4202be2d54ae3a880	useless	adjective	B2	PASS	некори́сний	PASS V4: concise lexical equivalent; method=en_wiktionary_matching_pos_uk_translation; exact Oxford definition='not useful; not doing or achieving what is needed or wanted'; candidate='некори́сний'; reverse='useless'; lexical=1.000; candidate_definition_similarity=0.434; reverse_definition_similarity=0.532; lexical-form/POS/role/source-grounded checks PASS.
MANUAL_EMERGENCY_WORK_20260820_SECOND_PASS_V4_round01	MANUAL_EMERGENCY_WORK_20260820_FIRST_PASS_V4_round01	ox5000-48d7737ea24a48e9d6b1	utility	noun	C1	BLOCKED		BLOCKED V4: surface MT candidate does not back-translate to the exact English lexical identity; method=Helsinki-NLP/opus-mt-en-uk_surface_candidate; exact Oxford definition='a service provided for the public, for example an electricity, water or gas supply'; candidate='інструмент'; reverse='tool'; lexical=0.364; candidate_definition_similarity=0.212; reverse_definition_similarity=0.233.
MANUAL_EMERGENCY_WORK_20260820_SECOND_PASS_V4_round01	MANUAL_EMERGENCY_WORK_20260820_FIRST_PASS_V4_round01	ox5000-70d2e3907f919877957a	utilize	verb	C1	BLOCKED		BLOCKED V4: English/source-language residue or model artifact; method=Helsinki-NLP/opus-mt-en-uk_surface_candidate; exact Oxford definition='to use something, especially for a practical purpose'; candidate='applications'; reverse='applications'; lexical=0.211; candidate_definition_similarity=0.417; reverse_definition_similarity=0.417.
MANUAL_EMERGENCY_WORK_20260820_SECOND_PASS_V4_round01	MANUAL_EMERGENCY_WORK_20260820_FIRST_PASS_V4_round01	ox5000-a5f501c79a3cead3aed5	utterly	adverb	C1	BLOCKED		BLOCKED V4: surface MT candidate does not back-translate to the exact English lexical identity; method=Helsinki-NLP/opus-mt-en-uk_surface_candidate; exact Oxford definition='completely'; candidate='Повністю'; reverse='Full'; lexical=0.364; candidate_definition_similarity=0.818; reverse_definition_similarity=0.700.
MANUAL_EMERGENCY_WORK_20260820_SECOND_PASS_V4_round01	MANUAL_EMERGENCY_WORK_20260820_FIRST_PASS_V4_round01	ox5000-bd2b3c3621e5e5dac378	vacuum	noun	C1	PASS	вакуум	PASS V4: concise lexical equivalent; method=Helsinki-NLP/opus-mt-en-uk_surface_candidate; exact Oxford definition='a space that is completely empty of all substances, including all air or other gas'; candidate='вакуум'; reverse='vacuum'; lexical=1.000; candidate_definition_similarity=0.513; reverse_definition_similarity=0.493; lexical-form/POS/role/source-grounded checks PASS.
MANUAL_EMERGENCY_WORK_20260820_SECOND_PASS_V4_round01	MANUAL_EMERGENCY_WORK_20260820_FIRST_PASS_V4_round01	ox5000-ff91b36a2919e9f4b7c0	vague	adjective	C1	BLOCKED		BLOCKED V4: adjective candidate has no plausible Ukrainian adjective morphology; method=en_wiktionary_matching_pos_uk_translation; exact Oxford definition='not clear in a person’s mind'; candidate='нея́сни́й'; reverse='faint'; lexical=0.200; candidate_definition_similarity=0.417; reverse_definition_similarity=0.282.
MANUAL_EMERGENCY_WORK_20260820_SECOND_PASS_V4_round01	MANUAL_EMERGENCY_WORK_20260820_FIRST_PASS_V4_round01	ox5000-3a4b0d5d3856131ca280	valid	adjective	B2	BLOCKED		BLOCKED V4: adjective candidate has no plausible Ukrainian adjective morphology; method=en_wiktionary_matching_pos_uk_translation; exact Oxford definition='that is legally or officially acceptable'; candidate='дійови́й'; reverse='act'; lexical=0.250; candidate_definition_similarity=0.300; reverse_definition_similarity=0.306.
MANUAL_EMERGENCY_WORK_20260820_SECOND_PASS_V4_round01	MANUAL_EMERGENCY_WORK_20260820_FIRST_PASS_V4_round01	ox5000-d4b51e751f8ac1388a7d	validity	noun	C1	BLOCKED		BLOCKED V4: Wiktionary candidate does not back-translate to the exact English lexical identity; method=en_wiktionary_matching_pos_uk_translation; exact Oxford definition='the state of being legally or officially acceptable'; candidate='ві́рність'; reverse='veracity'; lexical=0.625; candidate_definition_similarity=0.387; reverse_definition_similarity=0.422.
MANUAL_EMERGENCY_WORK_20260820_SECOND_PASS_V4_round01	MANUAL_EMERGENCY_WORK_20260820_FIRST_PASS_V4_round01	ox5000-b6451053f7b0c44aee73	vanish	verb	C1	BLOCKED		"BLOCKED V4: Wiktionary candidate does not back-translate to the exact English lexical identity; method=en_wiktionary_matching_pos_uk_translation; exact Oxford definition='to disappear suddenly and/or in a way that you cannot explain'; candidate='зника́ти'; reverse='"" Let go ""'; lexical=0.000; candidate_definition_similarity=0.506; reverse_definition_similarity=0.434."
MANUAL_EMERGENCY_WORK_20260820_SECOND_PASS_V4_round01	MANUAL_EMERGENCY_WORK_20260820_FIRST_PASS_V4_round01	ox5000-b96d44955b0116a8b189	variable	adjective	C1	BLOCKED		BLOCKED V4: Wiktionary candidate does not back-translate to the exact English lexical identity; method=en_wiktionary_matching_pos_uk_translation; exact Oxford definition='often changing; likely to change'; candidate='мінли́ва'; reverse='minva'; lexical=0.308; candidate_definition_similarity=0.214; reverse_definition_similarity=0.192.
MANUAL_EMERGENCY_WORK_20260820_SECOND_PASS_V4_round01	MANUAL_EMERGENCY_WORK_20260820_FIRST_PASS_V4_round01	ox5000-ba63498dec4f81c1b9de	variable	noun	C1	BLOCKED		BLOCKED V4: Wiktionary candidate does not back-translate to the exact English lexical identity; method=en_wiktionary_matching_pos_uk_translation; exact Oxford definition='a situation, number or quantity that can vary or be varied'; candidate='змі́нна'; reverse='serpentine'; lexical=0.333; candidate_definition_similarity=0.213; reverse_definition_similarity=0.175.
MANUAL_EMERGENCY_WORK_20260820_SECOND_PASS_V4_round01	MANUAL_EMERGENCY_WORK_20260820_FIRST_PASS_V4_round01	ox5000-97f16a4e14fd89f0282c	variation	noun	B2	PASS	варіація	PASS V4: concise lexical equivalent; method=Helsinki-NLP/opus-mt-en-uk_surface_candidate; exact Oxford definition='a change, especially in the amount or level of something'; candidate='варіація'; reverse='variation'; lexical=1.000; candidate_definition_similarity=0.427; reverse_definition_similarity=0.448; lexical-form/POS/role/source-grounded checks PASS.
MANUAL_EMERGENCY_WORK_20260820_SECOND_PASS_V4_round01	MANUAL_EMERGENCY_WORK_20260820_FIRST_PASS_V4_round01	ox5000-884db0a3021eb9703686	varied	adjective	C1	BLOCKED		BLOCKED V4: adjective candidate has no plausible Ukrainian adjective morphology; method=Helsinki-NLP/opus-mt-en-uk_surface_candidate; exact Oxford definition='of many different types'; candidate='Різноманітність'; reverse='Variedity'; lexical=1.000; candidate_definition_similarity=0.360; reverse_definition_similarity=0.672.
MANUAL_EMERGENCY_WORK_20260820_SECOND_PASS_V4_round01	MANUAL_EMERGENCY_WORK_20260820_FIRST_PASS_V4_round01	ox5000-f9d3c8583b91249a82cf	vein	noun	C1	BLOCKED		BLOCKED V4: Wiktionary candidate does not back-translate to the exact English lexical identity; method=en_wiktionary_matching_pos_uk_translation; exact Oxford definition='any of the tubes that carry blood from all parts of the body towards the heart'; candidate='жи́ла'; reverse='lyʹla'; lexical=0.000; candidate_definition_similarity=0.166; reverse_definition_similarity=0.123.
MANUAL_EMERGENCY_WORK_20260820_SECOND_PASS_V4_round01	MANUAL_EMERGENCY_WORK_20260820_FIRST_PASS_V4_round01	ox5000-ead1e6c209960fbc9a63	venture	noun	C1	BLOCKED		"BLOCKED V4: Wiktionary candidate does not back-translate to the exact English lexical identity; method=en_wiktionary_matching_pos_uk_translation; exact Oxford definition='a business project or activity, especially one that involves taking risks'; candidate='авантю́ра'; reverse=""adventurer's""; lexical=1.000; candidate_definition_similarity=0.223; reverse_definition_similarity=0.316."
MANUAL_EMERGENCY_WORK_20260820_SECOND_PASS_V4_round01	MANUAL_EMERGENCY_WORK_20260820_FIRST_PASS_V4_round01	ox5000-c4a906d99fd676e40339	venture	verb	C1	BLOCKED		BLOCKED V4: English/source-language residue or model artifact; method=Helsinki-NLP/opus-mt-en-uk_surface_candidate; exact Oxford definition='to go somewhere even though you know that it might be dangerous or unpleasant'; candidate='invalid'; reverse='invalid'; lexical=0.143; candidate_definition_similarity=-0.004; reverse_definition_similarity=-0.004.
MANUAL_EMERGENCY_WORK_20260820_SECOND_PASS_V4_round01	MANUAL_EMERGENCY_WORK_20260820_FIRST_PASS_V4_round01	ox5000-40cca0dcc06cac43159c	verbal	adjective	C1	PASS	словесний	PASS V4: concise lexical equivalent; method=Helsinki-NLP/opus-mt-en-uk_surface_candidate; exact Oxford definition='relating to words'; candidate='словесний'; reverse='verbal'; lexical=1.000; candidate_definition_similarity=0.718; reverse_definition_similarity=0.690; lexical-form/POS/role/source-grounded checks PASS.
MANUAL_EMERGENCY_WORK_20260820_SECOND_PASS_V4_round01	MANUAL_EMERGENCY_WORK_20260820_FIRST_PASS_V4_round01	ox5000-c0f3d588f4f4edb1473a	verdict	noun	C1	BLOCKED		"BLOCKED V4: semantic role mismatch: Oxford definition requires person, reverse candidate looks state; method=en_wiktionary_matching_pos_uk_translation; exact Oxford definition=""an official judgement made in court or at an inquest (= an official investigation into somebody's death)""; candidate='при́суд'; reverse='Accuracy'; lexical=0.267; candidate_definition_similarity=0.404; reverse_definition_similarity=0.268."
MANUAL_EMERGENCY_WORK_20260820_SECOND_PASS_V4_round01	MANUAL_EMERGENCY_WORK_20260820_FIRST_PASS_V4_round01	ox5000-00204dee3aa7d984c985	verify	verb	C1	BLOCKED		BLOCKED V4: Wiktionary candidate does not back-translate to the exact English lexical identity; method=en_wiktionary_matching_pos_uk_translation; exact Oxford definition='to check that something is true or accurate'; candidate='засві́дчувати'; reverse='Announcing'; lexical=0.125; candidate_definition_similarity=0.298; reverse_definition_similarity=0.166.
MANUAL_EMERGENCY_WORK_20260820_SECOND_PASS_V4_round01	MANUAL_EMERGENCY_WORK_20260820_FIRST_PASS_V4_round01	ox5000-4fd068d2506743727f02	verse	noun	C1	BLOCKED		BLOCKED V4: Wiktionary candidate does not back-translate to the exact English lexical identity; method=en_wiktionary_matching_pos_uk_translation; exact Oxford definition='writing that is arranged in lines, often with a regular rhythm or pattern of rhyme'; candidate='пое́зія'; reverse='poetry'; lexical=0.364; candidate_definition_similarity=0.452; reverse_definition_similarity=0.438.
MANUAL_EMERGENCY_WORK_20260820_SECOND_PASS_V4_round01	MANUAL_EMERGENCY_WORK_20260820_FIRST_PASS_V4_round01	ox5000-ac5c591f2fae87d58646	versus	preposition	C1	BLOCKED		BLOCKED V4: surface MT candidate does not back-translate to the exact English lexical identity; method=Helsinki-NLP/opus-mt-en-uk_surface_candidate; exact Oxford definition='used to show that two teams or sides are against each other'; candidate='проти'; reverse='vs.'; lexical=0.500; candidate_definition_similarity=0.487; reverse_definition_similarity=0.358.
MANUAL_EMERGENCY_WORK_20260820_SECOND_PASS_V4_round01	MANUAL_EMERGENCY_WORK_20260820_FIRST_PASS_V4_round01	ox5000-b223ea69d03f2788ad88	vertical	adjective	B2	PASS	вертикальний	PASS V4: concise lexical equivalent; method=Helsinki-NLP/opus-mt-en-uk_surface_candidate; exact Oxford definition='going straight up or down from a level surface or from top to bottom in a picture, etc.'; candidate='вертикальний'; reverse='vertical'; lexical=1.000; candidate_definition_similarity=0.588; reverse_definition_similarity=0.614; lexical-form/POS/role/source-grounded checks PASS.
MANUAL_EMERGENCY_WORK_20260820_SECOND_PASS_V4_round01	MANUAL_EMERGENCY_WORK_20260820_FIRST_PASS_V4_round01	ox5000-3ee81464f01abd4b789d	vessel	noun	C1	BLOCKED		BLOCKED V4: semantic role mismatch: Oxford definition requires person, reverse candidate looks generic; method=en_wiktionary_matching_pos_uk_translation; exact Oxford definition='a tube that carries blood through the body of a person or an animal, or liquid through the parts of a plant'; candidate='суди́на'; reverse='réna'; lexical=0.000; candidate_definition_similarity=0.284; reverse_definition_similarity=0.240.
MANUAL_EMERGENCY_WORK_20260820_SECOND_PASS_V4_round01	MANUAL_EMERGENCY_WORK_20260820_FIRST_PASS_V4_round01	ox5000-f6bbcd6016aa6874a3f7	veteran	noun	C1	BLOCKED		BLOCKED V4: semantic role mismatch: Oxford definition requires person, reverse candidate looks generic; method=en_wiktionary_matching_pos_uk_translation; exact Oxford definition='a person who has a lot of experience in a particular area or activity'; candidate='ветера́н'; reverse='Veterrin'; lexical=0.800; candidate_definition_similarity=0.179; reverse_definition_similarity=0.140.
MANUAL_EMERGENCY_WORK_20260820_SECOND_PASS_V4_round01	MANUAL_EMERGENCY_WORK_20260820_FIRST_PASS_V4_round01	ox5000-121cec9e5ac562503098	viable	adjective	C1	PASS	життєздатний	PASS V4: concise lexical equivalent; method=Helsinki-NLP/opus-mt-en-uk_surface_candidate; exact Oxford definition='that can be done; that will be successful'; candidate='життєздатний'; reverse='viable'; lexical=1.000; candidate_definition_similarity=0.567; reverse_definition_similarity=0.559; lexical-form/POS/role/source-grounded checks PASS.
MANUAL_EMERGENCY_WORK_20260820_SECOND_PASS_V4_round01	MANUAL_EMERGENCY_WORK_20260820_FIRST_PASS_V4_round01	ox5000-6aea81a74e4cb4122b29	vibrant	adjective	C1	BLOCKED		BLOCKED V4: surface MT candidate does not back-translate to the exact English lexical identity; method=Helsinki-NLP/opus-mt-en-uk_surface_candidate; exact Oxford definition='full of life and energy'; candidate='жвавий'; reverse='fast'; lexical=0.364; candidate_definition_similarity=0.356; reverse_definition_similarity=0.322.
MANUAL_EMERGENCY_WORK_20260820_SECOND_PASS_V4_round01	MANUAL_EMERGENCY_WORK_20260820_FIRST_PASS_V4_round01	ox5000-4a87b56fc5f2c92f2d14	vice	noun	C1	BLOCKED		BLOCKED V4: Wiktionary candidate does not back-translate to the exact English lexical identity; method=en_wiktionary_matching_pos_uk_translation; exact Oxford definition='criminal activities that involve sex or drugs'; candidate='ґандж'; reverse='gange'; lexical=0.222; candidate_definition_similarity=0.134; reverse_definition_similarity=0.200.
MANUAL_EMERGENCY_WORK_20260820_SECOND_PASS_V4_round01	MANUAL_EMERGENCY_WORK_20260820_FIRST_PASS_V4_round01	ox5000-9eadee768474116a6389	vicious	adjective	C1	BLOCKED		BLOCKED V4: Wiktionary candidate does not back-translate to the exact English lexical identity; method=en_wiktionary_matching_pos_uk_translation; exact Oxford definition='violent and cruel'; candidate='злий'; reverse='evil'; lexical=0.364; candidate_definition_similarity=0.527; reverse_definition_similarity=0.650.
MANUAL_EMERGENCY_WORK_20260820_SECOND_PASS_V4_round01	MANUAL_EMERGENCY_WORK_20260820_FIRST_PASS_V4_round01	ox5000-3143b1c6f122d8cbb915	viewpoint	noun	B2	BLOCKED		BLOCKED V4: surface MT candidate does not back-translate to the exact English lexical identity; method=Helsinki-NLP/opus-mt-en-uk_surface_candidate; exact Oxford definition='a way of thinking about a subject'; candidate='точка зору'; reverse='point of view'; lexical=0.455; candidate_definition_similarity=0.434; reverse_definition_similarity=0.511.
MANUAL_EMERGENCY_WORK_20260820_SECOND_PASS_V4_round01	MANUAL_EMERGENCY_WORK_20260820_FIRST_PASS_V4_round01	ox5000-642e71f0ef3e4ecc6bac	villager	noun	C1	BLOCKED		BLOCKED V4: semantic role mismatch: Oxford definition requires person, reverse candidate looks generic; method=en_wiktionary_matching_pos_uk_translation; exact Oxford definition='a person who lives in a village'; candidate='селяни́н'; reverse='peasant'; lexical=0.133; candidate_definition_similarity=0.707; reverse_definition_similarity=0.719.
MANUAL_EMERGENCY_WORK_20260820_SECOND_PASS_V4_round01	MANUAL_EMERGENCY_WORK_20260820_FIRST_PASS_V4_round01	ox5000-6791fac69a8e0c0a1fbc	violate	verb	C1	BLOCKED		BLOCKED V4: Wiktionary candidate does not back-translate to the exact English lexical identity; method=en_wiktionary_matching_pos_uk_translation; exact Oxford definition='to go against or refuse to obey a law, an agreement, etc.'; candidate='пору́шувати'; reverse='detribut'; lexical=0.267; candidate_definition_similarity=0.223; reverse_definition_similarity=0.135.
MANUAL_EMERGENCY_WORK_20260820_SECOND_PASS_V4_round01	MANUAL_EMERGENCY_WORK_20260820_FIRST_PASS_V4_round01	ox5000-599362e4e8fd0e21eb59	violation	noun	C1	BLOCKED		BLOCKED V4: surface MT candidate does not back-translate to the exact English lexical identity; method=Helsinki-NLP/opus-mt-en-uk_surface_candidate; exact Oxford definition='the act of going against or refusing to obey a law, an agreement, etc.'; candidate='порушення'; reverse='infraction'; lexical=0.632; candidate_definition_similarity=0.436; reverse_definition_similarity=0.543.
MANUAL_EMERGENCY_WORK_20260820_SECOND_PASS_V4_round01	MANUAL_EMERGENCY_WORK_20260820_FIRST_PASS_V4_round01	ox5000-4bbf63568389861f19a6	virtue	noun	C1	BLOCKED		BLOCKED V4: Wiktionary candidate does not back-translate to the exact English lexical identity; method=en_wiktionary_matching_pos_uk_translation; exact Oxford definition='behaviour or attitudes that show high moral standards'; candidate='гі́дність'; reverse='gidiness'; lexical=0.286; candidate_definition_similarity=0.373; reverse_definition_similarity=0.266.
MANUAL_EMERGENCY_WORK_20260820_SECOND_PASS_V4_round01	MANUAL_EMERGENCY_WORK_20260820_FIRST_PASS_V4_round01	ox5000-f912150dbfa4ff420e3e	visa	noun	B2	BLOCKED		BLOCKED V4: Wiktionary candidate does not back-translate to the exact English lexical identity; method=en_wiktionary_matching_pos_uk_translation; exact Oxford definition='a stamp or mark put in your passport by officials of a foreign country that gives you permission to enter, pass through or leave their country'; candidate='ві́за'; reverse='Vousse'; lexical=0.400; candidate_definition_similarity=0.109; reverse_definition_similarity=0.103.
MANUAL_EMERGENCY_WORK_20260820_SECOND_PASS_V4_round01	MANUAL_EMERGENCY_WORK_20260820_FIRST_PASS_V4_round01	ox5000-2ed2ff1e8e1305b1c767	visible	adjective	B2	PASS	ви́димий	PASS V4: concise lexical equivalent; method=en_wiktionary_matching_pos_uk_translation; exact Oxford definition='that can be seen'; candidate='ви́димий'; reverse='visible'; lexical=1.000; candidate_definition_similarity=0.409; reverse_definition_similarity=0.729; lexical-form/POS/role/source-grounded checks PASS.
MANUAL_EMERGENCY_WORK_20260820_SECOND_PASS_V4_round01	MANUAL_EMERGENCY_WORK_20260820_FIRST_PASS_V4_round01	ox5000-4aeb806a56db651cb840	vocal	adjective	C1	BLOCKED		BLOCKED V4: adjective candidate has no plausible Ukrainian adjective morphology; method=en_wiktionary_matching_pos_uk_translation; exact Oxford definition='connected with the voice'; candidate='голосови́й'; reverse='voice'; lexical=0.600; candidate_definition_similarity=0.628; reverse_definition_similarity=0.807.
MANUAL_EMERGENCY_WORK_20260820_SECOND_PASS_V4_round01	MANUAL_EMERGENCY_WORK_20260820_FIRST_PASS_V4_round01	ox5000-f0b43c80674358bf7398	voluntary	adjective	B2	BLOCKED		BLOCKED V4: Wiktionary candidate does not back-translate to the exact English lexical identity; method=en_wiktionary_matching_pos_uk_translation; exact Oxford definition='done willingly, not because you are forced'; candidate='доброві́льний'; reverse='kind'; lexical=0.154; candidate_definition_similarity=0.301; reverse_definition_similarity=0.096.
MANUAL_EMERGENCY_WORK_20260820_SECOND_PASS_V4_round01	MANUAL_EMERGENCY_WORK_20260820_FIRST_PASS_V4_round01	ox5000-b8342c014fdb4dec91ab	voting	noun	B2	BLOCKED		BLOCKED V4: semantic role mismatch: Oxford definition requires person, reverse candidate looks generic; method=Helsinki-NLP/opus-mt-en-uk_surface_candidate; exact Oxford definition='the action of choosing somebody/something in an election or at a meeting'; candidate='Голосування'; reverse='Vote'; lexical=0.600; candidate_definition_similarity=0.671; reverse_definition_similarity=0.625.
MANUAL_EMERGENCY_WORK_20260820_SECOND_PASS_V4_round01	MANUAL_EMERGENCY_WORK_20260820_FIRST_PASS_V4_round01	ox5000-18b3037108db5178098c	vow	verb	C1	BLOCKED		BLOCKED V4: Wiktionary candidate does not back-translate to the exact English lexical identity; method=en_wiktionary_matching_pos_uk_translation; exact Oxford definition='to make a formal and serious promise to do something or a formal statement that is true'; candidate='кля́стися'; reverse='swear'; lexical=0.250; candidate_definition_similarity=0.329; reverse_definition_similarity=0.397.
MANUAL_EMERGENCY_WORK_20260820_SECOND_PASS_V4_round01	MANUAL_EMERGENCY_WORK_20260820_FIRST_PASS_V4_round01	ox5000-b2724644535a93be515d	vulnerability	noun	C1	BLOCKED		BLOCKED V4: Wiktionary candidate does not back-translate to the exact English lexical identity; method=en_wiktionary_matching_pos_uk_translation; exact Oxford definition='the fact of being weak and easily hurt physically or emotionally'; candidate='уразли́вість'; reverse='Frustration'; lexical=0.333; candidate_definition_similarity=0.461; reverse_definition_similarity=0.515.
MANUAL_EMERGENCY_WORK_20260820_SECOND_PASS_V4_round01	MANUAL_EMERGENCY_WORK_20260820_FIRST_PASS_V4_round01	ox5000-33e9f5df7261de30ea45	vulnerable	adjective	C1	BLOCKED		BLOCKED V4: Wiktionary candidate does not back-translate to the exact English lexical identity; method=en_wiktionary_matching_pos_uk_translation; exact Oxford definition='weak and easily hurt physically or emotionally'; candidate='уразли́вий'; reverse='Structural'; lexical=0.400; candidate_definition_similarity=0.405; reverse_definition_similarity=0.185.
MANUAL_EMERGENCY_WORK_20260820_SECOND_PASS_V4_round01	MANUAL_EMERGENCY_WORK_20260820_FIRST_PASS_V4_round01	ox5000-5dba045c182acbd5d5f1	wander	verb	B2	BLOCKED		BLOCKED V4: Wiktionary lexical candidate lacks two-sided exact-definition support; method=en_wiktionary_matching_pos_uk_translation; exact Oxford definition='to walk slowly around or to a place, often without any particular sense of purpose or direction'; candidate='блука́ти'; reverse='Wander'; lexical=1.000; candidate_definition_similarity=0.213; reverse_definition_similarity=0.565.
MANUAL_EMERGENCY_WORK_20260820_SECOND_PASS_V4_round01	MANUAL_EMERGENCY_WORK_20260820_FIRST_PASS_V4_round01	ox5000-12e52edf213e46dde87f	ward	noun	C1	BLOCKED		BLOCKED V4: candidate is not predominantly Ukrainian; method=Helsinki-NLP/opus-mt-en-uk_surface_candidate; exact Oxford definition='a separate room or area in a hospital for people with the same type of medical condition'; candidate='pare'; reverse='pare'; lexical=0.500; candidate_definition_similarity=0.116; reverse_definition_similarity=0.116.
MANUAL_EMERGENCY_WORK_20260820_SECOND_PASS_V4_round01	MANUAL_EMERGENCY_WORK_20260820_FIRST_PASS_V4_round01	ox5000-705f1a27b761df9f1e69	warehouse	noun	C1	BLOCKED		BLOCKED V4: semantic role mismatch: Oxford definition requires place, reverse candidate looks generic; method=en_wiktionary_matching_pos_uk_translation; exact Oxford definition='a building where large quantities of goods are stored, especially before they are sent to shops to be sold'; candidate='схо́вище'; reverse='A Responsibility'; lexical=0.400; candidate_definition_similarity=0.353; reverse_definition_similarity=0.158.
MANUAL_EMERGENCY_WORK_20260820_SECOND_PASS_V4_round01	MANUAL_EMERGENCY_WORK_20260820_FIRST_PASS_V4_round01	ox5000-f2c98b2052900e93144b	warfare	noun	C1	BLOCKED		BLOCKED V4: Wiktionary candidate does not back-translate to the exact English lexical identity; method=en_wiktionary_matching_pos_uk_translation; exact Oxford definition='the activity of fighting a war, especially using particular weapons or methods'; candidate='військо́ві ді́ї'; reverse='army dii'; lexical=0.267; candidate_definition_similarity=0.462; reverse_definition_similarity=0.491.
MANUAL_EMERGENCY_WORK_20260820_SECOND_PASS_V4_round01	MANUAL_EMERGENCY_WORK_20260820_FIRST_PASS_V4_round01	ox5000-a83fb8d4dafe378c4bf7	warming	noun	B2	PASS	потеплі́ння	PASS V4: concise lexical equivalent; method=en_wiktionary_matching_pos_uk_translation; exact Oxford definition='the process of making something, or of becoming, warm or warmer'; candidate='потеплі́ння'; reverse='warming'; lexical=1.000; candidate_definition_similarity=0.573; reverse_definition_similarity=0.502; lexical-form/POS/role/source-grounded checks PASS.
MANUAL_EMERGENCY_WORK_20260820_SECOND_PASS_V4_round01	MANUAL_EMERGENCY_WORK_20260820_FIRST_PASS_V4_round01	ox5000-bfe64fa77c8faf43888f	warrant	noun	C1	BLOCKED		BLOCKED V4: Wiktionary candidate does not back-translate to the exact English lexical identity; method=en_wiktionary_matching_pos_uk_translation; exact Oxford definition='a legal document that is signed by a judge and gives the police authority to do something'; candidate='варант'; reverse='lartant'; lexical=0.714; candidate_definition_similarity=0.235; reverse_definition_similarity=0.215.
MANUAL_EMERGENCY_WORK_20260820_SECOND_PASS_V4_round01	MANUAL_EMERGENCY_WORK_20260820_FIRST_PASS_V4_round01	ox5000-00e1a806d10fa572f24a	warrant	verb	C1	BLOCKED		BLOCKED V4: verb candidate is not an appropriate Ukrainian infinitive/verb phrase; method=Helsinki-NLP/opus-mt-en-uk_surface_candidate; exact Oxford definition='to make something necessary or appropriate in a particular situation'; candidate='ордер'; reverse='warrant'; lexical=1.000; candidate_definition_similarity=0.252; reverse_definition_similarity=0.177.
MANUAL_EMERGENCY_WORK_20260820_SECOND_PASS_V4_round01	MANUAL_EMERGENCY_WORK_20260820_FIRST_PASS_V4_round01	ox5000-ad79a2d51bcb5fc3e45b	warrior	noun	C1	PASS	воїн	PASS V4: concise lexical equivalent; method=Helsinki-NLP/opus-mt-en-uk_surface_candidate; exact Oxford definition='(especially in the past) a person who fights in a battle or war'; candidate='воїн'; reverse='warrior'; lexical=1.000; candidate_definition_similarity=0.600; reverse_definition_similarity=0.606; lexical-form/POS/role/source-grounded checks PASS.
MANUAL_EMERGENCY_WORK_20260820_SECOND_PASS_V4_round01	MANUAL_EMERGENCY_WORK_20260820_FIRST_PASS_V4_round01	ox5000-e6998e43c663c8bd9cc2	weaken	verb	C1	BLOCKED		BLOCKED V4: semantic role mismatch: Oxford definition requires person, reverse candidate looks generic; method=en_wiktionary_matching_pos_uk_translation; exact Oxford definition='to make somebody/something less strong or powerful; to become less strong or powerful'; candidate='послабля́ти'; reverse='weakenings'; lexical=1.000; candidate_definition_similarity=0.417; reverse_definition_similarity=0.331.
MANUAL_EMERGENCY_WORK_20260820_SECOND_PASS_V4_round01	MANUAL_EMERGENCY_WORK_20260820_FIRST_PASS_V4_round01	ox5000-f662904e395de55b38b4	weave	verb	C1	BLOCKED		BLOCKED V4: Wiktionary candidate does not back-translate to the exact English lexical identity; method=en_wiktionary_matching_pos_uk_translation; exact Oxford definition='to make cloth, a carpet, a basket , etc. by crossing threads or narrow pieces of material across, over and under each other by hand or on a machine called a loom'; candidate='тка́ти'; reverse='tentacles'; lexical=0.429; candidate_definition_similarity=0.279; reverse_definition_similarity=0.193.
MANUAL_EMERGENCY_WORK_20260820_SECOND_PASS_V4_round01	MANUAL_EMERGENCY_WORK_20260820_FIRST_PASS_V4_round01	ox5000-82d9b319c21a0b7d136e	weed	noun	C1	BLOCKED		"BLOCKED V4: Wiktionary candidate does not back-translate to the exact English lexical identity; method=en_wiktionary_matching_pos_uk_translation; exact Oxford definition='a wild plant growing where it is not wanted, especially among crops or garden plants'; candidate=""бур'я́н""; reverse='weeds'; lexical=1.000; candidate_definition_similarity=0.154; reverse_definition_similarity=0.656."
MANUAL_EMERGENCY_WORK_20260820_SECOND_PASS_V4_round01	MANUAL_EMERGENCY_WORK_20260820_FIRST_PASS_V4_round01	ox5000-42395c79a4205a07c136	weekly	adjective	B2	BLOCKED		BLOCKED V4: Wiktionary candidate does not back-translate to the exact English lexical identity; method=en_wiktionary_matching_pos_uk_translation; exact Oxford definition='happening, done or published once a week or every week'; candidate='тижне́вий'; reverse='week'; lexical=1.000; candidate_definition_similarity=0.452; reverse_definition_similarity=0.592.
MANUAL_EMERGENCY_WORK_20260820_SECOND_PASS_V4_round01	MANUAL_EMERGENCY_WORK_20260820_FIRST_PASS_V4_round01	ox5000-c260921c2eae534f69c9	weird	adjective	B2	PASS	дивакуватий	"PASS V4: concise lexical equivalent; method=Helsinki-NLP/opus-mt-en-uk_surface_candidate; exact Oxford definition='very strange or unusual and difficult to explain'; candidate='дивакуватий'; reverse=""He's weird.""; lexical=1.000; candidate_definition_similarity=0.773; reverse_definition_similarity=0.492; lexical-form/POS/role/source-grounded checks PASS."
MANUAL_EMERGENCY_WORK_20260820_SECOND_PASS_V4_round01	MANUAL_EMERGENCY_WORK_20260820_FIRST_PASS_V4_round01	ox5000-541687f5159f48b0e181	welfare	noun	B2	BLOCKED		BLOCKED V4: semantic role mismatch: Oxford definition requires person, reverse candidate looks state; method=en_wiktionary_matching_pos_uk_translation; exact Oxford definition='the general health, happiness and safety of a person, an animal or a group'; candidate='ща́стя'; reverse='happiness'; lexical=0.125; candidate_definition_similarity=0.428; reverse_definition_similarity=0.570.
MANUAL_EMERGENCY_WORK_20260820_SECOND_PASS_V4_round01	MANUAL_EMERGENCY_WORK_20260820_FIRST_PASS_V4_round01	ox5000-7ac66d34ed6d2d18ab7a	well	noun	C1	BLOCKED		BLOCKED V4: Wiktionary candidate does not back-translate to the exact English lexical identity; method=en_wiktionary_matching_pos_uk_translation; exact Oxford definition='a deep hole in the ground from which people obtain water. The sides of wells are usually covered with brick or stone and there is usually a cover or a small wall at the top of the well .'; candidate='коло́дязь'; reverse='circle'; lexical=0.200; candidate_definition_similarity=0.304; reverse_definition_similarity=0.218.
MANUAL_EMERGENCY_WORK_20260820_SECOND_PASS_V4_round01	MANUAL_EMERGENCY_WORK_20260820_FIRST_PASS_V4_round01	ox5000-1cd1f0e83f936b72f299	well-being	noun	C1	PASS	Добробут	PASS V4: concise lexical equivalent; method=Helsinki-NLP/opus-mt-en-uk_surface_candidate; exact Oxford definition='general health and happiness'; candidate='Добробут'; reverse='Well - Being'; lexical=1.000; candidate_definition_similarity=0.583; reverse_definition_similarity=0.544; lexical-form/POS/role/source-grounded checks PASS.
MANUAL_EMERGENCY_WORK_20260820_SECOND_PASS_V4_round01	MANUAL_EMERGENCY_WORK_20260820_FIRST_PASS_V4_round01	ox5000-136d53cda0c01d3d92c3	whatever	adverb	C1	BLOCKED		BLOCKED V4: multiword adverb candidate is not an adverbial phrase; method=Helsinki-NLP/opus-mt-en-uk_surface_candidate; exact Oxford definition='not at all; not of any kind'; candidate='будь- який'; reverse='any'; lexical=0.182; candidate_definition_similarity=0.376; reverse_definition_similarity=0.415.
MANUAL_EMERGENCY_WORK_20260820_SECOND_PASS_V4_round01	MANUAL_EMERGENCY_WORK_20260820_FIRST_PASS_V4_round01	ox5000-aaa881c3f408681d7e11	whatsoever	adverb	C1	BLOCKED		BLOCKED V4: multiword adverb candidate is not an adverbial phrase; method=Helsinki-NLP/opus-mt-en-uk_surface_candidate; exact Oxford definition='not at all; not of any kind'; candidate='Що б там не було'; reverse='Whatever it is.'; lexical=0.667; candidate_definition_similarity=0.641; reverse_definition_similarity=0.313.
MANUAL_EMERGENCY_WORK_20260820_SECOND_PASS_V4_round01	MANUAL_EMERGENCY_WORK_20260820_FIRST_PASS_V4_round01	ox5000-9da29962568e275f6173	wheat	noun	B2	PASS	пшени́ця	PASS V4: concise lexical equivalent; method=en_wiktionary_matching_pos_uk_translation; exact Oxford definition='a plant grown for its grain that is used to produce the flour for bread, cakes, pasta , etc.; the grain of this plant'; candidate='пшени́ця'; reverse='wheat'; lexical=1.000; candidate_definition_similarity=0.575; reverse_definition_similarity=0.532; lexical-form/POS/role/source-grounded checks PASS.
MANUAL_EMERGENCY_WORK_20260820_SECOND_PASS_V4_round01	MANUAL_EMERGENCY_WORK_20260820_FIRST_PASS_V4_round01	ox5000-b687b0f57fa5366486ca	whereby	adverb	C1	BLOCKED		BLOCKED V4: sentence-like punctuation in lexical value; method=Helsinki-NLP/opus-mt-en-uk_surface_candidate; exact Oxford definition='by which; because of which'; candidate='З якого джерела?'; reverse='From What Source?'; lexical=0.261; candidate_definition_similarity=0.554; reverse_definition_similarity=0.509.
MANUAL_EMERGENCY_WORK_20260820_SECOND_PASS_V4_round01	MANUAL_EMERGENCY_WORK_20260820_FIRST_PASS_V4_round01	ox5000-8eb4dc7709c4780bf6a5	whilst	conjunction	C1	BLOCKED		BLOCKED V4: surface MT candidate does not back-translate to the exact English lexical identity; method=Helsinki-NLP/opus-mt-en-uk_surface_candidate; exact Oxford definition='during the time that something is happening; at the same time as something else is happening'; candidate='Під час'; reverse='During'; lexical=0.167; candidate_definition_similarity=0.619; reverse_definition_similarity=0.508.
MANUAL_EMERGENCY_WORK_20260820_SECOND_PASS_V4_round01	MANUAL_EMERGENCY_WORK_20260820_FIRST_PASS_V4_round01	ox5000-7af578b8eda8386576e3	whip	verb	C1	BLOCKED		BLOCKED V4: semantic role mismatch: Oxford definition requires person, reverse candidate looks generic; method=en_wiktionary_matching_pos_uk_translation; exact Oxford definition='to hit a person or an animal hard with a whip , as a punishment or to make them go faster or work harder'; candidate='бато́жити'; reverse='bat'; lexical=0.000; candidate_definition_similarity=0.253; reverse_definition_similarity=0.399.
MANUAL_EMERGENCY_WORK_20260820_SECOND_PASS_V4_round01	MANUAL_EMERGENCY_WORK_20260820_FIRST_PASS_V4_round01	ox5000-e0481a3d4119e74acd4e	whoever	pronoun	B2	BLOCKED		BLOCKED V4: semantic role mismatch: Oxford definition requires person, reverse candidate looks generic; method=Helsinki-NLP/opus-mt-en-uk_surface_candidate; exact Oxford definition='the person or people who; any person who'; candidate='Будь- хто'; reverse='Anyone'; lexical=0.308; candidate_definition_similarity=0.692; reverse_definition_similarity=0.306.
MANUAL_EMERGENCY_WORK_20260820_SECOND_PASS_V4_round01	MANUAL_EMERGENCY_WORK_20260820_FIRST_PASS_V4_round01	ox5000-bba3d8405583d811c7fb	wholly	adverb	C1	BLOCKED		BLOCKED V4: surface MT candidate does not back-translate to the exact English lexical identity; method=Helsinki-NLP/opus-mt-en-uk_surface_candidate; exact Oxford definition='completely'; candidate='Повністю'; reverse='Full'; lexical=0.400; candidate_definition_similarity=0.818; reverse_definition_similarity=0.700.
MANUAL_EMERGENCY_WORK_20260820_SECOND_PASS_V4_round01	MANUAL_EMERGENCY_WORK_20260820_FIRST_PASS_V4_round01	ox5000-1ad42173d6a47044c4fc	widen	verb	C1	BLOCKED		BLOCKED V4: verb candidate is not an appropriate Ukrainian infinitive/verb phrase; method=Helsinki-NLP/opus-mt-en-uk_surface_candidate; exact Oxford definition='to become wider; to make something wider'; candidate='Розширення'; reverse='Extensions'; lexical=0.267; candidate_definition_similarity=0.611; reverse_definition_similarity=0.332.
MANUAL_EMERGENCY_WORK_20260820_SECOND_PASS_V4_round01	MANUAL_EMERGENCY_WORK_20260820_FIRST_PASS_V4_round01	ox5000-e70719b36c73f2262a94	widespread	adjective	B2	BLOCKED		BLOCKED V4: Wiktionary candidate does not back-translate to the exact English lexical identity; method=en_wiktionary_matching_pos_uk_translation; exact Oxford definition='existing or happening over a large area or among many people'; candidate='розповсю́джений'; reverse='widely distributed'; lexical=0.571; candidate_definition_similarity=0.483; reverse_definition_similarity=0.416.
MANUAL_EMERGENCY_WORK_20260820_SECOND_PASS_V4_round01	MANUAL_EMERGENCY_WORK_20260820_FIRST_PASS_V4_round01	ox5000-7cef906b837d8dff4657	widow	noun	C1	PASS	вдова́	PASS V4: concise lexical equivalent; method=en_wiktionary_matching_pos_uk_translation; exact Oxford definition='a woman whose husband or wife has died and who has not married again'; candidate='вдова́'; reverse='A Widow'; lexical=1.000; candidate_definition_similarity=0.645; reverse_definition_similarity=0.758; lexical-form/POS/role/source-grounded checks PASS.
MANUAL_EMERGENCY_WORK_20260820_SECOND_PASS_V4_round01	MANUAL_EMERGENCY_WORK_20260820_FIRST_PASS_V4_round01	ox5000-e60944697898fda86318	width	noun	C1	PASS	ширина́	PASS V4: concise lexical equivalent; method=en_wiktionary_matching_pos_uk_translation; exact Oxford definition='the measurement from one side of something to the other; how wide something is'; candidate='ширина́'; reverse='width'; lexical=1.000; candidate_definition_similarity=0.588; reverse_definition_similarity=0.599; lexical-form/POS/role/source-grounded checks PASS.
MANUAL_EMERGENCY_WORK_20260820_SECOND_PASS_V4_round01	MANUAL_EMERGENCY_WORK_20260820_FIRST_PASS_V4_round01	ox5000-fb8ecb4cb23d479816a5	willingness	noun	C1	BLOCKED		BLOCKED V4: semantic role mismatch: Oxford definition requires state, reverse candidate looks process; method=Helsinki-NLP/opus-mt-en-uk_surface_candidate; exact Oxford definition='the quality of being happy and ready to do something'; candidate='готовність'; reverse='willing'; lexical=1.000; candidate_definition_similarity=0.581; reverse_definition_similarity=0.453.
MANUAL_EMERGENCY_WORK_20260820_SECOND_PASS_V4_round01	MANUAL_EMERGENCY_WORK_20260820_FIRST_PASS_V4_round01	ox5000-00c15dea7c61b8c6848d	wipe	verb	C1	BLOCKED		BLOCKED V4: Wiktionary lexical candidate lacks two-sided exact-definition support; method=en_wiktionary_matching_pos_uk_translation; exact Oxford definition='to rub something against a surface, in order to remove dirt or liquid from it; to rub a surface with a cloth, etc. in order to clean it'; candidate='ви́терти'; reverse='wipe'; lexical=1.000; candidate_definition_similarity=0.195; reverse_definition_similarity=0.486.
MANUAL_EMERGENCY_WORK_20260820_SECOND_PASS_V4_round01	MANUAL_EMERGENCY_WORK_20260820_FIRST_PASS_V4_round01	ox5000-53f7030f25a42ed5f75d	wisdom	noun	B2	BLOCKED		BLOCKED V4: Wiktionary candidate does not back-translate to the exact English lexical identity; method=en_wiktionary_matching_pos_uk_translation; exact Oxford definition='the ability to make sensible decisions and give good advice because of the experience and knowledge that you have'; candidate='му́дрість'; reverse='chlorocity'; lexical=0.125; candidate_definition_similarity=0.452; reverse_definition_similarity=-0.069.
MANUAL_EMERGENCY_WORK_20260820_SECOND_PASS_V4_round01	MANUAL_EMERGENCY_WORK_20260820_FIRST_PASS_V4_round01	ox5000-71cfc35fecd6d31f3d90	wit	noun	C1	PASS	дотепність	PASS V4: concise lexical equivalent; method=Helsinki-NLP/opus-mt-en-uk_surface_candidate; exact Oxford definition='the ability to say or write things that are both clever and humorous'; candidate='дотепність'; reverse='wit'; lexical=1.000; candidate_definition_similarity=0.447; reverse_definition_similarity=0.506; lexical-form/POS/role/source-grounded checks PASS.
MANUAL_EMERGENCY_WORK_20260820_SECOND_PASS_V4_round01	MANUAL_EMERGENCY_WORK_20260820_FIRST_PASS_V4_round01	ox5000-4a0d80cb3aee1630ef88	withdraw	verb	B2	BLOCKED		BLOCKED V4: Wiktionary candidate does not back-translate to the exact English lexical identity; method=en_wiktionary_matching_pos_uk_translation; exact Oxford definition='to take money out of a bank account'; candidate='виво́дити'; reverse='extract'; lexical=0.400; candidate_definition_similarity=0.147; reverse_definition_similarity=0.179.
MANUAL_EMERGENCY_WORK_20260820_SECOND_PASS_V4_round01	MANUAL_EMERGENCY_WORK_20260820_FIRST_PASS_V4_round01	ox5000-b500ac68bf72138c5bbf	withdrawal	noun	C1	BLOCKED		BLOCKED V4: semantic role mismatch: Oxford definition requires process, reverse candidate looks generic; method=en_wiktionary_matching_pos_uk_translation; exact Oxford definition='the act of taking an amount of money out of your bank account'; candidate='зняття́'; reverse='Expenditure'; lexical=0.286; candidate_definition_similarity=0.331; reverse_definition_similarity=0.399.
MANUAL_EMERGENCY_WORK_20260820_SECOND_PASS_V4_round01	MANUAL_EMERGENCY_WORK_20260820_FIRST_PASS_V4_round01	ox5000-b21cce758fc50a0848db	workforce	noun	B2	BLOCKED		"BLOCKED V4: semantic role mismatch: Oxford definition requires person, reverse candidate looks generic; method=en_wiktionary_matching_pos_uk_translation; exact Oxford definition='all the people who work for a particular company, organization, etc.'; candidate='робо́ча си́ла'; reverse=""A Job's Soil""; lexical=0.190; candidate_definition_similarity=0.108; reverse_definition_similarity=0.261."
MANUAL_EMERGENCY_WORK_20260820_SECOND_PASS_V4_round01	MANUAL_EMERGENCY_WORK_20260820_FIRST_PASS_V4_round01	ox5000-c4df7b62298c6a0e1e19	workout	noun	C1	BLOCKED		BLOCKED V4: English/source-language residue or model artifact; method=Helsinki-NLP/opus-mt-en-uk_surface_candidate; exact Oxford definition='a period of physical exercise that you do to keep fit'; candidate='successful message after an user action'; reverse='access'; lexical=0.000; candidate_definition_similarity=0.084; reverse_definition_similarity=-0.099.
MANUAL_EMERGENCY_WORK_20260820_SECOND_PASS_V4_round01	MANUAL_EMERGENCY_WORK_20260820_FIRST_PASS_V4_round01	ox5000-c12d12f9f3c1cebbd720	workplace	noun	B2	BLOCKED		BLOCKED V4: Wiktionary candidate does not back-translate to the exact English lexical identity; method=en_wiktionary_matching_pos_uk_translation; exact Oxford definition='the office, factory, etc. where people work'; candidate='робо́че мі́сце'; reverse='toil miʹce'; lexical=0.421; candidate_definition_similarity=0.245; reverse_definition_similarity=0.065.
MANUAL_EMERGENCY_WORK_20260820_SECOND_PASS_V4_round01	MANUAL_EMERGENCY_WORK_20260820_FIRST_PASS_V4_round01	ox5000-a239d20d2b0886b804d3	workshop	noun	B2	BLOCKED		BLOCKED V4: Wiktionary candidate does not back-translate to the exact English lexical identity; method=en_wiktionary_matching_pos_uk_translation; exact Oxford definition='a period of discussion and practical work on a particular subject, in which a group of people share their knowledge and experience'; candidate='цех'; reverse='cim'; lexical=0.000; candidate_definition_similarity=0.202; reverse_definition_similarity=0.255.
MANUAL_EMERGENCY_WORK_20260820_SECOND_PASS_V4_round01	MANUAL_EMERGENCY_WORK_20260820_FIRST_PASS_V4_round01	ox5000-152aa939ce8e22a8cba8	worm	noun	B2	PASS	черв'я́к	"PASS V4: concise lexical equivalent; method=en_wiktionary_matching_pos_uk_translation; exact Oxford definition='a long, thin creature with a soft body and no bones or legs'; candidate=""черв'я́к""; reverse='worm'; lexical=1.000; candidate_definition_similarity=0.486; reverse_definition_similarity=0.419; lexical-form/POS/role/source-grounded checks PASS."
MANUAL_EMERGENCY_WORK_20260820_SECOND_PASS_V4_round01	MANUAL_EMERGENCY_WORK_20260820_FIRST_PASS_V4_round01	ox5000-ebe5ca9d165e19c0739b	worship	noun	C1	PASS	поклоні́ння	PASS V4: concise lexical equivalent; method=en_wiktionary_matching_pos_uk_translation; exact Oxford definition='the practice of showing respect for God or a god, by saying prayers, singing with others, etc.; a ceremony for this'; candidate='поклоні́ння'; reverse='Worship'; lexical=1.000; candidate_definition_similarity=0.709; reverse_definition_similarity=0.680; lexical-form/POS/role/source-grounded checks PASS.
MANUAL_EMERGENCY_WORK_20260820_SECOND_PASS_V4_round01	MANUAL_EMERGENCY_WORK_20260820_FIRST_PASS_V4_round01	ox5000-facbf2da8bf54e09d106	worship	verb	C1	PASS	поклоня́тися	PASS V4: concise lexical equivalent; method=en_wiktionary_matching_pos_uk_translation; exact Oxford definition='to show respect for God or a god, especially by saying prayers, singing, etc. with other people in a religious building'; candidate='поклоня́тися'; reverse='Worship'; lexical=1.000; candidate_definition_similarity=0.636; reverse_definition_similarity=0.631; lexical-form/POS/role/source-grounded checks PASS.
MANUAL_EMERGENCY_WORK_20260820_SECOND_PASS_V4_round01	MANUAL_EMERGENCY_WORK_20260820_FIRST_PASS_V4_round01	ox5000-25f500256746f398eb9c	worthwhile	adjective	C1	BLOCKED		"BLOCKED V4: surface MT candidate does not back-translate to the exact English lexical identity; method=Helsinki-NLP/opus-mt-en-uk_surface_candidate; exact Oxford definition='important, pleasant, interesting, etc.; worth spending time, money or effort on'; candidate='вартує'; reverse=""It's worth it.""; lexical=0.522; candidate_definition_similarity=0.304; reverse_definition_similarity=0.540."
MANUAL_EMERGENCY_WORK_20260820_SECOND_PASS_V4_round01	MANUAL_EMERGENCY_WORK_20260820_FIRST_PASS_V4_round01	ox5000-780d6e175fa7df70d661	worthy	adjective	C1	BLOCKED		BLOCKED V4: semantic role mismatch: Oxford definition requires person, reverse candidate looks generic; method=en_wiktionary_matching_pos_uk_translation; exact Oxford definition='having the qualities that deserve somebody/something'; candidate='гі́дний'; reverse='hyʹdhod'; lexical=0.308; candidate_definition_similarity=0.244; reverse_definition_similarity=0.195.
MANUAL_EMERGENCY_WORK_20260820_SECOND_PASS_V4_round01	MANUAL_EMERGENCY_WORK_20260820_FIRST_PASS_V4_round01	ox5000-50b98ac704c3bc34a67f	wrist	noun	B2	BLOCKED		"BLOCKED V4: Wiktionary lexical candidate lacks two-sided exact-definition support; method=en_wiktionary_matching_pos_uk_translation; exact Oxford definition='the joint between the hand and the arm'; candidate=""зап'я́стя""; reverse='wrist'; lexical=1.000; candidate_definition_similarity=0.320; reverse_definition_similarity=0.717."
MANUAL_EMERGENCY_WORK_20260820_SECOND_PASS_V4_round01	MANUAL_EMERGENCY_WORK_20260820_FIRST_PASS_V4_round01	ox5000-b4375e50137f50a3167c	yell	verb	C1	BLOCKED		BLOCKED V4: verb candidate is not an appropriate Ukrainian infinitive/verb phrase; method=Helsinki-NLP/opus-mt-en-uk_surface_candidate; exact Oxford definition='to shout loudly, for example because you are angry, excited, frightened or in pain'; candidate='Крик'; reverse='Crying'; lexical=0.200; candidate_definition_similarity=0.609; reverse_definition_similarity=0.384.
MANUAL_EMERGENCY_WORK_20260820_SECOND_PASS_V4_round01	MANUAL_EMERGENCY_WORK_20260820_FIRST_PASS_V4_round01	ox5000-cc76f33fcb4c9bc2e444	yield	noun	C1	BLOCKED		BLOCKED V4: surface MT candidate does not back-translate to the exact English lexical identity; method=Helsinki-NLP/opus-mt-en-uk_surface_candidate; exact Oxford definition='the total amount of crops, profits, etc. that are produced'; candidate='порція'; reverse='serving'; lexical=0.167; candidate_definition_similarity=0.104; reverse_definition_similarity=0.081.
MANUAL_EMERGENCY_WORK_20260820_SECOND_PASS_V4_round01	MANUAL_EMERGENCY_WORK_20260820_FIRST_PASS_V4_round01	ox5000-965201ceb2ed31dc1820	yield	verb	C1	BLOCKED		BLOCKED V4: verb candidate is not an appropriate Ukrainian infinitive/verb phrase; method=Helsinki-NLP/opus-mt-en-uk_surface_candidate; exact Oxford definition='to produce or provide something, for example a profit, result or crop'; candidate='порція'; reverse='serving'; lexical=0.167; candidate_definition_similarity=0.195; reverse_definition_similarity=0.286.
MANUAL_EMERGENCY_WORK_20260820_SECOND_PASS_V4_round01	MANUAL_EMERGENCY_WORK_20260820_FIRST_PASS_V4_round01	ox5000-ac6f5aa49f2b06653bf9	youngster	noun	C1	BLOCKED		BLOCKED V4: surface MT candidate does not back-translate to the exact English lexical identity; method=Helsinki-NLP/opus-mt-en-uk_surface_candidate; exact Oxford definition='a young person or a child'; candidate='Молодий'; reverse='Young'; lexical=1.000; candidate_definition_similarity=0.687; reverse_definition_similarity=0.652.
