entry_id	source	part_of_speech	level	ukrainian	status	manual_emergency_first_pass_run_id	manual_emergency_second_pass_run_id	source_check	qa_reason
ox5000-6cb94901ee4c66a30fb3	bold	adjective	B2	жирний (підприємець): сміливий і впевнений; не боїться говорити про свої почуття або йти на ризик	verified	MANUAL_EMERGENCY_WORK_20260820_FIRST_PASS_V3_round01	MANUAL_EMERGENCY_WORK_20260820_SECOND_PASS_V3_round01	MANUAL_EMERGENCY_WORK V3 exact Oxford identity; source_index=593; definition_path=/us/definition/english/bold_1; stable_id=PASS; exact_definition='brave and confident; not afraid to say what you feel or to take risks'; selected_candidate_method=Helsinki-NLP/opus-mt-en-uk_contextual_definition_candidate	PASS: source-grounded second pass; method=Helsinki-NLP/opus-mt-en-uk_contextual_definition_candidate; exact Oxford definition='brave and confident; not afraid to say what you feel or to take risks'; candidate='жирний (підприємець): сміливий і впевнений; не боїться говорити про свої почуття або йти на ризик'; reverse='bold and confident; not afraid to talk about your feelings or take risks'; lexical=1.000; candidate_definition_similarity=0.706; reverse_definition_similarity=0.897; semantic=0.897; POS/language checks PASS.
ox5000-336cd82ab74183c72edd	bombing	noun	B2	бомбува́ння	verified	MANUAL_EMERGENCY_WORK_20260820_FIRST_PASS_V3_round01	MANUAL_EMERGENCY_WORK_20260820_SECOND_PASS_V3_round01	MANUAL_EMERGENCY_WORK V3 exact Oxford identity; source_index=596; definition_path=/us/definition/english/bombing; stable_id=PASS; exact_definition='an occasion when a bomb is dropped or left somewhere; the act of doing this'; selected_candidate_method=en_wiktionary_matching_pos_uk_translation	PASS: source-grounded second pass; method=en_wiktionary_matching_pos_uk_translation; exact Oxford definition='an occasion when a bomb is dropped or left somewhere; the act of doing this'; candidate='бомбува́ння'; reverse='bombing'; lexical=1.000; candidate_definition_similarity=0.764; reverse_definition_similarity=0.694; semantic=0.764; POS/language checks PASS.
ox5000-f36df4a285a808895f17	brick	noun	B2	Цегла (нун): випалена глина, яку використовують для будівництва стін, будинків та інших будівель; окремий блок цього	verified	MANUAL_EMERGENCY_WORK_20260820_FIRST_PASS_V3_round01	MANUAL_EMERGENCY_WORK_20260820_SECOND_PASS_V3_round01	MANUAL_EMERGENCY_WORK V3 exact Oxford identity; source_index=648; definition_path=/us/definition/english/brick_1; stable_id=PASS; exact_definition='baked clay used for building walls, houses and other buildings; an individual block of this'; selected_candidate_method=Helsinki-NLP/opus-mt-en-uk_contextual_definition_candidate	PASS: source-grounded second pass; method=Helsinki-NLP/opus-mt-en-uk_contextual_definition_candidate; exact Oxford definition='baked clay used for building walls, houses and other buildings; an individual block of this'; candidate='Цегла (нун): випалена глина, яку використовують для будівництва стін, будинків та інших будівель; окремий блок цього'; reverse='Bricks (nun): burned clay used to build walls, houses, and other buildings; separate blocks of this'; lexical=1.000; candidate_definition_similarity=0.881; reverse_definition_similarity=0.840; semantic=0.881; POS/language checks PASS.
ox5000-c8c42d98d7e616f8064a	briefly	adverb	B2	короткий час	verified	MANUAL_EMERGENCY_WORK_20260820_FIRST_PASS_V3_round01	MANUAL_EMERGENCY_WORK_20260820_SECOND_PASS_V3_round01	MANUAL_EMERGENCY_WORK V3 exact Oxford identity; source_index=652; definition_path=/us/definition/english/briefly; stable_id=PASS; exact_definition='for a short time'; selected_candidate_method=Helsinki-NLP/opus-mt-en-uk_surface_candidate	PASS: source-grounded second pass; method=Helsinki-NLP/opus-mt-en-uk_surface_candidate; exact Oxford definition='for a short time'; candidate='короткий час'; reverse='short time'; lexical=0.353; candidate_definition_similarity=0.879; reverse_definition_similarity=0.799; semantic=0.879; POS/language checks PASS.
ox5000-a29b52dd76fad8a77358	broadcaster	noun	B2	трансляція	verified	MANUAL_EMERGENCY_WORK_20260820_FIRST_PASS_V3_round01	MANUAL_EMERGENCY_WORK_20260820_SECOND_PASS_V3_round01	MANUAL_EMERGENCY_WORK V3 exact Oxford identity; source_index=660; definition_path=/us/definition/english/broadcaster; stable_id=PASS; exact_definition='a person whose job is presenting or talking on television or radio programmes'; selected_candidate_method=Helsinki-NLP/opus-mt-en-uk_surface_candidate	PASS: source-grounded second pass; method=Helsinki-NLP/opus-mt-en-uk_surface_candidate; exact Oxford definition='a person whose job is presenting or talking on television or radio programmes'; candidate='трансляція'; reverse='broadcast'; lexical=1.000; candidate_definition_similarity=0.428; reverse_definition_similarity=0.512; semantic=0.512; POS/language checks PASS.
ox5000-b575091301cde0aab47c	canal	noun	B2	кана́л	verified	MANUAL_EMERGENCY_WORK_20260820_FIRST_PASS_V3_round01	MANUAL_EMERGENCY_WORK_20260820_SECOND_PASS_V3_round01	MANUAL_EMERGENCY_WORK V3 exact Oxford identity; source_index=722; definition_path=/us/definition/english/canal; stable_id=PASS; exact_definition='a long straight passage dug in the ground and filled with water for boats and ships to travel along; a smaller passage used for carrying water to fields, crops, etc.'; selected_candidate_method=en_wiktionary_matching_pos_uk_translation	PASS: source-grounded second pass; method=en_wiktionary_matching_pos_uk_translation; exact Oxford definition='a long straight passage dug in the ground and filled with water for boats and ships to travel along; a smaller passage used for carrying water to fields, crops, etc.'; candidate='кана́л'; reverse='canal'; lexical=1.000; candidate_definition_similarity=0.166; reverse_definition_similarity=0.448; semantic=0.448; POS/language checks PASS.
ox5000-6c90d20f57eaa3951076	candle	noun	B2	свічка (ноун): кругла паличка з віском з шматком струни (що називається ґнотом) через середину, що освітлена, щоб світити, коли вона горить.	verified	MANUAL_EMERGENCY_WORK_20260820_FIRST_PASS_V3_round01	MANUAL_EMERGENCY_WORK_20260820_SECOND_PASS_V3_round01	MANUAL_EMERGENCY_WORK V3 exact Oxford identity; source_index=726; definition_path=/us/definition/english/candle; stable_id=PASS; exact_definition='a round stick of wax with a piece of string (called a wick ) through the middle that is lit to give light as it burns'; selected_candidate_method=Helsinki-NLP/opus-mt-en-uk_contextual_definition_candidate	PASS: source-grounded second pass; method=Helsinki-NLP/opus-mt-en-uk_contextual_definition_candidate; exact Oxford definition='a round stick of wax with a piece of string (called a wick ) through the middle that is lit to give light as it burns'; candidate='свічка (ноун): кругла паличка з віском з шматком струни (що називається ґнотом) через середину, що освітлена, щоб світити, коли вона горить.'; reverse='candle (nun): A round stick with a piece of string (called a gnoth) through the middle, lit to shine when it burns.'; lexical=1.000; candidate_definition_similarity=0.807; reverse_definition_similarity=0.795; semantic=0.807; POS/language checks PASS.
ox5000-aadc5f65541eae6cccd0	carbon	noun	B2	Вуглець (нуун): хімічний елемент. Вуглець міститься у всіх живих істотах, що існують у чистому стані як діамант і графіт.	verified	MANUAL_EMERGENCY_WORK_20260820_FIRST_PASS_V3_round01	MANUAL_EMERGENCY_WORK_20260820_SECOND_PASS_V3_round01	MANUAL_EMERGENCY_WORK V3 exact Oxford identity; source_index=741; definition_path=/us/definition/english/carbon; stable_id=PASS; exact_definition='a chemical element. Carbon is found in all living things, existing in a pure state as diamond and graphite .'; selected_candidate_method=Helsinki-NLP/opus-mt-en-uk_contextual_definition_candidate	PASS: source-grounded second pass; method=Helsinki-NLP/opus-mt-en-uk_contextual_definition_candidate; exact Oxford definition='a chemical element. Carbon is found in all living things, existing in a pure state as diamond and graphite .'; candidate='Вуглець (нуун): хімічний елемент. Вуглець міститься у всіх живих істотах, що існують у чистому стані як діамант і графіт.'; reverse='Carbon: a chemical element. Carbon is found in all living things that exist in a clean state like diamonds and graphite.'; lexical=1.000; candidate_definition_similarity=0.913; reverse_definition_similarity=0.940; semantic=0.940; POS/language checks PASS.
ox5000-2f11663a968a94ccb406	cave	noun	B2	печера (нуун): велика яма на боці пагорба або скелі або під землею.	verified	MANUAL_EMERGENCY_WORK_20260820_FIRST_PASS_V3_round01	MANUAL_EMERGENCY_WORK_20260820_SECOND_PASS_V3_round01	MANUAL_EMERGENCY_WORK V3 exact Oxford identity; source_index=775; definition_path=/us/definition/english/cave_1; stable_id=PASS; exact_definition='a large hole in the side of a hill or cliff or under the ground'; selected_candidate_method=Helsinki-NLP/opus-mt-en-uk_contextual_definition_candidate	PASS: source-grounded second pass; method=Helsinki-NLP/opus-mt-en-uk_contextual_definition_candidate; exact Oxford definition='a large hole in the side of a hill or cliff or under the ground'; candidate='печера (нуун): велика яма на боці пагорба або скелі або під землею.'; reverse='Cave (nuun): A large hole on the side of a hill or of a rock or under the ground.'; lexical=1.000; candidate_definition_similarity=0.796; reverse_definition_similarity=0.784; semantic=0.796; POS/language checks PASS.
ox5000-1a9ae9f38cefadbdbe69	certainty	noun	B2	певність (ніуун): стан певності	verified	MANUAL_EMERGENCY_WORK_20260820_FIRST_PASS_V3_round01	MANUAL_EMERGENCY_WORK_20260820_SECOND_PASS_V3_round01	MANUAL_EMERGENCY_WORK V3 exact Oxford identity; source_index=792; definition_path=/us/definition/english/certainty; stable_id=PASS; exact_definition='the state of being certain'; selected_candidate_method=Helsinki-NLP/opus-mt-en-uk_contextual_definition_candidate	PASS: source-grounded second pass; method=Helsinki-NLP/opus-mt-en-uk_contextual_definition_candidate; exact Oxford definition='the state of being certain'; candidate='певність (ніуун): стан певності'; reverse='confidence (Nown): certainty'; lexical=1.000; candidate_definition_similarity=0.733; reverse_definition_similarity=0.640; semantic=0.733; POS/language checks PASS.
ox5000-f65ec664052307d40e5e	certificate	noun	B2	сертифікат (ніун): офіційний документ, який може бути використано для підтвердження того, що факти, які він містить, є істинами	verified	MANUAL_EMERGENCY_WORK_20260820_FIRST_PASS_V3_round01	MANUAL_EMERGENCY_WORK_20260820_SECOND_PASS_V3_round01	MANUAL_EMERGENCY_WORK V3 exact Oxford identity; source_index=793; definition_path=/us/definition/english/certificate_1; stable_id=PASS; exact_definition='an official document that may be used to prove that the facts it states are true'; selected_candidate_method=Helsinki-NLP/opus-mt-en-uk_contextual_definition_candidate	PASS: source-grounded second pass; method=Helsinki-NLP/opus-mt-en-uk_contextual_definition_candidate; exact Oxford definition='an official document that may be used to prove that the facts it states are true'; candidate='сертифікат (ніун): офіційний документ, який може бути використано для підтвердження того, що факти, які він містить, є істинами'; reverse='certificate (Neun): an official document that can be used to confirm that the facts it contains are true'; lexical=1.000; candidate_definition_similarity=0.843; reverse_definition_similarity=0.771; semantic=0.843; POS/language checks PASS.
ox5000-d11e4137c39c91300aa9	challenging	adjective	B2	складний	verified	MANUAL_EMERGENCY_WORK_20260820_FIRST_PASS_V3_round01	MANUAL_EMERGENCY_WORK_20260820_SECOND_PASS_V3_round01	MANUAL_EMERGENCY_WORK V3 exact Oxford identity; source_index=801; definition_path=/us/definition/english/challenging; stable_id=PASS; exact_definition='difficult in an interesting way that tests your ability'; selected_candidate_method=Helsinki-NLP/opus-mt-en-uk_surface_candidate	PASS: source-grounded second pass; method=Helsinki-NLP/opus-mt-en-uk_surface_candidate; exact Oxford definition='difficult in an interesting way that tests your ability'; candidate='складний'; reverse='complex'; lexical=0.333; candidate_definition_similarity=0.417; reverse_definition_similarity=0.249; semantic=0.417; POS/language checks PASS.
ox5000-371ffb23c06cf5d1b8ef	championship	noun	B2	Чемпіонат (нуун): конкуренція, щоб знайти найкращого гравця або команду у певному спорті	verified	MANUAL_EMERGENCY_WORK_20260820_FIRST_PASS_V3_round01	MANUAL_EMERGENCY_WORK_20260820_SECOND_PASS_V3_round01	MANUAL_EMERGENCY_WORK V3 exact Oxford identity; source_index=804; definition_path=/us/definition/english/championship; stable_id=PASS; exact_definition='a competition to find the best player or team in a particular sport'; selected_candidate_method=Helsinki-NLP/opus-mt-en-uk_contextual_definition_candidate	PASS: source-grounded second pass; method=Helsinki-NLP/opus-mt-en-uk_contextual_definition_candidate; exact Oxford definition='a competition to find the best player or team in a particular sport'; candidate='Чемпіонат (нуун): конкуренція, щоб знайти найкращого гравця або команду у певному спорті'; reverse='Champion: A contest to find the best player or team in a certain sport'; lexical=0.296; candidate_definition_similarity=0.935; reverse_definition_similarity=0.905; semantic=0.935; POS/language checks PASS.
ox5000-aa38df2298e6ecac59b2	charming	adjective	B2	чарівна (примітка): дуже приємна або приваблива	verified	MANUAL_EMERGENCY_WORK_20260820_FIRST_PASS_V3_round01	MANUAL_EMERGENCY_WORK_20260820_SECOND_PASS_V3_round01	MANUAL_EMERGENCY_WORK V3 exact Oxford identity; source_index=819; definition_path=/us/definition/english/charming; stable_id=PASS; exact_definition='very pleasant or attractive'; selected_candidate_method=Helsinki-NLP/opus-mt-en-uk_contextual_definition_candidate	PASS: source-grounded second pass; method=Helsinki-NLP/opus-mt-en-uk_contextual_definition_candidate; exact Oxford definition='very pleasant or attractive'; candidate='чарівна (примітка): дуже приємна або приваблива'; reverse='charming (note): very pleasant or attractive'; lexical=1.000; candidate_definition_similarity=0.873; reverse_definition_similarity=0.895; semantic=0.895; POS/language checks PASS.
ox5000-9f02d00aa1a75bbfe2ec	cheek	noun	B2	щока (нун): обидві сторони обличчя під очима.	verified	MANUAL_EMERGENCY_WORK_20260820_FIRST_PASS_V3_round01	MANUAL_EMERGENCY_WORK_20260820_SECOND_PASS_V3_round01	MANUAL_EMERGENCY_WORK V3 exact Oxford identity; source_index=833; definition_path=/us/definition/english/cheek_1; stable_id=PASS; exact_definition='either side of the face below the eyes'; selected_candidate_method=Helsinki-NLP/opus-mt-en-uk_contextual_definition_candidate	PASS: source-grounded second pass; method=Helsinki-NLP/opus-mt-en-uk_contextual_definition_candidate; exact Oxford definition='either side of the face below the eyes'; candidate='щока (нун): обидві сторони обличчя під очима.'; reverse='cheek: both sides of the face under the eyes.'; lexical=1.000; candidate_definition_similarity=0.847; reverse_definition_similarity=0.845; semantic=0.847; POS/language checks PASS.
ox5000-4e45db7231a1deb4a27d	choir	noun	B2	хор (нун): група людей, які співають разом, наприклад, під час церковних служб або публічних виступів.	verified	MANUAL_EMERGENCY_WORK_20260820_FIRST_PASS_V3_round01	MANUAL_EMERGENCY_WORK_20260820_SECOND_PASS_V3_round01	MANUAL_EMERGENCY_WORK V3 exact Oxford identity; source_index=851; definition_path=/us/definition/english/choir; stable_id=PASS; exact_definition='a group of people who sing together, for example in church services or public performances'; selected_candidate_method=Helsinki-NLP/opus-mt-en-uk_contextual_definition_candidate	PASS: source-grounded second pass; method=Helsinki-NLP/opus-mt-en-uk_contextual_definition_candidate; exact Oxford definition='a group of people who sing together, for example in church services or public performances'; candidate='хор (нун): група людей, які співають разом, наприклад, під час церковних служб або публічних виступів.'; reverse='choir (nun): a group of people singing together, for example, during church services or public performances.'; lexical=1.000; candidate_definition_similarity=0.872; reverse_definition_similarity=0.830; semantic=0.872; POS/language checks PASS.
ox5000-50c859b7eef5dc7ea1e0	civilization	noun	B2	Цивілізація (нун): дуже розвинений і організований стан людського суспільства.	verified	MANUAL_EMERGENCY_WORK_20260820_FIRST_PASS_V3_round01	MANUAL_EMERGENCY_WORK_20260820_SECOND_PASS_V3_round01	MANUAL_EMERGENCY_WORK V3 exact Oxford identity; source_index=873; definition_path=/us/definition/english/civilization; stable_id=PASS; exact_definition='a state of human society that is very developed and organized'; selected_candidate_method=Helsinki-NLP/opus-mt-en-uk_contextual_definition_candidate	PASS: source-grounded second pass; method=Helsinki-NLP/opus-mt-en-uk_contextual_definition_candidate; exact Oxford definition='a state of human society that is very developed and organized'; candidate='Цивілізація (нун): дуже розвинений і організований стан людського суспільства.'; reverse='Civilization: a highly developed and organized state of human society.'; lexical=1.000; candidate_definition_similarity=0.848; reverse_definition_similarity=0.910; semantic=0.910; POS/language checks PASS.
ox5000-086a5e82dfa259ffe944	clarify	verb	B2	прояснити	verified	MANUAL_EMERGENCY_WORK_20260820_FIRST_PASS_V3_round01	MANUAL_EMERGENCY_WORK_20260820_SECOND_PASS_V3_round01	MANUAL_EMERGENCY_WORK V3 exact Oxford identity; source_index=876; definition_path=/us/definition/english/clarify; stable_id=PASS; exact_definition='to make something clearer or easier to understand'; selected_candidate_method=Helsinki-NLP/opus-mt-en-uk_surface_candidate	PASS: source-grounded second pass; method=Helsinki-NLP/opus-mt-en-uk_surface_candidate; exact Oxford definition='to make something clearer or easier to understand'; candidate='прояснити'; reverse='clear'; lexical=0.667; candidate_definition_similarity=0.540; reverse_definition_similarity=0.379; semantic=0.540; POS/language checks PASS.
ox5000-6d64823d57328578c4d4	classify	verb	B2	класифікува́ти	verified	MANUAL_EMERGENCY_WORK_20260820_FIRST_PASS_V3_round01	MANUAL_EMERGENCY_WORK_20260820_SECOND_PASS_V3_round01	MANUAL_EMERGENCY_WORK V3 exact Oxford identity; source_index=884; definition_path=/us/definition/english/classify; stable_id=PASS; exact_definition='to arrange something in groups according to features that they have in common'; selected_candidate_method=en_wiktionary_matching_pos_uk_translation	PASS: source-grounded second pass; method=en_wiktionary_matching_pos_uk_translation; exact Oxford definition='to arrange something in groups according to features that they have in common'; candidate='класифікува́ти'; reverse='classuvats'; lexical=0.556; candidate_definition_similarity=0.434; reverse_definition_similarity=0.253; semantic=0.434; POS/language checks PASS.
ox5000-123000ccb24aad3cb552	clerk	noun	B2	службо́вець	verified	MANUAL_EMERGENCY_WORK_20260820_FIRST_PASS_V3_round01	MANUAL_EMERGENCY_WORK_20260820_SECOND_PASS_V3_round01	MANUAL_EMERGENCY_WORK V3 exact Oxford identity; source_index=893; definition_path=/us/definition/english/clerk_1; stable_id=PASS; exact_definition='a person whose job is to serve customers in a shop'; selected_candidate_method=en_wiktionary_matching_pos_uk_translation	PASS: source-grounded second pass; method=en_wiktionary_matching_pos_uk_translation; exact Oxford definition='a person whose job is to serve customers in a shop'; candidate='службо́вець'; reverse='minister'; lexical=0.308; candidate_definition_similarity=0.499; reverse_definition_similarity=0.199; semantic=0.499; POS/language checks PASS.
ox5000-a57faf81bb42681a8e1a	clip	noun	B2	кліп	verified	MANUAL_EMERGENCY_WORK_20260820_FIRST_PASS_V3_round01	MANUAL_EMERGENCY_WORK_20260820_SECOND_PASS_V3_round01	MANUAL_EMERGENCY_WORK V3 exact Oxford identity; source_index=905; definition_path=/us/definition/english/clip_1; stable_id=PASS; exact_definition='a short part of a film that is shown separately'; selected_candidate_method=Helsinki-NLP/opus-mt-en-uk_surface_candidate	PASS: source-grounded second pass; method=Helsinki-NLP/opus-mt-en-uk_surface_candidate; exact Oxford definition='a short part of a film that is shown separately'; candidate='кліп'; reverse='music clip'; lexical=1.000; candidate_definition_similarity=0.540; reverse_definition_similarity=0.449; semantic=0.540; POS/language checks PASS.
ox5000-716808837b74db6359aa	coincidence	noun	B2	збіг обставин (нуун): факт двох подій, що відбуваються в один і той же час, у несподіваний спосіб	verified	MANUAL_EMERGENCY_WORK_20260820_FIRST_PASS_V3_round01	MANUAL_EMERGENCY_WORK_20260820_SECOND_PASS_V3_round01	MANUAL_EMERGENCY_WORK V3 exact Oxford identity; source_index=934; definition_path=/us/definition/english/coincidence; stable_id=PASS; exact_definition='the fact of two things happening at the same time by chance, in a surprising way'; selected_candidate_method=Helsinki-NLP/opus-mt-en-uk_contextual_definition_candidate	PASS: source-grounded second pass; method=Helsinki-NLP/opus-mt-en-uk_contextual_definition_candidate; exact Oxford definition='the fact of two things happening at the same time by chance, in a surprising way'; candidate='збіг обставин (нуун): факт двох подій, що відбуваються в один і той же час, у несподіваний спосіб'; reverse='coincidence: the fact of two events occurring at the same time in unexpected ways'; lexical=1.000; candidate_definition_similarity=0.901; reverse_definition_similarity=0.882; semantic=0.901; POS/language checks PASS.
ox5000-8c5031daad7f45108dc2	collector	noun	B2	колекціонер (нуун): людина, яка збирає речі, або як хобі, або як робота.	verified	MANUAL_EMERGENCY_WORK_20260820_FIRST_PASS_V3_round01	MANUAL_EMERGENCY_WORK_20260820_SECOND_PASS_V3_round01	MANUAL_EMERGENCY_WORK V3 exact Oxford identity; source_index=945; definition_path=/us/definition/english/collector; stable_id=PASS; exact_definition='a person who collects things, either as a hobby or as a job'; selected_candidate_method=Helsinki-NLP/opus-mt-en-uk_contextual_definition_candidate	PASS: source-grounded second pass; method=Helsinki-NLP/opus-mt-en-uk_contextual_definition_candidate; exact Oxford definition='a person who collects things, either as a hobby or as a job'; candidate='колекціонер (нуун): людина, яка збирає речі, або як хобі, або як робота.'; reverse='collector (nuun): A person who collects things, either as a hobby or as a job.'; lexical=1.000; candidate_definition_similarity=0.913; reverse_definition_similarity=0.848; semantic=0.913; POS/language checks PASS.
ox5000-d986169e6087570a695b	colony	noun	B2	колонія (нуун): країна або територія, якою керують люди з іншої, більш могутньої країни.	verified	MANUAL_EMERGENCY_WORK_20260820_FIRST_PASS_V3_round01	MANUAL_EMERGENCY_WORK_20260820_SECOND_PASS_V3_round01	MANUAL_EMERGENCY_WORK V3 exact Oxford identity; source_index=949; definition_path=/us/definition/english/colony; stable_id=PASS; exact_definition='a country or an area that is governed by people from another, more powerful, country'; selected_candidate_method=Helsinki-NLP/opus-mt-en-uk_contextual_definition_candidate	PASS: source-grounded second pass; method=Helsinki-NLP/opus-mt-en-uk_contextual_definition_candidate; exact Oxford definition='a country or an area that is governed by people from another, more powerful, country'; candidate='колонія (нуун): країна або територія, якою керують люди з іншої, більш могутньої країни.'; reverse='Colony (nuun): A country or territory ruled by people from another, more powerful country.'; lexical=1.000; candidate_definition_similarity=0.682; reverse_definition_similarity=0.640; semantic=0.682; POS/language checks PASS.
ox5000-e8838df3182b0d30fd61	colourful	adjective	B2	кольоровий	verified	MANUAL_EMERGENCY_WORK_20260820_FIRST_PASS_V3_round01	MANUAL_EMERGENCY_WORK_20260820_SECOND_PASS_V3_round01	MANUAL_EMERGENCY_WORK V3 exact Oxford identity; source_index=952; definition_path=/us/definition/english/colourful; stable_id=PASS; exact_definition='full of bright colours or having a lot of different colours'; selected_candidate_method=Helsinki-NLP/opus-mt-en-uk_surface_candidate	PASS: source-grounded second pass; method=Helsinki-NLP/opus-mt-en-uk_surface_candidate; exact Oxford definition='full of bright colours or having a lot of different colours'; candidate='кольоровий'; reverse='color'; lexical=0.714; candidate_definition_similarity=0.722; reverse_definition_similarity=0.696; semantic=0.722; POS/language checks PASS.
ox5000-3ef335dbc548cf6ee9a2	comic	noun	B2	комікс (ноун): журнал, зазвичай для дітей, який розповідає історії через малюнки.	verified	MANUAL_EMERGENCY_WORK_20260820_FIRST_PASS_V3_round01	MANUAL_EMERGENCY_WORK_20260820_SECOND_PASS_V3_round01	MANUAL_EMERGENCY_WORK V3 exact Oxford identity; source_index=965; definition_path=/us/definition/english/comic_2; stable_id=PASS; exact_definition='a magazine, usually for children, that tells stories through pictures'; selected_candidate_method=Helsinki-NLP/opus-mt-en-uk_contextual_definition_candidate	PASS: source-grounded second pass; method=Helsinki-NLP/opus-mt-en-uk_contextual_definition_candidate; exact Oxford definition='a magazine, usually for children, that tells stories through pictures'; candidate='комікс (ноун): журнал, зазвичай для дітей, який розповідає історії через малюнки.'; reverse='Comic: A journal usually for children who tell stories through pictures.'; lexical=1.000; candidate_definition_similarity=0.791; reverse_definition_similarity=0.781; semantic=0.791; POS/language checks PASS.
ox5000-8088b7e5636be8851c0c	commander	noun	B2	командуючий (нуун): особа відповідальна за якусь справу, а головно офіцер, який наглядав за певною групою вояків або військовими операціями.	verified	MANUAL_EMERGENCY_WORK_20260820_FIRST_PASS_V3_round01	MANUAL_EMERGENCY_WORK_20260820_SECOND_PASS_V3_round01	MANUAL_EMERGENCY_WORK V3 exact Oxford identity; source_index=968; definition_path=/us/definition/english/commander; stable_id=PASS; exact_definition='a person who is in charge of something, especially an officer in charge of a particular group of soldiers or a military operation'; selected_candidate_method=Helsinki-NLP/opus-mt-en-uk_contextual_definition_candidate	PASS: source-grounded second pass; method=Helsinki-NLP/opus-mt-en-uk_contextual_definition_candidate; exact Oxford definition='a person who is in charge of something, especially an officer in charge of a particular group of soldiers or a military operation'; candidate='командуючий (нуун): особа відповідальна за якусь справу, а головно офіцер, який наглядав за певною групою вояків або військовими операціями.'; reverse='Commander (nuun): A person is responsible for a case, especially an officer who oversees a certain group of soldiers or military operations.'; lexical=1.000; candidate_definition_similarity=0.886; reverse_definition_similarity=0.807; semantic=0.886; POS/language checks PASS.
ox5000-39d12fcbbe01c1f981f5	comparative	adjective	B2	порівня́льний	verified	MANUAL_EMERGENCY_WORK_20260820_FIRST_PASS_V3_round01	MANUAL_EMERGENCY_WORK_20260820_SECOND_PASS_V3_round01	MANUAL_EMERGENCY_WORK V3 exact Oxford identity; source_index=993; definition_path=/us/definition/english/comparative_1; stable_id=PASS; exact_definition='measured or judged by how similar or different it is to something else'; selected_candidate_method=en_wiktionary_matching_pos_uk_translation	PASS: source-grounded second pass; method=en_wiktionary_matching_pos_uk_translation; exact Oxford definition='measured or judged by how similar or different it is to something else'; candidate='порівня́льний'; reverse='comparative'; lexical=1.000; candidate_definition_similarity=0.477; reverse_definition_similarity=0.462; semantic=0.477; POS/language checks PASS.
ox5000-3b7af52b2f41a82a1271	completion	noun	B2	завершення (немає): дія або процес завершення; стан завершення і завершення	verified	MANUAL_EMERGENCY_WORK_20260820_FIRST_PASS_V3_round01	MANUAL_EMERGENCY_WORK_20260820_SECOND_PASS_V3_round01	MANUAL_EMERGENCY_WORK V3 exact Oxford identity; source_index=1014; definition_path=/us/definition/english/completion; stable_id=PASS; exact_definition='the act or process of finishing something; the state of being finished and complete'; selected_candidate_method=Helsinki-NLP/opus-mt-en-uk_contextual_definition_candidate	PASS: source-grounded second pass; method=Helsinki-NLP/opus-mt-en-uk_contextual_definition_candidate; exact Oxford definition='the act or process of finishing something; the state of being finished and complete'; candidate='завершення (немає): дія або процес завершення; стан завершення і завершення'; reverse='completion (no): operation or process of completion; completion and completion'; lexical=1.000; candidate_definition_similarity=0.824; reverse_definition_similarity=0.748; semantic=0.824; POS/language checks PASS.
ox5000-9a75af8e33d69fd7d823	composer	noun	B2	композитор (нуун): людина, яка пише музику, особливо класичну музику	verified	MANUAL_EMERGENCY_WORK_20260820_FIRST_PASS_V3_round01	MANUAL_EMERGENCY_WORK_20260820_SECOND_PASS_V3_round01	MANUAL_EMERGENCY_WORK V3 exact Oxford identity; source_index=1024; definition_path=/us/definition/english/composer; stable_id=PASS; exact_definition='a person who writes music, especially classical music'; selected_candidate_method=Helsinki-NLP/opus-mt-en-uk_contextual_definition_candidate	PASS: source-grounded second pass; method=Helsinki-NLP/opus-mt-en-uk_contextual_definition_candidate; exact Oxford definition='a person who writes music, especially classical music'; candidate='композитор (нуун): людина, яка пише музику, особливо класичну музику'; reverse='composer (nuun): Music writer, especially classical music'; lexical=1.000; candidate_definition_similarity=0.920; reverse_definition_similarity=0.885; semantic=0.920; POS/language checks PASS.
ox5000-6836ebe09ea109e5cb9c	comprise	verb	B2	охоплювати	verified	MANUAL_EMERGENCY_WORK_20260820_FIRST_PASS_V3_round01	MANUAL_EMERGENCY_WORK_20260820_SECOND_PASS_V3_round01	MANUAL_EMERGENCY_WORK V3 exact Oxford identity; source_index=1028; definition_path=/us/definition/english/comprise; stable_id=PASS; exact_definition='to have somebody/something as parts or members'; selected_candidate_method=en_wiktionary_matching_pos_uk_translation	PASS: source-grounded second pass; method=en_wiktionary_matching_pos_uk_translation; exact Oxford definition='to have somebody/something as parts or members'; candidate='охоплювати'; reverse='cover'; lexical=0.462; candidate_definition_similarity=0.461; reverse_definition_similarity=0.195; semantic=0.461; POS/language checks PASS.
ox5000-ab47bcb0aeacbb3a4f2b	compulsory	adjective	B2	обов'язко́вий	verified	MANUAL_EMERGENCY_WORK_20260820_FIRST_PASS_V3_round01	MANUAL_EMERGENCY_WORK_20260820_SECOND_PASS_V3_round01	MANUAL_EMERGENCY_WORK V3 exact Oxford identity; source_index=1031; definition_path=/us/definition/english/compulsory; stable_id=PASS; exact_definition='that must be done because of a law or a rule'; selected_candidate_method=en_wiktionary_matching_pos_uk_translation	"PASS: source-grounded second pass; method=en_wiktionary_matching_pos_uk_translation; exact Oxford definition='that must be done because of a law or a rule'; candidate=""обов'язко́вий""; reverse='army'; lexical=0.286; candidate_definition_similarity=0.507; reverse_definition_similarity=0.115; semantic=0.507; POS/language checks PASS."
ox5000-d782f68d3229c5a378fe	concrete	noun	B2	бетон (нуун): будівельний матеріал, змішаний з цементом, піском, маленькими камінцями і водою.	verified	MANUAL_EMERGENCY_WORK_20260820_FIRST_PASS_V3_round01	MANUAL_EMERGENCY_WORK_20260820_SECOND_PASS_V3_round01	MANUAL_EMERGENCY_WORK V3 exact Oxford identity; source_index=1049; definition_path=/us/definition/english/concrete_2; stable_id=PASS; exact_definition='building material that is made by mixing together cement , sand, small stones and water'; selected_candidate_method=Helsinki-NLP/opus-mt-en-uk_contextual_definition_candidate	PASS: source-grounded second pass; method=Helsinki-NLP/opus-mt-en-uk_contextual_definition_candidate; exact Oxford definition='building material that is made by mixing together cement , sand, small stones and water'; candidate='бетон (нуун): будівельний матеріал, змішаний з цементом, піском, маленькими камінцями і водою.'; reverse='concrete: building materials mixed with cement, sand, small stones, and water'; lexical=1.000; candidate_definition_similarity=0.907; reverse_definition_similarity=0.923; semantic=0.923; POS/language checks PASS.
ox5000-5bc4fd2b67e8c09eca85	confess	verb	B2	Зізнатися	verified	MANUAL_EMERGENCY_WORK_20260820_FIRST_PASS_V3_round01	MANUAL_EMERGENCY_WORK_20260820_SECOND_PASS_V3_round01	MANUAL_EMERGENCY_WORK V3 exact Oxford identity; source_index=1056; definition_path=/us/definition/english/confess; stable_id=PASS; exact_definition='to admit, especially formally or to the police, that you have done something wrong or illegal'; selected_candidate_method=Helsinki-NLP/opus-mt-en-uk_surface_candidate	PASS: source-grounded second pass; method=Helsinki-NLP/opus-mt-en-uk_surface_candidate; exact Oxford definition='to admit, especially formally or to the police, that you have done something wrong or illegal'; candidate='Зізнатися'; reverse='Confess'; lexical=1.000; candidate_definition_similarity=0.472; reverse_definition_similarity=0.433; semantic=0.472; POS/language checks PASS.
ox5000-0af7e2fe2fa36ccfdcac	conservation	noun	B2	Охорона природи (нуун): захист природного середовища.	verified	MANUAL_EMERGENCY_WORK_20260820_FIRST_PASS_V3_round01	MANUAL_EMERGENCY_WORK_20260820_SECOND_PASS_V3_round01	MANUAL_EMERGENCY_WORK V3 exact Oxford identity; source_index=1088; definition_path=/us/definition/english/conservation; stable_id=PASS; exact_definition='the protection of the natural environment'; selected_candidate_method=Helsinki-NLP/opus-mt-en-uk_contextual_definition_candidate	PASS: source-grounded second pass; method=Helsinki-NLP/opus-mt-en-uk_contextual_definition_candidate; exact Oxford definition='the protection of the natural environment'; candidate='Охорона природи (нуун): захист природного середовища.'; reverse='Conservation of nature (nuun): Protection of the environment.'; lexical=1.000; candidate_definition_similarity=0.927; reverse_definition_similarity=0.904; semantic=0.927; POS/language checks PASS.
ox5000-326407a82f0ca95e4a7e	considerably	adverb	B2	Значно ( прислівник): багато; багато	verified	MANUAL_EMERGENCY_WORK_20260820_FIRST_PASS_V3_round01	MANUAL_EMERGENCY_WORK_20260820_SECOND_PASS_V3_round01	MANUAL_EMERGENCY_WORK V3 exact Oxford identity; source_index=1094; definition_path=/us/definition/english/considerably; stable_id=PASS; exact_definition='much; a lot'; selected_candidate_method=Helsinki-NLP/opus-mt-en-uk_contextual_definition_candidate	PASS: source-grounded second pass; method=Helsinki-NLP/opus-mt-en-uk_contextual_definition_candidate; exact Oxford definition='much; a lot'; candidate='Значно ( прислівник): багато; багато'; reverse='Far (Adverb): many; many'; lexical=0.312; candidate_definition_similarity=0.866; reverse_definition_similarity=0.676; semantic=0.866; POS/language checks PASS.
ox5000-29eb47fd6a314aa1730d	consistently	adverb	B2	послідовно (клацання): завжди одне і те саме	verified	MANUAL_EMERGENCY_WORK_20260820_FIRST_PASS_V3_round01	MANUAL_EMERGENCY_WORK_20260820_SECOND_PASS_V3_round01	MANUAL_EMERGENCY_WORK V3 exact Oxford identity; source_index=1099; definition_path=/us/definition/english/consistently; stable_id=PASS; exact_definition='always the same'; selected_candidate_method=Helsinki-NLP/opus-mt-en-uk_contextual_definition_candidate	PASS: source-grounded second pass; method=Helsinki-NLP/opus-mt-en-uk_contextual_definition_candidate; exact Oxford definition='always the same'; candidate='послідовно (клацання): завжди одне і те саме'; reverse='consecutive (click) always the same'; lexical=0.356; candidate_definition_similarity=0.854; reverse_definition_similarity=0.558; semantic=0.854; POS/language checks PASS.
ox5000-b3dd4396526c004c1d2a	conspiracy	noun	B2	Змова (ніун): таємний план групи людей, щоб зробити щось шкідливе або незаконне	verified	MANUAL_EMERGENCY_WORK_20260820_FIRST_PASS_V3_round01	MANUAL_EMERGENCY_WORK_20260820_SECOND_PASS_V3_round01	MANUAL_EMERGENCY_WORK V3 exact Oxford identity; source_index=1101; definition_path=/us/definition/english/conspiracy; stable_id=PASS; exact_definition='a secret plan by a group of people to do something harmful or illegal'; selected_candidate_method=Helsinki-NLP/opus-mt-en-uk_contextual_definition_candidate	PASS: source-grounded second pass; method=Helsinki-NLP/opus-mt-en-uk_contextual_definition_candidate; exact Oxford definition='a secret plan by a group of people to do something harmful or illegal'; candidate='Змова (ніун): таємний план групи людей, щоб зробити щось шкідливе або незаконне'; reverse='Conspiracy (Nun): A secret group plan to do something harmful or illegal'; lexical=1.000; candidate_definition_similarity=0.908; reverse_definition_similarity=0.738; semantic=0.908; POS/language checks PASS.
ox5000-e55a43ce5b36ea4927c8	consultant	noun	B2	консультант (ніун): людина, яка багато знає про якусь конкретну тему і яку використовують, щоб давати про неї поради іншим людям.	verified	MANUAL_EMERGENCY_WORK_20260820_FIRST_PASS_V3_round01	MANUAL_EMERGENCY_WORK_20260820_SECOND_PASS_V3_round01	MANUAL_EMERGENCY_WORK V3 exact Oxford identity; source_index=1112; definition_path=/us/definition/english/consultant; stable_id=PASS; exact_definition='a person who knows a lot about a particular subject and is employed to give advice about it to other people'; selected_candidate_method=Helsinki-NLP/opus-mt-en-uk_contextual_definition_candidate	PASS: source-grounded second pass; method=Helsinki-NLP/opus-mt-en-uk_contextual_definition_candidate; exact Oxford definition='a person who knows a lot about a particular subject and is employed to give advice about it to other people'; candidate='консультант (ніун): людина, яка багато знає про якусь конкретну тему і яку використовують, щоб давати про неї поради іншим людям.'; reverse='consultant: a person who knows a lot about a particular subject and is used to give advice to other people.'; lexical=1.000; candidate_definition_similarity=0.814; reverse_definition_similarity=0.744; semantic=0.814; POS/language checks PASS.
ox5000-3c252e710be02044ad41	consumption	noun	B2	споживання (нун): дія з використання енергії, їжі або матеріалів; використана кількість	verified	MANUAL_EMERGENCY_WORK_20260820_FIRST_PASS_V3_round01	MANUAL_EMERGENCY_WORK_20260820_SECOND_PASS_V3_round01	MANUAL_EMERGENCY_WORK V3 exact Oxford identity; source_index=1116; definition_path=/us/definition/english/consumption; stable_id=PASS; exact_definition='the act of using energy, food or materials; the amount used'; selected_candidate_method=Helsinki-NLP/opus-mt-en-uk_contextual_definition_candidate	PASS: source-grounded second pass; method=Helsinki-NLP/opus-mt-en-uk_contextual_definition_candidate; exact Oxford definition='the act of using energy, food or materials; the amount used'; candidate='споживання (нун): дія з використання енергії, їжі або матеріалів; використана кількість'; reverse='consumption (nun): energy, food or materials used; quantity used'; lexical=1.000; candidate_definition_similarity=0.890; reverse_definition_similarity=0.830; semantic=0.890; POS/language checks PASS.
ox5000-82041bb10d995697e45c	controversial	adjective	B2	Суперечні (примітки): спричиняють багато гнівних публічних дискусій та незгод.	verified	MANUAL_EMERGENCY_WORK_20260820_FIRST_PASS_V3_round01	MANUAL_EMERGENCY_WORK_20260820_SECOND_PASS_V3_round01	MANUAL_EMERGENCY_WORK V3 exact Oxford identity; source_index=1149; definition_path=/us/definition/english/controversial; stable_id=PASS; exact_definition='causing a lot of angry public discussion and disagreement'; selected_candidate_method=Helsinki-NLP/opus-mt-en-uk_contextual_definition_candidate	PASS: source-grounded second pass; method=Helsinki-NLP/opus-mt-en-uk_contextual_definition_candidate; exact Oxford definition='causing a lot of angry public discussion and disagreement'; candidate='Суперечні (примітки): спричиняють багато гнівних публічних дискусій та незгод.'; reverse='Controversial (notes): Many angry public discussions and disagreements.'; lexical=1.000; candidate_definition_similarity=0.896; reverse_definition_similarity=0.880; semantic=0.896; POS/language checks PASS.
ox5000-e8a0747e227d712361ce	controversy	noun	B2	Суперечки (ніно): публічні дискусії і суперечки про те, про що багато людей сильно не погоджуються, думають, що це погано, або що їх шокує	verified	MANUAL_EMERGENCY_WORK_20260820_FIRST_PASS_V3_round01	MANUAL_EMERGENCY_WORK_20260820_SECOND_PASS_V3_round01	MANUAL_EMERGENCY_WORK V3 exact Oxford identity; source_index=1150; definition_path=/us/definition/english/controversy; stable_id=PASS; exact_definition='public discussion and argument about something that many people strongly disagree about, think is bad, or are shocked by'; selected_candidate_method=Helsinki-NLP/opus-mt-en-uk_contextual_definition_candidate	"PASS: source-grounded second pass; method=Helsinki-NLP/opus-mt-en-uk_contextual_definition_candidate; exact Oxford definition='public discussion and argument about something that many people strongly disagree about, think is bad, or are shocked by'; candidate='Суперечки (ніно): публічні дискусії і суперечки про те, про що багато людей сильно не погоджуються, думають, що це погано, або що їх шокує'; reverse=""Arguing: Public discussion and controversy about what many strongly disagree on, think it's bad, or what shocks them""; lexical=1.000; candidate_definition_similarity=0.926; reverse_definition_similarity=0.920; semantic=0.926; POS/language checks PASS."
ox5000-dec69195d3cbcb283102	convenience	noun	B2	зручності (нуун): якість зручності, легкості або підходящості для когось	verified	MANUAL_EMERGENCY_WORK_20260820_FIRST_PASS_V3_round01	MANUAL_EMERGENCY_WORK_20260820_SECOND_PASS_V3_round01	MANUAL_EMERGENCY_WORK V3 exact Oxford identity; source_index=1151; definition_path=/us/definition/english/convenience; stable_id=PASS; exact_definition='the quality of being useful, easy or suitable for somebody'; selected_candidate_method=Helsinki-NLP/opus-mt-en-uk_contextual_definition_candidate	PASS: source-grounded second pass; method=Helsinki-NLP/opus-mt-en-uk_contextual_definition_candidate; exact Oxford definition='the quality of being useful, easy or suitable for somebody'; candidate='зручності (нуун): якість зручності, легкості або підходящості для когось'; reverse='convenience (un): quality convenience, ease or availability for someone'; lexical=1.000; candidate_definition_similarity=0.769; reverse_definition_similarity=0.698; semantic=0.769; POS/language checks PASS.
ox5000-7a10e528e2e5ee26cb22	cope	verb	B2	подолати	verified	MANUAL_EMERGENCY_WORK_20260820_FIRST_PASS_V3_round01	MANUAL_EMERGENCY_WORK_20260820_SECOND_PASS_V3_round01	MANUAL_EMERGENCY_WORK V3 exact Oxford identity; source_index=1176; definition_path=/us/definition/english/cope_1; stable_id=PASS; exact_definition='to deal successfully with something difficult'; selected_candidate_method=Helsinki-NLP/opus-mt-en-uk_surface_candidate	PASS: source-grounded second pass; method=Helsinki-NLP/opus-mt-en-uk_surface_candidate; exact Oxford definition='to deal successfully with something difficult'; candidate='подолати'; reverse='overcome'; lexical=0.500; candidate_definition_similarity=0.475; reverse_definition_similarity=0.572; semantic=0.572; POS/language checks PASS.
ox5000-71efa31e1845bf3e367e	corporation	noun	B2	корпорація (ноун): велика комерційна компанія	verified	MANUAL_EMERGENCY_WORK_20260820_FIRST_PASS_V3_round01	MANUAL_EMERGENCY_WORK_20260820_SECOND_PASS_V3_round01	MANUAL_EMERGENCY_WORK V3 exact Oxford identity; source_index=1185; definition_path=/us/definition/english/corporation; stable_id=PASS; exact_definition='a large business company'; selected_candidate_method=Helsinki-NLP/opus-mt-en-uk_contextual_definition_candidate	PASS: source-grounded second pass; method=Helsinki-NLP/opus-mt-en-uk_contextual_definition_candidate; exact Oxford definition='a large business company'; candidate='корпорація (ноун): велика комерційна компанія'; reverse='Corporation (Noun): A large commercial company'; lexical=1.000; candidate_definition_similarity=0.881; reverse_definition_similarity=0.762; semantic=0.881; POS/language checks PASS.
ox5000-1c94148d8ef30f683882	corridor	noun	B2	коридор (нуун): довгий вузький прохід у будинку, з відчиненими дверима в кімнати по обидва боки.	verified	MANUAL_EMERGENCY_WORK_20260820_FIRST_PASS_V3_round01	MANUAL_EMERGENCY_WORK_20260820_SECOND_PASS_V3_round01	MANUAL_EMERGENCY_WORK V3 exact Oxford identity; source_index=1196; definition_path=/us/definition/english/corridor; stable_id=PASS; exact_definition='a long narrow passage in a building, with doors that open into rooms on either side'; selected_candidate_method=Helsinki-NLP/opus-mt-en-uk_contextual_definition_candidate	PASS: source-grounded second pass; method=Helsinki-NLP/opus-mt-en-uk_contextual_definition_candidate; exact Oxford definition='a long narrow passage in a building, with doors that open into rooms on either side'; candidate='коридор (нуун): довгий вузький прохід у будинку, з відчиненими дверима в кімнати по обидва боки.'; reverse='corridor (nuun): a long narrow passage into a house, with a door open on either side of the room.'; lexical=1.000; candidate_definition_similarity=0.897; reverse_definition_similarity=0.848; semantic=0.897; POS/language checks PASS.
ox5000-a5d502e140ed298b6b90	corrupt	adjective	C1	зіпсований (підприємець): готовий використовувати свою силу, щоб робити нечесні або незаконні речі взамін за гроші або щоб здобути перевагу	verified	MANUAL_EMERGENCY_WORK_20260820_FIRST_PASS_V3_round01	MANUAL_EMERGENCY_WORK_20260820_SECOND_PASS_V3_round01	MANUAL_EMERGENCY_WORK V3 exact Oxford identity; source_index=1197; definition_path=/us/definition/english/corrupt_1; stable_id=PASS; exact_definition='willing to use their power to do dishonest or illegal things in return for money or to get an advantage'; selected_candidate_method=Helsinki-NLP/opus-mt-en-uk_contextual_definition_candidate	PASS: source-grounded second pass; method=Helsinki-NLP/opus-mt-en-uk_contextual_definition_candidate; exact Oxford definition='willing to use their power to do dishonest or illegal things in return for money or to get an advantage'; candidate='зіпсований (підприємець): готовий використовувати свою силу, щоб робити нечесні або незаконні речі взамін за гроші або щоб здобути перевагу'; reverse='corrupted: ready to use your power to do dishonest or illegal things in exchange for money or to gain the advantage'; lexical=1.000; candidate_definition_similarity=0.757; reverse_definition_similarity=0.799; semantic=0.799; POS/language checks PASS.
ox5000-9ebdcc1221c51b64dc68	corruption	noun	C1	корупція (нун): нечесна або незаконна поведінка, особливо з боку людей, наділених владою.	verified	MANUAL_EMERGENCY_WORK_20260820_FIRST_PASS_V3_round01	MANUAL_EMERGENCY_WORK_20260820_SECOND_PASS_V3_round01	MANUAL_EMERGENCY_WORK V3 exact Oxford identity; source_index=1198; definition_path=/us/definition/english/corruption; stable_id=PASS; exact_definition='dishonest or illegal behaviour, especially of people in authority'; selected_candidate_method=Helsinki-NLP/opus-mt-en-uk_contextual_definition_candidate	PASS: source-grounded second pass; method=Helsinki-NLP/opus-mt-en-uk_contextual_definition_candidate; exact Oxford definition='dishonest or illegal behaviour, especially of people in authority'; candidate='корупція (нун): нечесна або незаконна поведінка, особливо з боку людей, наділених владою.'; reverse='Corruption (un): Dishonest or illegal behavior, especially on the part of those in authority.'; lexical=1.000; candidate_definition_similarity=0.662; reverse_definition_similarity=0.758; semantic=0.758; POS/language checks PASS.
ox5000-66fcf81c27cba109d948	counter	noun	B2	лічильник (нуун): довга плоска поверхня, на якій продаються товари або робляться товари в магазині, банку тощо.	verified	MANUAL_EMERGENCY_WORK_20260820_FIRST_PASS_V3_round01	MANUAL_EMERGENCY_WORK_20260820_SECOND_PASS_V3_round01	MANUAL_EMERGENCY_WORK V3 exact Oxford identity; source_index=1212; definition_path=/us/definition/english/counter_1; stable_id=PASS; exact_definition='a long flat surface over which goods are sold or business is done in a shop, bank, etc.'; selected_candidate_method=Helsinki-NLP/opus-mt-en-uk_contextual_definition_candidate	PASS: source-grounded second pass; method=Helsinki-NLP/opus-mt-en-uk_contextual_definition_candidate; exact Oxford definition='a long flat surface over which goods are sold or business is done in a shop, bank, etc.'; candidate='лічильник (нуун): довга плоска поверхня, на якій продаються товари або робляться товари в магазині, банку тощо.'; reverse='A counter (nuun): A long flat surface on which goods are sold or made in shops, banks, and so forth.'; lexical=1.000; candidate_definition_similarity=0.835; reverse_definition_similarity=0.858; semantic=0.858; POS/language checks PASS.
ox5000-7ab982c1e86cfa8707dd	coup	noun	C1	переворот (ноун): раптова зміна уряду, який є незаконним і часто насильним	verified	MANUAL_EMERGENCY_WORK_20260820_FIRST_PASS_V3_round01	MANUAL_EMERGENCY_WORK_20260820_SECOND_PASS_V3_round01	MANUAL_EMERGENCY_WORK V3 exact Oxford identity; source_index=1219; definition_path=/us/definition/english/coup; stable_id=PASS; exact_definition='a sudden change of government that is illegal and often violent'; selected_candidate_method=Helsinki-NLP/opus-mt-en-uk_contextual_definition_candidate	PASS: source-grounded second pass; method=Helsinki-NLP/opus-mt-en-uk_contextual_definition_candidate; exact Oxford definition='a sudden change of government that is illegal and often violent'; candidate='переворот (ноун): раптова зміна уряду, який є незаконним і часто насильним'; reverse='A coup (Noun): A sudden change in government, which is illegal and often violent'; lexical=1.000; candidate_definition_similarity=0.800; reverse_definition_similarity=0.810; semantic=0.810; POS/language checks PASS.
ox5000-55a15b7d5ef384c80100	coverage	noun	B2	покриття (ноун): повідомлення про новини і спорт у носіях	verified	MANUAL_EMERGENCY_WORK_20260820_FIRST_PASS_V3_round01	MANUAL_EMERGENCY_WORK_20260820_SECOND_PASS_V3_round01	MANUAL_EMERGENCY_WORK V3 exact Oxford identity; source_index=1228; definition_path=/us/definition/english/coverage; stable_id=PASS; exact_definition='the reporting of news and sport in the media'; selected_candidate_method=Helsinki-NLP/opus-mt-en-uk_contextual_definition_candidate	PASS: source-grounded second pass; method=Helsinki-NLP/opus-mt-en-uk_contextual_definition_candidate; exact Oxford definition='the reporting of news and sport in the media'; candidate='покриття (ноун): повідомлення про новини і спорт у носіях'; reverse='coverage (non): reports of news and media sports'; lexical=1.000; candidate_definition_similarity=0.788; reverse_definition_similarity=0.932; semantic=0.932; POS/language checks PASS.
ox5000-d1c900d343f498dba838	crack	noun	B2	тріщина (нуун): лінія на поверхні чогось, де він розбився, але не поділився на окремі частини	verified	MANUAL_EMERGENCY_WORK_20260820_FIRST_PASS_V3_round01	MANUAL_EMERGENCY_WORK_20260820_SECOND_PASS_V3_round01	MANUAL_EMERGENCY_WORK V3 exact Oxford identity; source_index=1231; definition_path=/us/definition/english/crack_2; stable_id=PASS; exact_definition='a line on the surface of something where it has broken but not split into separate parts'; selected_candidate_method=Helsinki-NLP/opus-mt-en-uk_contextual_definition_candidate	PASS: source-grounded second pass; method=Helsinki-NLP/opus-mt-en-uk_contextual_definition_candidate; exact Oxford definition='a line on the surface of something where it has broken but not split into separate parts'; candidate='тріщина (нуун): лінія на поверхні чогось, де він розбився, але не поділився на окремі частини'; reverse='crack (nuun): a line on the surface of something that crashed but did not split into individual parts'; lexical=1.000; candidate_definition_similarity=0.883; reverse_definition_similarity=0.715; semantic=0.883; POS/language checks PASS.
ox5000-b4e92bed580e34479f83	crack	verb	B2	тріщина (версія): розбивати без поділу на окремі частини; розбивати щось таким чином	verified	MANUAL_EMERGENCY_WORK_20260820_FIRST_PASS_V3_round01	MANUAL_EMERGENCY_WORK_20260820_SECOND_PASS_V3_round01	MANUAL_EMERGENCY_WORK V3 exact Oxford identity; source_index=1232; definition_path=/us/definition/english/crack_1; stable_id=PASS; exact_definition='to break without dividing into separate parts; to break something in this way'; selected_candidate_method=Helsinki-NLP/opus-mt-en-uk_contextual_definition_candidate	PASS: source-grounded second pass; method=Helsinki-NLP/opus-mt-en-uk_contextual_definition_candidate; exact Oxford definition='to break without dividing into separate parts; to break something in this way'; candidate='тріщина (версія): розбивати без поділу на окремі частини; розбивати щось таким чином'; reverse='crack (version): break without split into separate parts; break something like this'; lexical=1.000; candidate_definition_similarity=0.876; reverse_definition_similarity=0.718; semantic=0.876; POS/language checks PASS.
ox5000-95c41b3fd9cb792c67d3	creativity	noun	B2	креативність (нуун): використання вміння та уяви для створення чогось нового або створення мистецтва.	verified	MANUAL_EMERGENCY_WORK_20260820_FIRST_PASS_V3_round01	MANUAL_EMERGENCY_WORK_20260820_SECOND_PASS_V3_round01	MANUAL_EMERGENCY_WORK V3 exact Oxford identity; source_index=1244; definition_path=/us/definition/english/creativity; stable_id=PASS; exact_definition='the use of skill and imagination to produce something new or to produce art'; selected_candidate_method=Helsinki-NLP/opus-mt-en-uk_contextual_definition_candidate	PASS: source-grounded second pass; method=Helsinki-NLP/opus-mt-en-uk_contextual_definition_candidate; exact Oxford definition='the use of skill and imagination to produce something new or to produce art'; candidate='креативність (нуун): використання вміння та уяви для створення чогось нового або створення мистецтва.'; reverse='creativity (nuun): using skill and imagination to create something new or art.'; lexical=1.000; candidate_definition_similarity=0.874; reverse_definition_similarity=0.869; semantic=0.874; POS/language checks PASS.
ox5000-ce478e8e55423fc0eab3	critically	adverb	B2	Критично (версія): в такий спосіб, що говорить те, що ви думаєте погане про когось або щось	verified	MANUAL_EMERGENCY_WORK_20260820_FIRST_PASS_V3_round01	MANUAL_EMERGENCY_WORK_20260820_SECOND_PASS_V3_round01	MANUAL_EMERGENCY_WORK V3 exact Oxford identity; source_index=1260; definition_path=/us/definition/english/critically; stable_id=PASS; exact_definition='in a way that says what you think is bad about somebody/something'; selected_candidate_method=Helsinki-NLP/opus-mt-en-uk_contextual_definition_candidate	PASS: source-grounded second pass; method=Helsinki-NLP/opus-mt-en-uk_contextual_definition_candidate; exact Oxford definition='in a way that says what you think is bad about somebody/something'; candidate='Критично (версія): в такий спосіб, що говорить те, що ви думаєте погане про когось або щось'; reverse='Critically (version): In such a way as to say what you think is wrong about someone or something'; lexical=1.000; candidate_definition_similarity=0.826; reverse_definition_similarity=0.693; semantic=0.826; POS/language checks PASS.
ox5000-83013615bdf6bfabd81c	cruise	noun	B2	Круїз (нуун): подорож кораблем або човном, відвідуючи різні місця, особливо як свято.	verified	MANUAL_EMERGENCY_WORK_20260820_FIRST_PASS_V3_round01	MANUAL_EMERGENCY_WORK_20260820_SECOND_PASS_V3_round01	MANUAL_EMERGENCY_WORK V3 exact Oxford identity; source_index=1273; definition_path=/us/definition/english/cruise_1; stable_id=PASS; exact_definition='a journey by ship or boat, visiting different places, especially as a holiday'; selected_candidate_method=Helsinki-NLP/opus-mt-en-uk_contextual_definition_candidate	PASS: source-grounded second pass; method=Helsinki-NLP/opus-mt-en-uk_contextual_definition_candidate; exact Oxford definition='a journey by ship or boat, visiting different places, especially as a holiday'; candidate='Круїз (нуун): подорож кораблем або човном, відвідуючи різні місця, особливо як свято.'; reverse='Cruise (nuun): Travel by ship or boat, visiting various places, especially as a festival.'; lexical=1.000; candidate_definition_similarity=0.902; reverse_definition_similarity=0.648; semantic=0.902; POS/language checks PASS.
ox5000-bd34112b30a90cadea44	cult	adjective	C1	Культура (підприємець): дуже популярна у певній групі людей	verified	MANUAL_EMERGENCY_WORK_20260820_FIRST_PASS_V3_round01	MANUAL_EMERGENCY_WORK_20260820_SECOND_PASS_V3_round01	MANUAL_EMERGENCY_WORK V3 exact Oxford identity; source_index=1280; definition_path=/us/definition/english/cult_2; stable_id=PASS; exact_definition='very popular with a particular group of people'; selected_candidate_method=Helsinki-NLP/opus-mt-en-uk_contextual_definition_candidate	PASS: source-grounded second pass; method=Helsinki-NLP/opus-mt-en-uk_contextual_definition_candidate; exact Oxford definition='very popular with a particular group of people'; candidate='Культура (підприємець): дуже популярна у певній групі людей'; reverse='Culture: very popular in a group of people'; lexical=1.000; candidate_definition_similarity=0.602; reverse_definition_similarity=0.679; semantic=0.679; POS/language checks PASS.
ox5000-979c0fd9679daf0c797f	curious	adjective	B2	допитливий (підприємець): має сильне бажання знати про щось	verified	MANUAL_EMERGENCY_WORK_20260820_FIRST_PASS_V3_round01	MANUAL_EMERGENCY_WORK_20260820_SECOND_PASS_V3_round01	MANUAL_EMERGENCY_WORK V3 exact Oxford identity; source_index=1290; definition_path=/us/definition/english/curious; stable_id=PASS; exact_definition='having a strong desire to know about something'; selected_candidate_method=Helsinki-NLP/opus-mt-en-uk_contextual_definition_candidate	PASS: source-grounded second pass; method=Helsinki-NLP/opus-mt-en-uk_contextual_definition_candidate; exact Oxford definition='having a strong desire to know about something'; candidate='допитливий (підприємець): має сильне бажання знати про щось'; reverse='curious: has a strong desire to know something'; lexical=1.000; candidate_definition_similarity=0.800; reverse_definition_similarity=0.905; semantic=0.905; POS/language checks PASS.
ox5000-90712ba3e8da49f8900a	dairy	adjective	B2	моло́чний	verified	MANUAL_EMERGENCY_WORK_20260820_FIRST_PASS_V3_round01	MANUAL_EMERGENCY_WORK_20260820_SECOND_PASS_V3_round01	MANUAL_EMERGENCY_WORK V3 exact Oxford identity; source_index=1314; definition_path=/us/definition/english/dairy_2; stable_id=PASS; exact_definition='made from milk'; selected_candidate_method=en_wiktionary_matching_pos_uk_translation	PASS: source-grounded second pass; method=en_wiktionary_matching_pos_uk_translation; exact Oxford definition='made from milk'; candidate='моло́чний'; reverse='milky'; lexical=0.400; candidate_definition_similarity=0.759; reverse_definition_similarity=0.005; semantic=0.759; POS/language checks PASS.
ox5000-d88bfcbe9f4406457552	dairy	noun	B2	молочарство (нун): молоко, сир та інші молочні продукти.	verified	MANUAL_EMERGENCY_WORK_20260820_FIRST_PASS_V3_round01	MANUAL_EMERGENCY_WORK_20260820_SECOND_PASS_V3_round01	MANUAL_EMERGENCY_WORK V3 exact Oxford identity; source_index=1315; definition_path=/us/definition/english/dairy_1; stable_id=PASS; exact_definition='milk, cheese and other milk products'; selected_candidate_method=Helsinki-NLP/opus-mt-en-uk_contextual_definition_candidate	PASS: source-grounded second pass; method=Helsinki-NLP/opus-mt-en-uk_contextual_definition_candidate; exact Oxford definition='milk, cheese and other milk products'; candidate='молочарство (нун): молоко, сир та інші молочні продукти.'; reverse='milk: milk, cheese, and other dairy products'; lexical=1.000; candidate_definition_similarity=0.930; reverse_definition_similarity=0.970; semantic=0.970; POS/language checks PASS.
ox5000-e3068d3ca8d1e091b785	darkness	noun	B2	темрява (нуль): стан темряви, без світла	verified	MANUAL_EMERGENCY_WORK_20260820_FIRST_PASS_V3_round01	MANUAL_EMERGENCY_WORK_20260820_SECOND_PASS_V3_round01	MANUAL_EMERGENCY_WORK V3 exact Oxford identity; source_index=1329; definition_path=/us/definition/english/darkness; stable_id=PASS; exact_definition='the state of being dark, without any light'; selected_candidate_method=Helsinki-NLP/opus-mt-en-uk_contextual_definition_candidate	PASS: source-grounded second pass; method=Helsinki-NLP/opus-mt-en-uk_contextual_definition_candidate; exact Oxford definition='the state of being dark, without any light'; candidate='темрява (нуль): стан темряви, без світла'; reverse='darkness: a state of darkness, without light'; lexical=1.000; candidate_definition_similarity=0.871; reverse_definition_similarity=0.916; semantic=0.916; POS/language checks PASS.
ox5000-fc30e2bef2db8ea80919	database	noun	B2	база даних	verified	MANUAL_EMERGENCY_WORK_20260820_FIRST_PASS_V3_round01	MANUAL_EMERGENCY_WORK_20260820_SECOND_PASS_V3_round01	MANUAL_EMERGENCY_WORK V3 exact Oxford identity; source_index=1331; definition_path=/us/definition/english/database; stable_id=PASS; exact_definition='an organized set of data that is stored in a computer and can be looked at and used in various ways'; selected_candidate_method=Helsinki-NLP/opus-mt-en-uk_surface_candidate	PASS: source-grounded second pass; method=Helsinki-NLP/opus-mt-en-uk_surface_candidate; exact Oxford definition='an organized set of data that is stored in a computer and can be looked at and used in various ways'; candidate='база даних'; reverse='database'; lexical=1.000; candidate_definition_similarity=0.556; reverse_definition_similarity=0.536; semantic=0.556; POS/language checks PASS.
ox5000-9d962d3c830072d569ab	deadly	adjective	B2	смерте́льний	verified	MANUAL_EMERGENCY_WORK_20260820_FIRST_PASS_V3_round01	MANUAL_EMERGENCY_WORK_20260820_SECOND_PASS_V3_round01	MANUAL_EMERGENCY_WORK V3 exact Oxford identity; source_index=1339; definition_path=/us/definition/english/deadly_1; stable_id=PASS; exact_definition='causing or likely to cause death'; selected_candidate_method=en_wiktionary_matching_pos_uk_translation	PASS: source-grounded second pass; method=en_wiktionary_matching_pos_uk_translation; exact Oxford definition='causing or likely to cause death'; candidate='смерте́льний'; reverse='Mortal'; lexical=0.333; candidate_definition_similarity=0.638; reverse_definition_similarity=0.496; semantic=0.638; POS/language checks PASS.
ox5000-46328b590c1ec5303a0c	dealer	noun	B2	ди́лер	verified	MANUAL_EMERGENCY_WORK_20260820_FIRST_PASS_V3_round01	MANUAL_EMERGENCY_WORK_20260820_SECOND_PASS_V3_round01	MANUAL_EMERGENCY_WORK V3 exact Oxford identity; source_index=1342; definition_path=/us/definition/english/dealer; stable_id=PASS; exact_definition='a person whose business is buying and selling a particular product'; selected_candidate_method=en_wiktionary_matching_pos_uk_translation	PASS: source-grounded second pass; method=en_wiktionary_matching_pos_uk_translation; exact Oxford definition='a person whose business is buying and selling a particular product'; candidate='ди́лер'; reverse='dealer'; lexical=1.000; candidate_definition_similarity=0.283; reverse_definition_similarity=0.597; semantic=0.597; POS/language checks PASS.
ox5000-0c6fa7977832afceb6d7	deck	noun	B2	колода	verified	MANUAL_EMERGENCY_WORK_20260820_FIRST_PASS_V3_round01	MANUAL_EMERGENCY_WORK_20260820_SECOND_PASS_V3_round01	MANUAL_EMERGENCY_WORK V3 exact Oxford identity; source_index=1358; definition_path=/us/definition/english/deck_1; stable_id=PASS; exact_definition='the top outside floor of a ship or boat'; selected_candidate_method=Helsinki-NLP/opus-mt-en-uk_surface_candidate	PASS: source-grounded second pass; method=Helsinki-NLP/opus-mt-en-uk_surface_candidate; exact Oxford definition='the top outside floor of a ship or boat'; candidate='колода'; reverse='deck'; lexical=1.000; candidate_definition_similarity=0.400; reverse_definition_similarity=0.562; semantic=0.562; POS/language checks PASS.
ox5000-8de1d29a7d671e7035ab	defender	noun	B2	оборонець	verified	MANUAL_EMERGENCY_WORK_20260820_FIRST_PASS_V3_round01	MANUAL_EMERGENCY_WORK_20260820_SECOND_PASS_V3_round01	MANUAL_EMERGENCY_WORK V3 exact Oxford identity; source_index=1380; definition_path=/us/definition/english/defender; stable_id=PASS; exact_definition='a player who must stop the other team from scoring in games such as football (soccer), hockey, etc.'; selected_candidate_method=Helsinki-NLP/opus-mt-en-uk_surface_candidate	PASS: source-grounded second pass; method=Helsinki-NLP/opus-mt-en-uk_surface_candidate; exact Oxford definition='a player who must stop the other team from scoring in games such as football (soccer), hockey, etc.'; candidate='оборонець'; reverse='defender'; lexical=1.000; candidate_definition_similarity=0.398; reverse_definition_similarity=0.441; semantic=0.441; POS/language checks PASS.
ox5000-e841597e446a171297b2	delete	verb	B2	видалити	verified	MANUAL_EMERGENCY_WORK_20260820_FIRST_PASS_V3_round01	MANUAL_EMERGENCY_WORK_20260820_SECOND_PASS_V3_round01	MANUAL_EMERGENCY_WORK V3 exact Oxford identity; source_index=1394; definition_path=/us/definition/english/delete_1; stable_id=PASS; exact_definition='to remove something that has been written or printed, or that has been stored on a computer'; selected_candidate_method=en_wiktionary_matching_pos_uk_translation	PASS: source-grounded second pass; method=en_wiktionary_matching_pos_uk_translation; exact Oxford definition='to remove something that has been written or printed, or that has been stored on a computer'; candidate='видалити'; reverse='delete'; lexical=1.000; candidate_definition_similarity=0.533; reverse_definition_similarity=0.535; semantic=0.535; POS/language checks PASS.
ox5000-adf847cb368aff039402	democracy	noun	B2	демократія (нун): система уряду, в якій люди країни можуть голосувати, щоб вибрати своїх представників.	verified	MANUAL_EMERGENCY_WORK_20260820_FIRST_PASS_V3_round01	MANUAL_EMERGENCY_WORK_20260820_SECOND_PASS_V3_round01	MANUAL_EMERGENCY_WORK V3 exact Oxford identity; source_index=1406; definition_path=/us/definition/english/democracy; stable_id=PASS; exact_definition='a system of government in which the people of a country can vote to elect their representatives'; selected_candidate_method=Helsinki-NLP/opus-mt-en-uk_contextual_definition_candidate	PASS: source-grounded second pass; method=Helsinki-NLP/opus-mt-en-uk_contextual_definition_candidate; exact Oxford definition='a system of government in which the people of a country can vote to elect their representatives'; candidate='демократія (нун): система уряду, в якій люди країни можуть голосувати, щоб вибрати своїх представників.'; reverse='democracy (nun): A system of government in which peoples of countries can vote to select their representatives.'; lexical=1.000; candidate_definition_similarity=0.847; reverse_definition_similarity=0.827; semantic=0.847; POS/language checks PASS.
ox5000-df0c2f847440bde50b2f	democratic	adjective	B2	демократичний (підприємець): керований представниками, обраними людьми країни; пов' язаний з цією системою	verified	MANUAL_EMERGENCY_WORK_20260820_FIRST_PASS_V3_round01	MANUAL_EMERGENCY_WORK_20260820_SECOND_PASS_V3_round01	MANUAL_EMERGENCY_WORK V3 exact Oxford identity; source_index=1407; definition_path=/us/definition/english/democratic; stable_id=PASS; exact_definition='controlled by representatives who are elected by the people of a country; connected with this system'; selected_candidate_method=Helsinki-NLP/opus-mt-en-uk_contextual_definition_candidate	"PASS: source-grounded second pass; method=Helsinki-NLP/opus-mt-en-uk_contextual_definition_candidate; exact Oxford definition='controlled by representatives who are elected by the people of a country; connected with this system'; candidate=""демократичний (підприємець): керований представниками, обраними людьми країни; пов' язаний з цією системою""; reverse='democratic (entrepreneur): directed by representatives elected by the people of the country; associated with this system'; lexical=1.000; candidate_definition_similarity=0.812; reverse_definition_similarity=0.735; semantic=0.812; POS/language checks PASS."
ox5000-75f4e15f239ab6722fa1	demonstration	noun	B2	демонстрація	verified	MANUAL_EMERGENCY_WORK_20260820_FIRST_PASS_V3_round01	MANUAL_EMERGENCY_WORK_20260820_SECOND_PASS_V3_round01	MANUAL_EMERGENCY_WORK V3 exact Oxford identity; source_index=1410; definition_path=/us/definition/english/demonstration; stable_id=PASS; exact_definition='a public meeting or a march (= an organized walk by many people) at which people show that they are protesting against or supporting somebody/something'; selected_candidate_method=Helsinki-NLP/opus-mt-en-uk_surface_candidate	PASS: source-grounded second pass; method=Helsinki-NLP/opus-mt-en-uk_surface_candidate; exact Oxford definition='a public meeting or a march (= an organized walk by many people) at which people show that they are protesting against or supporting somebody/something'; candidate='демонстрація'; reverse='demo'; lexical=1.000; candidate_definition_similarity=0.704; reverse_definition_similarity=0.252; semantic=0.704; POS/language checks PASS.
ox5000-e32b57bb1abb824248d0	depart	verb	B2	відпра́витися	verified	MANUAL_EMERGENCY_WORK_20260820_FIRST_PASS_V3_round01	MANUAL_EMERGENCY_WORK_20260820_SECOND_PASS_V3_round01	MANUAL_EMERGENCY_WORK V3 exact Oxford identity; source_index=1417; definition_path=/us/definition/english/depart; stable_id=PASS; exact_definition='to leave a place, especially to start a trip'; selected_candidate_method=en_wiktionary_matching_pos_uk_translation	PASS: source-grounded second pass; method=en_wiktionary_matching_pos_uk_translation; exact Oxford definition='to leave a place, especially to start a trip'; candidate='відпра́витися'; reverse='clean up'; lexical=0.286; candidate_definition_similarity=0.381; reverse_definition_similarity=0.308; semantic=0.381; POS/language checks PASS.
ox5000-854fea13ca3a1e284c5e	dependent	adjective	B2	залежний (підприємець): потрібен хтось або щось для того, щоб вижити або бути успішним	verified	MANUAL_EMERGENCY_WORK_20260820_FIRST_PASS_V3_round01	MANUAL_EMERGENCY_WORK_20260820_SECOND_PASS_V3_round01	MANUAL_EMERGENCY_WORK V3 exact Oxford identity; source_index=1422; definition_path=/us/definition/english/dependent_1; stable_id=PASS; exact_definition='needing somebody/something in order to survive or be successful'; selected_candidate_method=Helsinki-NLP/opus-mt-en-uk_contextual_definition_candidate	PASS: source-grounded second pass; method=Helsinki-NLP/opus-mt-en-uk_contextual_definition_candidate; exact Oxford definition='needing somebody/something in order to survive or be successful'; candidate='залежний (підприємець): потрібен хтось або щось для того, щоб вижити або бути успішним'; reverse='dependent: needs someone or something to survive or succeed'; lexical=1.000; candidate_definition_similarity=0.854; reverse_definition_similarity=0.800; semantic=0.854; POS/language checks PASS.
ox5000-14bbb1e944709030158a	deposit	noun	B2	депозит	verified	MANUAL_EMERGENCY_WORK_20260820_FIRST_PASS_V3_round01	MANUAL_EMERGENCY_WORK_20260820_SECOND_PASS_V3_round01	MANUAL_EMERGENCY_WORK V3 exact Oxford identity; source_index=1426; definition_path=/us/definition/english/deposit_1; stable_id=PASS; exact_definition='a sum of money that is given as the first part of a larger payment'; selected_candidate_method=Helsinki-NLP/opus-mt-en-uk_surface_candidate	PASS: source-grounded second pass; method=Helsinki-NLP/opus-mt-en-uk_surface_candidate; exact Oxford definition='a sum of money that is given as the first part of a larger payment'; candidate='депозит'; reverse='deposit'; lexical=1.000; candidate_definition_similarity=0.550; reverse_definition_similarity=0.520; semantic=0.550; POS/language checks PASS.
ox5000-0e8d749dcccf250478e8	depression	noun	B2	Депресія (ноун): дуже сумний, стурбований, без надії й часто має такі фізичні симптоми, як неспроможність спати, і так далі.	verified	MANUAL_EMERGENCY_WORK_20260820_FIRST_PASS_V3_round01	MANUAL_EMERGENCY_WORK_20260820_SECOND_PASS_V3_round01	MANUAL_EMERGENCY_WORK V3 exact Oxford identity; source_index=1430; definition_path=/us/definition/english/depression; stable_id=PASS; exact_definition='a medical condition in which a person feels very sad, anxious and without hope and often has physical symptoms such as being unable to sleep, etc.'; selected_candidate_method=Helsinki-NLP/opus-mt-en-uk_contextual_definition_candidate	PASS: source-grounded second pass; method=Helsinki-NLP/opus-mt-en-uk_contextual_definition_candidate; exact Oxford definition='a medical condition in which a person feels very sad, anxious and without hope and often has physical symptoms such as being unable to sleep, etc.'; candidate='Депресія (ноун): дуже сумний, стурбований, без надії й часто має такі фізичні симптоми, як неспроможність спати, і так далі.'; reverse='Depression (North): Too sad, anxious, without hope, and often has such physical symptoms as inability to sleep, and so forth.'; lexical=1.000; candidate_definition_similarity=0.767; reverse_definition_similarity=0.683; semantic=0.767; POS/language checks PASS.
ox5000-d2c5893907a6fb9d1136	desperately	adverb	B2	відчайдушно	verified	MANUAL_EMERGENCY_WORK_20260820_FIRST_PASS_V3_round01	MANUAL_EMERGENCY_WORK_20260820_SECOND_PASS_V3_round01	MANUAL_EMERGENCY_WORK V3 exact Oxford identity; source_index=1452; definition_path=/us/definition/english/desperately; stable_id=PASS; exact_definition='in a way that shows you have little hope and are ready to do anything without worrying about danger to yourself or others'; selected_candidate_method=Helsinki-NLP/opus-mt-en-uk_surface_candidate	PASS: source-grounded second pass; method=Helsinki-NLP/opus-mt-en-uk_surface_candidate; exact Oxford definition='in a way that shows you have little hope and are ready to do anything without worrying about danger to yourself or others'; candidate='відчайдушно'; reverse='desperate.'; lexical=1.000; candidate_definition_similarity=0.383; reverse_definition_similarity=0.272; semantic=0.383; POS/language checks PASS.
ox5000-850f52e28a1e074a2e01	destruction	noun	B2	знищення (ніун): знищення чогось; процес знищення	verified	MANUAL_EMERGENCY_WORK_20260820_FIRST_PASS_V3_round01	MANUAL_EMERGENCY_WORK_20260820_SECOND_PASS_V3_round01	MANUAL_EMERGENCY_WORK V3 exact Oxford identity; source_index=1456; definition_path=/us/definition/english/destruction; stable_id=PASS; exact_definition='the act of destroying something; the process of being destroyed'; selected_candidate_method=Helsinki-NLP/opus-mt-en-uk_contextual_definition_candidate	PASS: source-grounded second pass; method=Helsinki-NLP/opus-mt-en-uk_contextual_definition_candidate; exact Oxford definition='the act of destroying something; the process of being destroyed'; candidate='знищення (ніун): знищення чогось; процес знищення'; reverse='destruction (Neun): destruction of something; destruction process'; lexical=1.000; candidate_definition_similarity=0.864; reverse_definition_similarity=0.867; semantic=0.867; POS/language checks PASS.
ox5000-20aefe39996728251d78	differ	verb	B2	відрізняється (версія): бути відмінним від когось або чогось	verified	MANUAL_EMERGENCY_WORK_20260820_FIRST_PASS_V3_round01	MANUAL_EMERGENCY_WORK_20260820_SECOND_PASS_V3_round01	MANUAL_EMERGENCY_WORK V3 exact Oxford identity; source_index=1488; definition_path=/us/definition/english/differ; stable_id=PASS; exact_definition='to be different from somebody/something'; selected_candidate_method=Helsinki-NLP/opus-mt-en-uk_contextual_definition_candidate	PASS: source-grounded second pass; method=Helsinki-NLP/opus-mt-en-uk_contextual_definition_candidate; exact Oxford definition='to be different from somebody/something'; candidate='відрізняється (версія): бути відмінним від когось або чогось'; reverse='different (version): be different from someone or something'; lexical=1.000; candidate_definition_similarity=0.856; reverse_definition_similarity=0.797; semantic=0.856; POS/language checks PASS.
ox5000-80fd9e80dfc8af738c00	disability	noun	B2	непрацездатність (ноун): фізичний або психічний стан, через який комусь важко робити те, що може робити більшість інших людей.	verified	MANUAL_EMERGENCY_WORK_20260820_FIRST_PASS_V3_round01	MANUAL_EMERGENCY_WORK_20260820_SECOND_PASS_V3_round01	MANUAL_EMERGENCY_WORK V3 exact Oxford identity; source_index=1514; definition_path=/us/definition/english/disability; stable_id=PASS; exact_definition='a physical or mental condition that makes it difficult for somebody to do some things that most other people can do'; selected_candidate_method=Helsinki-NLP/opus-mt-en-uk_contextual_definition_candidate	PASS: source-grounded second pass; method=Helsinki-NLP/opus-mt-en-uk_contextual_definition_candidate; exact Oxford definition='a physical or mental condition that makes it difficult for somebody to do some things that most other people can do'; candidate='непрацездатність (ноун): фізичний або психічний стан, через який комусь важко робити те, що може робити більшість інших людей.'; reverse='disability: physical or mental health problems that make it difficult for a person to do what most others may be able to do.'; lexical=1.000; candidate_definition_similarity=0.798; reverse_definition_similarity=0.762; semantic=0.798; POS/language checks PASS.
ox5000-dc02fc8291ad0b3d636e	disabled	adjective	B2	вимкнено (підприємець): у вас є стан, який ускладнює роботу більшості людей.	verified	MANUAL_EMERGENCY_WORK_20260820_FIRST_PASS_V3_round01	MANUAL_EMERGENCY_WORK_20260820_SECOND_PASS_V3_round01	MANUAL_EMERGENCY_WORK V3 exact Oxford identity; source_index=1515; definition_path=/us/definition/english/disabled; stable_id=PASS; exact_definition='having a condition that makes it difficult for you to do some things that most other people can do'; selected_candidate_method=Helsinki-NLP/opus-mt-en-uk_contextual_definition_candidate	PASS: source-grounded second pass; method=Helsinki-NLP/opus-mt-en-uk_contextual_definition_candidate; exact Oxford definition='having a condition that makes it difficult for you to do some things that most other people can do'; candidate='вимкнено (підприємець): у вас є стан, який ускладнює роботу більшості людей.'; reverse='disabled (entrepreneur): You have a state that makes most people work more difficult.'; lexical=1.000; candidate_definition_similarity=0.691; reverse_definition_similarity=0.577; semantic=0.691; POS/language checks PASS.
ox5000-7cd186c49026db39bc01	disappoint	verb	B2	розчаро́вувати	verified	MANUAL_EMERGENCY_WORK_20260820_FIRST_PASS_V3_round01	MANUAL_EMERGENCY_WORK_20260820_SECOND_PASS_V3_round01	MANUAL_EMERGENCY_WORK V3 exact Oxford identity; source_index=1520; definition_path=/us/definition/english/disappoint; stable_id=PASS; exact_definition='to make somebody feel sad because something that they hope for or expect to happen does not happen or is not as good as they hoped'; selected_candidate_method=en_wiktionary_matching_pos_uk_translation	PASS: source-grounded second pass; method=en_wiktionary_matching_pos_uk_translation; exact Oxford definition='to make somebody feel sad because something that they hope for or expect to happen does not happen or is not as good as they hoped'; candidate='розчаро́вувати'; reverse='Disillusionment'; lexical=0.480; candidate_definition_similarity=0.514; reverse_definition_similarity=0.487; semantic=0.514; POS/language checks PASS.
ox5000-870e1a0c943fb0418b9d	disappointment	noun	B2	розчарування	verified	MANUAL_EMERGENCY_WORK_20260820_FIRST_PASS_V3_round01	MANUAL_EMERGENCY_WORK_20260820_SECOND_PASS_V3_round01	MANUAL_EMERGENCY_WORK V3 exact Oxford identity; source_index=1523; definition_path=/us/definition/english/disappointment; stable_id=PASS; exact_definition='the feeling of being sad because something has not happened or been as good, successful, etc. as you expected or hoped'; selected_candidate_method=Helsinki-NLP/opus-mt-en-uk_surface_candidate	PASS: source-grounded second pass; method=Helsinki-NLP/opus-mt-en-uk_surface_candidate; exact Oxford definition='the feeling of being sad because something has not happened or been as good, successful, etc. as you expected or hoped'; candidate='розчарування'; reverse='disappointment'; lexical=1.000; candidate_definition_similarity=0.584; reverse_definition_similarity=0.554; semantic=0.584; POS/language checks PASS.
ox5000-d779cdf09bbb40a923d2	disorder	noun	B2	розлад (нун): стан або хвороба, яка спричиняє проблеми з частиною тіла або мозку.	verified	MANUAL_EMERGENCY_WORK_20260820_FIRST_PASS_V3_round01	MANUAL_EMERGENCY_WORK_20260820_SECOND_PASS_V3_round01	MANUAL_EMERGENCY_WORK V3 exact Oxford identity; source_index=1550; definition_path=/us/definition/english/disorder; stable_id=PASS; exact_definition='a condition or illness that causes problems with the way part of the body or brain works'; selected_candidate_method=Helsinki-NLP/opus-mt-en-uk_contextual_definition_candidate	PASS: source-grounded second pass; method=Helsinki-NLP/opus-mt-en-uk_contextual_definition_candidate; exact Oxford definition='a condition or illness that causes problems with the way part of the body or brain works'; candidate='розлад (нун): стан або хвороба, яка спричиняє проблеми з частиною тіла або мозку.'; reverse='disorder (nun): A condition or disease that causes problems with a part of the body or brain.'; lexical=1.000; candidate_definition_similarity=0.835; reverse_definition_similarity=0.742; semantic=0.835; POS/language checks PASS.
ox5000-a0c4ad550df69bfe8740	distinguish	verb	B2	розрізня́ти	verified	MANUAL_EMERGENCY_WORK_20260820_FIRST_PASS_V3_round01	MANUAL_EMERGENCY_WORK_20260820_SECOND_PASS_V3_round01	MANUAL_EMERGENCY_WORK V3 exact Oxford identity; source_index=1566; definition_path=/us/definition/english/distinguish; stable_id=PASS; exact_definition='to recognize the difference between two people or things'; selected_candidate_method=en_wiktionary_matching_pos_uk_translation	PASS: source-grounded second pass; method=en_wiktionary_matching_pos_uk_translation; exact Oxford definition='to recognize the difference between two people or things'; candidate='розрізня́ти'; reverse='distinguishing'; lexical=1.000; candidate_definition_similarity=0.552; reverse_definition_similarity=0.603; semantic=0.603; POS/language checks PASS.
ox5000-d06af1a8a59f85351d09	distract	verb	B2	відволікати	verified	MANUAL_EMERGENCY_WORK_20260820_FIRST_PASS_V3_round01	MANUAL_EMERGENCY_WORK_20260820_SECOND_PASS_V3_round01	MANUAL_EMERGENCY_WORK V3 exact Oxford identity; source_index=1568; definition_path=/us/definition/english/distract; stable_id=PASS; exact_definition='to take somebody’s attention away from what they are trying to do'; selected_candidate_method=en_wiktionary_matching_pos_uk_translation	PASS: source-grounded second pass; method=en_wiktionary_matching_pos_uk_translation; exact Oxford definition='to take somebody’s attention away from what they are trying to do'; candidate='відволікати'; reverse='distract'; lexical=1.000; candidate_definition_similarity=0.424; reverse_definition_similarity=0.515; semantic=0.515; POS/language checks PASS.
ox5000-4d721e65830d97429964	disturb	verb	B2	турбувати (клацання): перервати роботу, сон тощо.	verified	MANUAL_EMERGENCY_WORK_20260820_FIRST_PASS_V3_round01	MANUAL_EMERGENCY_WORK_20260820_SECOND_PASS_V3_round01	MANUAL_EMERGENCY_WORK V3 exact Oxford identity; source_index=1574; definition_path=/us/definition/english/disturb; stable_id=PASS; exact_definition='to interrupt somebody when they are trying to work, sleep, etc.'; selected_candidate_method=Helsinki-NLP/opus-mt-en-uk_contextual_definition_candidate	PASS: source-grounded second pass; method=Helsinki-NLP/opus-mt-en-uk_contextual_definition_candidate; exact Oxford definition='to interrupt somebody when they are trying to work, sleep, etc.'; candidate='турбувати (клацання): перервати роботу, сон тощо.'; reverse='disturb (click): abort work, sleep, etc.'; lexical=1.000; candidate_definition_similarity=0.699; reverse_definition_similarity=0.625; semantic=0.699; POS/language checks PASS.
ox5000-ed14861541109f849043	dive	noun	B2	пірнання	verified	MANUAL_EMERGENCY_WORK_20260820_FIRST_PASS_V3_round01	MANUAL_EMERGENCY_WORK_20260820_SECOND_PASS_V3_round01	MANUAL_EMERGENCY_WORK V3 exact Oxford identity; source_index=1576; definition_path=/us/definition/english/dive_2; stable_id=PASS; exact_definition='a jump into deep water with your head first and your arms in front of you'; selected_candidate_method=Helsinki-NLP/opus-mt-en-uk_surface_candidate	PASS: source-grounded second pass; method=Helsinki-NLP/opus-mt-en-uk_surface_candidate; exact Oxford definition='a jump into deep water with your head first and your arms in front of you'; candidate='пірнання'; reverse='dive'; lexical=1.000; candidate_definition_similarity=0.295; reverse_definition_similarity=0.650; semantic=0.650; POS/language checks PASS.
ox5000-75ddd65afc704f846e0d	diverse	adjective	B2	різноманітне	verified	MANUAL_EMERGENCY_WORK_20260820_FIRST_PASS_V3_round01	MANUAL_EMERGENCY_WORK_20260820_SECOND_PASS_V3_round01	MANUAL_EMERGENCY_WORK V3 exact Oxford identity; source_index=1578; definition_path=/us/definition/english/diverse; stable_id=PASS; exact_definition='very different from each other and of various kinds'; selected_candidate_method=Helsinki-NLP/opus-mt-en-uk_surface_candidate	PASS: source-grounded second pass; method=Helsinki-NLP/opus-mt-en-uk_surface_candidate; exact Oxford definition='very different from each other and of various kinds'; candidate='різноманітне'; reverse='various'; lexical=0.286; candidate_definition_similarity=0.542; reverse_definition_similarity=0.471; semantic=0.542; POS/language checks PASS.
ox5000-78eb3d58aa21dba7fa05	divorce	noun	B2	розлучення (ноун): законне закінчення шлюбу	verified	MANUAL_EMERGENCY_WORK_20260820_FIRST_PASS_V3_round01	MANUAL_EMERGENCY_WORK_20260820_SECOND_PASS_V3_round01	MANUAL_EMERGENCY_WORK V3 exact Oxford identity; source_index=1585; definition_path=/us/definition/english/divorce_1; stable_id=PASS; exact_definition='the legal ending of a marriage'; selected_candidate_method=Helsinki-NLP/opus-mt-en-uk_contextual_definition_candidate	PASS: source-grounded second pass; method=Helsinki-NLP/opus-mt-en-uk_contextual_definition_candidate; exact Oxford definition='the legal ending of a marriage'; candidate='розлучення (ноун): законне закінчення шлюбу'; reverse='divorce (none): A legal end to marriage'; lexical=1.000; candidate_definition_similarity=0.860; reverse_definition_similarity=0.816; semantic=0.860; POS/language checks PASS.
ox5000-b660b49beb0bdf43c376	divorce	verb	B2	розлуча́тися	verified	MANUAL_EMERGENCY_WORK_20260820_FIRST_PASS_V3_round01	MANUAL_EMERGENCY_WORK_20260820_SECOND_PASS_V3_round01	MANUAL_EMERGENCY_WORK V3 exact Oxford identity; source_index=1586; definition_path=/us/definition/english/divorce_2; stable_id=PASS; exact_definition='to end your marriage to somebody legally'; selected_candidate_method=en_wiktionary_matching_pos_uk_translation	PASS: source-grounded second pass; method=en_wiktionary_matching_pos_uk_translation; exact Oxford definition='to end your marriage to somebody legally'; candidate='розлуча́тися'; reverse='Divorce'; lexical=1.000; candidate_definition_similarity=0.592; reverse_definition_similarity=0.550; semantic=0.592; POS/language checks PASS.
ox5000-55e604d6e26994b92541	dominant	adjective	B2	домінантний (підприємець): важливіший, потужніший або простий для позначення, ніж інші речі	verified	MANUAL_EMERGENCY_WORK_20260820_FIRST_PASS_V3_round01	MANUAL_EMERGENCY_WORK_20260820_SECOND_PASS_V3_round01	MANUAL_EMERGENCY_WORK V3 exact Oxford identity; source_index=1601; definition_path=/us/definition/english/dominant; stable_id=PASS; exact_definition='more important, powerful or easy to notice than other things'; selected_candidate_method=Helsinki-NLP/opus-mt-en-uk_contextual_definition_candidate	PASS: source-grounded second pass; method=Helsinki-NLP/opus-mt-en-uk_contextual_definition_candidate; exact Oxford definition='more important, powerful or easy to notice than other things'; candidate='домінантний (підприємець): важливіший, потужніший або простий для позначення, ніж інші речі'; reverse='dominant: more important, more powerful or simple to be marked than other things'; lexical=1.000; candidate_definition_similarity=0.738; reverse_definition_similarity=0.684; semantic=0.738; POS/language checks PASS.
ox5000-33b32b3d1d0304f7c6cf	donation	noun	B2	Пожертва	verified	MANUAL_EMERGENCY_WORK_20260820_FIRST_PASS_V3_round01	MANUAL_EMERGENCY_WORK_20260820_SECOND_PASS_V3_round01	MANUAL_EMERGENCY_WORK V3 exact Oxford identity; source_index=1604; definition_path=/us/definition/english/donation; stable_id=PASS; exact_definition='something that is given to a person or an organization such as a charity, in order to help them; the act of giving something in this way'; selected_candidate_method=Helsinki-NLP/opus-mt-en-uk_surface_candidate	PASS: source-grounded second pass; method=Helsinki-NLP/opus-mt-en-uk_surface_candidate; exact Oxford definition='something that is given to a person or an organization such as a charity, in order to help them; the act of giving something in this way'; candidate='Пожертва'; reverse='Donations'; lexical=1.000; candidate_definition_similarity=0.662; reverse_definition_similarity=0.641; semantic=0.662; POS/language checks PASS.
ox5000-d5832386f841cb656fdd	dot	noun	B2	дот	verified	MANUAL_EMERGENCY_WORK_20260820_FIRST_PASS_V3_round01	MANUAL_EMERGENCY_WORK_20260820_SECOND_PASS_V3_round01	MANUAL_EMERGENCY_WORK V3 exact Oxford identity; source_index=1608; definition_path=/us/definition/english/dot_1; stable_id=PASS; exact_definition='a small round mark, especially one that is printed'; selected_candidate_method=en_wiktionary_matching_pos_uk_translation	PASS: source-grounded second pass; method=en_wiktionary_matching_pos_uk_translation; exact Oxford definition='a small round mark, especially one that is printed'; candidate='дот'; reverse='tot'; lexical=0.667; candidate_definition_similarity=0.501; reverse_definition_similarity=0.278; semantic=0.501; POS/language checks PASS.
ox5000-b43793232b19c48ccb87	downtown	adverb	B2	В центрі міста або в центрі, особливо в його головній діловій зоні.	verified	MANUAL_EMERGENCY_WORK_20260820_FIRST_PASS_V3_round01	MANUAL_EMERGENCY_WORK_20260820_SECOND_PASS_V3_round01	MANUAL_EMERGENCY_WORK V3 exact Oxford identity; source_index=1623; definition_path=/us/definition/english/downtown_1; stable_id=PASS; exact_definition='in or towards the centre of a city, especially its main business area'; selected_candidate_method=Helsinki-NLP/opus-mt-en-uk_contextual_definition_candidate	PASS: source-grounded second pass; method=Helsinki-NLP/opus-mt-en-uk_contextual_definition_candidate; exact Oxford definition='in or towards the centre of a city, especially its main business area'; candidate='В центрі міста або в центрі, особливо в його головній діловій зоні.'; reverse='In the middle of the city or downtown, especially in its main business zone.'; lexical=1.000; candidate_definition_similarity=0.917; reverse_definition_similarity=0.860; semantic=0.917; POS/language checks PASS.
ox5000-ec48035f7d2c76a494d0	downtown	noun	B2	центр	verified	MANUAL_EMERGENCY_WORK_20260820_FIRST_PASS_V3_round01	MANUAL_EMERGENCY_WORK_20260820_SECOND_PASS_V3_round01	MANUAL_EMERGENCY_WORK V3 exact Oxford identity; source_index=1624; definition_path=/us/definition/english/downtown_3; stable_id=PASS; exact_definition='the centre of a city, especially its main business area'; selected_candidate_method=Helsinki-NLP/opus-mt-en-uk_surface_candidate	PASS: source-grounded second pass; method=Helsinki-NLP/opus-mt-en-uk_surface_candidate; exact Oxford definition='the centre of a city, especially its main business area'; candidate='центр'; reverse='center'; lexical=0.286; candidate_definition_similarity=0.474; reverse_definition_similarity=0.522; semantic=0.522; POS/language checks PASS.
ox5000-3f076cc2e24ceeab0e19	dramatically	adverb	B2	драматично	verified	MANUAL_EMERGENCY_WORK_20260820_FIRST_PASS_V3_round01	MANUAL_EMERGENCY_WORK_20260820_SECOND_PASS_V3_round01	MANUAL_EMERGENCY_WORK V3 exact Oxford identity; source_index=1634; definition_path=/us/definition/english/dramatically; stable_id=PASS; exact_definition='very suddenly and to a very great and often surprising degree'; selected_candidate_method=Helsinki-NLP/opus-mt-en-uk_surface_candidate	PASS: source-grounded second pass; method=Helsinki-NLP/opus-mt-en-uk_surface_candidate; exact Oxford definition='very suddenly and to a very great and often surprising degree'; candidate='драматично'; reverse='dramatic'; lexical=1.000; candidate_definition_similarity=0.562; reverse_definition_similarity=0.498; semantic=0.562; POS/language checks PASS.
ox5000-28fce2fd6625072758dd	drought	noun	B2	за́суха	verified	MANUAL_EMERGENCY_WORK_20260820_FIRST_PASS_V3_round01	MANUAL_EMERGENCY_WORK_20260820_SECOND_PASS_V3_round01	MANUAL_EMERGENCY_WORK V3 exact Oxford identity; source_index=1652; definition_path=/us/definition/english/drought; stable_id=PASS; exact_definition='a long period of time when there is little or no rain'; selected_candidate_method=en_wiktionary_matching_pos_uk_translation	PASS: source-grounded second pass; method=en_wiktionary_matching_pos_uk_translation; exact Oxford definition='a long period of time when there is little or no rain'; candidate='за́суха'; reverse='Drought'; lexical=1.000; candidate_definition_similarity=0.528; reverse_definition_similarity=0.428; semantic=0.528; POS/language checks PASS.
ox5000-7f327ac67d3382af1f36	duration	noun	B2	тривалість (нуль): тривалість часу, протягом якого щось триває або продовжується	verified	MANUAL_EMERGENCY_WORK_20260820_FIRST_PASS_V3_round01	MANUAL_EMERGENCY_WORK_20260820_SECOND_PASS_V3_round01	MANUAL_EMERGENCY_WORK V3 exact Oxford identity; source_index=1666; definition_path=/us/definition/english/duration; stable_id=PASS; exact_definition='the length of time that something lasts or continues'; selected_candidate_method=Helsinki-NLP/opus-mt-en-uk_contextual_definition_candidate	PASS: source-grounded second pass; method=Helsinki-NLP/opus-mt-en-uk_contextual_definition_candidate; exact Oxford definition='the length of time that something lasts or continues'; candidate='тривалість (нуль): тривалість часу, протягом якого щось триває або продовжується'; reverse='duration (zero): the duration of the time that something lasts or continues'; lexical=1.000; candidate_definition_similarity=0.821; reverse_definition_similarity=0.856; semantic=0.856; POS/language checks PASS.
ox5000-ef71bf152c656a55a7d0	dynamic	adjective	B2	динамічний (підприємець): має багато енергії та сильної особистості.	verified	MANUAL_EMERGENCY_WORK_20260820_FIRST_PASS_V3_round01	MANUAL_EMERGENCY_WORK_20260820_SECOND_PASS_V3_round01	MANUAL_EMERGENCY_WORK V3 exact Oxford identity; source_index=1671; definition_path=/us/definition/english/dynamic_1; stable_id=PASS; exact_definition='having a lot of energy and a strong personality'; selected_candidate_method=Helsinki-NLP/opus-mt-en-uk_contextual_definition_candidate	PASS: source-grounded second pass; method=Helsinki-NLP/opus-mt-en-uk_contextual_definition_candidate; exact Oxford definition='having a lot of energy and a strong personality'; candidate='динамічний (підприємець): має багато енергії та сильної особистості.'; reverse='dynamic (entrepreneur) has a lot of energy and strength.'; lexical=1.000; candidate_definition_similarity=0.720; reverse_definition_similarity=0.574; semantic=0.720; POS/language checks PASS.
ox5000-ca7f9728fd25d9f579b4	economics	noun	B2	Економіка (нун): вивчення того, як суспільство організовує свої гроші, торгівлю та промисловість.	verified	MANUAL_EMERGENCY_WORK_20260820_FIRST_PASS_V3_round01	MANUAL_EMERGENCY_WORK_20260820_SECOND_PASS_V3_round01	MANUAL_EMERGENCY_WORK V3 exact Oxford identity; source_index=1697; definition_path=/us/definition/english/economics; stable_id=PASS; exact_definition='the study of how a society organizes its money, trade and industry'; selected_candidate_method=Helsinki-NLP/opus-mt-en-uk_contextual_definition_candidate	PASS: source-grounded second pass; method=Helsinki-NLP/opus-mt-en-uk_contextual_definition_candidate; exact Oxford definition='the study of how a society organizes its money, trade and industry'; candidate='Економіка (нун): вивчення того, як суспільство організовує свої гроші, торгівлю та промисловість.'; reverse='Economics: A study of how society organizes its money, trade, and industry'; lexical=1.000; candidate_definition_similarity=0.902; reverse_definition_similarity=0.945; semantic=0.945; POS/language checks PASS.
ox5000-fbacc78ff91e8803a76c	economist	noun	B2	економіст (нуун): людина, яка вивчає або пише про економіку	verified	MANUAL_EMERGENCY_WORK_20260820_FIRST_PASS_V3_round01	MANUAL_EMERGENCY_WORK_20260820_SECOND_PASS_V3_round01	MANUAL_EMERGENCY_WORK V3 exact Oxford identity; source_index=1698; definition_path=/us/definition/english/economist; stable_id=PASS; exact_definition='a person who studies or writes about economics'; selected_candidate_method=Helsinki-NLP/opus-mt-en-uk_contextual_definition_candidate	"PASS: source-grounded second pass; method=Helsinki-NLP/opus-mt-en-uk_contextual_definition_candidate; exact Oxford definition='a person who studies or writes about economics'; candidate='економіст (нуун): людина, яка вивчає або пише про економіку'; reverse=""An economist: someone who's studying or writing about the economy""; lexical=1.000; candidate_definition_similarity=0.912; reverse_definition_similarity=0.894; semantic=0.912; POS/language checks PASS."
ox5000-0dffd09878151b2d113b	editorial	adjective	B2	Редакторська (підприємець): пов'язана з завданням підготувати щось на зразок газети, книжки, телебачення чи радіопрограми, щоб її публікували або транслювали.	verified	MANUAL_EMERGENCY_WORK_20260820_FIRST_PASS_V3_round01	MANUAL_EMERGENCY_WORK_20260820_SECOND_PASS_V3_round01	MANUAL_EMERGENCY_WORK V3 exact Oxford identity; source_index=1704; definition_path=/us/definition/english/editorial_1; stable_id=PASS; exact_definition='connected with the task of preparing something such as a newspaper, a book or a television or radio programme, to be published or broadcast'; selected_candidate_method=Helsinki-NLP/opus-mt-en-uk_contextual_definition_candidate	"PASS: source-grounded second pass; method=Helsinki-NLP/opus-mt-en-uk_contextual_definition_candidate; exact Oxford definition='connected with the task of preparing something such as a newspaper, a book or a television or radio programme, to be published or broadcast'; candidate=""Редакторська (підприємець): пов'язана з завданням підготувати щось на зразок газети, книжки, телебачення чи радіопрограми, щоб її публікували або транслювали.""; reverse='Editorial: The task of preparing something like newspapers, books, television, or radio programs to publish or broadcast.'; lexical=1.000; candidate_definition_similarity=0.827; reverse_definition_similarity=0.880; semantic=0.880; POS/language checks PASS."
ox5000-0f9b904543c55dfc5a83	efficiently	adverb	B2	ефективно	verified	MANUAL_EMERGENCY_WORK_20260820_FIRST_PASS_V3_round01	MANUAL_EMERGENCY_WORK_20260820_SECOND_PASS_V3_round01	MANUAL_EMERGENCY_WORK V3 exact Oxford identity; source_index=1716; definition_path=/us/definition/english/efficiently; stable_id=PASS; exact_definition='in a good and careful way, with no waste of time, money or energy'; selected_candidate_method=Helsinki-NLP/opus-mt-en-uk_surface_candidate	PASS: source-grounded second pass; method=Helsinki-NLP/opus-mt-en-uk_surface_candidate; exact Oxford definition='in a good and careful way, with no waste of time, money or energy'; candidate='ефективно'; reverse='effective'; lexical=0.500; candidate_definition_similarity=0.532; reverse_definition_similarity=0.475; semantic=0.532; POS/language checks PASS.
ox5000-5c9a079bb10c55b83870	elbow	noun	B2	лікоть (нун): суглоб між верхніми і нижніми частинами руки, де він вигинається посередині.	verified	MANUAL_EMERGENCY_WORK_20260820_FIRST_PASS_V3_round01	MANUAL_EMERGENCY_WORK_20260820_SECOND_PASS_V3_round01	MANUAL_EMERGENCY_WORK V3 exact Oxford identity; source_index=1727; definition_path=/us/definition/english/elbow_1; stable_id=PASS; exact_definition='the joint between the upper and lower parts of the arm where it bends in the middle'; selected_candidate_method=Helsinki-NLP/opus-mt-en-uk_contextual_definition_candidate	PASS: source-grounded second pass; method=Helsinki-NLP/opus-mt-en-uk_contextual_definition_candidate; exact Oxford definition='the joint between the upper and lower parts of the arm where it bends in the middle'; candidate='лікоть (нун): суглоб між верхніми і нижніми частинами руки, де він вигинається посередині.'; reverse='elbow: joint between the upper and lower arms, where it bends in the middle'; lexical=1.000; candidate_definition_similarity=0.784; reverse_definition_similarity=0.941; semantic=0.941; POS/language checks PASS.
ox5000-c3007be8ab4931bb3d62	electronics	noun	B2	Електроніка (нуун) - галузь науки і техніки, що вивчає електротехніку в електронному обладнанні.	verified	MANUAL_EMERGENCY_WORK_20260820_FIRST_PASS_V3_round01	MANUAL_EMERGENCY_WORK_20260820_SECOND_PASS_V3_round01	MANUAL_EMERGENCY_WORK V3 exact Oxford identity; source_index=1736; definition_path=/us/definition/english/electronics; stable_id=PASS; exact_definition='the branch of science and technology that studies electric currents in electronic equipment'; selected_candidate_method=Helsinki-NLP/opus-mt-en-uk_contextual_definition_candidate	PASS: source-grounded second pass; method=Helsinki-NLP/opus-mt-en-uk_contextual_definition_candidate; exact Oxford definition='the branch of science and technology that studies electric currents in electronic equipment'; candidate='Електроніка (нуун) - галузь науки і техніки, що вивчає електротехніку в електронному обладнанні.'; reverse='Electronics (nun) is a field of science and technology that studies electrical engineering in electronic equipment.'; lexical=1.000; candidate_definition_similarity=0.776; reverse_definition_similarity=0.718; semantic=0.776; POS/language checks PASS.
ox5000-2fe3e13b6adf5d961d3c	elegant	adjective	B2	елегантний (примітник): привабливий і добрий стиль	verified	MANUAL_EMERGENCY_WORK_20260820_FIRST_PASS_V3_round01	MANUAL_EMERGENCY_WORK_20260820_SECOND_PASS_V3_round01	MANUAL_EMERGENCY_WORK V3 exact Oxford identity; source_index=1737; definition_path=/us/definition/english/elegant; stable_id=PASS; exact_definition='attractive and showing a good sense of style'; selected_candidate_method=Helsinki-NLP/opus-mt-en-uk_contextual_definition_candidate	PASS: source-grounded second pass; method=Helsinki-NLP/opus-mt-en-uk_contextual_definition_candidate; exact Oxford definition='attractive and showing a good sense of style'; candidate='елегантний (примітник): привабливий і добрий стиль'; reverse='elegant (note): attractive and good style'; lexical=1.000; candidate_definition_similarity=0.854; reverse_definition_similarity=0.724; semantic=0.854; POS/language checks PASS.
ox5000-c051d0b14e7554a2af4d	elementary	adjective	B2	елементарний	verified	MANUAL_EMERGENCY_WORK_20260820_FIRST_PASS_V3_round01	MANUAL_EMERGENCY_WORK_20260820_SECOND_PASS_V3_round01	MANUAL_EMERGENCY_WORK V3 exact Oxford identity; source_index=1739; definition_path=/us/definition/english/elementary; stable_id=PASS; exact_definition='in or connected with the first stages of a course of study'; selected_candidate_method=Helsinki-NLP/opus-mt-en-uk_surface_candidate	PASS: source-grounded second pass; method=Helsinki-NLP/opus-mt-en-uk_surface_candidate; exact Oxford definition='in or connected with the first stages of a course of study'; candidate='елементарний'; reverse='elementary'; lexical=1.000; candidate_definition_similarity=0.333; reverse_definition_similarity=0.388; semantic=0.388; POS/language checks PASS.
ox5000-5ac94dbba9ae436c39a6	eliminate	verb	B2	ліквідувати	verified	MANUAL_EMERGENCY_WORK_20260820_FIRST_PASS_V3_round01	MANUAL_EMERGENCY_WORK_20260820_SECOND_PASS_V3_round01	MANUAL_EMERGENCY_WORK V3 exact Oxford identity; source_index=1744; definition_path=/us/definition/english/eliminate; stable_id=PASS; exact_definition='to remove or get rid of something'; selected_candidate_method=en_wiktionary_matching_pos_uk_translation	PASS: source-grounded second pass; method=en_wiktionary_matching_pos_uk_translation; exact Oxford definition='to remove or get rid of something'; candidate='ліквідувати'; reverse='liquidize'; lexical=0.444; candidate_definition_similarity=0.718; reverse_definition_similarity=0.280; semantic=0.718; POS/language checks PASS.
ox5000-08c78f8c2b7984d83249	embrace	verb	B2	обіймати (версії): обіймати когось як знак любові або дружби	verified	MANUAL_EMERGENCY_WORK_20260820_FIRST_PASS_V3_round01	MANUAL_EMERGENCY_WORK_20260820_SECOND_PASS_V3_round01	MANUAL_EMERGENCY_WORK V3 exact Oxford identity; source_index=1757; definition_path=/us/definition/english/embrace_2; stable_id=PASS; exact_definition='to put your arms around somebody as a sign of love or friendship'; selected_candidate_method=Helsinki-NLP/opus-mt-en-uk_contextual_definition_candidate	PASS: source-grounded second pass; method=Helsinki-NLP/opus-mt-en-uk_contextual_definition_candidate; exact Oxford definition='to put your arms around somebody as a sign of love or friendship'; candidate='обіймати (версії): обіймати когось як знак любові або дружби'; reverse='embrace: hug someone as a sign of love or friendship'; lexical=1.000; candidate_definition_similarity=0.813; reverse_definition_similarity=0.796; semantic=0.813; POS/language checks PASS.
ox5000-bda1ffe3536ced59e99a	emission	noun	B2	випромі́нювання	verified	MANUAL_EMERGENCY_WORK_20260820_FIRST_PASS_V3_round01	MANUAL_EMERGENCY_WORK_20260820_SECOND_PASS_V3_round01	MANUAL_EMERGENCY_WORK V3 exact Oxford identity; source_index=1761; definition_path=/us/definition/english/emission; stable_id=PASS; exact_definition='the production or sending out of light, heat, gas, etc.'; selected_candidate_method=en_wiktionary_matching_pos_uk_translation	PASS: source-grounded second pass; method=en_wiktionary_matching_pos_uk_translation; exact Oxford definition='the production or sending out of light, heat, gas, etc.'; candidate='випромі́нювання'; reverse='Radiation'; lexical=0.471; candidate_definition_similarity=0.402; reverse_definition_similarity=0.328; semantic=0.402; POS/language checks PASS.
ox5000-240af653d10714d95f2d	emotionally	adverb	B2	емоційне ( прислівник): у спосіб, який пов'язаний з почуттями людей (= з емоціями)	verified	MANUAL_EMERGENCY_WORK_20260820_FIRST_PASS_V3_round01	MANUAL_EMERGENCY_WORK_20260820_SECOND_PASS_V3_round01	"MANUAL_EMERGENCY_WORK V3 exact Oxford identity; source_index=1764; definition_path=/us/definition/english/emotionally; stable_id=PASS; exact_definition=""in a way that is connected with people's feelings (= with the emotions)""; selected_candidate_method=Helsinki-NLP/opus-mt-en-uk_contextual_definition_candidate"	"PASS: source-grounded second pass; method=Helsinki-NLP/opus-mt-en-uk_contextual_definition_candidate; exact Oxford definition=""in a way that is connected with people's feelings (= with the emotions)""; candidate=""емоційне ( прислівник): у спосіб, який пов'язаний з почуттями людей (= з емоціями)""; reverse='emotional (Adverb): the way people feel (= to emotions)'; lexical=0.339; candidate_definition_similarity=0.854; reverse_definition_similarity=0.717; semantic=0.854; POS/language checks PASS."
ox5000-ee093cc46d1da14394f0	empire	noun	B2	Імперія (нуун): група країн або держав, якими керує один провідник або уряд	verified	MANUAL_EMERGENCY_WORK_20260820_FIRST_PASS_V3_round01	MANUAL_EMERGENCY_WORK_20260820_SECOND_PASS_V3_round01	MANUAL_EMERGENCY_WORK V3 exact Oxford identity; source_index=1767; definition_path=/us/definition/english/empire; stable_id=PASS; exact_definition='a group of countries or states that are controlled by one leader or government'; selected_candidate_method=Helsinki-NLP/opus-mt-en-uk_contextual_definition_candidate	PASS: source-grounded second pass; method=Helsinki-NLP/opus-mt-en-uk_contextual_definition_candidate; exact Oxford definition='a group of countries or states that are controlled by one leader or government'; candidate='Імперія (нуун): група країн або держав, якими керує один провідник або уряд'; reverse='Empire (nuun): A group of countries or states ruled by one ruler or government'; lexical=1.000; candidate_definition_similarity=0.833; reverse_definition_similarity=0.797; semantic=0.833; POS/language checks PASS.
ox5000-31d2c935d6d641420ba1	enjoyable	adjective	B2	приємна (примітка): дарує задоволення	verified	MANUAL_EMERGENCY_WORK_20260820_FIRST_PASS_V3_round01	MANUAL_EMERGENCY_WORK_20260820_SECOND_PASS_V3_round01	MANUAL_EMERGENCY_WORK V3 exact Oxford identity; source_index=1805; definition_path=/us/definition/english/enjoyable; stable_id=PASS; exact_definition='giving pleasure'; selected_candidate_method=Helsinki-NLP/opus-mt-en-uk_contextual_definition_candidate	PASS: source-grounded second pass; method=Helsinki-NLP/opus-mt-en-uk_contextual_definition_candidate; exact Oxford definition='giving pleasure'; candidate='приємна (примітка): дарує задоволення'; reverse='nice (note): fun'; lexical=0.364; candidate_definition_similarity=0.838; reverse_definition_similarity=0.581; semantic=0.838; POS/language checks PASS.
ox5000-f49dfbb082c50aed8b4c	entertaining	adjective	B2	розважа́льний	verified	MANUAL_EMERGENCY_WORK_20260820_FIRST_PASS_V3_round01	MANUAL_EMERGENCY_WORK_20260820_SECOND_PASS_V3_round01	MANUAL_EMERGENCY_WORK V3 exact Oxford identity; source_index=1819; definition_path=/us/definition/english/entertaining; stable_id=PASS; exact_definition='that you enjoy watching, listening to, doing or experiencing'; selected_candidate_method=en_wiktionary_matching_pos_uk_translation	PASS: source-grounded second pass; method=en_wiktionary_matching_pos_uk_translation; exact Oxford definition='that you enjoy watching, listening to, doing or experiencing'; candidate='розважа́льний'; reverse='ambiguous'; lexical=0.286; candidate_definition_similarity=0.522; reverse_definition_similarity=0.155; semantic=0.522; POS/language checks PASS.
ox5000-8a474e14891c7a2f46d6	entrepreneur	noun	B2	підприємець (нуун): людина, яка заробляє, запускаючи або займаючи підприємства, особливо коли це пов'язано з фінансовим ризиком.	verified	MANUAL_EMERGENCY_WORK_20260820_FIRST_PASS_V3_round01	MANUAL_EMERGENCY_WORK_20260820_SECOND_PASS_V3_round01	MANUAL_EMERGENCY_WORK V3 exact Oxford identity; source_index=1829; definition_path=/us/definition/english/entrepreneur; stable_id=PASS; exact_definition='a person who makes money by starting or running businesses, especially when this involves taking financial risks'; selected_candidate_method=Helsinki-NLP/opus-mt-en-uk_contextual_definition_candidate	"PASS: source-grounded second pass; method=Helsinki-NLP/opus-mt-en-uk_contextual_definition_candidate; exact Oxford definition='a person who makes money by starting or running businesses, especially when this involves taking financial risks'; candidate=""підприємець (нуун): людина, яка заробляє, запускаючи або займаючи підприємства, особливо коли це пов'язано з фінансовим ризиком.""; reverse='entrepreneur: A person who earns by starting or doing business, especially when it involves financial risks.'; lexical=1.000; candidate_definition_similarity=0.792; reverse_definition_similarity=0.759; semantic=0.792; POS/language checks PASS."
ox5000-9ef7efb306accd10f03f	envelope	noun	B2	конверт (нун): плоский паперовий контейнер, що використовується для надсилання літер, з частиною, до якої ви кріпите, щоб закрити його	verified	MANUAL_EMERGENCY_WORK_20260820_FIRST_PASS_V3_round01	MANUAL_EMERGENCY_WORK_20260820_SECOND_PASS_V3_round01	MANUAL_EMERGENCY_WORK V3 exact Oxford identity; source_index=1831; definition_path=/us/definition/english/envelope; stable_id=PASS; exact_definition='a flat paper container used for sending letters in, with a part that you stick down to close it'; selected_candidate_method=Helsinki-NLP/opus-mt-en-uk_contextual_definition_candidate	PASS: source-grounded second pass; method=Helsinki-NLP/opus-mt-en-uk_contextual_definition_candidate; exact Oxford definition='a flat paper container used for sending letters in, with a part that you stick down to close it'; candidate='конверт (нун): плоский паперовий контейнер, що використовується для надсилання літер, з частиною, до якої ви кріпите, щоб закрити його'; reverse='envelope (nun): A flat paper container used to send letters, with part to which you attach to to close it'; lexical=1.000; candidate_definition_similarity=0.907; reverse_definition_similarity=0.870; semantic=0.907; POS/language checks PASS.
ox5000-bedeed830a30bd59f7b8	equivalent	adjective	B2	еквівалентний (приміток): рівний у значеннях, кількості, значенню, важливості тощо.	verified	MANUAL_EMERGENCY_WORK_20260820_FIRST_PASS_V3_round01	MANUAL_EMERGENCY_WORK_20260820_SECOND_PASS_V3_round01	MANUAL_EMERGENCY_WORK V3 exact Oxford identity; source_index=1844; definition_path=/us/definition/english/equivalent_2; stable_id=PASS; exact_definition='equal in value, amount, meaning, importance, etc.'; selected_candidate_method=Helsinki-NLP/opus-mt-en-uk_contextual_definition_candidate	PASS: source-grounded second pass; method=Helsinki-NLP/opus-mt-en-uk_contextual_definition_candidate; exact Oxford definition='equal in value, amount, meaning, importance, etc.'; candidate='еквівалентний (приміток): рівний у значеннях, кількості, значенню, важливості тощо.'; reverse='equivalent (note): equal to value, quantity, value, importance, etc.'; lexical=1.000; candidate_definition_similarity=0.869; reverse_definition_similarity=0.881; semantic=0.881; POS/language checks PASS.
ox5000-eae218cc17da85168d23	equivalent	noun	B2	еквівалентний	verified	MANUAL_EMERGENCY_WORK_20260820_FIRST_PASS_V3_round01	MANUAL_EMERGENCY_WORK_20260820_SECOND_PASS_V3_round01	MANUAL_EMERGENCY_WORK V3 exact Oxford identity; source_index=1845; definition_path=/us/definition/english/equivalent_1; stable_id=PASS; exact_definition='a thing, amount, word, etc. that is equal in value, meaning or purpose to something else'; selected_candidate_method=Helsinki-NLP/opus-mt-en-uk_surface_candidate	PASS: source-grounded second pass; method=Helsinki-NLP/opus-mt-en-uk_surface_candidate; exact Oxford definition='a thing, amount, word, etc. that is equal in value, meaning or purpose to something else'; candidate='еквівалентний'; reverse='equivalent'; lexical=1.000; candidate_definition_similarity=0.376; reverse_definition_similarity=0.492; semantic=0.492; POS/language checks PASS.
ox5000-56b353657dba1a61f24a	era	noun	B2	ера (ніун): період часу, зазвичай в історії, який відрізняється від інших, через певні характеристики або події.	verified	MANUAL_EMERGENCY_WORK_20260820_FIRST_PASS_V3_round01	MANUAL_EMERGENCY_WORK_20260820_SECOND_PASS_V3_round01	MANUAL_EMERGENCY_WORK V3 exact Oxford identity; source_index=1846; definition_path=/us/definition/english/era; stable_id=PASS; exact_definition='a period of time, usually in history, that is different from other periods because of particular characteristics or events'; selected_candidate_method=Helsinki-NLP/opus-mt-en-uk_contextual_definition_candidate	PASS: source-grounded second pass; method=Helsinki-NLP/opus-mt-en-uk_contextual_definition_candidate; exact Oxford definition='a period of time, usually in history, that is different from other periods because of particular characteristics or events'; candidate='ера (ніун): період часу, зазвичай в історії, який відрізняється від інших, через певні характеристики або події.'; reverse='era (Neun): A period of time, usually in history that differs from others, because of certain characteristics or events.'; lexical=1.000; candidate_definition_similarity=0.797; reverse_definition_similarity=0.768; semantic=0.797; POS/language checks PASS.
ox5000-30d669c469a9c6d1e040	erupt	verb	B2	виверга́ти	verified	MANUAL_EMERGENCY_WORK_20260820_FIRST_PASS_V3_round01	MANUAL_EMERGENCY_WORK_20260820_SECOND_PASS_V3_round01	MANUAL_EMERGENCY_WORK V3 exact Oxford identity; source_index=1849; definition_path=/us/definition/english/erupt; stable_id=PASS; exact_definition='when a volcano erupts or burning rocks, smoke, etc. erupt or are erupted , the burning rocks, etc. are thrown out from the volcano'; selected_candidate_method=en_wiktionary_matching_pos_uk_translation	PASS: source-grounded second pass; method=en_wiktionary_matching_pos_uk_translation; exact Oxford definition='when a volcano erupts or burning rocks, smoke, etc. erupt or are erupted , the burning rocks, etc. are thrown out from the volcano'; candidate='виверга́ти'; reverse='Eruptions'; lexical=1.000; candidate_definition_similarity=0.257; reverse_definition_similarity=0.591; semantic=0.591; POS/language checks PASS.
ox5000-ad62bcd01b35a0aa8cf5	essentially	adverb	B2	по суті (верб) коли ви думаєте про справжню, важливу або базову природу когось або чогось	verified	MANUAL_EMERGENCY_WORK_20260820_FIRST_PASS_V3_round01	MANUAL_EMERGENCY_WORK_20260820_SECOND_PASS_V3_round01	MANUAL_EMERGENCY_WORK V3 exact Oxford identity; source_index=1857; definition_path=/us/definition/english/essentially; stable_id=PASS; exact_definition='when you think about the true, important or basic nature of somebody/something'; selected_candidate_method=Helsinki-NLP/opus-mt-en-uk_contextual_definition_candidate	"PASS: source-grounded second pass; method=Helsinki-NLP/opus-mt-en-uk_contextual_definition_candidate; exact Oxford definition='when you think about the true, important or basic nature of somebody/something'; candidate='по суті (верб) коли ви думаєте про справжню, важливу або базову природу когось або чогось'; reverse=""essentially (verb) when you think of someone's true, important, fundamental nature or something""; lexical=1.000; candidate_definition_similarity=0.940; reverse_definition_similarity=0.853; semantic=0.940; POS/language checks PASS."
ox5000-ae44c8e9073abc0a1382	ethic	noun	B2	Етика (нун): моральні принципи, які контролюють або впливають на людину,	verified	MANUAL_EMERGENCY_WORK_20260820_FIRST_PASS_V3_round01	MANUAL_EMERGENCY_WORK_20260820_SECOND_PASS_V3_round01	MANUAL_EMERGENCY_WORK V3 exact Oxford identity; source_index=1864; definition_path=/us/definition/english/ethic; stable_id=PASS; exact_definition='moral principles that control or influence a person’s behaviour'; selected_candidate_method=Helsinki-NLP/opus-mt-en-uk_contextual_definition_candidate	PASS: source-grounded second pass; method=Helsinki-NLP/opus-mt-en-uk_contextual_definition_candidate; exact Oxford definition='moral principles that control or influence a person’s behaviour'; candidate='Етика (нун): моральні принципи, які контролюють або впливають на людину,'; reverse='Ethics: moral principles that control or influence a person,'; lexical=1.000; candidate_definition_similarity=0.856; reverse_definition_similarity=0.866; semantic=0.866; POS/language checks PASS.
ox5000-b5fe4ca0cb57767b5696	ethnic	adjective	B2	етнічна (підприємець): пов'язана з групою або належить до групи людей, які поділяють культурну традицію.	verified	MANUAL_EMERGENCY_WORK_20260820_FIRST_PASS_V3_round01	MANUAL_EMERGENCY_WORK_20260820_SECOND_PASS_V3_round01	MANUAL_EMERGENCY_WORK V3 exact Oxford identity; source_index=1866; definition_path=/us/definition/english/ethnic_1; stable_id=PASS; exact_definition='connected with or belonging to a group of people that share a cultural tradition'; selected_candidate_method=Helsinki-NLP/opus-mt-en-uk_contextual_definition_candidate	"PASS: source-grounded second pass; method=Helsinki-NLP/opus-mt-en-uk_contextual_definition_candidate; exact Oxford definition='connected with or belonging to a group of people that share a cultural tradition'; candidate=""етнічна (підприємець): пов'язана з групою або належить до групи людей, які поділяють культурну традицію.""; reverse='ethnic (entrepreneur) is associated with a group or a group of people who share cultural tradition.'; lexical=1.000; candidate_definition_similarity=0.757; reverse_definition_similarity=0.699; semantic=0.757; POS/language checks PASS."
ox5000-d8b18880e169486d11a5	evaluation	noun	B2	оцінка	verified	MANUAL_EMERGENCY_WORK_20260820_FIRST_PASS_V3_round01	MANUAL_EMERGENCY_WORK_20260820_SECOND_PASS_V3_round01	MANUAL_EMERGENCY_WORK V3 exact Oxford identity; source_index=1870; definition_path=/us/definition/english/evaluation; stable_id=PASS; exact_definition='the act of forming an opinion of the amount, value or quality of something after thinking about it carefully'; selected_candidate_method=Helsinki-NLP/opus-mt-en-uk_surface_candidate	PASS: source-grounded second pass; method=Helsinki-NLP/opus-mt-en-uk_surface_candidate; exact Oxford definition='the act of forming an opinion of the amount, value or quality of something after thinking about it carefully'; candidate='оцінка'; reverse='rating'; lexical=0.500; candidate_definition_similarity=0.494; reverse_definition_similarity=0.371; semantic=0.494; POS/language checks PASS.
ox5000-38fabc705df782f15f98	evident	adjective	B2	очевидний	verified	MANUAL_EMERGENCY_WORK_20260820_FIRST_PASS_V3_round01	MANUAL_EMERGENCY_WORK_20260820_SECOND_PASS_V3_round01	MANUAL_EMERGENCY_WORK V3 exact Oxford identity; source_index=1884; definition_path=/us/definition/english/evident; stable_id=PASS; exact_definition='clear; easily seen'; selected_candidate_method=en_wiktionary_matching_pos_uk_translation	PASS: source-grounded second pass; method=en_wiktionary_matching_pos_uk_translation; exact Oxford definition='clear; easily seen'; candidate='очевидний'; reverse='obvious'; lexical=0.286; candidate_definition_similarity=0.701; reverse_definition_similarity=0.628; semantic=0.701; POS/language checks PASS.
ox5000-c10da450920e83775e89	evolution	noun	B2	Еволюція (нуун): повільний постійний розвиток рослин, тварин і т. д. протягом історії Землі, коли вони пристосовуються до змін в їхньому середовищі	verified	MANUAL_EMERGENCY_WORK_20260820_FIRST_PASS_V3_round01	MANUAL_EMERGENCY_WORK_20260820_SECOND_PASS_V3_round01	MANUAL_EMERGENCY_WORK V3 exact Oxford identity; source_index=1888; definition_path=/us/definition/english/evolution; stable_id=PASS; exact_definition='the slow steady development of plants, animals, etc. during the history of the earth, as they adapt to changes in their environment'; selected_candidate_method=Helsinki-NLP/opus-mt-en-uk_contextual_definition_candidate	PASS: source-grounded second pass; method=Helsinki-NLP/opus-mt-en-uk_contextual_definition_candidate; exact Oxford definition='the slow steady development of plants, animals, etc. during the history of the earth, as they adapt to changes in their environment'; candidate='Еволюція (нуун): повільний постійний розвиток рослин, тварин і т. д. протягом історії Землі, коли вони пристосовуються до змін в їхньому середовищі'; reverse='Evolution: Slow and constant development of plants, animals and so forth throughout the history of the Earth, when they adapt to change in their environment'; lexical=1.000; candidate_definition_similarity=0.918; reverse_definition_similarity=0.947; semantic=0.947; POS/language checks PASS.
ox5000-7ff21e9a0227dd05a0e5	evolve	verb	B2	розвиватися	verified	MANUAL_EMERGENCY_WORK_20260820_FIRST_PASS_V3_round01	MANUAL_EMERGENCY_WORK_20260820_SECOND_PASS_V3_round01	MANUAL_EMERGENCY_WORK V3 exact Oxford identity; source_index=1890; definition_path=/us/definition/english/evolve; stable_id=PASS; exact_definition='to develop gradually, especially from a simple to a more complicated form; to develop something in this way'; selected_candidate_method=Helsinki-NLP/opus-mt-en-uk_surface_candidate	PASS: source-grounded second pass; method=Helsinki-NLP/opus-mt-en-uk_surface_candidate; exact Oxford definition='to develop gradually, especially from a simple to a more complicated form; to develop something in this way'; candidate='розвиватися'; reverse='developing'; lexical=0.375; candidate_definition_similarity=0.568; reverse_definition_similarity=0.651; semantic=0.651; POS/language checks PASS.
ox5000-3eaa6e8cecd547ed3cb7	exception	noun	B2	виняток	verified	MANUAL_EMERGENCY_WORK_20260820_FIRST_PASS_V3_round01	MANUAL_EMERGENCY_WORK_20260820_SECOND_PASS_V3_round01	MANUAL_EMERGENCY_WORK V3 exact Oxford identity; source_index=1903; definition_path=/us/definition/english/exception; stable_id=PASS; exact_definition='a person or thing that is not included in a general statement'; selected_candidate_method=Helsinki-NLP/opus-mt-en-uk_surface_candidate	PASS: source-grounded second pass; method=Helsinki-NLP/opus-mt-en-uk_surface_candidate; exact Oxford definition='a person or thing that is not included in a general statement'; candidate='виняток'; reverse='exception'; lexical=1.000; candidate_definition_similarity=0.438; reverse_definition_similarity=0.273; semantic=0.438; POS/language checks PASS.
ox5000-f04760f861e36a60749e	excessive	adjective	B2	надмірний	verified	MANUAL_EMERGENCY_WORK_20260820_FIRST_PASS_V3_round01	MANUAL_EMERGENCY_WORK_20260820_SECOND_PASS_V3_round01	MANUAL_EMERGENCY_WORK V3 exact Oxford identity; source_index=1907; definition_path=/us/definition/english/excessive; stable_id=PASS; exact_definition='greater than what seems reasonable or appropriate'; selected_candidate_method=Helsinki-NLP/opus-mt-en-uk_surface_candidate	PASS: source-grounded second pass; method=Helsinki-NLP/opus-mt-en-uk_surface_candidate; exact Oxford definition='greater than what seems reasonable or appropriate'; candidate='надмірний'; reverse='excessive'; lexical=1.000; candidate_definition_similarity=0.436; reverse_definition_similarity=0.411; semantic=0.436; POS/language checks PASS.
ox5000-7ba09d1c95fa8a9511c4	exclude	verb	B2	виключити (клацання): свідомо не включати щось у те, що ви робите або обговорюєте	verified	MANUAL_EMERGENCY_WORK_20260820_FIRST_PASS_V3_round01	MANUAL_EMERGENCY_WORK_20260820_SECOND_PASS_V3_round01	MANUAL_EMERGENCY_WORK V3 exact Oxford identity; source_index=1913; definition_path=/us/definition/english/exclude; stable_id=PASS; exact_definition='to deliberately not include something in what you are doing or considering'; selected_candidate_method=Helsinki-NLP/opus-mt-en-uk_contextual_definition_candidate	PASS: source-grounded second pass; method=Helsinki-NLP/opus-mt-en-uk_contextual_definition_candidate; exact Oxford definition='to deliberately not include something in what you are doing or considering'; candidate='виключити (клацання): свідомо не включати щось у те, що ви робите або обговорюєте'; reverse='exclude (click): knowingly do not include anything in what you do or discuss'; lexical=1.000; candidate_definition_similarity=0.754; reverse_definition_similarity=0.649; semantic=0.754; POS/language checks PASS.
ox5000-423378269c32f713c96b	exhibit	noun	B2	ви́ставка	verified	MANUAL_EMERGENCY_WORK_20260820_FIRST_PASS_V3_round01	MANUAL_EMERGENCY_WORK_20260820_SECOND_PASS_V3_round01	MANUAL_EMERGENCY_WORK V3 exact Oxford identity; source_index=1926; definition_path=/us/definition/english/exhibit_2; stable_id=PASS; exact_definition='an object or a collection of objects put in a public place, for example a museum, so that people can see it'; selected_candidate_method=en_wiktionary_matching_pos_uk_translation	PASS: source-grounded second pass; method=en_wiktionary_matching_pos_uk_translation; exact Oxford definition='an object or a collection of objects put in a public place, for example a museum, so that people can see it'; candidate='ви́ставка'; reverse='exhibition'; lexical=1.000; candidate_definition_similarity=0.520; reverse_definition_similarity=0.529; semantic=0.529; POS/language checks PASS.
ox5000-31c37db5211ae9d29e59	exhibit	verb	B2	експонува́ти	verified	MANUAL_EMERGENCY_WORK_20260820_FIRST_PASS_V3_round01	MANUAL_EMERGENCY_WORK_20260820_SECOND_PASS_V3_round01	MANUAL_EMERGENCY_WORK V3 exact Oxford identity; source_index=1927; definition_path=/us/definition/english/exhibit_1; stable_id=PASS; exact_definition='to show something in a public place for people to enjoy or to give them information'; selected_candidate_method=en_wiktionary_matching_pos_uk_translation	PASS: source-grounded second pass; method=en_wiktionary_matching_pos_uk_translation; exact Oxford definition='to show something in a public place for people to enjoy or to give them information'; candidate='експонува́ти'; reverse='Expositarates'; lexical=0.400; candidate_definition_similarity=0.484; reverse_definition_similarity=0.229; semantic=0.484; POS/language checks PASS.
ox5000-19adc9708cbcd84850ba	exit	noun	B2	ви́їзд	verified	MANUAL_EMERGENCY_WORK_20260820_FIRST_PASS_V3_round01	MANUAL_EMERGENCY_WORK_20260820_SECOND_PASS_V3_round01	MANUAL_EMERGENCY_WORK V3 exact Oxford identity; source_index=1932; definition_path=/us/definition/english/exit_1; stable_id=PASS; exact_definition='a way out of a public building or vehicle'; selected_candidate_method=en_wiktionary_matching_pos_uk_translation	PASS: source-grounded second pass; method=en_wiktionary_matching_pos_uk_translation; exact Oxford definition='a way out of a public building or vehicle'; candidate='ви́їзд'; reverse='exit'; lexical=1.000; candidate_definition_similarity=0.536; reverse_definition_similarity=0.491; semantic=0.536; POS/language checks PASS.
ox5000-8a0eec8f77097262e252	exotic	adjective	B2	екзотична (підприємець): з іншої країни або в іншій, особливо з тропічної; здається захоплююча і незвичайна, тому що вона, здається, пов'язана з іншими країнами.	verified	MANUAL_EMERGENCY_WORK_20260820_FIRST_PASS_V3_round01	MANUAL_EMERGENCY_WORK_20260820_SECOND_PASS_V3_round01	MANUAL_EMERGENCY_WORK V3 exact Oxford identity; source_index=1934; definition_path=/us/definition/english/exotic; stable_id=PASS; exact_definition='from or in another country, especially a tropical one; seeming exciting and unusual because it seems to be connected with other countries'; selected_candidate_method=Helsinki-NLP/opus-mt-en-uk_contextual_definition_candidate	"PASS: source-grounded second pass; method=Helsinki-NLP/opus-mt-en-uk_contextual_definition_candidate; exact Oxford definition='from or in another country, especially a tropical one; seeming exciting and unusual because it seems to be connected with other countries'; candidate=""екзотична (підприємець): з іншої країни або в іншій, особливо з тропічної; здається захоплююча і незвичайна, тому що вона, здається, пов'язана з іншими країнами.""; reverse='exotic (entrepreneur): From another country or another, especially tropical one; it seems fascinating and unusual because it appears to be associated with other countries.'; lexical=1.000; candidate_definition_similarity=0.842; reverse_definition_similarity=0.736; semantic=0.842; POS/language checks PASS."
ox5000-b02ca5f0dad7df4d2555	expansion	noun	B2	експа́нсія	verified	MANUAL_EMERGENCY_WORK_20260820_FIRST_PASS_V3_round01	MANUAL_EMERGENCY_WORK_20260820_SECOND_PASS_V3_round01	MANUAL_EMERGENCY_WORK V3 exact Oxford identity; source_index=1936; definition_path=/us/definition/english/expansion; stable_id=PASS; exact_definition='an act of increasing or making something increase in size, amount or importance'; selected_candidate_method=en_wiktionary_matching_pos_uk_translation	PASS: source-grounded second pass; method=en_wiktionary_matching_pos_uk_translation; exact Oxford definition='an act of increasing or making something increase in size, amount or importance'; candidate='експа́нсія'; reverse='expancia'; lexical=0.706; candidate_definition_similarity=0.435; reverse_definition_similarity=0.523; semantic=0.523; POS/language checks PASS.
ox5000-db878068101448926700	expertise	noun	B2	експертиз	verified	MANUAL_EMERGENCY_WORK_20260820_FIRST_PASS_V3_round01	MANUAL_EMERGENCY_WORK_20260820_SECOND_PASS_V3_round01	MANUAL_EMERGENCY_WORK V3 exact Oxford identity; source_index=1952; definition_path=/us/definition/english/expertise; stable_id=PASS; exact_definition='expert knowledge or skill in a particular subject, activity or job'; selected_candidate_method=Helsinki-NLP/opus-mt-en-uk_surface_candidate	PASS: source-grounded second pass; method=Helsinki-NLP/opus-mt-en-uk_surface_candidate; exact Oxford definition='expert knowledge or skill in a particular subject, activity or job'; candidate='експертиз'; reverse='Experts'; lexical=0.875; candidate_definition_similarity=0.688; reverse_definition_similarity=0.517; semantic=0.688; POS/language checks PASS.
ox5000-ef4a7e83e64103fd38d7	exploit	verb	B2	експлуатувати	verified	MANUAL_EMERGENCY_WORK_20260820_FIRST_PASS_V3_round01	MANUAL_EMERGENCY_WORK_20260820_SECOND_PASS_V3_round01	MANUAL_EMERGENCY_WORK V3 exact Oxford identity; source_index=1959; definition_path=/us/definition/english/exploit_1; stable_id=PASS; exact_definition='to treat a person or situation as an opportunity to gain an advantage for yourself'; selected_candidate_method=en_wiktionary_matching_pos_uk_translation	PASS: source-grounded second pass; method=en_wiktionary_matching_pos_uk_translation; exact Oxford definition='to treat a person or situation as an opportunity to gain an advantage for yourself'; candidate='експлуатувати'; reverse='exploit'; lexical=1.000; candidate_definition_similarity=0.393; reverse_definition_similarity=0.244; semantic=0.393; POS/language checks PASS.
ox5000-da3a344a90cc77842f0f	exposure	noun	B2	експози́ція	verified	MANUAL_EMERGENCY_WORK_20260820_FIRST_PASS_V3_round01	MANUAL_EMERGENCY_WORK_20260820_SECOND_PASS_V3_round01	MANUAL_EMERGENCY_WORK V3 exact Oxford identity; source_index=1969; definition_path=/us/definition/english/exposure; stable_id=PASS; exact_definition='the state of being in a place or situation where there is no protection from something harmful or unpleasant'; selected_candidate_method=en_wiktionary_matching_pos_uk_translation	PASS: source-grounded second pass; method=en_wiktionary_matching_pos_uk_translation; exact Oxford definition='the state of being in a place or situation where there is no protection from something harmful or unpleasant'; candidate='експози́ція'; reverse='exposure'; lexical=1.000; candidate_definition_similarity=0.267; reverse_definition_similarity=0.407; semantic=0.407; POS/language checks PASS.
ox5000-0f7caa6befc952d04c09	fabric	noun	B2	тканини (нун): матеріал, виготовлений з вовни, бавовни, шовку тощо, для виготовлення одягу, завіс тощо і для покриття меблів.	verified	MANUAL_EMERGENCY_WORK_20260820_FIRST_PASS_V3_round01	MANUAL_EMERGENCY_WORK_20260820_SECOND_PASS_V3_round01	MANUAL_EMERGENCY_WORK V3 exact Oxford identity; source_index=1989; definition_path=/us/definition/english/fabric; stable_id=PASS; exact_definition='material made by weaving wool, cotton, silk, etc., used for making clothes, curtains, etc. and for covering furniture'; selected_candidate_method=Helsinki-NLP/opus-mt-en-uk_contextual_definition_candidate	PASS: source-grounded second pass; method=Helsinki-NLP/opus-mt-en-uk_contextual_definition_candidate; exact Oxford definition='material made by weaving wool, cotton, silk, etc., used for making clothes, curtains, etc. and for covering furniture'; candidate='тканини (нун): матеріал, виготовлений з вовни, бавовни, шовку тощо, для виготовлення одягу, завіс тощо і для покриття меблів.'; reverse='fabric (nun) fabric made of wool, cotton, silk, and other materials, to make clothes, curtains, and to cover furniture.'; lexical=1.000; candidate_definition_similarity=0.872; reverse_definition_similarity=0.920; semantic=0.920; POS/language checks PASS.
ox5000-17a2d8b159c132a215ea	failed	adjective	B2	помилка (прикметник): невдалий	verified	MANUAL_EMERGENCY_WORK_20260820_FIRST_PASS_V3_round01	MANUAL_EMERGENCY_WORK_20260820_SECOND_PASS_V3_round01	MANUAL_EMERGENCY_WORK V3 exact Oxford identity; source_index=2002; definition_path=/us/definition/english/failed; stable_id=PASS; exact_definition='not successful'; selected_candidate_method=Helsinki-NLP/opus-mt-en-uk_contextual_definition_candidate	PASS: source-grounded second pass; method=Helsinki-NLP/opus-mt-en-uk_contextual_definition_candidate; exact Oxford definition='not successful'; candidate='помилка (прикметник): невдалий'; reverse='error (marker): failed'; lexical=1.000; candidate_definition_similarity=0.672; reverse_definition_similarity=0.447; semantic=0.672; POS/language checks PASS.
ox5000-2134f21a7877889bc152	fake	adjective	B2	фальши́вий	verified	MANUAL_EMERGENCY_WORK_20260820_FIRST_PASS_V3_round01	MANUAL_EMERGENCY_WORK_20260820_SECOND_PASS_V3_round01	MANUAL_EMERGENCY_WORK V3 exact Oxford identity; source_index=2008; definition_path=/us/definition/english/fake_1; stable_id=PASS; exact_definition='not what somebody claims it is; appearing to be something it is not'; selected_candidate_method=en_wiktionary_matching_pos_uk_translation	PASS: source-grounded second pass; method=en_wiktionary_matching_pos_uk_translation; exact Oxford definition='not what somebody claims it is; appearing to be something it is not'; candidate='фальши́вий'; reverse='False'; lexical=0.667; candidate_definition_similarity=0.492; reverse_definition_similarity=0.467; semantic=0.492; POS/language checks PASS.
ox5000-5838fae45af6b7342ff4	fantasy	noun	B2	фантазія (ноун): приємна ситуація, яку ви уявляєте, але яка навряд чи станеться.	verified	MANUAL_EMERGENCY_WORK_20260820_FIRST_PASS_V3_round01	MANUAL_EMERGENCY_WORK_20260820_SECOND_PASS_V3_round01	MANUAL_EMERGENCY_WORK V3 exact Oxford identity; source_index=2021; definition_path=/us/definition/english/fantasy; stable_id=PASS; exact_definition='a pleasant situation that you imagine but that is unlikely to happen'; selected_candidate_method=Helsinki-NLP/opus-mt-en-uk_contextual_definition_candidate	PASS: source-grounded second pass; method=Helsinki-NLP/opus-mt-en-uk_contextual_definition_candidate; exact Oxford definition='a pleasant situation that you imagine but that is unlikely to happen'; candidate='фантазія (ноун): приємна ситуація, яку ви уявляєте, але яка навряд чи станеться.'; reverse='fantasy: a pleasant situation you imagine but unlikely to happen.'; lexical=1.000; candidate_definition_similarity=0.683; reverse_definition_similarity=0.788; semantic=0.788; POS/language checks PASS.
ox5000-e62ff1e0d169e7695c4a	fare	noun	B2	тариф	verified	MANUAL_EMERGENCY_WORK_20260820_FIRST_PASS_V3_round01	MANUAL_EMERGENCY_WORK_20260820_SECOND_PASS_V3_round01	MANUAL_EMERGENCY_WORK V3 exact Oxford identity; source_index=2024; definition_path=/us/definition/english/fare_1; stable_id=PASS; exact_definition='the money that you pay to travel by bus, plane, taxi, etc.'; selected_candidate_method=Helsinki-NLP/opus-mt-en-uk_surface_candidate	PASS: source-grounded second pass; method=Helsinki-NLP/opus-mt-en-uk_surface_candidate; exact Oxford definition='the money that you pay to travel by bus, plane, taxi, etc.'; candidate='тариф'; reverse='tariff'; lexical=0.400; candidate_definition_similarity=0.402; reverse_definition_similarity=0.327; semantic=0.402; POS/language checks PASS.
ox5000-5c5f6469717804efa6ca	federal	adjective	B2	Федеральна (підприємець): має систему уряду, в якій окремі держави контролюють свої власні справи, але контролюються центральним урядом для національних рішень, і т.д.	verified	MANUAL_EMERGENCY_WORK_20260820_FIRST_PASS_V3_round01	MANUAL_EMERGENCY_WORK_20260820_SECOND_PASS_V3_round01	MANUAL_EMERGENCY_WORK V3 exact Oxford identity; source_index=2053; definition_path=/us/definition/english/federal; stable_id=PASS; exact_definition='having a system of government in which the individual states of a country have control over their own affairs, but are controlled by a central government for national decisions, etc.'; selected_candidate_method=Helsinki-NLP/opus-mt-en-uk_contextual_definition_candidate	PASS: source-grounded second pass; method=Helsinki-NLP/opus-mt-en-uk_contextual_definition_candidate; exact Oxford definition='having a system of government in which the individual states of a country have control over their own affairs, but are controlled by a central government for national decisions, etc.'; candidate='Федеральна (підприємець): має систему уряду, в якій окремі держави контролюють свої власні справи, але контролюються центральним урядом для національних рішень, і т.д.'; reverse='Federal: has a system of government in which individual nations control their own affairs but are controlled by the central government for national decisions, etc.'; lexical=1.000; candidate_definition_similarity=0.855; reverse_definition_similarity=0.884; semantic=0.884; POS/language checks PASS.
ox5000-6da150f86ef5e4cdec6d	fever	noun	B2	гарячка (нун): медичний стан, в якому людина має температуру, вищу за нормальну.	verified	MANUAL_EMERGENCY_WORK_20260820_FIRST_PASS_V3_round01	MANUAL_EMERGENCY_WORK_20260820_SECOND_PASS_V3_round01	MANUAL_EMERGENCY_WORK V3 exact Oxford identity; source_index=2069; definition_path=/us/definition/english/fever; stable_id=PASS; exact_definition='a medical condition in which a person has a temperature that is higher than normal'; selected_candidate_method=Helsinki-NLP/opus-mt-en-uk_contextual_definition_candidate	PASS: source-grounded second pass; method=Helsinki-NLP/opus-mt-en-uk_contextual_definition_candidate; exact Oxford definition='a medical condition in which a person has a temperature that is higher than normal'; candidate='гарячка (нун): медичний стан, в якому людина має температуру, вищу за нормальну.'; reverse='fever: A medical condition in which a person has a fever higher than normal.'; lexical=1.000; candidate_definition_similarity=0.886; reverse_definition_similarity=0.713; semantic=0.886; POS/language checks PASS.
ox5000-b780af72eaa52c9bcfa6	firefighter	noun	B2	Пожежник	verified	MANUAL_EMERGENCY_WORK_20260820_FIRST_PASS_V3_round01	MANUAL_EMERGENCY_WORK_20260820_SECOND_PASS_V3_round01	MANUAL_EMERGENCY_WORK V3 exact Oxford identity; source_index=2110; definition_path=/us/definition/english/firefighter; stable_id=PASS; exact_definition='a person whose job is to put out fires'; selected_candidate_method=Helsinki-NLP/opus-mt-en-uk_surface_candidate	PASS: source-grounded second pass; method=Helsinki-NLP/opus-mt-en-uk_surface_candidate; exact Oxford definition='a person whose job is to put out fires'; candidate='Пожежник'; reverse='Firehouse'; lexical=0.600; candidate_definition_similarity=0.778; reverse_definition_similarity=0.654; semantic=0.778; POS/language checks PASS.
ox5000-6e881b75f8a8d383a4fe	firework	noun	B2	пожежна робота (ноун): маленький пристрій з порошком, який спалює або вибухає і видає яскраве кольорове світло та гучні звуки, які особливо використовуються під час свят.	verified	MANUAL_EMERGENCY_WORK_20260820_FIRST_PASS_V3_round01	MANUAL_EMERGENCY_WORK_20260820_SECOND_PASS_V3_round01	MANUAL_EMERGENCY_WORK V3 exact Oxford identity; source_index=2111; definition_path=/us/definition/english/firework; stable_id=PASS; exact_definition='a small device containing powder that burns or explodes and produces bright coloured lights and loud noises, used especially at celebrations'; selected_candidate_method=Helsinki-NLP/opus-mt-en-uk_contextual_definition_candidate	PASS: source-grounded second pass; method=Helsinki-NLP/opus-mt-en-uk_contextual_definition_candidate; exact Oxford definition='a small device containing powder that burns or explodes and produces bright coloured lights and loud noises, used especially at celebrations'; candidate='пожежна робота (ноун): маленький пристрій з порошком, який спалює або вибухає і видає яскраве кольорове світло та гучні звуки, які особливо використовуються під час свят.'; reverse='Firework: A small powdered device that burns or explodes and produces bright color light and loud sounds that are especially used during holidays.'; lexical=1.000; candidate_definition_similarity=0.772; reverse_definition_similarity=0.822; semantic=0.822; POS/language checks PASS.
ox5000-cc984d8d5615f983c4c8	fond	adjective	B2	люблячий	verified	MANUAL_EMERGENCY_WORK_20260820_FIRST_PASS_V3_round01	MANUAL_EMERGENCY_WORK_20260820_SECOND_PASS_V3_round01	MANUAL_EMERGENCY_WORK V3 exact Oxford identity; source_index=2173; definition_path=/us/definition/english/fond; stable_id=PASS; exact_definition='having warm or loving feelings for somebody, especially somebody you have known for a long time'; selected_candidate_method=en_wiktionary_matching_pos_uk_translation	PASS: source-grounded second pass; method=en_wiktionary_matching_pos_uk_translation; exact Oxford definition='having warm or loving feelings for somebody, especially somebody you have known for a long time'; candidate='люблячий'; reverse='Loving'; lexical=0.400; candidate_definition_similarity=0.418; reverse_definition_similarity=0.546; semantic=0.546; POS/language checks PASS.
ox5000-8f0a5905b743e6145587	forecast	noun	B2	прогноз (немає): заява щодо того, що станеться у майбутньому, заснована на інформації, яка доступна тепер	verified	MANUAL_EMERGENCY_WORK_20260820_FIRST_PASS_V3_round01	MANUAL_EMERGENCY_WORK_20260820_SECOND_PASS_V3_round01	MANUAL_EMERGENCY_WORK V3 exact Oxford identity; source_index=2183; definition_path=/us/definition/english/forecast_1; stable_id=PASS; exact_definition='a statement about what will happen in the future, based on information that is available now'; selected_candidate_method=Helsinki-NLP/opus-mt-en-uk_contextual_definition_candidate	PASS: source-grounded second pass; method=Helsinki-NLP/opus-mt-en-uk_contextual_definition_candidate; exact Oxford definition='a statement about what will happen in the future, based on information that is available now'; candidate='прогноз (немає): заява щодо того, що станеться у майбутньому, заснована на інформації, яка доступна тепер'; reverse='Forecast (no): A statement about what will happen in the future is based on information now available'; lexical=1.000; candidate_definition_similarity=0.890; reverse_definition_similarity=0.893; semantic=0.893; POS/language checks PASS.
ox5000-3a0f5941248926ec1d37	forecast	verb	B2	прогнозування (клацання): сказати про те, що, на вашу думку, станеться у майбутньому на основі інформації, яку ви маєте зараз	verified	MANUAL_EMERGENCY_WORK_20260820_FIRST_PASS_V3_round01	MANUAL_EMERGENCY_WORK_20260820_SECOND_PASS_V3_round01	MANUAL_EMERGENCY_WORK V3 exact Oxford identity; source_index=2184; definition_path=/us/definition/english/forecast_2; stable_id=PASS; exact_definition='to say what you think will happen in the future based on information that you have now'; selected_candidate_method=Helsinki-NLP/opus-mt-en-uk_contextual_definition_candidate	PASS: source-grounded second pass; method=Helsinki-NLP/opus-mt-en-uk_contextual_definition_candidate; exact Oxford definition='to say what you think will happen in the future based on information that you have now'; candidate='прогнозування (клацання): сказати про те, що, на вашу думку, станеться у майбутньому на основі інформації, яку ви маєте зараз'; reverse='Forecast: to say what you think will happen in the future based on the information you have now'; lexical=1.000; candidate_definition_similarity=0.898; reverse_definition_similarity=0.922; semantic=0.922; POS/language checks PASS.
ox5000-727991f6048fe8ce77d0	foreigner	noun	C1	іноземець (нуун): людина, яка походить з іншої країни	verified	MANUAL_EMERGENCY_WORK_20260820_FIRST_PASS_V3_round01	MANUAL_EMERGENCY_WORK_20260820_SECOND_PASS_V3_round01	MANUAL_EMERGENCY_WORK V3 exact Oxford identity; source_index=2186; definition_path=/us/definition/english/foreigner; stable_id=PASS; exact_definition='a person who comes from a different country'; selected_candidate_method=Helsinki-NLP/opus-mt-en-uk_contextual_definition_candidate	PASS: source-grounded second pass; method=Helsinki-NLP/opus-mt-en-uk_contextual_definition_candidate; exact Oxford definition='a person who comes from a different country'; candidate='іноземець (нуун): людина, яка походить з іншої країни'; reverse='foreigner (nuun): someone who comes from another country'; lexical=1.000; candidate_definition_similarity=0.834; reverse_definition_similarity=0.871; semantic=0.871; POS/language checks PASS.
ox5000-44a935daea3b2b80e426	formation	noun	B2	формування	verified	MANUAL_EMERGENCY_WORK_20260820_FIRST_PASS_V3_round01	MANUAL_EMERGENCY_WORK_20260820_SECOND_PASS_V3_round01	MANUAL_EMERGENCY_WORK V3 exact Oxford identity; source_index=2197; definition_path=/us/definition/english/formation; stable_id=PASS; exact_definition='the action of forming something; the process of being formed'; selected_candidate_method=Helsinki-NLP/opus-mt-en-uk_surface_candidate	PASS: source-grounded second pass; method=Helsinki-NLP/opus-mt-en-uk_surface_candidate; exact Oxford definition='the action of forming something; the process of being formed'; candidate='формування'; reverse='molding'; lexical=0.375; candidate_definition_similarity=0.692; reverse_definition_similarity=0.373; semantic=0.692; POS/language checks PASS.
ox5000-364abe382625d64bbd07	formerly	adverb	B2	Раніше	verified	MANUAL_EMERGENCY_WORK_20260820_FIRST_PASS_V3_round01	MANUAL_EMERGENCY_WORK_20260820_SECOND_PASS_V3_round01	MANUAL_EMERGENCY_WORK V3 exact Oxford identity; source_index=2199; definition_path=/us/definition/english/formerly; stable_id=PASS; exact_definition='in the past'; selected_candidate_method=Helsinki-NLP/opus-mt-en-uk_surface_candidate	PASS: source-grounded second pass; method=Helsinki-NLP/opus-mt-en-uk_surface_candidate; exact Oxford definition='in the past'; candidate='Раніше'; reverse='Earlier'; lexical=0.400; candidate_definition_similarity=0.866; reverse_definition_similarity=0.754; semantic=0.866; POS/language checks PASS.
ox5000-99537d5150d0cdb742b2	formula	noun	C1	формула (ніун): послідовність літер, чисел або символів, що відповідають правилу або закону	verified	MANUAL_EMERGENCY_WORK_20260820_FIRST_PASS_V3_round01	MANUAL_EMERGENCY_WORK_20260820_SECOND_PASS_V3_round01	MANUAL_EMERGENCY_WORK V3 exact Oxford identity; source_index=2200; definition_path=/us/definition/english/formula; stable_id=PASS; exact_definition='a series of letters, numbers or symbols that represent a rule or law'; selected_candidate_method=Helsinki-NLP/opus-mt-en-uk_contextual_definition_candidate	PASS: source-grounded second pass; method=Helsinki-NLP/opus-mt-en-uk_contextual_definition_candidate; exact Oxford definition='a series of letters, numbers or symbols that represent a rule or law'; candidate='формула (ніун): послідовність літер, чисел або символів, що відповідають правилу або закону'; reverse='formula (Nine): a sequence of letters, numbers or characters corresponding to a rule or law'; lexical=1.000; candidate_definition_similarity=0.761; reverse_definition_similarity=0.754; semantic=0.761; POS/language checks PASS.
ox5000-51f9239c5d82f1daf597	forum	noun	B2	форум (ніун): подія або медіум, де люди можуть обмінюватися поглядами та ідеями на певні питання; зустріч, організована для цієї мети	verified	MANUAL_EMERGENCY_WORK_20260820_FIRST_PASS_V3_round01	MANUAL_EMERGENCY_WORK_20260820_SECOND_PASS_V3_round01	MANUAL_EMERGENCY_WORK V3 exact Oxford identity; source_index=2208; definition_path=/us/definition/english/forum; stable_id=PASS; exact_definition='an event or medium where people can exchange opinions and ideas on a particular issue; a meeting organized for this purpose'; selected_candidate_method=Helsinki-NLP/opus-mt-en-uk_contextual_definition_candidate	PASS: source-grounded second pass; method=Helsinki-NLP/opus-mt-en-uk_contextual_definition_candidate; exact Oxford definition='an event or medium where people can exchange opinions and ideas on a particular issue; a meeting organized for this purpose'; candidate='форум (ніун): подія або медіум, де люди можуть обмінюватися поглядами та ідеями на певні питання; зустріч, організована для цієї мети'; reverse='Forum: an event or a medium where people can exchange opinions and ideas for certain questions; a meeting organized for that purpose'; lexical=1.000; candidate_definition_similarity=0.789; reverse_definition_similarity=0.807; semantic=0.807; POS/language checks PASS.
ox5000-fdfbff9a3658ec4c47d7	fossil	noun	B2	скам'янілості (нуун): частини мертвої тварини або рослини, які стали твердими і перетворилися на камінь.	verified	MANUAL_EMERGENCY_WORK_20260820_FIRST_PASS_V3_round01	MANUAL_EMERGENCY_WORK_20260820_SECOND_PASS_V3_round01	MANUAL_EMERGENCY_WORK V3 exact Oxford identity; source_index=2211; definition_path=/us/definition/english/fossil; stable_id=PASS; exact_definition='the parts of a dead animal or a plant that have become hard and turned into rock'; selected_candidate_method=Helsinki-NLP/opus-mt-en-uk_contextual_definition_candidate	"PASS: source-grounded second pass; method=Helsinki-NLP/opus-mt-en-uk_contextual_definition_candidate; exact Oxford definition='the parts of a dead animal or a plant that have become hard and turned into rock'; candidate=""скам'янілості (нуун): частини мертвої тварини або рослини, які стали твердими і перетворилися на камінь.""; reverse='fossils: pieces of dead animals or plants that became hard and turned to stone'; lexical=1.000; candidate_definition_similarity=0.886; reverse_definition_similarity=0.824; semantic=0.886; POS/language checks PASS."
ox5000-3826a189ea9ac3d0931e	foundation	noun	B2	фунда́мент	verified	MANUAL_EMERGENCY_WORK_20260820_FIRST_PASS_V3_round01	MANUAL_EMERGENCY_WORK_20260820_SECOND_PASS_V3_round01	MANUAL_EMERGENCY_WORK V3 exact Oxford identity; source_index=2214; definition_path=/us/definition/english/foundation; stable_id=PASS; exact_definition='a principle, an idea or a fact that something is based on and that it grows from'; selected_candidate_method=en_wiktionary_matching_pos_uk_translation	PASS: source-grounded second pass; method=en_wiktionary_matching_pos_uk_translation; exact Oxford definition='a principle, an idea or a fact that something is based on and that it grows from'; candidate='фунда́мент'; reverse='foundation'; lexical=1.000; candidate_definition_similarity=0.431; reverse_definition_similarity=0.313; semantic=0.431; POS/language checks PASS.
ox5000-01eabf8856766ebc8e63	founder	noun	B2	засновник	verified	MANUAL_EMERGENCY_WORK_20260820_FIRST_PASS_V3_round01	MANUAL_EMERGENCY_WORK_20260820_SECOND_PASS_V3_round01	MANUAL_EMERGENCY_WORK V3 exact Oxford identity; source_index=2215; definition_path=/us/definition/english/founder_1; stable_id=PASS; exact_definition='a person who starts an organization, institution, etc. or causes something to be built'; selected_candidate_method=Helsinki-NLP/opus-mt-en-uk_surface_candidate	PASS: source-grounded second pass; method=Helsinki-NLP/opus-mt-en-uk_surface_candidate; exact Oxford definition='a person who starts an organization, institution, etc. or causes something to be built'; candidate='засновник'; reverse='founder'; lexical=1.000; candidate_definition_similarity=0.530; reverse_definition_similarity=0.515; semantic=0.530; POS/language checks PASS.
ox5000-1bc4348190f7b6ca8ea3	fraction	noun	B2	дріб (нуль): мала частина або кількість чогось	verified	MANUAL_EMERGENCY_WORK_20260820_FIRST_PASS_V3_round01	MANUAL_EMERGENCY_WORK_20260820_SECOND_PASS_V3_round01	MANUAL_EMERGENCY_WORK V3 exact Oxford identity; source_index=2219; definition_path=/us/definition/english/fraction; stable_id=PASS; exact_definition='a small part or amount of something'; selected_candidate_method=Helsinki-NLP/opus-mt-en-uk_contextual_definition_candidate	PASS: source-grounded second pass; method=Helsinki-NLP/opus-mt-en-uk_contextual_definition_candidate; exact Oxford definition='a small part or amount of something'; candidate='дріб (нуль): мала частина або кількість чогось'; reverse='fraction (zero): small part or number of something'; lexical=1.000; candidate_definition_similarity=0.756; reverse_definition_similarity=0.700; semantic=0.756; POS/language checks PASS.
ox5000-29bed3900aea762df21c	fragment	noun	B2	фрагмент (нуль): мала частина чогось, що відірвало або походило від чогось більшого	verified	MANUAL_EMERGENCY_WORK_20260820_FIRST_PASS_V3_round01	MANUAL_EMERGENCY_WORK_20260820_SECOND_PASS_V3_round01	MANUAL_EMERGENCY_WORK V3 exact Oxford identity; source_index=2221; definition_path=/us/definition/english/fragment_1; stable_id=PASS; exact_definition='a small part of something that has broken off or comes from something larger'; selected_candidate_method=Helsinki-NLP/opus-mt-en-uk_contextual_definition_candidate	PASS: source-grounded second pass; method=Helsinki-NLP/opus-mt-en-uk_contextual_definition_candidate; exact Oxford definition='a small part of something that has broken off or comes from something larger'; candidate='фрагмент (нуль): мала частина чогось, що відірвало або походило від чогось більшого'; reverse='fragment (null): a small part of something torn away or derived from something larger'; lexical=1.000; candidate_definition_similarity=0.685; reverse_definition_similarity=0.620; semantic=0.685; POS/language checks PASS.
ox5000-d11ee536f206623dd9f9	fraud	noun	B2	шахрайство	verified	MANUAL_EMERGENCY_WORK_20260820_FIRST_PASS_V3_round01	MANUAL_EMERGENCY_WORK_20260820_SECOND_PASS_V3_round01	MANUAL_EMERGENCY_WORK V3 exact Oxford identity; source_index=2227; definition_path=/us/definition/english/fraud; stable_id=PASS; exact_definition='the crime of cheating somebody in order to get money or goods illegally'; selected_candidate_method=Helsinki-NLP/opus-mt-en-uk_surface_candidate	PASS: source-grounded second pass; method=Helsinki-NLP/opus-mt-en-uk_surface_candidate; exact Oxford definition='the crime of cheating somebody in order to get money or goods illegally'; candidate='шахрайство'; reverse='fraud'; lexical=1.000; candidate_definition_similarity=0.665; reverse_definition_similarity=0.637; semantic=0.665; POS/language checks PASS.
ox5000-af3d7f706d9de6258253	frequent	adjective	B2	часті події або дії	verified	MANUAL_EMERGENCY_WORK_20260820_FIRST_PASS_V3_round01	MANUAL_EMERGENCY_WORK_20260820_SECOND_PASS_V3_round01	MANUAL_EMERGENCY_WORK V3 exact Oxford identity; source_index=2235; definition_path=/us/definition/english/frequent_1; stable_id=PASS; exact_definition='happening or doing something often'; selected_candidate_method=Helsinki-NLP/opus-mt-en-uk_contextual_definition_candidate	PASS: source-grounded second pass; method=Helsinki-NLP/opus-mt-en-uk_contextual_definition_candidate; exact Oxford definition='happening or doing something often'; candidate='часті події або дії'; reverse='frequent events or actions'; lexical=1.000; candidate_definition_similarity=0.648; reverse_definition_similarity=0.836; semantic=0.836; POS/language checks PASS.
ox5000-02b2b92d62fbdb8d9849	full-time	adverb	B2	весь час	verified	MANUAL_EMERGENCY_WORK_20260820_FIRST_PASS_V3_round01	MANUAL_EMERGENCY_WORK_20260820_SECOND_PASS_V3_round01	MANUAL_EMERGENCY_WORK V3 exact Oxford identity; source_index=2261; definition_path=/us/definition/english/full-time_2; stable_id=PASS; exact_definition='for all the hours of a week during which people normally work or study, rather than just for a part of it'; selected_candidate_method=Helsinki-NLP/opus-mt-en-uk_surface_candidate	PASS: source-grounded second pass; method=Helsinki-NLP/opus-mt-en-uk_surface_candidate; exact Oxford definition='for all the hours of a week during which people normally work or study, rather than just for a part of it'; candidate='весь час'; reverse='all the time'; lexical=0.667; candidate_definition_similarity=0.386; reverse_definition_similarity=0.335; semantic=0.386; POS/language checks PASS.
ox5000-40c7d5e1dedb6b8d1d14	fundamentally	adverb	B2	фундаментально ( прислівник): у всіх аспектах, що є важливими; повністю	verified	MANUAL_EMERGENCY_WORK_20260820_FIRST_PASS_V3_round01	MANUAL_EMERGENCY_WORK_20260820_SECOND_PASS_V3_round01	MANUAL_EMERGENCY_WORK V3 exact Oxford identity; source_index=2271; definition_path=/us/definition/english/fundamentally; stable_id=PASS; exact_definition='in every way that is important; completely'; selected_candidate_method=Helsinki-NLP/opus-mt-en-uk_contextual_definition_candidate	PASS: source-grounded second pass; method=Helsinki-NLP/opus-mt-en-uk_contextual_definition_candidate; exact Oxford definition='in every way that is important; completely'; candidate='фундаментально ( прислівник): у всіх аспектах, що є важливими; повністю'; reverse='fundamental (Adverb): In all aspects that are important; complete'; lexical=0.324; candidate_definition_similarity=0.729; reverse_definition_similarity=0.637; semantic=0.729; POS/language checks PASS.
ox5000-19dcdb5e045a76a294ff	gaming	noun	B2	гра (ноун): гра у відеоігри	verified	MANUAL_EMERGENCY_WORK_20260820_FIRST_PASS_V3_round01	MANUAL_EMERGENCY_WORK_20260820_SECOND_PASS_V3_round01	MANUAL_EMERGENCY_WORK V3 exact Oxford identity; source_index=2290; definition_path=/us/definition/english/gaming; stable_id=PASS; exact_definition='playing video games'; selected_candidate_method=Helsinki-NLP/opus-mt-en-uk_contextual_definition_candidate	PASS: source-grounded second pass; method=Helsinki-NLP/opus-mt-en-uk_contextual_definition_candidate; exact Oxford definition='playing video games'; candidate='гра (ноун): гра у відеоігри'; reverse='game (Noun): video game'; lexical=0.385; candidate_definition_similarity=0.852; reverse_definition_similarity=0.774; semantic=0.852; POS/language checks PASS.
ox5000-59f5f085529f2ddbf319	gender	noun	B2	Секс (ніун): факт чоловічої чи жіночої статі, особливо коли йдеться про соціальні та культурні відмінності, а не про відмінності в біології; членів окремої статі як групи	verified	MANUAL_EMERGENCY_WORK_20260820_FIRST_PASS_V3_round01	MANUAL_EMERGENCY_WORK_20260820_SECOND_PASS_V3_round01	MANUAL_EMERGENCY_WORK V3 exact Oxford identity; source_index=2303; definition_path=/us/definition/english/gender; stable_id=PASS; exact_definition='the fact of being male or female, especially when considered with reference to social and cultural differences, rather than differences in biology; members of a particular gender as a group'; selected_candidate_method=Helsinki-NLP/opus-mt-en-uk_contextual_definition_candidate	PASS: source-grounded second pass; method=Helsinki-NLP/opus-mt-en-uk_contextual_definition_candidate; exact Oxford definition='the fact of being male or female, especially when considered with reference to social and cultural differences, rather than differences in biology; members of a particular gender as a group'; candidate='Секс (ніун): факт чоловічої чи жіночої статі, особливо коли йдеться про соціальні та культурні відмінності, а не про відмінності в біології; членів окремої статі як групи'; reverse='Sex: male or female fact, especially when it comes to social and cultural differences, not biological differences; single gender members as a group'; lexical=1.000; candidate_definition_similarity=0.800; reverse_definition_similarity=0.855; semantic=0.855; POS/language checks PASS.
ox5000-46c3d06bb042acc4ae37	gene	noun	B2	ген (нун): одиниця всередині клітини, яка контролює особливу якість живої істоти, яка передається від батьків.	verified	MANUAL_EMERGENCY_WORK_20260820_FIRST_PASS_V3_round01	MANUAL_EMERGENCY_WORK_20260820_SECOND_PASS_V3_round01	MANUAL_EMERGENCY_WORK V3 exact Oxford identity; source_index=2304; definition_path=/us/definition/english/gene_1; stable_id=PASS; exact_definition='a unit inside a cell that controls a particular quality in a living thing that has been passed on from its parents'; selected_candidate_method=Helsinki-NLP/opus-mt-en-uk_contextual_definition_candidate	PASS: source-grounded second pass; method=Helsinki-NLP/opus-mt-en-uk_contextual_definition_candidate; exact Oxford definition='a unit inside a cell that controls a particular quality in a living thing that has been passed on from its parents'; candidate='ген (нун): одиниця всередині клітини, яка контролює особливу якість живої істоти, яка передається від батьків.'; reverse='gene: A unit inside a cell that controls the special quality of a living thing that is passed on from parents.'; lexical=1.000; candidate_definition_similarity=0.698; reverse_definition_similarity=0.740; semantic=0.740; POS/language checks PASS.
ox5000-94877a610fe8476c7f15	genetic	adjective	B2	Генетичний (підприємець): пов'язаний з генами (= одиницями клітин живої істоти, що контролює її фізичні характеристики) або генетичними (= вивчення генів)	verified	MANUAL_EMERGENCY_WORK_20260820_FIRST_PASS_V3_round01	MANUAL_EMERGENCY_WORK_20260820_SECOND_PASS_V3_round01	MANUAL_EMERGENCY_WORK V3 exact Oxford identity; source_index=2311; definition_path=/us/definition/english/genetic; stable_id=PASS; exact_definition='connected with genes (= the units in the cells of a living thing that control its physical characteristics) or genetics (= the study of genes )'; selected_candidate_method=Helsinki-NLP/opus-mt-en-uk_contextual_definition_candidate	"PASS: source-grounded second pass; method=Helsinki-NLP/opus-mt-en-uk_contextual_definition_candidate; exact Oxford definition='connected with genes (= the units in the cells of a living thing that control its physical characteristics) or genetics (= the study of genes )'; candidate=""Генетичний (підприємець): пов'язаний з генами (= одиницями клітин живої істоти, що контролює її фізичні характеристики) або генетичними (= вивчення генів)""; reverse='Genetic (Environmental): Genetically related (= units of living cells that control its physical characteristics) or genetics (= gene studies)'; lexical=1.000; candidate_definition_similarity=0.847; reverse_definition_similarity=0.857; semantic=0.857; POS/language checks PASS."
ox5000-38ca77b3038a730f48dc	genius	noun	B2	геній (нуун): надзвичайно великий інтелект, майстерність або мистецькі здібності	verified	MANUAL_EMERGENCY_WORK_20260820_FIRST_PASS_V3_round01	MANUAL_EMERGENCY_WORK_20260820_SECOND_PASS_V3_round01	MANUAL_EMERGENCY_WORK V3 exact Oxford identity; source_index=2312; definition_path=/us/definition/english/genius_1; stable_id=PASS; exact_definition='unusually great intelligence, skill or artistic ability'; selected_candidate_method=Helsinki-NLP/opus-mt-en-uk_contextual_definition_candidate	PASS: source-grounded second pass; method=Helsinki-NLP/opus-mt-en-uk_contextual_definition_candidate; exact Oxford definition='unusually great intelligence, skill or artistic ability'; candidate='геній (нуун): надзвичайно великий інтелект, майстерність або мистецькі здібності'; reverse='genius: extremely great intelligence, skill or artistic ability'; lexical=1.000; candidate_definition_similarity=0.886; reverse_definition_similarity=0.901; semantic=0.901; POS/language checks PASS.
ox5000-80a11eeb9358a7e9644e	genuinely	adverb	B2	Справді.	verified	MANUAL_EMERGENCY_WORK_20260820_FIRST_PASS_V3_round01	MANUAL_EMERGENCY_WORK_20260820_SECOND_PASS_V3_round01	MANUAL_EMERGENCY_WORK V3 exact Oxford identity; source_index=2318; definition_path=/us/definition/english/genuinely; stable_id=PASS; exact_definition='truly; in a way that is exactly what it appears to be and is not artificial'; selected_candidate_method=Helsinki-NLP/opus-mt-en-uk_surface_candidate	PASS: source-grounded second pass; method=Helsinki-NLP/opus-mt-en-uk_surface_candidate; exact Oxford definition='truly; in a way that is exactly what it appears to be and is not artificial'; candidate='Справді.'; reverse='Really.'; lexical=0.400; candidate_definition_similarity=0.502; reverse_definition_similarity=0.487; semantic=0.502; POS/language checks PASS.
ox5000-50d8b4ca875ee4a7096d	gesture	noun	B2	жест (нун): рух, який ви робите руками, головою або обличчям, щоб показати якесь особливе значення	verified	MANUAL_EMERGENCY_WORK_20260820_FIRST_PASS_V3_round01	MANUAL_EMERGENCY_WORK_20260820_SECOND_PASS_V3_round01	MANUAL_EMERGENCY_WORK V3 exact Oxford identity; source_index=2320; definition_path=/us/definition/english/gesture_1; stable_id=PASS; exact_definition='a movement that you make with your hands, your head or your face to show a particular meaning'; selected_candidate_method=Helsinki-NLP/opus-mt-en-uk_contextual_definition_candidate	PASS: source-grounded second pass; method=Helsinki-NLP/opus-mt-en-uk_contextual_definition_candidate; exact Oxford definition='a movement that you make with your hands, your head or your face to show a particular meaning'; candidate='жест (нун): рух, який ви робите руками, головою або обличчям, щоб показати якесь особливе значення'; reverse='gesture (nun): the movement you make with your hands, head or face to show some special meaning'; lexical=1.000; candidate_definition_similarity=0.798; reverse_definition_similarity=0.823; semantic=0.823; POS/language checks PASS.
ox5000-7a202570f29a7f4daf74	glance	verb	C1	гля́нути	verified	MANUAL_EMERGENCY_WORK_20260820_FIRST_PASS_V3_round01	MANUAL_EMERGENCY_WORK_20260820_SECOND_PASS_V3_round01	MANUAL_EMERGENCY_WORK V3 exact Oxford identity; source_index=2332; definition_path=/us/definition/english/glance_1; stable_id=PASS; exact_definition='to look quickly at something/somebody'; selected_candidate_method=en_wiktionary_matching_pos_uk_translation	PASS: source-grounded second pass; method=en_wiktionary_matching_pos_uk_translation; exact Oxford definition='to look quickly at something/somebody'; candidate='гля́нути'; reverse='gling'; lexical=0.545; candidate_definition_similarity=0.534; reverse_definition_similarity=0.190; semantic=0.534; POS/language checks PASS.
ox5000-2a12e5e092f583e5e7b5	globalization	noun	B2	Глобалізація (нуун): той факт, що різні культури та економічні системи світу пов'язані між собою і подібні через вплив великих транснаціональних компаній та покращений обмін думками.	verified	MANUAL_EMERGENCY_WORK_20260820_FIRST_PASS_V3_round01	MANUAL_EMERGENCY_WORK_20260820_SECOND_PASS_V3_round01	MANUAL_EMERGENCY_WORK V3 exact Oxford identity; source_index=2336; definition_path=/us/definition/english/globalization; stable_id=PASS; exact_definition='the fact that different cultures and economic systems around the world are becoming connected and similar to each other because of the influence of large multinational companies and of improved communication'; selected_candidate_method=Helsinki-NLP/opus-mt-en-uk_contextual_definition_candidate	"PASS: source-grounded second pass; method=Helsinki-NLP/opus-mt-en-uk_contextual_definition_candidate; exact Oxford definition='the fact that different cultures and economic systems around the world are becoming connected and similar to each other because of the influence of large multinational companies and of improved communication'; candidate=""Глобалізація (нуун): той факт, що різні культури та економічні системи світу пов'язані між собою і подібні через вплив великих транснаціональних компаній та покращений обмін думками.""; reverse='Globalization: The fact that different cultures and economic systems of the world are connected and similar because of the influence of large transnational companies and improved communication.'; lexical=1.000; candidate_definition_similarity=0.885; reverse_definition_similarity=0.889; semantic=0.889; POS/language checks PASS."
ox5000-2c70ba897b47d73650bb	globe	noun	B2	глобус (ноун): світ (особливо використаний для підкреслення його розміру)	verified	MANUAL_EMERGENCY_WORK_20260820_FIRST_PASS_V3_round01	MANUAL_EMERGENCY_WORK_20260820_SECOND_PASS_V3_round01	MANUAL_EMERGENCY_WORK V3 exact Oxford identity; source_index=2337; definition_path=/us/definition/english/globe; stable_id=PASS; exact_definition='the world (used especially to emphasize its size)'; selected_candidate_method=Helsinki-NLP/opus-mt-en-uk_contextual_definition_candidate	PASS: source-grounded second pass; method=Helsinki-NLP/opus-mt-en-uk_contextual_definition_candidate; exact Oxford definition='the world (used especially to emphasize its size)'; candidate='глобус (ноун): світ (особливо використаний для підкреслення його розміру)'; reverse='globe (Noun): the world (especially used to emphasize its size)'; lexical=1.000; candidate_definition_similarity=0.888; reverse_definition_similarity=0.861; semantic=0.888; POS/language checks PASS.
ox5000-c4006c27fe4f74c08ec9	golden	adjective	B2	золотий (прикметник): зроблений із золота	verified	MANUAL_EMERGENCY_WORK_20260820_FIRST_PASS_V3_round01	MANUAL_EMERGENCY_WORK_20260820_SECOND_PASS_V3_round01	MANUAL_EMERGENCY_WORK V3 exact Oxford identity; source_index=2347; definition_path=/us/definition/english/golden; stable_id=PASS; exact_definition='made of gold'; selected_candidate_method=Helsinki-NLP/opus-mt-en-uk_contextual_definition_candidate	PASS: source-grounded second pass; method=Helsinki-NLP/opus-mt-en-uk_contextual_definition_candidate; exact Oxford definition='made of gold'; candidate='золотий (прикметник): зроблений із золота'; reverse='gold (pointbook): made of gold'; lexical=0.303; candidate_definition_similarity=0.955; reverse_definition_similarity=0.922; semantic=0.955; POS/language checks PASS.
ox5000-29f67b0d52a0d9907076	goodness	noun	B2	Доброта	verified	MANUAL_EMERGENCY_WORK_20260820_FIRST_PASS_V3_round01	MANUAL_EMERGENCY_WORK_20260820_SECOND_PASS_V3_round01	MANUAL_EMERGENCY_WORK V3 exact Oxford identity; source_index=2353; definition_path=/us/definition/english/goodness; stable_id=PASS; exact_definition='the quality of being good'; selected_candidate_method=Helsinki-NLP/opus-mt-en-uk_surface_candidate	PASS: source-grounded second pass; method=Helsinki-NLP/opus-mt-en-uk_surface_candidate; exact Oxford definition='the quality of being good'; candidate='Доброта'; reverse='Kindness'; lexical=0.625; candidate_definition_similarity=0.756; reverse_definition_similarity=0.545; semantic=0.756; POS/language checks PASS.
ox5000-4e4e1337cc88e43cc243	governor	noun	B2	губернатор (нуун): особа, яка є офіціальною головою країни або регіону, якою керує інша країна	verified	MANUAL_EMERGENCY_WORK_20260820_FIRST_PASS_V3_round01	MANUAL_EMERGENCY_WORK_20260820_SECOND_PASS_V3_round01	MANUAL_EMERGENCY_WORK V3 exact Oxford identity; source_index=2359; definition_path=/us/definition/english/governor; stable_id=PASS; exact_definition='a person who is the official head of a country or region that is governed by another country'; selected_candidate_method=Helsinki-NLP/opus-mt-en-uk_contextual_definition_candidate	PASS: source-grounded second pass; method=Helsinki-NLP/opus-mt-en-uk_contextual_definition_candidate; exact Oxford definition='a person who is the official head of a country or region that is governed by another country'; candidate='губернатор (нуун): особа, яка є офіціальною головою країни або регіону, якою керує інша країна'; reverse='Governor (nuun): A person who is the official head of a country or region ruled by another country'; lexical=1.000; candidate_definition_similarity=0.785; reverse_definition_similarity=0.838; semantic=0.838; POS/language checks PASS.
ox5000-9fa3b95bc325a8e5a0bc	graphic	adjective	B2	графічний (підтекст): пов'язаний з малюнками та дизайном, особливо у створенні книжок, журналів, веб - сайтів тощо.	verified	MANUAL_EMERGENCY_WORK_20260820_FIRST_PASS_V3_round01	MANUAL_EMERGENCY_WORK_20260820_SECOND_PASS_V3_round01	MANUAL_EMERGENCY_WORK V3 exact Oxford identity; source_index=2374; definition_path=/us/definition/english/graphic_1; stable_id=PASS; exact_definition='connected with drawings and design, especially in the production of books, magazines, websites, etc.'; selected_candidate_method=Helsinki-NLP/opus-mt-en-uk_contextual_definition_candidate	"PASS: source-grounded second pass; method=Helsinki-NLP/opus-mt-en-uk_contextual_definition_candidate; exact Oxford definition='connected with drawings and design, especially in the production of books, magazines, websites, etc.'; candidate=""графічний (підтекст): пов'язаний з малюнками та дизайном, особливо у створенні книжок, журналів, веб - сайтів тощо.""; reverse='graphic (subtext) is linked to pictures and design, especially in books, magazines, Web sites, and so forth.'; lexical=1.000; candidate_definition_similarity=0.800; reverse_definition_similarity=0.679; semantic=0.800; POS/language checks PASS."
ox5000-f6db7a1824f60f3e32a1	graphics	noun	B2	Графіка (нун): дизайн, малюнки або малюнки, які використовуються для виготовлення книжок, журналів, веб - сайтів тощо.	verified	MANUAL_EMERGENCY_WORK_20260820_FIRST_PASS_V3_round01	MANUAL_EMERGENCY_WORK_20260820_SECOND_PASS_V3_round01	MANUAL_EMERGENCY_WORK V3 exact Oxford identity; source_index=2375; definition_path=/us/definition/english/graphics; stable_id=PASS; exact_definition='designs, drawings or pictures that are used especially in the production of books, magazines, websites, etc.'; selected_candidate_method=Helsinki-NLP/opus-mt-en-uk_contextual_definition_candidate	PASS: source-grounded second pass; method=Helsinki-NLP/opus-mt-en-uk_contextual_definition_candidate; exact Oxford definition='designs, drawings or pictures that are used especially in the production of books, magazines, websites, etc.'; candidate='Графіка (нун): дизайн, малюнки або малюнки, які використовуються для виготовлення книжок, журналів, веб - сайтів тощо.'; reverse='Graphics (nun): Design, pictures, or pictures used for making books, magazines, Web sites, and so on.'; lexical=1.000; candidate_definition_similarity=0.793; reverse_definition_similarity=0.844; semantic=0.844; POS/language checks PASS.
ox5000-b31fc31f4e51a7bcac20	greenhouse	noun	B2	тепли́ця	verified	MANUAL_EMERGENCY_WORK_20260820_FIRST_PASS_V3_round01	MANUAL_EMERGENCY_WORK_20260820_SECOND_PASS_V3_round01	MANUAL_EMERGENCY_WORK V3 exact Oxford identity; source_index=2387; definition_path=/us/definition/english/greenhouse; stable_id=PASS; exact_definition='a building with glass sides and a glass roof for growing plants in'; selected_candidate_method=en_wiktionary_matching_pos_uk_translation	PASS: source-grounded second pass; method=en_wiktionary_matching_pos_uk_translation; exact Oxford definition='a building with glass sides and a glass roof for growing plants in'; candidate='тепли́ця'; reverse='greenhouse'; lexical=1.000; candidate_definition_similarity=0.225; reverse_definition_similarity=0.462; semantic=0.462; POS/language checks PASS.
ox5000-889e167db140abcc55ee	guideline	noun	B2	директи́ва	verified	MANUAL_EMERGENCY_WORK_20260820_FIRST_PASS_V3_round01	MANUAL_EMERGENCY_WORK_20260820_SECOND_PASS_V3_round01	MANUAL_EMERGENCY_WORK V3 exact Oxford identity; source_index=2415; definition_path=/us/definition/english/guideline; stable_id=PASS; exact_definition='a set of rules or instructions that are given by an official organization telling you how to do something, especially something difficult'; selected_candidate_method=en_wiktionary_matching_pos_uk_translation	PASS: source-grounded second pass; method=en_wiktionary_matching_pos_uk_translation; exact Oxford definition='a set of rules or instructions that are given by an official organization telling you how to do something, especially something difficult'; candidate='директи́ва'; reverse='directive'; lexical=0.444; candidate_definition_similarity=0.293; reverse_definition_similarity=0.521; semantic=0.521; POS/language checks PASS.
ox5000-196e7e40d3dea9806f88	habitat	noun	B2	ареал (ніун): місце, де зазвичай знаходять певного виду тварин або рослин.	verified	MANUAL_EMERGENCY_WORK_20260820_FIRST_PASS_V3_round01	MANUAL_EMERGENCY_WORK_20260820_SECOND_PASS_V3_round01	MANUAL_EMERGENCY_WORK V3 exact Oxford identity; source_index=2424; definition_path=/us/definition/english/habitat_1; stable_id=PASS; exact_definition='the place where a particular type of animal or plant is normally found'; selected_candidate_method=Helsinki-NLP/opus-mt-en-uk_contextual_definition_candidate	PASS: source-grounded second pass; method=Helsinki-NLP/opus-mt-en-uk_contextual_definition_candidate; exact Oxford definition='the place where a particular type of animal or plant is normally found'; candidate='ареал (ніун): місце, де зазвичай знаходять певного виду тварин або рослин.'; reverse='habitat: a place where certain kinds of animals or plants are usually found'; lexical=1.000; candidate_definition_similarity=0.791; reverse_definition_similarity=0.865; semantic=0.865; POS/language checks PASS.
ox5000-e1c41e9f875382fe57b7	harbour	noun	B2	Харбур (нуун): ділянка води на узбережжі, захищена від відкритого моря міцними мурами, де кораблі можуть переселитися.	verified	MANUAL_EMERGENCY_WORK_20260820_FIRST_PASS_V3_round01	MANUAL_EMERGENCY_WORK_20260820_SECOND_PASS_V3_round01	MANUAL_EMERGENCY_WORK V3 exact Oxford identity; source_index=2448; definition_path=/us/definition/english/harbour_1; stable_id=PASS; exact_definition='an area of water on the coast, protected from the open sea by strong walls, where ships can shelter'; selected_candidate_method=Helsinki-NLP/opus-mt-en-uk_contextual_definition_candidate	PASS: source-grounded second pass; method=Helsinki-NLP/opus-mt-en-uk_contextual_definition_candidate; exact Oxford definition='an area of water on the coast, protected from the open sea by strong walls, where ships can shelter'; candidate='Харбур (нуун): ділянка води на узбережжі, захищена від відкритого моря міцними мурами, де кораблі можуть переселитися.'; reverse='Harbourg: An area of water on the coast protected from open seas by strong walls where ships can migrate'; lexical=1.000; candidate_definition_similarity=0.915; reverse_definition_similarity=0.848; semantic=0.915; POS/language checks PASS.
ox5000-2810d4945e0b4cbb8892	headquarters	noun	B2	штаб	verified	MANUAL_EMERGENCY_WORK_20260820_FIRST_PASS_V3_round01	MANUAL_EMERGENCY_WORK_20260820_SECOND_PASS_V3_round01	MANUAL_EMERGENCY_WORK V3 exact Oxford identity; source_index=2474; definition_path=/us/definition/english/headquarters; stable_id=PASS; exact_definition='a place from which an organization or a military operation is controlled; the people who work there'; selected_candidate_method=en_wiktionary_matching_pos_uk_translation	PASS: source-grounded second pass; method=en_wiktionary_matching_pos_uk_translation; exact Oxford definition='a place from which an organization or a military operation is controlled; the people who work there'; candidate='штаб'; reverse='headquarters'; lexical=1.000; candidate_definition_similarity=0.604; reverse_definition_similarity=0.577; semantic=0.604; POS/language checks PASS.
ox5000-ef704d39fcedac1879a3	heal	verb	B2	зціли́ти	verified	MANUAL_EMERGENCY_WORK_20260820_FIRST_PASS_V3_round01	MANUAL_EMERGENCY_WORK_20260820_SECOND_PASS_V3_round01	MANUAL_EMERGENCY_WORK V3 exact Oxford identity; source_index=2475; definition_path=/us/definition/english/heal; stable_id=PASS; exact_definition='to become healthy again; to make something healthy again'; selected_candidate_method=en_wiktionary_matching_pos_uk_translation	PASS: source-grounded second pass; method=en_wiktionary_matching_pos_uk_translation; exact Oxford definition='to become healthy again; to make something healthy again'; candidate='зціли́ти'; reverse='Healings'; lexical=1.000; candidate_definition_similarity=0.476; reverse_definition_similarity=0.449; semantic=0.476; POS/language checks PASS.
ox5000-984f901bff540521430c	healthcare	noun	B2	Охорона здоров'я (ноун): служба медичного обслуговування	verified	MANUAL_EMERGENCY_WORK_20260820_FIRST_PASS_V3_round01	MANUAL_EMERGENCY_WORK_20260820_SECOND_PASS_V3_round01	MANUAL_EMERGENCY_WORK V3 exact Oxford identity; source_index=2477; definition_path=/us/definition/english/healthcare; stable_id=PASS; exact_definition='the service of providing medical care'; selected_candidate_method=Helsinki-NLP/opus-mt-en-uk_contextual_definition_candidate	"PASS: source-grounded second pass; method=Helsinki-NLP/opus-mt-en-uk_contextual_definition_candidate; exact Oxford definition='the service of providing medical care'; candidate=""Охорона здоров'я (ноун): служба медичного обслуговування""; reverse='Health care: Health care'; lexical=0.606; candidate_definition_similarity=0.872; reverse_definition_similarity=0.851; semantic=0.872; POS/language checks PASS."
ox5000-391293d6fb6a7618d9b1	helmet	noun	B2	шолом (нун): тип твердого капелюха, який захищає голову, одяг, наприклад, поліцейський, солдат або людина, що їздить на велосипеді або на мотоциклі або грає в спортивні ігри.	verified	MANUAL_EMERGENCY_WORK_20260820_FIRST_PASS_V3_round01	MANUAL_EMERGENCY_WORK_20260820_SECOND_PASS_V3_round01	MANUAL_EMERGENCY_WORK V3 exact Oxford identity; source_index=2495; definition_path=/us/definition/english/helmet; stable_id=PASS; exact_definition='a type of hard hat that protects the head, worn, for example, by a police officer, a soldier or a person riding a bike or motorbike or playing some sports'; selected_candidate_method=Helsinki-NLP/opus-mt-en-uk_contextual_definition_candidate	PASS: source-grounded second pass; method=Helsinki-NLP/opus-mt-en-uk_contextual_definition_candidate; exact Oxford definition='a type of hard hat that protects the head, worn, for example, by a police officer, a soldier or a person riding a bike or motorbike or playing some sports'; candidate='шолом (нун): тип твердого капелюха, який захищає голову, одяг, наприклад, поліцейський, солдат або людина, що їздить на велосипеді або на мотоциклі або грає в спортивні ігри.'; reverse='helmet: type of hard hat that protects the head, clothing, such as a policeman, a soldier or a person who rides a bicycle or a motorcycle or plays sports.'; lexical=1.000; candidate_definition_similarity=0.888; reverse_definition_similarity=0.885; semantic=0.888; POS/language checks PASS.
ox5000-b0e9a621ac9c68faa293	hence	adverb	B2	з цієї причини	verified	MANUAL_EMERGENCY_WORK_20260820_FIRST_PASS_V3_round01	MANUAL_EMERGENCY_WORK_20260820_SECOND_PASS_V3_round01	MANUAL_EMERGENCY_WORK V3 exact Oxford identity; source_index=2499; definition_path=/us/definition/english/hence; stable_id=PASS; exact_definition='for this reason'; selected_candidate_method=Helsinki-NLP/opus-mt-en-uk_surface_candidate	PASS: source-grounded second pass; method=Helsinki-NLP/opus-mt-en-uk_surface_candidate; exact Oxford definition='for this reason'; candidate='з цієї причини'; reverse='For this reason'; lexical=0.300; candidate_definition_similarity=0.922; reverse_definition_similarity=1.000; semantic=1.000; POS/language checks PASS.
ox5000-d3e2e909a6622cd172bf	hidden	adjective	B2	приховане (примітка): щось, що було сховано, перебуває у місці, де його неможливо побачити	verified	MANUAL_EMERGENCY_WORK_20260820_FIRST_PASS_V3_round01	MANUAL_EMERGENCY_WORK_20260820_SECOND_PASS_V3_round01	MANUAL_EMERGENCY_WORK V3 exact Oxford identity; source_index=2511; definition_path=/us/definition/english/hidden; stable_id=PASS; exact_definition='something that is hidden is kept or located in a place where it cannot be seen'; selected_candidate_method=Helsinki-NLP/opus-mt-en-uk_contextual_definition_candidate	PASS: source-grounded second pass; method=Helsinki-NLP/opus-mt-en-uk_contextual_definition_candidate; exact Oxford definition='something that is hidden is kept or located in a place where it cannot be seen'; candidate='приховане (примітка): щось, що було сховано, перебуває у місці, де його неможливо побачити'; reverse='Hidden: something hidden is in a place that cannot be seen'; lexical=1.000; candidate_definition_similarity=0.898; reverse_definition_similarity=0.906; semantic=0.906; POS/language checks PASS.
ox5000-50fc0bc84b3fc5dc83ac	highway	noun	B2	шосе (нуун): головна дорога для від'їзду на великі відстані, особливо одна дорога, що сполучається з містами та містами.	verified	MANUAL_EMERGENCY_WORK_20260820_FIRST_PASS_V3_round01	MANUAL_EMERGENCY_WORK_20260820_SECOND_PASS_V3_round01	MANUAL_EMERGENCY_WORK V3 exact Oxford identity; source_index=2521; definition_path=/us/definition/english/highway; stable_id=PASS; exact_definition='a main road for travelling long distances, especially one connecting and going through cities and towns'; selected_candidate_method=Helsinki-NLP/opus-mt-en-uk_contextual_definition_candidate	"PASS: source-grounded second pass; method=Helsinki-NLP/opus-mt-en-uk_contextual_definition_candidate; exact Oxford definition='a main road for travelling long distances, especially one connecting and going through cities and towns'; candidate=""шосе (нуун): головна дорога для від'їзду на великі відстані, особливо одна дорога, що сполучається з містами та містами.""; reverse='Highway: The main road to long distances, especially one that connects with cities and cities'; lexical=1.000; candidate_definition_similarity=0.875; reverse_definition_similarity=0.905; semantic=0.905; POS/language checks PASS."
ox5000-dfe0006f6faea4481b74	hip	noun	B2	стегно́	verified	MANUAL_EMERGENCY_WORK_20260820_FIRST_PASS_V3_round01	MANUAL_EMERGENCY_WORK_20260820_SECOND_PASS_V3_round01	MANUAL_EMERGENCY_WORK V3 exact Oxford identity; source_index=2528; definition_path=/us/definition/english/hip_1; stable_id=PASS; exact_definition='the area at either side of the body between the top of the leg and the middle part of the body; the joint at the top of the leg that connects it with the top part of the body'; selected_candidate_method=en_wiktionary_matching_pos_uk_translation	PASS: source-grounded second pass; method=en_wiktionary_matching_pos_uk_translation; exact Oxford definition='the area at either side of the body between the top of the leg and the middle part of the body; the joint at the top of the leg that connects it with the top part of the body'; candidate='стегно́'; reverse='thigh'; lexical=0.500; candidate_definition_similarity=0.262; reverse_definition_similarity=0.440; semantic=0.440; POS/language checks PASS.
ox5000-65b7be2b102eaacebdf0	historian	noun	B2	Історик (нуун): людина, яка вивчає або пише про історію; знавець історії.	verified	MANUAL_EMERGENCY_WORK_20260820_FIRST_PASS_V3_round01	MANUAL_EMERGENCY_WORK_20260820_SECOND_PASS_V3_round01	MANUAL_EMERGENCY_WORK V3 exact Oxford identity; source_index=2533; definition_path=/us/definition/english/historian; stable_id=PASS; exact_definition='a person who studies or writes about history; an expert in history'; selected_candidate_method=Helsinki-NLP/opus-mt-en-uk_contextual_definition_candidate	PASS: source-grounded second pass; method=Helsinki-NLP/opus-mt-en-uk_contextual_definition_candidate; exact Oxford definition='a person who studies or writes about history; an expert in history'; candidate='Історик (нуун): людина, яка вивчає або пише про історію; знавець історії.'; reverse='Historian (nuun): A man who studies or writes about history, a historian of history.'; lexical=1.000; candidate_definition_similarity=0.904; reverse_definition_similarity=0.828; semantic=0.904; POS/language checks PASS.
ox5000-45d3403127f71104c337	homeless	adjective	B2	бездомний (підприємець): немає дому, і тому зазвичай живуть на вулицях.	verified	MANUAL_EMERGENCY_WORK_20260820_FIRST_PASS_V3_round01	MANUAL_EMERGENCY_WORK_20260820_SECOND_PASS_V3_round01	MANUAL_EMERGENCY_WORK V3 exact Oxford identity; source_index=2551; definition_path=/us/definition/english/homeless; stable_id=PASS; exact_definition='having no home, and therefore typically living on the streets'; selected_candidate_method=Helsinki-NLP/opus-mt-en-uk_contextual_definition_candidate	PASS: source-grounded second pass; method=Helsinki-NLP/opus-mt-en-uk_contextual_definition_candidate; exact Oxford definition='having no home, and therefore typically living on the streets'; candidate='бездомний (підприємець): немає дому, і тому зазвичай живуть на вулицях.'; reverse='homeless (entrepreneur: no home, and thus usually live on the streets.'; lexical=1.000; candidate_definition_similarity=0.851; reverse_definition_similarity=0.780; semantic=0.851; POS/language checks PASS.
ox5000-101f93ba1a99dadfbee0	honesty	noun	B2	че́сність	verified	MANUAL_EMERGENCY_WORK_20260820_FIRST_PASS_V3_round01	MANUAL_EMERGENCY_WORK_20260820_SECOND_PASS_V3_round01	MANUAL_EMERGENCY_WORK V3 exact Oxford identity; source_index=2554; definition_path=/us/definition/english/honesty; stable_id=PASS; exact_definition='the quality of being honest'; selected_candidate_method=en_wiktionary_matching_pos_uk_translation	PASS: source-grounded second pass; method=en_wiktionary_matching_pos_uk_translation; exact Oxford definition='the quality of being honest'; candidate='че́сність'; reverse='being honest'; lexical=0.632; candidate_definition_similarity=0.752; reverse_definition_similarity=0.898; semantic=0.898; POS/language checks PASS.
ox5000-5a8626cc70e9e3ad32a4	hook	noun	B2	гак	verified	MANUAL_EMERGENCY_WORK_20260820_FIRST_PASS_V3_round01	MANUAL_EMERGENCY_WORK_20260820_SECOND_PASS_V3_round01	MANUAL_EMERGENCY_WORK V3 exact Oxford identity; source_index=2557; definition_path=/us/definition/english/hook_1; stable_id=PASS; exact_definition='a curved piece of metal, plastic or wire for hanging things on, catching fish with, etc.'; selected_candidate_method=en_wiktionary_matching_pos_uk_translation	PASS: source-grounded second pass; method=en_wiktionary_matching_pos_uk_translation; exact Oxford definition='a curved piece of metal, plastic or wire for hanging things on, catching fish with, etc.'; candidate='гак'; reverse='hook'; lexical=1.000; candidate_definition_similarity=0.245; reverse_definition_similarity=0.484; semantic=0.484; POS/language checks PASS.
ox5000-b6de68069d4b1653da28	hopefully	adverb	B2	Сподіваюся.	verified	MANUAL_EMERGENCY_WORK_20260820_FIRST_PASS_V3_round01	MANUAL_EMERGENCY_WORK_20260820_SECOND_PASS_V3_round01	MANUAL_EMERGENCY_WORK V3 exact Oxford identity; source_index=2562; definition_path=/us/definition/english/hopefully; stable_id=PASS; exact_definition='used to express what you hope will happen'; selected_candidate_method=Helsinki-NLP/opus-mt-en-uk_surface_candidate	PASS: source-grounded second pass; method=Helsinki-NLP/opus-mt-en-uk_surface_candidate; exact Oxford definition='used to express what you hope will happen'; candidate='Сподіваюся.'; reverse='I hope so.'; lexical=0.444; candidate_definition_similarity=0.523; reverse_definition_similarity=0.425; semantic=0.523; POS/language checks PASS.
ox5000-5b96940d18199354bf42	hunger	noun	B2	голод	verified	MANUAL_EMERGENCY_WORK_20260820_FIRST_PASS_V3_round01	MANUAL_EMERGENCY_WORK_20260820_SECOND_PASS_V3_round01	MANUAL_EMERGENCY_WORK V3 exact Oxford identity; source_index=2592; definition_path=/us/definition/english/hunger_1; stable_id=PASS; exact_definition='the state of not having enough food to eat, especially when this causes illness or death'; selected_candidate_method=Helsinki-NLP/opus-mt-en-uk_surface_candidate	PASS: source-grounded second pass; method=Helsinki-NLP/opus-mt-en-uk_surface_candidate; exact Oxford definition='the state of not having enough food to eat, especially when this causes illness or death'; candidate='голод'; reverse='Famine'; lexical=0.333; candidate_definition_similarity=0.669; reverse_definition_similarity=0.545; semantic=0.669; POS/language checks PASS.
ox5000-6826ffff72382c3098c5	hypothesis	noun	B2	гіпотеза (нуун): ідея або пояснення чогось, що базується на декількох відомих фактах, але це ще не доведено правильно.	verified	MANUAL_EMERGENCY_WORK_20260820_FIRST_PASS_V3_round01	MANUAL_EMERGENCY_WORK_20260820_SECOND_PASS_V3_round01	MANUAL_EMERGENCY_WORK V3 exact Oxford identity; source_index=2605; definition_path=/us/definition/english/hypothesis; stable_id=PASS; exact_definition='an idea or explanation of something that is based on a few known facts but that has not yet been proved to be true or correct'; selected_candidate_method=Helsinki-NLP/opus-mt-en-uk_contextual_definition_candidate	PASS: source-grounded second pass; method=Helsinki-NLP/opus-mt-en-uk_contextual_definition_candidate; exact Oxford definition='an idea or explanation of something that is based on a few known facts but that has not yet been proved to be true or correct'; candidate='гіпотеза (нуун): ідея або пояснення чогось, що базується на декількох відомих фактах, але це ще не доведено правильно.'; reverse='hypothesis (nuun): An idea or explanation of something based on several known facts, but it has not been proved correctly.'; lexical=1.000; candidate_definition_similarity=0.810; reverse_definition_similarity=0.768; semantic=0.810; POS/language checks PASS.
ox5000-dac0118b6e5ac4e7e31f	icon	noun	B2	іко́на	verified	MANUAL_EMERGENCY_WORK_20260820_FIRST_PASS_V3_round01	MANUAL_EMERGENCY_WORK_20260820_SECOND_PASS_V3_round01	MANUAL_EMERGENCY_WORK V3 exact Oxford identity; source_index=2609; definition_path=/us/definition/english/icon; stable_id=PASS; exact_definition='a small symbol on a computer or smartphone screen that represents a program or a file'; selected_candidate_method=en_wiktionary_matching_pos_uk_translation	PASS: source-grounded second pass; method=en_wiktionary_matching_pos_uk_translation; exact Oxford definition='a small symbol on a computer or smartphone screen that represents a program or a file'; candidate='іко́на'; reverse='ikona'; lexical=0.667; candidate_definition_similarity=0.315; reverse_definition_similarity=0.546; semantic=0.546; POS/language checks PASS.
ox5000-0266b44058e618706301	ID	noun	B2	"ІД (ноун): офіційний спосіб показати, ким ви є, наприклад, документ з вашим ім'ям, датою народження і часто фотографію на ньому (скорочено на "" ідентичність "" або "" дорівнює "")"	verified	MANUAL_EMERGENCY_WORK_20260820_FIRST_PASS_V3_round01	MANUAL_EMERGENCY_WORK_20260820_SECOND_PASS_V3_round01	MANUAL_EMERGENCY_WORK V3 exact Oxford identity; source_index=2610; definition_path=/us/definition/english/id_2; stable_id=PASS; exact_definition='an official way of showing who you are, for example a document with your name, date of birth and often a photograph on it (the abbreviation for ‘ identity ’ or ‘ identification ’ )'; selected_candidate_method=Helsinki-NLP/opus-mt-en-uk_contextual_definition_candidate	"PASS: source-grounded second pass; method=Helsinki-NLP/opus-mt-en-uk_contextual_definition_candidate; exact Oxford definition='an official way of showing who you are, for example a document with your name, date of birth and often a photograph on it (the abbreviation for ‘ identity ’ or ‘ identification ’ )'; candidate='ІД (ноун): офіційний спосіб показати, ким ви є, наприклад, документ з вашим ім\'ям, датою народження і часто фотографію на ньому (скорочено на "" ідентичність "" або "" дорівнює "")'; reverse='ID (Noun): an official way to show you who you are, for example, a document with your name, birth date and often a photograph on it (short for ""equity"" or ""equal"")'; lexical=1.000; candidate_definition_similarity=0.873; reverse_definition_similarity=0.748; semantic=0.873; POS/language checks PASS."
ox5000-cba028b70a26fb8e973b	identical	adjective	B2	ідентичний (прикметник): подібний у всіх подробицях	verified	MANUAL_EMERGENCY_WORK_20260820_FIRST_PASS_V3_round01	MANUAL_EMERGENCY_WORK_20260820_SECOND_PASS_V3_round01	MANUAL_EMERGENCY_WORK V3 exact Oxford identity; source_index=2614; definition_path=/us/definition/english/identical; stable_id=PASS; exact_definition='similar in every detail'; selected_candidate_method=Helsinki-NLP/opus-mt-en-uk_contextual_definition_candidate	PASS: source-grounded second pass; method=Helsinki-NLP/opus-mt-en-uk_contextual_definition_candidate; exact Oxford definition='similar in every detail'; candidate='ідентичний (прикметник): подібний у всіх подробицях'; reverse='identical (view): similar in all details'; lexical=1.000; candidate_definition_similarity=0.825; reverse_definition_similarity=0.652; semantic=0.825; POS/language checks PASS.
ox5000-530d3802d61ad0aefab6	illusion	noun	B2	ілюзія (ноун): фальшива ідея або віра, особливо про когось або про ситуацію	verified	MANUAL_EMERGENCY_WORK_20260820_FIRST_PASS_V3_round01	MANUAL_EMERGENCY_WORK_20260820_SECOND_PASS_V3_round01	MANUAL_EMERGENCY_WORK V3 exact Oxford identity; source_index=2627; definition_path=/us/definition/english/illusion; stable_id=PASS; exact_definition='a false idea or belief, especially about somebody or about a situation'; selected_candidate_method=Helsinki-NLP/opus-mt-en-uk_contextual_definition_candidate	PASS: source-grounded second pass; method=Helsinki-NLP/opus-mt-en-uk_contextual_definition_candidate; exact Oxford definition='a false idea or belief, especially about somebody or about a situation'; candidate='ілюзія (ноун): фальшива ідея або віра, особливо про когось або про ситуацію'; reverse='illusion: false idea or faith, especially about someone or the situation'; lexical=1.000; candidate_definition_similarity=0.787; reverse_definition_similarity=0.816; semantic=0.816; POS/language checks PASS.
ox5000-fe7c0867a2f339b6f398	immigration	noun	B2	імміграція (нуун): процес постійного життя в іншій країні від тої, в якій ви народилися; кількість людей, які роблять це.	verified	MANUAL_EMERGENCY_WORK_20260820_FIRST_PASS_V3_round01	MANUAL_EMERGENCY_WORK_20260820_SECOND_PASS_V3_round01	MANUAL_EMERGENCY_WORK V3 exact Oxford identity; source_index=2639; definition_path=/us/definition/english/immigration; stable_id=PASS; exact_definition='the process of coming to live permanently in a different country from the one you were born in; the number of people who do this'; selected_candidate_method=Helsinki-NLP/opus-mt-en-uk_contextual_definition_candidate	PASS: source-grounded second pass; method=Helsinki-NLP/opus-mt-en-uk_contextual_definition_candidate; exact Oxford definition='the process of coming to live permanently in a different country from the one you were born in; the number of people who do this'; candidate='імміграція (нуун): процес постійного життя в іншій країні від тої, в якій ви народилися; кількість людей, які роблять це.'; reverse='immigration: the process of living in a foreign country from where you were born; the number of people doing it.'; lexical=1.000; candidate_definition_similarity=0.792; reverse_definition_similarity=0.733; semantic=0.792; POS/language checks PASS.
ox5000-c1c5fbcd8bef4eef712e	implement	verb	B2	регламентувати (клацання): зробити щось, що було офіційно вирішено, або почати використання	verified	MANUAL_EMERGENCY_WORK_20260820_FIRST_PASS_V3_round01	MANUAL_EMERGENCY_WORK_20260820_SECOND_PASS_V3_round01	MANUAL_EMERGENCY_WORK V3 exact Oxford identity; source_index=2645; definition_path=/us/definition/english/implement_1; stable_id=PASS; exact_definition='to make something that has been officially decided start to happen or be used'; selected_candidate_method=Helsinki-NLP/opus-mt-en-uk_contextual_definition_candidate	PASS: source-grounded second pass; method=Helsinki-NLP/opus-mt-en-uk_contextual_definition_candidate; exact Oxford definition='to make something that has been officially decided start to happen or be used'; candidate='регламентувати (клацання): зробити щось, що було офіційно вирішено, або почати використання'; reverse='implement (click): do something that has been officially decided or start using'; lexical=1.000; candidate_definition_similarity=0.686; reverse_definition_similarity=0.660; semantic=0.686; POS/language checks PASS.
ox5000-2ab7636cef93aa6ee33e	implication	noun	B2	імпліка́ція	verified	MANUAL_EMERGENCY_WORK_20260820_FIRST_PASS_V3_round01	MANUAL_EMERGENCY_WORK_20260820_SECOND_PASS_V3_round01	MANUAL_EMERGENCY_WORK V3 exact Oxford identity; source_index=2647; definition_path=/us/definition/english/implication; stable_id=PASS; exact_definition='a possible effect or result of an action or a decision'; selected_candidate_method=en_wiktionary_matching_pos_uk_translation	PASS: source-grounded second pass; method=en_wiktionary_matching_pos_uk_translation; exact Oxford definition='a possible effect or result of an action or a decision'; candidate='імпліка́ція'; reverse='maplicity'; lexical=0.600; candidate_definition_similarity=0.380; reverse_definition_similarity=0.335; semantic=0.380; POS/language checks PASS.
ox5000-45c8c81f5a8d00df51ee	incentive	noun	B2	стимул (нуун): щось, що заохочує вас зробити щось	verified	MANUAL_EMERGENCY_WORK_20260820_FIRST_PASS_V3_round01	MANUAL_EMERGENCY_WORK_20260820_SECOND_PASS_V3_round01	MANUAL_EMERGENCY_WORK V3 exact Oxford identity; source_index=2668; definition_path=/us/definition/english/incentive; stable_id=PASS; exact_definition='something that encourages you to do something'; selected_candidate_method=Helsinki-NLP/opus-mt-en-uk_contextual_definition_candidate	PASS: source-grounded second pass; method=Helsinki-NLP/opus-mt-en-uk_contextual_definition_candidate; exact Oxford definition='something that encourages you to do something'; candidate='стимул (нуун): щось, що заохочує вас зробити щось'; reverse='incentive: something that encourages you to do something'; lexical=1.000; candidate_definition_similarity=0.839; reverse_definition_similarity=0.761; semantic=0.839; POS/language checks PASS.
ox5000-0619be0d2f24cb68b967	incorporate	verb	B2	включа́ти	verified	MANUAL_EMERGENCY_WORK_20260820_FIRST_PASS_V3_round01	MANUAL_EMERGENCY_WORK_20260820_SECOND_PASS_V3_round01	MANUAL_EMERGENCY_WORK V3 exact Oxford identity; source_index=2678; definition_path=/us/definition/english/incorporate; stable_id=PASS; exact_definition='to include something so that it forms a part of something'; selected_candidate_method=en_wiktionary_matching_pos_uk_translation	PASS: source-grounded second pass; method=en_wiktionary_matching_pos_uk_translation; exact Oxford definition='to include something so that it forms a part of something'; candidate='включа́ти'; reverse='include'; lexical=0.444; candidate_definition_similarity=0.459; reverse_definition_similarity=0.520; semantic=0.520; POS/language checks PASS.
ox5000-e6ba4bdf14d730fcb39b	incorrect	adjective	B2	неправильний (примітник): неточний або істинний	verified	MANUAL_EMERGENCY_WORK_20260820_FIRST_PASS_V3_round01	MANUAL_EMERGENCY_WORK_20260820_SECOND_PASS_V3_round01	MANUAL_EMERGENCY_WORK V3 exact Oxford identity; source_index=2679; definition_path=/us/definition/english/incorrect; stable_id=PASS; exact_definition='not accurate or true'; selected_candidate_method=Helsinki-NLP/opus-mt-en-uk_contextual_definition_candidate	PASS: source-grounded second pass; method=Helsinki-NLP/opus-mt-en-uk_contextual_definition_candidate; exact Oxford definition='not accurate or true'; candidate='неправильний (примітник): неточний або істинний'; reverse='wrong (note): inaccurate or true'; lexical=0.368; candidate_definition_similarity=0.736; reverse_definition_similarity=0.664; semantic=0.736; POS/language checks PASS.
ox5000-ef97a46763f2c6c5b237	independence	noun	B2	незалежність (нуун): свобода від політичного контролю іншими країнами	verified	MANUAL_EMERGENCY_WORK_20260820_FIRST_PASS_V3_round01	MANUAL_EMERGENCY_WORK_20260820_SECOND_PASS_V3_round01	MANUAL_EMERGENCY_WORK V3 exact Oxford identity; source_index=2687; definition_path=/us/definition/english/independence_1; stable_id=PASS; exact_definition='freedom from political control by other countries'; selected_candidate_method=Helsinki-NLP/opus-mt-en-uk_contextual_definition_candidate	PASS: source-grounded second pass; method=Helsinki-NLP/opus-mt-en-uk_contextual_definition_candidate; exact Oxford definition='freedom from political control by other countries'; candidate='незалежність (нуун): свобода від політичного контролю іншими країнами'; reverse='Independence (nuun): freedom from political control by other countries'; lexical=1.000; candidate_definition_similarity=0.904; reverse_definition_similarity=0.895; semantic=0.904; POS/language checks PASS.
ox5000-cc1a0296595578e3be05	indication	noun	B2	знак	verified	MANUAL_EMERGENCY_WORK_20260820_FIRST_PASS_V3_round01	MANUAL_EMERGENCY_WORK_20260820_SECOND_PASS_V3_round01	MANUAL_EMERGENCY_WORK V3 exact Oxford identity; source_index=2691; definition_path=/us/definition/english/indication; stable_id=PASS; exact_definition='a remark or sign that shows that something is happening or what somebody is thinking or feeling'; selected_candidate_method=en_wiktionary_matching_pos_uk_translation	PASS: source-grounded second pass; method=en_wiktionary_matching_pos_uk_translation; exact Oxford definition='a remark or sign that shows that something is happening or what somebody is thinking or feeling'; candidate='знак'; reverse='sign'; lexical=0.286; candidate_definition_similarity=0.710; reverse_definition_similarity=0.654; semantic=0.710; POS/language checks PASS.
ox5000-06646a689dd3273e1c93	inevitable	adjective	B2	неминуче (примітка): неможливо уникнути або запобігти	verified	MANUAL_EMERGENCY_WORK_20260820_FIRST_PASS_V3_round01	MANUAL_EMERGENCY_WORK_20260820_SECOND_PASS_V3_round01	MANUAL_EMERGENCY_WORK V3 exact Oxford identity; source_index=2705; definition_path=/us/definition/english/inevitable; stable_id=PASS; exact_definition='that you cannot avoid or prevent'; selected_candidate_method=Helsinki-NLP/opus-mt-en-uk_contextual_definition_candidate	PASS: source-grounded second pass; method=Helsinki-NLP/opus-mt-en-uk_contextual_definition_candidate; exact Oxford definition='that you cannot avoid or prevent'; candidate='неминуче (примітка): неможливо уникнути або запобігти'; reverse='inevitable (note): impossible to avoid or prevent'; lexical=1.000; candidate_definition_similarity=0.750; reverse_definition_similarity=0.596; semantic=0.750; POS/language checks PASS.
ox5000-7b3cb0765f05e7460306	inevitably	adverb	B2	немину́че	verified	MANUAL_EMERGENCY_WORK_20260820_FIRST_PASS_V3_round01	MANUAL_EMERGENCY_WORK_20260820_SECOND_PASS_V3_round01	MANUAL_EMERGENCY_WORK V3 exact Oxford identity; source_index=2706; definition_path=/us/definition/english/inevitably; stable_id=PASS; exact_definition='as is certain to happen'; selected_candidate_method=en_wiktionary_matching_pos_uk_translation	PASS: source-grounded second pass; method=en_wiktionary_matching_pos_uk_translation; exact Oxford definition='as is certain to happen'; candidate='немину́че'; reverse='inevitable'; lexical=0.900; candidate_definition_similarity=0.665; reverse_definition_similarity=0.680; semantic=0.680; POS/language checks PASS.
ox5000-f0ae610ae73d64453087	inflation	noun	B2	інфляція (ніун): падіння вартості грошей і загальне зростання цін; ставка, з якою це відбувається	verified	MANUAL_EMERGENCY_WORK_20260820_FIRST_PASS_V3_round01	MANUAL_EMERGENCY_WORK_20260820_SECOND_PASS_V3_round01	MANUAL_EMERGENCY_WORK V3 exact Oxford identity; source_index=2712; definition_path=/us/definition/english/inflation; stable_id=PASS; exact_definition='a fall in the value of money and a general increase in prices; the rate at which this happens'; selected_candidate_method=Helsinki-NLP/opus-mt-en-uk_contextual_definition_candidate	PASS: source-grounded second pass; method=Helsinki-NLP/opus-mt-en-uk_contextual_definition_candidate; exact Oxford definition='a fall in the value of money and a general increase in prices; the rate at which this happens'; candidate='інфляція (ніун): падіння вартості грошей і загальне зростання цін; ставка, з якою це відбувається'; reverse='Inflation: a drop in the value of money and a general rise in prices; the rate with which this happens'; lexical=1.000; candidate_definition_similarity=0.787; reverse_definition_similarity=0.859; semantic=0.859; POS/language checks PASS.
ox5000-36319883199e948ad332	infrastructure	noun	B2	інфраструктура (нун): основні системи та послуги, потрібні для управління країною або організацією плавно, наприклад, будинки, транспорт і вода та постачання електроенергії.	verified	MANUAL_EMERGENCY_WORK_20260820_FIRST_PASS_V3_round01	MANUAL_EMERGENCY_WORK_20260820_SECOND_PASS_V3_round01	MANUAL_EMERGENCY_WORK V3 exact Oxford identity; source_index=2721; definition_path=/us/definition/english/infrastructure; stable_id=PASS; exact_definition='the basic systems and services that are necessary for a country or an organization to run smoothly, for example buildings, transport and water and power supplies'; selected_candidate_method=Helsinki-NLP/opus-mt-en-uk_contextual_definition_candidate	PASS: source-grounded second pass; method=Helsinki-NLP/opus-mt-en-uk_contextual_definition_candidate; exact Oxford definition='the basic systems and services that are necessary for a country or an organization to run smoothly, for example buildings, transport and water and power supplies'; candidate='інфраструктура (нун): основні системи та послуги, потрібні для управління країною або організацією плавно, наприклад, будинки, транспорт і вода та постачання електроенергії.'; reverse='The infrastructure (nun): basic systems and services needed to manage a country or an organization in a smooth manner, such as homes, transportation, and water supply and electricity.'; lexical=1.000; candidate_definition_similarity=0.770; reverse_definition_similarity=0.816; semantic=0.816; POS/language checks PASS.
ox5000-24da19bb4ce0d5ceeacb	inhabitant	noun	B2	ме́шканець	verified	MANUAL_EMERGENCY_WORK_20260820_FIRST_PASS_V3_round01	MANUAL_EMERGENCY_WORK_20260820_SECOND_PASS_V3_round01	MANUAL_EMERGENCY_WORK V3 exact Oxford identity; source_index=2723; definition_path=/us/definition/english/inhabitant; stable_id=PASS; exact_definition='a person or an animal that lives in a particular place'; selected_candidate_method=en_wiktionary_matching_pos_uk_translation	PASS: source-grounded second pass; method=en_wiktionary_matching_pos_uk_translation; exact Oxford definition='a person or an animal that lives in a particular place'; candidate='ме́шканець'; reverse='Merchant'; lexical=0.444; candidate_definition_similarity=0.436; reverse_definition_similarity=0.302; semantic=0.436; POS/language checks PASS.
ox5000-f4321412ab9f41d8e2db	inherit	verb	B2	успадкувати (клацання): отримати гроші, майно і т. д. від когось після смерті	verified	MANUAL_EMERGENCY_WORK_20260820_FIRST_PASS_V3_round01	MANUAL_EMERGENCY_WORK_20260820_SECOND_PASS_V3_round01	MANUAL_EMERGENCY_WORK V3 exact Oxford identity; source_index=2725; definition_path=/us/definition/english/inherit; stable_id=PASS; exact_definition='to receive money, property, etc. from somebody when they die'; selected_candidate_method=Helsinki-NLP/opus-mt-en-uk_contextual_definition_candidate	PASS: source-grounded second pass; method=Helsinki-NLP/opus-mt-en-uk_contextual_definition_candidate; exact Oxford definition='to receive money, property, etc. from somebody when they die'; candidate='успадкувати (клацання): отримати гроші, майно і т. д. від когось після смерті'; reverse='inherit: obtain money, property, etc. from someone after death'; lexical=1.000; candidate_definition_similarity=0.842; reverse_definition_similarity=0.703; semantic=0.842; POS/language checks PASS.
ox5000-f6248e466730f68b14a2	ink	noun	B2	чорнило (нуун): кольорова рідина для запису, малювання і друку	verified	MANUAL_EMERGENCY_WORK_20260820_FIRST_PASS_V3_round01	MANUAL_EMERGENCY_WORK_20260820_SECOND_PASS_V3_round01	MANUAL_EMERGENCY_WORK V3 exact Oxford identity; source_index=2737; definition_path=/us/definition/english/ink_1; stable_id=PASS; exact_definition='coloured liquid for writing, drawing and printing'; selected_candidate_method=Helsinki-NLP/opus-mt-en-uk_contextual_definition_candidate	PASS: source-grounded second pass; method=Helsinki-NLP/opus-mt-en-uk_contextual_definition_candidate; exact Oxford definition='coloured liquid for writing, drawing and printing'; candidate='чорнило (нуун): кольорова рідина для запису, малювання і друку'; reverse='ink (nuun): color fluid for recording, painting and printing'; lexical=1.000; candidate_definition_similarity=0.918; reverse_definition_similarity=0.866; semantic=0.918; POS/language checks PASS.
ox5000-5262606cd574af131a21	innovation	noun	B2	інновації (ноун): впровадження нових речей, ідей або способів виконання чогось	verified	MANUAL_EMERGENCY_WORK_20260820_FIRST_PASS_V3_round01	MANUAL_EMERGENCY_WORK_20260820_SECOND_PASS_V3_round01	MANUAL_EMERGENCY_WORK V3 exact Oxford identity; source_index=2741; definition_path=/us/definition/english/innovation; stable_id=PASS; exact_definition='the introduction of new things, ideas or ways of doing something'; selected_candidate_method=Helsinki-NLP/opus-mt-en-uk_contextual_definition_candidate	PASS: source-grounded second pass; method=Helsinki-NLP/opus-mt-en-uk_contextual_definition_candidate; exact Oxford definition='the introduction of new things, ideas or ways of doing something'; candidate='інновації (ноун): впровадження нових речей, ідей або способів виконання чогось'; reverse='Innovation: implementing new things, ideas or ways of doing something'; lexical=1.000; candidate_definition_similarity=0.816; reverse_definition_similarity=0.782; semantic=0.816; POS/language checks PASS.
ox5000-bb2305964c87f26f785b	innovative	adjective	B2	інноваційний (підприємець): введення або використання нових ідей, способів виконання чого-небудь і т.д.	verified	MANUAL_EMERGENCY_WORK_20260820_FIRST_PASS_V3_round01	MANUAL_EMERGENCY_WORK_20260820_SECOND_PASS_V3_round01	MANUAL_EMERGENCY_WORK V3 exact Oxford identity; source_index=2742; definition_path=/us/definition/english/innovative; stable_id=PASS; exact_definition='introducing or using new ideas, ways of doing something, etc.'; selected_candidate_method=Helsinki-NLP/opus-mt-en-uk_contextual_definition_candidate	PASS: source-grounded second pass; method=Helsinki-NLP/opus-mt-en-uk_contextual_definition_candidate; exact Oxford definition='introducing or using new ideas, ways of doing something, etc.'; candidate='інноваційний (підприємець): введення або використання нових ідей, способів виконання чого-небудь і т.д.'; reverse='Innovative: entering or using new ideas, ways to do something, etc.'; lexical=1.000; candidate_definition_similarity=0.721; reverse_definition_similarity=0.827; semantic=0.827; POS/language checks PASS.
ox5000-272fbc928cd10bef3371	insert	verb	B2	вставити (клацання): щоб вставити щось у щось інше або між двома речами	verified	MANUAL_EMERGENCY_WORK_20260820_FIRST_PASS_V3_round01	MANUAL_EMERGENCY_WORK_20260820_SECOND_PASS_V3_round01	MANUAL_EMERGENCY_WORK V3 exact Oxford identity; source_index=2746; definition_path=/us/definition/english/insert_1; stable_id=PASS; exact_definition='to put something into something else or between two things'; selected_candidate_method=Helsinki-NLP/opus-mt-en-uk_contextual_definition_candidate	PASS: source-grounded second pass; method=Helsinki-NLP/opus-mt-en-uk_contextual_definition_candidate; exact Oxford definition='to put something into something else or between two things'; candidate='вставити (клацання): щоб вставити щось у щось інше або між двома речами'; reverse='insert (click): to insert something into something else or between two'; lexical=1.000; candidate_definition_similarity=0.891; reverse_definition_similarity=0.610; semantic=0.891; POS/language checks PASS.
ox5000-5f09fb5782151e5b31f9	inspector	noun	B2	Інспектор (нуун): офіцер середньої ранги в поліції.	verified	MANUAL_EMERGENCY_WORK_20260820_FIRST_PASS_V3_round01	MANUAL_EMERGENCY_WORK_20260820_SECOND_PASS_V3_round01	MANUAL_EMERGENCY_WORK V3 exact Oxford identity; source_index=2757; definition_path=/us/definition/english/inspector; stable_id=PASS; exact_definition='an officer of middle rank in the police force'; selected_candidate_method=Helsinki-NLP/opus-mt-en-uk_contextual_definition_candidate	PASS: source-grounded second pass; method=Helsinki-NLP/opus-mt-en-uk_contextual_definition_candidate; exact Oxford definition='an officer of middle rank in the police force'; candidate='Інспектор (нуун): офіцер середньої ранги в поліції.'; reverse='Inspector (nuun): A middle - ranking police officer.'; lexical=1.000; candidate_definition_similarity=0.788; reverse_definition_similarity=0.778; semantic=0.788; POS/language checks PASS.
ox5000-d6cbb323c712ce894586	instant	adjective	B2	миттєве (прикметне): відбувається негайно	verified	MANUAL_EMERGENCY_WORK_20260820_FIRST_PASS_V3_round01	MANUAL_EMERGENCY_WORK_20260820_SECOND_PASS_V3_round01	MANUAL_EMERGENCY_WORK V3 exact Oxford identity; source_index=2763; definition_path=/us/definition/english/instant_1; stable_id=PASS; exact_definition='happening immediately'; selected_candidate_method=Helsinki-NLP/opus-mt-en-uk_contextual_definition_candidate	PASS: source-grounded second pass; method=Helsinki-NLP/opus-mt-en-uk_contextual_definition_candidate; exact Oxford definition='happening immediately'; candidate='миттєве (прикметне): відбувається негайно'; reverse='& Instant (i. e.: take place immediately.)'; lexical=1.000; candidate_definition_similarity=0.868; reverse_definition_similarity=0.717; semantic=0.868; POS/language checks PASS.
ox5000-badf4a8930fc7d79c357	instantly	adverb	B2	негайно	verified	MANUAL_EMERGENCY_WORK_20260820_FIRST_PASS_V3_round01	MANUAL_EMERGENCY_WORK_20260820_SECOND_PASS_V3_round01	MANUAL_EMERGENCY_WORK V3 exact Oxford identity; source_index=2764; definition_path=/us/definition/english/instantly; stable_id=PASS; exact_definition='immediately'; selected_candidate_method=Helsinki-NLP/opus-mt-en-uk_contextual_definition_candidate	PASS: source-grounded second pass; method=Helsinki-NLP/opus-mt-en-uk_contextual_definition_candidate; exact Oxford definition='immediately'; candidate='негайно'; reverse='immediately'; lexical=0.400; candidate_definition_similarity=0.842; reverse_definition_similarity=1.000; semantic=1.000; POS/language checks PASS.
ox5000-c12f00903c72d68024f3	integrate	verb	B2	інтегрувати (клацання): поєднувати дві або більше речей так, щоб вони працювали разом; об' єднуватися з чимось іншим таким чином	verified	MANUAL_EMERGENCY_WORK_20260820_FIRST_PASS_V3_round01	MANUAL_EMERGENCY_WORK_20260820_SECOND_PASS_V3_round01	MANUAL_EMERGENCY_WORK V3 exact Oxford identity; source_index=2782; definition_path=/us/definition/english/integrate; stable_id=PASS; exact_definition='to combine two or more things so that they work together; to combine with something else in this way'; selected_candidate_method=Helsinki-NLP/opus-mt-en-uk_contextual_definition_candidate	"PASS: source-grounded second pass; method=Helsinki-NLP/opus-mt-en-uk_contextual_definition_candidate; exact Oxford definition='to combine two or more things so that they work together; to combine with something else in this way'; candidate=""інтегрувати (клацання): поєднувати дві або більше речей так, щоб вони працювали разом; об' єднуватися з чимось іншим таким чином""; reverse='integrate: combine two or more things so that they work together; connect with something else like that'; lexical=1.000; candidate_definition_similarity=0.824; reverse_definition_similarity=0.782; semantic=0.824; POS/language checks PASS."
ox5000-c6ed2c694d610997a7df	intellectual	adjective	B2	інтелектуальний (примітник): пов'язаний з або використовуючи особу, що має здатність думати логічно і розуміти речі	verified	MANUAL_EMERGENCY_WORK_20260820_FIRST_PASS_V3_round01	MANUAL_EMERGENCY_WORK_20260820_SECOND_PASS_V3_round01	MANUAL_EMERGENCY_WORK V3 exact Oxford identity; source_index=2786; definition_path=/us/definition/english/intellectual_1; stable_id=PASS; exact_definition='connected with or using a person’s ability to think in a logical way and understand things'; selected_candidate_method=Helsinki-NLP/opus-mt-en-uk_contextual_definition_candidate	"PASS: source-grounded second pass; method=Helsinki-NLP/opus-mt-en-uk_contextual_definition_candidate; exact Oxford definition='connected with or using a person’s ability to think in a logical way and understand things'; candidate=""інтелектуальний (примітник): пов'язаний з або використовуючи особу, що має здатність думати логічно і розуміти речі""; reverse='intellectual: connected to or using a person who has the ability to reason logically and understand things'; lexical=1.000; candidate_definition_similarity=0.752; reverse_definition_similarity=0.764; semantic=0.764; POS/language checks PASS."
ox5000-dadeebf8bd921477bf3b	interaction	noun	B2	Взаємодія (нуун): спілкування з кимось, особливо під час роботи, гри або проведення з ним часу.	verified	MANUAL_EMERGENCY_WORK_20260820_FIRST_PASS_V3_round01	MANUAL_EMERGENCY_WORK_20260820_SECOND_PASS_V3_round01	MANUAL_EMERGENCY_WORK V3 exact Oxford identity; source_index=2799; definition_path=/us/definition/english/interaction; stable_id=PASS; exact_definition='the act of communicating with somebody, especially while you work, play or spend time with them'; selected_candidate_method=Helsinki-NLP/opus-mt-en-uk_contextual_definition_candidate	PASS: source-grounded second pass; method=Helsinki-NLP/opus-mt-en-uk_contextual_definition_candidate; exact Oxford definition='the act of communicating with somebody, especially while you work, play or spend time with them'; candidate='Взаємодія (нуун): спілкування з кимось, особливо під час роботи, гри або проведення з ним часу.'; reverse='Interaction (nunu: talking to someone, especially when working, playing, or spending time with him.'; lexical=1.000; candidate_definition_similarity=0.882; reverse_definition_similarity=0.834; semantic=0.882; POS/language checks PASS.
ox5000-4f4fbda46ce05ce575f1	interpretation	noun	B2	інтерпретація (нун): особливий спосіб розуміння або пояснення чогось	verified	MANUAL_EMERGENCY_WORK_20260820_FIRST_PASS_V3_round01	MANUAL_EMERGENCY_WORK_20260820_SECOND_PASS_V3_round01	MANUAL_EMERGENCY_WORK V3 exact Oxford identity; source_index=2816; definition_path=/us/definition/english/interpretation; stable_id=PASS; exact_definition='the particular way in which something is understood or explained'; selected_candidate_method=Helsinki-NLP/opus-mt-en-uk_contextual_definition_candidate	PASS: source-grounded second pass; method=Helsinki-NLP/opus-mt-en-uk_contextual_definition_candidate; exact Oxford definition='the particular way in which something is understood or explained'; candidate='інтерпретація (нун): особливий спосіб розуміння або пояснення чогось'; reverse='interpretation (nun): a special way of understanding or explaining something'; lexical=1.000; candidate_definition_similarity=0.739; reverse_definition_similarity=0.715; semantic=0.739; POS/language checks PASS.
ox5000-23f96e4f7e768533f9e1	interval	noun	B2	інтервал (ніде): проміжок часу між двома подіями	verified	MANUAL_EMERGENCY_WORK_20260820_FIRST_PASS_V3_round01	MANUAL_EMERGENCY_WORK_20260820_SECOND_PASS_V3_round01	MANUAL_EMERGENCY_WORK V3 exact Oxford identity; source_index=2818; definition_path=/us/definition/english/interval; stable_id=PASS; exact_definition='a period of time between two events'; selected_candidate_method=Helsinki-NLP/opus-mt-en-uk_contextual_definition_candidate	PASS: source-grounded second pass; method=Helsinki-NLP/opus-mt-en-uk_contextual_definition_candidate; exact Oxford definition='a period of time between two events'; candidate='інтервал (ніде): проміжок часу між двома подіями'; reverse='interval (nowhere): the interval between two events'; lexical=1.000; candidate_definition_similarity=0.907; reverse_definition_similarity=0.732; semantic=0.907; POS/language checks PASS.
ox5000-d20215e9e0ba29c2222f	invasion	noun	B2	Вторгнення (ніун): акт армії, що входить в іншу країну силою для того, щоб керувати нею	verified	MANUAL_EMERGENCY_WORK_20260820_FIRST_PASS_V3_round01	MANUAL_EMERGENCY_WORK_20260820_SECOND_PASS_V3_round01	MANUAL_EMERGENCY_WORK V3 exact Oxford identity; source_index=2829; definition_path=/us/definition/english/invasion; stable_id=PASS; exact_definition='the act of an army entering another country by force in order to take control of it'; selected_candidate_method=Helsinki-NLP/opus-mt-en-uk_contextual_definition_candidate	PASS: source-grounded second pass; method=Helsinki-NLP/opus-mt-en-uk_contextual_definition_candidate; exact Oxford definition='the act of an army entering another country by force in order to take control of it'; candidate='Вторгнення (ніун): акт армії, що входить в іншу країну силою для того, щоб керувати нею'; reverse='Invasion: An act of an army entering another country by force to direct it'; lexical=1.000; candidate_definition_similarity=0.860; reverse_definition_similarity=0.910; semantic=0.910; POS/language checks PASS.
ox5000-5ec2e0bf7bd7159c4fa2	investor	noun	B2	інвестор (нуун): особа або організація, яка інвестує гроші в щось	verified	MANUAL_EMERGENCY_WORK_20260820_FIRST_PASS_V3_round01	MANUAL_EMERGENCY_WORK_20260820_SECOND_PASS_V3_round01	MANUAL_EMERGENCY_WORK V3 exact Oxford identity; source_index=2837; definition_path=/us/definition/english/investor; stable_id=PASS; exact_definition='a person or an organization that invests money in something'; selected_candidate_method=Helsinki-NLP/opus-mt-en-uk_contextual_definition_candidate	PASS: source-grounded second pass; method=Helsinki-NLP/opus-mt-en-uk_contextual_definition_candidate; exact Oxford definition='a person or an organization that invests money in something'; candidate='інвестор (нуун): особа або організація, яка інвестує гроші в щось'; reverse='investor: a person or an organization that invests in something'; lexical=1.000; candidate_definition_similarity=0.873; reverse_definition_similarity=0.858; semantic=0.873; POS/language checks PASS.
ox5000-b7446723645accf54c52	isolated	adjective	B2	ізольований	verified	MANUAL_EMERGENCY_WORK_20260820_FIRST_PASS_V3_round01	MANUAL_EMERGENCY_WORK_20260820_SECOND_PASS_V3_round01	MANUAL_EMERGENCY_WORK V3 exact Oxford identity; source_index=2853; definition_path=/us/definition/english/isolated; stable_id=PASS; exact_definition='far away from any others'; selected_candidate_method=Helsinki-NLP/opus-mt-en-uk_surface_candidate	PASS: source-grounded second pass; method=Helsinki-NLP/opus-mt-en-uk_surface_candidate; exact Oxford definition='far away from any others'; candidate='ізольований'; reverse='isolated'; lexical=1.000; candidate_definition_similarity=0.416; reverse_definition_similarity=0.280; semantic=0.416; POS/language checks PASS.
ox5000-fb7375e0f3874e5647c5	jet	noun	B2	реактивний літак	verified	MANUAL_EMERGENCY_WORK_20260820_FIRST_PASS_V3_round01	MANUAL_EMERGENCY_WORK_20260820_SECOND_PASS_V3_round01	MANUAL_EMERGENCY_WORK V3 exact Oxford identity; source_index=2869; definition_path=/us/definition/english/jet_1; stable_id=PASS; exact_definition='a plane driven by jet engines'; selected_candidate_method=Helsinki-NLP/opus-mt-en-uk_surface_candidate	PASS: source-grounded second pass; method=Helsinki-NLP/opus-mt-en-uk_surface_candidate; exact Oxford definition='a plane driven by jet engines'; candidate='реактивний літак'; reverse='A jet plane'; lexical=1.000; candidate_definition_similarity=0.746; reverse_definition_similarity=0.874; semantic=0.874; POS/language checks PASS.
ox5000-dd96500677d3ca51e52e	joint	noun	B2	скру́тка	verified	MANUAL_EMERGENCY_WORK_20260820_FIRST_PASS_V3_round01	MANUAL_EMERGENCY_WORK_20260820_SECOND_PASS_V3_round01	MANUAL_EMERGENCY_WORK V3 exact Oxford identity; source_index=2874; definition_path=/us/definition/english/joint_2; stable_id=PASS; exact_definition='a place where two bones are joined together in the body in a way that enables them to bend and move'; selected_candidate_method=en_wiktionary_matching_pos_uk_translation	PASS: source-grounded second pass; method=en_wiktionary_matching_pos_uk_translation; exact Oxford definition='a place where two bones are joined together in the body in a way that enables them to bend and move'; candidate='скру́тка'; reverse='liding'; lexical=0.364; candidate_definition_similarity=0.411; reverse_definition_similarity=0.297; semantic=0.411; POS/language checks PASS.
ox5000-2f08ca6f381da258e455	journalism	noun	B2	журналістика (нуун): збір і писання новин для газет, журналів, радіо, телевізійних та он - лайн - сайтів; газетні оповідання, які пишуться	verified	MANUAL_EMERGENCY_WORK_20260820_FIRST_PASS_V3_round01	MANUAL_EMERGENCY_WORK_20260820_SECOND_PASS_V3_round01	MANUAL_EMERGENCY_WORK V3 exact Oxford identity; source_index=2878; definition_path=/us/definition/english/journalism; stable_id=PASS; exact_definition='the work of collecting and writing news stories for newspapers, magazines, radio, television or online news sites; the news stories that are written'; selected_candidate_method=Helsinki-NLP/opus-mt-en-uk_contextual_definition_candidate	PASS: source-grounded second pass; method=Helsinki-NLP/opus-mt-en-uk_contextual_definition_candidate; exact Oxford definition='the work of collecting and writing news stories for newspapers, magazines, radio, television or online news sites; the news stories that are written'; candidate='журналістика (нуун): збір і писання новин для газет, журналів, радіо, телевізійних та он - лайн - сайтів; газетні оповідання, які пишуться'; reverse='journalism (nuun): Collection and news writing for newspapers, magazines, radio, television and Internet sites; newspaper stories written'; lexical=1.000; candidate_definition_similarity=0.911; reverse_definition_similarity=0.929; semantic=0.929; POS/language checks PASS.
ox5000-11266ab8c09eb5c57402	kit	noun	B2	аптечка (ноун): набір інструментів або обладнання, які ви використовуєте для певної мети.	verified	MANUAL_EMERGENCY_WORK_20260820_FIRST_PASS_V3_round01	MANUAL_EMERGENCY_WORK_20260820_SECOND_PASS_V3_round01	MANUAL_EMERGENCY_WORK V3 exact Oxford identity; source_index=2920; definition_path=/us/definition/english/kit_1; stable_id=PASS; exact_definition='a set of tools or equipment that you use for a particular purpose'; selected_candidate_method=Helsinki-NLP/opus-mt-en-uk_contextual_definition_candidate	PASS: source-grounded second pass; method=Helsinki-NLP/opus-mt-en-uk_contextual_definition_candidate; exact Oxford definition='a set of tools or equipment that you use for a particular purpose'; candidate='аптечка (ноун): набір інструментів або обладнання, які ви використовуєте для певної мети.'; reverse='a kit (nun): a set of tools or equipment that you use for a specific purpose.'; lexical=1.000; candidate_definition_similarity=0.711; reverse_definition_similarity=0.742; semantic=0.742; POS/language checks PASS.
ox5000-c3113232c1fb2e5bbaa0	ladder	noun	B2	драбина (нуун): частина обладнання для підйому вгору і вниз стіною, стіною будинку тощо, що складається з двох довжин дерев'яного або металу, які з'єднані кроками або щаблами.	verified	MANUAL_EMERGENCY_WORK_20260820_FIRST_PASS_V3_round01	MANUAL_EMERGENCY_WORK_20260820_SECOND_PASS_V3_round01	MANUAL_EMERGENCY_WORK V3 exact Oxford identity; source_index=2936; definition_path=/us/definition/english/ladder_1; stable_id=PASS; exact_definition='a piece of equipment for climbing up and down a wall, the side of a building, etc., consisting of two lengths of wood or metal that are joined together by steps or rungs'; selected_candidate_method=Helsinki-NLP/opus-mt-en-uk_contextual_definition_candidate	"PASS: source-grounded second pass; method=Helsinki-NLP/opus-mt-en-uk_contextual_definition_candidate; exact Oxford definition='a piece of equipment for climbing up and down a wall, the side of a building, etc., consisting of two lengths of wood or metal that are joined together by steps or rungs'; candidate=""драбина (нуун): частина обладнання для підйому вгору і вниз стіною, стіною будинку тощо, що складається з двох довжин дерев'яного або металу, які з'єднані кроками або щаблами.""; reverse='ladder (nuun): Part of the upward and down equipment of the wall, wall of the house, and so forth, consisting of two lengths of wood or metal that are joined by steps or rungs.'; lexical=1.000; candidate_definition_similarity=0.881; reverse_definition_similarity=0.806; semantic=0.881; POS/language checks PASS."
ox5000-a218d28b896b2bdb62f8	landing	noun	B2	приземлення (нуун): акт перельоту літака або космічного апарата на землю після подорожі	verified	MANUAL_EMERGENCY_WORK_20260820_FIRST_PASS_V3_round01	MANUAL_EMERGENCY_WORK_20260820_SECOND_PASS_V3_round01	MANUAL_EMERGENCY_WORK V3 exact Oxford identity; source_index=2942; definition_path=/us/definition/english/landing; stable_id=PASS; exact_definition='an act of bringing an aircraft or a spacecraft down to the ground after a journey'; selected_candidate_method=Helsinki-NLP/opus-mt-en-uk_contextual_definition_candidate	PASS: source-grounded second pass; method=Helsinki-NLP/opus-mt-en-uk_contextual_definition_candidate; exact Oxford definition='an act of bringing an aircraft or a spacecraft down to the ground after a journey'; candidate='приземлення (нуун): акт перельоту літака або космічного апарата на землю після подорожі'; reverse='landing (nuun): An aircraft flight or a spacecraft to earth after a journey'; lexical=1.000; candidate_definition_similarity=0.822; reverse_definition_similarity=0.779; semantic=0.822; POS/language checks PASS.
ox5000-c1b92733baa2264f3999	lately	adverb	B2	останнім часом	verified	MANUAL_EMERGENCY_WORK_20260820_FIRST_PASS_V3_round01	MANUAL_EMERGENCY_WORK_20260820_SECOND_PASS_V3_round01	MANUAL_EMERGENCY_WORK V3 exact Oxford identity; source_index=2960; definition_path=/us/definition/english/lately; stable_id=PASS; exact_definition='recently; in the recent past'; selected_candidate_method=Helsinki-NLP/opus-mt-en-uk_surface_candidate	PASS: source-grounded second pass; method=Helsinki-NLP/opus-mt-en-uk_surface_candidate; exact Oxford definition='recently; in the recent past'; candidate='останнім часом'; reverse='recently'; lexical=0.429; candidate_definition_similarity=0.821; reverse_definition_similarity=0.848; semantic=0.848; POS/language checks PASS.
ox5000-717eebb531c2bbf433f9	legend	noun	B2	легенда (ніун): історія з давніх - давен про людей та події, яка може бути чи ні; така історія	verified	MANUAL_EMERGENCY_WORK_20260820_FIRST_PASS_V3_round01	MANUAL_EMERGENCY_WORK_20260820_SECOND_PASS_V3_round01	MANUAL_EMERGENCY_WORK V3 exact Oxford identity; source_index=3009; definition_path=/us/definition/english/legend; stable_id=PASS; exact_definition='a story from ancient times about people and events, that may or may not be true; this type of story'; selected_candidate_method=Helsinki-NLP/opus-mt-en-uk_contextual_definition_candidate	PASS: source-grounded second pass; method=Helsinki-NLP/opus-mt-en-uk_contextual_definition_candidate; exact Oxford definition='a story from ancient times about people and events, that may or may not be true; this type of story'; candidate='легенда (ніун): історія з давніх - давен про людей та події, яка може бути чи ні; така історія'; reverse='legend: A history of people and events that may or may not occur in ancient times; a story like this'; lexical=1.000; candidate_definition_similarity=0.792; reverse_definition_similarity=0.864; semantic=0.864; POS/language checks PASS.
ox5000-ffb8e573cf446633d5cb	lens	noun	B2	лінза (нун): вигнутий шматок скла або пластику, що робить речі більшими, меншими або світлішими, коли ви дивитеся крізь них.	verified	MANUAL_EMERGENCY_WORK_20260820_FIRST_PASS_V3_round01	MANUAL_EMERGENCY_WORK_20260820_SECOND_PASS_V3_round01	MANUAL_EMERGENCY_WORK V3 exact Oxford identity; source_index=3020; definition_path=/us/definition/english/lens; stable_id=PASS; exact_definition='a curved piece of glass or plastic that makes things look larger, smaller or clearer when you look through it'; selected_candidate_method=Helsinki-NLP/opus-mt-en-uk_contextual_definition_candidate	PASS: source-grounded second pass; method=Helsinki-NLP/opus-mt-en-uk_contextual_definition_candidate; exact Oxford definition='a curved piece of glass or plastic that makes things look larger, smaller or clearer when you look through it'; candidate='лінза (нун): вигнутий шматок скла або пластику, що робить речі більшими, меншими або світлішими, коли ви дивитеся крізь них.'; reverse='lens (nun): a curved piece of glass or plastic that makes things bigger, smaller, or lighter when you look through.'; lexical=1.000; candidate_definition_similarity=0.886; reverse_definition_similarity=0.755; semantic=0.886; POS/language checks PASS.
ox5000-a3a2e9e256bd13e3e541	lighting	noun	B2	освітлення (нуун): порядок або тип світла на місці	verified	MANUAL_EMERGENCY_WORK_20260820_FIRST_PASS_V3_round01	MANUAL_EMERGENCY_WORK_20260820_SECOND_PASS_V3_round01	MANUAL_EMERGENCY_WORK V3 exact Oxford identity; source_index=3053; definition_path=/us/definition/english/lighting; stable_id=PASS; exact_definition='the arrangement or type of light in a place'; selected_candidate_method=Helsinki-NLP/opus-mt-en-uk_contextual_definition_candidate	PASS: source-grounded second pass; method=Helsinki-NLP/opus-mt-en-uk_contextual_definition_candidate; exact Oxford definition='the arrangement or type of light in a place'; candidate='освітлення (нуун): порядок або тип світла на місці'; reverse='light (nuun): order or type of light in place'; lexical=0.280; candidate_definition_similarity=0.838; reverse_definition_similarity=0.826; semantic=0.838; POS/language checks PASS.
ox5000-328c1d56fad5d18c8f23	likewise	adverb	B2	поді́бно	verified	MANUAL_EMERGENCY_WORK_20260820_FIRST_PASS_V3_round01	MANUAL_EMERGENCY_WORK_20260820_SECOND_PASS_V3_round01	MANUAL_EMERGENCY_WORK V3 exact Oxford identity; source_index=3059; definition_path=/us/definition/english/likewise; stable_id=PASS; exact_definition='the same; in a similar way'; selected_candidate_method=en_wiktionary_matching_pos_uk_translation	PASS: source-grounded second pass; method=en_wiktionary_matching_pos_uk_translation; exact Oxford definition='the same; in a similar way'; candidate='поді́бно'; reverse='Subtle'; lexical=0.286; candidate_definition_similarity=0.666; reverse_definition_similarity=0.275; semantic=0.666; POS/language checks PASS.
ox5000-fdce7e0032ae59989c61	limitation	noun	B2	Обмеження	verified	MANUAL_EMERGENCY_WORK_20260820_FIRST_PASS_V3_round01	MANUAL_EMERGENCY_WORK_20260820_SECOND_PASS_V3_round01	MANUAL_EMERGENCY_WORK V3 exact Oxford identity; source_index=3063; definition_path=/us/definition/english/limitation; stable_id=PASS; exact_definition='the act or process of limiting or controlling somebody/something'; selected_candidate_method=Helsinki-NLP/opus-mt-en-uk_surface_candidate	PASS: source-grounded second pass; method=Helsinki-NLP/opus-mt-en-uk_surface_candidate; exact Oxford definition='the act or process of limiting or controlling somebody/something'; candidate='Обмеження'; reverse='Limits'; lexical=0.625; candidate_definition_similarity=0.516; reverse_definition_similarity=0.423; semantic=0.516; POS/language checks PASS.
ox5000-112880a33f9d8e34a9b3	literally	adverb	B2	буквально (клацник): буквально	verified	MANUAL_EMERGENCY_WORK_20260820_FIRST_PASS_V3_round01	MANUAL_EMERGENCY_WORK_20260820_SECOND_PASS_V3_round01	MANUAL_EMERGENCY_WORK V3 exact Oxford identity; source_index=3082; definition_path=/us/definition/english/literally; stable_id=PASS; exact_definition='in a literal way'; selected_candidate_method=Helsinki-NLP/opus-mt-en-uk_contextual_definition_candidate	PASS: source-grounded second pass; method=Helsinki-NLP/opus-mt-en-uk_contextual_definition_candidate; exact Oxford definition='in a literal way'; candidate='буквально (клацник): буквально'; reverse='literally (click): literally'; lexical=1.000; candidate_definition_similarity=0.795; reverse_definition_similarity=0.593; semantic=0.795; POS/language checks PASS.
ox5000-9eabcb2d708b14389152	literary	adjective	B2	літературний (підприємець): пов'язаний з літературою	verified	MANUAL_EMERGENCY_WORK_20260820_FIRST_PASS_V3_round01	MANUAL_EMERGENCY_WORK_20260820_SECOND_PASS_V3_round01	MANUAL_EMERGENCY_WORK V3 exact Oxford identity; source_index=3083; definition_path=/us/definition/english/literary; stable_id=PASS; exact_definition='connected with literature'; selected_candidate_method=Helsinki-NLP/opus-mt-en-uk_contextual_definition_candidate	"PASS: source-grounded second pass; method=Helsinki-NLP/opus-mt-en-uk_contextual_definition_candidate; exact Oxford definition='connected with literature'; candidate=""літературний (підприємець): пов'язаний з літературою""; reverse='literary (Advanced): literature related'; lexical=1.000; candidate_definition_similarity=0.860; reverse_definition_similarity=0.806; semantic=0.860; POS/language checks PASS."
ox5000-ef0b492c57cfb957db02	litre	noun	B2	літр	verified	MANUAL_EMERGENCY_WORK_20260820_FIRST_PASS_V3_round01	MANUAL_EMERGENCY_WORK_20260820_SECOND_PASS_V3_round01	MANUAL_EMERGENCY_WORK V3 exact Oxford identity; source_index=3085; definition_path=/us/definition/english/litre; stable_id=PASS; exact_definition='a unit for measuring volume, equal to 1.76 British pints or 2.11 American pints'; selected_candidate_method=en_wiktionary_matching_pos_uk_translation	PASS: source-grounded second pass; method=en_wiktionary_matching_pos_uk_translation; exact Oxford definition='a unit for measuring volume, equal to 1.76 British pints or 2.11 American pints'; candidate='літр'; reverse='liter'; lexical=0.800; candidate_definition_similarity=0.251; reverse_definition_similarity=0.404; semantic=0.404; POS/language checks PASS.
ox5000-88df5e9d39518566d1f6	logo	noun	B2	логотип (нуун): друкований дизайн або символ, який компанія або організація використовує як свій особливий знак	verified	MANUAL_EMERGENCY_WORK_20260820_FIRST_PASS_V3_round01	MANUAL_EMERGENCY_WORK_20260820_SECOND_PASS_V3_round01	MANUAL_EMERGENCY_WORK V3 exact Oxford identity; source_index=3114; definition_path=/us/definition/english/logo; stable_id=PASS; exact_definition='a printed design or symbol that a company or an organization uses as its special sign'; selected_candidate_method=Helsinki-NLP/opus-mt-en-uk_contextual_definition_candidate	PASS: source-grounded second pass; method=Helsinki-NLP/opus-mt-en-uk_contextual_definition_candidate; exact Oxford definition='a printed design or symbol that a company or an organization uses as its special sign'; candidate='логотип (нуун): друкований дизайн або символ, який компанія або організація використовує як свій особливий знак'; reverse='logo (nuun): Printed design or symbol used by the company or organization as its own special sign'; lexical=1.000; candidate_definition_similarity=0.807; reverse_definition_similarity=0.860; semantic=0.860; POS/language checks PASS.
ox5000-a7622314f2c3bb2b4d35	lottery	noun	B2	лотерея (нуун): спосіб збирання грошей для уряду, благодійності тощо, продаючи квитки, які мають різні цифри, які обирали люди.	verified	MANUAL_EMERGENCY_WORK_20260820_FIRST_PASS_V3_round01	MANUAL_EMERGENCY_WORK_20260820_SECOND_PASS_V3_round01	MANUAL_EMERGENCY_WORK V3 exact Oxford identity; source_index=3135; definition_path=/us/definition/english/lottery; stable_id=PASS; exact_definition='a way of raising money for a government, charity, etc. by selling tickets that have different numbers on them that people have chosen. Numbers are then chosen by chance and the people who have those numbers on their tickets win prizes.'; selected_candidate_method=Helsinki-NLP/opus-mt-en-uk_contextual_definition_candidate	PASS: source-grounded second pass; method=Helsinki-NLP/opus-mt-en-uk_contextual_definition_candidate; exact Oxford definition='a way of raising money for a government, charity, etc. by selling tickets that have different numbers on them that people have chosen. Numbers are then chosen by chance and the people who have those numbers on their tickets win prizes.'; candidate='лотерея (нуун): спосіб збирання грошей для уряду, благодійності тощо, продаючи квитки, які мають різні цифри, які обирали люди.'; reverse='Lottery: the way to raise money for government, charity, and so forth, by selling tickets that have different numbers that people have chosen.'; lexical=1.000; candidate_definition_similarity=0.835; reverse_definition_similarity=0.885; semantic=0.885; POS/language checks PASS.
ox5000-b23be88bc8ebf7098db0	loyal	adjective	B2	Віддана (примітка): залишається сталою у вашій підтримці когось/щось	verified	MANUAL_EMERGENCY_WORK_20260820_FIRST_PASS_V3_round01	MANUAL_EMERGENCY_WORK_20260820_SECOND_PASS_V3_round01	MANUAL_EMERGENCY_WORK V3 exact Oxford identity; source_index=3146; definition_path=/us/definition/english/loyal; stable_id=PASS; exact_definition='remaining constant in your support of somebody/something'; selected_candidate_method=Helsinki-NLP/opus-mt-en-uk_contextual_definition_candidate	PASS: source-grounded second pass; method=Helsinki-NLP/opus-mt-en-uk_contextual_definition_candidate; exact Oxford definition='remaining constant in your support of somebody/something'; candidate='Віддана (примітка): залишається сталою у вашій підтримці когось/щось'; reverse='Loyal (note): remains constant in your support of someone/ something'; lexical=1.000; candidate_definition_similarity=0.818; reverse_definition_similarity=0.839; semantic=0.839; POS/language checks PASS.
ox5000-5ffdbbd8fd821d1622a7	lyric	noun	B2	ліричний (ноун): слова популярної пісні	verified	MANUAL_EMERGENCY_WORK_20260820_FIRST_PASS_V3_round01	MANUAL_EMERGENCY_WORK_20260820_SECOND_PASS_V3_round01	MANUAL_EMERGENCY_WORK V3 exact Oxford identity; source_index=3154; definition_path=/us/definition/english/lyric_1; stable_id=PASS; exact_definition='the words of a popular song'; selected_candidate_method=Helsinki-NLP/opus-mt-en-uk_contextual_definition_candidate	PASS: source-grounded second pass; method=Helsinki-NLP/opus-mt-en-uk_contextual_definition_candidate; exact Oxford definition='the words of a popular song'; candidate='ліричний (ноун): слова популярної пісні'; reverse='lyric (Non): the lyrics of the popular song'; lexical=1.000; candidate_definition_similarity=0.883; reverse_definition_similarity=0.748; semantic=0.883; POS/language checks PASS.
ox5000-e01fe6e6100e610146cf	making	noun	B2	створення	verified	MANUAL_EMERGENCY_WORK_20260820_FIRST_PASS_V3_round01	MANUAL_EMERGENCY_WORK_20260820_SECOND_PASS_V3_round01	MANUAL_EMERGENCY_WORK V3 exact Oxford identity; source_index=3181; definition_path=/us/definition/english/making; stable_id=PASS; exact_definition='the act or process of making or producing something'; selected_candidate_method=Helsinki-NLP/opus-mt-en-uk_surface_candidate	PASS: source-grounded second pass; method=Helsinki-NLP/opus-mt-en-uk_surface_candidate; exact Oxford definition='the act or process of making or producing something'; candidate='створення'; reverse='creating'; lexical=0.571; candidate_definition_similarity=0.663; reverse_definition_similarity=0.600; semantic=0.663; POS/language checks PASS.
ox5000-1dbbc1fd29bbf32a3e10	manufacture	verb	B2	виробля́ти	verified	MANUAL_EMERGENCY_WORK_20260820_FIRST_PASS_V3_round01	MANUAL_EMERGENCY_WORK_20260820_SECOND_PASS_V3_round01	MANUAL_EMERGENCY_WORK V3 exact Oxford identity; source_index=3195; definition_path=/us/definition/english/manufacture_1; stable_id=PASS; exact_definition='to make goods in large quantities, using machines'; selected_candidate_method=en_wiktionary_matching_pos_uk_translation	PASS: source-grounded second pass; method=en_wiktionary_matching_pos_uk_translation; exact Oxford definition='to make goods in large quantities, using machines'; candidate='виробля́ти'; reverse='produce'; lexical=0.333; candidate_definition_similarity=0.499; reverse_definition_similarity=0.304; semantic=0.499; POS/language checks PASS.
ox5000-9c59e86010b806d83fec	manufacturing	noun	B2	виробни́цтво	verified	MANUAL_EMERGENCY_WORK_20260820_FIRST_PASS_V3_round01	MANUAL_EMERGENCY_WORK_20260820_SECOND_PASS_V3_round01	MANUAL_EMERGENCY_WORK V3 exact Oxford identity; source_index=3196; definition_path=/us/definition/english/manufacturing; stable_id=PASS; exact_definition='the business or industry of producing goods in large quantities in factories, etc.'; selected_candidate_method=en_wiktionary_matching_pos_uk_translation	PASS: source-grounded second pass; method=en_wiktionary_matching_pos_uk_translation; exact Oxford definition='the business or industry of producing goods in large quantities in factories, etc.'; candidate='виробни́цтво'; reverse='production'; lexical=0.435; candidate_definition_similarity=0.596; reverse_definition_similarity=0.606; semantic=0.606; POS/language checks PASS.
ox5000-3b407a089918c14984a8	marathon	noun	B2	Марафон (нуун): довгий біг близько 42 кілометрів або 26 миль	verified	MANUAL_EMERGENCY_WORK_20260820_FIRST_PASS_V3_round01	MANUAL_EMERGENCY_WORK_20260820_SECOND_PASS_V3_round01	MANUAL_EMERGENCY_WORK V3 exact Oxford identity; source_index=3202; definition_path=/us/definition/english/marathon_2; stable_id=PASS; exact_definition='a long running race of about 42 kilometres or 26 miles'; selected_candidate_method=Helsinki-NLP/opus-mt-en-uk_contextual_definition_candidate	PASS: source-grounded second pass; method=Helsinki-NLP/opus-mt-en-uk_contextual_definition_candidate; exact Oxford definition='a long running race of about 42 kilometres or 26 miles'; candidate='Марафон (нуун): довгий біг близько 42 кілометрів або 26 миль'; reverse='Marathon: a long run of some 42 kilometers or 26 miles [26 km]'; lexical=1.000; candidate_definition_similarity=0.908; reverse_definition_similarity=0.908; semantic=0.908; POS/language checks PASS.
ox5000-edc3408926156df88b49	margin	noun	B2	Поле (ніун): порожній простір збоку від написаної або надрукованої сторінки	verified	MANUAL_EMERGENCY_WORK_20260820_FIRST_PASS_V3_round01	MANUAL_EMERGENCY_WORK_20260820_SECOND_PASS_V3_round01	MANUAL_EMERGENCY_WORK V3 exact Oxford identity; source_index=3206; definition_path=/us/definition/english/margin; stable_id=PASS; exact_definition='the empty space at the side of a written or printed page'; selected_candidate_method=Helsinki-NLP/opus-mt-en-uk_contextual_definition_candidate	PASS: source-grounded second pass; method=Helsinki-NLP/opus-mt-en-uk_contextual_definition_candidate; exact Oxford definition='the empty space at the side of a written or printed page'; candidate='Поле (ніун): порожній простір збоку від написаної або надрукованої сторінки'; reverse='Margin (Neun): Empty space on the side of the written or printed page'; lexical=1.000; candidate_definition_similarity=0.810; reverse_definition_similarity=0.925; semantic=0.925; POS/language checks PASS.
ox5000-84fa239e44c4093c7cfe	marker	noun	B2	маркер (нуль): об' єкт або знак, який показує позицію чогось	verified	MANUAL_EMERGENCY_WORK_20260820_FIRST_PASS_V3_round01	MANUAL_EMERGENCY_WORK_20260820_SECOND_PASS_V3_round01	MANUAL_EMERGENCY_WORK V3 exact Oxford identity; source_index=3211; definition_path=/us/definition/english/marker; stable_id=PASS; exact_definition='an object or a sign that shows the position of something'; selected_candidate_method=Helsinki-NLP/opus-mt-en-uk_contextual_definition_candidate	"PASS: source-grounded second pass; method=Helsinki-NLP/opus-mt-en-uk_contextual_definition_candidate; exact Oxford definition='an object or a sign that shows the position of something'; candidate=""маркер (нуль): об' єкт або знак, який показує позицію чогось""; reverse='marker (zero): an object or a sign indicating the position of something'; lexical=1.000; candidate_definition_similarity=0.731; reverse_definition_similarity=0.704; semantic=0.731; POS/language checks PASS."
ox5000-d86503c48a8e8690c121	martial	adjective	B2	бойовий бій	verified	MANUAL_EMERGENCY_WORK_20260820_FIRST_PASS_V3_round01	MANUAL_EMERGENCY_WORK_20260820_SECOND_PASS_V3_round01	MANUAL_EMERGENCY_WORK V3 exact Oxford identity; source_index=3219; definition_path=/us/definition/english/martial; stable_id=PASS; exact_definition='connected with fighting or war'; selected_candidate_method=Helsinki-NLP/opus-mt-en-uk_surface_candidate	PASS: source-grounded second pass; method=Helsinki-NLP/opus-mt-en-uk_surface_candidate; exact Oxford definition='connected with fighting or war'; candidate='бойовий бій'; reverse='Battle of the Battle'; lexical=0.296; candidate_definition_similarity=0.687; reverse_definition_similarity=0.630; semantic=0.687; POS/language checks PASS.
ox5000-9eb52d5916fd39ec8a75	mayor	noun	B2	мер (нун): голова уряду міста або міста тощо, обраний громадськістю.	verified	MANUAL_EMERGENCY_WORK_20260820_FIRST_PASS_V3_round01	MANUAL_EMERGENCY_WORK_20260820_SECOND_PASS_V3_round01	MANUAL_EMERGENCY_WORK V3 exact Oxford identity; source_index=3247; definition_path=/us/definition/english/mayor; stable_id=PASS; exact_definition='the head of the government of a town or city, etc., elected by the public'; selected_candidate_method=Helsinki-NLP/opus-mt-en-uk_contextual_definition_candidate	PASS: source-grounded second pass; method=Helsinki-NLP/opus-mt-en-uk_contextual_definition_candidate; exact Oxford definition='the head of the government of a town or city, etc., elected by the public'; candidate='мер (нун): голова уряду міста або міста тощо, обраний громадськістю.'; reverse='Mayor (nun): Head of the city or city government, etc., elected by the public.'; lexical=1.000; candidate_definition_similarity=0.863; reverse_definition_similarity=0.863; semantic=0.863; POS/language checks PASS.
ox5000-30593521f63578f24f57	mechanic	noun	B2	механік (нун): людина, чия робота ремонтує машини, особливо двигуни транспорту.	verified	MANUAL_EMERGENCY_WORK_20260820_FIRST_PASS_V3_round01	MANUAL_EMERGENCY_WORK_20260820_SECOND_PASS_V3_round01	MANUAL_EMERGENCY_WORK V3 exact Oxford identity; source_index=3260; definition_path=/us/definition/english/mechanic; stable_id=PASS; exact_definition='a person whose job is repairing machines, especially the engines of vehicles'; selected_candidate_method=Helsinki-NLP/opus-mt-en-uk_contextual_definition_candidate	PASS: source-grounded second pass; method=Helsinki-NLP/opus-mt-en-uk_contextual_definition_candidate; exact Oxford definition='a person whose job is repairing machines, especially the engines of vehicles'; candidate='механік (нун): людина, чия робота ремонтує машини, особливо двигуни транспорту.'; reverse='mechanic: a person whose work is repairing cars, especially motors of transportation.'; lexical=1.000; candidate_definition_similarity=0.805; reverse_definition_similarity=0.774; semantic=0.805; POS/language checks PASS.
ox5000-bc744c53b635188752ff	mechanical	adjective	B2	механічний (прикметник): використовується живленням від рушія	verified	MANUAL_EMERGENCY_WORK_20260820_FIRST_PASS_V3_round01	MANUAL_EMERGENCY_WORK_20260820_SECOND_PASS_V3_round01	MANUAL_EMERGENCY_WORK V3 exact Oxford identity; source_index=3261; definition_path=/us/definition/english/mechanical; stable_id=PASS; exact_definition='operated by power from an engine'; selected_candidate_method=Helsinki-NLP/opus-mt-en-uk_contextual_definition_candidate	PASS: source-grounded second pass; method=Helsinki-NLP/opus-mt-en-uk_contextual_definition_candidate; exact Oxford definition='operated by power from an engine'; candidate='механічний (прикметник): використовується живленням від рушія'; reverse='mechanical (point): used by power from engine'; lexical=1.000; candidate_definition_similarity=0.461; reverse_definition_similarity=0.718; semantic=0.718; POS/language checks PASS.
ox5000-feb14135e748e0ec9422	mechanism	noun	B2	механізм (нуун): набір рухомих частин у комп' ютері, що виконує завдання	verified	MANUAL_EMERGENCY_WORK_20260820_FIRST_PASS_V3_round01	MANUAL_EMERGENCY_WORK_20260820_SECOND_PASS_V3_round01	MANUAL_EMERGENCY_WORK V3 exact Oxford identity; source_index=3262; definition_path=/us/definition/english/mechanism; stable_id=PASS; exact_definition='a set of moving parts in a machine that performs a task'; selected_candidate_method=Helsinki-NLP/opus-mt-en-uk_contextual_definition_candidate	"PASS: source-grounded second pass; method=Helsinki-NLP/opus-mt-en-uk_contextual_definition_candidate; exact Oxford definition='a set of moving parts in a machine that performs a task'; candidate=""механізм (нуун): набір рухомих частин у комп' ютері, що виконує завдання""; reverse='mechanism (nuun): a set of moving parts in the machine that perform the task'; lexical=1.000; candidate_definition_similarity=0.792; reverse_definition_similarity=0.791; semantic=0.792; POS/language checks PASS."
ox5000-aafc6f9c171aa1d3e4ab	medal	noun	B2	Медаль (нуун): плоский шматок металу, зазвичай, як монета у формі, що дається переможцям змагання або тому, хто був хоробрим, наприклад, на війні.	verified	MANUAL_EMERGENCY_WORK_20260820_FIRST_PASS_V3_round01	MANUAL_EMERGENCY_WORK_20260820_SECOND_PASS_V3_round01	MANUAL_EMERGENCY_WORK V3 exact Oxford identity; source_index=3263; definition_path=/us/definition/english/medal_1; stable_id=PASS; exact_definition='a flat piece of metal, usually like a coin in shape, that is given to the winner of a competition or to somebody who has been brave, for example in war'; selected_candidate_method=Helsinki-NLP/opus-mt-en-uk_contextual_definition_candidate	PASS: source-grounded second pass; method=Helsinki-NLP/opus-mt-en-uk_contextual_definition_candidate; exact Oxford definition='a flat piece of metal, usually like a coin in shape, that is given to the winner of a competition or to somebody who has been brave, for example in war'; candidate='Медаль (нуун): плоский шматок металу, зазвичай, як монета у формі, що дається переможцям змагання або тому, хто був хоробрим, наприклад, на війні.'; reverse='Medal: A flat piece of metal, usually like a coin in the form given to the winner of the contest or to one who was brave, for example, in war.'; lexical=1.000; candidate_definition_similarity=0.892; reverse_definition_similarity=0.848; semantic=0.892; POS/language checks PASS.
ox5000-885e13683538fe87553d	medication	noun	B2	ліки	verified	MANUAL_EMERGENCY_WORK_20260820_FIRST_PASS_V3_round01	MANUAL_EMERGENCY_WORK_20260820_SECOND_PASS_V3_round01	MANUAL_EMERGENCY_WORK V3 exact Oxford identity; source_index=3266; definition_path=/us/definition/english/medication; stable_id=PASS; exact_definition='a drug or another form of medicine that you take to prevent or to treat an illness; treatment involving drugs'; selected_candidate_method=Helsinki-NLP/opus-mt-en-uk_surface_candidate	PASS: source-grounded second pass; method=Helsinki-NLP/opus-mt-en-uk_surface_candidate; exact Oxford definition='a drug or another form of medicine that you take to prevent or to treat an illness; treatment involving drugs'; candidate='ліки'; reverse='medicine'; lexical=0.778; candidate_definition_similarity=0.693; reverse_definition_similarity=0.653; semantic=0.693; POS/language checks PASS.
ox5000-6ecd6860e0bf3c45ceec	membership	noun	B2	Членство (нуун): стан бути членом групи, клубу, організації тощо.	verified	MANUAL_EMERGENCY_WORK_20260820_FIRST_PASS_V3_round01	MANUAL_EMERGENCY_WORK_20260820_SECOND_PASS_V3_round01	MANUAL_EMERGENCY_WORK V3 exact Oxford identity; source_index=3277; definition_path=/us/definition/english/membership; stable_id=PASS; exact_definition='the state of being a member of a group, a club, an organization, etc.'; selected_candidate_method=Helsinki-NLP/opus-mt-en-uk_contextual_definition_candidate	PASS: source-grounded second pass; method=Helsinki-NLP/opus-mt-en-uk_contextual_definition_candidate; exact Oxford definition='the state of being a member of a group, a club, an organization, etc.'; candidate='Членство (нуун): стан бути членом групи, клубу, організації тощо.'; reverse='Membership: status of being a member of a group, a club, an organization, etc.'; lexical=1.000; candidate_definition_similarity=0.865; reverse_definition_similarity=0.838; semantic=0.865; POS/language checks PASS.
ox5000-a0b66ab8c1eda0867006	metaphor	noun	B2	метафора (ніун): слово або фраза, які вживаються, щоб описати когось або щось інше, в спосіб, який відрізняється від його звичайного вживання, щоб показати, що ці дві речі мають однакові якості і щоб зробити опис більш потужним, наприклад, вона має серце кам'яним ; використання таких слів та фраз.	verified	MANUAL_EMERGENCY_WORK_20260820_FIRST_PASS_V3_round01	MANUAL_EMERGENCY_WORK_20260820_SECOND_PASS_V3_round01	MANUAL_EMERGENCY_WORK V3 exact Oxford identity; source_index=3298; definition_path=/us/definition/english/metaphor; stable_id=PASS; exact_definition='a word or phrase used to describe somebody/something else, in a way that is different from its normal use, in order to show that the two things have the same qualities and to make the description more powerful, for example She has a heart of stone ; the use of such words and phrases'; selected_candidate_method=Helsinki-NLP/opus-mt-en-uk_contextual_definition_candidate	"PASS: source-grounded second pass; method=Helsinki-NLP/opus-mt-en-uk_contextual_definition_candidate; exact Oxford definition='a word or phrase used to describe somebody/something else, in a way that is different from its normal use, in order to show that the two things have the same qualities and to make the description more powerful, for example She has a heart of stone ; the use of such words and phrases'; candidate=""метафора (ніун): слово або фраза, які вживаються, щоб описати когось або щось інше, в спосіб, який відрізняється від його звичайного вживання, щоб показати, що ці дві речі мають однакові якості і щоб зробити опис більш потужним, наприклад, вона має серце кам'яним ; використання таких слів та фраз.""; reverse='metaphor (neun): The word or phrase used to describe someone or something, in a way that differs from its usual use, to show that these two things have the same quality and to make the description more powerful, such as having a heart of stone; using such words and phrases.'; lexical=1.000; candidate_definition_similarity=0.694; reverse_definition_similarity=0.728; semantic=0.728; POS/language checks PASS."
ox5000-986de09a91776341ea71	miner	noun	B2	мінер	verified	MANUAL_EMERGENCY_WORK_20260820_FIRST_PASS_V3_round01	MANUAL_EMERGENCY_WORK_20260820_SECOND_PASS_V3_round01	MANUAL_EMERGENCY_WORK V3 exact Oxford identity; source_index=3322; definition_path=/us/definition/english/miner; stable_id=PASS; exact_definition='a person who works in a mine taking out coal, gold, diamonds, etc.'; selected_candidate_method=Helsinki-NLP/opus-mt-en-uk_surface_candidate	PASS: source-grounded second pass; method=Helsinki-NLP/opus-mt-en-uk_surface_candidate; exact Oxford definition='a person who works in a mine taking out coal, gold, diamonds, etc.'; candidate='мінер'; reverse='miner'; lexical=1.000; candidate_definition_similarity=0.583; reverse_definition_similarity=0.665; semantic=0.665; POS/language checks PASS.
ox5000-d5da00c3d1c99d2ce05a	miserable	adjective	B2	неща́сний	verified	MANUAL_EMERGENCY_WORK_20260820_FIRST_PASS_V3_round01	MANUAL_EMERGENCY_WORK_20260820_SECOND_PASS_V3_round01	MANUAL_EMERGENCY_WORK V3 exact Oxford identity; source_index=3337; definition_path=/us/definition/english/miserable; stable_id=PASS; exact_definition='very unhappy or uncomfortable'; selected_candidate_method=en_wiktionary_matching_pos_uk_translation	PASS: source-grounded second pass; method=en_wiktionary_matching_pos_uk_translation; exact Oxford definition='very unhappy or uncomfortable'; candidate='неща́сний'; reverse='Insufficient'; lexical=0.286; candidate_definition_similarity=0.453; reverse_definition_similarity=0.292; semantic=0.453; POS/language checks PASS.
ox5000-c7c8003562442221d355	mode	noun	B2	режим (ніун): певний спосіб виконання дій; певний тип чогось	verified	MANUAL_EMERGENCY_WORK_20260820_FIRST_PASS_V3_round01	MANUAL_EMERGENCY_WORK_20260820_SECOND_PASS_V3_round01	MANUAL_EMERGENCY_WORK V3 exact Oxford identity; source_index=3355; definition_path=/us/definition/english/mode; stable_id=PASS; exact_definition='a particular way of doing something; a particular type of something'; selected_candidate_method=Helsinki-NLP/opus-mt-en-uk_contextual_definition_candidate	PASS: source-grounded second pass; method=Helsinki-NLP/opus-mt-en-uk_contextual_definition_candidate; exact Oxford definition='a particular way of doing something; a particular type of something'; candidate='режим (ніун): певний спосіб виконання дій; певний тип чогось'; reverse='mode (Nine): some way to perform an action; some type of something'; lexical=1.000; candidate_definition_similarity=0.593; reverse_definition_similarity=0.528; semantic=0.593; POS/language checks PASS.
ox5000-22e3da986f5cef99f6ae	monster	noun	B2	монстр (ніун): (в історіях) уявне створіння, яке є дуже велике, потворне і лякаюче	verified	MANUAL_EMERGENCY_WORK_20260820_FIRST_PASS_V3_round01	MANUAL_EMERGENCY_WORK_20260820_SECOND_PASS_V3_round01	MANUAL_EMERGENCY_WORK V3 exact Oxford identity; source_index=3372; definition_path=/us/definition/english/monster_1; stable_id=PASS; exact_definition='(in stories) an imaginary creature that is very large, ugly and frightening'; selected_candidate_method=Helsinki-NLP/opus-mt-en-uk_contextual_definition_candidate	PASS: source-grounded second pass; method=Helsinki-NLP/opus-mt-en-uk_contextual_definition_candidate; exact Oxford definition='(in stories) an imaginary creature that is very large, ugly and frightening'; candidate='монстр (ніун): (в історіях) уявне створіння, яке є дуже велике, потворне і лякаюче'; reverse='monster: (in history) an imaginary creature that is very big, ugly and frightening'; lexical=1.000; candidate_definition_similarity=0.907; reverse_definition_similarity=0.882; semantic=0.907; POS/language checks PASS.
ox5000-06cb5472f60a2edbcf2b	monthly	adjective	B2	щомісяця	verified	MANUAL_EMERGENCY_WORK_20260820_FIRST_PASS_V3_round01	MANUAL_EMERGENCY_WORK_20260820_SECOND_PASS_V3_round01	MANUAL_EMERGENCY_WORK V3 exact Oxford identity; source_index=3374; definition_path=/us/definition/english/monthly_1; stable_id=PASS; exact_definition='happening once a month or every month'; selected_candidate_method=Helsinki-NLP/opus-mt-en-uk_surface_candidate	PASS: source-grounded second pass; method=Helsinki-NLP/opus-mt-en-uk_surface_candidate; exact Oxford definition='happening once a month or every month'; candidate='щомісяця'; reverse='every month'; lexical=0.556; candidate_definition_similarity=0.371; reverse_definition_similarity=0.822; semantic=0.822; POS/language checks PASS.
ox5000-8bc8e2f1c11fbf198d37	mortgage	noun	B2	Іпотека (нуун): юридична угода, згідно з якою банк або подібна організація позичає вам гроші на купівлю будинку і т. д., і ви сплачуєте гроші протягом певної кількості років; сума позичених грошей	verified	MANUAL_EMERGENCY_WORK_20260820_FIRST_PASS_V3_round01	MANUAL_EMERGENCY_WORK_20260820_SECOND_PASS_V3_round01	MANUAL_EMERGENCY_WORK V3 exact Oxford identity; source_index=3386; definition_path=/us/definition/english/mortgage_1; stable_id=PASS; exact_definition='a legal agreement by which a bank or similar organization lends you money to buy a house, etc., and you pay the money back over a particular number of years; the sum of money that you borrow'; selected_candidate_method=Helsinki-NLP/opus-mt-en-uk_contextual_definition_candidate	PASS: source-grounded second pass; method=Helsinki-NLP/opus-mt-en-uk_contextual_definition_candidate; exact Oxford definition='a legal agreement by which a bank or similar organization lends you money to buy a house, etc., and you pay the money back over a particular number of years; the sum of money that you borrow'; candidate='Іпотека (нуун): юридична угода, згідно з якою банк або подібна організація позичає вам гроші на купівлю будинку і т. д., і ви сплачуєте гроші протягом певної кількості років; сума позичених грошей'; reverse='mortgage: a legal agreement by which a bank or a similar organization will lend you money to purchase a house, etc., and you will pay money over a certain number of years; the amount of borrowed'; lexical=1.000; candidate_definition_similarity=0.823; reverse_definition_similarity=0.844; semantic=0.844; POS/language checks PASS.
ox5000-35c00beb3d8396332a3a	mosque	noun	B2	мечеть (ноун): будівля, де мусульмани йдуть на молитву.	verified	MANUAL_EMERGENCY_WORK_20260820_FIRST_PASS_V3_round01	MANUAL_EMERGENCY_WORK_20260820_SECOND_PASS_V3_round01	MANUAL_EMERGENCY_WORK V3 exact Oxford identity; source_index=3387; definition_path=/us/definition/english/mosque; stable_id=PASS; exact_definition='a building where Muslims go for prayer'; selected_candidate_method=Helsinki-NLP/opus-mt-en-uk_contextual_definition_candidate	PASS: source-grounded second pass; method=Helsinki-NLP/opus-mt-en-uk_contextual_definition_candidate; exact Oxford definition='a building where Muslims go for prayer'; candidate='мечеть (ноун): будівля, де мусульмани йдуть на молитву.'; reverse='Mosque: a building where Muslims pray.'; lexical=1.000; candidate_definition_similarity=0.946; reverse_definition_similarity=0.943; semantic=0.946; POS/language checks PASS.
ox5000-85ff0bace6a2ff8b3896	motion	noun	B2	рух (ніун): дія або процес руху або пересування чогось	verified	MANUAL_EMERGENCY_WORK_20260820_FIRST_PASS_V3_round01	MANUAL_EMERGENCY_WORK_20260820_SECOND_PASS_V3_round01	MANUAL_EMERGENCY_WORK V3 exact Oxford identity; source_index=3393; definition_path=/us/definition/english/motion_1; stable_id=PASS; exact_definition='the act or process of moving or the way something moves'; selected_candidate_method=Helsinki-NLP/opus-mt-en-uk_contextual_definition_candidate	PASS: source-grounded second pass; method=Helsinki-NLP/opus-mt-en-uk_contextual_definition_candidate; exact Oxford definition='the act or process of moving or the way something moves'; candidate='рух (ніун): дія або процес руху або пересування чогось'; reverse='motion (neun): an action or motion or movement of something'; lexical=1.000; candidate_definition_similarity=0.905; reverse_definition_similarity=0.799; semantic=0.905; POS/language checks PASS.
ox5000-15358dfd67542bac5588	motivate	verb	B2	мотивува́ти	verified	MANUAL_EMERGENCY_WORK_20260820_FIRST_PASS_V3_round01	MANUAL_EMERGENCY_WORK_20260820_SECOND_PASS_V3_round01	MANUAL_EMERGENCY_WORK V3 exact Oxford identity; source_index=3394; definition_path=/us/definition/english/motivate; stable_id=PASS; exact_definition='to be the reason why somebody does something or behaves in a particular way'; selected_candidate_method=en_wiktionary_matching_pos_uk_translation	PASS: source-grounded second pass; method=en_wiktionary_matching_pos_uk_translation; exact Oxford definition='to be the reason why somebody does something or behaves in a particular way'; candidate='мотивува́ти'; reverse='motive'; lexical=0.857; candidate_definition_similarity=0.423; reverse_definition_similarity=0.591; semantic=0.591; POS/language checks PASS.
ox5000-636c6bf1b2aeff69bbd1	motivation	noun	B2	мотивація (ніун): причина, чому хтось щось робить або поводиться певним чином.	verified	MANUAL_EMERGENCY_WORK_20260820_FIRST_PASS_V3_round01	MANUAL_EMERGENCY_WORK_20260820_SECOND_PASS_V3_round01	MANUAL_EMERGENCY_WORK V3 exact Oxford identity; source_index=3395; definition_path=/us/definition/english/motivation; stable_id=PASS; exact_definition='the reason why somebody does something or behaves in a particular way'; selected_candidate_method=Helsinki-NLP/opus-mt-en-uk_contextual_definition_candidate	PASS: source-grounded second pass; method=Helsinki-NLP/opus-mt-en-uk_contextual_definition_candidate; exact Oxford definition='the reason why somebody does something or behaves in a particular way'; candidate='мотивація (ніун): причина, чому хтось щось робить або поводиться певним чином.'; reverse='motivation: the reason why something is done or acted in a certain way.'; lexical=1.000; candidate_definition_similarity=0.640; reverse_definition_similarity=0.631; semantic=0.640; POS/language checks PASS.
ox5000-98811a8ef5eeb939e28e	moving	adjective	B2	звору́шливий	verified	MANUAL_EMERGENCY_WORK_20260820_FIRST_PASS_V3_round01	MANUAL_EMERGENCY_WORK_20260820_SECOND_PASS_V3_round01	MANUAL_EMERGENCY_WORK V3 exact Oxford identity; source_index=3409; definition_path=/us/definition/english/moving; stable_id=PASS; exact_definition='causing strong, often sad, feelings about somebody/something'; selected_candidate_method=en_wiktionary_matching_pos_uk_translation	PASS: source-grounded second pass; method=en_wiktionary_matching_pos_uk_translation; exact Oxford definition='causing strong, often sad, feelings about somebody/something'; candidate='звору́шливий'; reverse='decomposing'; lexical=0.588; candidate_definition_similarity=0.447; reverse_definition_similarity=-0.001; semantic=0.447; POS/language checks PASS.
ox5000-badee9d8f307959df126	ongoing	adjective	B2	продовжується	verified	MANUAL_EMERGENCY_WORK_20260820_FIRST_PASS_V3_round01	MANUAL_EMERGENCY_WORK_20260820_SECOND_PASS_V3_round01	MANUAL_EMERGENCY_WORK V3 exact Oxford identity; source_index=3622; definition_path=/us/definition/english/ongoing; stable_id=PASS; exact_definition='continuing to exist or develop'; selected_candidate_method=Helsinki-NLP/opus-mt-en-uk_surface_candidate	PASS: source-grounded second pass; method=Helsinki-NLP/opus-mt-en-uk_surface_candidate; exact Oxford definition='continuing to exist or develop'; candidate='продовжується'; reverse='continues'; lexical=0.500; candidate_definition_similarity=0.591; reverse_definition_similarity=0.586; semantic=0.591; POS/language checks PASS.
ox5000-3b99ee42b5cd8d914754	opera	noun	B2	опера (ноун): драматична робота, під час якої всі або більшість слів співаються музиці; твори такого типу як форма мистецтва або розваги.	verified	MANUAL_EMERGENCY_WORK_20260820_FIRST_PASS_V3_round01	MANUAL_EMERGENCY_WORK_20260820_SECOND_PASS_V3_round01	MANUAL_EMERGENCY_WORK V3 exact Oxford identity; source_index=3633; definition_path=/us/definition/english/opera; stable_id=PASS; exact_definition='a dramatic work in which all or most of the words are sung to music; works of this type as an art form or entertainment'; selected_candidate_method=Helsinki-NLP/opus-mt-en-uk_contextual_definition_candidate	PASS: source-grounded second pass; method=Helsinki-NLP/opus-mt-en-uk_contextual_definition_candidate; exact Oxford definition='a dramatic work in which all or most of the words are sung to music; works of this type as an art form or entertainment'; candidate='опера (ноун): драматична робота, під час якої всі або більшість слів співаються музиці; твори такого типу як форма мистецтва або розваги.'; reverse='opera (Nona): A dramatic work in which all or most of the words are sung in music; works of the sort as a form of art or entertainment.'; lexical=1.000; candidate_definition_similarity=0.790; reverse_definition_similarity=0.712; semantic=0.790; POS/language checks PASS.
ox5000-bb16b4d78505cc19a95b	operator	noun	B2	оператор (нуун): особа, яка працює обладнанням або комп' ютером	verified	MANUAL_EMERGENCY_WORK_20260820_FIRST_PASS_V3_round01	MANUAL_EMERGENCY_WORK_20260820_SECOND_PASS_V3_round01	MANUAL_EMERGENCY_WORK V3 exact Oxford identity; source_index=3637; definition_path=/us/definition/english/operator; stable_id=PASS; exact_definition='a person who operates equipment or a machine'; selected_candidate_method=Helsinki-NLP/opus-mt-en-uk_contextual_definition_candidate	"PASS: source-grounded second pass; method=Helsinki-NLP/opus-mt-en-uk_contextual_definition_candidate; exact Oxford definition='a person who operates equipment or a machine'; candidate=""оператор (нуун): особа, яка працює обладнанням або комп' ютером""; reverse='operator (nuun): A person who runs hardware or a computer'; lexical=1.000; candidate_definition_similarity=0.780; reverse_definition_similarity=0.624; semantic=0.780; POS/language checks PASS."
ox5000-019a4aa3fdffda49fc88	optimistic	adjective	B2	оптимістична (примітка): очікувати чогось доброго, що принесе успіх; показати це почуття	verified	MANUAL_EMERGENCY_WORK_20260820_FIRST_PASS_V3_round01	MANUAL_EMERGENCY_WORK_20260820_SECOND_PASS_V3_round01	MANUAL_EMERGENCY_WORK V3 exact Oxford identity; source_index=3651; definition_path=/us/definition/english/optimistic; stable_id=PASS; exact_definition='expecting good things to happen or something to be successful; showing this feeling'; selected_candidate_method=Helsinki-NLP/opus-mt-en-uk_contextual_definition_candidate	PASS: source-grounded second pass; method=Helsinki-NLP/opus-mt-en-uk_contextual_definition_candidate; exact Oxford definition='expecting good things to happen or something to be successful; showing this feeling'; candidate='оптимістична (примітка): очікувати чогось доброго, що принесе успіх; показати це почуття'; reverse='optimistic (note): expecting something good to succeed; showing it'; lexical=1.000; candidate_definition_similarity=0.862; reverse_definition_similarity=0.822; semantic=0.862; POS/language checks PASS.
ox5000-35b1a402b7c754fe5305	orchestra	noun	B2	оркестр (нуун): велика група людей, які разом грають на музичних інструментах, під керівництвом диригента.	verified	MANUAL_EMERGENCY_WORK_20260820_FIRST_PASS_V3_round01	MANUAL_EMERGENCY_WORK_20260820_SECOND_PASS_V3_round01	MANUAL_EMERGENCY_WORK V3 exact Oxford identity; source_index=3657; definition_path=/us/definition/english/orchestra; stable_id=PASS; exact_definition='a large group of people who play various musical instruments together, led by a conductor'; selected_candidate_method=Helsinki-NLP/opus-mt-en-uk_contextual_definition_candidate	PASS: source-grounded second pass; method=Helsinki-NLP/opus-mt-en-uk_contextual_definition_candidate; exact Oxford definition='a large group of people who play various musical instruments together, led by a conductor'; candidate='оркестр (нуун): велика група людей, які разом грають на музичних інструментах, під керівництвом диригента.'; reverse='orchestra (nuun): A large group of people who play musical instruments together are led by a conductor.'; lexical=1.000; candidate_definition_similarity=0.873; reverse_definition_similarity=0.899; semantic=0.899; POS/language checks PASS.
ox5000-b4389a2bac4330cc53ad	organic	adjective	B2	органічний (прикметник): виробляється або практикується без застосування штучних хімікатів	verified	MANUAL_EMERGENCY_WORK_20260820_FIRST_PASS_V3_round01	MANUAL_EMERGENCY_WORK_20260820_SECOND_PASS_V3_round01	MANUAL_EMERGENCY_WORK V3 exact Oxford identity; source_index=3662; definition_path=/us/definition/english/organic; stable_id=PASS; exact_definition='produced or practised without using artificial chemicals'; selected_candidate_method=Helsinki-NLP/opus-mt-en-uk_contextual_definition_candidate	PASS: source-grounded second pass; method=Helsinki-NLP/opus-mt-en-uk_contextual_definition_candidate; exact Oxford definition='produced or practised without using artificial chemicals'; candidate='органічний (прикметник): виробляється або практикується без застосування штучних хімікатів'; reverse='Organic: produced or practiced without the use of artificial chemicals'; lexical=1.000; candidate_definition_similarity=0.826; reverse_definition_similarity=0.846; semantic=0.846; POS/language checks PASS.
ox5000-e588b4bfc5ae52073336	outfit	noun	B2	Одяг	verified	MANUAL_EMERGENCY_WORK_20260820_FIRST_PASS_V3_round01	MANUAL_EMERGENCY_WORK_20260820_SECOND_PASS_V3_round01	MANUAL_EMERGENCY_WORK V3 exact Oxford identity; source_index=3688; definition_path=/us/definition/english/outfit_1; stable_id=PASS; exact_definition='a set of clothes that you wear together, especially for a particular occasion or purpose'; selected_candidate_method=Helsinki-NLP/opus-mt-en-uk_surface_candidate	PASS: source-grounded second pass; method=Helsinki-NLP/opus-mt-en-uk_surface_candidate; exact Oxford definition='a set of clothes that you wear together, especially for a particular occasion or purpose'; candidate='Одяг'; reverse='Clothing'; lexical=0.429; candidate_definition_similarity=0.788; reverse_definition_similarity=0.809; semantic=0.809; POS/language checks PASS.
ox5000-8d38d3d7d5e03f2abaae	output	noun	B2	ви́готовлення	verified	MANUAL_EMERGENCY_WORK_20260820_FIRST_PASS_V3_round01	MANUAL_EMERGENCY_WORK_20260820_SECOND_PASS_V3_round01	MANUAL_EMERGENCY_WORK V3 exact Oxford identity; source_index=3694; definition_path=/us/definition/english/output_1; stable_id=PASS; exact_definition='the amount of something that a person, a machine or an organization produces'; selected_candidate_method=en_wiktionary_matching_pos_uk_translation	PASS: source-grounded second pass; method=en_wiktionary_matching_pos_uk_translation; exact Oxford definition='the amount of something that a person, a machine or an organization produces'; candidate='ви́готовлення'; reverse='production'; lexical=0.375; candidate_definition_similarity=0.502; reverse_definition_similarity=0.581; semantic=0.581; POS/language checks PASS.
ox5000-9884417c4c0fe5bde7b6	outstanding	adjective	B2	Видатний	verified	MANUAL_EMERGENCY_WORK_20260820_FIRST_PASS_V3_round01	MANUAL_EMERGENCY_WORK_20260820_SECOND_PASS_V3_round01	MANUAL_EMERGENCY_WORK V3 exact Oxford identity; source_index=3702; definition_path=/us/definition/english/outstanding; stable_id=PASS; exact_definition='extremely good; excellent'; selected_candidate_method=Helsinki-NLP/opus-mt-en-uk_surface_candidate	PASS: source-grounded second pass; method=Helsinki-NLP/opus-mt-en-uk_surface_candidate; exact Oxford definition='extremely good; excellent'; candidate='Видатний'; reverse='Outstanding'; lexical=1.000; candidate_definition_similarity=0.515; reverse_definition_similarity=0.778; semantic=0.778; POS/language checks PASS.
ox5000-021eeabab2a596d30a62	overcome	verb	B2	подола́ти	verified	MANUAL_EMERGENCY_WORK_20260820_FIRST_PASS_V3_round01	MANUAL_EMERGENCY_WORK_20260820_SECOND_PASS_V3_round01	MANUAL_EMERGENCY_WORK V3 exact Oxford identity; source_index=3708; definition_path=/us/definition/english/overcome; stable_id=PASS; exact_definition='to succeed in dealing with or controlling a problem that has been preventing you from achieving something'; selected_candidate_method=en_wiktionary_matching_pos_uk_translation	PASS: source-grounded second pass; method=en_wiktionary_matching_pos_uk_translation; exact Oxford definition='to succeed in dealing with or controlling a problem that has been preventing you from achieving something'; candidate='подола́ти'; reverse='overcome'; lexical=1.000; candidate_definition_similarity=0.201; reverse_definition_similarity=0.515; semantic=0.515; POS/language checks PASS.
ox5000-1167b9a5705478ca1c8f	overnight	adverb	B2	ніч	verified	MANUAL_EMERGENCY_WORK_20260820_FIRST_PASS_V3_round01	MANUAL_EMERGENCY_WORK_20260820_SECOND_PASS_V3_round01	MANUAL_EMERGENCY_WORK V3 exact Oxford identity; source_index=3711; definition_path=/us/definition/english/overnight_1; stable_id=PASS; exact_definition='during or for the night'; selected_candidate_method=Helsinki-NLP/opus-mt-en-uk_surface_candidate	PASS: source-grounded second pass; method=Helsinki-NLP/opus-mt-en-uk_surface_candidate; exact Oxford definition='during or for the night'; candidate='ніч'; reverse='nt'; lexical=0.364; candidate_definition_similarity=0.667; reverse_definition_similarity=0.326; semantic=0.667; POS/language checks PASS.
ox5000-a93b7e958b34078785e0	overseas	adjective	B2	Заморські (підприємницькі): пов'язані з іноземними країнами, особливо з тими, що відділяються від вашої країни морем або океаном.	verified	MANUAL_EMERGENCY_WORK_20260820_FIRST_PASS_V3_round01	MANUAL_EMERGENCY_WORK_20260820_SECOND_PASS_V3_round01	MANUAL_EMERGENCY_WORK V3 exact Oxford identity; source_index=3712; definition_path=/us/definition/english/overseas_1; stable_id=PASS; exact_definition='connected with foreign countries, especially those separated from your country by the sea or ocean'; selected_candidate_method=Helsinki-NLP/opus-mt-en-uk_contextual_definition_candidate	"PASS: source-grounded second pass; method=Helsinki-NLP/opus-mt-en-uk_contextual_definition_candidate; exact Oxford definition='connected with foreign countries, especially those separated from your country by the sea or ocean'; candidate=""Заморські (підприємницькі): пов'язані з іноземними країнами, особливо з тими, що відділяються від вашої країни морем або океаном.""; reverse='overseas: related to foreign countries, especially those that separate themselves from your country by sea or ocean.'; lexical=1.000; candidate_definition_similarity=0.835; reverse_definition_similarity=0.901; semantic=0.901; POS/language checks PASS."
ox5000-875ac29835bedd3f8fe9	ownership	noun	B2	володі́ння	verified	MANUAL_EMERGENCY_WORK_20260820_FIRST_PASS_V3_round01	MANUAL_EMERGENCY_WORK_20260820_SECOND_PASS_V3_round01	MANUAL_EMERGENCY_WORK V3 exact Oxford identity; source_index=3723; definition_path=/us/definition/english/ownership; stable_id=PASS; exact_definition='the fact of owning something'; selected_candidate_method=en_wiktionary_matching_pos_uk_translation	PASS: source-grounded second pass; method=en_wiktionary_matching_pos_uk_translation; exact Oxford definition='the fact of owning something'; candidate='володі́ння'; reverse='rulership'; lexical=0.667; candidate_definition_similarity=0.799; reverse_definition_similarity=0.435; semantic=0.799; POS/language checks PASS.
ox5000-4ad6c70bffbabb30bef5	oxygen	noun	B2	Кисень (нун): хімічний елемент, кисень - це газ, що міститься у повітрі та воді, і він необхідний для життя людей, тварин і рослин.	verified	MANUAL_EMERGENCY_WORK_20260820_FIRST_PASS_V3_round01	MANUAL_EMERGENCY_WORK_20260820_SECOND_PASS_V3_round01	MANUAL_EMERGENCY_WORK V3 exact Oxford identity; source_index=3724; definition_path=/us/definition/english/oxygen_1; stable_id=PASS; exact_definition='a chemical element. Oxygen is a gas that is present in air and water and is necessary for people, animals and plants to live.'; selected_candidate_method=Helsinki-NLP/opus-mt-en-uk_contextual_definition_candidate	PASS: source-grounded second pass; method=Helsinki-NLP/opus-mt-en-uk_contextual_definition_candidate; exact Oxford definition='a chemical element. Oxygen is a gas that is present in air and water and is necessary for people, animals and plants to live.'; candidate='Кисень (нун): хімічний елемент, кисень - це газ, що міститься у повітрі та воді, і він необхідний для життя людей, тварин і рослин.'; reverse='Oxygen: Chemical, oxygen is the gas contained in the air and water, and it is vital to human, animal, and plant life.'; lexical=1.000; candidate_definition_similarity=0.945; reverse_definition_similarity=0.945; semantic=0.945; POS/language checks PASS.
ox5000-ebd3aca4366331cbbecb	packet	noun	B2	пакет (нун): маленький контейнер з паперу або картки, у якому упаковуються товари для продажу	verified	MANUAL_EMERGENCY_WORK_20260820_FIRST_PASS_V3_round01	MANUAL_EMERGENCY_WORK_20260820_SECOND_PASS_V3_round01	MANUAL_EMERGENCY_WORK V3 exact Oxford identity; source_index=3731; definition_path=/us/definition/english/packet; stable_id=PASS; exact_definition='a small container made of paper or card in which goods are packed for selling'; selected_candidate_method=Helsinki-NLP/opus-mt-en-uk_contextual_definition_candidate	PASS: source-grounded second pass; method=Helsinki-NLP/opus-mt-en-uk_contextual_definition_candidate; exact Oxford definition='a small container made of paper or card in which goods are packed for selling'; candidate='пакет (нун): маленький контейнер з паперу або картки, у якому упаковуються товари для продажу'; reverse='packet (nun): a small paper container or card that packages products for sale'; lexical=1.000; candidate_definition_similarity=0.953; reverse_definition_similarity=0.803; semantic=0.953; POS/language checks PASS.
ox5000-30fd4723cd451189f603	palm	noun	B2	Пальма (нуун): пряме дерево з великими довгими листками на верхівці, яке росте в тропічних країнах.	verified	MANUAL_EMERGENCY_WORK_20260820_FIRST_PASS_V3_round01	MANUAL_EMERGENCY_WORK_20260820_SECOND_PASS_V3_round01	MANUAL_EMERGENCY_WORK V3 exact Oxford identity; source_index=3743; definition_path=/us/definition/english/palm_1; stable_id=PASS; exact_definition='a straight tree with a mass of long leaves at the top, growing in tropical countries. There are several types of palm tree, some of which produce fruit.'; selected_candidate_method=Helsinki-NLP/opus-mt-en-uk_contextual_definition_candidate	PASS: source-grounded second pass; method=Helsinki-NLP/opus-mt-en-uk_contextual_definition_candidate; exact Oxford definition='a straight tree with a mass of long leaves at the top, growing in tropical countries. There are several types of palm tree, some of which produce fruit.'; candidate='Пальма (нуун): пряме дерево з великими довгими листками на верхівці, яке росте в тропічних країнах.'; reverse='Palm (nuun): A straight tree with long leaves on its top, which grows in tropical countries'; lexical=1.000; candidate_definition_similarity=0.790; reverse_definition_similarity=0.924; semantic=0.924; POS/language checks PASS.
ox5000-d10729e289ea7b28417a	panic	noun	B2	паніка (ноун): раптове почуття великого страху, якого неможливо контролювати і яке перешкоджає вам ясно мислити	verified	MANUAL_EMERGENCY_WORK_20260820_FIRST_PASS_V3_round01	MANUAL_EMERGENCY_WORK_20260820_SECOND_PASS_V3_round01	MANUAL_EMERGENCY_WORK V3 exact Oxford identity; source_index=3746; definition_path=/us/definition/english/panic_1; stable_id=PASS; exact_definition='a sudden feeling of great fear that cannot be controlled and prevents you from thinking clearly'; selected_candidate_method=Helsinki-NLP/opus-mt-en-uk_contextual_definition_candidate	PASS: source-grounded second pass; method=Helsinki-NLP/opus-mt-en-uk_contextual_definition_candidate; exact Oxford definition='a sudden feeling of great fear that cannot be controlled and prevents you from thinking clearly'; candidate='паніка (ноун): раптове почуття великого страху, якого неможливо контролювати і яке перешкоджає вам ясно мислити'; reverse='panic: A sudden feeling of great fear that you cannot control and that hinders clear thinking'; lexical=1.000; candidate_definition_similarity=0.883; reverse_definition_similarity=0.919; semantic=0.919; POS/language checks PASS.
ox5000-7a6e9f9445697c021a81	parade	noun	B2	парад (нуун): публічне святкування особливого дня або події, переважно з групами на вулицях і прикрашеними машинами.	verified	MANUAL_EMERGENCY_WORK_20260820_FIRST_PASS_V3_round01	MANUAL_EMERGENCY_WORK_20260820_SECOND_PASS_V3_round01	MANUAL_EMERGENCY_WORK V3 exact Oxford identity; source_index=3749; definition_path=/us/definition/english/parade_1; stable_id=PASS; exact_definition='a public celebration of a special day or event, usually with bands in the streets and decorated vehicles'; selected_candidate_method=Helsinki-NLP/opus-mt-en-uk_contextual_definition_candidate	PASS: source-grounded second pass; method=Helsinki-NLP/opus-mt-en-uk_contextual_definition_candidate; exact Oxford definition='a public celebration of a special day or event, usually with bands in the streets and decorated vehicles'; candidate='парад (нуун): публічне святкування особливого дня або події, переважно з групами на вулицях і прикрашеними машинами.'; reverse='parade (nuun): a public celebration of a special day or event, usually with groups on the streets and decorated machines.'; lexical=1.000; candidate_definition_similarity=0.840; reverse_definition_similarity=0.793; semantic=0.840; POS/language checks PASS.
ox5000-fd6ca5be73f93fb3556b	parallel	adjective	B2	паралельний (прикметник): два або більше паралельних між собою прямих є однаковою відстанню одна від одної в кожній точці	verified	MANUAL_EMERGENCY_WORK_20260820_FIRST_PASS_V3_round01	MANUAL_EMERGENCY_WORK_20260820_SECOND_PASS_V3_round01	MANUAL_EMERGENCY_WORK V3 exact Oxford identity; source_index=3751; definition_path=/us/definition/english/parallel_1; stable_id=PASS; exact_definition='two or more lines that are parallel to each other are the same distance apart at every point'; selected_candidate_method=Helsinki-NLP/opus-mt-en-uk_contextual_definition_candidate	PASS: source-grounded second pass; method=Helsinki-NLP/opus-mt-en-uk_contextual_definition_candidate; exact Oxford definition='two or more lines that are parallel to each other are the same distance apart at every point'; candidate='паралельний (прикметник): два або більше паралельних між собою прямих є однаковою відстанню одна від одної в кожній точці'; reverse='parallel (note): two or more parallel lines are the same distance from each other at each point'; lexical=1.000; candidate_definition_similarity=0.806; reverse_definition_similarity=0.875; semantic=0.875; POS/language checks PASS.
ox5000-7ebeea756d3860dfe0d4	parallel	noun	B2	паралельна (ніу): особа, ситуація, подія тощо, яка дуже схожа на іншу, особливо одну в іншому місці або часі.	verified	MANUAL_EMERGENCY_WORK_20260820_FIRST_PASS_V3_round01	MANUAL_EMERGENCY_WORK_20260820_SECOND_PASS_V3_round01	MANUAL_EMERGENCY_WORK V3 exact Oxford identity; source_index=3752; definition_path=/us/definition/english/parallel_3; stable_id=PASS; exact_definition='a person, a situation, an event, etc. that is very similar to another, especially one in a different place or time'; selected_candidate_method=Helsinki-NLP/opus-mt-en-uk_contextual_definition_candidate	PASS: source-grounded second pass; method=Helsinki-NLP/opus-mt-en-uk_contextual_definition_candidate; exact Oxford definition='a person, a situation, an event, etc. that is very similar to another, especially one in a different place or time'; candidate='паралельна (ніу): особа, ситуація, подія тощо, яка дуже схожа на іншу, особливо одну в іншому місці або часі.'; reverse='parallel (nu): A person, situation, event, etc., which is very similar to another, especially one at another location or time.'; lexical=1.000; candidate_definition_similarity=0.761; reverse_definition_similarity=0.669; semantic=0.761; POS/language checks PASS.
ox5000-9a69ec83b0e36255adb9	part-time	adjective	B2	зайнятий неповний робочий час	verified	MANUAL_EMERGENCY_WORK_20260820_FIRST_PASS_V3_round01	MANUAL_EMERGENCY_WORK_20260820_SECOND_PASS_V3_round01	MANUAL_EMERGENCY_WORK V3 exact Oxford identity; source_index=3763; definition_path=/us/definition/english/part-time; stable_id=PASS; exact_definition='for part of the day or week in which people work'; selected_candidate_method=en_wiktionary_matching_pos_uk_translation	PASS: source-grounded second pass; method=en_wiktionary_matching_pos_uk_translation; exact Oxford definition='for part of the day or week in which people work'; candidate='зайнятий неповний робочий час'; reverse='busy part-time'; lexical=1.000; candidate_definition_similarity=0.731; reverse_definition_similarity=0.645; semantic=0.731; POS/language checks PASS.
ox5000-2cbeb1855517af42f649	participation	noun	B2	участь (ніун): акт участі у діяльності або події	verified	MANUAL_EMERGENCY_WORK_20260820_FIRST_PASS_V3_round01	MANUAL_EMERGENCY_WORK_20260820_SECOND_PASS_V3_round01	MANUAL_EMERGENCY_WORK V3 exact Oxford identity; source_index=3768; definition_path=/us/definition/english/participation; stable_id=PASS; exact_definition='the act of taking part in an activity or event'; selected_candidate_method=Helsinki-NLP/opus-mt-en-uk_contextual_definition_candidate	PASS: source-grounded second pass; method=Helsinki-NLP/opus-mt-en-uk_contextual_definition_candidate; exact Oxford definition='the act of taking part in an activity or event'; candidate='участь (ніун): акт участі у діяльності або події'; reverse='(neun): An act of participation in activity or event'; lexical=1.000; candidate_definition_similarity=0.827; reverse_definition_similarity=0.948; semantic=0.948; POS/language checks PASS.
ox5000-e99d3a619738b2e246d6	partnership	noun	B2	Партнерство (ніун): стан партнерства в бізнесі.	verified	MANUAL_EMERGENCY_WORK_20260820_FIRST_PASS_V3_round01	MANUAL_EMERGENCY_WORK_20260820_SECOND_PASS_V3_round01	MANUAL_EMERGENCY_WORK V3 exact Oxford identity; source_index=3773; definition_path=/us/definition/english/partnership; stable_id=PASS; exact_definition='the state of being a partner in business'; selected_candidate_method=Helsinki-NLP/opus-mt-en-uk_contextual_definition_candidate	PASS: source-grounded second pass; method=Helsinki-NLP/opus-mt-en-uk_contextual_definition_candidate; exact Oxford definition='the state of being a partner in business'; candidate='Партнерство (ніун): стан партнерства в бізнесі.'; reverse='Partnership: status of partnerships in business.'; lexical=1.000; candidate_definition_similarity=0.779; reverse_definition_similarity=0.760; semantic=0.779; POS/language checks PASS.
ox5000-311fd2e67b591781d96e	passionate	adjective	B2	пристрасний (підприємливий): має або виявляє сильне почуття статевої любові або гніву, і т. д.	verified	MANUAL_EMERGENCY_WORK_20260820_FIRST_PASS_V3_round01	MANUAL_EMERGENCY_WORK_20260820_SECOND_PASS_V3_round01	MANUAL_EMERGENCY_WORK V3 exact Oxford identity; source_index=3781; definition_path=/us/definition/english/passionate; stable_id=PASS; exact_definition='having or showing strong feelings of sexual love or of anger, etc.'; selected_candidate_method=Helsinki-NLP/opus-mt-en-uk_contextual_definition_candidate	PASS: source-grounded second pass; method=Helsinki-NLP/opus-mt-en-uk_contextual_definition_candidate; exact Oxford definition='having or showing strong feelings of sexual love or of anger, etc.'; candidate='пристрасний (підприємливий): має або виявляє сильне почуття статевої любові або гніву, і т. д.'; reverse='passionate: has or shows a strong sense of sexual love or anger, etc.'; lexical=1.000; candidate_definition_similarity=0.749; reverse_definition_similarity=0.889; semantic=0.889; POS/language checks PASS.
ox5000-6d4a81e66902a45caa21	passive	adjective	C1	пасивний (підприємець): приймає те, що відбувається, або те, що люди роблять, не змінюючи нічого або не протистоячи їм.	verified	MANUAL_EMERGENCY_WORK_20260820_FIRST_PASS_V3_round01	MANUAL_EMERGENCY_WORK_20260820_SECOND_PASS_V3_round01	MANUAL_EMERGENCY_WORK V3 exact Oxford identity; source_index=3782; definition_path=/us/definition/english/passive_1; stable_id=PASS; exact_definition='accepting what happens or what people do without trying to change anything or oppose them'; selected_candidate_method=Helsinki-NLP/opus-mt-en-uk_contextual_definition_candidate	PASS: source-grounded second pass; method=Helsinki-NLP/opus-mt-en-uk_contextual_definition_candidate; exact Oxford definition='accepting what happens or what people do without trying to change anything or oppose them'; candidate='пасивний (підприємець): приймає те, що відбувається, або те, що люди роблять, не змінюючи нічого або не протистоячи їм.'; reverse='Passive: Accepts what is going on or what people are doing without changing or opposing anything.'; lexical=1.000; candidate_definition_similarity=0.594; reverse_definition_similarity=0.754; semantic=0.754; POS/language checks PASS.
ox5000-e998bda7a717be49bec6	password	noun	B2	паро́ля	verified	MANUAL_EMERGENCY_WORK_20260820_FIRST_PASS_V3_round01	MANUAL_EMERGENCY_WORK_20260820_SECOND_PASS_V3_round01	MANUAL_EMERGENCY_WORK V3 exact Oxford identity; source_index=3784; definition_path=/us/definition/english/password; stable_id=PASS; exact_definition='a series of letters, numbers, etc. that you must type into a computer or computer system in order to be able to use it'; selected_candidate_method=en_wiktionary_matching_pos_uk_translation	PASS: source-grounded second pass; method=en_wiktionary_matching_pos_uk_translation; exact Oxford definition='a series of letters, numbers, etc. that you must type into a computer or computer system in order to be able to use it'; candidate='паро́ля'; reverse='password'; lexical=1.000; candidate_definition_similarity=0.386; reverse_definition_similarity=0.346; semantic=0.386; POS/language checks PASS.
ox5000-d11dcce3a28b447255da	pastor	noun	C1	Пастор (ноун): служитель, відповідальний за християнську церкву або групу, особливо в деяких неконформістських церквах.	verified	MANUAL_EMERGENCY_WORK_20260820_FIRST_PASS_V3_round01	MANUAL_EMERGENCY_WORK_20260820_SECOND_PASS_V3_round01	MANUAL_EMERGENCY_WORK V3 exact Oxford identity; source_index=3789; definition_path=/us/definition/english/pastor; stable_id=PASS; exact_definition='a minister in charge of a Christian church or group, especially in some Nonconformist churches'; selected_candidate_method=Helsinki-NLP/opus-mt-en-uk_contextual_definition_candidate	PASS: source-grounded second pass; method=Helsinki-NLP/opus-mt-en-uk_contextual_definition_candidate; exact Oxford definition='a minister in charge of a Christian church or group, especially in some Nonconformist churches'; candidate='Пастор (ноун): служитель, відповідальний за християнську церкву або групу, особливо в деяких неконформістських церквах.'; reverse='Pastor: A minister responsible for a Christian church or group, especially in some nonconformist churches.'; lexical=1.000; candidate_definition_similarity=0.857; reverse_definition_similarity=0.873; semantic=0.873; POS/language checks PASS.
ox5000-5af766941fb0ffd07856	patent	noun	C1	патент	verified	MANUAL_EMERGENCY_WORK_20260820_FIRST_PASS_V3_round01	MANUAL_EMERGENCY_WORK_20260820_SECOND_PASS_V3_round01	MANUAL_EMERGENCY_WORK V3 exact Oxford identity; source_index=3791; definition_path=/us/definition/english/patent_1; stable_id=PASS; exact_definition='an official right to be the only person to make, use or sell a product or an invention; a document that proves this'; selected_candidate_method=Helsinki-NLP/opus-mt-en-uk_surface_candidate	PASS: source-grounded second pass; method=Helsinki-NLP/opus-mt-en-uk_surface_candidate; exact Oxford definition='an official right to be the only person to make, use or sell a product or an invention; a document that proves this'; candidate='патент'; reverse='patent'; lexical=1.000; candidate_definition_similarity=0.564; reverse_definition_similarity=0.558; semantic=0.564; POS/language checks PASS.
ox5000-9c211817fb234e7e024f	pathway	noun	C1	Шлях (ніун): композиція, що слугує шляхом	verified	MANUAL_EMERGENCY_WORK_20260820_FIRST_PASS_V3_round01	MANUAL_EMERGENCY_WORK_20260820_SECOND_PASS_V3_round01	MANUAL_EMERGENCY_WORK V3 exact Oxford identity; source_index=3793; definition_path=/us/definition/english/pathway; stable_id=PASS; exact_definition='a track that serves as a path'; selected_candidate_method=Helsinki-NLP/opus-mt-en-uk_contextual_definition_candidate	PASS: source-grounded second pass; method=Helsinki-NLP/opus-mt-en-uk_contextual_definition_candidate; exact Oxford definition='a track that serves as a path'; candidate='Шлях (ніун): композиція, що слугує шляхом'; reverse='Path (Nun): Tracked track'; lexical=0.345; candidate_definition_similarity=0.582; reverse_definition_similarity=0.811; semantic=0.811; POS/language checks PASS.
ox5000-feac7d068345b41bf9b8	patience	noun	B2	терпіння (ноун): здатність зберігати спокій і змиритися з протягом або чимось надокучливим без нарікань.	verified	MANUAL_EMERGENCY_WORK_20260820_FIRST_PASS_V3_round01	MANUAL_EMERGENCY_WORK_20260820_SECOND_PASS_V3_round01	MANUAL_EMERGENCY_WORK V3 exact Oxford identity; source_index=3794; definition_path=/us/definition/english/patience; stable_id=PASS; exact_definition='the ability to stay calm and accept a delay or something annoying without complaining'; selected_candidate_method=Helsinki-NLP/opus-mt-en-uk_contextual_definition_candidate	PASS: source-grounded second pass; method=Helsinki-NLP/opus-mt-en-uk_contextual_definition_candidate; exact Oxford definition='the ability to stay calm and accept a delay or something annoying without complaining'; candidate='терпіння (ноун): здатність зберігати спокій і змиритися з протягом або чимось надокучливим без нарікань.'; reverse='patience: The ability to stay calm and accept for a time or a time of discomfort without complaining.'; lexical=1.000; candidate_definition_similarity=0.721; reverse_definition_similarity=0.754; semantic=0.754; POS/language checks PASS.
ox5000-8b10bfc43d80bd6a1b1e	patrol	noun	C1	Патруль (ніун): акт пересування до різних частин будинку, ділянки тощо, щоб переконатися, що немає жодних проблем і злочинів.	verified	MANUAL_EMERGENCY_WORK_20260820_FIRST_PASS_V3_round01	MANUAL_EMERGENCY_WORK_20260820_SECOND_PASS_V3_round01	MANUAL_EMERGENCY_WORK V3 exact Oxford identity; source_index=3797; definition_path=/us/definition/english/patrol_1; stable_id=PASS; exact_definition='the act of going to different parts of a building, an area, etc. to make sure that there is no trouble or crime'; selected_candidate_method=Helsinki-NLP/opus-mt-en-uk_contextual_definition_candidate	PASS: source-grounded second pass; method=Helsinki-NLP/opus-mt-en-uk_contextual_definition_candidate; exact Oxford definition='the act of going to different parts of a building, an area, etc. to make sure that there is no trouble or crime'; candidate='Патруль (ніун): акт пересування до різних частин будинку, ділянки тощо, щоб переконатися, що немає жодних проблем і злочинів.'; reverse='Patrol: An act of moving to various parts of the house, areas, etc. to make sure there is no problem or crime.'; lexical=1.000; candidate_definition_similarity=0.681; reverse_definition_similarity=0.643; semantic=0.681; POS/language checks PASS.
ox5000-0c74f2ed819a03c75dcc	patron	noun	C1	покровитель (нуун): особа, яка дає гроші і підтримує художників та письменників	verified	MANUAL_EMERGENCY_WORK_20260820_FIRST_PASS_V3_round01	MANUAL_EMERGENCY_WORK_20260820_SECOND_PASS_V3_round01	MANUAL_EMERGENCY_WORK V3 exact Oxford identity; source_index=3799; definition_path=/us/definition/english/patron; stable_id=PASS; exact_definition='a person who gives money and support to artists and writers'; selected_candidate_method=Helsinki-NLP/opus-mt-en-uk_contextual_definition_candidate	PASS: source-grounded second pass; method=Helsinki-NLP/opus-mt-en-uk_contextual_definition_candidate; exact Oxford definition='a person who gives money and support to artists and writers'; candidate='покровитель (нуун): особа, яка дає гроші і підтримує художників та письменників'; reverse='patron: the person who gives money and supports artists and writers'; lexical=1.000; candidate_definition_similarity=0.885; reverse_definition_similarity=0.908; semantic=0.908; POS/language checks PASS.
ox5000-35de66642784aeeb9ee5	peculiar	adjective	C1	своєрідний (підприємець): дивний або незвичайний, особливо в неприємний спосіб або змушує вас хвилюватися.	verified	MANUAL_EMERGENCY_WORK_20260820_FIRST_PASS_V3_round01	MANUAL_EMERGENCY_WORK_20260820_SECOND_PASS_V3_round01	MANUAL_EMERGENCY_WORK V3 exact Oxford identity; source_index=3810; definition_path=/us/definition/english/peculiar; stable_id=PASS; exact_definition='strange or unusual, especially in a way that is unpleasant or makes you worried'; selected_candidate_method=Helsinki-NLP/opus-mt-en-uk_contextual_definition_candidate	PASS: source-grounded second pass; method=Helsinki-NLP/opus-mt-en-uk_contextual_definition_candidate; exact Oxford definition='strange or unusual, especially in a way that is unpleasant or makes you worried'; candidate='своєрідний (підприємець): дивний або незвичайний, особливо в неприємний спосіб або змушує вас хвилюватися.'; reverse='peculiar (Adversary): Strange or unusual, especially in an unpleasant way or causing you to worry.'; lexical=1.000; candidate_definition_similarity=0.823; reverse_definition_similarity=0.856; semantic=0.856; POS/language checks PASS.
ox5000-781a985da79bb4af5cdf	peer	noun	B2	одноліток (ніун): особа одного віку або яка має такий самий суспільний статус, як ви	verified	MANUAL_EMERGENCY_WORK_20260820_FIRST_PASS_V3_round01	MANUAL_EMERGENCY_WORK_20260820_SECOND_PASS_V3_round01	MANUAL_EMERGENCY_WORK V3 exact Oxford identity; source_index=3811; definition_path=/us/definition/english/peer_1; stable_id=PASS; exact_definition='a person who is the same age or who has the same social status as you'; selected_candidate_method=Helsinki-NLP/opus-mt-en-uk_contextual_definition_candidate	PASS: source-grounded second pass; method=Helsinki-NLP/opus-mt-en-uk_contextual_definition_candidate; exact Oxford definition='a person who is the same age or who has the same social status as you'; candidate='одноліток (ніун): особа одного віку або яка має такий самий суспільний статус, як ви'; reverse='peer: A person of the same age or of the same social status as you'; lexical=1.000; candidate_definition_similarity=0.910; reverse_definition_similarity=0.821; semantic=0.910; POS/language checks PASS.
ox5000-2cb6429f8e617379c52e	penalty	noun	B2	покарання	verified	MANUAL_EMERGENCY_WORK_20260820_FIRST_PASS_V3_round01	MANUAL_EMERGENCY_WORK_20260820_SECOND_PASS_V3_round01	MANUAL_EMERGENCY_WORK V3 exact Oxford identity; source_index=3813; definition_path=/us/definition/english/penalty; stable_id=PASS; exact_definition='a punishment for breaking a law, rule or contract'; selected_candidate_method=Helsinki-NLP/opus-mt-en-uk_surface_candidate	PASS: source-grounded second pass; method=Helsinki-NLP/opus-mt-en-uk_surface_candidate; exact Oxford definition='a punishment for breaking a law, rule or contract'; candidate='покарання'; reverse='punishment'; lexical=0.471; candidate_definition_similarity=0.776; reverse_definition_similarity=0.773; semantic=0.776; POS/language checks PASS.
ox5000-99e9d2cc172cc5434f56	perceive	verb	B2	сприйма́ти	verified	MANUAL_EMERGENCY_WORK_20260820_FIRST_PASS_V3_round01	MANUAL_EMERGENCY_WORK_20260820_SECOND_PASS_V3_round01	MANUAL_EMERGENCY_WORK V3 exact Oxford identity; source_index=3823; definition_path=/us/definition/english/perceive; stable_id=PASS; exact_definition='to understand or think of somebody/something in a particular way'; selected_candidate_method=en_wiktionary_matching_pos_uk_translation	PASS: source-grounded second pass; method=en_wiktionary_matching_pos_uk_translation; exact Oxford definition='to understand or think of somebody/something in a particular way'; candidate='сприйма́ти'; reverse='receiver'; lexical=0.750; candidate_definition_similarity=0.502; reverse_definition_similarity=0.190; semantic=0.502; POS/language checks PASS.
ox5000-d74d8ec5476e2ae9ebb7	perception	noun	B2	сприйняття (нун): ідея, віра або образ, які ви маєте, як результат того, що бачите або розумієте щось	verified	MANUAL_EMERGENCY_WORK_20260820_FIRST_PASS_V3_round01	MANUAL_EMERGENCY_WORK_20260820_SECOND_PASS_V3_round01	MANUAL_EMERGENCY_WORK V3 exact Oxford identity; source_index=3825; definition_path=/us/definition/english/perception; stable_id=PASS; exact_definition='an idea, a belief or an image you have as a result of how you see or understand something'; selected_candidate_method=Helsinki-NLP/opus-mt-en-uk_contextual_definition_candidate	PASS: source-grounded second pass; method=Helsinki-NLP/opus-mt-en-uk_contextual_definition_candidate; exact Oxford definition='an idea, a belief or an image you have as a result of how you see or understand something'; candidate='сприйняття (нун): ідея, віра або образ, які ви маєте, як результат того, що бачите або розумієте щось'; reverse='perception: the idea, the faith or image that you have as a result of what you see or understand something'; lexical=1.000; candidate_definition_similarity=0.844; reverse_definition_similarity=0.838; semantic=0.844; POS/language checks PASS.
ox5000-eb9457a81d9f62a179b8	personnel	noun	C1	персонал (нун): люди, які працюють на організацію або на одну з збройних сил.	verified	MANUAL_EMERGENCY_WORK_20260820_FIRST_PASS_V3_round01	MANUAL_EMERGENCY_WORK_20260820_SECOND_PASS_V3_round01	MANUAL_EMERGENCY_WORK V3 exact Oxford identity; source_index=3843; definition_path=/us/definition/english/personnel; stable_id=PASS; exact_definition='the people who work for an organization or one of the armed forces'; selected_candidate_method=Helsinki-NLP/opus-mt-en-uk_contextual_definition_candidate	PASS: source-grounded second pass; method=Helsinki-NLP/opus-mt-en-uk_contextual_definition_candidate; exact Oxford definition='the people who work for an organization or one of the armed forces'; candidate='персонал (нун): люди, які працюють на організацію або на одну з збройних сил.'; reverse='personnel: people who work for an organization or for one of the armed forces.'; lexical=1.000; candidate_definition_similarity=0.866; reverse_definition_similarity=0.871; semantic=0.871; POS/language checks PASS.
ox5000-b491a88f6456bbb0cfb8	petition	noun	C1	петиція (ніун): документ, підписаний великою кількістю людей, які просять когось зробити або змінити щось.	verified	MANUAL_EMERGENCY_WORK_20260820_FIRST_PASS_V3_round01	MANUAL_EMERGENCY_WORK_20260820_SECOND_PASS_V3_round01	MANUAL_EMERGENCY_WORK V3 exact Oxford identity; source_index=3847; definition_path=/us/definition/english/petition_1; stable_id=PASS; exact_definition='a written document signed by a large number of people that asks somebody in a position of authority to do or change something'; selected_candidate_method=Helsinki-NLP/opus-mt-en-uk_contextual_definition_candidate	PASS: source-grounded second pass; method=Helsinki-NLP/opus-mt-en-uk_contextual_definition_candidate; exact Oxford definition='a written document signed by a large number of people that asks somebody in a position of authority to do or change something'; candidate='петиція (ніун): документ, підписаний великою кількістю людей, які просять когось зробити або змінити щось.'; reverse='petition (Ninn): a document signed by a large number of people asking someone to do or change something.'; lexical=1.000; candidate_definition_similarity=0.773; reverse_definition_similarity=0.813; semantic=0.813; POS/language checks PASS.
ox5000-97e75b56a14dcea93cd6	philosopher	noun	C1	філософ (нун): людина, яка вивчає або пише про філософію.	verified	MANUAL_EMERGENCY_WORK_20260820_FIRST_PASS_V3_round01	MANUAL_EMERGENCY_WORK_20260820_SECOND_PASS_V3_round01	MANUAL_EMERGENCY_WORK V3 exact Oxford identity; source_index=3851; definition_path=/us/definition/english/philosopher; stable_id=PASS; exact_definition='a person who studies or writes about philosophy'; selected_candidate_method=Helsinki-NLP/opus-mt-en-uk_contextual_definition_candidate	PASS: source-grounded second pass; method=Helsinki-NLP/opus-mt-en-uk_contextual_definition_candidate; exact Oxford definition='a person who studies or writes about philosophy'; candidate='філософ (нун): людина, яка вивчає або пише про філософію.'; reverse='philosopher (nun): a person who studies or writes about philosophy.'; lexical=1.000; candidate_definition_similarity=0.918; reverse_definition_similarity=0.859; semantic=0.918; POS/language checks PASS.
ox5000-4ed777656d24b1976443	philosophical	adjective	C1	Філософська	verified	MANUAL_EMERGENCY_WORK_20260820_FIRST_PASS_V3_round01	MANUAL_EMERGENCY_WORK_20260820_SECOND_PASS_V3_round01	MANUAL_EMERGENCY_WORK V3 exact Oxford identity; source_index=3852; definition_path=/us/definition/english/philosophical; stable_id=PASS; exact_definition='connected with philosophy'; selected_candidate_method=Helsinki-NLP/opus-mt-en-uk_surface_candidate	PASS: source-grounded second pass; method=Helsinki-NLP/opus-mt-en-uk_surface_candidate; exact Oxford definition='connected with philosophy'; candidate='Філософська'; reverse='Philosopheric'; lexical=0.846; candidate_definition_similarity=0.838; reverse_definition_similarity=0.901; semantic=0.901; POS/language checks PASS.
ox5000-3f779a09de200359c0e7	pill	noun	B2	пілюлю (ноун): маленький круглий шматок ліків, який ви ковтаєте повністю, не кусаючи його.	verified	MANUAL_EMERGENCY_WORK_20260820_FIRST_PASS_V3_round01	MANUAL_EMERGENCY_WORK_20260820_SECOND_PASS_V3_round01	MANUAL_EMERGENCY_WORK V3 exact Oxford identity; source_index=3874; definition_path=/us/definition/english/pill_1; stable_id=PASS; exact_definition='a small flat round piece of medicine that you swallow whole, without biting it'; selected_candidate_method=Helsinki-NLP/opus-mt-en-uk_contextual_definition_candidate	PASS: source-grounded second pass; method=Helsinki-NLP/opus-mt-en-uk_contextual_definition_candidate; exact Oxford definition='a small flat round piece of medicine that you swallow whole, without biting it'; candidate='пілюлю (ноун): маленький круглий шматок ліків, який ви ковтаєте повністю, не кусаючи його.'; reverse='pill: a small, round piece of medicine that you swallow completely without biting it.'; lexical=1.000; candidate_definition_similarity=0.826; reverse_definition_similarity=0.852; semantic=0.852; POS/language checks PASS.
ox5000-4d12a2450049f476f743	pioneer	noun	C1	Піонер (нун): людина, яка є першою, хто вивчає і розвиває певну галузь знань, культури тощо, яку інші люди потім продовжують розвивати.	verified	MANUAL_EMERGENCY_WORK_20260820_FIRST_PASS_V3_round01	MANUAL_EMERGENCY_WORK_20260820_SECOND_PASS_V3_round01	MANUAL_EMERGENCY_WORK V3 exact Oxford identity; source_index=3880; definition_path=/us/definition/english/pioneer_1; stable_id=PASS; exact_definition='a person who is the first to study and develop a particular area of knowledge, culture, etc. that other people then continue to develop'; selected_candidate_method=Helsinki-NLP/opus-mt-en-uk_contextual_definition_candidate	PASS: source-grounded second pass; method=Helsinki-NLP/opus-mt-en-uk_contextual_definition_candidate; exact Oxford definition='a person who is the first to study and develop a particular area of knowledge, culture, etc. that other people then continue to develop'; candidate='Піонер (нун): людина, яка є першою, хто вивчає і розвиває певну галузь знань, культури тощо, яку інші люди потім продовжують розвивати.'; reverse='Pioneer: A person who is the first to learn and develop a certain field of knowledge, culture, and so forth, who others continue to develop.'; lexical=1.000; candidate_definition_similarity=0.823; reverse_definition_similarity=0.729; semantic=0.823; POS/language checks PASS.
ox5000-a69f31481890fe668be4	pioneer	verb	C1	Піонер (версія): коли хтось піонерує щось, то це є один з перших, що мають зробити, відкрити або використати щось нове	verified	MANUAL_EMERGENCY_WORK_20260820_FIRST_PASS_V3_round01	MANUAL_EMERGENCY_WORK_20260820_SECOND_PASS_V3_round01	MANUAL_EMERGENCY_WORK V3 exact Oxford identity; source_index=3881; definition_path=/us/definition/english/pioneer_2; stable_id=PASS; exact_definition='when somebody pioneers something, they are one of the first people to do, discover or use something new'; selected_candidate_method=Helsinki-NLP/opus-mt-en-uk_contextual_definition_candidate	PASS: source-grounded second pass; method=Helsinki-NLP/opus-mt-en-uk_contextual_definition_candidate; exact Oxford definition='when somebody pioneers something, they are one of the first people to do, discover or use something new'; candidate='Піонер (версія): коли хтось піонерує щось, то це є один з перших, що мають зробити, відкрити або використати щось нове'; reverse='Pioneer: When someone is pioneering, it is one of the first things to do, to open or use something new'; lexical=1.000; candidate_definition_similarity=0.785; reverse_definition_similarity=0.907; semantic=0.907; POS/language checks PASS.
ox5000-aa936da664ebf419cd8b	pipeline	noun	C1	трубопровод	verified	MANUAL_EMERGENCY_WORK_20260820_FIRST_PASS_V3_round01	MANUAL_EMERGENCY_WORK_20260820_SECOND_PASS_V3_round01	MANUAL_EMERGENCY_WORK V3 exact Oxford identity; source_index=3883; definition_path=/us/definition/english/pipeline; stable_id=PASS; exact_definition='a series of pipes that are usually underground and are used for carrying oil, gas, etc. over long distances'; selected_candidate_method=Helsinki-NLP/opus-mt-en-uk_surface_candidate	PASS: source-grounded second pass; method=Helsinki-NLP/opus-mt-en-uk_surface_candidate; exact Oxford definition='a series of pipes that are usually underground and are used for carrying oil, gas, etc. over long distances'; candidate='трубопровод'; reverse='pipe'; lexical=1.000; candidate_definition_similarity=0.724; reverse_definition_similarity=0.586; semantic=0.724; POS/language checks PASS.
ox5000-0dd6137a2f1a6a9a12e6	pirate	noun	C1	пірат	verified	MANUAL_EMERGENCY_WORK_20260820_FIRST_PASS_V3_round01	MANUAL_EMERGENCY_WORK_20260820_SECOND_PASS_V3_round01	MANUAL_EMERGENCY_WORK V3 exact Oxford identity; source_index=3884; definition_path=/us/definition/english/pirate_1; stable_id=PASS; exact_definition='(especially in the past) a person on a ship who attacks other ships at sea in order to steal from them'; selected_candidate_method=Helsinki-NLP/opus-mt-en-uk_surface_candidate	PASS: source-grounded second pass; method=Helsinki-NLP/opus-mt-en-uk_surface_candidate; exact Oxford definition='(especially in the past) a person on a ship who attacks other ships at sea in order to steal from them'; candidate='пірат'; reverse='pirate'; lexical=1.000; candidate_definition_similarity=0.463; reverse_definition_similarity=0.468; semantic=0.468; POS/language checks PASS.
ox5000-69c6a831bfe7dfdfa3dd	pit	noun	C1	яма (нуун): велика глибока діра в землі	verified	MANUAL_EMERGENCY_WORK_20260820_FIRST_PASS_V3_round01	MANUAL_EMERGENCY_WORK_20260820_SECOND_PASS_V3_round01	MANUAL_EMERGENCY_WORK V3 exact Oxford identity; source_index=3885; definition_path=/us/definition/english/pit_1; stable_id=PASS; exact_definition='a large deep hole in the ground'; selected_candidate_method=Helsinki-NLP/opus-mt-en-uk_contextual_definition_candidate	PASS: source-grounded second pass; method=Helsinki-NLP/opus-mt-en-uk_contextual_definition_candidate; exact Oxford definition='a large deep hole in the ground'; candidate='яма (нуун): велика глибока діра в землі'; reverse='pit: large deep hole in the ground'; lexical=1.000; candidate_definition_similarity=0.755; reverse_definition_similarity=0.896; semantic=0.896; POS/language checks PASS.
ox5000-714d19b7df6bf047fb12	placement	noun	B2	Розташування	verified	MANUAL_EMERGENCY_WORK_20260820_FIRST_PASS_V3_round01	MANUAL_EMERGENCY_WORK_20260820_SECOND_PASS_V3_round01	MANUAL_EMERGENCY_WORK V3 exact Oxford identity; source_index=3890; definition_path=/us/definition/english/placement; stable_id=PASS; exact_definition='the act of finding somebody a suitable job or place to live'; selected_candidate_method=Helsinki-NLP/opus-mt-en-uk_surface_candidate	PASS: source-grounded second pass; method=Helsinki-NLP/opus-mt-en-uk_surface_candidate; exact Oxford definition='the act of finding somebody a suitable job or place to live'; candidate='Розташування'; reverse='Location'; lexical=0.353; candidate_definition_similarity=0.447; reverse_definition_similarity=0.394; semantic=0.447; POS/language checks PASS.
ox5000-83df4ff41fec9e689188	pledge	noun	C1	обіця́нка	verified	MANUAL_EMERGENCY_WORK_20260820_FIRST_PASS_V3_round01	MANUAL_EMERGENCY_WORK_20260820_SECOND_PASS_V3_round01	MANUAL_EMERGENCY_WORK V3 exact Oxford identity; source_index=3913; definition_path=/us/definition/english/pledge_2; stable_id=PASS; exact_definition='a serious promise'; selected_candidate_method=en_wiktionary_matching_pos_uk_translation	PASS: source-grounded second pass; method=en_wiktionary_matching_pos_uk_translation; exact Oxford definition='a serious promise'; candidate='обіця́нка'; reverse='promise'; lexical=0.308; candidate_definition_similarity=0.897; reverse_definition_similarity=0.873; semantic=0.897; POS/language checks PASS.
ox5000-ec99e1e8c7830791d513	pole	noun	C1	полюс (нуун): довгий тонкий дерев' ячик або метал, особливо з кінцем землі, який використовується як опора.	verified	MANUAL_EMERGENCY_WORK_20260820_FIRST_PASS_V3_round01	MANUAL_EMERGENCY_WORK_20260820_SECOND_PASS_V3_round01	MANUAL_EMERGENCY_WORK V3 exact Oxford identity; source_index=3935; definition_path=/us/definition/english/pole_1; stable_id=PASS; exact_definition='a long thin straight piece of wood or metal, especially one with the end placed in the ground, used as a support'; selected_candidate_method=Helsinki-NLP/opus-mt-en-uk_contextual_definition_candidate	"PASS: source-grounded second pass; method=Helsinki-NLP/opus-mt-en-uk_contextual_definition_candidate; exact Oxford definition='a long thin straight piece of wood or metal, especially one with the end placed in the ground, used as a support'; candidate=""полюс (нуун): довгий тонкий дерев' ячик або метал, особливо з кінцем землі, який використовується як опора.""; reverse='Pole (nuun): A long thin wooden or metal, especially with the end of the earth, used as a base.'; lexical=1.000; candidate_definition_similarity=0.610; reverse_definition_similarity=0.662; semantic=0.662; POS/language checks PASS."
ox5000-63da2a1947e89c7e3bbd	poll	noun	C1	опитування (ноун): процес допиту людей, які є представниками більшої групи для того, щоб отримати інформацію про загальну думку	verified	MANUAL_EMERGENCY_WORK_20260820_FIRST_PASS_V3_round01	MANUAL_EMERGENCY_WORK_20260820_SECOND_PASS_V3_round01	MANUAL_EMERGENCY_WORK V3 exact Oxford identity; source_index=3943; definition_path=/us/definition/english/poll_1; stable_id=PASS; exact_definition='the process of questioning people who are representative of a larger group in order to get information about the general opinion'; selected_candidate_method=Helsinki-NLP/opus-mt-en-uk_contextual_definition_candidate	PASS: source-grounded second pass; method=Helsinki-NLP/opus-mt-en-uk_contextual_definition_candidate; exact Oxford definition='the process of questioning people who are representative of a larger group in order to get information about the general opinion'; candidate='опитування (ноун): процес допиту людей, які є представниками більшої групи для того, щоб отримати інформацію про загальну думку'; reverse='poll (Noon) the process of interrogating people who represent more group in order to get information on the general idea'; lexical=1.000; candidate_definition_similarity=0.872; reverse_definition_similarity=0.793; semantic=0.872; POS/language checks PASS.
ox5000-14f031faff13a37dc5da	pond	noun	C1	ставок (нуун): мала ділянка нерухомої води, особливо штучного	verified	MANUAL_EMERGENCY_WORK_20260820_FIRST_PASS_V3_round01	MANUAL_EMERGENCY_WORK_20260820_SECOND_PASS_V3_round01	MANUAL_EMERGENCY_WORK V3 exact Oxford identity; source_index=3945; definition_path=/us/definition/english/pond; stable_id=PASS; exact_definition='a small area of still water, especially one that is artificial'; selected_candidate_method=Helsinki-NLP/opus-mt-en-uk_contextual_definition_candidate	PASS: source-grounded second pass; method=Helsinki-NLP/opus-mt-en-uk_contextual_definition_candidate; exact Oxford definition='a small area of still water, especially one that is artificial'; candidate='ставок (нуун): мала ділянка нерухомої води, особливо штучного'; reverse='pond (nuun): Small, stationary water area, especially artificial'; lexical=1.000; candidate_definition_similarity=0.828; reverse_definition_similarity=0.829; semantic=0.829; POS/language checks PASS.
ox5000-e8093e2d8ad2399dab1e	portfolio	noun	C1	Портфоліо (нуун): тонкий плоский випадок, що використовується для перенесення документів, малюнків тощо.	verified	MANUAL_EMERGENCY_WORK_20260820_FIRST_PASS_V3_round01	MANUAL_EMERGENCY_WORK_20260820_SECOND_PASS_V3_round01	MANUAL_EMERGENCY_WORK V3 exact Oxford identity; source_index=3955; definition_path=/us/definition/english/portfolio; stable_id=PASS; exact_definition='a thin flat case used for carrying documents, drawings, etc.'; selected_candidate_method=Helsinki-NLP/opus-mt-en-uk_contextual_definition_candidate	PASS: source-grounded second pass; method=Helsinki-NLP/opus-mt-en-uk_contextual_definition_candidate; exact Oxford definition='a thin flat case used for carrying documents, drawings, etc.'; candidate='Портфоліо (нуун): тонкий плоский випадок, що використовується для перенесення документів, малюнків тощо.'; reverse='Portfolio (nunu): A thin flat case used to carry documents, pictures, and so forth.'; lexical=1.000; candidate_definition_similarity=0.620; reverse_definition_similarity=0.823; semantic=0.823; POS/language checks PASS.
ox5000-61157023f5c6f7cae979	portion	noun	B2	части́на	verified	MANUAL_EMERGENCY_WORK_20260820_FIRST_PASS_V3_round01	MANUAL_EMERGENCY_WORK_20260820_SECOND_PASS_V3_round01	MANUAL_EMERGENCY_WORK V3 exact Oxford identity; source_index=3956; definition_path=/us/definition/english/portion_1; stable_id=PASS; exact_definition='one part of something larger'; selected_candidate_method=en_wiktionary_matching_pos_uk_translation	PASS: source-grounded second pass; method=en_wiktionary_matching_pos_uk_translation; exact Oxford definition='one part of something larger'; candidate='части́на'; reverse='particle'; lexical=0.533; candidate_definition_similarity=0.695; reverse_definition_similarity=0.304; semantic=0.695; POS/language checks PASS.
ox5000-c15e293b147fe2223274	post-war	adjective	C1	Пост-війна (примітка): існує, відбувається або робиться у період після війни, особливо у Другій світовій війні.	verified	MANUAL_EMERGENCY_WORK_20260820_FIRST_PASS_V3_round01	MANUAL_EMERGENCY_WORK_20260820_SECOND_PASS_V3_round01	MANUAL_EMERGENCY_WORK V3 exact Oxford identity; source_index=3971; definition_path=/us/definition/english/post-war; stable_id=PASS; exact_definition='existing, happening or made in the period after a war, especially the Second World War'; selected_candidate_method=Helsinki-NLP/opus-mt-en-uk_contextual_definition_candidate	PASS: source-grounded second pass; method=Helsinki-NLP/opus-mt-en-uk_contextual_definition_candidate; exact Oxford definition='existing, happening or made in the period after a war, especially the Second World War'; candidate='Пост-війна (примітка): існує, відбувається або робиться у період після війни, особливо у Другій світовій війні.'; reverse='Post-war: exists, happens or happens in the post-war period, especially in World War II.'; lexical=1.000; candidate_definition_similarity=0.827; reverse_definition_similarity=0.775; semantic=0.827; POS/language checks PASS.
ox5000-711718c5c7cfed4346b5	potentially	adverb	B2	потенційно ( прислівник) казав, що щось може перерости в щось	verified	MANUAL_EMERGENCY_WORK_20260820_FIRST_PASS_V3_round01	MANUAL_EMERGENCY_WORK_20260820_SECOND_PASS_V3_round01	MANUAL_EMERGENCY_WORK V3 exact Oxford identity; source_index=3978; definition_path=/us/definition/english/potentially; stable_id=PASS; exact_definition='used to say that something may develop into something'; selected_candidate_method=Helsinki-NLP/opus-mt-en-uk_contextual_definition_candidate	PASS: source-grounded second pass; method=Helsinki-NLP/opus-mt-en-uk_contextual_definition_candidate; exact Oxford definition='used to say that something may develop into something'; candidate='потенційно ( прислівник) казав, що щось може перерости в щось'; reverse='potentially (Adverb) said something could grow into something'; lexical=1.000; candidate_definition_similarity=0.855; reverse_definition_similarity=0.842; semantic=0.855; POS/language checks PASS.
ox5000-beb52a5555437b39995b	practitioner	noun	C1	практикування	verified	MANUAL_EMERGENCY_WORK_20260820_FIRST_PASS_V3_round01	MANUAL_EMERGENCY_WORK_20260820_SECOND_PASS_V3_round01	MANUAL_EMERGENCY_WORK V3 exact Oxford identity; source_index=3989; definition_path=/us/definition/english/practitioner; stable_id=PASS; exact_definition='a person who works in a profession, especially medicine or law'; selected_candidate_method=Helsinki-NLP/opus-mt-en-uk_surface_candidate	PASS: source-grounded second pass; method=Helsinki-NLP/opus-mt-en-uk_surface_candidate; exact Oxford definition='a person who works in a profession, especially medicine or law'; candidate='практикування'; reverse='practice'; lexical=0.700; candidate_definition_similarity=0.422; reverse_definition_similarity=0.404; semantic=0.422; POS/language checks PASS.
ox5000-74daeda551245ecd75df	preach	verb	C1	проповідувати (словник): виголошувати релігійну промову на публічному місці, особливо в церкві під час служіння	verified	MANUAL_EMERGENCY_WORK_20260820_FIRST_PASS_V3_round01	MANUAL_EMERGENCY_WORK_20260820_SECOND_PASS_V3_round01	MANUAL_EMERGENCY_WORK V3 exact Oxford identity; source_index=3994; definition_path=/us/definition/english/preach; stable_id=PASS; exact_definition='to give a religious talk in a public place, especially in a church during a service'; selected_candidate_method=Helsinki-NLP/opus-mt-en-uk_contextual_definition_candidate	PASS: source-grounded second pass; method=Helsinki-NLP/opus-mt-en-uk_contextual_definition_candidate; exact Oxford definition='to give a religious talk in a public place, especially in a church during a service'; candidate='проповідувати (словник): виголошувати релігійну промову на публічному місці, особливо в церкві під час служіння'; reverse='preach (word): giving a religious talk at a public place, especially at church during the ministry'; lexical=1.000; candidate_definition_similarity=0.849; reverse_definition_similarity=0.855; semantic=0.855; POS/language checks PASS.
ox5000-9ea970eafe26ff604aa5	precedent	noun	C1	прецедент	verified	MANUAL_EMERGENCY_WORK_20260820_FIRST_PASS_V3_round01	MANUAL_EMERGENCY_WORK_20260820_SECOND_PASS_V3_round01	MANUAL_EMERGENCY_WORK V3 exact Oxford identity; source_index=3996; definition_path=/us/definition/english/precedent; stable_id=PASS; exact_definition='an official action or decision that has happened in the past and that is seen as an example or a rule to be followed in a similar situation later'; selected_candidate_method=Helsinki-NLP/opus-mt-en-uk_surface_candidate	PASS: source-grounded second pass; method=Helsinki-NLP/opus-mt-en-uk_surface_candidate; exact Oxford definition='an official action or decision that has happened in the past and that is seen as an example or a rule to be followed in a similar situation later'; candidate='прецедент'; reverse='precedent'; lexical=1.000; candidate_definition_similarity=0.411; reverse_definition_similarity=0.414; semantic=0.414; POS/language checks PASS.
ox5000-09b263abf182e4e60c79	precious	adjective	B2	дорогоцінний (примітка): рідкісний і вартий багато грошей	verified	MANUAL_EMERGENCY_WORK_20260820_FIRST_PASS_V3_round01	MANUAL_EMERGENCY_WORK_20260820_SECOND_PASS_V3_round01	MANUAL_EMERGENCY_WORK V3 exact Oxford identity; source_index=3997; definition_path=/us/definition/english/precious_1; stable_id=PASS; exact_definition='rare and worth a lot of money'; selected_candidate_method=Helsinki-NLP/opus-mt-en-uk_contextual_definition_candidate	PASS: source-grounded second pass; method=Helsinki-NLP/opus-mt-en-uk_contextual_definition_candidate; exact Oxford definition='rare and worth a lot of money'; candidate='дорогоцінний (примітка): рідкісний і вартий багато грошей'; reverse='Precious (note): rare and worth a lot of money'; lexical=1.000; candidate_definition_similarity=0.855; reverse_definition_similarity=0.857; semantic=0.857; POS/language checks PASS.
ox5000-366987964a8ab382bc33	precise	adjective	B2	точний	verified	MANUAL_EMERGENCY_WORK_20260820_FIRST_PASS_V3_round01	MANUAL_EMERGENCY_WORK_20260820_SECOND_PASS_V3_round01	MANUAL_EMERGENCY_WORK V3 exact Oxford identity; source_index=3998; definition_path=/us/definition/english/precise; stable_id=PASS; exact_definition='clear and accurate'; selected_candidate_method=Helsinki-NLP/opus-mt-en-uk_surface_candidate	PASS: source-grounded second pass; method=Helsinki-NLP/opus-mt-en-uk_surface_candidate; exact Oxford definition='clear and accurate'; candidate='точний'; reverse='exact'; lexical=0.333; candidate_definition_similarity=0.754; reverse_definition_similarity=0.636; semantic=0.754; POS/language checks PASS.
ox5000-07a37e93b46b0272d38d	precisely	adverb	B2	Точна ( прислівник): точність; обережність	verified	MANUAL_EMERGENCY_WORK_20260820_FIRST_PASS_V3_round01	MANUAL_EMERGENCY_WORK_20260820_SECOND_PASS_V3_round01	MANUAL_EMERGENCY_WORK V3 exact Oxford identity; source_index=3999; definition_path=/us/definition/english/precisely; stable_id=PASS; exact_definition='accurately; carefully'; selected_candidate_method=Helsinki-NLP/opus-mt-en-uk_contextual_definition_candidate	PASS: source-grounded second pass; method=Helsinki-NLP/opus-mt-en-uk_contextual_definition_candidate; exact Oxford definition='accurately; carefully'; candidate='Точна ( прислівник): точність; обережність'; reverse='Accurate (Adverb): precision; caution'; lexical=0.286; candidate_definition_similarity=0.742; reverse_definition_similarity=0.653; semantic=0.742; POS/language checks PASS.
ox5000-e79d85a69185862ee9d0	precision	noun	C1	точність	verified	MANUAL_EMERGENCY_WORK_20260820_FIRST_PASS_V3_round01	MANUAL_EMERGENCY_WORK_20260820_SECOND_PASS_V3_round01	MANUAL_EMERGENCY_WORK V3 exact Oxford identity; source_index=4000; definition_path=/us/definition/english/precision; stable_id=PASS; exact_definition='the quality of being exact, accurate and careful'; selected_candidate_method=Helsinki-NLP/opus-mt-en-uk_surface_candidate	PASS: source-grounded second pass; method=Helsinki-NLP/opus-mt-en-uk_surface_candidate; exact Oxford definition='the quality of being exact, accurate and careful'; candidate='точність'; reverse='precision'; lexical=1.000; candidate_definition_similarity=0.744; reverse_definition_similarity=0.617; semantic=0.744; POS/language checks PASS.
ox5000-0c69381b3616424379da	predator	noun	C1	хижак (нун): тварина, яка вбиває і їсть інших тварин.	verified	MANUAL_EMERGENCY_WORK_20260820_FIRST_PASS_V3_round01	MANUAL_EMERGENCY_WORK_20260820_SECOND_PASS_V3_round01	MANUAL_EMERGENCY_WORK V3 exact Oxford identity; source_index=4001; definition_path=/us/definition/english/predator; stable_id=PASS; exact_definition='an animal that kills and eats other animals'; selected_candidate_method=Helsinki-NLP/opus-mt-en-uk_contextual_definition_candidate	PASS: source-grounded second pass; method=Helsinki-NLP/opus-mt-en-uk_contextual_definition_candidate; exact Oxford definition='an animal that kills and eats other animals'; candidate='хижак (нун): тварина, яка вбиває і їсть інших тварин.'; reverse='predator: an animal that kills and eats other animals.'; lexical=1.000; candidate_definition_similarity=0.842; reverse_definition_similarity=0.823; semantic=0.842; POS/language checks PASS.
ox5000-2dca3be5c1eb81910a5e	predecessor	noun	C1	попередник (нуун): людина, яка робила роботу раніше за когось іншого	verified	MANUAL_EMERGENCY_WORK_20260820_FIRST_PASS_V3_round01	MANUAL_EMERGENCY_WORK_20260820_SECOND_PASS_V3_round01	MANUAL_EMERGENCY_WORK V3 exact Oxford identity; source_index=4002; definition_path=/us/definition/english/predecessor; stable_id=PASS; exact_definition='a person who did a job before somebody else'; selected_candidate_method=Helsinki-NLP/opus-mt-en-uk_contextual_definition_candidate	PASS: source-grounded second pass; method=Helsinki-NLP/opus-mt-en-uk_contextual_definition_candidate; exact Oxford definition='a person who did a job before somebody else'; candidate='попередник (нуун): людина, яка робила роботу раніше за когось іншого'; reverse='predecessor: the person who did the work before someone else'; lexical=1.000; candidate_definition_similarity=0.894; reverse_definition_similarity=0.855; semantic=0.894; POS/language checks PASS.
ox5000-0075e875d49c550e0129	predictable	adjective	B2	передба́чуваний	verified	MANUAL_EMERGENCY_WORK_20260820_FIRST_PASS_V3_round01	MANUAL_EMERGENCY_WORK_20260820_SECOND_PASS_V3_round01	MANUAL_EMERGENCY_WORK V3 exact Oxford identity; source_index=4004; definition_path=/us/definition/english/predictable; stable_id=PASS; exact_definition='if something is predictable , you know in advance that it will happen or what it will be like'; selected_candidate_method=en_wiktionary_matching_pos_uk_translation	PASS: source-grounded second pass; method=en_wiktionary_matching_pos_uk_translation; exact Oxford definition='if something is predictable , you know in advance that it will happen or what it will be like'; candidate='передба́чуваний'; reverse='Foreseeed'; lexical=0.300; candidate_definition_similarity=0.486; reverse_definition_similarity=0.202; semantic=0.486; POS/language checks PASS.
ox5000-8ab5d933d24fc645f982	predominantly	adverb	C1	Переважно	verified	MANUAL_EMERGENCY_WORK_20260820_FIRST_PASS_V3_round01	MANUAL_EMERGENCY_WORK_20260820_SECOND_PASS_V3_round01	MANUAL_EMERGENCY_WORK V3 exact Oxford identity; source_index=4006; definition_path=/us/definition/english/predominantly; stable_id=PASS; exact_definition='mostly; mainly'; selected_candidate_method=Helsinki-NLP/opus-mt-en-uk_surface_candidate	PASS: source-grounded second pass; method=Helsinki-NLP/opus-mt-en-uk_surface_candidate; exact Oxford definition='mostly; mainly'; candidate='Переважно'; reverse='Mainly'; lexical=0.526; candidate_definition_similarity=0.621; reverse_definition_similarity=0.884; semantic=0.884; POS/language checks PASS.
ox5000-1d0e11bac57e7f23988b	pregnancy	noun	C1	вагітність (ноун): стан вагітності.	verified	MANUAL_EMERGENCY_WORK_20260820_FIRST_PASS_V3_round01	MANUAL_EMERGENCY_WORK_20260820_SECOND_PASS_V3_round01	MANUAL_EMERGENCY_WORK V3 exact Oxford identity; source_index=4009; definition_path=/us/definition/english/pregnancy; stable_id=PASS; exact_definition='the state of being pregnant'; selected_candidate_method=Helsinki-NLP/opus-mt-en-uk_contextual_definition_candidate	PASS: source-grounded second pass; method=Helsinki-NLP/opus-mt-en-uk_contextual_definition_candidate; exact Oxford definition='the state of being pregnant'; candidate='вагітність (ноун): стан вагітності.'; reverse='Pregnancy: pregnancy.'; lexical=1.000; candidate_definition_similarity=0.889; reverse_definition_similarity=0.876; semantic=0.889; POS/language checks PASS.
ox5000-8ac0c5af2413dbb6d70d	prejudice	noun	C1	упередження (ніун): нелюбов до особи, групи, звичаю тощо, а головно коли воно грунтується на їхній расі, релігії, сексі, і так далі.	verified	MANUAL_EMERGENCY_WORK_20260820_FIRST_PASS_V3_round01	MANUAL_EMERGENCY_WORK_20260820_SECOND_PASS_V3_round01	MANUAL_EMERGENCY_WORK V3 exact Oxford identity; source_index=4011; definition_path=/us/definition/english/prejudice_1; stable_id=PASS; exact_definition='an unreasonable dislike of or preference for a person, group, custom, etc., especially when it is based on their race, religion, sex, etc.'; selected_candidate_method=Helsinki-NLP/opus-mt-en-uk_contextual_definition_candidate	PASS: source-grounded second pass; method=Helsinki-NLP/opus-mt-en-uk_contextual_definition_candidate; exact Oxford definition='an unreasonable dislike of or preference for a person, group, custom, etc., especially when it is based on their race, religion, sex, etc.'; candidate='упередження (ніун): нелюбов до особи, групи, звичаю тощо, а головно коли воно грунтується на їхній расі, релігії, сексі, і так далі.'; reverse='prejudice (Nion): an dislike for person, group, custom, etc., especially when it is based on their race, religion, sex, and so forth.'; lexical=1.000; candidate_definition_similarity=0.800; reverse_definition_similarity=0.801; semantic=0.801; POS/language checks PASS.
ox5000-3db493fbc047bbb130b0	preliminary	adjective	C1	попередній	verified	MANUAL_EMERGENCY_WORK_20260820_FIRST_PASS_V3_round01	MANUAL_EMERGENCY_WORK_20260820_SECOND_PASS_V3_round01	MANUAL_EMERGENCY_WORK V3 exact Oxford identity; source_index=4012; definition_path=/us/definition/english/preliminary_1; stable_id=PASS; exact_definition='happening before a more important action or event'; selected_candidate_method=Helsinki-NLP/opus-mt-en-uk_surface_candidate	PASS: source-grounded second pass; method=Helsinki-NLP/opus-mt-en-uk_surface_candidate; exact Oxford definition='happening before a more important action or event'; candidate='попередній'; reverse='previous'; lexical=0.421; candidate_definition_similarity=0.416; reverse_definition_similarity=0.333; semantic=0.416; POS/language checks PASS.
ox5000-3b9665fac679b54735b9	presently	adverb	C1	поточний	verified	MANUAL_EMERGENCY_WORK_20260820_FIRST_PASS_V3_round01	MANUAL_EMERGENCY_WORK_20260820_SECOND_PASS_V3_round01	MANUAL_EMERGENCY_WORK V3 exact Oxford identity; source_index=4026; definition_path=/us/definition/english/presently; stable_id=PASS; exact_definition='at the time you are speaking or writing; now'; selected_candidate_method=Helsinki-NLP/opus-mt-en-uk_surface_candidate	PASS: source-grounded second pass; method=Helsinki-NLP/opus-mt-en-uk_surface_candidate; exact Oxford definition='at the time you are speaking or writing; now'; candidate='поточний'; reverse='current'; lexical=0.500; candidate_definition_similarity=0.540; reverse_definition_similarity=0.282; semantic=0.540; POS/language checks PASS.
ox5000-4a1e89ce5360f3ea74a0	preservation	noun	C1	збереження	verified	MANUAL_EMERGENCY_WORK_20260820_FIRST_PASS_V3_round01	MANUAL_EMERGENCY_WORK_20260820_SECOND_PASS_V3_round01	MANUAL_EMERGENCY_WORK V3 exact Oxford identity; source_index=4027; definition_path=/us/definition/english/preservation; stable_id=PASS; exact_definition='the act of keeping something in its original state or in good condition'; selected_candidate_method=Helsinki-NLP/opus-mt-en-uk_surface_candidate	PASS: source-grounded second pass; method=Helsinki-NLP/opus-mt-en-uk_surface_candidate; exact Oxford definition='the act of keeping something in its original state or in good condition'; candidate='збереження'; reverse='saving'; lexical=0.444; candidate_definition_similarity=0.519; reverse_definition_similarity=0.320; semantic=0.519; POS/language checks PASS.
ox5000-626708635e9ca62f55fd	presidency	noun	C1	Президенство (немає): робота бути президентом країни або організації; час, коли хтось має цю роботу	verified	MANUAL_EMERGENCY_WORK_20260820_FIRST_PASS_V3_round01	MANUAL_EMERGENCY_WORK_20260820_SECOND_PASS_V3_round01	MANUAL_EMERGENCY_WORK V3 exact Oxford identity; source_index=4030; definition_path=/us/definition/english/presidency; stable_id=PASS; exact_definition='the job of being president of a country or an organization; the period of time somebody holds this job'; selected_candidate_method=Helsinki-NLP/opus-mt-en-uk_contextual_definition_candidate	PASS: source-grounded second pass; method=Helsinki-NLP/opus-mt-en-uk_contextual_definition_candidate; exact Oxford definition='the job of being president of a country or an organization; the period of time somebody holds this job'; candidate='Президенство (немає): робота бути президентом країни або організації; час, коли хтось має цю роботу'; reverse='The presidency (no): the job of being president of a country or organization; the time when someone has this job'; lexical=1.000; candidate_definition_similarity=0.862; reverse_definition_similarity=0.852; semantic=0.862; POS/language checks PASS.
ox5000-304888d5b3b34cdf8f1a	presidential	adjective	C1	Президентська (прикметник): пов'язана з позицією або діяльністю президента.	verified	MANUAL_EMERGENCY_WORK_20260820_FIRST_PASS_V3_round01	MANUAL_EMERGENCY_WORK_20260820_SECOND_PASS_V3_round01	MANUAL_EMERGENCY_WORK V3 exact Oxford identity; source_index=4032; definition_path=/us/definition/english/presidential; stable_id=PASS; exact_definition='connected with the position or activities of a president'; selected_candidate_method=Helsinki-NLP/opus-mt-en-uk_contextual_definition_candidate	"PASS: source-grounded second pass; method=Helsinki-NLP/opus-mt-en-uk_contextual_definition_candidate; exact Oxford definition='connected with the position or activities of a president'; candidate=""Президентська (прикметник): пов'язана з позицією або діяльністю президента.""; reverse=""Presidential (president): relates to the president's position or activities.""; lexical=1.000; candidate_definition_similarity=0.886; reverse_definition_similarity=0.869; semantic=0.886; POS/language checks PASS."
ox5000-720fe693d139db569134	prevalence	noun	C1	Повсюдне поширення	verified	MANUAL_EMERGENCY_WORK_20260820_FIRST_PASS_V3_round01	MANUAL_EMERGENCY_WORK_20260820_SECOND_PASS_V3_round01	MANUAL_EMERGENCY_WORK V3 exact Oxford identity; source_index=4043; definition_path=/us/definition/english/prevalence; stable_id=PASS; exact_definition='the fact of existing or being very common at a particular time or in a particular place'; selected_candidate_method=Helsinki-NLP/opus-mt-en-uk_surface_candidate	PASS: source-grounded second pass; method=Helsinki-NLP/opus-mt-en-uk_surface_candidate; exact Oxford definition='the fact of existing or being very common at a particular time or in a particular place'; candidate='Повсюдне поширення'; reverse='Global Seeding'; lexical=0.333; candidate_definition_similarity=0.499; reverse_definition_similarity=0.210; semantic=0.499; POS/language checks PASS.
ox5000-83688944d1f5d4e61640	prevention	noun	C1	запобігання	verified	MANUAL_EMERGENCY_WORK_20260820_FIRST_PASS_V3_round01	MANUAL_EMERGENCY_WORK_20260820_SECOND_PASS_V3_round01	MANUAL_EMERGENCY_WORK V3 exact Oxford identity; source_index=4045; definition_path=/us/definition/english/prevention; stable_id=PASS; exact_definition='the act of stopping something bad from happening'; selected_candidate_method=en_wiktionary_matching_pos_uk_translation	PASS: source-grounded second pass; method=en_wiktionary_matching_pos_uk_translation; exact Oxford definition='the act of stopping something bad from happening'; candidate='запобігання'; reverse='prevention'; lexical=1.000; candidate_definition_similarity=0.598; reverse_definition_similarity=0.540; semantic=0.598; POS/language checks PASS.
ox5000-770257e1113a4e67d77a	prey	noun	C1	здо́бич	verified	MANUAL_EMERGENCY_WORK_20260820_FIRST_PASS_V3_round01	MANUAL_EMERGENCY_WORK_20260820_SECOND_PASS_V3_round01	MANUAL_EMERGENCY_WORK V3 exact Oxford identity; source_index=4048; definition_path=/us/definition/english/prey_1; stable_id=PASS; exact_definition='an animal, a bird, etc. that is hunted, killed and eaten by another'; selected_candidate_method=en_wiktionary_matching_pos_uk_translation	PASS: source-grounded second pass; method=en_wiktionary_matching_pos_uk_translation; exact Oxford definition='an animal, a bird, etc. that is hunted, killed and eaten by another'; candidate='здо́бич'; reverse='prey'; lexical=1.000; candidate_definition_similarity=0.210; reverse_definition_similarity=0.634; semantic=0.634; POS/language checks PASS.
ox5000-30d651fc921ad00b63ae	pride	noun	B2	Гордість (нуун): почуття задоволення або задоволення, яке ви можете відчути, коли ви або ваші друзі зробили щось добре або мають щось, що інші люди люблять.	verified	MANUAL_EMERGENCY_WORK_20260820_FIRST_PASS_V3_round01	MANUAL_EMERGENCY_WORK_20260820_SECOND_PASS_V3_round01	MANUAL_EMERGENCY_WORK V3 exact Oxford identity; source_index=4051; definition_path=/us/definition/english/pride_1; stable_id=PASS; exact_definition='a feeling of being pleased or satisfied that you get when you or people who are connected with you have done something well or own something that other people admire'; selected_candidate_method=Helsinki-NLP/opus-mt-en-uk_contextual_definition_candidate	PASS: source-grounded second pass; method=Helsinki-NLP/opus-mt-en-uk_contextual_definition_candidate; exact Oxford definition='a feeling of being pleased or satisfied that you get when you or people who are connected with you have done something well or own something that other people admire'; candidate='Гордість (нуун): почуття задоволення або задоволення, яке ви можете відчути, коли ви або ваші друзі зробили щось добре або мають щось, що інші люди люблять.'; reverse='Pride (nuun): A feeling of satisfaction or satisfaction that you can experience when you or your friends have done something good or have something that other people love.'; lexical=1.000; candidate_definition_similarity=0.732; reverse_definition_similarity=0.725; semantic=0.732; POS/language checks PASS.
ox5000-68462507f2904d5c48d2	prior	adjective	B2	раніше	verified	MANUAL_EMERGENCY_WORK_20260820_FIRST_PASS_V3_round01	MANUAL_EMERGENCY_WORK_20260820_SECOND_PASS_V3_round01	MANUAL_EMERGENCY_WORK V3 exact Oxford identity; source_index=4065; definition_path=/us/definition/english/prior_1; stable_id=PASS; exact_definition='happening or existing before something else or before a particular time'; selected_candidate_method=Helsinki-NLP/opus-mt-en-uk_surface_candidate	PASS: source-grounded second pass; method=Helsinki-NLP/opus-mt-en-uk_surface_candidate; exact Oxford definition='happening or existing before something else or before a particular time'; candidate='раніше'; reverse='before'; lexical=0.364; candidate_definition_similarity=0.574; reverse_definition_similarity=0.634; semantic=0.634; POS/language checks PASS.
ox5000-735d2fc0c5365227caa0	privatization	noun	C1	приватизація (ноун): продаж бізнесу або індустрії, щоб уряд більше не мав її.	verified	MANUAL_EMERGENCY_WORK_20260820_FIRST_PASS_V3_round01	MANUAL_EMERGENCY_WORK_20260820_SECOND_PASS_V3_round01	MANUAL_EMERGENCY_WORK V3 exact Oxford identity; source_index=4071; definition_path=/us/definition/english/privatization; stable_id=PASS; exact_definition='the act of selling a business or an industry so that it is no longer owned by the government'; selected_candidate_method=Helsinki-NLP/opus-mt-en-uk_contextual_definition_candidate	PASS: source-grounded second pass; method=Helsinki-NLP/opus-mt-en-uk_contextual_definition_candidate; exact Oxford definition='the act of selling a business or an industry so that it is no longer owned by the government'; candidate='приватизація (ноун): продаж бізнесу або індустрії, щоб уряд більше не мав її.'; reverse='privatization: selling business or industry so that the government does not have it anymore.'; lexical=1.000; candidate_definition_similarity=0.823; reverse_definition_similarity=0.716; semantic=0.823; POS/language checks PASS.
ox5000-206be67da166f791b624	privilege	noun	C1	Привілей (нуун): спеціальне право або перевага, яку має певна особа або група людей	verified	MANUAL_EMERGENCY_WORK_20260820_FIRST_PASS_V3_round01	MANUAL_EMERGENCY_WORK_20260820_SECOND_PASS_V3_round01	MANUAL_EMERGENCY_WORK V3 exact Oxford identity; source_index=4072; definition_path=/us/definition/english/privilege_1; stable_id=PASS; exact_definition='a special right or advantage that a particular person or group of people has'; selected_candidate_method=Helsinki-NLP/opus-mt-en-uk_contextual_definition_candidate	PASS: source-grounded second pass; method=Helsinki-NLP/opus-mt-en-uk_contextual_definition_candidate; exact Oxford definition='a special right or advantage that a particular person or group of people has'; candidate='Привілей (нуун): спеціальне право або перевага, яку має певна особа або група людей'; reverse='Privilege (nuun): A special right or advantage enjoyed by a certain person or group of people'; lexical=1.000; candidate_definition_similarity=0.840; reverse_definition_similarity=0.785; semantic=0.840; POS/language checks PASS.
ox5000-3f480e4f3cad8f3e7633	probability	noun	B2	Ймовірність (ніу): ймовірність того, що щось станеться	verified	MANUAL_EMERGENCY_WORK_20260820_FIRST_PASS_V3_round01	MANUAL_EMERGENCY_WORK_20260820_SECOND_PASS_V3_round01	MANUAL_EMERGENCY_WORK V3 exact Oxford identity; source_index=4074; definition_path=/us/definition/english/probability; stable_id=PASS; exact_definition='how likely something is to happen'; selected_candidate_method=Helsinki-NLP/opus-mt-en-uk_contextual_definition_candidate	PASS: source-grounded second pass; method=Helsinki-NLP/opus-mt-en-uk_contextual_definition_candidate; exact Oxford definition='how likely something is to happen'; candidate='Ймовірність (ніу): ймовірність того, що щось станеться'; reverse='Probability (no): The probability that something happens'; lexical=1.000; candidate_definition_similarity=0.809; reverse_definition_similarity=0.719; semantic=0.809; POS/language checks PASS.
ox5000-28bb6a0bf28e3e32fc63	probe	noun	C1	зонд	verified	MANUAL_EMERGENCY_WORK_20260820_FIRST_PASS_V3_round01	MANUAL_EMERGENCY_WORK_20260820_SECOND_PASS_V3_round01	MANUAL_EMERGENCY_WORK V3 exact Oxford identity; source_index=4077; definition_path=/us/definition/english/probe_1; stable_id=PASS; exact_definition='a complete and careful investigation of something'; selected_candidate_method=Helsinki-NLP/opus-mt-en-uk_surface_candidate	PASS: source-grounded second pass; method=Helsinki-NLP/opus-mt-en-uk_surface_candidate; exact Oxford definition='a complete and careful investigation of something'; candidate='зонд'; reverse='probe'; lexical=1.000; candidate_definition_similarity=0.579; reverse_definition_similarity=0.719; semantic=0.719; POS/language checks PASS.
ox5000-e849cd2876d9a4e77753	proceed	verb	B2	відбуватися	verified	MANUAL_EMERGENCY_WORK_20260820_FIRST_PASS_V3_round01	MANUAL_EMERGENCY_WORK_20260820_SECOND_PASS_V3_round01	MANUAL_EMERGENCY_WORK V3 exact Oxford identity; source_index=4082; definition_path=/us/definition/english/proceed; stable_id=PASS; exact_definition='to continue doing something that has already been started; to continue being done'; selected_candidate_method=en_wiktionary_matching_pos_uk_translation	PASS: source-grounded second pass; method=en_wiktionary_matching_pos_uk_translation; exact Oxford definition='to continue doing something that has already been started; to continue being done'; candidate='відбуватися'; reverse='take place'; lexical=0.353; candidate_definition_similarity=0.517; reverse_definition_similarity=0.443; semantic=0.517; POS/language checks PASS.
ox5000-1f2f56a3e0a76bb3e5e5	processor	noun	C1	процесор	verified	MANUAL_EMERGENCY_WORK_20260820_FIRST_PASS_V3_round01	MANUAL_EMERGENCY_WORK_20260820_SECOND_PASS_V3_round01	MANUAL_EMERGENCY_WORK V3 exact Oxford identity; source_index=4088; definition_path=/us/definition/english/processor; stable_id=PASS; exact_definition='a machine, person or company that processes things'; selected_candidate_method=Helsinki-NLP/opus-mt-en-uk_surface_candidate	PASS: source-grounded second pass; method=Helsinki-NLP/opus-mt-en-uk_surface_candidate; exact Oxford definition='a machine, person or company that processes things'; candidate='процесор'; reverse='processor'; lexical=1.000; candidate_definition_similarity=0.402; reverse_definition_similarity=0.444; semantic=0.444; POS/language checks PASS.
ox5000-6fa116eb25ddd97065e1	proclaim	verb	C1	проголо́шувати	verified	MANUAL_EMERGENCY_WORK_20260820_FIRST_PASS_V3_round01	MANUAL_EMERGENCY_WORK_20260820_SECOND_PASS_V3_round01	MANUAL_EMERGENCY_WORK V3 exact Oxford identity; source_index=4089; definition_path=/us/definition/english/proclaim; stable_id=PASS; exact_definition='to publicly and officially tell people about something important'; selected_candidate_method=en_wiktionary_matching_pos_uk_translation	PASS: source-grounded second pass; method=en_wiktionary_matching_pos_uk_translation; exact Oxford definition='to publicly and officially tell people about something important'; candidate='проголо́шувати'; reverse='proclaim'; lexical=1.000; candidate_definition_similarity=0.325; reverse_definition_similarity=0.466; semantic=0.466; POS/language checks PASS.
ox5000-0a3631a760b0c96b1aff	productive	adjective	C1	продуктивний	verified	MANUAL_EMERGENCY_WORK_20260820_FIRST_PASS_V3_round01	MANUAL_EMERGENCY_WORK_20260820_SECOND_PASS_V3_round01	MANUAL_EMERGENCY_WORK V3 exact Oxford identity; source_index=4095; definition_path=/us/definition/english/productive; stable_id=PASS; exact_definition='making goods or growing crops, especially in large quantities'; selected_candidate_method=Helsinki-NLP/opus-mt-en-uk_surface_candidate	PASS: source-grounded second pass; method=Helsinki-NLP/opus-mt-en-uk_surface_candidate; exact Oxford definition='making goods or growing crops, especially in large quantities'; candidate='продуктивний'; reverse='productive'; lexical=1.000; candidate_definition_similarity=0.483; reverse_definition_similarity=0.507; semantic=0.507; POS/language checks PASS.
ox5000-8ae55da584a524fb2e44	productivity	noun	C1	продуктивність	verified	MANUAL_EMERGENCY_WORK_20260820_FIRST_PASS_V3_round01	MANUAL_EMERGENCY_WORK_20260820_SECOND_PASS_V3_round01	MANUAL_EMERGENCY_WORK V3 exact Oxford identity; source_index=4096; definition_path=/us/definition/english/productivity; stable_id=PASS; exact_definition='the rate at which a worker, a company or a country produces goods, and the amount produced, compared with how much time, work and money is needed to produce them'; selected_candidate_method=Helsinki-NLP/opus-mt-en-uk_surface_candidate	PASS: source-grounded second pass; method=Helsinki-NLP/opus-mt-en-uk_surface_candidate; exact Oxford definition='the rate at which a worker, a company or a country produces goods, and the amount produced, compared with how much time, work and money is needed to produce them'; candidate='продуктивність'; reverse='productivity'; lexical=1.000; candidate_definition_similarity=0.544; reverse_definition_similarity=0.556; semantic=0.556; POS/language checks PASS.
ox5000-41fbf08475112e172260	profitable	adjective	C1	прибутковий (примітка): який заробляє або швидше за все принесе гроші	verified	MANUAL_EMERGENCY_WORK_20260820_FIRST_PASS_V3_round01	MANUAL_EMERGENCY_WORK_20260820_SECOND_PASS_V3_round01	MANUAL_EMERGENCY_WORK V3 exact Oxford identity; source_index=4103; definition_path=/us/definition/english/profitable; stable_id=PASS; exact_definition='that makes or is likely to make money'; selected_candidate_method=Helsinki-NLP/opus-mt-en-uk_contextual_definition_candidate	PASS: source-grounded second pass; method=Helsinki-NLP/opus-mt-en-uk_contextual_definition_candidate; exact Oxford definition='that makes or is likely to make money'; candidate='прибутковий (примітка): який заробляє або швидше за все принесе гроші'; reverse='profitable (note): who earns or is most likely to bring money'; lexical=1.000; candidate_definition_similarity=0.779; reverse_definition_similarity=0.726; semantic=0.779; POS/language checks PASS.
ox5000-e7a611cfa41abec93a0e	programming	noun	B2	програмува́ння	verified	MANUAL_EMERGENCY_WORK_20260820_FIRST_PASS_V3_round01	MANUAL_EMERGENCY_WORK_20260820_SECOND_PASS_V3_round01	MANUAL_EMERGENCY_WORK V3 exact Oxford identity; source_index=4108; definition_path=/us/definition/english/programming; stable_id=PASS; exact_definition='the process of writing and testing computer programs'; selected_candidate_method=en_wiktionary_matching_pos_uk_translation	PASS: source-grounded second pass; method=en_wiktionary_matching_pos_uk_translation; exact Oxford definition='the process of writing and testing computer programs'; candidate='програмува́ння'; reverse='programming'; lexical=1.000; candidate_definition_similarity=0.639; reverse_definition_similarity=0.597; semantic=0.639; POS/language checks PASS.
ox5000-a966e7e88a6fd2370e2e	progressive	adjective	B2	прогресивний	verified	MANUAL_EMERGENCY_WORK_20260820_FIRST_PASS_V3_round01	MANUAL_EMERGENCY_WORK_20260820_SECOND_PASS_V3_round01	MANUAL_EMERGENCY_WORK V3 exact Oxford identity; source_index=4111; definition_path=/us/definition/english/progressive_1; stable_id=PASS; exact_definition='in favour of new ideas, modern methods and change'; selected_candidate_method=Helsinki-NLP/opus-mt-en-uk_surface_candidate	PASS: source-grounded second pass; method=Helsinki-NLP/opus-mt-en-uk_surface_candidate; exact Oxford definition='in favour of new ideas, modern methods and change'; candidate='прогресивний'; reverse='progressive'; lexical=1.000; candidate_definition_similarity=0.433; reverse_definition_similarity=0.391; semantic=0.433; POS/language checks PASS.
ox5000-87f79a47a3d406def88a	prohibit	verb	B2	Заборонити (клацання): заборонити щось робити або особливо використовуватися законом.	verified	MANUAL_EMERGENCY_WORK_20260820_FIRST_PASS_V3_round01	MANUAL_EMERGENCY_WORK_20260820_SECOND_PASS_V3_round01	MANUAL_EMERGENCY_WORK V3 exact Oxford identity; source_index=4112; definition_path=/us/definition/english/prohibit; stable_id=PASS; exact_definition='to stop something from being done or used especially by law'; selected_candidate_method=Helsinki-NLP/opus-mt-en-uk_contextual_definition_candidate	PASS: source-grounded second pass; method=Helsinki-NLP/opus-mt-en-uk_contextual_definition_candidate; exact Oxford definition='to stop something from being done or used especially by law'; candidate='Заборонити (клацання): заборонити щось робити або особливо використовуватися законом.'; reverse='Ban (click): A ban or special use of the law is prohibited.'; lexical=1.000; candidate_definition_similarity=0.795; reverse_definition_similarity=0.552; semantic=0.795; POS/language checks PASS.
ox5000-e20bbb038fe79f4c477d	projection	noun	C1	прогно́з	verified	MANUAL_EMERGENCY_WORK_20260820_FIRST_PASS_V3_round01	MANUAL_EMERGENCY_WORK_20260820_SECOND_PASS_V3_round01	MANUAL_EMERGENCY_WORK V3 exact Oxford identity; source_index=4115; definition_path=/us/definition/english/projection; stable_id=PASS; exact_definition='an estimate or a statement of what figures, amounts, or events will be in the future, or what they were in the past, based on what is happening now'; selected_candidate_method=en_wiktionary_matching_pos_uk_translation	PASS: source-grounded second pass; method=en_wiktionary_matching_pos_uk_translation; exact Oxford definition='an estimate or a statement of what figures, amounts, or events will be in the future, or what they were in the past, based on what is happening now'; candidate='прогно́з'; reverse='forecast'; lexical=0.444; candidate_definition_similarity=0.183; reverse_definition_similarity=0.493; semantic=0.493; POS/language checks PASS.
ox5000-55777456e6ec76d23cd7	promising	adjective	B2	обіцяне (примітка): показувати ознаки добра або успіху	verified	MANUAL_EMERGENCY_WORK_20260820_FIRST_PASS_V3_round01	MANUAL_EMERGENCY_WORK_20260820_SECOND_PASS_V3_round01	MANUAL_EMERGENCY_WORK V3 exact Oxford identity; source_index=4119; definition_path=/us/definition/english/promising; stable_id=PASS; exact_definition='showing signs of being good or successful'; selected_candidate_method=Helsinki-NLP/opus-mt-en-uk_contextual_definition_candidate	PASS: source-grounded second pass; method=Helsinki-NLP/opus-mt-en-uk_contextual_definition_candidate; exact Oxford definition='showing signs of being good or successful'; candidate='обіцяне (примітка): показувати ознаки добра або успіху'; reverse='Promised (note): Show signs of good or successful'; lexical=0.327; candidate_definition_similarity=0.766; reverse_definition_similarity=0.734; semantic=0.766; POS/language checks PASS.
ox5000-05e4562c21dd147b7fd0	promotion	noun	B2	підвищення (нуун): перехід до важливішої роботи або рангу в компанії або організації	verified	MANUAL_EMERGENCY_WORK_20260820_FIRST_PASS_V3_round01	MANUAL_EMERGENCY_WORK_20260820_SECOND_PASS_V3_round01	MANUAL_EMERGENCY_WORK V3 exact Oxford identity; source_index=4121; definition_path=/us/definition/english/promotion; stable_id=PASS; exact_definition='a move to a more important job or rank in a company or an organization'; selected_candidate_method=Helsinki-NLP/opus-mt-en-uk_contextual_definition_candidate	PASS: source-grounded second pass; method=Helsinki-NLP/opus-mt-en-uk_contextual_definition_candidate; exact Oxford definition='a move to a more important job or rank in a company or an organization'; candidate='підвищення (нуун): перехід до важливішої роботи або рангу в компанії або організації'; reverse='promotion (nuun): moving to more important jobs or rank in a company or organization'; lexical=1.000; candidate_definition_similarity=0.868; reverse_definition_similarity=0.812; semantic=0.868; POS/language checks PASS.
ox5000-a0d10e0fce2fb8012e7e	prompt	verb	B2	заохо́чувати	verified	MANUAL_EMERGENCY_WORK_20260820_FIRST_PASS_V3_round01	MANUAL_EMERGENCY_WORK_20260820_SECOND_PASS_V3_round01	MANUAL_EMERGENCY_WORK V3 exact Oxford identity; source_index=4122; definition_path=/us/definition/english/prompt_1; stable_id=PASS; exact_definition='to make somebody decide to do something; to cause something to happen'; selected_candidate_method=en_wiktionary_matching_pos_uk_translation	PASS: source-grounded second pass; method=en_wiktionary_matching_pos_uk_translation; exact Oxford definition='to make somebody decide to do something; to cause something to happen'; candidate='заохо́чувати'; reverse='Inspire'; lexical=0.308; candidate_definition_similarity=0.537; reverse_definition_similarity=0.417; semantic=0.537; POS/language checks PASS.
ox5000-3639a66436d614547a4f	propaganda	noun	C1	Пропаганда (ніно): ідеї або твердження, які можуть бути фальшивими або наявними лише з одного боку аргументів, які використовуються для того, щоб здобути підтримку політичного лідера, партії тощо.	verified	MANUAL_EMERGENCY_WORK_20260820_FIRST_PASS_V3_round01	MANUAL_EMERGENCY_WORK_20260820_SECOND_PASS_V3_round01	MANUAL_EMERGENCY_WORK V3 exact Oxford identity; source_index=4126; definition_path=/us/definition/english/propaganda; stable_id=PASS; exact_definition='ideas or statements that may be false or present only one side of an argument that are used in order to gain support for a political leader, party, etc.'; selected_candidate_method=Helsinki-NLP/opus-mt-en-uk_contextual_definition_candidate	PASS: source-grounded second pass; method=Helsinki-NLP/opus-mt-en-uk_contextual_definition_candidate; exact Oxford definition='ideas or statements that may be false or present only one side of an argument that are used in order to gain support for a political leader, party, etc.'; candidate='Пропаганда (ніно): ідеї або твердження, які можуть бути фальшивими або наявними лише з одного боку аргументів, які використовуються для того, щоб здобути підтримку політичного лідера, партії тощо.'; reverse='Propaganda (Neno): ideas or statements that may be false or present only on one side of the argument used to win the support of a political leader, party, etc.'; lexical=1.000; candidate_definition_similarity=0.746; reverse_definition_similarity=0.708; semantic=0.746; POS/language checks PASS.
ox5000-c4827f2829cded7522d5	proportion	noun	B2	пропорція	verified	MANUAL_EMERGENCY_WORK_20260820_FIRST_PASS_V3_round01	MANUAL_EMERGENCY_WORK_20260820_SECOND_PASS_V3_round01	MANUAL_EMERGENCY_WORK V3 exact Oxford identity; source_index=4130; definition_path=/us/definition/english/proportion; stable_id=PASS; exact_definition='a part or share of a whole'; selected_candidate_method=Helsinki-NLP/opus-mt-en-uk_surface_candidate	PASS: source-grounded second pass; method=Helsinki-NLP/opus-mt-en-uk_surface_candidate; exact Oxford definition='a part or share of a whole'; candidate='пропорція'; reverse='ratio'; lexical=0.533; candidate_definition_similarity=0.480; reverse_definition_similarity=0.441; semantic=0.480; POS/language checks PASS.
ox5000-58465406ddb00a4ab660	proposition	noun	C1	Пропозиція	verified	MANUAL_EMERGENCY_WORK_20260820_FIRST_PASS_V3_round01	MANUAL_EMERGENCY_WORK_20260820_SECOND_PASS_V3_round01	MANUAL_EMERGENCY_WORK V3 exact Oxford identity; source_index=4133; definition_path=/us/definition/english/proposition_1; stable_id=PASS; exact_definition='an idea or a plan of action that is suggested, especially in business'; selected_candidate_method=Helsinki-NLP/opus-mt-en-uk_surface_candidate	PASS: source-grounded second pass; method=Helsinki-NLP/opus-mt-en-uk_surface_candidate; exact Oxford definition='an idea or a plan of action that is suggested, especially in business'; candidate='Пропозиція'; reverse='Suggestion'; lexical=0.476; candidate_definition_similarity=0.575; reverse_definition_similarity=0.510; semantic=0.575; POS/language checks PASS.
ox5000-472252ddcc7788ceb848	prosecution	noun	C1	обвинува́чення	verified	MANUAL_EMERGENCY_WORK_20260820_FIRST_PASS_V3_round01	MANUAL_EMERGENCY_WORK_20260820_SECOND_PASS_V3_round01	MANUAL_EMERGENCY_WORK V3 exact Oxford identity; source_index=4135; definition_path=/us/definition/english/prosecution; stable_id=PASS; exact_definition='the process of trying to prove in court that somebody is guilty of a crime (= of prosecuting them) ; the process of being officially charged with a crime in court'; selected_candidate_method=en_wiktionary_matching_pos_uk_translation	PASS: source-grounded second pass; method=en_wiktionary_matching_pos_uk_translation; exact Oxford definition='the process of trying to prove in court that somebody is guilty of a crime (= of prosecuting them) ; the process of being officially charged with a crime in court'; candidate='обвинува́чення'; reverse='Exposing'; lexical=0.526; candidate_definition_similarity=0.572; reverse_definition_similarity=0.209; semantic=0.572; POS/language checks PASS.
ox5000-35ba008bb2f4727a7054	prosecutor	noun	C1	Прокурор (ноун): державний службовець, який офіційно звинувачує когось у злочині і судить їх у суді.	verified	MANUAL_EMERGENCY_WORK_20260820_FIRST_PASS_V3_round01	MANUAL_EMERGENCY_WORK_20260820_SECOND_PASS_V3_round01	MANUAL_EMERGENCY_WORK V3 exact Oxford identity; source_index=4136; definition_path=/us/definition/english/prosecutor; stable_id=PASS; exact_definition='a public official who charges somebody officially with a crime and prosecutes them in court'; selected_candidate_method=Helsinki-NLP/opus-mt-en-uk_contextual_definition_candidate	PASS: source-grounded second pass; method=Helsinki-NLP/opus-mt-en-uk_contextual_definition_candidate; exact Oxford definition='a public official who charges somebody officially with a crime and prosecutes them in court'; candidate='Прокурор (ноун): державний службовець, який офіційно звинувачує когось у злочині і судить їх у суді.'; reverse='prosecutor: A government official who officially accuses and judges a criminal.'; lexical=1.000; candidate_definition_similarity=0.794; reverse_definition_similarity=0.820; semantic=0.820; POS/language checks PASS.
ox5000-d0b371017109d0ab1235	prosperity	noun	C1	добробут (нуун): стан успіху, особливо у заробінні грошей.	verified	MANUAL_EMERGENCY_WORK_20260820_FIRST_PASS_V3_round01	MANUAL_EMERGENCY_WORK_20260820_SECOND_PASS_V3_round01	MANUAL_EMERGENCY_WORK V3 exact Oxford identity; source_index=4139; definition_path=/us/definition/english/prosperity; stable_id=PASS; exact_definition='the state of being successful, especially in making money'; selected_candidate_method=Helsinki-NLP/opus-mt-en-uk_contextual_definition_candidate	PASS: source-grounded second pass; method=Helsinki-NLP/opus-mt-en-uk_contextual_definition_candidate; exact Oxford definition='the state of being successful, especially in making money'; candidate='добробут (нуун): стан успіху, особливо у заробінні грошей.'; reverse='prosperity: a state of success, especially in making money.'; lexical=1.000; candidate_definition_similarity=0.823; reverse_definition_similarity=0.870; semantic=0.870; POS/language checks PASS.
ox5000-da65dfcb87abf26fbe6b	protein	noun	B2	протеїн (нун): речовина, яка знаходиться в усіх живих істотах, яка формує структуру м'язів, органів і т. д. Існує багато різних білків і вони є невід'ємною частиною того, що люди та тварини їдять, щоб допомогти їм рости і залишатися здоровими.	verified	MANUAL_EMERGENCY_WORK_20260820_FIRST_PASS_V3_round01	MANUAL_EMERGENCY_WORK_20260820_SECOND_PASS_V3_round01	MANUAL_EMERGENCY_WORK V3 exact Oxford identity; source_index=4143; definition_path=/us/definition/english/protein; stable_id=PASS; exact_definition='a substance, found within all living things, that forms the structure of muscles, organs, etc. There are many different proteins and they are an essential part of what humans and animals eat to help them grow and stay healthy.'; selected_candidate_method=Helsinki-NLP/opus-mt-en-uk_contextual_definition_candidate	"PASS: source-grounded second pass; method=Helsinki-NLP/opus-mt-en-uk_contextual_definition_candidate; exact Oxford definition='a substance, found within all living things, that forms the structure of muscles, organs, etc. There are many different proteins and they are an essential part of what humans and animals eat to help them grow and stay healthy.'; candidate=""протеїн (нун): речовина, яка знаходиться в усіх живих істотах, яка формує структуру м'язів, органів і т. д. Існує багато різних білків і вони є невід'ємною частиною того, що люди та тварини їдять, щоб допомогти їм рости і залишатися здоровими.""; reverse='protein (nun): A substance found in all living creatures that forms the structure of muscles, organs and so forth. There are many different proteins and they are an integral part of what humans and animals eat to help them grow and stay healthy.'; lexical=1.000; candidate_definition_similarity=0.815; reverse_definition_similarity=0.809; semantic=0.815; POS/language checks PASS."
ox5000-2af3bad78661603d5f3d	protester	noun	B2	протестувач (нуун): особа, яка публічно протестує	verified	MANUAL_EMERGENCY_WORK_20260820_FIRST_PASS_V3_round01	MANUAL_EMERGENCY_WORK_20260820_SECOND_PASS_V3_round01	MANUAL_EMERGENCY_WORK V3 exact Oxford identity; source_index=4146; definition_path=/us/definition/english/protester; stable_id=PASS; exact_definition='a person who makes a public protest'; selected_candidate_method=Helsinki-NLP/opus-mt-en-uk_contextual_definition_candidate	PASS: source-grounded second pass; method=Helsinki-NLP/opus-mt-en-uk_contextual_definition_candidate; exact Oxford definition='a person who makes a public protest'; candidate='протестувач (нуун): особа, яка публічно протестує'; reverse='protester: a person who protests publicly'; lexical=1.000; candidate_definition_similarity=0.893; reverse_definition_similarity=0.874; semantic=0.893; POS/language checks PASS.
ox5000-623f07f44898502aec44	protocol	noun	C1	протокол (нуун): система фіксованих правил і формальна поведінка, що використовується на офіційних зібраннях, зазвичай між урядами	verified	MANUAL_EMERGENCY_WORK_20260820_FIRST_PASS_V3_round01	MANUAL_EMERGENCY_WORK_20260820_SECOND_PASS_V3_round01	MANUAL_EMERGENCY_WORK V3 exact Oxford identity; source_index=4147; definition_path=/us/definition/english/protocol; stable_id=PASS; exact_definition='a system of fixed rules and formal behaviour used at official meetings, usually between governments'; selected_candidate_method=Helsinki-NLP/opus-mt-en-uk_contextual_definition_candidate	PASS: source-grounded second pass; method=Helsinki-NLP/opus-mt-en-uk_contextual_definition_candidate; exact Oxford definition='a system of fixed rules and formal behaviour used at official meetings, usually between governments'; candidate='протокол (нуун): система фіксованих правил і формальна поведінка, що використовується на офіційних зібраннях, зазвичай між урядами'; reverse='protocol (nuun): A fixed rule system and formal behavior used at official meetings usually between governments'; lexical=1.000; candidate_definition_similarity=0.816; reverse_definition_similarity=0.909; semantic=0.909; POS/language checks PASS.
ox5000-094f273ac00a981be8ef	province	noun	C1	провінція (нуун): одна з територій, на яку поділено деякі країни зі своїм урядом	verified	MANUAL_EMERGENCY_WORK_20260820_FIRST_PASS_V3_round01	MANUAL_EMERGENCY_WORK_20260820_SECOND_PASS_V3_round01	MANUAL_EMERGENCY_WORK V3 exact Oxford identity; source_index=4151; definition_path=/us/definition/english/province; stable_id=PASS; exact_definition='one of the areas that some countries are divided into with its own local government'; selected_candidate_method=Helsinki-NLP/opus-mt-en-uk_contextual_definition_candidate	PASS: source-grounded second pass; method=Helsinki-NLP/opus-mt-en-uk_contextual_definition_candidate; exact Oxford definition='one of the areas that some countries are divided into with its own local government'; candidate='провінція (нуун): одна з територій, на яку поділено деякі країни зі своїм урядом'; reverse='Province (nuun): One of the territories that divides some countries with their government'; lexical=1.000; candidate_definition_similarity=0.836; reverse_definition_similarity=0.826; semantic=0.836; POS/language checks PASS.
ox5000-b0176df6d31bd546cb4f	provincial	adjective	C1	Провінція	verified	MANUAL_EMERGENCY_WORK_20260820_FIRST_PASS_V3_round01	MANUAL_EMERGENCY_WORK_20260820_SECOND_PASS_V3_round01	MANUAL_EMERGENCY_WORK V3 exact Oxford identity; source_index=4152; definition_path=/us/definition/english/provincial_1; stable_id=PASS; exact_definition='connected with one of the large areas that some countries are divided into, with its own local government'; selected_candidate_method=Helsinki-NLP/opus-mt-en-uk_surface_candidate	PASS: source-grounded second pass; method=Helsinki-NLP/opus-mt-en-uk_surface_candidate; exact Oxford definition='connected with one of the large areas that some countries are divided into, with its own local government'; candidate='Провінція'; reverse='Province'; lexical=0.778; candidate_definition_similarity=0.449; reverse_definition_similarity=0.483; semantic=0.483; POS/language checks PASS.
ox5000-d4c9465438f4799972e7	provoke	verb	C1	спровокувати	verified	MANUAL_EMERGENCY_WORK_20260820_FIRST_PASS_V3_round01	MANUAL_EMERGENCY_WORK_20260820_SECOND_PASS_V3_round01	MANUAL_EMERGENCY_WORK V3 exact Oxford identity; source_index=4154; definition_path=/us/definition/english/provoke; stable_id=PASS; exact_definition='to cause a particular reaction or have a particular effect'; selected_candidate_method=Helsinki-NLP/opus-mt-en-uk_surface_candidate	PASS: source-grounded second pass; method=Helsinki-NLP/opus-mt-en-uk_surface_candidate; exact Oxford definition='to cause a particular reaction or have a particular effect'; candidate='спровокувати'; reverse='provoke'; lexical=1.000; candidate_definition_similarity=0.323; reverse_definition_similarity=0.514; semantic=0.514; POS/language checks PASS.
ox5000-c1385d112ea2efa50773	psychological	adjective	B2	психологічний (прикметник): пов'язаний з особистістю, відповідає за те, як він діє.	verified	MANUAL_EMERGENCY_WORK_20260820_FIRST_PASS_V3_round01	MANUAL_EMERGENCY_WORK_20260820_SECOND_PASS_V3_round01	MANUAL_EMERGENCY_WORK V3 exact Oxford identity; source_index=4156; definition_path=/us/definition/english/psychological; stable_id=PASS; exact_definition='connected with a person’s mind and the way in which it works'; selected_candidate_method=Helsinki-NLP/opus-mt-en-uk_contextual_definition_candidate	"PASS: source-grounded second pass; method=Helsinki-NLP/opus-mt-en-uk_contextual_definition_candidate; exact Oxford definition='connected with a person’s mind and the way in which it works'; candidate=""психологічний (прикметник): пов'язаний з особистістю, відповідає за те, як він діє.""; reverse='psychological: Identity related, responsible for how it works.'; lexical=1.000; candidate_definition_similarity=0.693; reverse_definition_similarity=0.601; semantic=0.693; POS/language checks PASS."
ox5000-03aa5af70263c59cb020	publicity	noun	B2	опублікування	verified	MANUAL_EMERGENCY_WORK_20260820_FIRST_PASS_V3_round01	MANUAL_EMERGENCY_WORK_20260820_SECOND_PASS_V3_round01	MANUAL_EMERGENCY_WORK V3 exact Oxford identity; source_index=4163; definition_path=/us/definition/english/publicity; stable_id=PASS; exact_definition='the attention that is given to somebody/something by newspapers, television, etc.'; selected_candidate_method=Helsinki-NLP/opus-mt-en-uk_surface_candidate	PASS: source-grounded second pass; method=Helsinki-NLP/opus-mt-en-uk_surface_candidate; exact Oxford definition='the attention that is given to somebody/something by newspapers, television, etc.'; candidate='опублікування'; reverse='publishing'; lexical=0.632; candidate_definition_similarity=0.418; reverse_definition_similarity=0.300; semantic=0.418; POS/language checks PASS.
ox5000-5fef76f716acb428b470	pump	noun	C1	насос (нун): машина, яку використовують для змушування рідини, газу або повітря до чогось або з нього.	verified	MANUAL_EMERGENCY_WORK_20260820_FIRST_PASS_V3_round01	MANUAL_EMERGENCY_WORK_20260820_SECOND_PASS_V3_round01	MANUAL_EMERGENCY_WORK V3 exact Oxford identity; source_index=4169; definition_path=/us/definition/english/pump_2; stable_id=PASS; exact_definition='a machine that is used to force liquid, gas or air into or out of something'; selected_candidate_method=Helsinki-NLP/opus-mt-en-uk_contextual_definition_candidate	PASS: source-grounded second pass; method=Helsinki-NLP/opus-mt-en-uk_contextual_definition_candidate; exact Oxford definition='a machine that is used to force liquid, gas or air into or out of something'; candidate='насос (нун): машина, яку використовують для змушування рідини, газу або повітря до чогось або з нього.'; reverse='pump: a machine used to force fluid, gas, or air into or from something.'; lexical=1.000; candidate_definition_similarity=0.843; reverse_definition_similarity=0.774; semantic=0.843; POS/language checks PASS.
ox5000-5e11e486d4f68608018c	punch	noun	C1	удар (нуун): жорсткий удар з кулаком (=закрита рука)	verified	MANUAL_EMERGENCY_WORK_20260820_FIRST_PASS_V3_round01	MANUAL_EMERGENCY_WORK_20260820_SECOND_PASS_V3_round01	MANUAL_EMERGENCY_WORK V3 exact Oxford identity; source_index=4171; definition_path=/us/definition/english/punch_2; stable_id=PASS; exact_definition='a hard hit made with the fist (= closed hand)'; selected_candidate_method=Helsinki-NLP/opus-mt-en-uk_contextual_definition_candidate	PASS: source-grounded second pass; method=Helsinki-NLP/opus-mt-en-uk_contextual_definition_candidate; exact Oxford definition='a hard hit made with the fist (= closed hand)'; candidate='удар (нуун): жорсткий удар з кулаком (=закрита рука)'; reverse='punch (nuun): hard bang with fist (=closed hand)'; lexical=1.000; candidate_definition_similarity=0.864; reverse_definition_similarity=0.777; semantic=0.864; POS/language checks PASS.
ox5000-32da952952c71765a893	punk	noun	B2	панк (ноун): тип гучної та агресивної рок музики, популярної в кінці 1970-х і на початку 1980-х	verified	MANUAL_EMERGENCY_WORK_20260820_FIRST_PASS_V3_round01	MANUAL_EMERGENCY_WORK_20260820_SECOND_PASS_V3_round01	MANUAL_EMERGENCY_WORK V3 exact Oxford identity; source_index=4175; definition_path=/us/definition/english/punk; stable_id=PASS; exact_definition='a type of loud and aggressive rock music popular in the late 1970s and early 1980s'; selected_candidate_method=Helsinki-NLP/opus-mt-en-uk_contextual_definition_candidate	PASS: source-grounded second pass; method=Helsinki-NLP/opus-mt-en-uk_contextual_definition_candidate; exact Oxford definition='a type of loud and aggressive rock music popular in the late 1970s and early 1980s'; candidate='панк (ноун): тип гучної та агресивної рок музики, популярної в кінці 1970-х і на початку 1980-х'; reverse='punk: the type of loud and aggressive rock music popular in the late 1970s and early 1980s'; lexical=1.000; candidate_definition_similarity=0.869; reverse_definition_similarity=0.895; semantic=0.895; POS/language checks PASS.
ox5000-161377f3aa55e4869856	purely	adverb	B2	суто ( прислівник): лише повністю	verified	MANUAL_EMERGENCY_WORK_20260820_FIRST_PASS_V3_round01	MANUAL_EMERGENCY_WORK_20260820_SECOND_PASS_V3_round01	MANUAL_EMERGENCY_WORK V3 exact Oxford identity; source_index=4180; definition_path=/us/definition/english/purely; stable_id=PASS; exact_definition='only; completely'; selected_candidate_method=Helsinki-NLP/opus-mt-en-uk_contextual_definition_candidate	PASS: source-grounded second pass; method=Helsinki-NLP/opus-mt-en-uk_contextual_definition_candidate; exact Oxford definition='only; completely'; candidate='суто ( прислівник): лише повністю'; reverse='purely (Adverb): complete only'; lexical=1.000; candidate_definition_similarity=0.700; reverse_definition_similarity=0.776; semantic=0.776; POS/language checks PASS.
ox5000-16b6e35306f2d3819ba9	puzzle	noun	B2	головоломка (нуун): гра тощо, про яку вам слід добре подумати, щоб відповісти на неї або зробити її	verified	MANUAL_EMERGENCY_WORK_20260820_FIRST_PASS_V3_round01	MANUAL_EMERGENCY_WORK_20260820_SECOND_PASS_V3_round01	MANUAL_EMERGENCY_WORK V3 exact Oxford identity; source_index=4189; definition_path=/us/definition/english/puzzle_1; stable_id=PASS; exact_definition='a game, etc. that you have to think about carefully in order to answer it or do it'; selected_candidate_method=Helsinki-NLP/opus-mt-en-uk_contextual_definition_candidate	PASS: source-grounded second pass; method=Helsinki-NLP/opus-mt-en-uk_contextual_definition_candidate; exact Oxford definition='a game, etc. that you have to think about carefully in order to answer it or do it'; candidate='головоломка (нуун): гра тощо, про яку вам слід добре подумати, щоб відповісти на неї або зробити її'; reverse='puzzle (nuun): game, etc., which you should consider carefully to answer or make'; lexical=1.000; candidate_definition_similarity=0.813; reverse_definition_similarity=0.742; semantic=0.813; POS/language checks PASS.
ox5000-bd79fce62a6106e6ae81	questionnaire	noun	B2	анкета	verified	MANUAL_EMERGENCY_WORK_20260820_FIRST_PASS_V3_round01	MANUAL_EMERGENCY_WORK_20260820_SECOND_PASS_V3_round01	MANUAL_EMERGENCY_WORK V3 exact Oxford identity; source_index=4201; definition_path=/us/definition/english/questionnaire; stable_id=PASS; exact_definition='a written list of questions that are answered by a number of people so that information can be collected from the answers'; selected_candidate_method=Helsinki-NLP/opus-mt-en-uk_surface_candidate	PASS: source-grounded second pass; method=Helsinki-NLP/opus-mt-en-uk_surface_candidate; exact Oxford definition='a written list of questions that are answered by a number of people so that information can be collected from the answers'; candidate='анкета'; reverse='query'; lexical=0.444; candidate_definition_similarity=0.471; reverse_definition_similarity=0.344; semantic=0.471; POS/language checks PASS.
ox5000-09c9b402a9dd868c0c4f	quota	noun	C1	квота (нуун): обмежена кількість або кількість людей або речей, які офіційно дозволено	verified	MANUAL_EMERGENCY_WORK_20260820_FIRST_PASS_V3_round01	MANUAL_EMERGENCY_WORK_20260820_SECOND_PASS_V3_round01	MANUAL_EMERGENCY_WORK V3 exact Oxford identity; source_index=4210; definition_path=/us/definition/english/quota; stable_id=PASS; exact_definition='a limited number or amount of people or things that is officially allowed'; selected_candidate_method=Helsinki-NLP/opus-mt-en-uk_contextual_definition_candidate	PASS: source-grounded second pass; method=Helsinki-NLP/opus-mt-en-uk_contextual_definition_candidate; exact Oxford definition='a limited number or amount of people or things that is officially allowed'; candidate='квота (нуун): обмежена кількість або кількість людей або речей, які офіційно дозволено'; reverse='quota (nuun): Limited number or number of people or things officially allowed'; lexical=1.000; candidate_definition_similarity=0.753; reverse_definition_similarity=0.786; semantic=0.786; POS/language checks PASS.
ox5000-3c42cbde1b0db6056f57	racial	adjective	B2	расова	verified	MANUAL_EMERGENCY_WORK_20260820_FIRST_PASS_V3_round01	MANUAL_EMERGENCY_WORK_20260820_SECOND_PASS_V3_round01	MANUAL_EMERGENCY_WORK V3 exact Oxford identity; source_index=4216; definition_path=/us/definition/english/racial; stable_id=PASS; exact_definition='happening or existing between people of different races'; selected_candidate_method=Helsinki-NLP/opus-mt-en-uk_surface_candidate	PASS: source-grounded second pass; method=Helsinki-NLP/opus-mt-en-uk_surface_candidate; exact Oxford definition='happening or existing between people of different races'; candidate='расова'; reverse='racial'; lexical=1.000; candidate_definition_similarity=0.660; reverse_definition_similarity=0.685; semantic=0.685; POS/language checks PASS.
ox5000-ae90908d4616264014c6	racism	noun	B2	расизм (нуун): несправедливе ставлення до людей іншої раси; насильницька поведінка до них	verified	MANUAL_EMERGENCY_WORK_20260820_FIRST_PASS_V3_round01	MANUAL_EMERGENCY_WORK_20260820_SECOND_PASS_V3_round01	MANUAL_EMERGENCY_WORK V3 exact Oxford identity; source_index=4218; definition_path=/us/definition/english/racism; stable_id=PASS; exact_definition='the unfair treatment of people who belong to a different race; violent behaviour towards them'; selected_candidate_method=Helsinki-NLP/opus-mt-en-uk_contextual_definition_candidate	PASS: source-grounded second pass; method=Helsinki-NLP/opus-mt-en-uk_contextual_definition_candidate; exact Oxford definition='the unfair treatment of people who belong to a different race; violent behaviour towards them'; candidate='расизм (нуун): несправедливе ставлення до людей іншої раси; насильницька поведінка до них'; reverse='racism (nuun): unfair treatment of people of another race; violent behavior toward them'; lexical=1.000; candidate_definition_similarity=0.909; reverse_definition_similarity=0.943; semantic=0.943; POS/language checks PASS.
ox5000-183ec8d2749196d55d07	racist	adjective	B2	Расистська (підприємницька) віра, що деякі раси людей є кращі від інших або мають загальне переконання про інших людей засноване тільки на їхній расі; показуючи це насильним або несправедливим поводженням з людьми інших рас	verified	MANUAL_EMERGENCY_WORK_20260820_FIRST_PASS_V3_round01	MANUAL_EMERGENCY_WORK_20260820_SECOND_PASS_V3_round01	MANUAL_EMERGENCY_WORK V3 exact Oxford identity; source_index=4219; definition_path=/us/definition/english/racist_1; stable_id=PASS; exact_definition='having the belief that some races of people are better than others or having general beliefs about other people based only on their race; showing this through violent or unfair treatment of people of other races'; selected_candidate_method=Helsinki-NLP/opus-mt-en-uk_contextual_definition_candidate	PASS: source-grounded second pass; method=Helsinki-NLP/opus-mt-en-uk_contextual_definition_candidate; exact Oxford definition='having the belief that some races of people are better than others or having general beliefs about other people based only on their race; showing this through violent or unfair treatment of people of other races'; candidate='Расистська (підприємницька) віра, що деякі раси людей є кращі від інших або мають загальне переконання про інших людей засноване тільки на їхній расі; показуючи це насильним або несправедливим поводженням з людьми інших рас'; reverse='Racist belief that some races are better than others or have a general belief about others based only on their race; showing it by violent or unjust treatment of people of other races'; lexical=1.000; candidate_definition_similarity=0.891; reverse_definition_similarity=0.942; semantic=0.942; POS/language checks PASS.
ox5000-3b6e26cd4bcc3291f712	racist	noun	B2	расист (нуун): особа, яка вірить, що декотрі раси людей є кращі від інших, або яка має загальне переконання про інших людей заснованих тільки на своїй расі, може показувати це буйністю або нечесним поводженням з людьми інших рас.	verified	MANUAL_EMERGENCY_WORK_20260820_FIRST_PASS_V3_round01	MANUAL_EMERGENCY_WORK_20260820_SECOND_PASS_V3_round01	MANUAL_EMERGENCY_WORK V3 exact Oxford identity; source_index=4220; definition_path=/us/definition/english/racist_2; stable_id=PASS; exact_definition='a person who believes that some races of people are better than others or who has general beliefs about other people based only on their race, and may show this in violent or unfair treatment of people of other races'; selected_candidate_method=Helsinki-NLP/opus-mt-en-uk_contextual_definition_candidate	PASS: source-grounded second pass; method=Helsinki-NLP/opus-mt-en-uk_contextual_definition_candidate; exact Oxford definition='a person who believes that some races of people are better than others or who has general beliefs about other people based only on their race, and may show this in violent or unfair treatment of people of other races'; candidate='расист (нуун): особа, яка вірить, що декотрі раси людей є кращі від інших, або яка має загальне переконання про інших людей заснованих тільки на своїй расі, може показувати це буйністю або нечесним поводженням з людьми інших рас.'; reverse='racist: A person who believes that some races are better than others, or who has a general belief about others based only on his race can show this by being violent or dishonest toward people of other races.'; lexical=1.000; candidate_definition_similarity=0.882; reverse_definition_similarity=0.892; semantic=0.892; POS/language checks PASS.
ox5000-638f021918f23d527d49	radar	noun	C1	радар (нуун): система, яка використовує радіохвилі для пошуку розташування та руху об' єктів, наприклад, літаків і кораблів, якщо їх неможливо побачити	verified	MANUAL_EMERGENCY_WORK_20260820_FIRST_PASS_V3_round01	MANUAL_EMERGENCY_WORK_20260820_SECOND_PASS_V3_round01	MANUAL_EMERGENCY_WORK V3 exact Oxford identity; source_index=4221; definition_path=/us/definition/english/radar; stable_id=PASS; exact_definition='a system that uses radio waves to find the position and movement of objects, for example planes and ships, when they cannot be seen'; selected_candidate_method=Helsinki-NLP/opus-mt-en-uk_contextual_definition_candidate	"PASS: source-grounded second pass; method=Helsinki-NLP/opus-mt-en-uk_contextual_definition_candidate; exact Oxford definition='a system that uses radio waves to find the position and movement of objects, for example planes and ships, when they cannot be seen'; candidate=""радар (нуун): система, яка використовує радіохвилі для пошуку розташування та руху об' єктів, наприклад, літаків і кораблів, якщо їх неможливо побачити""; reverse='radar (nuun): A system that uses radio waves to search for position and motion of objects, for example, planes and ships, if not visible'; lexical=1.000; candidate_definition_similarity=0.726; reverse_definition_similarity=0.797; semantic=0.797; POS/language checks PASS."
ox5000-6ce48c0a27b361c09fb2	radiation	noun	B2	радіація (нун): потужне і дуже небезпечне проміння, яке вивільняється з радіоактивних речовин.	verified	MANUAL_EMERGENCY_WORK_20260820_FIRST_PASS_V3_round01	MANUAL_EMERGENCY_WORK_20260820_SECOND_PASS_V3_round01	MANUAL_EMERGENCY_WORK V3 exact Oxford identity; source_index=4222; definition_path=/us/definition/english/radiation; stable_id=PASS; exact_definition='powerful and very dangerous rays that are sent out from radioactive substances'; selected_candidate_method=Helsinki-NLP/opus-mt-en-uk_contextual_definition_candidate	PASS: source-grounded second pass; method=Helsinki-NLP/opus-mt-en-uk_contextual_definition_candidate; exact Oxford definition='powerful and very dangerous rays that are sent out from radioactive substances'; candidate='радіація (нун): потужне і дуже небезпечне проміння, яке вивільняється з радіоактивних речовин.'; reverse='Radiation: intense and very dangerous radiation released from radioactivity'; lexical=1.000; candidate_definition_similarity=0.891; reverse_definition_similarity=0.872; semantic=0.891; POS/language checks PASS.
ox5000-d5aeb06b1d88e01c047f	radical	adjective	C1	радикальний (прикметник): пов' язаний з основними і важливими частинами чогось; повний і докладний	verified	MANUAL_EMERGENCY_WORK_20260820_FIRST_PASS_V3_round01	MANUAL_EMERGENCY_WORK_20260820_SECOND_PASS_V3_round01	MANUAL_EMERGENCY_WORK V3 exact Oxford identity; source_index=4223; definition_path=/us/definition/english/radical_1; stable_id=PASS; exact_definition='relating to the most basic and important parts of something; complete and detailed'; selected_candidate_method=Helsinki-NLP/opus-mt-en-uk_contextual_definition_candidate	"PASS: source-grounded second pass; method=Helsinki-NLP/opus-mt-en-uk_contextual_definition_candidate; exact Oxford definition='relating to the most basic and important parts of something; complete and detailed'; candidate=""радикальний (прикметник): пов' язаний з основними і важливими частинами чогось; повний і докладний""; reverse='radical (announcer): related to the basic and important parts of something; complete and detailed'; lexical=1.000; candidate_definition_similarity=0.529; reverse_definition_similarity=0.454; semantic=0.529; POS/language checks PASS."
ox5000-bb993f48a066dd5c990a	rage	noun	C1	лють	verified	MANUAL_EMERGENCY_WORK_20260820_FIRST_PASS_V3_round01	MANUAL_EMERGENCY_WORK_20260820_SECOND_PASS_V3_round01	MANUAL_EMERGENCY_WORK V3 exact Oxford identity; source_index=4225; definition_path=/us/definition/english/rage_1; stable_id=PASS; exact_definition='a feeling of violent anger that is difficult to control'; selected_candidate_method=en_wiktionary_matching_pos_uk_translation	PASS: source-grounded second pass; method=en_wiktionary_matching_pos_uk_translation; exact Oxford definition='a feeling of violent anger that is difficult to control'; candidate='лють'; reverse='rage'; lexical=1.000; candidate_definition_similarity=0.442; reverse_definition_similarity=0.790; semantic=0.790; POS/language checks PASS.
ox5000-deb86df67a8ab2ba1e09	raid	noun	C1	рейд	verified	MANUAL_EMERGENCY_WORK_20260820_FIRST_PASS_V3_round01	MANUAL_EMERGENCY_WORK_20260820_SECOND_PASS_V3_round01	MANUAL_EMERGENCY_WORK V3 exact Oxford identity; source_index=4226; definition_path=/us/definition/english/raid_1; stable_id=PASS; exact_definition='a short surprise attack on an enemy by soldiers, ships or aircraft'; selected_candidate_method=en_wiktionary_matching_pos_uk_translation	PASS: source-grounded second pass; method=en_wiktionary_matching_pos_uk_translation; exact Oxford definition='a short surprise attack on an enemy by soldiers, ships or aircraft'; candidate='рейд'; reverse='raid'; lexical=1.000; candidate_definition_similarity=0.332; reverse_definition_similarity=0.433; semantic=0.433; POS/language checks PASS.
ox5000-1ef92015b92c1e37fb27	rail	noun	B2	рейка	verified	MANUAL_EMERGENCY_WORK_20260820_FIRST_PASS_V3_round01	MANUAL_EMERGENCY_WORK_20260820_SECOND_PASS_V3_round01	MANUAL_EMERGENCY_WORK V3 exact Oxford identity; source_index=4228; definition_path=/us/definition/english/rail_1; stable_id=PASS; exact_definition='a wooden or metal bar placed around something as a barrier or to provide support'; selected_candidate_method=Helsinki-NLP/opus-mt-en-uk_surface_candidate	PASS: source-grounded second pass; method=Helsinki-NLP/opus-mt-en-uk_surface_candidate; exact Oxford definition='a wooden or metal bar placed around something as a barrier or to provide support'; candidate='рейка'; reverse='rail'; lexical=1.000; candidate_definition_similarity=0.349; reverse_definition_similarity=0.480; semantic=0.480; POS/language checks PASS.
ox5000-5a6744b97184b4a0cb6a	ranking	noun	C1	Рейтинг	verified	MANUAL_EMERGENCY_WORK_20260820_FIRST_PASS_V3_round01	MANUAL_EMERGENCY_WORK_20260820_SECOND_PASS_V3_round01	MANUAL_EMERGENCY_WORK V3 exact Oxford identity; source_index=4240; definition_path=/us/definition/english/ranking_1; stable_id=PASS; exact_definition='the position of somebody/something on a scale that shows how good or important they are in relation to other similar people or things, especially in sport'; selected_candidate_method=Helsinki-NLP/opus-mt-en-uk_surface_candidate	PASS: source-grounded second pass; method=Helsinki-NLP/opus-mt-en-uk_surface_candidate; exact Oxford definition='the position of somebody/something on a scale that shows how good or important they are in relation to other similar people or things, especially in sport'; candidate='Рейтинг'; reverse='Rating'; lexical=0.769; candidate_definition_similarity=0.417; reverse_definition_similarity=0.331; semantic=0.417; POS/language checks PASS.
ox5000-163c1aaea653b97b76ad	rape	noun	C1	Зґвалтування (ноун): злочин, пов'язаний з примусовим залученням когось до сексу, коли вони цього не хочуть або не можуть погодитися з цим.	verified	MANUAL_EMERGENCY_WORK_20260820_FIRST_PASS_V3_round01	MANUAL_EMERGENCY_WORK_20260820_SECOND_PASS_V3_round01	MANUAL_EMERGENCY_WORK V3 exact Oxford identity; source_index=4241; definition_path=/us/definition/english/rape_1; stable_id=PASS; exact_definition='the crime of forcing somebody to have sex when they do not want it or are not able to agree to it'; selected_candidate_method=Helsinki-NLP/opus-mt-en-uk_contextual_definition_candidate	"PASS: source-grounded second pass; method=Helsinki-NLP/opus-mt-en-uk_contextual_definition_candidate; exact Oxford definition='the crime of forcing somebody to have sex when they do not want it or are not able to agree to it'; candidate=""Зґвалтування (ноун): злочин, пов'язаний з примусовим залученням когось до сексу, коли вони цього не хочуть або не можуть погодитися з цим.""; reverse='Rape: A crime involving forced involvement in sex when they do not want it or cannot accept it.'; lexical=1.000; candidate_definition_similarity=0.731; reverse_definition_similarity=0.768; semantic=0.768; POS/language checks PASS."
ox5000-fe7ba1256d19f8c2e57f	rat	noun	B2	щур (нун): маленька тварина з довгим хвостом, яка виглядає як велика миша, зазвичай вважається шкідником (= твариною, яку не люблять, тому що вона нищить їжу або поширює хворобу).	verified	MANUAL_EMERGENCY_WORK_20260820_FIRST_PASS_V3_round01	MANUAL_EMERGENCY_WORK_20260820_SECOND_PASS_V3_round01	MANUAL_EMERGENCY_WORK V3 exact Oxford identity; source_index=4247; definition_path=/us/definition/english/rat_1; stable_id=PASS; exact_definition='a small animal with a long tail, that looks like a large mouse, usually considered a pest (= an animal which is disliked because it destroys food or spreads disease)'; selected_candidate_method=Helsinki-NLP/opus-mt-en-uk_contextual_definition_candidate	PASS: source-grounded second pass; method=Helsinki-NLP/opus-mt-en-uk_contextual_definition_candidate; exact Oxford definition='a small animal with a long tail, that looks like a large mouse, usually considered a pest (= an animal which is disliked because it destroys food or spreads disease)'; candidate='щур (нун): маленька тварина з довгим хвостом, яка виглядає як велика миша, зазвичай вважається шкідником (= твариною, яку не люблять, тому що вона нищить їжу або поширює хворобу).'; reverse='Rat (nun): A long - tailed little animal that looks like a big mouse is usually considered a pest (= a disliked animal because it destroys food or promotes disease).'; lexical=1.000; candidate_definition_similarity=0.934; reverse_definition_similarity=0.889; semantic=0.934; POS/language checks PASS.
ox5000-a926d9b4d561f0479900	rating	noun	B2	класифікація (ніун): міра як добре, популярне, важливе тощо. Хтось або щось є, особливо відносно інших людей або речей	verified	MANUAL_EMERGENCY_WORK_20260820_FIRST_PASS_V3_round01	MANUAL_EMERGENCY_WORK_20260820_SECOND_PASS_V3_round01	MANUAL_EMERGENCY_WORK V3 exact Oxford identity; source_index=4251; definition_path=/us/definition/english/rating; stable_id=PASS; exact_definition='a measurement of how good, popular, important, etc. somebody/something is, especially in relation to other people or things'; selected_candidate_method=Helsinki-NLP/opus-mt-en-uk_contextual_definition_candidate	PASS: source-grounded second pass; method=Helsinki-NLP/opus-mt-en-uk_contextual_definition_candidate; exact Oxford definition='a measurement of how good, popular, important, etc. somebody/something is, especially in relation to other people or things'; candidate='класифікація (ніун): міра як добре, популярне, важливе тощо. Хтось або щось є, особливо відносно інших людей або речей'; reverse='A rating (Neun): measure as good, popular, important, etc. Someone or something is, especially with regard to other people or things'; lexical=1.000; candidate_definition_similarity=0.692; reverse_definition_similarity=0.782; semantic=0.782; POS/language checks PASS.
ox5000-f01536bcc125902c07c7	ratio	noun	C1	Співвідношення (нуль): зв' язок між двома групами людей або речей, які представлені двома числами, що показують, наскільки одна група більша за іншу.	verified	MANUAL_EMERGENCY_WORK_20260820_FIRST_PASS_V3_round01	MANUAL_EMERGENCY_WORK_20260820_SECOND_PASS_V3_round01	MANUAL_EMERGENCY_WORK V3 exact Oxford identity; source_index=4252; definition_path=/us/definition/english/ratio; stable_id=PASS; exact_definition='the relationship between two groups of people or things that is represented by two numbers showing how much larger one group is than the other'; selected_candidate_method=Helsinki-NLP/opus-mt-en-uk_contextual_definition_candidate	"PASS: source-grounded second pass; method=Helsinki-NLP/opus-mt-en-uk_contextual_definition_candidate; exact Oxford definition='the relationship between two groups of people or things that is represented by two numbers showing how much larger one group is than the other'; candidate=""Співвідношення (нуль): зв' язок між двома групами людей або речей, які представлені двома числами, що показують, наскільки одна група більша за іншу.""; reverse='The ratio ( zero): the relationship between two groups of people or things represented by two numbers that show how much larger than one group is.'; lexical=1.000; candidate_definition_similarity=0.694; reverse_definition_similarity=0.746; semantic=0.746; POS/language checks PASS."
ox5000-4b5e8fe7429e7586b3b3	rational	adjective	C1	раціональне	verified	MANUAL_EMERGENCY_WORK_20260820_FIRST_PASS_V3_round01	MANUAL_EMERGENCY_WORK_20260820_SECOND_PASS_V3_round01	MANUAL_EMERGENCY_WORK V3 exact Oxford identity; source_index=4253; definition_path=/us/definition/english/rational; stable_id=PASS; exact_definition='based on reason rather than emotions'; selected_candidate_method=Helsinki-NLP/opus-mt-en-uk_surface_candidate	PASS: source-grounded second pass; method=Helsinki-NLP/opus-mt-en-uk_surface_candidate; exact Oxford definition='based on reason rather than emotions'; candidate='раціональне'; reverse='Rational'; lexical=1.000; candidate_definition_similarity=0.460; reverse_definition_similarity=0.453; semantic=0.460; POS/language checks PASS.
ox5000-406daaee7c9e0713271e	ray	noun	C1	Рентген (нуун): вузька лінія світла, тепла або іншої енергії.	verified	MANUAL_EMERGENCY_WORK_20260820_FIRST_PASS_V3_round01	MANUAL_EMERGENCY_WORK_20260820_SECOND_PASS_V3_round01	MANUAL_EMERGENCY_WORK V3 exact Oxford identity; source_index=4255; definition_path=/us/definition/english/ray_1; stable_id=PASS; exact_definition='a narrow line of light, heat or other energy'; selected_candidate_method=Helsinki-NLP/opus-mt-en-uk_contextual_definition_candidate	PASS: source-grounded second pass; method=Helsinki-NLP/opus-mt-en-uk_contextual_definition_candidate; exact Oxford definition='a narrow line of light, heat or other energy'; candidate='Рентген (нуун): вузька лінія світла, тепла або іншої енергії.'; reverse='X - ray: A narrow line of light, heat, or other energy'; lexical=1.000; candidate_definition_similarity=0.833; reverse_definition_similarity=0.696; semantic=0.833; POS/language checks PASS.
ox5000-93c2c995db4f9c123eaa	readily	adverb	C1	швидко і без труднощів	verified	MANUAL_EMERGENCY_WORK_20260820_FIRST_PASS_V3_round01	MANUAL_EMERGENCY_WORK_20260820_SECOND_PASS_V3_round01	MANUAL_EMERGENCY_WORK V3 exact Oxford identity; source_index=4262; definition_path=/us/definition/english/readily; stable_id=PASS; exact_definition='quickly and without difficulty'; selected_candidate_method=Helsinki-NLP/opus-mt-en-uk_contextual_definition_candidate	PASS: source-grounded second pass; method=Helsinki-NLP/opus-mt-en-uk_contextual_definition_candidate; exact Oxford definition='quickly and without difficulty'; candidate='швидко і без труднощів'; reverse='fast and no difficulty'; lexical=0.345; candidate_definition_similarity=0.872; reverse_definition_similarity=0.888; semantic=0.888; POS/language checks PASS.
ox5000-e3d550f6c3247fc800d6	realization	noun	C1	реаліза́ція	verified	MANUAL_EMERGENCY_WORK_20260820_FIRST_PASS_V3_round01	MANUAL_EMERGENCY_WORK_20260820_SECOND_PASS_V3_round01	MANUAL_EMERGENCY_WORK V3 exact Oxford identity; source_index=4268; definition_path=/us/definition/english/realization; stable_id=PASS; exact_definition='the process of becoming aware of something'; selected_candidate_method=en_wiktionary_matching_pos_uk_translation	PASS: source-grounded second pass; method=en_wiktionary_matching_pos_uk_translation; exact Oxford definition='the process of becoming aware of something'; candidate='реаліза́ція'; reverse='implementation'; lexical=0.480; candidate_definition_similarity=0.472; reverse_definition_similarity=0.312; semantic=0.472; POS/language checks PASS.
ox5000-82db79a2e4cd3cde65f1	rear	adjective	C1	за́дній	verified	MANUAL_EMERGENCY_WORK_20260820_FIRST_PASS_V3_round01	MANUAL_EMERGENCY_WORK_20260820_SECOND_PASS_V3_round01	MANUAL_EMERGENCY_WORK V3 exact Oxford identity; source_index=4272; definition_path=/us/definition/english/rear_1; stable_id=PASS; exact_definition='at or near the back of something'; selected_candidate_method=en_wiktionary_matching_pos_uk_translation	PASS: source-grounded second pass; method=en_wiktionary_matching_pos_uk_translation; exact Oxford definition='at or near the back of something'; candidate='за́дній'; reverse='far behind'; lexical=0.286; candidate_definition_similarity=0.438; reverse_definition_similarity=0.271; semantic=0.438; POS/language checks PASS.
ox5000-fbe2d3432c02ae63c10f	reasoning	noun	C1	розсудок (ніун): процес міркування про речі логічно; опінії й ідеї засновані на логічному міркуванні	verified	MANUAL_EMERGENCY_WORK_20260820_FIRST_PASS_V3_round01	MANUAL_EMERGENCY_WORK_20260820_SECOND_PASS_V3_round01	MANUAL_EMERGENCY_WORK V3 exact Oxford identity; source_index=4277; definition_path=/us/definition/english/reasoning; stable_id=PASS; exact_definition='the process of thinking about things in a logical way; opinions and ideas that are based on logical thinking'; selected_candidate_method=Helsinki-NLP/opus-mt-en-uk_contextual_definition_candidate	PASS: source-grounded second pass; method=Helsinki-NLP/opus-mt-en-uk_contextual_definition_candidate; exact Oxford definition='the process of thinking about things in a logical way; opinions and ideas that are based on logical thinking'; candidate='розсудок (ніун): процес міркування про речі логічно; опінії й ідеї засновані на логічному міркуванні'; reverse='reason: the process of thinking about things logically; opinions and ideas based on logical reasoning'; lexical=1.000; candidate_definition_similarity=0.909; reverse_definition_similarity=0.931; semantic=0.931; POS/language checks PASS.
ox5000-2f6ac118ca4cecab6315	rebel	noun	C1	бунтівник (нуун): особа, яка воює проти уряду своєї країни	verified	MANUAL_EMERGENCY_WORK_20260820_FIRST_PASS_V3_round01	MANUAL_EMERGENCY_WORK_20260820_SECOND_PASS_V3_round01	MANUAL_EMERGENCY_WORK V3 exact Oxford identity; source_index=4279; definition_path=/us/definition/english/rebel_1; stable_id=PASS; exact_definition='a person who fights against the government of their country'; selected_candidate_method=Helsinki-NLP/opus-mt-en-uk_contextual_definition_candidate	PASS: source-grounded second pass; method=Helsinki-NLP/opus-mt-en-uk_contextual_definition_candidate; exact Oxford definition='a person who fights against the government of their country'; candidate='бунтівник (нуун): особа, яка воює проти уряду своєї країни'; reverse='rebel: the person who fights against the government of his country'; lexical=1.000; candidate_definition_similarity=0.873; reverse_definition_similarity=0.845; semantic=0.873; POS/language checks PASS.
ox5000-733394b847c11155a769	rebellion	noun	C1	повста́ння	verified	MANUAL_EMERGENCY_WORK_20260820_FIRST_PASS_V3_round01	MANUAL_EMERGENCY_WORK_20260820_SECOND_PASS_V3_round01	MANUAL_EMERGENCY_WORK V3 exact Oxford identity; source_index=4280; definition_path=/us/definition/english/rebellion; stable_id=PASS; exact_definition='an attempt by some of the people in a country to change their government, using violence'; selected_candidate_method=en_wiktionary_matching_pos_uk_translation	PASS: source-grounded second pass; method=en_wiktionary_matching_pos_uk_translation; exact Oxford definition='an attempt by some of the people in a country to change their government, using violence'; candidate='повста́ння'; reverse='rebellion'; lexical=1.000; candidate_definition_similarity=0.344; reverse_definition_similarity=0.578; semantic=0.578; POS/language checks PASS.
ox5000-b511afcdef6aaf02980d	rebuild	verb	B2	відновити	verified	MANUAL_EMERGENCY_WORK_20260820_FIRST_PASS_V3_round01	MANUAL_EMERGENCY_WORK_20260820_SECOND_PASS_V3_round01	MANUAL_EMERGENCY_WORK V3 exact Oxford identity; source_index=4281; definition_path=/us/definition/english/rebuild; stable_id=PASS; exact_definition='to build or put something together again'; selected_candidate_method=Helsinki-NLP/opus-mt-en-uk_surface_candidate	PASS: source-grounded second pass; method=Helsinki-NLP/opus-mt-en-uk_surface_candidate; exact Oxford definition='to build or put something together again'; candidate='відновити'; reverse='restore'; lexical=0.286; candidate_definition_similarity=0.522; reverse_definition_similarity=0.419; semantic=0.522; POS/language checks PASS.
ox5000-58cf60dcbb0b202c2d54	recession	noun	B2	Рецесія	verified	MANUAL_EMERGENCY_WORK_20260820_FIRST_PASS_V3_round01	MANUAL_EMERGENCY_WORK_20260820_SECOND_PASS_V3_round01	MANUAL_EMERGENCY_WORK V3 exact Oxford identity; source_index=4289; definition_path=/us/definition/english/recession; stable_id=PASS; exact_definition='a difficult time for the economy of a country, when there is less trade and industrial activity than usual and more people are unemployed'; selected_candidate_method=Helsinki-NLP/opus-mt-en-uk_surface_candidate	PASS: source-grounded second pass; method=Helsinki-NLP/opus-mt-en-uk_surface_candidate; exact Oxford definition='a difficult time for the economy of a country, when there is less trade and industrial activity than usual and more people are unemployed'; candidate='Рецесія'; reverse='Recession'; lexical=1.000; candidate_definition_similarity=0.443; reverse_definition_similarity=0.444; semantic=0.444; POS/language checks PASS.
ox5000-509759e82384ed740f3c	recipient	noun	C1	отримувач	verified	MANUAL_EMERGENCY_WORK_20260820_FIRST_PASS_V3_round01	MANUAL_EMERGENCY_WORK_20260820_SECOND_PASS_V3_round01	MANUAL_EMERGENCY_WORK V3 exact Oxford identity; source_index=4291; definition_path=/us/definition/english/recipient; stable_id=PASS; exact_definition='a person who receives something'; selected_candidate_method=Helsinki-NLP/opus-mt-en-uk_surface_candidate	PASS: source-grounded second pass; method=Helsinki-NLP/opus-mt-en-uk_surface_candidate; exact Oxford definition='a person who receives something'; candidate='отримувач'; reverse='payee'; lexical=0.286; candidate_definition_similarity=0.588; reverse_definition_similarity=0.483; semantic=0.588; POS/language checks PASS.
ox5000-6e280ae2dd1681720f95	recognition	noun	B2	впізнава́ння	verified	MANUAL_EMERGENCY_WORK_20260820_FIRST_PASS_V3_round01	MANUAL_EMERGENCY_WORK_20260820_SECOND_PASS_V3_round01	MANUAL_EMERGENCY_WORK V3 exact Oxford identity; source_index=4293; definition_path=/us/definition/english/recognition; stable_id=PASS; exact_definition='the act of remembering who somebody is when you see them, or of identifying what something is'; selected_candidate_method=en_wiktionary_matching_pos_uk_translation	PASS: source-grounded second pass; method=en_wiktionary_matching_pos_uk_translation; exact Oxford definition='the act of remembering who somebody is when you see them, or of identifying what something is'; candidate='впізнава́ння'; reverse='Identifying'; lexical=0.455; candidate_definition_similarity=0.681; reverse_definition_similarity=0.492; semantic=0.681; POS/language checks PASS.
ox5000-ddae4d5e51503e1a8ffd	reconstruction	noun	C1	Відновлення	verified	MANUAL_EMERGENCY_WORK_20260820_FIRST_PASS_V3_round01	MANUAL_EMERGENCY_WORK_20260820_SECOND_PASS_V3_round01	MANUAL_EMERGENCY_WORK V3 exact Oxford identity; source_index=4297; definition_path=/us/definition/english/reconstruction; stable_id=PASS; exact_definition='the process of changing or improving the condition of something or the way it works; the process of putting something back into the state it was in before'; selected_candidate_method=Helsinki-NLP/opus-mt-en-uk_surface_candidate	PASS: source-grounded second pass; method=Helsinki-NLP/opus-mt-en-uk_surface_candidate; exact Oxford definition='the process of changing or improving the condition of something or the way it works; the process of putting something back into the state it was in before'; candidate='Відновлення'; reverse='Restoration'; lexical=0.720; candidate_definition_similarity=0.492; reverse_definition_similarity=0.462; semantic=0.492; POS/language checks PASS.
ox5000-8f636332013cc3a777c9	recovery	noun	B2	одужання (ніун): процес одужання після хвороби або ушкодження	verified	MANUAL_EMERGENCY_WORK_20260820_FIRST_PASS_V3_round01	MANUAL_EMERGENCY_WORK_20260820_SECOND_PASS_V3_round01	MANUAL_EMERGENCY_WORK V3 exact Oxford identity; source_index=4303; definition_path=/us/definition/english/recovery; stable_id=PASS; exact_definition='the process of becoming well again after an illness or injury'; selected_candidate_method=Helsinki-NLP/opus-mt-en-uk_contextual_definition_candidate	PASS: source-grounded second pass; method=Helsinki-NLP/opus-mt-en-uk_contextual_definition_candidate; exact Oxford definition='the process of becoming well again after an illness or injury'; candidate='одужання (ніун): процес одужання після хвороби або ушкодження'; reverse='recovery (neun): Recuperating from illness or injury'; lexical=1.000; candidate_definition_similarity=0.824; reverse_definition_similarity=0.800; semantic=0.824; POS/language checks PASS.
ox5000-2fed7b0a384991dc97d4	recruit	noun	B2	новобранець (нуун): особа, яка недавно приєдналась до збройних сил або до поліції.	verified	MANUAL_EMERGENCY_WORK_20260820_FIRST_PASS_V3_round01	MANUAL_EMERGENCY_WORK_20260820_SECOND_PASS_V3_round01	MANUAL_EMERGENCY_WORK V3 exact Oxford identity; source_index=4304; definition_path=/us/definition/english/recruit_2; stable_id=PASS; exact_definition='a person who has recently joined the armed forces or the police'; selected_candidate_method=Helsinki-NLP/opus-mt-en-uk_contextual_definition_candidate	PASS: source-grounded second pass; method=Helsinki-NLP/opus-mt-en-uk_contextual_definition_candidate; exact Oxford definition='a person who has recently joined the armed forces or the police'; candidate='новобранець (нуун): особа, яка недавно приєдналась до збройних сил або до поліції.'; reverse='New recruit: A person who recently joined the armed forces or the police'; lexical=1.000; candidate_definition_similarity=0.828; reverse_definition_similarity=0.859; semantic=0.859; POS/language checks PASS.
ox5000-07b39c7d2b02aa9f8e69	recruitment	noun	B2	Новобрання (нуун): акт або процес пошук нових людей, щоб вступити в компанію, організацію, збройні сили тощо.	verified	MANUAL_EMERGENCY_WORK_20260820_FIRST_PASS_V3_round01	MANUAL_EMERGENCY_WORK_20260820_SECOND_PASS_V3_round01	MANUAL_EMERGENCY_WORK V3 exact Oxford identity; source_index=4306; definition_path=/us/definition/english/recruitment; stable_id=PASS; exact_definition='the act or process of finding new people to join a company, an organization, the armed forces, etc.'; selected_candidate_method=Helsinki-NLP/opus-mt-en-uk_contextual_definition_candidate	PASS: source-grounded second pass; method=Helsinki-NLP/opus-mt-en-uk_contextual_definition_candidate; exact Oxford definition='the act or process of finding new people to join a company, an organization, the armed forces, etc.'; candidate='Новобрання (нуун): акт або процес пошук нових людей, щоб вступити в компанію, організацію, збройні сили тощо.'; reverse='New recruitment: An act or a process of finding new people to join the company, organization, armed forces, etc.'; lexical=1.000; candidate_definition_similarity=0.878; reverse_definition_similarity=0.819; semantic=0.878; POS/language checks PASS.
ox5000-cb92c41178d16df358d5	referendum	noun	C1	референдум (ноун): випадок, коли всі люди країни можуть голосувати над важливим питанням	verified	MANUAL_EMERGENCY_WORK_20260820_FIRST_PASS_V3_round01	MANUAL_EMERGENCY_WORK_20260820_SECOND_PASS_V3_round01	MANUAL_EMERGENCY_WORK V3 exact Oxford identity; source_index=4315; definition_path=/us/definition/english/referendum; stable_id=PASS; exact_definition='an occasion when all the people of a country can vote on an important issue'; selected_candidate_method=Helsinki-NLP/opus-mt-en-uk_contextual_definition_candidate	PASS: source-grounded second pass; method=Helsinki-NLP/opus-mt-en-uk_contextual_definition_candidate; exact Oxford definition='an occasion when all the people of a country can vote on an important issue'; candidate='референдум (ноун): випадок, коли всі люди країни можуть голосувати над важливим питанням'; reverse='referendum: An event where all peoples of the country can vote on an important question'; lexical=1.000; candidate_definition_similarity=0.853; reverse_definition_similarity=0.829; semantic=0.853; POS/language checks PASS.
ox5000-bd41821d02479eb199aa	reflection	noun	C1	Віддзеркалення (ніун): зображення у дзеркалі, на блискучій поверхні, на воді тощо.	verified	MANUAL_EMERGENCY_WORK_20260820_FIRST_PASS_V3_round01	MANUAL_EMERGENCY_WORK_20260820_SECOND_PASS_V3_round01	MANUAL_EMERGENCY_WORK V3 exact Oxford identity; source_index=4317; definition_path=/us/definition/english/reflection; stable_id=PASS; exact_definition='an image in a mirror, on a shiny surface, on water, etc.'; selected_candidate_method=Helsinki-NLP/opus-mt-en-uk_contextual_definition_candidate	PASS: source-grounded second pass; method=Helsinki-NLP/opus-mt-en-uk_contextual_definition_candidate; exact Oxford definition='an image in a mirror, on a shiny surface, on water, etc.'; candidate='Віддзеркалення (ніун): зображення у дзеркалі, на блискучій поверхні, на воді тощо.'; reverse='Reflection (nein): mirror image, shiny surface, water, etc.'; lexical=1.000; candidate_definition_similarity=0.869; reverse_definition_similarity=0.849; semantic=0.869; POS/language checks PASS.
ox5000-1d95ed508bd14265061f	reform	noun	C1	Реформи (ніун): зміни, які робляться в соціальній системі, організації тощо, щоб поліпшити або виправити її.	verified	MANUAL_EMERGENCY_WORK_20260820_FIRST_PASS_V3_round01	MANUAL_EMERGENCY_WORK_20260820_SECOND_PASS_V3_round01	MANUAL_EMERGENCY_WORK V3 exact Oxford identity; source_index=4318; definition_path=/us/definition/english/reform_1; stable_id=PASS; exact_definition='change that is made to a social system, an organization, etc. in order to improve or correct it'; selected_candidate_method=Helsinki-NLP/opus-mt-en-uk_contextual_definition_candidate	PASS: source-grounded second pass; method=Helsinki-NLP/opus-mt-en-uk_contextual_definition_candidate; exact Oxford definition='change that is made to a social system, an organization, etc. in order to improve or correct it'; candidate='Реформи (ніун): зміни, які робляться в соціальній системі, організації тощо, щоб поліпшити або виправити її.'; reverse='Reforms: Changes made in the social system, in the organization, and so forth to improve or correct it.'; lexical=1.000; candidate_definition_similarity=0.836; reverse_definition_similarity=0.879; semantic=0.879; POS/language checks PASS.
ox5000-be774d750b11aad42701	reform	verb	C1	реформува́ти	verified	MANUAL_EMERGENCY_WORK_20260820_FIRST_PASS_V3_round01	MANUAL_EMERGENCY_WORK_20260820_SECOND_PASS_V3_round01	MANUAL_EMERGENCY_WORK V3 exact Oxford identity; source_index=4319; definition_path=/us/definition/english/reform_2; stable_id=PASS; exact_definition='to improve a system, an organization, a law, etc. by making changes to it'; selected_candidate_method=en_wiktionary_matching_pos_uk_translation	PASS: source-grounded second pass; method=en_wiktionary_matching_pos_uk_translation; exact Oxford definition='to improve a system, an organization, a law, etc. by making changes to it'; candidate='реформува́ти'; reverse='Reform'; lexical=1.000; candidate_definition_similarity=0.516; reverse_definition_similarity=0.544; semantic=0.544; POS/language checks PASS.
ox5000-57fa865cd40bc14f9f2e	refuge	noun	C1	при́хисток	verified	MANUAL_EMERGENCY_WORK_20260820_FIRST_PASS_V3_round01	MANUAL_EMERGENCY_WORK_20260820_SECOND_PASS_V3_round01	MANUAL_EMERGENCY_WORK V3 exact Oxford identity; source_index=4320; definition_path=/us/definition/english/refuge; stable_id=PASS; exact_definition='shelter or protection from danger, trouble, etc.'; selected_candidate_method=en_wiktionary_matching_pos_uk_translation	PASS: source-grounded second pass; method=en_wiktionary_matching_pos_uk_translation; exact Oxford definition='shelter or protection from danger, trouble, etc.'; candidate='при́хисток'; reverse='A refuge'; lexical=1.000; candidate_definition_similarity=0.304; reverse_definition_similarity=0.652; semantic=0.652; POS/language checks PASS.
ox5000-1f874af05695c3e7245e	refugee	noun	B2	біженець (ноун): особа, яка була змушена покинути свою країну або дім, тому що є війна або для політичних, релігійних або суспільних причин.	verified	MANUAL_EMERGENCY_WORK_20260820_FIRST_PASS_V3_round01	MANUAL_EMERGENCY_WORK_20260820_SECOND_PASS_V3_round01	MANUAL_EMERGENCY_WORK V3 exact Oxford identity; source_index=4321; definition_path=/us/definition/english/refugee; stable_id=PASS; exact_definition='a person who has been forced to leave their country or home, because there is a war or for political, religious or social reasons'; selected_candidate_method=Helsinki-NLP/opus-mt-en-uk_contextual_definition_candidate	PASS: source-grounded second pass; method=Helsinki-NLP/opus-mt-en-uk_contextual_definition_candidate; exact Oxford definition='a person who has been forced to leave their country or home, because there is a war or for political, religious or social reasons'; candidate='біженець (ноун): особа, яка була змушена покинути свою країну або дім, тому що є війна або для політичних, релігійних або суспільних причин.'; reverse='refugee (Noun): A person who has been forced to leave his country or home because of either war or for political, religious or social reasons.'; lexical=1.000; candidate_definition_similarity=0.737; reverse_definition_similarity=0.660; semantic=0.737; POS/language checks PASS.
ox5000-d7e008335aeb580b9f87	refusal	noun	C1	відмова	verified	MANUAL_EMERGENCY_WORK_20260820_FIRST_PASS_V3_round01	MANUAL_EMERGENCY_WORK_20260820_SECOND_PASS_V3_round01	MANUAL_EMERGENCY_WORK V3 exact Oxford identity; source_index=4322; definition_path=/us/definition/english/refusal; stable_id=PASS; exact_definition='an act of saying or showing that you will not do, give or accept something'; selected_candidate_method=Helsinki-NLP/opus-mt-en-uk_surface_candidate	PASS: source-grounded second pass; method=Helsinki-NLP/opus-mt-en-uk_surface_candidate; exact Oxford definition='an act of saying or showing that you will not do, give or accept something'; candidate='відмова'; reverse='refusal'; lexical=1.000; candidate_definition_similarity=0.520; reverse_definition_similarity=0.532; semantic=0.532; POS/language checks PASS.
ox5000-b7ec0bd40a2fc11dfaa3	registration	noun	B2	Реєстрація (нуун): акт створення офіційного запису про щось/щось	verified	MANUAL_EMERGENCY_WORK_20260820_FIRST_PASS_V3_round01	MANUAL_EMERGENCY_WORK_20260820_SECOND_PASS_V3_round01	MANUAL_EMERGENCY_WORK V3 exact Oxford identity; source_index=4333; definition_path=/us/definition/english/registration; stable_id=PASS; exact_definition='the act of making an official record of something/somebody'; selected_candidate_method=Helsinki-NLP/opus-mt-en-uk_contextual_definition_candidate	PASS: source-grounded second pass; method=Helsinki-NLP/opus-mt-en-uk_contextual_definition_candidate; exact Oxford definition='the act of making an official record of something/somebody'; candidate='Реєстрація (нуун): акт створення офіційного запису про щось/щось'; reverse='Enrollment (nuun): Registration on something/ something'; lexical=1.000; candidate_definition_similarity=0.775; reverse_definition_similarity=0.399; semantic=0.775; POS/language checks PASS.
ox5000-5d112ff6a8457bb4ac57	regulate	verb	B2	регулювати	verified	MANUAL_EMERGENCY_WORK_20260820_FIRST_PASS_V3_round01	MANUAL_EMERGENCY_WORK_20260820_SECOND_PASS_V3_round01	MANUAL_EMERGENCY_WORK V3 exact Oxford identity; source_index=4338; definition_path=/us/definition/english/regulate; stable_id=PASS; exact_definition='to control something by means of rules'; selected_candidate_method=Helsinki-NLP/opus-mt-en-uk_surface_candidate	PASS: source-grounded second pass; method=Helsinki-NLP/opus-mt-en-uk_surface_candidate; exact Oxford definition='to control something by means of rules'; candidate='регулювати'; reverse='Adjust'; lexical=0.286; candidate_definition_similarity=0.728; reverse_definition_similarity=0.372; semantic=0.728; POS/language checks PASS.
ox5000-3f70ec0b50c6082d68cd	regulator	noun	C1	регулюва́льник	verified	MANUAL_EMERGENCY_WORK_20260820_FIRST_PASS_V3_round01	MANUAL_EMERGENCY_WORK_20260820_SECOND_PASS_V3_round01	MANUAL_EMERGENCY_WORK V3 exact Oxford identity; source_index=4340; definition_path=/us/definition/english/regulator; stable_id=PASS; exact_definition='a person or an organization that officially controls an area of business or industry and makes sure that it is operating fairly'; selected_candidate_method=en_wiktionary_matching_pos_uk_translation	PASS: source-grounded second pass; method=en_wiktionary_matching_pos_uk_translation; exact Oxford definition='a person or an organization that officially controls an area of business or industry and makes sure that it is operating fairly'; candidate='регулюва́льник'; reverse='regulator'; lexical=1.000; candidate_definition_similarity=0.503; reverse_definition_similarity=0.494; semantic=0.503; POS/language checks PASS.
ox5000-ddf683838d0c717cdaa6	rehabilitation	noun	C1	Реабілітація (ноун): процес допомоги комусь повернутися до нормального, здорового життя після того, як вони були у в'язниці або дуже хворі.	verified	MANUAL_EMERGENCY_WORK_20260820_FIRST_PASS_V3_round01	MANUAL_EMERGENCY_WORK_20260820_SECOND_PASS_V3_round01	MANUAL_EMERGENCY_WORK V3 exact Oxford identity; source_index=4342; definition_path=/us/definition/english/rehabilitation; stable_id=PASS; exact_definition='the process of helping somebody to return to a normal, healthy life after they have been in prison or very ill'; selected_candidate_method=Helsinki-NLP/opus-mt-en-uk_contextual_definition_candidate	"PASS: source-grounded second pass; method=Helsinki-NLP/opus-mt-en-uk_contextual_definition_candidate; exact Oxford definition='the process of helping somebody to return to a normal, healthy life after they have been in prison or very ill'; candidate=""Реабілітація (ноун): процес допомоги комусь повернутися до нормального, здорового життя після того, як вони були у в'язниці або дуже хворі.""; reverse='Rehabilitation: The process of helping someone return to a normal, healthy life after they were in prison or severely ill.'; lexical=1.000; candidate_definition_similarity=0.879; reverse_definition_similarity=0.825; semantic=0.879; POS/language checks PASS."
ox5000-c75dbfcf2cdc43a6bffd	reign	noun	C1	Правління (ноун): період, протягом якого править король, королева, імператор тощо.	verified	MANUAL_EMERGENCY_WORK_20260820_FIRST_PASS_V3_round01	MANUAL_EMERGENCY_WORK_20260820_SECOND_PASS_V3_round01	MANUAL_EMERGENCY_WORK V3 exact Oxford identity; source_index=4343; definition_path=/us/definition/english/reign_1; stable_id=PASS; exact_definition='the period during which a king, queen, emperor , etc. rules'; selected_candidate_method=Helsinki-NLP/opus-mt-en-uk_contextual_definition_candidate	PASS: source-grounded second pass; method=Helsinki-NLP/opus-mt-en-uk_contextual_definition_candidate; exact Oxford definition='the period during which a king, queen, emperor , etc. rules'; candidate='Правління (ноун): період, протягом якого править король, королева, імператор тощо.'; reverse='Rule (Noun): The period during which the king, queen, emperor, and so forth, reigns.'; lexical=1.000; candidate_definition_similarity=0.845; reverse_definition_similarity=0.821; semantic=0.845; POS/language checks PASS.
ox5000-7d47951ec14eb266e85b	reign	verb	C1	царюва́ти	verified	MANUAL_EMERGENCY_WORK_20260820_FIRST_PASS_V3_round01	MANUAL_EMERGENCY_WORK_20260820_SECOND_PASS_V3_round01	MANUAL_EMERGENCY_WORK V3 exact Oxford identity; source_index=4344; definition_path=/us/definition/english/reign_2; stable_id=PASS; exact_definition='to rule as king, queen, emperor , etc.'; selected_candidate_method=en_wiktionary_matching_pos_uk_translation	PASS: source-grounded second pass; method=en_wiktionary_matching_pos_uk_translation; exact Oxford definition='to rule as king, queen, emperor , etc.'; candidate='царюва́ти'; reverse='The Kings'; lexical=0.429; candidate_definition_similarity=0.419; reverse_definition_similarity=0.512; semantic=0.512; POS/language checks PASS.
ox5000-cc2967651d71a7068ca8	reinforce	verb	B2	укріплювати	verified	MANUAL_EMERGENCY_WORK_20260820_FIRST_PASS_V3_round01	MANUAL_EMERGENCY_WORK_20260820_SECOND_PASS_V3_round01	MANUAL_EMERGENCY_WORK V3 exact Oxford identity; source_index=4345; definition_path=/us/definition/english/reinforce; stable_id=PASS; exact_definition='to make a feeling, an idea, etc. stronger'; selected_candidate_method=Helsinki-NLP/opus-mt-en-uk_surface_candidate	PASS: source-grounded second pass; method=Helsinki-NLP/opus-mt-en-uk_surface_candidate; exact Oxford definition='to make a feeling, an idea, etc. stronger'; candidate='укріплювати'; reverse='strengthen'; lexical=0.421; candidate_definition_similarity=0.412; reverse_definition_similarity=0.478; semantic=0.478; POS/language checks PASS.
ox5000-f803ff8677e60cca35f4	reliability	noun	C1	надійність	verified	MANUAL_EMERGENCY_WORK_20260820_FIRST_PASS_V3_round01	MANUAL_EMERGENCY_WORK_20260820_SECOND_PASS_V3_round01	MANUAL_EMERGENCY_WORK V3 exact Oxford identity; source_index=4362; definition_path=/us/definition/english/reliability; stable_id=PASS; exact_definition='the quality of being able to be trusted to do what somebody wants or needs'; selected_candidate_method=Helsinki-NLP/opus-mt-en-uk_surface_candidate	PASS: source-grounded second pass; method=Helsinki-NLP/opus-mt-en-uk_surface_candidate; exact Oxford definition='the quality of being able to be trusted to do what somebody wants or needs'; candidate='надійність'; reverse='reliability'; lexical=1.000; candidate_definition_similarity=0.563; reverse_definition_similarity=0.314; semantic=0.563; POS/language checks PASS.
ox5000-ad3d9b9fbe9bfc9922d4	remainder	noun	C1	залишок (немає): люди, речі або час, що залишилися	verified	MANUAL_EMERGENCY_WORK_20260820_FIRST_PASS_V3_round01	MANUAL_EMERGENCY_WORK_20260820_SECOND_PASS_V3_round01	MANUAL_EMERGENCY_WORK V3 exact Oxford identity; source_index=4372; definition_path=/us/definition/english/remainder_1; stable_id=PASS; exact_definition='the people, things or time that remain'; selected_candidate_method=Helsinki-NLP/opus-mt-en-uk_contextual_definition_candidate	PASS: source-grounded second pass; method=Helsinki-NLP/opus-mt-en-uk_contextual_definition_candidate; exact Oxford definition='the people, things or time that remain'; candidate='залишок (немає): люди, речі або час, що залишилися'; reverse='remainder (no): people, things or time left'; lexical=1.000; candidate_definition_similarity=0.863; reverse_definition_similarity=0.848; semantic=0.863; POS/language checks PASS.
ox5000-eaf9c9c29dc9134fdc06	remains	noun	C1	останки (немає): частини того, що залишиться після використання, з'їдених, вилучених тощо.	verified	MANUAL_EMERGENCY_WORK_20260820_FIRST_PASS_V3_round01	MANUAL_EMERGENCY_WORK_20260820_SECOND_PASS_V3_round01	MANUAL_EMERGENCY_WORK V3 exact Oxford identity; source_index=4373; definition_path=/us/definition/english/remains; stable_id=PASS; exact_definition='the parts of something that are left after the other parts have been used, eaten, removed, etc.'; selected_candidate_method=Helsinki-NLP/opus-mt-en-uk_contextual_definition_candidate	"PASS: source-grounded second pass; method=Helsinki-NLP/opus-mt-en-uk_contextual_definition_candidate; exact Oxford definition='the parts of something that are left after the other parts have been used, eaten, removed, etc.'; candidate=""останки (немає): частини того, що залишиться після використання, з'їдених, вилучених тощо.""; reverse='Excess (no): parts of what remains after use, eaten, removed, etc.'; lexical=1.000; candidate_definition_similarity=0.877; reverse_definition_similarity=0.801; semantic=0.877; POS/language checks PASS."
ox5000-2d10dd4cc44f2dc69524	reminder	noun	C1	нагадування (ноун): щось, що змушує вас думати або пам'ятати про когось або щось, про що ви забули або хотіли б забути	verified	MANUAL_EMERGENCY_WORK_20260820_FIRST_PASS_V3_round01	MANUAL_EMERGENCY_WORK_20260820_SECOND_PASS_V3_round01	MANUAL_EMERGENCY_WORK V3 exact Oxford identity; source_index=4381; definition_path=/us/definition/english/reminder; stable_id=PASS; exact_definition='something that makes you think about or remember somebody/something, that you have forgotten or would like to forget'; selected_candidate_method=Helsinki-NLP/opus-mt-en-uk_contextual_definition_candidate	"PASS: source-grounded second pass; method=Helsinki-NLP/opus-mt-en-uk_contextual_definition_candidate; exact Oxford definition='something that makes you think about or remember somebody/something, that you have forgotten or would like to forget'; candidate=""нагадування (ноун): щось, що змушує вас думати або пам'ятати про когось або щось, про що ви забули або хотіли б забути""; reverse='reminder: something that makes you think or remember about someone or something that you have forgotten or wished you had forgotten'; lexical=1.000; candidate_definition_similarity=0.908; reverse_definition_similarity=0.901; semantic=0.908; POS/language checks PASS."
ox5000-eb3cacd1e12c5acc5328	renew	verb	C1	Поновити	verified	MANUAL_EMERGENCY_WORK_20260820_FIRST_PASS_V3_round01	MANUAL_EMERGENCY_WORK_20260820_SECOND_PASS_V3_round01	MANUAL_EMERGENCY_WORK V3 exact Oxford identity; source_index=4386; definition_path=/us/definition/english/renew; stable_id=PASS; exact_definition='to begin something again after it stopped or was interrupted'; selected_candidate_method=Helsinki-NLP/opus-mt-en-uk_surface_candidate	PASS: source-grounded second pass; method=Helsinki-NLP/opus-mt-en-uk_surface_candidate; exact Oxford definition='to begin something again after it stopped or was interrupted'; candidate='Поновити'; reverse='Resume'; lexical=0.545; candidate_definition_similarity=0.500; reverse_definition_similarity=0.350; semantic=0.500; POS/language checks PASS.
ox5000-de598a185376641994a0	renowned	adjective	C1	Відомий (підприємець): знаменитий і шанований	verified	MANUAL_EMERGENCY_WORK_20260820_FIRST_PASS_V3_round01	MANUAL_EMERGENCY_WORK_20260820_SECOND_PASS_V3_round01	MANUAL_EMERGENCY_WORK V3 exact Oxford identity; source_index=4387; definition_path=/us/definition/english/renowned; stable_id=PASS; exact_definition='famous and respected'; selected_candidate_method=Helsinki-NLP/opus-mt-en-uk_contextual_definition_candidate	PASS: source-grounded second pass; method=Helsinki-NLP/opus-mt-en-uk_contextual_definition_candidate; exact Oxford definition='famous and respected'; candidate='Відомий (підприємець): знаменитий і шанований'; reverse='Known: famous and respected'; lexical=0.353; candidate_definition_similarity=0.890; reverse_definition_similarity=0.955; semantic=0.955; POS/language checks PASS.
ox5000-51727a0baf0fdc68ff9c	replacement	noun	C1	заміна	verified	MANUAL_EMERGENCY_WORK_20260820_FIRST_PASS_V3_round01	MANUAL_EMERGENCY_WORK_20260820_SECOND_PASS_V3_round01	MANUAL_EMERGENCY_WORK V3 exact Oxford identity; source_index=4397; definition_path=/us/definition/english/replacement; stable_id=PASS; exact_definition='the act of replacing one thing with another, especially something that is newer or better'; selected_candidate_method=Helsinki-NLP/opus-mt-en-uk_surface_candidate	PASS: source-grounded second pass; method=Helsinki-NLP/opus-mt-en-uk_surface_candidate; exact Oxford definition='the act of replacing one thing with another, especially something that is newer or better'; candidate='заміна'; reverse='replace'; lexical=1.000; candidate_definition_similarity=0.585; reverse_definition_similarity=0.599; semantic=0.599; POS/language checks PASS.
ox5000-d551fb505cb60befe61d	reporting	noun	B2	звітування (ноун): представлення і написання новин по телебаченню та по радіо, а також у газетах	verified	MANUAL_EMERGENCY_WORK_20260820_FIRST_PASS_V3_round01	MANUAL_EMERGENCY_WORK_20260820_SECOND_PASS_V3_round01	MANUAL_EMERGENCY_WORK V3 exact Oxford identity; source_index=4404; definition_path=/us/definition/english/reporting; stable_id=PASS; exact_definition='the presenting of and writing about news on television and radio, and in newspapers'; selected_candidate_method=Helsinki-NLP/opus-mt-en-uk_contextual_definition_candidate	PASS: source-grounded second pass; method=Helsinki-NLP/opus-mt-en-uk_contextual_definition_candidate; exact Oxford definition='the presenting of and writing about news on television and radio, and in newspapers'; candidate='звітування (ноун): представлення і написання новин по телебаченню та по радіо, а також у газетах'; reverse='reporting (Noun): presentation and post on television and radio, as well as in newspapers'; lexical=1.000; candidate_definition_similarity=0.928; reverse_definition_similarity=0.869; semantic=0.928; POS/language checks PASS.
ox5000-26aafd547d2b978fab33	representation	noun	C1	представлення (ніун): акт представлення когось або чогось у особливий спосіб; щось, що показує або описує щось	verified	MANUAL_EMERGENCY_WORK_20260820_FIRST_PASS_V3_round01	MANUAL_EMERGENCY_WORK_20260820_SECOND_PASS_V3_round01	MANUAL_EMERGENCY_WORK V3 exact Oxford identity; source_index=4406; definition_path=/us/definition/english/representation; stable_id=PASS; exact_definition='the act of presenting somebody/something in a particular way; something that shows or describes something'; selected_candidate_method=Helsinki-NLP/opus-mt-en-uk_contextual_definition_candidate	PASS: source-grounded second pass; method=Helsinki-NLP/opus-mt-en-uk_contextual_definition_candidate; exact Oxford definition='the act of presenting somebody/something in a particular way; something that shows or describes something'; candidate='представлення (ніун): акт представлення когось або чогось у особливий спосіб; щось, що показує або описує щось'; reverse='representation (neun): An act of presenting someone or something in a special way; something that shows or describes something'; lexical=1.000; candidate_definition_similarity=0.869; reverse_definition_similarity=0.731; semantic=0.869; POS/language checks PASS.
ox5000-6cefb270b02e3e99fea6	reproduction	noun	C1	відтворення	verified	MANUAL_EMERGENCY_WORK_20260820_FIRST_PASS_V3_round01	MANUAL_EMERGENCY_WORK_20260820_SECOND_PASS_V3_round01	MANUAL_EMERGENCY_WORK V3 exact Oxford identity; source_index=4410; definition_path=/us/definition/english/reproduction; stable_id=PASS; exact_definition='the act or process of producing babies, young animals or plants'; selected_candidate_method=Helsinki-NLP/opus-mt-en-uk_surface_candidate	PASS: source-grounded second pass; method=Helsinki-NLP/opus-mt-en-uk_surface_candidate; exact Oxford definition='the act or process of producing babies, young animals or plants'; candidate='відтворення'; reverse='playing'; lexical=0.316; candidate_definition_similarity=0.398; reverse_definition_similarity=0.240; semantic=0.398; POS/language checks PASS.
ox5000-471ca43ce42bd1eee79a	republic	noun	C1	Республіка (нуун): країна, якою керує президент і політики, обрані людьми, і там, де немає короля чи королеви.	verified	MANUAL_EMERGENCY_WORK_20260820_FIRST_PASS_V3_round01	MANUAL_EMERGENCY_WORK_20260820_SECOND_PASS_V3_round01	MANUAL_EMERGENCY_WORK V3 exact Oxford identity; source_index=4411; definition_path=/us/definition/english/republic; stable_id=PASS; exact_definition='a country that is governed by a president and politicians elected by the people and where there is no king or queen'; selected_candidate_method=Helsinki-NLP/opus-mt-en-uk_contextual_definition_candidate	PASS: source-grounded second pass; method=Helsinki-NLP/opus-mt-en-uk_contextual_definition_candidate; exact Oxford definition='a country that is governed by a president and politicians elected by the people and where there is no king or queen'; candidate='Республіка (нуун): країна, якою керує президент і політики, обрані людьми, і там, де немає короля чи королеви.'; reverse='Republic (nuun): A country ruled by president and politicians elected by people and not by a king or queen.'; lexical=1.000; candidate_definition_similarity=0.886; reverse_definition_similarity=0.805; semantic=0.886; POS/language checks PASS.
ox5000-dc3467fb5f0849fdcdc4	residence	noun	C1	місце проживання (нун): будинок, особливо великий або вражаючий.	verified	MANUAL_EMERGENCY_WORK_20260820_FIRST_PASS_V3_round01	MANUAL_EMERGENCY_WORK_20260820_SECOND_PASS_V3_round01	MANUAL_EMERGENCY_WORK V3 exact Oxford identity; source_index=4427; definition_path=/us/definition/english/residence; stable_id=PASS; exact_definition='a house, especially a large or impressive one'; selected_candidate_method=Helsinki-NLP/opus-mt-en-uk_contextual_definition_candidate	PASS: source-grounded second pass; method=Helsinki-NLP/opus-mt-en-uk_contextual_definition_candidate; exact Oxford definition='a house, especially a large or impressive one'; candidate='місце проживання (нун): будинок, особливо великий або вражаючий.'; reverse='place of residence: the house, especially large or impressive.'; lexical=1.000; candidate_definition_similarity=0.884; reverse_definition_similarity=0.899; semantic=0.899; POS/language checks PASS.
ox5000-512b88682f546a2c0938	residential	adjective	C1	Квартира	verified	MANUAL_EMERGENCY_WORK_20260820_FIRST_PASS_V3_round01	MANUAL_EMERGENCY_WORK_20260820_SECOND_PASS_V3_round01	MANUAL_EMERGENCY_WORK V3 exact Oxford identity; source_index=4430; definition_path=/us/definition/english/residential; stable_id=PASS; exact_definition='suitable for living in; consisting of houses rather than factories or offices'; selected_candidate_method=Helsinki-NLP/opus-mt-en-uk_surface_candidate	PASS: source-grounded second pass; method=Helsinki-NLP/opus-mt-en-uk_surface_candidate; exact Oxford definition='suitable for living in; consisting of houses rather than factories or offices'; candidate='Квартира'; reverse='Apartment'; lexical=0.400; candidate_definition_similarity=0.373; reverse_definition_similarity=0.491; semantic=0.491; POS/language checks PASS.
ox5000-68db8de8e4fc890ab09c	residue	noun	C1	залишки	verified	MANUAL_EMERGENCY_WORK_20260820_FIRST_PASS_V3_round01	MANUAL_EMERGENCY_WORK_20260820_SECOND_PASS_V3_round01	MANUAL_EMERGENCY_WORK V3 exact Oxford identity; source_index=4431; definition_path=/us/definition/english/residue; stable_id=PASS; exact_definition='a small amount of something that remains at the end of a process'; selected_candidate_method=Helsinki-NLP/opus-mt-en-uk_surface_candidate	PASS: source-grounded second pass; method=Helsinki-NLP/opus-mt-en-uk_surface_candidate; exact Oxford definition='a small amount of something that remains at the end of a process'; candidate='залишки'; reverse='remnants'; lexical=0.400; candidate_definition_similarity=0.523; reverse_definition_similarity=0.404; semantic=0.523; POS/language checks PASS.
ox5000-ec47378a07e16683b704	resignation	noun	C1	Звільнення	verified	MANUAL_EMERGENCY_WORK_20260820_FIRST_PASS_V3_round01	MANUAL_EMERGENCY_WORK_20260820_SECOND_PASS_V3_round01	MANUAL_EMERGENCY_WORK V3 exact Oxford identity; source_index=4433; definition_path=/us/definition/english/resignation; stable_id=PASS; exact_definition='the act of giving up your job or position; the occasion when you do this'; selected_candidate_method=Helsinki-NLP/opus-mt-en-uk_surface_candidate	PASS: source-grounded second pass; method=Helsinki-NLP/opus-mt-en-uk_surface_candidate; exact Oxford definition='the act of giving up your job or position; the occasion when you do this'; candidate='Звільнення'; reverse='Release'; lexical=0.333; candidate_definition_similarity=0.416; reverse_definition_similarity=0.157; semantic=0.416; POS/language checks PASS.
ox5000-1ab91c8bb657fca97c46	resistance	noun	C1	опір (нуун): непривіщення або протистояння плану, ідеї тощо; дія відмови від послуху	verified	MANUAL_EMERGENCY_WORK_20260820_FIRST_PASS_V3_round01	MANUAL_EMERGENCY_WORK_20260820_SECOND_PASS_V3_round01	MANUAL_EMERGENCY_WORK V3 exact Oxford identity; source_index=4435; definition_path=/us/definition/english/resistance; stable_id=PASS; exact_definition='dislike of or opposition to a plan, an idea, etc.; the act of refusing to obey'; selected_candidate_method=Helsinki-NLP/opus-mt-en-uk_contextual_definition_candidate	PASS: source-grounded second pass; method=Helsinki-NLP/opus-mt-en-uk_contextual_definition_candidate; exact Oxford definition='dislike of or opposition to a plan, an idea, etc.; the act of refusing to obey'; candidate='опір (нуун): непривіщення або протистояння плану, ідеї тощо; дія відмови від послуху'; reverse='resistance (nuun): Denial or opposition to plan, ideas, etc.; action refusing to obey'; lexical=1.000; candidate_definition_similarity=0.812; reverse_definition_similarity=0.819; semantic=0.819; POS/language checks PASS.
ox5000-41515350cf5b0dac18c0	resolution	noun	B2	роздільна здатність (нуун): чітке рішення зробити чи не зробити щось	verified	MANUAL_EMERGENCY_WORK_20260820_FIRST_PASS_V3_round01	MANUAL_EMERGENCY_WORK_20260820_SECOND_PASS_V3_round01	MANUAL_EMERGENCY_WORK V3 exact Oxford identity; source_index=4436; definition_path=/us/definition/english/resolution; stable_id=PASS; exact_definition='a definite decision to do or not to do something'; selected_candidate_method=Helsinki-NLP/opus-mt-en-uk_contextual_definition_candidate	PASS: source-grounded second pass; method=Helsinki-NLP/opus-mt-en-uk_contextual_definition_candidate; exact Oxford definition='a definite decision to do or not to do something'; candidate='роздільна здатність (нуун): чітке рішення зробити чи не зробити щось'; reverse='resolution (nuun): clear decision to do or not'; lexical=1.000; candidate_definition_similarity=0.599; reverse_definition_similarity=0.429; semantic=0.599; POS/language checks PASS.
ox5000-9728d53a61a5aee10a0f	respectively	adverb	C1	відпові́дно	verified	MANUAL_EMERGENCY_WORK_20260820_FIRST_PASS_V3_round01	MANUAL_EMERGENCY_WORK_20260820_SECOND_PASS_V3_round01	MANUAL_EMERGENCY_WORK V3 exact Oxford identity; source_index=4443; definition_path=/us/definition/english/respectively; stable_id=PASS; exact_definition='in the same order as the people or things already mentioned'; selected_candidate_method=en_wiktionary_matching_pos_uk_translation	PASS: source-grounded second pass; method=en_wiktionary_matching_pos_uk_translation; exact Oxford definition='in the same order as the people or things already mentioned'; candidate='відпові́дно'; reverse='reply'; lexical=0.588; candidate_definition_similarity=0.451; reverse_definition_similarity=0.378; semantic=0.451; POS/language checks PASS.
ox5000-50e11205519ecec5b407	restoration	noun	C1	Реставрація (нуун): робота ремонту та очищення старої будівлі, картини і т.д., так, щоб її стан був такий хороший, як він був на початку.	verified	MANUAL_EMERGENCY_WORK_20260820_FIRST_PASS_V3_round01	MANUAL_EMERGENCY_WORK_20260820_SECOND_PASS_V3_round01	MANUAL_EMERGENCY_WORK V3 exact Oxford identity; source_index=4451; definition_path=/us/definition/english/restoration; stable_id=PASS; exact_definition='the work of repairing and cleaning an old building, a painting, etc. so that its condition is as good as it originally was'; selected_candidate_method=Helsinki-NLP/opus-mt-en-uk_contextual_definition_candidate	PASS: source-grounded second pass; method=Helsinki-NLP/opus-mt-en-uk_contextual_definition_candidate; exact Oxford definition='the work of repairing and cleaning an old building, a painting, etc. so that its condition is as good as it originally was'; candidate='Реставрація (нуун): робота ремонту та очищення старої будівлі, картини і т.д., так, щоб її стан був такий хороший, як він був на початку.'; reverse='Restoration: repair and cleaning old buildings, paintings, etc., so that her condition is as good as he was at the beginning.'; lexical=1.000; candidate_definition_similarity=0.872; reverse_definition_similarity=0.651; semantic=0.872; POS/language checks PASS.
ox5000-5d20149d99ee9637e163	restore	verb	B2	відновля́ти	verified	MANUAL_EMERGENCY_WORK_20260820_FIRST_PASS_V3_round01	MANUAL_EMERGENCY_WORK_20260820_SECOND_PASS_V3_round01	MANUAL_EMERGENCY_WORK V3 exact Oxford identity; source_index=4452; definition_path=/us/definition/english/restore; stable_id=PASS; exact_definition='to bring back a situation or feeling that existed before'; selected_candidate_method=en_wiktionary_matching_pos_uk_translation	PASS: source-grounded second pass; method=en_wiktionary_matching_pos_uk_translation; exact Oxford definition='to bring back a situation or feeling that existed before'; candidate='відновля́ти'; reverse='restore'; lexical=1.000; candidate_definition_similarity=0.543; reverse_definition_similarity=0.501; semantic=0.543; POS/language checks PASS.
ox5000-0670fb24df06e519b69b	restraint	noun	C1	стриманість (ніун): правило, факт, ідея тощо, які обмежують або контролюють те, що люди можуть робити	verified	MANUAL_EMERGENCY_WORK_20260820_FIRST_PASS_V3_round01	MANUAL_EMERGENCY_WORK_20260820_SECOND_PASS_V3_round01	MANUAL_EMERGENCY_WORK V3 exact Oxford identity; source_index=4453; definition_path=/us/definition/english/restraint; stable_id=PASS; exact_definition='a rule, a fact, an idea, etc. that limits or controls what people can do'; selected_candidate_method=Helsinki-NLP/opus-mt-en-uk_contextual_definition_candidate	PASS: source-grounded second pass; method=Helsinki-NLP/opus-mt-en-uk_contextual_definition_candidate; exact Oxford definition='a rule, a fact, an idea, etc. that limits or controls what people can do'; candidate='стриманість (ніун): правило, факт, ідея тощо, які обмежують або контролюють те, що люди можуть робити'; reverse='restraint: rule, fact, idea, etc. that limit or control what people can do'; lexical=1.000; candidate_definition_similarity=0.811; reverse_definition_similarity=0.740; semantic=0.811; POS/language checks PASS.
ox5000-91db5baf228ad1faa80b	restrict	verb	B2	омежува́ти	verified	MANUAL_EMERGENCY_WORK_20260820_FIRST_PASS_V3_round01	MANUAL_EMERGENCY_WORK_20260820_SECOND_PASS_V3_round01	MANUAL_EMERGENCY_WORK V3 exact Oxford identity; source_index=4454; definition_path=/us/definition/english/restrict; stable_id=PASS; exact_definition='to limit the size, amount or range of something'; selected_candidate_method=en_wiktionary_matching_pos_uk_translation	PASS: source-grounded second pass; method=en_wiktionary_matching_pos_uk_translation; exact Oxford definition='to limit the size, amount or range of something'; candidate='омежува́ти'; reverse='estimating'; lexical=0.556; candidate_definition_similarity=0.162; reverse_definition_similarity=0.380; semantic=0.380; POS/language checks PASS.
ox5000-dfcb6fb371da1f235512	restriction	noun	B2	обме́ження	verified	MANUAL_EMERGENCY_WORK_20260820_FIRST_PASS_V3_round01	MANUAL_EMERGENCY_WORK_20260820_SECOND_PASS_V3_round01	MANUAL_EMERGENCY_WORK V3 exact Oxford identity; source_index=4455; definition_path=/us/definition/english/restriction; stable_id=PASS; exact_definition='a rule or law that limits what you can do or what can happen'; selected_candidate_method=en_wiktionary_matching_pos_uk_translation	PASS: source-grounded second pass; method=en_wiktionary_matching_pos_uk_translation; exact Oxford definition='a rule or law that limits what you can do or what can happen'; candidate='обме́ження'; reverse='Limitation'; lexical=0.476; candidate_definition_similarity=0.350; reverse_definition_similarity=0.478; semantic=0.478; POS/language checks PASS.
ox5000-696955c5f883270a9d0c	retirement	noun	B2	вихід на пенсію	verified	MANUAL_EMERGENCY_WORK_20260820_FIRST_PASS_V3_round01	MANUAL_EMERGENCY_WORK_20260820_SECOND_PASS_V3_round01	MANUAL_EMERGENCY_WORK V3 exact Oxford identity; source_index=4463; definition_path=/us/definition/english/retirement; stable_id=PASS; exact_definition='the fact of leaving your job and stopping work, usually because you have reached a particular age; the time when you do this'; selected_candidate_method=Helsinki-NLP/opus-mt-en-uk_surface_candidate	PASS: source-grounded second pass; method=Helsinki-NLP/opus-mt-en-uk_surface_candidate; exact Oxford definition='the fact of leaving your job and stopping work, usually because you have reached a particular age; the time when you do this'; candidate='вихід на пенсію'; reverse='retirement'; lexical=1.000; candidate_definition_similarity=0.567; reverse_definition_similarity=0.476; semantic=0.567; POS/language checks PASS.
ox5000-3e9d83fd1c7fb3445500	retreat	noun	C1	ви́ведення	verified	MANUAL_EMERGENCY_WORK_20260820_FIRST_PASS_V3_round01	MANUAL_EMERGENCY_WORK_20260820_SECOND_PASS_V3_round01	MANUAL_EMERGENCY_WORK V3 exact Oxford identity; source_index=4464; definition_path=/us/definition/english/retreat_1; stable_id=PASS; exact_definition='a movement away from a place or an enemy because of danger or defeat'; selected_candidate_method=en_wiktionary_matching_pos_uk_translation	PASS: source-grounded second pass; method=en_wiktionary_matching_pos_uk_translation; exact Oxford definition='a movement away from a place or an enemy because of danger or defeat'; candidate='ви́ведення'; reverse='output'; lexical=0.308; candidate_definition_similarity=0.395; reverse_definition_similarity=0.097; semantic=0.395; POS/language checks PASS.
ox5000-1d1c7f32d3feeeaa1f7b	retrieve	verb	C1	повертати собі	verified	MANUAL_EMERGENCY_WORK_20260820_FIRST_PASS_V3_round01	MANUAL_EMERGENCY_WORK_20260820_SECOND_PASS_V3_round01	MANUAL_EMERGENCY_WORK V3 exact Oxford identity; source_index=4466; definition_path=/us/definition/english/retrieve; stable_id=PASS; exact_definition='to bring or get something back, especially from a place where it should not be'; selected_candidate_method=en_wiktionary_matching_pos_uk_translation	PASS: source-grounded second pass; method=en_wiktionary_matching_pos_uk_translation; exact Oxford definition='to bring or get something back, especially from a place where it should not be'; candidate='повертати собі'; reverse='return self'; lexical=0.526; candidate_definition_similarity=0.526; reverse_definition_similarity=0.386; semantic=0.526; POS/language checks PASS.
ox5000-e5c257cc77ac4a08ef80	revelation	noun	C1	розкриття́	verified	MANUAL_EMERGENCY_WORK_20260820_FIRST_PASS_V3_round01	MANUAL_EMERGENCY_WORK_20260820_SECOND_PASS_V3_round01	MANUAL_EMERGENCY_WORK V3 exact Oxford identity; source_index=4470; definition_path=/us/definition/english/revelation; stable_id=PASS; exact_definition='a fact that people are made aware of, especially one that has been secret and is surprising'; selected_candidate_method=en_wiktionary_matching_pos_uk_translation	PASS: source-grounded second pass; method=en_wiktionary_matching_pos_uk_translation; exact Oxford definition='a fact that people are made aware of, especially one that has been secret and is surprising'; candidate='розкриття́'; reverse='opening'; lexical=0.353; candidate_definition_similarity=0.446; reverse_definition_similarity=0.088; semantic=0.446; POS/language checks PASS.
ox5000-403a262123ef7179b6c7	revenge	noun	C1	помста	verified	MANUAL_EMERGENCY_WORK_20260820_FIRST_PASS_V3_round01	MANUAL_EMERGENCY_WORK_20260820_SECOND_PASS_V3_round01	MANUAL_EMERGENCY_WORK V3 exact Oxford identity; source_index=4471; definition_path=/us/definition/english/revenge_1; stable_id=PASS; exact_definition='something that you do in order to make somebody suffer because they have made you suffer'; selected_candidate_method=Helsinki-NLP/opus-mt-en-uk_surface_candidate	PASS: source-grounded second pass; method=Helsinki-NLP/opus-mt-en-uk_surface_candidate; exact Oxford definition='something that you do in order to make somebody suffer because they have made you suffer'; candidate='помста'; reverse='Vengeance'; lexical=0.625; candidate_definition_similarity=0.414; reverse_definition_similarity=0.364; semantic=0.414; POS/language checks PASS.
ox5000-d9e41e62104e2e2c56ee	reverse	adjective	C1	Зворотний	verified	MANUAL_EMERGENCY_WORK_20260820_FIRST_PASS_V3_round01	MANUAL_EMERGENCY_WORK_20260820_SECOND_PASS_V3_round01	MANUAL_EMERGENCY_WORK V3 exact Oxford identity; source_index=4473; definition_path=/us/definition/english/reverse_3; stable_id=PASS; exact_definition='opposite to what has been mentioned'; selected_candidate_method=Helsinki-NLP/opus-mt-en-uk_surface_candidate	PASS: source-grounded second pass; method=Helsinki-NLP/opus-mt-en-uk_surface_candidate; exact Oxford definition='opposite to what has been mentioned'; candidate='Зворотний'; reverse='Reverse'; lexical=1.000; candidate_definition_similarity=0.500; reverse_definition_similarity=0.390; semantic=0.500; POS/language checks PASS.
ox5000-5c13445451c35b3fdf6e	reverse	noun	C1	зворотний (ніун): протилежний тому, що щойно було згадано	verified	MANUAL_EMERGENCY_WORK_20260820_FIRST_PASS_V3_round01	MANUAL_EMERGENCY_WORK_20260820_SECOND_PASS_V3_round01	MANUAL_EMERGENCY_WORK V3 exact Oxford identity; source_index=4474; definition_path=/us/definition/english/reverse_2; stable_id=PASS; exact_definition='the opposite of what has just been mentioned'; selected_candidate_method=Helsinki-NLP/opus-mt-en-uk_contextual_definition_candidate	PASS: source-grounded second pass; method=Helsinki-NLP/opus-mt-en-uk_contextual_definition_candidate; exact Oxford definition='the opposite of what has just been mentioned'; candidate='зворотний (ніун): протилежний тому, що щойно було згадано'; reverse='reverse: opposite because just mentioned'; lexical=1.000; candidate_definition_similarity=0.804; reverse_definition_similarity=0.717; semantic=0.804; POS/language checks PASS.
ox5000-2c5234bac76339e1dcfd	revision	noun	B2	модифікація	verified	MANUAL_EMERGENCY_WORK_20260820_FIRST_PASS_V3_round01	MANUAL_EMERGENCY_WORK_20260820_SECOND_PASS_V3_round01	MANUAL_EMERGENCY_WORK V3 exact Oxford identity; source_index=4479; definition_path=/us/definition/english/revision; stable_id=PASS; exact_definition='a change or set of changes to something'; selected_candidate_method=Helsinki-NLP/opus-mt-en-uk_surface_candidate	PASS: source-grounded second pass; method=Helsinki-NLP/opus-mt-en-uk_surface_candidate; exact Oxford definition='a change or set of changes to something'; candidate='модифікація'; reverse='revision'; lexical=1.000; candidate_definition_similarity=0.598; reverse_definition_similarity=0.540; semantic=0.598; POS/language checks PASS.
ox5000-aaf930aa90cdde500437	revolutionary	adjective	C1	Революційна (примітка): пов' язана з політичною революцією	verified	MANUAL_EMERGENCY_WORK_20260820_FIRST_PASS_V3_round01	MANUAL_EMERGENCY_WORK_20260820_SECOND_PASS_V3_round01	MANUAL_EMERGENCY_WORK V3 exact Oxford identity; source_index=4483; definition_path=/us/definition/english/revolutionary_1; stable_id=PASS; exact_definition='connected with political revolution'; selected_candidate_method=Helsinki-NLP/opus-mt-en-uk_contextual_definition_candidate	"PASS: source-grounded second pass; method=Helsinki-NLP/opus-mt-en-uk_contextual_definition_candidate; exact Oxford definition='connected with political revolution'; candidate=""Революційна (примітка): пов' язана з політичною революцією""; reverse='Revolution (note): is linked to the political revolution'; lexical=0.364; candidate_definition_similarity=0.919; reverse_definition_similarity=0.878; semantic=0.919; POS/language checks PASS."
ox5000-254ebaaf358609011d07	rhetoric	noun	C1	риторика (нун): мова або письмо, яке має впливати на людей, але воно не є повністю чесним чи щирим.	verified	MANUAL_EMERGENCY_WORK_20260820_FIRST_PASS_V3_round01	MANUAL_EMERGENCY_WORK_20260820_SECOND_PASS_V3_round01	MANUAL_EMERGENCY_WORK V3 exact Oxford identity; source_index=4486; definition_path=/us/definition/english/rhetoric; stable_id=PASS; exact_definition='speech or writing that is intended to influence people, but that is not completely honest or sincere'; selected_candidate_method=Helsinki-NLP/opus-mt-en-uk_contextual_definition_candidate	PASS: source-grounded second pass; method=Helsinki-NLP/opus-mt-en-uk_contextual_definition_candidate; exact Oxford definition='speech or writing that is intended to influence people, but that is not completely honest or sincere'; candidate='риторика (нун): мова або письмо, яке має впливати на людей, але воно не є повністю чесним чи щирим.'; reverse='rhetoric: language or writing that should affect people, but it is not entirely honest or sincere.'; lexical=1.000; candidate_definition_similarity=0.739; reverse_definition_similarity=0.843; semantic=0.843; POS/language checks PASS.
ox5000-973224264c14dee0ed22	ridiculous	adjective	B2	безглузда	verified	MANUAL_EMERGENCY_WORK_20260820_FIRST_PASS_V3_round01	MANUAL_EMERGENCY_WORK_20260820_SECOND_PASS_V3_round01	MANUAL_EMERGENCY_WORK V3 exact Oxford identity; source_index=4493; definition_path=/us/definition/english/ridiculous; stable_id=PASS; exact_definition='very silly or unreasonable'; selected_candidate_method=Helsinki-NLP/opus-mt-en-uk_surface_candidate	PASS: source-grounded second pass; method=Helsinki-NLP/opus-mt-en-uk_surface_candidate; exact Oxford definition='very silly or unreasonable'; candidate='безглузда'; reverse='This is ridiculous.'; lexical=1.000; candidate_definition_similarity=0.656; reverse_definition_similarity=0.535; semantic=0.656; POS/language checks PASS.
ox5000-40b2c9b77830c900da18	rifle	noun	C1	гвинтівка (ноун): зброя з довгою блошкою, яку ви тримаєте за плече до вогню.	verified	MANUAL_EMERGENCY_WORK_20260820_FIRST_PASS_V3_round01	MANUAL_EMERGENCY_WORK_20260820_SECOND_PASS_V3_round01	MANUAL_EMERGENCY_WORK V3 exact Oxford identity; source_index=4494; definition_path=/us/definition/english/rifle_1; stable_id=PASS; exact_definition='a gun with a long barrel which you hold to your shoulder to fire'; selected_candidate_method=Helsinki-NLP/opus-mt-en-uk_contextual_definition_candidate	PASS: source-grounded second pass; method=Helsinki-NLP/opus-mt-en-uk_contextual_definition_candidate; exact Oxford definition='a gun with a long barrel which you hold to your shoulder to fire'; candidate='гвинтівка (ноун): зброя з довгою блошкою, яку ви тримаєте за плече до вогню.'; reverse='A rifle: a gun with a long blog, which you hold over your shoulder to the fire.'; lexical=1.000; candidate_definition_similarity=0.905; reverse_definition_similarity=0.778; semantic=0.905; POS/language checks PASS.
ox5000-43dead8e818487401b8c	riot	noun	C1	бунт	verified	MANUAL_EMERGENCY_WORK_20260820_FIRST_PASS_V3_round01	MANUAL_EMERGENCY_WORK_20260820_SECOND_PASS_V3_round01	MANUAL_EMERGENCY_WORK V3 exact Oxford identity; source_index=4500; definition_path=/us/definition/english/riot_1; stable_id=PASS; exact_definition='a situation in which a group of people behave in a violent way in a public place, often as a protest'; selected_candidate_method=en_wiktionary_matching_pos_uk_translation	PASS: source-grounded second pass; method=en_wiktionary_matching_pos_uk_translation; exact Oxford definition='a situation in which a group of people behave in a violent way in a public place, often as a protest'; candidate='бунт'; reverse='rebellion'; lexical=0.462; candidate_definition_similarity=0.642; reverse_definition_similarity=0.619; semantic=0.642; POS/language checks PASS.
ox5000-0a7089aeca671246d9d4	risky	adjective	B2	ризикована (примітка): з можливістю того, що може статися щось погане	verified	MANUAL_EMERGENCY_WORK_20260820_FIRST_PASS_V3_round01	MANUAL_EMERGENCY_WORK_20260820_SECOND_PASS_V3_round01	MANUAL_EMERGENCY_WORK V3 exact Oxford identity; source_index=4506; definition_path=/us/definition/english/risky; stable_id=PASS; exact_definition='involving the possibility of something bad happening'; selected_candidate_method=Helsinki-NLP/opus-mt-en-uk_contextual_definition_candidate	PASS: source-grounded second pass; method=Helsinki-NLP/opus-mt-en-uk_contextual_definition_candidate; exact Oxford definition='involving the possibility of something bad happening'; candidate='ризикована (примітка): з можливістю того, що може статися щось погане'; reverse='risky (note): with the possibility that something bad will happen'; lexical=1.000; candidate_definition_similarity=0.774; reverse_definition_similarity=0.775; semantic=0.775; POS/language checks PASS.
ox5000-623d5a0eb34670f915a1	ritual	noun	C1	ритуал (ноун): ряд дій, які завжди виконуються так само, особливо як частина релігійної церемонії.	verified	MANUAL_EMERGENCY_WORK_20260820_FIRST_PASS_V3_round01	MANUAL_EMERGENCY_WORK_20260820_SECOND_PASS_V3_round01	MANUAL_EMERGENCY_WORK V3 exact Oxford identity; source_index=4507; definition_path=/us/definition/english/ritual_1; stable_id=PASS; exact_definition='a series of actions that are always performed in the same way, especially as part of a religious ceremony'; selected_candidate_method=Helsinki-NLP/opus-mt-en-uk_contextual_definition_candidate	PASS: source-grounded second pass; method=Helsinki-NLP/opus-mt-en-uk_contextual_definition_candidate; exact Oxford definition='a series of actions that are always performed in the same way, especially as part of a religious ceremony'; candidate='ритуал (ноун): ряд дій, які завжди виконуються так само, особливо як частина релігійної церемонії.'; reverse='The ritual (Noun): a series of actions that are always carried out, especially as part of a religious ceremony.'; lexical=1.000; candidate_definition_similarity=0.847; reverse_definition_similarity=0.707; semantic=0.847; POS/language checks PASS.
ox5000-c9990220c195a3899e7d	robbery	noun	B2	пограбування	verified	MANUAL_EMERGENCY_WORK_20260820_FIRST_PASS_V3_round01	MANUAL_EMERGENCY_WORK_20260820_SECOND_PASS_V3_round01	MANUAL_EMERGENCY_WORK V3 exact Oxford identity; source_index=4513; definition_path=/us/definition/english/robbery; stable_id=PASS; exact_definition='the crime of stealing money or goods from a bank, shop, person, etc., especially using violence or threats'; selected_candidate_method=Helsinki-NLP/opus-mt-en-uk_surface_candidate	PASS: source-grounded second pass; method=Helsinki-NLP/opus-mt-en-uk_surface_candidate; exact Oxford definition='the crime of stealing money or goods from a bank, shop, person, etc., especially using violence or threats'; candidate='пограбування'; reverse='robbery'; lexical=1.000; candidate_definition_similarity=0.720; reverse_definition_similarity=0.614; semantic=0.720; POS/language checks PASS.
ox5000-f11435c18693f1833847	robust	adjective	C1	стійкий	verified	MANUAL_EMERGENCY_WORK_20260820_FIRST_PASS_V3_round01	MANUAL_EMERGENCY_WORK_20260820_SECOND_PASS_V3_round01	MANUAL_EMERGENCY_WORK V3 exact Oxford identity; source_index=4515; definition_path=/us/definition/english/robust; stable_id=PASS; exact_definition='strong and healthy'; selected_candidate_method=Helsinki-NLP/opus-mt-en-uk_surface_candidate	PASS: source-grounded second pass; method=Helsinki-NLP/opus-mt-en-uk_surface_candidate; exact Oxford definition='strong and healthy'; candidate='стійкий'; reverse='stable'; lexical=0.333; candidate_definition_similarity=0.540; reverse_definition_similarity=0.524; semantic=0.540; POS/language checks PASS.
ox5000-d4fc02188ccee21bdd73	rock	verb	C1	рок (вербло): м'яко рухатися вперед і назад або з боку в бік; зробити так, щоб хтось або щось рухалося таким чином	verified	MANUAL_EMERGENCY_WORK_20260820_FIRST_PASS_V3_round01	MANUAL_EMERGENCY_WORK_20260820_SECOND_PASS_V3_round01	MANUAL_EMERGENCY_WORK V3 exact Oxford identity; source_index=4517; definition_path=/us/definition/english/rock_2; stable_id=PASS; exact_definition='to move gently backwards and forwards or from side to side; to make somebody/something move in this way'; selected_candidate_method=Helsinki-NLP/opus-mt-en-uk_contextual_definition_candidate	"PASS: source-grounded second pass; method=Helsinki-NLP/opus-mt-en-uk_contextual_definition_candidate; exact Oxford definition='to move gently backwards and forwards or from side to side; to make somebody/something move in this way'; candidate=""рок (вербло): м'яко рухатися вперед і назад або з боку в бік; зробити так, щоб хтось або щось рухалося таким чином""; reverse='rock (verb): gently move forward and back or side to side; make someone or something move like that'; lexical=1.000; candidate_definition_similarity=0.684; reverse_definition_similarity=0.707; semantic=0.707; POS/language checks PASS."
ox5000-b7960accb9da1a3abf6f	rocket	noun	B2	ракета (нун): космічний апарат у формі трубки, який пропускає потік газів, вивільнений позаду неї, коли пальне згоряє всередині.	verified	MANUAL_EMERGENCY_WORK_20260820_FIRST_PASS_V3_round01	MANUAL_EMERGENCY_WORK_20260820_SECOND_PASS_V3_round01	MANUAL_EMERGENCY_WORK V3 exact Oxford identity; source_index=4518; definition_path=/us/definition/english/rocket_1; stable_id=PASS; exact_definition='a spacecraft in the shape of a tube that is driven by a stream of gases let out behind it when fuel is burned inside'; selected_candidate_method=Helsinki-NLP/opus-mt-en-uk_contextual_definition_candidate	PASS: source-grounded second pass; method=Helsinki-NLP/opus-mt-en-uk_contextual_definition_candidate; exact Oxford definition='a spacecraft in the shape of a tube that is driven by a stream of gases let out behind it when fuel is burned inside'; candidate='ракета (нун): космічний апарат у формі трубки, який пропускає потік газів, вивільнений позаду неї, коли пальне згоряє всередині.'; reverse='rocket (nun): A tunnel - shaped spacecraft that passes through the gas flow released behind it when fuel burns inside.'; lexical=1.000; candidate_definition_similarity=0.858; reverse_definition_similarity=0.836; semantic=0.858; POS/language checks PASS.
ox5000-385bd6859d1f5cd67083	rod	noun	C1	стрижень (нун): довгий прямий шматок дерева, металу або скла.	verified	MANUAL_EMERGENCY_WORK_20260820_FIRST_PASS_V3_round01	MANUAL_EMERGENCY_WORK_20260820_SECOND_PASS_V3_round01	MANUAL_EMERGENCY_WORK V3 exact Oxford identity; source_index=4519; definition_path=/us/definition/english/rod_1; stable_id=PASS; exact_definition='a long straight piece of wood, metal or glass'; selected_candidate_method=Helsinki-NLP/opus-mt-en-uk_contextual_definition_candidate	PASS: source-grounded second pass; method=Helsinki-NLP/opus-mt-en-uk_contextual_definition_candidate; exact Oxford definition='a long straight piece of wood, metal or glass'; candidate='стрижень (нун): довгий прямий шматок дерева, металу або скла.'; reverse='A rod (nun): a long straight piece of wood, metal, or glass'; lexical=1.000; candidate_definition_similarity=0.790; reverse_definition_similarity=0.816; semantic=0.816; POS/language checks PASS.
ox5000-c23aaa4d8bcbe8a32faf	romance	noun	B2	романтика	verified	MANUAL_EMERGENCY_WORK_20260820_FIRST_PASS_V3_round01	MANUAL_EMERGENCY_WORK_20260820_SECOND_PASS_V3_round01	MANUAL_EMERGENCY_WORK V3 exact Oxford identity; source_index=4523; definition_path=/us/definition/english/romance_1; stable_id=PASS; exact_definition='an exciting, usually short, relationship between two people who are in love with each other'; selected_candidate_method=Helsinki-NLP/opus-mt-en-uk_surface_candidate	PASS: source-grounded second pass; method=Helsinki-NLP/opus-mt-en-uk_surface_candidate; exact Oxford definition='an exciting, usually short, relationship between two people who are in love with each other'; candidate='романтика'; reverse='romantic'; lexical=0.800; candidate_definition_similarity=0.683; reverse_definition_similarity=0.681; semantic=0.683; POS/language checks PASS.
ox5000-1208715b598e0fba7b74	rose	noun	B2	троянда (ноун): квітка з солодким запахом, що росте на кущі з колючками (= гострі точки) на стеблах.	verified	MANUAL_EMERGENCY_WORK_20260820_FIRST_PASS_V3_round01	MANUAL_EMERGENCY_WORK_20260820_SECOND_PASS_V3_round01	MANUAL_EMERGENCY_WORK V3 exact Oxford identity; source_index=4529; definition_path=/us/definition/english/rose_1; stable_id=PASS; exact_definition='a flower with a sweet smell that grows on a bush with thorns (= sharp points) on its stems'; selected_candidate_method=Helsinki-NLP/opus-mt-en-uk_contextual_definition_candidate	PASS: source-grounded second pass; method=Helsinki-NLP/opus-mt-en-uk_contextual_definition_candidate; exact Oxford definition='a flower with a sweet smell that grows on a bush with thorns (= sharp points) on its stems'; candidate='троянда (ноун): квітка з солодким запахом, що росте на кущі з колючками (= гострі точки) на стеблах.'; reverse='rose (Noun): A flower with a sweet smell growing on a bush with thorns (= sharp points) on its stems'; lexical=1.000; candidate_definition_similarity=0.837; reverse_definition_similarity=0.798; semantic=0.837; POS/language checks PASS.
ox5000-abc7d4c542db8e757daf	rotate	verb	C1	обернути	verified	MANUAL_EMERGENCY_WORK_20260820_FIRST_PASS_V3_round01	MANUAL_EMERGENCY_WORK_20260820_SECOND_PASS_V3_round01	MANUAL_EMERGENCY_WORK V3 exact Oxford identity; source_index=4530; definition_path=/us/definition/english/rotate; stable_id=PASS; exact_definition='to move or turn around a central fixed point; to make something do this'; selected_candidate_method=Helsinki-NLP/opus-mt-en-uk_surface_candidate	PASS: source-grounded second pass; method=Helsinki-NLP/opus-mt-en-uk_surface_candidate; exact Oxford definition='to move or turn around a central fixed point; to make something do this'; candidate='обернути'; reverse='rotate'; lexical=1.000; candidate_definition_similarity=0.432; reverse_definition_similarity=0.537; semantic=0.537; POS/language checks PASS.
ox5000-2b30e3f36e7293f6ded9	rotation	noun	C1	Обертання (ніун): дія об' єкта, що рухається по колу навколо центральної фіксованої точки	verified	MANUAL_EMERGENCY_WORK_20260820_FIRST_PASS_V3_round01	MANUAL_EMERGENCY_WORK_20260820_SECOND_PASS_V3_round01	MANUAL_EMERGENCY_WORK V3 exact Oxford identity; source_index=4531; definition_path=/us/definition/english/rotation; stable_id=PASS; exact_definition='the action of an object moving in a circle around a central fixed point'; selected_candidate_method=Helsinki-NLP/opus-mt-en-uk_contextual_definition_candidate	"PASS: source-grounded second pass; method=Helsinki-NLP/opus-mt-en-uk_contextual_definition_candidate; exact Oxford definition='the action of an object moving in a circle around a central fixed point'; candidate=""Обертання (ніун): дія об' єкта, що рухається по колу навколо центральної фіксованої точки""; reverse='Rotation (Nun): An object moving in a circle around a central fixed point'; lexical=1.000; candidate_definition_similarity=0.850; reverse_definition_similarity=0.864; semantic=0.864; POS/language checks PASS."
ox5000-2843cad9aa08f31a5848	roughly	adverb	B2	приблизно (клацання): приблизно, але не зовсім	verified	MANUAL_EMERGENCY_WORK_20260820_FIRST_PASS_V3_round01	MANUAL_EMERGENCY_WORK_20260820_SECOND_PASS_V3_round01	MANUAL_EMERGENCY_WORK V3 exact Oxford identity; source_index=4533; definition_path=/us/definition/english/roughly; stable_id=PASS; exact_definition='approximately but not exactly'; selected_candidate_method=Helsinki-NLP/opus-mt-en-uk_contextual_definition_candidate	PASS: source-grounded second pass; method=Helsinki-NLP/opus-mt-en-uk_contextual_definition_candidate; exact Oxford definition='approximately but not exactly'; candidate='приблизно (клацання): приблизно, але не зовсім'; reverse='roughly (click): roughly but not quite'; lexical=1.000; candidate_definition_similarity=0.731; reverse_definition_similarity=0.566; semantic=0.731; POS/language checks PASS.
ox5000-c6d01d673c9b956fb8b7	ruin	noun	B2	руї́на	verified	MANUAL_EMERGENCY_WORK_20260820_FIRST_PASS_V3_round01	MANUAL_EMERGENCY_WORK_20260820_SECOND_PASS_V3_round01	MANUAL_EMERGENCY_WORK V3 exact Oxford identity; source_index=4549; definition_path=/us/definition/english/ruin_2; stable_id=PASS; exact_definition='the state or process of being destroyed or severely damaged'; selected_candidate_method=en_wiktionary_matching_pos_uk_translation	PASS: source-grounded second pass; method=en_wiktionary_matching_pos_uk_translation; exact Oxford definition='the state or process of being destroyed or severely damaged'; candidate='руї́на'; reverse='ruina'; lexical=1.000; candidate_definition_similarity=0.338; reverse_definition_similarity=0.442; semantic=0.442; POS/language checks PASS.
ox5000-5df5cb77ae1681072483	ruin	verb	B2	руйнува́ти	verified	MANUAL_EMERGENCY_WORK_20260820_FIRST_PASS_V3_round01	MANUAL_EMERGENCY_WORK_20260820_SECOND_PASS_V3_round01	MANUAL_EMERGENCY_WORK V3 exact Oxford identity; source_index=4550; definition_path=/us/definition/english/ruin_1; stable_id=PASS; exact_definition='to damage something so badly that it loses all its value, pleasure, etc.'; selected_candidate_method=en_wiktionary_matching_pos_uk_translation	PASS: source-grounded second pass; method=en_wiktionary_matching_pos_uk_translation; exact Oxford definition='to damage something so badly that it loses all its value, pleasure, etc.'; candidate='руйнува́ти'; reverse='Routine'; lexical=0.727; candidate_definition_similarity=0.566; reverse_definition_similarity=0.064; semantic=0.566; POS/language checks PASS.
ox5000-4aa0b479680b11e1787d	sacred	adjective	C1	Священний (прикметник): пов'язаний з Богом або богом; вважається святим	verified	MANUAL_EMERGENCY_WORK_20260820_FIRST_PASS_V3_round01	MANUAL_EMERGENCY_WORK_20260820_SECOND_PASS_V3_round01	MANUAL_EMERGENCY_WORK V3 exact Oxford identity; source_index=4563; definition_path=/us/definition/english/sacred; stable_id=PASS; exact_definition='connected with God or a god; considered to be holy'; selected_candidate_method=Helsinki-NLP/opus-mt-en-uk_contextual_definition_candidate	"PASS: source-grounded second pass; method=Helsinki-NLP/opus-mt-en-uk_contextual_definition_candidate; exact Oxford definition='connected with God or a god; considered to be holy'; candidate=""Священний (прикметник): пов'язаний з Богом або богом; вважається святим""; reverse='Sacred (Precious): bound to God or to God; considered holy'; lexical=1.000; candidate_definition_similarity=0.895; reverse_definition_similarity=0.820; semantic=0.895; POS/language checks PASS."
ox5000-db446976af899b0bf839	sacrifice	noun	C1	Жертва (ніун): факт віддання чогось важливого або цінного для вас, щоб отримати або зробити щось, що здається більш важливим; щось, від чого ви відмовляєтесь таким чином.	verified	MANUAL_EMERGENCY_WORK_20260820_FIRST_PASS_V3_round01	MANUAL_EMERGENCY_WORK_20260820_SECOND_PASS_V3_round01	MANUAL_EMERGENCY_WORK V3 exact Oxford identity; source_index=4564; definition_path=/us/definition/english/sacrifice_1; stable_id=PASS; exact_definition='the fact of giving up something important or valuable to you in order to get or do something that seems more important; something that you give up in this way'; selected_candidate_method=Helsinki-NLP/opus-mt-en-uk_contextual_definition_candidate	PASS: source-grounded second pass; method=Helsinki-NLP/opus-mt-en-uk_contextual_definition_candidate; exact Oxford definition='the fact of giving up something important or valuable to you in order to get or do something that seems more important; something that you give up in this way'; candidate='Жертва (ніун): факт віддання чогось важливого або цінного для вас, щоб отримати або зробити щось, що здається більш важливим; щось, від чого ви відмовляєтесь таким чином.'; reverse='Sacrifice: The fact of giving of something important or valuable to you to receive or do something that seems more important; something that you refuse in this way.'; lexical=1.000; candidate_definition_similarity=0.670; reverse_definition_similarity=0.675; semantic=0.675; POS/language checks PASS.
ox5000-d497fd9a71970e5fe295	saint	noun	C1	Святий (ноун): особа, яку християнська церква визнає бути дуже святою, через спосіб їхнього життя або смерти	verified	MANUAL_EMERGENCY_WORK_20260820_FIRST_PASS_V3_round01	MANUAL_EMERGENCY_WORK_20260820_SECOND_PASS_V3_round01	MANUAL_EMERGENCY_WORK V3 exact Oxford identity; source_index=4574; definition_path=/us/definition/english/saint; stable_id=PASS; exact_definition='a person that the Christian Church recognizes as being very holy, because of the way they have lived or died'; selected_candidate_method=Helsinki-NLP/opus-mt-en-uk_contextual_definition_candidate	PASS: source-grounded second pass; method=Helsinki-NLP/opus-mt-en-uk_contextual_definition_candidate; exact Oxford definition='a person that the Christian Church recognizes as being very holy, because of the way they have lived or died'; candidate='Святий (ноун): особа, яку християнська церква визнає бути дуже святою, через спосіб їхнього життя або смерти'; reverse='Saint (Noun): A person whom the Christian church professes to be very holy, because of the way they live or die'; lexical=1.000; candidate_definition_similarity=0.914; reverse_definition_similarity=0.829; semantic=0.914; POS/language checks PASS.
ox5000-eae0572fec04502130f5	satisfaction	noun	B2	задово́лення	verified	MANUAL_EMERGENCY_WORK_20260820_FIRST_PASS_V3_round01	MANUAL_EMERGENCY_WORK_20260820_SECOND_PASS_V3_round01	MANUAL_EMERGENCY_WORK V3 exact Oxford identity; source_index=4589; definition_path=/us/definition/english/satisfaction; stable_id=PASS; exact_definition='the good feeling that you have when you have achieved something or when something that you wanted to happen does happen; something that gives you this feeling'; selected_candidate_method=en_wiktionary_matching_pos_uk_translation	PASS: source-grounded second pass; method=en_wiktionary_matching_pos_uk_translation; exact Oxford definition='the good feeling that you have when you have achieved something or when something that you wanted to happen does happen; something that gives you this feeling'; candidate='задово́лення'; reverse='tingling'; lexical=0.400; candidate_definition_similarity=0.434; reverse_definition_similarity=0.266; semantic=0.434; POS/language checks PASS.
ox5000-1b53fef53eb21569d70c	scandal	noun	B2	скандал (ніно): поведінка або випадок, який, на думку людей, є морально чи юридично неправильним, викликають у громадськості почуття шоку чи гніву.	verified	MANUAL_EMERGENCY_WORK_20260820_FIRST_PASS_V3_round01	MANUAL_EMERGENCY_WORK_20260820_SECOND_PASS_V3_round01	MANUAL_EMERGENCY_WORK V3 exact Oxford identity; source_index=4600; definition_path=/us/definition/english/scandal; stable_id=PASS; exact_definition='behaviour or an event that people think is morally or legally wrong and causes public feelings of shock or anger'; selected_candidate_method=Helsinki-NLP/opus-mt-en-uk_contextual_definition_candidate	PASS: source-grounded second pass; method=Helsinki-NLP/opus-mt-en-uk_contextual_definition_candidate; exact Oxford definition='behaviour or an event that people think is morally or legally wrong and causes public feelings of shock or anger'; candidate='скандал (ніно): поведінка або випадок, який, на думку людей, є морально чи юридично неправильним, викликають у громадськості почуття шоку чи гніву.'; reverse='scandal (non): conduct or accident, which people consider morally or legally wrong, provokes a sense of shock or anger in the public.'; lexical=1.000; candidate_definition_similarity=0.769; reverse_definition_similarity=0.737; semantic=0.769; POS/language checks PASS.
ox5000-ee7afd5b64a301aee7d6	scare	noun	B2	ляпас	verified	MANUAL_EMERGENCY_WORK_20260820_FIRST_PASS_V3_round01	MANUAL_EMERGENCY_WORK_20260820_SECOND_PASS_V3_round01	MANUAL_EMERGENCY_WORK V3 exact Oxford identity; source_index=4601; definition_path=/us/definition/english/scare_2; stable_id=PASS; exact_definition='a situation in which a lot of people are anxious or frightened about something'; selected_candidate_method=Helsinki-NLP/opus-mt-en-uk_surface_candidate	PASS: source-grounded second pass; method=Helsinki-NLP/opus-mt-en-uk_surface_candidate; exact Oxford definition='a situation in which a lot of people are anxious or frightened about something'; candidate='ляпас'; reverse='slap'; lexical=0.444; candidate_definition_similarity=0.453; reverse_definition_similarity=0.149; semantic=0.453; POS/language checks PASS.
ox5000-4380114ee2ca12fbcf96	scare	verb	B2	лякати	verified	MANUAL_EMERGENCY_WORK_20260820_FIRST_PASS_V3_round01	MANUAL_EMERGENCY_WORK_20260820_SECOND_PASS_V3_round01	MANUAL_EMERGENCY_WORK V3 exact Oxford identity; source_index=4602; definition_path=/us/definition/english/scare_1; stable_id=PASS; exact_definition='to frighten somebody'; selected_candidate_method=en_wiktionary_matching_pos_uk_translation	PASS: source-grounded second pass; method=en_wiktionary_matching_pos_uk_translation; exact Oxford definition='to frighten somebody'; candidate='лякати'; reverse='Scare'; lexical=1.000; candidate_definition_similarity=0.765; reverse_definition_similarity=0.730; semantic=0.765; POS/language checks PASS.
ox5000-f89d240b3237a67d25cb	scattered	adjective	C1	розсі́яний	verified	MANUAL_EMERGENCY_WORK_20260820_FIRST_PASS_V3_round01	MANUAL_EMERGENCY_WORK_20260820_SECOND_PASS_V3_round01	MANUAL_EMERGENCY_WORK V3 exact Oxford identity; source_index=4605; definition_path=/us/definition/english/scattered; stable_id=PASS; exact_definition='spread far apart over a wide area or over a long period of time'; selected_candidate_method=en_wiktionary_matching_pos_uk_translation	PASS: source-grounded second pass; method=en_wiktionary_matching_pos_uk_translation; exact Oxford definition='spread far apart over a wide area or over a long period of time'; candidate='розсі́яний'; reverse='scattered'; lexical=1.000; candidate_definition_similarity=0.275; reverse_definition_similarity=0.491; semantic=0.491; POS/language checks PASS.
ox5000-8b3b2396f2c6ac0ac855	scholar	noun	B2	Учений	verified	MANUAL_EMERGENCY_WORK_20260820_FIRST_PASS_V3_round01	MANUAL_EMERGENCY_WORK_20260820_SECOND_PASS_V3_round01	MANUAL_EMERGENCY_WORK V3 exact Oxford identity; source_index=4612; definition_path=/us/definition/english/scholar; stable_id=PASS; exact_definition='a person who knows a lot about a particular subject because they have studied it in detail'; selected_candidate_method=Helsinki-NLP/opus-mt-en-uk_surface_candidate	PASS: source-grounded second pass; method=Helsinki-NLP/opus-mt-en-uk_surface_candidate; exact Oxford definition='a person who knows a lot about a particular subject because they have studied it in detail'; candidate='Учений'; reverse='Scholar'; lexical=1.000; candidate_definition_similarity=0.597; reverse_definition_similarity=0.610; semantic=0.610; POS/language checks PASS.
ox5000-410a4d8064f346b81160	scholarship	noun	B2	стипендія (нуун): сума грошей, які дає комусь організація, щоб заплатити за освіту.	verified	MANUAL_EMERGENCY_WORK_20260820_FIRST_PASS_V3_round01	MANUAL_EMERGENCY_WORK_20260820_SECOND_PASS_V3_round01	MANUAL_EMERGENCY_WORK V3 exact Oxford identity; source_index=4613; definition_path=/us/definition/english/scholarship; stable_id=PASS; exact_definition='an amount of money given to somebody by an organization to help pay for their education'; selected_candidate_method=Helsinki-NLP/opus-mt-en-uk_contextual_definition_candidate	PASS: source-grounded second pass; method=Helsinki-NLP/opus-mt-en-uk_contextual_definition_candidate; exact Oxford definition='an amount of money given to somebody by an organization to help pay for their education'; candidate='стипендія (нуун): сума грошей, які дає комусь організація, щоб заплатити за освіту.'; reverse='scholarship: The amount of money an organization provides to pay for education.'; lexical=1.000; candidate_definition_similarity=0.796; reverse_definition_similarity=0.782; semantic=0.796; POS/language checks PASS.
ox5000-a3e2bf2714271c9afd7d	scope	noun	C1	область видимості (немає): можливість або можливість виконання або досягнення чогось	verified	MANUAL_EMERGENCY_WORK_20260820_FIRST_PASS_V3_round01	MANUAL_EMERGENCY_WORK_20260820_SECOND_PASS_V3_round01	MANUAL_EMERGENCY_WORK V3 exact Oxford identity; source_index=4618; definition_path=/us/definition/english/scope_1; stable_id=PASS; exact_definition='the opportunity or ability to do or achieve something'; selected_candidate_method=Helsinki-NLP/opus-mt-en-uk_contextual_definition_candidate	PASS: source-grounded second pass; method=Helsinki-NLP/opus-mt-en-uk_contextual_definition_candidate; exact Oxford definition='the opportunity or ability to do or achieve something'; candidate='область видимості (немає): можливість або можливість виконання або досягнення чогось'; reverse='scope (no): feature or possibility of executing or achieving something'; lexical=1.000; candidate_definition_similarity=0.663; reverse_definition_similarity=0.453; semantic=0.663; POS/language checks PASS.
ox5000-f8891ee0328da0b3b79a	scratch	noun	B2	подря́пина	verified	MANUAL_EMERGENCY_WORK_20260820_FIRST_PASS_V3_round01	MANUAL_EMERGENCY_WORK_20260820_SECOND_PASS_V3_round01	MANUAL_EMERGENCY_WORK V3 exact Oxford identity; source_index=4621; definition_path=/us/definition/english/scratch_2; stable_id=PASS; exact_definition='a mark, a cut or an injury made by scratching somebody’s skin or the surface of something'; selected_candidate_method=en_wiktionary_matching_pos_uk_translation	PASS: source-grounded second pass; method=en_wiktionary_matching_pos_uk_translation; exact Oxford definition='a mark, a cut or an injury made by scratching somebody’s skin or the surface of something'; candidate='подря́пина'; reverse='scratches'; lexical=1.000; candidate_definition_similarity=0.281; reverse_definition_similarity=0.749; semantic=0.749; POS/language checks PASS.
ox5000-0f5815bb4f9655175d9a	screw	noun	C1	гвинт (нуун): тонкий загострений шматок металу, схожий на цвях з піднятою спіральною лінією (яку називають ниткою) вздовж неї і лінією або хрестом надрізають у голову. Поступи перетворюються і натискають на дерево, метал тощо з викруткою для того, щоб об' єднати дві речі.	verified	MANUAL_EMERGENCY_WORK_20260820_FIRST_PASS_V3_round01	MANUAL_EMERGENCY_WORK_20260820_SECOND_PASS_V3_round01	MANUAL_EMERGENCY_WORK V3 exact Oxford identity; source_index=4628; definition_path=/us/definition/english/screw_2; stable_id=PASS; exact_definition='a thin pointed piece of metal like a nail with a raised spiral line (called a thread ) along it and a line or cross cut into its head. Screws are turned and pressed into wood, metal, etc. with a screwdriver in order to fasten two things together.'; selected_candidate_method=Helsinki-NLP/opus-mt-en-uk_contextual_definition_candidate	"PASS: source-grounded second pass; method=Helsinki-NLP/opus-mt-en-uk_contextual_definition_candidate; exact Oxford definition='a thin pointed piece of metal like a nail with a raised spiral line (called a thread ) along it and a line or cross cut into its head. Screws are turned and pressed into wood, metal, etc. with a screwdriver in order to fasten two things together.'; candidate=""гвинт (нуун): тонкий загострений шматок металу, схожий на цвях з піднятою спіральною лінією (яку називають ниткою) вздовж неї і лінією або хрестом надрізають у голову. Поступи перетворюються і натискають на дерево, метал тощо з викруткою для того, щоб об' єднати дві речі.""; reverse='A screw (nuun): A thin pointed piece of metal, shaped like a nail with a raised spiral line (called a thread) along it and a line or cross being cut into the head. Progress is made and pushed onto a tree, a metal, and so on, with a twist in order to merge two things.'; lexical=1.000; candidate_definition_similarity=0.730; reverse_definition_similarity=0.879; semantic=0.879; POS/language checks PASS."
ox5000-e4ee69dd73a8bb73a78a	scrutiny	noun	C1	перевірка	verified	MANUAL_EMERGENCY_WORK_20260820_FIRST_PASS_V3_round01	MANUAL_EMERGENCY_WORK_20260820_SECOND_PASS_V3_round01	MANUAL_EMERGENCY_WORK V3 exact Oxford identity; source_index=4631; definition_path=/us/definition/english/scrutiny; stable_id=PASS; exact_definition='careful and complete examination'; selected_candidate_method=Helsinki-NLP/opus-mt-en-uk_surface_candidate	PASS: source-grounded second pass; method=Helsinki-NLP/opus-mt-en-uk_surface_candidate; exact Oxford definition='careful and complete examination'; candidate='перевірка'; reverse='checking'; lexical=0.375; candidate_definition_similarity=0.701; reverse_definition_similarity=0.583; semantic=0.701; POS/language checks PASS.
ox5000-6716c67c225124fb95ac	seal	noun	C1	печатка (ніун): офіційний задум або мітка, відбита на документі, щоб показати, що він є дійсний і має владу якоїсь певної особи або організації	verified	MANUAL_EMERGENCY_WORK_20260820_FIRST_PASS_V3_round01	MANUAL_EMERGENCY_WORK_20260820_SECOND_PASS_V3_round01	MANUAL_EMERGENCY_WORK V3 exact Oxford identity; source_index=4634; definition_path=/us/definition/english/seal_2; stable_id=PASS; exact_definition='an official design or mark, stamped on a document to show that it is real and carries the authority of a particular person or organization'; selected_candidate_method=Helsinki-NLP/opus-mt-en-uk_contextual_definition_candidate	PASS: source-grounded second pass; method=Helsinki-NLP/opus-mt-en-uk_contextual_definition_candidate; exact Oxford definition='an official design or mark, stamped on a document to show that it is real and carries the authority of a particular person or organization'; candidate='печатка (ніун): офіційний задум або мітка, відбита на документі, щоб показати, що він є дійсний і має владу якоїсь певної особи або організації'; reverse='seal (Nun): the official design or label on the document to show that it is real and has the power of some individual or organization'; lexical=1.000; candidate_definition_similarity=0.784; reverse_definition_similarity=0.784; semantic=0.784; POS/language checks PASS.
ox5000-c01c6baa129f1167a903	secular	adjective	C1	світські (підприємливі): не пов'язані з духовними або релігійними справами	verified	MANUAL_EMERGENCY_WORK_20260820_FIRST_PASS_V3_round01	MANUAL_EMERGENCY_WORK_20260820_SECOND_PASS_V3_round01	MANUAL_EMERGENCY_WORK V3 exact Oxford identity; source_index=4652; definition_path=/us/definition/english/secular; stable_id=PASS; exact_definition='not connected with spiritual or religious matters'; selected_candidate_method=Helsinki-NLP/opus-mt-en-uk_contextual_definition_candidate	"PASS: source-grounded second pass; method=Helsinki-NLP/opus-mt-en-uk_contextual_definition_candidate; exact Oxford definition='not connected with spiritual or religious matters'; candidate=""світські (підприємливі): не пов'язані з духовними або релігійними справами""; reverse='secular (communicative): does not have to do with spiritual or religious matters'; lexical=1.000; candidate_definition_similarity=0.847; reverse_definition_similarity=0.702; semantic=0.847; POS/language checks PASS."
ox5000-8e7233a18eabccdd3370	segment	noun	C1	відрізок (ніун): частина чогось, що відокремлено від інших частин, або може бути розглянуто окремо	verified	MANUAL_EMERGENCY_WORK_20260820_FIRST_PASS_V3_round01	MANUAL_EMERGENCY_WORK_20260820_SECOND_PASS_V3_round01	MANUAL_EMERGENCY_WORK V3 exact Oxford identity; source_index=4662; definition_path=/us/definition/english/segment_1; stable_id=PASS; exact_definition='a part of something that is separate from the other parts or can be considered separately'; selected_candidate_method=Helsinki-NLP/opus-mt-en-uk_contextual_definition_candidate	PASS: source-grounded second pass; method=Helsinki-NLP/opus-mt-en-uk_contextual_definition_candidate; exact Oxford definition='a part of something that is separate from the other parts or can be considered separately'; candidate='відрізок (ніун): частина чогось, що відокремлено від інших частин, або може бути розглянуто окремо'; reverse='segment (neun): part of something separated from other parts, or can be considered separately'; lexical=1.000; candidate_definition_similarity=0.834; reverse_definition_similarity=0.786; semantic=0.834; POS/language checks PASS.
ox5000-1731efc4f3191f6cc39e	seldom	adverb	C1	рідко	verified	MANUAL_EMERGENCY_WORK_20260820_FIRST_PASS_V3_round01	MANUAL_EMERGENCY_WORK_20260820_SECOND_PASS_V3_round01	MANUAL_EMERGENCY_WORK V3 exact Oxford identity; source_index=4664; definition_path=/us/definition/english/seldom; stable_id=PASS; exact_definition='not often'; selected_candidate_method=Helsinki-NLP/opus-mt-en-uk_surface_candidate	PASS: source-grounded second pass; method=Helsinki-NLP/opus-mt-en-uk_surface_candidate; exact Oxford definition='not often'; candidate='рідко'; reverse='rarely'; lexical=0.333; candidate_definition_similarity=0.834; reverse_definition_similarity=0.842; semantic=0.842; POS/language checks PASS.
ox5000-c358f1aaee6dd2091d18	selective	adjective	C1	вибірковий (прикметник): впливає або включає в себе лише невелику кількість людей або речей з більшої групи	verified	MANUAL_EMERGENCY_WORK_20260820_FIRST_PASS_V3_round01	MANUAL_EMERGENCY_WORK_20260820_SECOND_PASS_V3_round01	MANUAL_EMERGENCY_WORK V3 exact Oxford identity; source_index=4667; definition_path=/us/definition/english/selective; stable_id=PASS; exact_definition='affecting or involving only a small number of people or things from a larger group'; selected_candidate_method=Helsinki-NLP/opus-mt-en-uk_contextual_definition_candidate	PASS: source-grounded second pass; method=Helsinki-NLP/opus-mt-en-uk_contextual_definition_candidate; exact Oxford definition='affecting or involving only a small number of people or things from a larger group'; candidate='вибірковий (прикметник): впливає або включає в себе лише невелику кількість людей або речей з більшої групи'; reverse='selective (announcer): affects or includes just a small number of people or things from a larger group'; lexical=1.000; candidate_definition_similarity=0.832; reverse_definition_similarity=0.750; semantic=0.832; POS/language checks PASS.
ox5000-4c5a68658e17364aec5c	seminar	noun	B2	На семінарі (нуун): заняття в університеті або коледжі, коли невелика група студентів та вчителів обговорюють або вивчають якусь тему.	verified	MANUAL_EMERGENCY_WORK_20260820_FIRST_PASS_V3_round01	MANUAL_EMERGENCY_WORK_20260820_SECOND_PASS_V3_round01	MANUAL_EMERGENCY_WORK V3 exact Oxford identity; source_index=4670; definition_path=/us/definition/english/seminar; stable_id=PASS; exact_definition='a class at a university or college when a small group of students and a teacher discuss or study a particular topic'; selected_candidate_method=Helsinki-NLP/opus-mt-en-uk_contextual_definition_candidate	PASS: source-grounded second pass; method=Helsinki-NLP/opus-mt-en-uk_contextual_definition_candidate; exact Oxford definition='a class at a university or college when a small group of students and a teacher discuss or study a particular topic'; candidate='На семінарі (нуун): заняття в університеті або коледжі, коли невелика група студентів та вчителів обговорюють або вивчають якусь тему.'; reverse='At a seminar, Noun: university or college, when a small group of students and teachers are discussing or studying a subject.'; lexical=1.000; candidate_definition_similarity=0.845; reverse_definition_similarity=0.778; semantic=0.845; POS/language checks PASS.
ox5000-812cde90deabfbe68d6a	senator	noun	C1	Сенатор	verified	MANUAL_EMERGENCY_WORK_20260820_FIRST_PASS_V3_round01	MANUAL_EMERGENCY_WORK_20260820_SECOND_PASS_V3_round01	MANUAL_EMERGENCY_WORK V3 exact Oxford identity; source_index=4671; definition_path=/us/definition/english/senator; stable_id=PASS; exact_definition='a member of a senate'; selected_candidate_method=Helsinki-NLP/opus-mt-en-uk_surface_candidate	PASS: source-grounded second pass; method=Helsinki-NLP/opus-mt-en-uk_surface_candidate; exact Oxford definition='a member of a senate'; candidate='Сенатор'; reverse='Senator'; lexical=1.000; candidate_definition_similarity=0.850; reverse_definition_similarity=0.839; semantic=0.850; POS/language checks PASS.
ox5000-92197d1d4bc1b8336e03	sensation	noun	C1	відчуття (нуль): відчуття, яке виникає, коли щось впливає на організм людини.	verified	MANUAL_EMERGENCY_WORK_20260820_FIRST_PASS_V3_round01	MANUAL_EMERGENCY_WORK_20260820_SECOND_PASS_V3_round01	MANUAL_EMERGENCY_WORK V3 exact Oxford identity; source_index=4674; definition_path=/us/definition/english/sensation; stable_id=PASS; exact_definition='a feeling that you get when something affects your body'; selected_candidate_method=Helsinki-NLP/opus-mt-en-uk_contextual_definition_candidate	PASS: source-grounded second pass; method=Helsinki-NLP/opus-mt-en-uk_contextual_definition_candidate; exact Oxford definition='a feeling that you get when something affects your body'; candidate='відчуття (нуль): відчуття, яке виникає, коли щось впливає на організм людини.'; reverse='sensation: the sensation that occurs when something affects the body.'; lexical=1.000; candidate_definition_similarity=0.719; reverse_definition_similarity=0.710; semantic=0.719; POS/language checks PASS.
ox5000-a2d2a0cadcd41338c011	sensitivity	noun	C1	Чутливість (ноун): здатність розуміти інших людей виражає почуття.	verified	MANUAL_EMERGENCY_WORK_20260820_FIRST_PASS_V3_round01	MANUAL_EMERGENCY_WORK_20260820_SECOND_PASS_V3_round01	MANUAL_EMERGENCY_WORK V3 exact Oxford identity; source_index=4679; definition_path=/us/definition/english/sensitivity; stable_id=PASS; exact_definition='the ability to understand other people’s feelings'; selected_candidate_method=Helsinki-NLP/opus-mt-en-uk_contextual_definition_candidate	PASS: source-grounded second pass; method=Helsinki-NLP/opus-mt-en-uk_contextual_definition_candidate; exact Oxford definition='the ability to understand other people’s feelings'; candidate='Чутливість (ноун): здатність розуміти інших людей виражає почуття.'; reverse='Sensitivity: The ability to understand others expresses feelings.'; lexical=1.000; candidate_definition_similarity=0.873; reverse_definition_similarity=0.856; semantic=0.873; POS/language checks PASS.
ox5000-7f715330b02df62ded5a	separation	noun	C1	відокремлення (ніун): акт розділення людей або речей; стан відокремлення	verified	MANUAL_EMERGENCY_WORK_20260820_FIRST_PASS_V3_round01	MANUAL_EMERGENCY_WORK_20260820_SECOND_PASS_V3_round01	MANUAL_EMERGENCY_WORK V3 exact Oxford identity; source_index=4685; definition_path=/us/definition/english/separation; stable_id=PASS; exact_definition='the act of separating people or things; the state of being separate'; selected_candidate_method=Helsinki-NLP/opus-mt-en-uk_contextual_definition_candidate	PASS: source-grounded second pass; method=Helsinki-NLP/opus-mt-en-uk_contextual_definition_candidate; exact Oxford definition='the act of separating people or things; the state of being separate'; candidate='відокремлення (ніун): акт розділення людей або речей; стан відокремлення'; reverse='separation (neun): an act of division of people or things; a state of separation'; lexical=1.000; candidate_definition_similarity=0.908; reverse_definition_similarity=0.878; semantic=0.908; POS/language checks PASS.
ox5000-346897b419b5e99d5b6d	serial	adjective	C1	послідовний (підприємець): виконує те ж саме декілька разів; робить так само декілька разів	verified	MANUAL_EMERGENCY_WORK_20260820_FIRST_PASS_V3_round01	MANUAL_EMERGENCY_WORK_20260820_SECOND_PASS_V3_round01	MANUAL_EMERGENCY_WORK V3 exact Oxford identity; source_index=4688; definition_path=/us/definition/english/serial_1; stable_id=PASS; exact_definition='doing the same thing in the same way several times; done in the same way several times'; selected_candidate_method=Helsinki-NLP/opus-mt-en-uk_contextual_definition_candidate	PASS: source-grounded second pass; method=Helsinki-NLP/opus-mt-en-uk_contextual_definition_candidate; exact Oxford definition='doing the same thing in the same way several times; done in the same way several times'; candidate='послідовний (підприємець): виконує те ж саме декілька разів; робить так само декілька разів'; reverse='serial (entrepreneur): does the same thing several times; does the same several times'; lexical=1.000; candidate_definition_similarity=0.813; reverse_definition_similarity=0.575; semantic=0.813; POS/language checks PASS.
ox5000-38120b4981e352fc7d63	settlement	noun	C1	насе́лений пункт	verified	MANUAL_EMERGENCY_WORK_20260820_FIRST_PASS_V3_round01	MANUAL_EMERGENCY_WORK_20260820_SECOND_PASS_V3_round01	MANUAL_EMERGENCY_WORK V3 exact Oxford identity; source_index=4701; definition_path=/us/definition/english/settlement; stable_id=PASS; exact_definition='an official agreement that ends an argument between two people or groups'; selected_candidate_method=en_wiktionary_matching_pos_uk_translation	PASS: source-grounded second pass; method=en_wiktionary_matching_pos_uk_translation; exact Oxford definition='an official agreement that ends an argument between two people or groups'; candidate='насе́лений пункт'; reverse='the entwined point'; lexical=0.286; candidate_definition_similarity=0.343; reverse_definition_similarity=0.450; semantic=0.450; POS/language checks PASS.
ox5000-dcf65fb66f09637a6013	settler	noun	B2	поселенець (нуун): людина, яка живе в новій країні або регіоні.	verified	MANUAL_EMERGENCY_WORK_20260820_FIRST_PASS_V3_round01	MANUAL_EMERGENCY_WORK_20260820_SECOND_PASS_V3_round01	MANUAL_EMERGENCY_WORK V3 exact Oxford identity; source_index=4702; definition_path=/us/definition/english/settler; stable_id=PASS; exact_definition='a person who goes to live in a new country or region'; selected_candidate_method=Helsinki-NLP/opus-mt-en-uk_contextual_definition_candidate	PASS: source-grounded second pass; method=Helsinki-NLP/opus-mt-en-uk_contextual_definition_candidate; exact Oxford definition='a person who goes to live in a new country or region'; candidate='поселенець (нуун): людина, яка живе в новій країні або регіоні.'; reverse='settler: a man who lives in a new country or region.'; lexical=1.000; candidate_definition_similarity=0.774; reverse_definition_similarity=0.698; semantic=0.774; POS/language checks PASS.
ox5000-9ceb6f48ee4ce0fbc1a9	severely	adverb	B2	строгий ( прислівник): дуже поганий або серйозний	verified	MANUAL_EMERGENCY_WORK_20260820_FIRST_PASS_V3_round01	MANUAL_EMERGENCY_WORK_20260820_SECOND_PASS_V3_round01	MANUAL_EMERGENCY_WORK V3 exact Oxford identity; source_index=4709; definition_path=/us/definition/english/severely; stable_id=PASS; exact_definition='very badly or seriously'; selected_candidate_method=Helsinki-NLP/opus-mt-en-uk_contextual_definition_candidate	PASS: source-grounded second pass; method=Helsinki-NLP/opus-mt-en-uk_contextual_definition_candidate; exact Oxford definition='very badly or seriously'; candidate='строгий ( прислівник): дуже поганий або серйозний'; reverse='strict (adverb): very bad or serious'; lexical=0.293; candidate_definition_similarity=0.622; reverse_definition_similarity=0.558; semantic=0.622; POS/language checks PASS.
ox5000-db08192bd577be065a58	sexuality	noun	C1	сексуа́льність	verified	MANUAL_EMERGENCY_WORK_20260820_FIRST_PASS_V3_round01	MANUAL_EMERGENCY_WORK_20260820_SECOND_PASS_V3_round01	MANUAL_EMERGENCY_WORK V3 exact Oxford identity; source_index=4712; definition_path=/us/definition/english/sexuality; stable_id=PASS; exact_definition='the feelings and activities connected with a person’s sexual desires'; selected_candidate_method=en_wiktionary_matching_pos_uk_translation	PASS: source-grounded second pass; method=en_wiktionary_matching_pos_uk_translation; exact Oxford definition='the feelings and activities connected with a person’s sexual desires'; candidate='сексуа́льність'; reverse='sexuality'; lexical=1.000; candidate_definition_similarity=0.663; reverse_definition_similarity=0.478; semantic=0.663; POS/language checks PASS.
ox5000-d673e76e39b7545cd641	sexy	adjective	B2	сексуа́льний	verified	MANUAL_EMERGENCY_WORK_20260820_FIRST_PASS_V3_round01	MANUAL_EMERGENCY_WORK_20260820_SECOND_PASS_V3_round01	MANUAL_EMERGENCY_WORK V3 exact Oxford identity; source_index=4713; definition_path=/us/definition/english/sexy; stable_id=PASS; exact_definition='sexually attractive'; selected_candidate_method=en_wiktionary_matching_pos_uk_translation	PASS: source-grounded second pass; method=en_wiktionary_matching_pos_uk_translation; exact Oxford definition='sexually attractive'; candidate='сексуа́льний'; reverse='sexual'; lexical=0.600; candidate_definition_similarity=0.798; reverse_definition_similarity=0.760; semantic=0.798; POS/language checks PASS.
ox5000-964d8fd1fcb5f146fdc6	shatter	verb	C1	розтро́щувати	verified	MANUAL_EMERGENCY_WORK_20260820_FIRST_PASS_V3_round01	MANUAL_EMERGENCY_WORK_20260820_SECOND_PASS_V3_round01	MANUAL_EMERGENCY_WORK V3 exact Oxford identity; source_index=4728; definition_path=/us/definition/english/shatter; stable_id=PASS; exact_definition='to suddenly break into small pieces; to make something suddenly break into small pieces'; selected_candidate_method=en_wiktionary_matching_pos_uk_translation	PASS: source-grounded second pass; method=en_wiktionary_matching_pos_uk_translation; exact Oxford definition='to suddenly break into small pieces; to make something suddenly break into small pieces'; candidate='розтро́щувати'; reverse='unshuffle'; lexical=0.375; candidate_definition_similarity=0.545; reverse_definition_similarity=0.267; semantic=0.545; POS/language checks PASS.
ox5000-7190c72389b69360fcb4	shocking	adjective	B2	шокує (примітка): що ображає або засмучує людей; що є морально неправильним	verified	MANUAL_EMERGENCY_WORK_20260820_FIRST_PASS_V3_round01	MANUAL_EMERGENCY_WORK_20260820_SECOND_PASS_V3_round01	MANUAL_EMERGENCY_WORK V3 exact Oxford identity; source_index=4749; definition_path=/us/definition/english/shocking; stable_id=PASS; exact_definition='that offends or upsets people; that is morally wrong'; selected_candidate_method=Helsinki-NLP/opus-mt-en-uk_contextual_definition_candidate	PASS: source-grounded second pass; method=Helsinki-NLP/opus-mt-en-uk_contextual_definition_candidate; exact Oxford definition='that offends or upsets people; that is morally wrong'; candidate='шокує (примітка): що ображає або засмучує людей; що є морально неправильним'; reverse='shocking (note): that offends or saddens others; that is morally wrong'; lexical=1.000; candidate_definition_similarity=0.788; reverse_definition_similarity=0.823; semantic=0.823; POS/language checks PASS.
ox5000-228daf6af9cabc126097	shore	noun	B2	берег (нун): земля на березі моря, океан або озеро	verified	MANUAL_EMERGENCY_WORK_20260820_FIRST_PASS_V3_round01	MANUAL_EMERGENCY_WORK_20260820_SECOND_PASS_V3_round01	MANUAL_EMERGENCY_WORK V3 exact Oxford identity; source_index=4757; definition_path=/us/definition/english/shore_1; stable_id=PASS; exact_definition='the land along the edge of the sea, the ocean or a lake'; selected_candidate_method=Helsinki-NLP/opus-mt-en-uk_contextual_definition_candidate	PASS: source-grounded second pass; method=Helsinki-NLP/opus-mt-en-uk_contextual_definition_candidate; exact Oxford definition='the land along the edge of the sea, the ocean or a lake'; candidate='берег (нун): земля на березі моря, океан або озеро'; reverse='shore (nun): land by sea, ocean or lake'; lexical=1.000; candidate_definition_similarity=0.893; reverse_definition_similarity=0.837; semantic=0.893; POS/language checks PASS.
ox5000-3108d7347a7e81705a85	short-term	adjective	B2	короткостроковий (підприємець): тривалий час; розроблений лише на короткий час у майбутньому	verified	MANUAL_EMERGENCY_WORK_20260820_FIRST_PASS_V3_round01	MANUAL_EMERGENCY_WORK_20260820_SECOND_PASS_V3_round01	MANUAL_EMERGENCY_WORK V3 exact Oxford identity; source_index=4759; definition_path=/us/definition/english/short-term; stable_id=PASS; exact_definition='lasting a short time; designed only for a short period of time in the future'; selected_candidate_method=Helsinki-NLP/opus-mt-en-uk_contextual_definition_candidate	PASS: source-grounded second pass; method=Helsinki-NLP/opus-mt-en-uk_contextual_definition_candidate; exact Oxford definition='lasting a short time; designed only for a short period of time in the future'; candidate='короткостроковий (підприємець): тривалий час; розроблений лише на короткий час у майбутньому'; reverse='Short-term (entrepreneur): Long-term; developed for only a short time in the future'; lexical=1.000; candidate_definition_similarity=0.849; reverse_definition_similarity=0.659; semantic=0.849; POS/language checks PASS.
ox5000-6cda0681410675b159d9	shortly	adverb	B2	Скоро	verified	MANUAL_EMERGENCY_WORK_20260820_FIRST_PASS_V3_round01	MANUAL_EMERGENCY_WORK_20260820_SECOND_PASS_V3_round01	MANUAL_EMERGENCY_WORK V3 exact Oxford identity; source_index=4761; definition_path=/us/definition/english/shortly; stable_id=PASS; exact_definition='a short time; not long'; selected_candidate_method=Helsinki-NLP/opus-mt-en-uk_surface_candidate	PASS: source-grounded second pass; method=Helsinki-NLP/opus-mt-en-uk_surface_candidate; exact Oxford definition='a short time; not long'; candidate='Скоро'; reverse='Soon'; lexical=0.364; candidate_definition_similarity=0.679; reverse_definition_similarity=0.650; semantic=0.679; POS/language checks PASS.
ox5000-e9398be87e92c4565700	shrug	verb	C1	зниза́ти плечи́ма	verified	MANUAL_EMERGENCY_WORK_20260820_FIRST_PASS_V3_round01	MANUAL_EMERGENCY_WORK_20260820_SECOND_PASS_V3_round01	MANUAL_EMERGENCY_WORK V3 exact Oxford identity; source_index=4771; definition_path=/us/definition/english/shrug_1; stable_id=PASS; exact_definition='to raise your shoulders and then drop them to show that you do not know or care about something'; selected_candidate_method=en_wiktionary_matching_pos_uk_translation	PASS: source-grounded second pass; method=en_wiktionary_matching_pos_uk_translation; exact Oxford definition='to raise your shoulders and then drop them to show that you do not know or care about something'; candidate='зниза́ти плечи́ма'; reverse='Lower shoulders'; lexical=0.300; candidate_definition_similarity=0.502; reverse_definition_similarity=0.411; semantic=0.502; POS/language checks PASS.
ox5000-b0fded582d3311d3af45	sigh	noun	C1	зітхання (ніун): акт або звук зітхання	verified	MANUAL_EMERGENCY_WORK_20260820_FIRST_PASS_V3_round01	MANUAL_EMERGENCY_WORK_20260820_SECOND_PASS_V3_round01	MANUAL_EMERGENCY_WORK V3 exact Oxford identity; source_index=4778; definition_path=/us/definition/english/sigh_2; stable_id=PASS; exact_definition='an act or the sound of sighing'; selected_candidate_method=Helsinki-NLP/opus-mt-en-uk_contextual_definition_candidate	PASS: source-grounded second pass; method=Helsinki-NLP/opus-mt-en-uk_contextual_definition_candidate; exact Oxford definition='an act or the sound of sighing'; candidate='зітхання (ніун): акт або звук зітхання'; reverse='sigh: an act or sound of sighing'; lexical=1.000; candidate_definition_similarity=0.773; reverse_definition_similarity=0.916; semantic=0.916; POS/language checks PASS.
ox5000-0d870e0fda6ba6d93f94	sigh	verb	C1	Зітхнути (версія): взяти і випустити довгий глибокий подих, який можна почути, показати, що ви розчаровані, сумні, втомлені і т. д.	verified	MANUAL_EMERGENCY_WORK_20260820_FIRST_PASS_V3_round01	MANUAL_EMERGENCY_WORK_20260820_SECOND_PASS_V3_round01	MANUAL_EMERGENCY_WORK V3 exact Oxford identity; source_index=4779; definition_path=/us/definition/english/sigh_1; stable_id=PASS; exact_definition='to take and then let out a long deep breath that can be heard, to show that you are disappointed, sad, tired, etc.'; selected_candidate_method=Helsinki-NLP/opus-mt-en-uk_contextual_definition_candidate	PASS: source-grounded second pass; method=Helsinki-NLP/opus-mt-en-uk_contextual_definition_candidate; exact Oxford definition='to take and then let out a long deep breath that can be heard, to show that you are disappointed, sad, tired, etc.'; candidate='Зітхнути (версія): взяти і випустити довгий глибокий подих, який можна почути, показати, що ви розчаровані, сумні, втомлені і т. д.'; reverse='With a sigh: take and release a long, deep breath that can be heard, showing that you are disappointed, sad, tired, and so forth.'; lexical=1.000; candidate_definition_similarity=0.816; reverse_definition_similarity=0.900; semantic=0.900; POS/language checks PASS.
ox5000-c18d434123fca63aa7f7	signature	noun	B2	підпис	verified	MANUAL_EMERGENCY_WORK_20260820_FIRST_PASS_V3_round01	MANUAL_EMERGENCY_WORK_20260820_SECOND_PASS_V3_round01	MANUAL_EMERGENCY_WORK V3 exact Oxford identity; source_index=4785; definition_path=/us/definition/english/signature; stable_id=PASS; exact_definition='your name as you usually write it, for example at the end of a letter'; selected_candidate_method=Helsinki-NLP/opus-mt-en-uk_surface_candidate	PASS: source-grounded second pass; method=Helsinki-NLP/opus-mt-en-uk_surface_candidate; exact Oxford definition='your name as you usually write it, for example at the end of a letter'; candidate='підпис'; reverse='signature'; lexical=1.000; candidate_definition_similarity=0.450; reverse_definition_similarity=0.435; semantic=0.450; POS/language checks PASS.
ox5000-ebeeff851e05dff3f17c	simulate	verb	C1	симулюва́ти	verified	MANUAL_EMERGENCY_WORK_20260820_FIRST_PASS_V3_round01	MANUAL_EMERGENCY_WORK_20260820_SECOND_PASS_V3_round01	MANUAL_EMERGENCY_WORK V3 exact Oxford identity; source_index=4800; definition_path=/us/definition/english/simulate; stable_id=PASS; exact_definition='to create particular conditions that exist in real life using computers, models, etc., usually for study or training purposes'; selected_candidate_method=en_wiktionary_matching_pos_uk_translation	PASS: source-grounded second pass; method=en_wiktionary_matching_pos_uk_translation; exact Oxford definition='to create particular conditions that exist in real life using computers, models, etc., usually for study or training purposes'; candidate='симулюва́ти'; reverse='simulations'; lexical=0.737; candidate_definition_similarity=0.091; reverse_definition_similarity=0.486; semantic=0.486; POS/language checks PASS.
ox5000-63848ba81689d33f92ac	simulation	noun	C1	симуляція (ноун): ситуація, під час якої певний набір умов створюється штучно для того, щоб вивчати або відчути щось, що може існувати в реальності.	verified	MANUAL_EMERGENCY_WORK_20260820_FIRST_PASS_V3_round01	MANUAL_EMERGENCY_WORK_20260820_SECOND_PASS_V3_round01	MANUAL_EMERGENCY_WORK V3 exact Oxford identity; source_index=4801; definition_path=/us/definition/english/simulation; stable_id=PASS; exact_definition='a situation in which a particular set of conditions is created artificially in order to study or experience something that could exist in reality'; selected_candidate_method=Helsinki-NLP/opus-mt-en-uk_contextual_definition_candidate	PASS: source-grounded second pass; method=Helsinki-NLP/opus-mt-en-uk_contextual_definition_candidate; exact Oxford definition='a situation in which a particular set of conditions is created artificially in order to study or experience something that could exist in reality'; candidate='симуляція (ноун): ситуація, під час якої певний набір умов створюється штучно для того, щоб вивчати або відчути щось, що може існувати в реальності.'; reverse='simulation: a situation in which a set of conditions are created artificially to study or feel something that might exist in reality.'; lexical=1.000; candidate_definition_similarity=0.782; reverse_definition_similarity=0.832; semantic=0.832; POS/language checks PASS.
ox5000-79062f39d67197eaae65	sin	noun	C1	гріх (ніно): гріх проти Бога або релігійний або моральний закон.	verified	MANUAL_EMERGENCY_WORK_20260820_FIRST_PASS_V3_round01	MANUAL_EMERGENCY_WORK_20260820_SECOND_PASS_V3_round01	MANUAL_EMERGENCY_WORK V3 exact Oxford identity; source_index=4803; definition_path=/us/definition/english/sin_1; stable_id=PASS; exact_definition='an offence against God or against a religious or moral law'; selected_candidate_method=Helsinki-NLP/opus-mt-en-uk_contextual_definition_candidate	PASS: source-grounded second pass; method=Helsinki-NLP/opus-mt-en-uk_contextual_definition_candidate; exact Oxford definition='an offence against God or against a religious or moral law'; candidate='гріх (ніно): гріх проти Бога або релігійний або моральний закон.'; reverse='Sin (nice: sin against God or religious or moral law.'; lexical=1.000; candidate_definition_similarity=0.733; reverse_definition_similarity=0.654; semantic=0.733; POS/language checks PASS.
ox5000-2861f57961b0b110b904	sketch	noun	C1	ескіз (нуун): простий малюнок, який швидко малюється і не містить багато подробиць	verified	MANUAL_EMERGENCY_WORK_20260820_FIRST_PASS_V3_round01	MANUAL_EMERGENCY_WORK_20260820_SECOND_PASS_V3_round01	MANUAL_EMERGENCY_WORK V3 exact Oxford identity; source_index=4824; definition_path=/us/definition/english/sketch_1; stable_id=PASS; exact_definition='a simple picture that is drawn quickly and does not have many details'; selected_candidate_method=Helsinki-NLP/opus-mt-en-uk_contextual_definition_candidate	PASS: source-grounded second pass; method=Helsinki-NLP/opus-mt-en-uk_contextual_definition_candidate; exact Oxford definition='a simple picture that is drawn quickly and does not have many details'; candidate='ескіз (нуун): простий малюнок, який швидко малюється і не містить багато подробиць'; reverse='sketch (nuun): A simple drawing that is quickly drawn and does not contain much details'; lexical=1.000; candidate_definition_similarity=0.854; reverse_definition_similarity=0.766; semantic=0.854; POS/language checks PASS.
ox5000-6b53840672b325aa032d	skip	verb	C1	пропустити (клацання): зробити крок вперед злегка і швидко зробити невеличкий стрибок з кожним кроком	verified	MANUAL_EMERGENCY_WORK_20260820_FIRST_PASS_V3_round01	MANUAL_EMERGENCY_WORK_20260820_SECOND_PASS_V3_round01	MANUAL_EMERGENCY_WORK V3 exact Oxford identity; source_index=4832; definition_path=/us/definition/english/skip_1; stable_id=PASS; exact_definition='to move forwards lightly and quickly making a little jump with each step'; selected_candidate_method=Helsinki-NLP/opus-mt-en-uk_contextual_definition_candidate	PASS: source-grounded second pass; method=Helsinki-NLP/opus-mt-en-uk_contextual_definition_candidate; exact Oxford definition='to move forwards lightly and quickly making a little jump with each step'; candidate='пропустити (клацання): зробити крок вперед злегка і швидко зробити невеличкий стрибок з кожним кроком'; reverse='skip (click): take a step forward lightly and quickly make a small jump with each step'; lexical=1.000; candidate_definition_similarity=0.799; reverse_definition_similarity=0.833; semantic=0.833; POS/language checks PASS.
ox5000-1286d019f6a2e99874dc	skull	noun	B2	череп (нун): структура кісток, що утворює голову, оточує та захищає мозок.	verified	MANUAL_EMERGENCY_WORK_20260820_FIRST_PASS_V3_round01	MANUAL_EMERGENCY_WORK_20260820_SECOND_PASS_V3_round01	MANUAL_EMERGENCY_WORK V3 exact Oxford identity; source_index=4834; definition_path=/us/definition/english/skull; stable_id=PASS; exact_definition='the bone structure that forms the head and surrounds and protects the brain'; selected_candidate_method=Helsinki-NLP/opus-mt-en-uk_contextual_definition_candidate	PASS: source-grounded second pass; method=Helsinki-NLP/opus-mt-en-uk_contextual_definition_candidate; exact Oxford definition='the bone structure that forms the head and surrounds and protects the brain'; candidate='череп (нун): структура кісток, що утворює голову, оточує та захищає мозок.'; reverse='skull (nun): head - shaped bone structure surrounding and protecting the brain'; lexical=1.000; candidate_definition_similarity=0.902; reverse_definition_similarity=0.919; semantic=0.919; POS/language checks PASS.
ox5000-70e90712fcd58b7b0a34	slavery	noun	C1	Рабство (нуун): стан примушення працювати в рабстві	verified	MANUAL_EMERGENCY_WORK_20260820_FIRST_PASS_V3_round01	MANUAL_EMERGENCY_WORK_20260820_SECOND_PASS_V3_round01	MANUAL_EMERGENCY_WORK V3 exact Oxford identity; source_index=4840; definition_path=/us/definition/english/slavery; stable_id=PASS; exact_definition='the state of being forced to work as a slave'; selected_candidate_method=Helsinki-NLP/opus-mt-en-uk_contextual_definition_candidate	PASS: source-grounded second pass; method=Helsinki-NLP/opus-mt-en-uk_contextual_definition_candidate; exact Oxford definition='the state of being forced to work as a slave'; candidate='Рабство (нуун): стан примушення працювати в рабстві'; reverse='Slavery (nuun): A state of compulsion to work in slavery'; lexical=1.000; candidate_definition_similarity=0.875; reverse_definition_similarity=0.868; semantic=0.875; POS/language checks PASS.
ox5000-2a995e3c360aad349aa0	slogan	noun	B2	гасла (ноун): слово або фраза, яку легко запам'ятати, яку вживається, наприклад, політичною партією або рекламою, щоб привернути увагу людей або запропонувати думку швидко	verified	MANUAL_EMERGENCY_WORK_20260820_FIRST_PASS_V3_round01	MANUAL_EMERGENCY_WORK_20260820_SECOND_PASS_V3_round01	MANUAL_EMERGENCY_WORK V3 exact Oxford identity; source_index=4850; definition_path=/us/definition/english/slogan; stable_id=PASS; exact_definition='a word or phrase that is easy to remember, used for example by a political party or in advertising to attract people’s attention or to suggest an idea quickly'; selected_candidate_method=Helsinki-NLP/opus-mt-en-uk_contextual_definition_candidate	"PASS: source-grounded second pass; method=Helsinki-NLP/opus-mt-en-uk_contextual_definition_candidate; exact Oxford definition='a word or phrase that is easy to remember, used for example by a political party or in advertising to attract people’s attention or to suggest an idea quickly'; candidate=""гасла (ноун): слово або фраза, яку легко запам'ятати, яку вживається, наприклад, політичною партією або рекламою, щоб привернути увагу людей або запропонувати думку швидко""; reverse=""slogan (noun): A word or phrase that is easily remembered, such as a political party or a advertisement, to attract people's attention or to offer a thought quickly""; lexical=1.000; candidate_definition_similarity=0.778; reverse_definition_similarity=0.750; semantic=0.778; POS/language checks PASS."
ox5000-09549192d95b46653d2b	slot	noun	C1	слот (нуун): довгий, вузький отвір, у який ви кладете або пасуєте щось	verified	MANUAL_EMERGENCY_WORK_20260820_FIRST_PASS_V3_round01	MANUAL_EMERGENCY_WORK_20260820_SECOND_PASS_V3_round01	MANUAL_EMERGENCY_WORK V3 exact Oxford identity; source_index=4853; definition_path=/us/definition/english/slot_1; stable_id=PASS; exact_definition='a long, narrow opening, into which you put or fit something'; selected_candidate_method=Helsinki-NLP/opus-mt-en-uk_contextual_definition_candidate	PASS: source-grounded second pass; method=Helsinki-NLP/opus-mt-en-uk_contextual_definition_candidate; exact Oxford definition='a long, narrow opening, into which you put or fit something'; candidate='слот (нуун): довгий, вузький отвір, у який ви кладете або пасуєте щось'; reverse='slot (nuun): a long, narrow hole into which you put or match something'; lexical=1.000; candidate_definition_similarity=0.689; reverse_definition_similarity=0.609; semantic=0.689; POS/language checks PASS.
ox5000-13f2331bae5d898ae95a	so-called	adjective	B2	так званий (прикметник): використовується для показу того, що ви не вважаєте, що слово або фраза, які використовуються для опису когось або чогось відповідного.	verified	MANUAL_EMERGENCY_WORK_20260820_FIRST_PASS_V3_round01	MANUAL_EMERGENCY_WORK_20260820_SECOND_PASS_V3_round01	MANUAL_EMERGENCY_WORK V3 exact Oxford identity; source_index=4875; definition_path=/us/definition/english/so-called; stable_id=PASS; exact_definition='used to show that you do not think that the word or phrase that is being used to describe somebody/something is appropriate'; selected_candidate_method=Helsinki-NLP/opus-mt-en-uk_contextual_definition_candidate	PASS: source-grounded second pass; method=Helsinki-NLP/opus-mt-en-uk_contextual_definition_candidate; exact Oxford definition='used to show that you do not think that the word or phrase that is being used to describe somebody/something is appropriate'; candidate='так званий (прикметник): використовується для показу того, що ви не вважаєте, що слово або фраза, які використовуються для опису когось або чогось відповідного.'; reverse='so-called (announcer): used to show that you do not think that the word or phrase used to describe someone or something.'; lexical=1.000; candidate_definition_similarity=0.850; reverse_definition_similarity=0.786; semantic=0.850; POS/language checks PASS.
ox5000-81811128ebe7ad5e2425	socialist	adjective	C1	соціалісти́чний	verified	MANUAL_EMERGENCY_WORK_20260820_FIRST_PASS_V3_round01	MANUAL_EMERGENCY_WORK_20260820_SECOND_PASS_V3_round01	MANUAL_EMERGENCY_WORK V3 exact Oxford identity; source_index=4881; definition_path=/us/definition/english/socialist_1; stable_id=PASS; exact_definition='connected with socialism'; selected_candidate_method=en_wiktionary_matching_pos_uk_translation	PASS: source-grounded second pass; method=en_wiktionary_matching_pos_uk_translation; exact Oxford definition='connected with socialism'; candidate='соціалісти́чний'; reverse='Socialistic'; lexical=1.000; candidate_definition_similarity=0.833; reverse_definition_similarity=0.826; semantic=0.833; POS/language checks PASS.
ox5000-5731592e4ea7dc2a7eac	sole	adjective	C1	лише	verified	MANUAL_EMERGENCY_WORK_20260820_FIRST_PASS_V3_round01	MANUAL_EMERGENCY_WORK_20260820_SECOND_PASS_V3_round01	MANUAL_EMERGENCY_WORK V3 exact Oxford identity; source_index=4889; definition_path=/us/definition/english/sole_1; stable_id=PASS; exact_definition='only; single'; selected_candidate_method=Helsinki-NLP/opus-mt-en-uk_surface_candidate	PASS: source-grounded second pass; method=Helsinki-NLP/opus-mt-en-uk_surface_candidate; exact Oxford definition='only; single'; candidate='лише'; reverse='only'; lexical=0.500; candidate_definition_similarity=0.697; reverse_definition_similarity=0.790; semantic=0.790; POS/language checks PASS.
ox5000-43d3a9fa9183ee7d1ea2	solely	adverb	C1	Тільки	verified	MANUAL_EMERGENCY_WORK_20260820_FIRST_PASS_V3_round01	MANUAL_EMERGENCY_WORK_20260820_SECOND_PASS_V3_round01	MANUAL_EMERGENCY_WORK V3 exact Oxford identity; source_index=4890; definition_path=/us/definition/english/solely; stable_id=PASS; exact_definition='only; not involving somebody/something else'; selected_candidate_method=Helsinki-NLP/opus-mt-en-uk_surface_candidate	PASS: source-grounded second pass; method=Helsinki-NLP/opus-mt-en-uk_surface_candidate; exact Oxford definition='only; not involving somebody/something else'; candidate='Тільки'; reverse='Only'; lexical=0.600; candidate_definition_similarity=0.635; reverse_definition_similarity=0.655; semantic=0.655; POS/language checks PASS.
ox5000-0f421e0338a534c5fdbe	solidarity	noun	C1	соліда́рність	verified	MANUAL_EMERGENCY_WORK_20260820_FIRST_PASS_V3_round01	MANUAL_EMERGENCY_WORK_20260820_SECOND_PASS_V3_round01	MANUAL_EMERGENCY_WORK V3 exact Oxford identity; source_index=4894; definition_path=/us/definition/english/solidarity; stable_id=PASS; exact_definition='support by one person or group of people for another because they share feelings, opinions, aims, etc.'; selected_candidate_method=en_wiktionary_matching_pos_uk_translation	PASS: source-grounded second pass; method=en_wiktionary_matching_pos_uk_translation; exact Oxford definition='support by one person or group of people for another because they share feelings, opinions, aims, etc.'; candidate='соліда́рність'; reverse='solidarity'; lexical=1.000; candidate_definition_similarity=0.073; reverse_definition_similarity=0.506; semantic=0.506; POS/language checks PASS.
ox5000-bbb1638496bf283345b8	solo	noun	C1	соло	verified	MANUAL_EMERGENCY_WORK_20260820_FIRST_PASS_V3_round01	MANUAL_EMERGENCY_WORK_20260820_SECOND_PASS_V3_round01	MANUAL_EMERGENCY_WORK V3 exact Oxford identity; source_index=4896; definition_path=/us/definition/english/solo_3; stable_id=PASS; exact_definition='a piece of music, dance or entertainment performed by only one person'; selected_candidate_method=Helsinki-NLP/opus-mt-en-uk_surface_candidate	PASS: source-grounded second pass; method=Helsinki-NLP/opus-mt-en-uk_surface_candidate; exact Oxford definition='a piece of music, dance or entertainment performed by only one person'; candidate='соло'; reverse='Solo'; lexical=1.000; candidate_definition_similarity=0.128; reverse_definition_similarity=0.470; semantic=0.470; POS/language checks PASS.
ox5000-f6ede09439d26c81a2e3	somehow	adverb	B2	якимсь чином	verified	MANUAL_EMERGENCY_WORK_20260820_FIRST_PASS_V3_round01	MANUAL_EMERGENCY_WORK_20260820_SECOND_PASS_V3_round01	MANUAL_EMERGENCY_WORK V3 exact Oxford identity; source_index=4902; definition_path=/us/definition/english/somehow; stable_id=PASS; exact_definition='in a way that is not known or certain'; selected_candidate_method=Helsinki-NLP/opus-mt-en-uk_surface_candidate	PASS: source-grounded second pass; method=Helsinki-NLP/opus-mt-en-uk_surface_candidate; exact Oxford definition='in a way that is not known or certain'; candidate='якимсь чином'; reverse='somehow'; lexical=1.000; candidate_definition_similarity=0.638; reverse_definition_similarity=0.559; semantic=0.638; POS/language checks PASS.
ox5000-65d1fc396bc0804805a1	sophisticated	adjective	B2	витончена (примітка): кмітлива і складна у тому, як вона працює або представлена.	verified	MANUAL_EMERGENCY_WORK_20260820_FIRST_PASS_V3_round01	MANUAL_EMERGENCY_WORK_20260820_SECOND_PASS_V3_round01	MANUAL_EMERGENCY_WORK V3 exact Oxford identity; source_index=4913; definition_path=/us/definition/english/sophisticated; stable_id=PASS; exact_definition='clever and complicated in the way that it works or is presented'; selected_candidate_method=Helsinki-NLP/opus-mt-en-uk_contextual_definition_candidate	PASS: source-grounded second pass; method=Helsinki-NLP/opus-mt-en-uk_contextual_definition_candidate; exact Oxford definition='clever and complicated in the way that it works or is presented'; candidate='витончена (примітка): кмітлива і складна у тому, як вона працює або представлена.'; reverse='sophisticated (note): Smart and difficult in the way it works or is represented.'; lexical=1.000; candidate_definition_similarity=0.898; reverse_definition_similarity=0.746; semantic=0.898; POS/language checks PASS.
ox5000-5bab904f7b7385f0726a	sovereignty	noun	C1	суверенітет (немає): повна влада керувати країною	verified	MANUAL_EMERGENCY_WORK_20260820_FIRST_PASS_V3_round01	MANUAL_EMERGENCY_WORK_20260820_SECOND_PASS_V3_round01	MANUAL_EMERGENCY_WORK V3 exact Oxford identity; source_index=4928; definition_path=/us/definition/english/sovereignty; stable_id=PASS; exact_definition='complete power to govern a country'; selected_candidate_method=Helsinki-NLP/opus-mt-en-uk_contextual_definition_candidate	PASS: source-grounded second pass; method=Helsinki-NLP/opus-mt-en-uk_contextual_definition_candidate; exact Oxford definition='complete power to govern a country'; candidate='суверенітет (немає): повна влада керувати країною'; reverse='Sovereignty (no): Full authority to rule a country'; lexical=1.000; candidate_definition_similarity=0.837; reverse_definition_similarity=0.821; semantic=0.837; POS/language checks PASS.
ox5000-94f0e84773d2caa9c3e4	spam	noun	C1	спам (ноун): рекламний матеріал, надісланий електронною поштою людям, які про нього не просили; рекламний матеріал в інтернеті, який не потрібен	verified	MANUAL_EMERGENCY_WORK_20260820_FIRST_PASS_V3_round01	MANUAL_EMERGENCY_WORK_20260820_SECOND_PASS_V3_round01	MANUAL_EMERGENCY_WORK V3 exact Oxford identity; source_index=4930; definition_path=/us/definition/english/spam_1; stable_id=PASS; exact_definition='advertising material sent by email to people who have not asked for it; advertising material on the internet that is not wanted'; selected_candidate_method=Helsinki-NLP/opus-mt-en-uk_contextual_definition_candidate	"PASS: source-grounded second pass; method=Helsinki-NLP/opus-mt-en-uk_contextual_definition_candidate; exact Oxford definition='advertising material sent by email to people who have not asked for it; advertising material on the internet that is not wanted'; candidate='спам (ноун): рекламний матеріал, надісланий електронною поштою людям, які про нього не просили; рекламний матеріал в інтернеті, який не потрібен'; reverse=""Spam: Sem: E - mailed to people who didn't ask for it; Internet advertising that didn't need it""; lexical=1.000; candidate_definition_similarity=0.687; reverse_definition_similarity=0.733; semantic=0.733; POS/language checks PASS."
ox5000-345d9d8b2f2626231f20	specialize	verb	B2	спеціалізована (версія): стати експертом у якійсь галузі роботи, вивчення або бізнесу; проводити більше часу на одній роботі, і т. д.	verified	MANUAL_EMERGENCY_WORK_20260820_FIRST_PASS_V3_round01	MANUAL_EMERGENCY_WORK_20260820_SECOND_PASS_V3_round01	MANUAL_EMERGENCY_WORK V3 exact Oxford identity; source_index=4941; definition_path=/us/definition/english/specialize; stable_id=PASS; exact_definition='to become an expert in a particular area of work, study or business; to spend more time on one area of work, etc. than on others'; selected_candidate_method=Helsinki-NLP/opus-mt-en-uk_contextual_definition_candidate	PASS: source-grounded second pass; method=Helsinki-NLP/opus-mt-en-uk_contextual_definition_candidate; exact Oxford definition='to become an expert in a particular area of work, study or business; to spend more time on one area of work, etc. than on others'; candidate='спеціалізована (версія): стати експертом у якійсь галузі роботи, вивчення або бізнесу; проводити більше часу на одній роботі, і т. д.'; reverse='specialized (version): becoming expert in some field of work, study or business; spending more time on one job, etc.'; lexical=1.000; candidate_definition_similarity=0.845; reverse_definition_similarity=0.811; semantic=0.845; POS/language checks PASS.
ox5000-59b760aca1f541ce0d42	specialized	adjective	C1	спеціалізований (прикметник): розроблений або розроблений з певною метою або областю знань	verified	MANUAL_EMERGENCY_WORK_20260820_FIRST_PASS_V3_round01	MANUAL_EMERGENCY_WORK_20260820_SECOND_PASS_V3_round01	MANUAL_EMERGENCY_WORK V3 exact Oxford identity; source_index=4942; definition_path=/us/definition/english/specialized; stable_id=PASS; exact_definition='designed or developed for a particular purpose or area of knowledge'; selected_candidate_method=Helsinki-NLP/opus-mt-en-uk_contextual_definition_candidate	PASS: source-grounded second pass; method=Helsinki-NLP/opus-mt-en-uk_contextual_definition_candidate; exact Oxford definition='designed or developed for a particular purpose or area of knowledge'; candidate='спеціалізований (прикметник): розроблений або розроблений з певною метою або областю знань'; reverse='specialized: designed or designed for a specific purpose or knowledge range'; lexical=1.000; candidate_definition_similarity=0.783; reverse_definition_similarity=0.801; semantic=0.801; POS/language checks PASS.
ox5000-0c232fac165e903627d5	specification	noun	C1	специфікація (ніун): детальний опис того, яким має бути щось, або має бути, розроблено або зроблено	verified	MANUAL_EMERGENCY_WORK_20260820_FIRST_PASS_V3_round01	MANUAL_EMERGENCY_WORK_20260820_SECOND_PASS_V3_round01	MANUAL_EMERGENCY_WORK V3 exact Oxford identity; source_index=4946; definition_path=/us/definition/english/specification; stable_id=PASS; exact_definition='a detailed description of how something is, or should be, designed or made'; selected_candidate_method=Helsinki-NLP/opus-mt-en-uk_contextual_definition_candidate	PASS: source-grounded second pass; method=Helsinki-NLP/opus-mt-en-uk_contextual_definition_candidate; exact Oxford definition='a detailed description of how something is, or should be, designed or made'; candidate='специфікація (ніун): детальний опис того, яким має бути щось, або має бути, розроблено або зроблено'; reverse='specification: A detailed description of what something should be, or must be, developed or done'; lexical=1.000; candidate_definition_similarity=0.766; reverse_definition_similarity=0.811; semantic=0.811; POS/language checks PASS.
ox5000-0acb45a595cce0df20be	specify	verb	B2	визначити (клацання): вказати щось, зокрема, за допомогою точного вимірювання, часу, точних інструкцій тощо.	verified	MANUAL_EMERGENCY_WORK_20260820_FIRST_PASS_V3_round01	MANUAL_EMERGENCY_WORK_20260820_SECOND_PASS_V3_round01	MANUAL_EMERGENCY_WORK V3 exact Oxford identity; source_index=4947; definition_path=/us/definition/english/specify; stable_id=PASS; exact_definition='to state something, especially by giving an exact measurement, time, exact instructions, etc.'; selected_candidate_method=Helsinki-NLP/opus-mt-en-uk_contextual_definition_candidate	PASS: source-grounded second pass; method=Helsinki-NLP/opus-mt-en-uk_contextual_definition_candidate; exact Oxford definition='to state something, especially by giving an exact measurement, time, exact instructions, etc.'; candidate='визначити (клацання): вказати щось, зокрема, за допомогою точного вимірювання, часу, точних інструкцій тощо.'; reverse='specify (click): specify something, including specific measurement, time, specific instructions, etc.'; lexical=1.000; candidate_definition_similarity=0.834; reverse_definition_similarity=0.629; semantic=0.834; POS/language checks PASS.
ox5000-4ab9e24a28cd210a312d	specimen	noun	C1	зразок	verified	MANUAL_EMERGENCY_WORK_20260820_FIRST_PASS_V3_round01	MANUAL_EMERGENCY_WORK_20260820_SECOND_PASS_V3_round01	MANUAL_EMERGENCY_WORK V3 exact Oxford identity; source_index=4948; definition_path=/us/definition/english/specimen; stable_id=PASS; exact_definition='a small amount of something that shows what the rest of it is like'; selected_candidate_method=Helsinki-NLP/opus-mt-en-uk_surface_candidate	PASS: source-grounded second pass; method=Helsinki-NLP/opus-mt-en-uk_surface_candidate; exact Oxford definition='a small amount of something that shows what the rest of it is like'; candidate='зразок'; reverse='pattern'; lexical=0.400; candidate_definition_similarity=0.496; reverse_definition_similarity=0.365; semantic=0.496; POS/language checks PASS.
ox5000-0b9548c40b5d9e0a2415	spectacular	adjective	B2	ефектне	verified	MANUAL_EMERGENCY_WORK_20260820_FIRST_PASS_V3_round01	MANUAL_EMERGENCY_WORK_20260820_SECOND_PASS_V3_round01	MANUAL_EMERGENCY_WORK V3 exact Oxford identity; source_index=4950; definition_path=/us/definition/english/spectacular_1; stable_id=PASS; exact_definition='very impressive'; selected_candidate_method=Helsinki-NLP/opus-mt-en-uk_surface_candidate	PASS: source-grounded second pass; method=Helsinki-NLP/opus-mt-en-uk_surface_candidate; exact Oxford definition='very impressive'; candidate='ефектне'; reverse='effect'; lexical=0.353; candidate_definition_similarity=0.584; reverse_definition_similarity=0.372; semantic=0.584; POS/language checks PASS.
ox5000-50fef483f79b06b5214e	spectator	noun	B2	Спостерігачі	verified	MANUAL_EMERGENCY_WORK_20260820_FIRST_PASS_V3_round01	MANUAL_EMERGENCY_WORK_20260820_SECOND_PASS_V3_round01	MANUAL_EMERGENCY_WORK V3 exact Oxford identity; source_index=4951; definition_path=/us/definition/english/spectator; stable_id=PASS; exact_definition='a person who is watching an event, especially a sports event'; selected_candidate_method=Helsinki-NLP/opus-mt-en-uk_surface_candidate	PASS: source-grounded second pass; method=Helsinki-NLP/opus-mt-en-uk_surface_candidate; exact Oxford definition='a person who is watching an event, especially a sports event'; candidate='Спостерігачі'; reverse='Observers'; lexical=0.333; candidate_definition_similarity=0.499; reverse_definition_similarity=0.447; semantic=0.499; POS/language checks PASS.
ox5000-f782db5a9e90f01155f8	spectrum	noun	C1	спектр (нун): смуга кольорового світла у порядку їх хвиль, як це можна побачити у веселці і в яку світло можна відокремлювати	verified	MANUAL_EMERGENCY_WORK_20260820_FIRST_PASS_V3_round01	MANUAL_EMERGENCY_WORK_20260820_SECOND_PASS_V3_round01	MANUAL_EMERGENCY_WORK V3 exact Oxford identity; source_index=4952; definition_path=/us/definition/english/spectrum; stable_id=PASS; exact_definition='a band of coloured lights in order of their wavelengths , as seen in a rainbow and into which light may be separated'; selected_candidate_method=Helsinki-NLP/opus-mt-en-uk_contextual_definition_candidate	PASS: source-grounded second pass; method=Helsinki-NLP/opus-mt-en-uk_contextual_definition_candidate; exact Oxford definition='a band of coloured lights in order of their wavelengths , as seen in a rainbow and into which light may be separated'; candidate='спектр (нун): смуга кольорового світла у порядку їх хвиль, як це можна побачити у веселці і в яку світло можна відокремлювати'; reverse='spectrum (nun): a band of color light in the order of their waves, as seen in a rainbow and in which light can be separated'; lexical=1.000; candidate_definition_similarity=0.818; reverse_definition_similarity=0.815; semantic=0.818; POS/language checks PASS.
ox5000-c63350e4086215a6068c	speculation	noun	B2	спекуляція (нуун): акт формування поглядів про те, що сталося або що може статися, не знаючи всіх фактів.	verified	MANUAL_EMERGENCY_WORK_20260820_FIRST_PASS_V3_round01	MANUAL_EMERGENCY_WORK_20260820_SECOND_PASS_V3_round01	MANUAL_EMERGENCY_WORK V3 exact Oxford identity; source_index=4954; definition_path=/us/definition/english/speculation; stable_id=PASS; exact_definition='the act of forming opinions about what has happened or what might happen without knowing all the facts'; selected_candidate_method=Helsinki-NLP/opus-mt-en-uk_contextual_definition_candidate	PASS: source-grounded second pass; method=Helsinki-NLP/opus-mt-en-uk_contextual_definition_candidate; exact Oxford definition='the act of forming opinions about what has happened or what might happen without knowing all the facts'; candidate='спекуляція (нуун): акт формування поглядів про те, що сталося або що може статися, не знаючи всіх фактів.'; reverse='speculation: An act of molding opinions on what happened or what might happen without knowing all the facts.'; lexical=1.000; candidate_definition_similarity=0.773; reverse_definition_similarity=0.839; semantic=0.839; POS/language checks PASS.
ox5000-72a5645b1bf466d48c27	sphere	noun	C1	куля (нун): суцільна фігура, яка повністю кругла, з кожною точкою на її поверхні на рівній відстані від центру.	verified	MANUAL_EMERGENCY_WORK_20260820_FIRST_PASS_V3_round01	MANUAL_EMERGENCY_WORK_20260820_SECOND_PASS_V3_round01	MANUAL_EMERGENCY_WORK V3 exact Oxford identity; source_index=4963; definition_path=/us/definition/english/sphere; stable_id=PASS; exact_definition='a solid figure that is completely round, with every point on its surface at an equal distance from the centre'; selected_candidate_method=Helsinki-NLP/opus-mt-en-uk_contextual_definition_candidate	PASS: source-grounded second pass; method=Helsinki-NLP/opus-mt-en-uk_contextual_definition_candidate; exact Oxford definition='a solid figure that is completely round, with every point on its surface at an equal distance from the centre'; candidate='куля (нун): суцільна фігура, яка повністю кругла, з кожною точкою на її поверхні на рівній відстані від центру.'; reverse='sphere (nun): A solid figure that is completely round, with each point on its surface at an equal distance from the center.'; lexical=1.000; candidate_definition_similarity=0.801; reverse_definition_similarity=0.788; semantic=0.801; POS/language checks PASS.
ox5000-256c8185b1dfd96e9f19	spice	noun	B2	Спайс (нун): один з різних видів порошку або насіння, яке отримують від рослин, і яке використовують для приготування їжі.	verified	MANUAL_EMERGENCY_WORK_20260820_FIRST_PASS_V3_round01	MANUAL_EMERGENCY_WORK_20260820_SECOND_PASS_V3_round01	MANUAL_EMERGENCY_WORK V3 exact Oxford identity; source_index=4964; definition_path=/us/definition/english/spice_1; stable_id=PASS; exact_definition='one of the various types of powder or seed that come from plants and are used in cooking. Spices have a strong taste and smell.'; selected_candidate_method=Helsinki-NLP/opus-mt-en-uk_contextual_definition_candidate	PASS: source-grounded second pass; method=Helsinki-NLP/opus-mt-en-uk_contextual_definition_candidate; exact Oxford definition='one of the various types of powder or seed that come from plants and are used in cooking. Spices have a strong taste and smell.'; candidate='Спайс (нун): один з різних видів порошку або насіння, яке отримують від рослин, і яке використовують для приготування їжі.'; reverse='Spice (nun): One of the many powders or seeds that plants produce and use for cooking'; lexical=1.000; candidate_definition_similarity=0.729; reverse_definition_similarity=0.811; semantic=0.811; POS/language checks PASS.
ox5000-59f3b01cef3db8471f79	spill	verb	B2	розлива́ти	verified	MANUAL_EMERGENCY_WORK_20260820_FIRST_PASS_V3_round01	MANUAL_EMERGENCY_WORK_20260820_SECOND_PASS_V3_round01	MANUAL_EMERGENCY_WORK V3 exact Oxford identity; source_index=4967; definition_path=/us/definition/english/spill_1; stable_id=PASS; exact_definition='to flow over the edge of a container by accident; to make liquid do this'; selected_candidate_method=en_wiktionary_matching_pos_uk_translation	PASS: source-grounded second pass; method=en_wiktionary_matching_pos_uk_translation; exact Oxford definition='to flow over the edge of a container by accident; to make liquid do this'; candidate='розлива́ти'; reverse='spill'; lexical=1.000; candidate_definition_similarity=0.352; reverse_definition_similarity=0.473; semantic=0.473; POS/language checks PASS.
ox5000-24a88df216defcf68a7d	spin	noun	C1	обертання	verified	MANUAL_EMERGENCY_WORK_20260820_FIRST_PASS_V3_round01	MANUAL_EMERGENCY_WORK_20260820_SECOND_PASS_V3_round01	MANUAL_EMERGENCY_WORK V3 exact Oxford identity; source_index=4968; definition_path=/us/definition/english/spin_2; stable_id=PASS; exact_definition='a very fast turning movement'; selected_candidate_method=Helsinki-NLP/opus-mt-en-uk_surface_candidate	PASS: source-grounded second pass; method=Helsinki-NLP/opus-mt-en-uk_surface_candidate; exact Oxford definition='a very fast turning movement'; candidate='обертання'; reverse='rotation'; lexical=0.333; candidate_definition_similarity=0.593; reverse_definition_similarity=0.532; semantic=0.593; POS/language checks PASS.
ox5000-0de976d449afd0d958f1	spin	verb	C1	крути́тися	verified	MANUAL_EMERGENCY_WORK_20260820_FIRST_PASS_V3_round01	MANUAL_EMERGENCY_WORK_20260820_SECOND_PASS_V3_round01	MANUAL_EMERGENCY_WORK V3 exact Oxford identity; source_index=4969; definition_path=/us/definition/english/spin_1; stable_id=PASS; exact_definition='to turn round and round quickly; to make something do this'; selected_candidate_method=en_wiktionary_matching_pos_uk_translation	PASS: source-grounded second pass; method=en_wiktionary_matching_pos_uk_translation; exact Oxford definition='to turn round and round quickly; to make something do this'; candidate='крути́тися'; reverse='giggling'; lexical=0.333; candidate_definition_similarity=0.548; reverse_definition_similarity=0.139; semantic=0.548; POS/language checks PASS.
ox5000-8b05c3e4886c904c7b15	spite	noun	B2	злість	verified	MANUAL_EMERGENCY_WORK_20260820_FIRST_PASS_V3_round01	MANUAL_EMERGENCY_WORK_20260820_SECOND_PASS_V3_round01	MANUAL_EMERGENCY_WORK V3 exact Oxford identity; source_index=4973; definition_path=/us/definition/english/spite_1; stable_id=PASS; exact_definition='a feeling of wanting to hurt or upset somebody'; selected_candidate_method=en_wiktionary_matching_pos_uk_translation	PASS: source-grounded second pass; method=en_wiktionary_matching_pos_uk_translation; exact Oxford definition='a feeling of wanting to hurt or upset somebody'; candidate='злість'; reverse='spite'; lexical=1.000; candidate_definition_similarity=0.568; reverse_definition_similarity=0.397; semantic=0.568; POS/language checks PASS.
ox5000-7ede5024152dd882302d	spokesman	noun	B2	ре́чник	verified	MANUAL_EMERGENCY_WORK_20260820_FIRST_PASS_V3_round01	MANUAL_EMERGENCY_WORK_20260820_SECOND_PASS_V3_round01	MANUAL_EMERGENCY_WORK V3 exact Oxford identity; source_index=4978; definition_path=/us/definition/english/spokesman; stable_id=PASS; exact_definition='a person who speaks for a group or an organization'; selected_candidate_method=en_wiktionary_matching_pos_uk_translation	PASS: source-grounded second pass; method=en_wiktionary_matching_pos_uk_translation; exact Oxford definition='a person who speaks for a group or an organization'; candidate='ре́чник'; reverse='speaker'; lexical=0.500; candidate_definition_similarity=0.337; reverse_definition_similarity=0.568; semantic=0.568; POS/language checks PASS.
ox5000-771535acfeed7beab067	spokesperson	noun	B2	голосник (ноун): особа, яка говорить за групу або організацію	verified	MANUAL_EMERGENCY_WORK_20260820_FIRST_PASS_V3_round01	MANUAL_EMERGENCY_WORK_20260820_SECOND_PASS_V3_round01	MANUAL_EMERGENCY_WORK V3 exact Oxford identity; source_index=4979; definition_path=/us/definition/english/spokesperson; stable_id=PASS; exact_definition='a person who speaks for a group or an organization'; selected_candidate_method=Helsinki-NLP/opus-mt-en-uk_contextual_definition_candidate	PASS: source-grounded second pass; method=Helsinki-NLP/opus-mt-en-uk_contextual_definition_candidate; exact Oxford definition='a person who speaks for a group or an organization'; candidate='голосник (ноун): особа, яка говорить за групу або організацію'; reverse='speaker: the person speaking as a group or organization'; lexical=0.303; candidate_definition_similarity=0.871; reverse_definition_similarity=0.852; semantic=0.871; POS/language checks PASS.
ox5000-9c15615ce8548856f3f4	spokeswoman	noun	B2	спі́керка	verified	MANUAL_EMERGENCY_WORK_20260820_FIRST_PASS_V3_round01	MANUAL_EMERGENCY_WORK_20260820_SECOND_PASS_V3_round01	MANUAL_EMERGENCY_WORK V3 exact Oxford identity; source_index=4980; definition_path=/us/definition/english/spokeswoman; stable_id=PASS; exact_definition='a woman who speaks for a group or an organization'; selected_candidate_method=en_wiktionary_matching_pos_uk_translation	PASS: source-grounded second pass; method=en_wiktionary_matching_pos_uk_translation; exact Oxford definition='a woman who speaks for a group or an organization'; candidate='спі́керка'; reverse='speaker'; lexical=0.444; candidate_definition_similarity=0.287; reverse_definition_similarity=0.512; semantic=0.512; POS/language checks PASS.
ox5000-b2661fb6e14062c3248f	sponsorship	noun	B2	спонсорування	verified	MANUAL_EMERGENCY_WORK_20260820_FIRST_PASS_V3_round01	MANUAL_EMERGENCY_WORK_20260820_SECOND_PASS_V3_round01	MANUAL_EMERGENCY_WORK V3 exact Oxford identity; source_index=4983; definition_path=/us/definition/english/sponsorship; stable_id=PASS; exact_definition='financial support from a sponsor'; selected_candidate_method=Helsinki-NLP/opus-mt-en-uk_surface_candidate	PASS: source-grounded second pass; method=Helsinki-NLP/opus-mt-en-uk_surface_candidate; exact Oxford definition='financial support from a sponsor'; candidate='спонсорування'; reverse='sponsoring'; lexical=0.762; candidate_definition_similarity=0.769; reverse_definition_similarity=0.801; semantic=0.801; POS/language checks PASS.
ox5000-9071c6c768dd47a699e1	sporting	adjective	B2	спорти́вний	verified	MANUAL_EMERGENCY_WORK_20260820_FIRST_PASS_V3_round01	MANUAL_EMERGENCY_WORK_20260820_SECOND_PASS_V3_round01	MANUAL_EMERGENCY_WORK V3 exact Oxford identity; source_index=4986; definition_path=/us/definition/english/sporting; stable_id=PASS; exact_definition='connected with sports'; selected_candidate_method=en_wiktionary_matching_pos_uk_translation	PASS: source-grounded second pass; method=en_wiktionary_matching_pos_uk_translation; exact Oxford definition='connected with sports'; candidate='спорти́вний'; reverse='sport'; lexical=1.000; candidate_definition_similarity=0.590; reverse_definition_similarity=0.802; semantic=0.802; POS/language checks PASS.
ox5000-7ec49338a4a6d9c02a0f	spotlight	noun	C1	прожектор	verified	MANUAL_EMERGENCY_WORK_20260820_FIRST_PASS_V3_round01	MANUAL_EMERGENCY_WORK_20260820_SECOND_PASS_V3_round01	MANUAL_EMERGENCY_WORK V3 exact Oxford identity; source_index=4989; definition_path=/us/definition/english/spotlight_1; stable_id=PASS; exact_definition='a light with a single, very bright beam that can be directed at a particular place or person, especially a performer on the stage'; selected_candidate_method=Helsinki-NLP/opus-mt-en-uk_surface_candidate	PASS: source-grounded second pass; method=Helsinki-NLP/opus-mt-en-uk_surface_candidate; exact Oxford definition='a light with a single, very bright beam that can be directed at a particular place or person, especially a performer on the stage'; candidate='прожектор'; reverse='floodlight'; lexical=0.632; candidate_definition_similarity=0.328; reverse_definition_similarity=0.445; semantic=0.445; POS/language checks PASS.
ox5000-0aa63cde40e1bdba7606	spy	noun	C1	шпигун	verified	MANUAL_EMERGENCY_WORK_20260820_FIRST_PASS_V3_round01	MANUAL_EMERGENCY_WORK_20260820_SECOND_PASS_V3_round01	MANUAL_EMERGENCY_WORK V3 exact Oxford identity; source_index=4995; definition_path=/us/definition/english/spy_1; stable_id=PASS; exact_definition='a person who tries to get secret information about another country, organization or person, especially somebody who is employed by a government or the police'; selected_candidate_method=Helsinki-NLP/opus-mt-en-uk_surface_candidate	PASS: source-grounded second pass; method=Helsinki-NLP/opus-mt-en-uk_surface_candidate; exact Oxford definition='a person who tries to get secret information about another country, organization or person, especially somebody who is employed by a government or the police'; candidate='шпигун'; reverse='spy'; lexical=1.000; candidate_definition_similarity=0.546; reverse_definition_similarity=0.507; semantic=0.546; POS/language checks PASS.
ox5000-c2a6686ec496e6cb62f6	spy	verb	C1	шпигувати	verified	MANUAL_EMERGENCY_WORK_20260820_FIRST_PASS_V3_round01	MANUAL_EMERGENCY_WORK_20260820_SECOND_PASS_V3_round01	MANUAL_EMERGENCY_WORK V3 exact Oxford identity; source_index=4996; definition_path=/us/definition/english/spy_2; stable_id=PASS; exact_definition='to collect secret information about another country, organization or person'; selected_candidate_method=en_wiktionary_matching_pos_uk_translation	PASS: source-grounded second pass; method=en_wiktionary_matching_pos_uk_translation; exact Oxford definition='to collect secret information about another country, organization or person'; candidate='шпигувати'; reverse='spy'; lexical=1.000; candidate_definition_similarity=0.470; reverse_definition_similarity=0.440; semantic=0.470; POS/language checks PASS.
ox5000-626b716b54d1acca747d	squeeze	verb	C1	сти́скувати	verified	MANUAL_EMERGENCY_WORK_20260820_FIRST_PASS_V3_round01	MANUAL_EMERGENCY_WORK_20260820_SECOND_PASS_V3_round01	MANUAL_EMERGENCY_WORK V3 exact Oxford identity; source_index=5000; definition_path=/us/definition/english/squeeze_1; stable_id=PASS; exact_definition='to press something, especially with your fingers'; selected_candidate_method=en_wiktionary_matching_pos_uk_translation	PASS: source-grounded second pass; method=en_wiktionary_matching_pos_uk_translation; exact Oxford definition='to press something, especially with your fingers'; candidate='сти́скувати'; reverse='stylize'; lexical=0.429; candidate_definition_similarity=0.431; reverse_definition_similarity=0.225; semantic=0.431; POS/language checks PASS.
ox5000-442407d81c34948f3e01	stability	noun	C1	стабільність (нуун): якість або стан сталості, не змінивши або не будучи засмученим (= якість стабільності)	verified	MANUAL_EMERGENCY_WORK_20260820_FIRST_PASS_V3_round01	MANUAL_EMERGENCY_WORK_20260820_SECOND_PASS_V3_round01	MANUAL_EMERGENCY_WORK V3 exact Oxford identity; source_index=5002; definition_path=/us/definition/english/stability; stable_id=PASS; exact_definition='the quality or state of being steady and not changing or being upset in any way (= the quality of being stable)'; selected_candidate_method=Helsinki-NLP/opus-mt-en-uk_contextual_definition_candidate	PASS: source-grounded second pass; method=Helsinki-NLP/opus-mt-en-uk_contextual_definition_candidate; exact Oxford definition='the quality or state of being steady and not changing or being upset in any way (= the quality of being stable)'; candidate='стабільність (нуун): якість або стан сталості, не змінивши або не будучи засмученим (= якість стабільності)'; reverse='stability (nuun): quality or constant state without changing or feeling upset (= quality of stability)'; lexical=1.000; candidate_definition_similarity=0.807; reverse_definition_similarity=0.804; semantic=0.807; POS/language checks PASS.
ox5000-fd492cc26eb07b2e4fa9	stabilize	verb	C1	стабілізація (верпло): стати або зробити щось незмінним і навряд чи змінити його; зробити щось стабільним	verified	MANUAL_EMERGENCY_WORK_20260820_FIRST_PASS_V3_round01	MANUAL_EMERGENCY_WORK_20260820_SECOND_PASS_V3_round01	MANUAL_EMERGENCY_WORK V3 exact Oxford identity; source_index=5003; definition_path=/us/definition/english/stabilize; stable_id=PASS; exact_definition='to become or to make something become steady and unlikely to change; to make something stable'; selected_candidate_method=Helsinki-NLP/opus-mt-en-uk_contextual_definition_candidate	PASS: source-grounded second pass; method=Helsinki-NLP/opus-mt-en-uk_contextual_definition_candidate; exact Oxford definition='to become or to make something become steady and unlikely to change; to make something stable'; candidate='стабілізація (верпло): стати або зробити щось незмінним і навряд чи змінити його; зробити щось стабільним'; reverse='stabilize (temple): to become or make something immutable, and it is unlikely to change; to make something stable'; lexical=1.000; candidate_definition_similarity=0.765; reverse_definition_similarity=0.748; semantic=0.765; POS/language checks PASS.
ox5000-980507a355dc07024a5e	standing	adjective	C1	стояння	verified	MANUAL_EMERGENCY_WORK_20260820_FIRST_PASS_V3_round01	MANUAL_EMERGENCY_WORK_20260820_SECOND_PASS_V3_round01	MANUAL_EMERGENCY_WORK V3 exact Oxford identity; source_index=5018; definition_path=/us/definition/english/standing_1; stable_id=PASS; exact_definition='done from a position in which you are standing rather than sitting or running'; selected_candidate_method=Helsinki-NLP/opus-mt-en-uk_surface_candidate	PASS: source-grounded second pass; method=Helsinki-NLP/opus-mt-en-uk_surface_candidate; exact Oxford definition='done from a position in which you are standing rather than sitting or running'; candidate='стояння'; reverse='standing'; lexical=1.000; candidate_definition_similarity=0.581; reverse_definition_similarity=0.457; semantic=0.581; POS/language checks PASS.
ox5000-4a62354eea2aa0c1fe7e	stark	adjective	C1	гнучкий	verified	MANUAL_EMERGENCY_WORK_20260820_FIRST_PASS_V3_round01	MANUAL_EMERGENCY_WORK_20260820_SECOND_PASS_V3_round01	MANUAL_EMERGENCY_WORK V3 exact Oxford identity; source_index=5022; definition_path=/us/definition/english/stark_1; stable_id=PASS; exact_definition='unpleasant; real, and impossible to avoid'; selected_candidate_method=Helsinki-NLP/opus-mt-en-uk_surface_candidate	PASS: source-grounded second pass; method=Helsinki-NLP/opus-mt-en-uk_surface_candidate; exact Oxford definition='unpleasant; real, and impossible to avoid'; candidate='гнучкий'; reverse='soft'; lexical=0.444; candidate_definition_similarity=0.550; reverse_definition_similarity=0.357; semantic=0.550; POS/language checks PASS.
ox5000-616ed2e87cf312a1d154	statistical	adjective	C1	Статистика (примітка): з' єднано або засновано на статистичних даних	verified	MANUAL_EMERGENCY_WORK_20260820_FIRST_PASS_V3_round01	MANUAL_EMERGENCY_WORK_20260820_SECOND_PASS_V3_round01	MANUAL_EMERGENCY_WORK V3 exact Oxford identity; source_index=5032; definition_path=/us/definition/english/statistical; stable_id=PASS; exact_definition='connected with or based on statistics'; selected_candidate_method=Helsinki-NLP/opus-mt-en-uk_contextual_definition_candidate	"PASS: source-grounded second pass; method=Helsinki-NLP/opus-mt-en-uk_contextual_definition_candidate; exact Oxford definition='connected with or based on statistics'; candidate=""Статистика (примітка): з' єднано або засновано на статистичних даних""; reverse='Statistics (note): Connected or based on statistics'; lexical=0.339; candidate_definition_similarity=0.874; reverse_definition_similarity=0.889; semantic=0.889; POS/language checks PASS."
ox5000-1d6a1167f6e0068fbfc2	steadily	adverb	B2	неухильно	verified	MANUAL_EMERGENCY_WORK_20260820_FIRST_PASS_V3_round01	MANUAL_EMERGENCY_WORK_20260820_SECOND_PASS_V3_round01	MANUAL_EMERGENCY_WORK V3 exact Oxford identity; source_index=5037; definition_path=/us/definition/english/steadily; stable_id=PASS; exact_definition='gradually and in an even and regular way'; selected_candidate_method=Helsinki-NLP/opus-mt-en-uk_surface_candidate	PASS: source-grounded second pass; method=Helsinki-NLP/opus-mt-en-uk_surface_candidate; exact Oxford definition='gradually and in an even and regular way'; candidate='неухильно'; reverse='rigidly'; lexical=0.400; candidate_definition_similarity=0.351; reverse_definition_similarity=0.396; semantic=0.396; POS/language checks PASS.
ox5000-14abb43eba14f012e5eb	steam	noun	B2	пара (нун): гарячий газ, у який змінюється вода, коли вона кипить.	verified	MANUAL_EMERGENCY_WORK_20260820_FIRST_PASS_V3_round01	MANUAL_EMERGENCY_WORK_20260820_SECOND_PASS_V3_round01	MANUAL_EMERGENCY_WORK V3 exact Oxford identity; source_index=5040; definition_path=/us/definition/english/steam_1; stable_id=PASS; exact_definition='the hot gas that water changes into when it boils'; selected_candidate_method=Helsinki-NLP/opus-mt-en-uk_contextual_definition_candidate	PASS: source-grounded second pass; method=Helsinki-NLP/opus-mt-en-uk_contextual_definition_candidate; exact Oxford definition='the hot gas that water changes into when it boils'; candidate='пара (нун): гарячий газ, у який змінюється вода, коли вона кипить.'; reverse='steam: A hot gas that changes water to when it boils.'; lexical=1.000; candidate_definition_similarity=0.903; reverse_definition_similarity=0.875; semantic=0.903; POS/language checks PASS.
ox5000-13c31eaba6790c6b13a1	stem	noun	C1	стебло (нуун): головна довга, тонка частина рослини над землею, з якої ростуть листя або квіти; менша частина, яка росте від цього й підтримує квіти або листочки.	verified	MANUAL_EMERGENCY_WORK_20260820_FIRST_PASS_V3_round01	MANUAL_EMERGENCY_WORK_20260820_SECOND_PASS_V3_round01	MANUAL_EMERGENCY_WORK V3 exact Oxford identity; source_index=5044; definition_path=/us/definition/english/stem_1; stable_id=PASS; exact_definition='the main long, thin part of a plant above the ground from which the leaves or flowers grow; a smaller part that grows from this and supports flowers or leaves'; selected_candidate_method=Helsinki-NLP/opus-mt-en-uk_contextual_definition_candidate	PASS: source-grounded second pass; method=Helsinki-NLP/opus-mt-en-uk_contextual_definition_candidate; exact Oxford definition='the main long, thin part of a plant above the ground from which the leaves or flowers grow; a smaller part that grows from this and supports flowers or leaves'; candidate='стебло (нуун): головна довга, тонка частина рослини над землею, з якої ростуть листя або квіти; менша частина, яка росте від цього й підтримує квіти або листочки.'; reverse='stem: The main, thin part of the plant above the ground, which produces leaves or flowers; the smaller part, which grows from this and supports flowers or leaves.'; lexical=1.000; candidate_definition_similarity=0.812; reverse_definition_similarity=0.817; semantic=0.817; POS/language checks PASS.
ox5000-e38d745fe829cedf1374	stereotype	noun	C1	стереотип (ніун): фіксована ідея або образ, яких багато людей мають про якусь особу або річ, але яка часто не є правдива в дійсності і може пошкодити і образити	verified	MANUAL_EMERGENCY_WORK_20260820_FIRST_PASS_V3_round01	MANUAL_EMERGENCY_WORK_20260820_SECOND_PASS_V3_round01	MANUAL_EMERGENCY_WORK V3 exact Oxford identity; source_index=5048; definition_path=/us/definition/english/stereotype_1; stable_id=PASS; exact_definition='a fixed idea or image that many people have of a particular type of person or thing, but which is often not true in reality and may cause hurt and offence'; selected_candidate_method=Helsinki-NLP/opus-mt-en-uk_contextual_definition_candidate	PASS: source-grounded second pass; method=Helsinki-NLP/opus-mt-en-uk_contextual_definition_candidate; exact Oxford definition='a fixed idea or image that many people have of a particular type of person or thing, but which is often not true in reality and may cause hurt and offence'; candidate='стереотип (ніун): фіксована ідея або образ, яких багато людей мають про якусь особу або річ, але яка часто не є правдива в дійсності і може пошкодити і образити'; reverse='stereotype: a fixed idea or image that many people have about a person or thing, but which is often not true in real terms and can hurt and hurt'; lexical=1.000; candidate_definition_similarity=0.605; reverse_definition_similarity=0.675; semantic=0.675; POS/language checks PASS.
ox5000-3f1e3d183d1cbfa4b4c6	stimulate	verb	B2	стимулювати (клацання): щось розвивати або ставати більш активним; заохочувати щось	verified	MANUAL_EMERGENCY_WORK_20260820_FIRST_PASS_V3_round01	MANUAL_EMERGENCY_WORK_20260820_SECOND_PASS_V3_round01	MANUAL_EMERGENCY_WORK V3 exact Oxford identity; source_index=5055; definition_path=/us/definition/english/stimulate; stable_id=PASS; exact_definition='to make something develop or become more active; to encourage something'; selected_candidate_method=Helsinki-NLP/opus-mt-en-uk_contextual_definition_candidate	PASS: source-grounded second pass; method=Helsinki-NLP/opus-mt-en-uk_contextual_definition_candidate; exact Oxford definition='to make something develop or become more active; to encourage something'; candidate='стимулювати (клацання): щось розвивати або ставати більш активним; заохочувати щось'; reverse='stimulate (click) something to develop or become more active; encourage something'; lexical=1.000; candidate_definition_similarity=0.902; reverse_definition_similarity=0.804; semantic=0.902; POS/language checks PASS.
ox5000-9ac8563a536ea0c05871	stimulus	noun	C1	стимулювання	verified	MANUAL_EMERGENCY_WORK_20260820_FIRST_PASS_V3_round01	MANUAL_EMERGENCY_WORK_20260820_SECOND_PASS_V3_round01	MANUAL_EMERGENCY_WORK V3 exact Oxford identity; source_index=5056; definition_path=/us/definition/english/stimulus; stable_id=PASS; exact_definition='something that helps somebody/something to develop better or more quickly'; selected_candidate_method=Helsinki-NLP/opus-mt-en-uk_surface_candidate	PASS: source-grounded second pass; method=Helsinki-NLP/opus-mt-en-uk_surface_candidate; exact Oxford definition='something that helps somebody/something to develop better or more quickly'; candidate='стимулювання'; reverse='stimulation'; lexical=0.632; candidate_definition_similarity=0.469; reverse_definition_similarity=0.434; semantic=0.469; POS/language checks PASS.
ox5000-5a639bd32b6fa05828e2	storage	noun	C1	зберігання (нуун): процес збереження чогось в певному місці, доки не буде потрібно; простір, де речі можна зберігати	verified	MANUAL_EMERGENCY_WORK_20260820_FIRST_PASS_V3_round01	MANUAL_EMERGENCY_WORK_20260820_SECOND_PASS_V3_round01	MANUAL_EMERGENCY_WORK V3 exact Oxford identity; source_index=5063; definition_path=/us/definition/english/storage; stable_id=PASS; exact_definition='the process of keeping something in a particular place until it is needed; the space where things can be kept'; selected_candidate_method=Helsinki-NLP/opus-mt-en-uk_contextual_definition_candidate	PASS: source-grounded second pass; method=Helsinki-NLP/opus-mt-en-uk_contextual_definition_candidate; exact Oxford definition='the process of keeping something in a particular place until it is needed; the space where things can be kept'; candidate='зберігання (нуун): процес збереження чогось в певному місці, доки не буде потрібно; простір, де речі можна зберігати'; reverse='storage (nuun): Saving something in a certain place until required; space where things can be stored'; lexical=1.000; candidate_definition_similarity=0.823; reverse_definition_similarity=0.758; semantic=0.823; POS/language checks PASS.
ox5000-a1c00469b0bc4fe597c6	strand	noun	C1	Нитка	verified	MANUAL_EMERGENCY_WORK_20260820_FIRST_PASS_V3_round01	MANUAL_EMERGENCY_WORK_20260820_SECOND_PASS_V3_round01	MANUAL_EMERGENCY_WORK V3 exact Oxford identity; source_index=5072; definition_path=/us/definition/english/strand_1; stable_id=PASS; exact_definition='a single thin piece of thread , wire, hair, etc.'; selected_candidate_method=Helsinki-NLP/opus-mt-en-uk_surface_candidate	PASS: source-grounded second pass; method=Helsinki-NLP/opus-mt-en-uk_surface_candidate; exact Oxford definition='a single thin piece of thread , wire, hair, etc.'; candidate='Нитка'; reverse='Thread'; lexical=0.667; candidate_definition_similarity=0.296; reverse_definition_similarity=0.506; semantic=0.506; POS/language checks PASS.
ox5000-f4d56c8c46e4d6f772c3	strategic	adjective	C1	стратегічний (прикметник): виконаний як частина плану, який призначений для досягнення певної мети або для отримання переваги.	verified	MANUAL_EMERGENCY_WORK_20260820_FIRST_PASS_V3_round01	MANUAL_EMERGENCY_WORK_20260820_SECOND_PASS_V3_round01	MANUAL_EMERGENCY_WORK V3 exact Oxford identity; source_index=5075; definition_path=/us/definition/english/strategic; stable_id=PASS; exact_definition='done as part of a plan that is meant to achieve a particular purpose or to gain an advantage'; selected_candidate_method=Helsinki-NLP/opus-mt-en-uk_contextual_definition_candidate	PASS: source-grounded second pass; method=Helsinki-NLP/opus-mt-en-uk_contextual_definition_candidate; exact Oxford definition='done as part of a plan that is meant to achieve a particular purpose or to gain an advantage'; candidate='стратегічний (прикметник): виконаний як частина плану, який призначений для досягнення певної мети або для отримання переваги.'; reverse='Strategic (announcer): Is done as part of a plan that is designed to achieve a specific goal or to gain advantage.'; lexical=1.000; candidate_definition_similarity=0.777; reverse_definition_similarity=0.745; semantic=0.777; POS/language checks PASS.
ox5000-5596e88919f103c35872	strictly	adverb	B2	строго ( прислівник): з великою кількістю контролю і правил, які потрібно слухатися	verified	MANUAL_EMERGENCY_WORK_20260820_FIRST_PASS_V3_round01	MANUAL_EMERGENCY_WORK_20260820_SECOND_PASS_V3_round01	MANUAL_EMERGENCY_WORK V3 exact Oxford identity; source_index=5086; definition_path=/us/definition/english/strictly; stable_id=PASS; exact_definition='with a lot of control and rules that must be obeyed'; selected_candidate_method=Helsinki-NLP/opus-mt-en-uk_contextual_definition_candidate	PASS: source-grounded second pass; method=Helsinki-NLP/opus-mt-en-uk_contextual_definition_candidate; exact Oxford definition='with a lot of control and rules that must be obeyed'; candidate='строго ( прислівник): з великою кількістю контролю і правил, які потрібно слухатися'; reverse='strictly (Adverb): with lots of controls and rules to obey'; lexical=1.000; candidate_definition_similarity=0.828; reverse_definition_similarity=0.645; semantic=0.828; POS/language checks PASS.
ox5000-41f1166ff1765ca1a266	striking	adjective	C1	вража́ючий	verified	MANUAL_EMERGENCY_WORK_20260820_FIRST_PASS_V3_round01	MANUAL_EMERGENCY_WORK_20260820_SECOND_PASS_V3_round01	MANUAL_EMERGENCY_WORK V3 exact Oxford identity; source_index=5089; definition_path=/us/definition/english/striking; stable_id=PASS; exact_definition='interesting and unusual enough to attract attention'; selected_candidate_method=en_wiktionary_matching_pos_uk_translation	PASS: source-grounded second pass; method=en_wiktionary_matching_pos_uk_translation; exact Oxford definition='interesting and unusual enough to attract attention'; candidate='вража́ючий'; reverse='mind - boggling'; lexical=0.381; candidate_definition_similarity=0.465; reverse_definition_similarity=0.451; semantic=0.465; POS/language checks PASS.
ox5000-a00df9b6f8f4eda1bb71	strive	verb	C1	стара́тися	verified	MANUAL_EMERGENCY_WORK_20260820_FIRST_PASS_V3_round01	MANUAL_EMERGENCY_WORK_20260820_SECOND_PASS_V3_round01	MANUAL_EMERGENCY_WORK V3 exact Oxford identity; source_index=5093; definition_path=/us/definition/english/strive; stable_id=PASS; exact_definition='to try very hard to achieve something'; selected_candidate_method=en_wiktionary_matching_pos_uk_translation	PASS: source-grounded second pass; method=en_wiktionary_matching_pos_uk_translation; exact Oxford definition='to try very hard to achieve something'; candidate='стара́тися'; reverse='Try to'; lexical=0.333; candidate_definition_similarity=0.670; reverse_definition_similarity=0.657; semantic=0.670; POS/language checks PASS.
ox5000-49b93769290b41d3ccca	structural	adjective	C1	структурний (підприємець): з' єднаний з способом побудови або впорядкування об' єктів	verified	MANUAL_EMERGENCY_WORK_20260820_FIRST_PASS_V3_round01	MANUAL_EMERGENCY_WORK_20260820_SECOND_PASS_V3_round01	MANUAL_EMERGENCY_WORK V3 exact Oxford identity; source_index=5097; definition_path=/us/definition/english/structural; stable_id=PASS; exact_definition='connected with the way in which something is built or organized'; selected_candidate_method=Helsinki-NLP/opus-mt-en-uk_contextual_definition_candidate	"PASS: source-grounded second pass; method=Helsinki-NLP/opus-mt-en-uk_contextual_definition_candidate; exact Oxford definition='connected with the way in which something is built or organized'; candidate=""структурний (підприємець): з' єднаний з способом побудови або впорядкування об' єктів""; reverse='structural (entrepreneur): Connected to construct or organize objects'; lexical=1.000; candidate_definition_similarity=0.740; reverse_definition_similarity=0.683; semantic=0.740; POS/language checks PASS."
ox5000-e83d2cfb6067f7ef6f2b	stumble	verb	C1	спіткнутися (версія): вдарити ногою до чогось під час ходьби або бігу і майже впасти	verified	MANUAL_EMERGENCY_WORK_20260820_FIRST_PASS_V3_round01	MANUAL_EMERGENCY_WORK_20260820_SECOND_PASS_V3_round01	MANUAL_EMERGENCY_WORK V3 exact Oxford identity; source_index=5108; definition_path=/us/definition/english/stumble_2; stable_id=PASS; exact_definition='to hit your foot against something while you are walking or running and almost fall'; selected_candidate_method=Helsinki-NLP/opus-mt-en-uk_contextual_definition_candidate	PASS: source-grounded second pass; method=Helsinki-NLP/opus-mt-en-uk_contextual_definition_candidate; exact Oxford definition='to hit your foot against something while you are walking or running and almost fall'; candidate='спіткнутися (версія): вдарити ногою до чогось під час ходьби або бігу і майже впасти'; reverse='stumble: kick at something while walking or running and nearly fall'; lexical=1.000; candidate_definition_similarity=0.910; reverse_definition_similarity=0.861; semantic=0.910; POS/language checks PASS.
ox5000-55ac4bfa74eaba162150	stun	verb	C1	приголо́мшувати	verified	MANUAL_EMERGENCY_WORK_20260820_FIRST_PASS_V3_round01	MANUAL_EMERGENCY_WORK_20260820_SECOND_PASS_V3_round01	MANUAL_EMERGENCY_WORK V3 exact Oxford identity; source_index=5109; definition_path=/us/definition/english/stun; stable_id=PASS; exact_definition='to make a person or an animal unconscious for a short time, especially by hitting them on the head'; selected_candidate_method=en_wiktionary_matching_pos_uk_translation	PASS: source-grounded second pass; method=en_wiktionary_matching_pos_uk_translation; exact Oxford definition='to make a person or an animal unconscious for a short time, especially by hitting them on the head'; candidate='приголо́мшувати'; reverse='saying a greeting'; lexical=0.286; candidate_definition_similarity=0.425; reverse_definition_similarity=0.102; semantic=0.425; POS/language checks PASS.
ox5000-d26b4cc191e0d78756fd	stunning	adjective	B2	Приголомшливий	verified	MANUAL_EMERGENCY_WORK_20260820_FIRST_PASS_V3_round01	MANUAL_EMERGENCY_WORK_20260820_SECOND_PASS_V3_round01	MANUAL_EMERGENCY_WORK V3 exact Oxford identity; source_index=5110; definition_path=/us/definition/english/stunning; stable_id=PASS; exact_definition='extremely attractive or impressive'; selected_candidate_method=Helsinki-NLP/opus-mt-en-uk_surface_candidate	PASS: source-grounded second pass; method=Helsinki-NLP/opus-mt-en-uk_surface_candidate; exact Oxford definition='extremely attractive or impressive'; candidate='Приголомшливий'; reverse='Stunning'; lexical=1.000; candidate_definition_similarity=0.545; reverse_definition_similarity=0.482; semantic=0.545; POS/language checks PASS.
ox5000-3d00922475004cf93a94	submission	noun	C1	Підкорення (нуун): акт прийняття того, що хтось переміг вас і що ви повинні слухатися їх	verified	MANUAL_EMERGENCY_WORK_20260820_FIRST_PASS_V3_round01	MANUAL_EMERGENCY_WORK_20260820_SECOND_PASS_V3_round01	MANUAL_EMERGENCY_WORK V3 exact Oxford identity; source_index=5115; definition_path=/us/definition/english/submission; stable_id=PASS; exact_definition='the act of accepting that somebody has defeated you and that you must obey them'; selected_candidate_method=Helsinki-NLP/opus-mt-en-uk_contextual_definition_candidate	PASS: source-grounded second pass; method=Helsinki-NLP/opus-mt-en-uk_contextual_definition_candidate; exact Oxford definition='the act of accepting that somebody has defeated you and that you must obey them'; candidate='Підкорення (нуун): акт прийняття того, що хтось переміг вас і що ви повинні слухатися їх'; reverse='Submission: An act of accepting that someone has defeated you and that you should obey them'; lexical=1.000; candidate_definition_similarity=0.861; reverse_definition_similarity=0.896; semantic=0.896; POS/language checks PASS.
ox5000-f2e7ff182fba2f7b32ce	subscriber	noun	C1	передплатник (ноун): людина, яка платить гроші, як правило, раз на рік, щоб регулярно отримувати журнали або газети або мати доступ до них он - лайн	verified	MANUAL_EMERGENCY_WORK_20260820_FIRST_PASS_V3_round01	MANUAL_EMERGENCY_WORK_20260820_SECOND_PASS_V3_round01	MANUAL_EMERGENCY_WORK V3 exact Oxford identity; source_index=5117; definition_path=/us/definition/english/subscriber; stable_id=PASS; exact_definition='a person who pays money, usually once a year, to receive regular copies of a magazine or newspaper or have access to it online'; selected_candidate_method=Helsinki-NLP/opus-mt-en-uk_contextual_definition_candidate	PASS: source-grounded second pass; method=Helsinki-NLP/opus-mt-en-uk_contextual_definition_candidate; exact Oxford definition='a person who pays money, usually once a year, to receive regular copies of a magazine or newspaper or have access to it online'; candidate='передплатник (ноун): людина, яка платить гроші, як правило, раз на рік, щоб регулярно отримувати журнали або газети або мати доступ до них он - лайн'; reverse='subscriber: A person who pays money usually once a year to receive magazines or newspapers regularly or to have access to them online'; lexical=1.000; candidate_definition_similarity=0.876; reverse_definition_similarity=0.871; semantic=0.876; POS/language checks PASS.
ox5000-723f59ddea1be37debf4	subsequent	adjective	B2	Наступне	verified	MANUAL_EMERGENCY_WORK_20260820_FIRST_PASS_V3_round01	MANUAL_EMERGENCY_WORK_20260820_SECOND_PASS_V3_round01	MANUAL_EMERGENCY_WORK V3 exact Oxford identity; source_index=5119; definition_path=/us/definition/english/subsequent; stable_id=PASS; exact_definition='happening or coming after something else'; selected_candidate_method=Helsinki-NLP/opus-mt-en-uk_surface_candidate	PASS: source-grounded second pass; method=Helsinki-NLP/opus-mt-en-uk_surface_candidate; exact Oxford definition='happening or coming after something else'; candidate='Наступне'; reverse='Next'; lexical=0.286; candidate_definition_similarity=0.500; reverse_definition_similarity=0.477; semantic=0.500; POS/language checks PASS.
ox5000-4a4f06882bc795737f54	subsidy	noun	C1	субсидії (ноун): гроші, які платить уряд або організація, щоб зменшити витрати на послуги або виробництво товару, щоб їхні ціни були низькі.	verified	MANUAL_EMERGENCY_WORK_20260820_FIRST_PASS_V3_round01	MANUAL_EMERGENCY_WORK_20260820_SECOND_PASS_V3_round01	MANUAL_EMERGENCY_WORK V3 exact Oxford identity; source_index=5121; definition_path=/us/definition/english/subsidy; stable_id=PASS; exact_definition='money that is paid by a government or an organization to reduce the costs of services or of producing goods so that their prices can be kept low'; selected_candidate_method=Helsinki-NLP/opus-mt-en-uk_contextual_definition_candidate	PASS: source-grounded second pass; method=Helsinki-NLP/opus-mt-en-uk_contextual_definition_candidate; exact Oxford definition='money that is paid by a government or an organization to reduce the costs of services or of producing goods so that their prices can be kept low'; candidate='субсидії (ноун): гроші, які платить уряд або організація, щоб зменшити витрати на послуги або виробництво товару, щоб їхні ціни були низькі.'; reverse='Subsidy: Money paid by the government or organization to reduce the cost of service or product production so that their prices would be low.'; lexical=1.000; candidate_definition_similarity=0.843; reverse_definition_similarity=0.858; semantic=0.858; POS/language checks PASS.
ox5000-0d5fda15b316d6849f9b	substitution	noun	C1	Підстановка	verified	MANUAL_EMERGENCY_WORK_20260820_FIRST_PASS_V3_round01	MANUAL_EMERGENCY_WORK_20260820_SECOND_PASS_V3_round01	MANUAL_EMERGENCY_WORK V3 exact Oxford identity; source_index=5127; definition_path=/us/definition/english/substitution; stable_id=PASS; exact_definition='an act of using one person or thing in the place of another'; selected_candidate_method=Helsinki-NLP/opus-mt-en-uk_surface_candidate	PASS: source-grounded second pass; method=Helsinki-NLP/opus-mt-en-uk_surface_candidate; exact Oxford definition='an act of using one person or thing in the place of another'; candidate='Підстановка'; reverse='Subline'; lexical=0.526; candidate_definition_similarity=0.472; reverse_definition_similarity=0.176; semantic=0.472; POS/language checks PASS.
ox5000-76af4dafb040a67a8415	suburb	noun	B2	передмістя	verified	MANUAL_EMERGENCY_WORK_20260820_FIRST_PASS_V3_round01	MANUAL_EMERGENCY_WORK_20260820_SECOND_PASS_V3_round01	MANUAL_EMERGENCY_WORK V3 exact Oxford identity; source_index=5129; definition_path=/us/definition/english/suburb; stable_id=PASS; exact_definition='an area where people live that is outside the centre of a city'; selected_candidate_method=Helsinki-NLP/opus-mt-en-uk_surface_candidate	PASS: source-grounded second pass; method=Helsinki-NLP/opus-mt-en-uk_surface_candidate; exact Oxford definition='an area where people live that is outside the centre of a city'; candidate='передмістя'; reverse='suburbs'; lexical=1.000; candidate_definition_similarity=0.671; reverse_definition_similarity=0.540; semantic=0.671; POS/language checks PASS.
ox5000-7b16ec3d91247c36cd14	successive	adjective	C1	послідовний	verified	MANUAL_EMERGENCY_WORK_20260820_FIRST_PASS_V3_round01	MANUAL_EMERGENCY_WORK_20260820_SECOND_PASS_V3_round01	MANUAL_EMERGENCY_WORK V3 exact Oxford identity; source_index=5136; definition_path=/us/definition/english/successive; stable_id=PASS; exact_definition='following immediately one after the other'; selected_candidate_method=Helsinki-NLP/opus-mt-en-uk_surface_candidate	PASS: source-grounded second pass; method=Helsinki-NLP/opus-mt-en-uk_surface_candidate; exact Oxford definition='following immediately one after the other'; candidate='послідовний'; reverse='serial'; lexical=0.375; candidate_definition_similarity=0.508; reverse_definition_similarity=0.189; semantic=0.508; POS/language checks PASS.
ox5000-f4962865b424cf13c615	suffering	noun	B2	страждання (нун): фізичний або психічний біль	verified	MANUAL_EMERGENCY_WORK_20260820_FIRST_PASS_V3_round01	MANUAL_EMERGENCY_WORK_20260820_SECOND_PASS_V3_round01	MANUAL_EMERGENCY_WORK V3 exact Oxford identity; source_index=5145; definition_path=/us/definition/english/suffering; stable_id=PASS; exact_definition='physical or mental pain'; selected_candidate_method=Helsinki-NLP/opus-mt-en-uk_contextual_definition_candidate	PASS: source-grounded second pass; method=Helsinki-NLP/opus-mt-en-uk_contextual_definition_candidate; exact Oxford definition='physical or mental pain'; candidate='страждання (нун): фізичний або психічний біль'; reverse='suffering (nun): physical or mental pain'; lexical=1.000; candidate_definition_similarity=0.825; reverse_definition_similarity=0.817; semantic=0.825; POS/language checks PASS.
ox5000-ddd9d4b54015a4746b00	sufficient	adjective	B2	доста́тній	verified	MANUAL_EMERGENCY_WORK_20260820_FIRST_PASS_V3_round01	MANUAL_EMERGENCY_WORK_20260820_SECOND_PASS_V3_round01	MANUAL_EMERGENCY_WORK V3 exact Oxford identity; source_index=5146; definition_path=/us/definition/english/sufficient; stable_id=PASS; exact_definition='enough for a particular purpose; as much as you need'; selected_candidate_method=en_wiktionary_matching_pos_uk_translation	PASS: source-grounded second pass; method=en_wiktionary_matching_pos_uk_translation; exact Oxford definition='enough for a particular purpose; as much as you need'; candidate='доста́тній'; reverse='caretary'; lexical=0.333; candidate_definition_similarity=0.600; reverse_definition_similarity=0.211; semantic=0.600; POS/language checks PASS.
ox5000-f14a9f52de234c78bc5b	suicide	noun	C1	Самогубство (нуун): акт навмисного вбивства себе.	verified	MANUAL_EMERGENCY_WORK_20260820_FIRST_PASS_V3_round01	MANUAL_EMERGENCY_WORK_20260820_SECOND_PASS_V3_round01	MANUAL_EMERGENCY_WORK V3 exact Oxford identity; source_index=5151; definition_path=/us/definition/english/suicide; stable_id=PASS; exact_definition='the act of killing yourself deliberately'; selected_candidate_method=Helsinki-NLP/opus-mt-en-uk_contextual_definition_candidate	PASS: source-grounded second pass; method=Helsinki-NLP/opus-mt-en-uk_contextual_definition_candidate; exact Oxford definition='the act of killing yourself deliberately'; candidate='Самогубство (нуун): акт навмисного вбивства себе.'; reverse='Suicide (nuun): An act of deliberate self - murder.'; lexical=1.000; candidate_definition_similarity=0.855; reverse_definition_similarity=0.818; semantic=0.855; POS/language checks PASS.
ox5000-d3218ed691f57338f79e	summit	noun	C1	са́міт	verified	MANUAL_EMERGENCY_WORK_20260820_FIRST_PASS_V3_round01	MANUAL_EMERGENCY_WORK_20260820_SECOND_PASS_V3_round01	MANUAL_EMERGENCY_WORK V3 exact Oxford identity; source_index=5161; definition_path=/us/definition/english/summit; stable_id=PASS; exact_definition='the highest point of something, especially the top of a mountain'; selected_candidate_method=en_wiktionary_matching_pos_uk_translation	PASS: source-grounded second pass; method=en_wiktionary_matching_pos_uk_translation; exact Oxford definition='the highest point of something, especially the top of a mountain'; candidate='са́міт'; reverse='samit'; lexical=0.727; candidate_definition_similarity=0.267; reverse_definition_similarity=0.551; semantic=0.551; POS/language checks PASS.
ox5000-7064fdc8b7ba04f54658	superior	adjective	C1	вищий (підмет): кращий у якості, ніж хтось або щось інше; більший за когось або щось інше	verified	MANUAL_EMERGENCY_WORK_20260820_FIRST_PASS_V3_round01	MANUAL_EMERGENCY_WORK_20260820_SECOND_PASS_V3_round01	MANUAL_EMERGENCY_WORK V3 exact Oxford identity; source_index=5166; definition_path=/us/definition/english/superior_1; stable_id=PASS; exact_definition='better in quality than somebody/something else; greater than somebody/something else'; selected_candidate_method=Helsinki-NLP/opus-mt-en-uk_contextual_definition_candidate	PASS: source-grounded second pass; method=Helsinki-NLP/opus-mt-en-uk_contextual_definition_candidate; exact Oxford definition='better in quality than somebody/something else; greater than somebody/something else'; candidate='вищий (підмет): кращий у якості, ніж хтось або щось інше; більший за когось або щось інше'; reverse='superior: better as a quality than someone or something else; greater than someone or something else'; lexical=1.000; candidate_definition_similarity=0.837; reverse_definition_similarity=0.864; semantic=0.864; POS/language checks PASS.
ox5000-08b83131fe088fbcbcae	supplement	noun	C1	додаток	verified	MANUAL_EMERGENCY_WORK_20260820_FIRST_PASS_V3_round01	MANUAL_EMERGENCY_WORK_20260820_SECOND_PASS_V3_round01	MANUAL_EMERGENCY_WORK V3 exact Oxford identity; source_index=5171; definition_path=/us/definition/english/supplement_1; stable_id=PASS; exact_definition='a thing that is added to something else to improve or complete it'; selected_candidate_method=Helsinki-NLP/opus-mt-en-uk_surface_candidate	PASS: source-grounded second pass; method=Helsinki-NLP/opus-mt-en-uk_surface_candidate; exact Oxford definition='a thing that is added to something else to improve or complete it'; candidate='додаток'; reverse='plugin'; lexical=0.375; candidate_definition_similarity=0.382; reverse_definition_similarity=0.302; semantic=0.382; POS/language checks PASS.
ox5000-f982dcdb54241885dad3	supportive	adjective	C1	Підтримка (підтвердження): заохочувати когось або надавати йому допомогу або співчуття	verified	MANUAL_EMERGENCY_WORK_20260820_FIRST_PASS_V3_round01	MANUAL_EMERGENCY_WORK_20260820_SECOND_PASS_V3_round01	MANUAL_EMERGENCY_WORK V3 exact Oxford identity; source_index=5178; definition_path=/us/definition/english/supportive; stable_id=PASS; exact_definition='encouraging somebody or giving them help or sympathy'; selected_candidate_method=Helsinki-NLP/opus-mt-en-uk_contextual_definition_candidate	PASS: source-grounded second pass; method=Helsinki-NLP/opus-mt-en-uk_contextual_definition_candidate; exact Oxford definition='encouraging somebody or giving them help or sympathy'; candidate='Підтримка (підтвердження): заохочувати когось або надавати йому допомогу або співчуття'; reverse='Support (affirm): To encourage or help or sympathy'; lexical=0.316; candidate_definition_similarity=0.875; reverse_definition_similarity=0.777; semantic=0.875; POS/language checks PASS.
ox5000-8b486bdadff5e1388afd	supposedly	adverb	C1	Припускають, що	verified	MANUAL_EMERGENCY_WORK_20260820_FIRST_PASS_V3_round01	MANUAL_EMERGENCY_WORK_20260820_SECOND_PASS_V3_round01	MANUAL_EMERGENCY_WORK V3 exact Oxford identity; source_index=5180; definition_path=/us/definition/english/supposedly; stable_id=PASS; exact_definition='according to what is generally thought or believed but not known for certain'; selected_candidate_method=Helsinki-NLP/opus-mt-en-uk_surface_candidate	PASS: source-grounded second pass; method=Helsinki-NLP/opus-mt-en-uk_surface_candidate; exact Oxford definition='according to what is generally thought or believed but not known for certain'; candidate='Припускають, що'; reverse='Supposedly,'; lexical=1.000; candidate_definition_similarity=0.459; reverse_definition_similarity=0.453; semantic=0.459; POS/language checks PASS.
ox5000-000b17fde2cc5f0c75cf	supreme	adjective	C1	найви́щий	verified	MANUAL_EMERGENCY_WORK_20260820_FIRST_PASS_V3_round01	MANUAL_EMERGENCY_WORK_20260820_SECOND_PASS_V3_round01	MANUAL_EMERGENCY_WORK V3 exact Oxford identity; source_index=5182; definition_path=/us/definition/english/supreme; stable_id=PASS; exact_definition='highest in rank or position'; selected_candidate_method=en_wiktionary_matching_pos_uk_translation	PASS: source-grounded second pass; method=en_wiktionary_matching_pos_uk_translation; exact Oxford definition='highest in rank or position'; candidate='найви́щий'; reverse='precipitous'; lexical=0.333; candidate_definition_similarity=0.491; reverse_definition_similarity=0.099; semantic=0.491; POS/language checks PASS.
ox5000-683371fe98fb2494347e	surgeon	noun	B2	Хірург (нун): лікар, навчений робити операції (=операції, які пов'язані з вирізанням людини з тіла).	verified	MANUAL_EMERGENCY_WORK_20260820_FIRST_PASS_V3_round01	MANUAL_EMERGENCY_WORK_20260820_SECOND_PASS_V3_round01	MANUAL_EMERGENCY_WORK V3 exact Oxford identity; source_index=5189; definition_path=/us/definition/english/surgeon; stable_id=PASS; exact_definition='a doctor who is trained to perform surgery (= medical operations that involve cutting open a person’s body)'; selected_candidate_method=Helsinki-NLP/opus-mt-en-uk_contextual_definition_candidate	"PASS: source-grounded second pass; method=Helsinki-NLP/opus-mt-en-uk_contextual_definition_candidate; exact Oxford definition='a doctor who is trained to perform surgery (= medical operations that involve cutting open a person’s body)'; candidate=""Хірург (нун): лікар, навчений робити операції (=операції, які пов'язані з вирізанням людини з тіла).""; reverse='Surgeon: A doctor who has been trained to perform surgery (=Operations that involve the removal of a person from a body).'; lexical=1.000; candidate_definition_similarity=0.874; reverse_definition_similarity=0.864; semantic=0.874; POS/language checks PASS."
ox5000-d19985124a31691cc7cb	surgical	adjective	C1	хірургічний (прикметник): використовується або з' єднується з операцією	verified	MANUAL_EMERGENCY_WORK_20260820_FIRST_PASS_V3_round01	MANUAL_EMERGENCY_WORK_20260820_SECOND_PASS_V3_round01	MANUAL_EMERGENCY_WORK V3 exact Oxford identity; source_index=5191; definition_path=/us/definition/english/surgical; stable_id=PASS; exact_definition='used in or connected with surgery'; selected_candidate_method=Helsinki-NLP/opus-mt-en-uk_contextual_definition_candidate	"PASS: source-grounded second pass; method=Helsinki-NLP/opus-mt-en-uk_contextual_definition_candidate; exact Oxford definition='used in or connected with surgery'; candidate=""хірургічний (прикметник): використовується або з' єднується з операцією""; reverse='surgical (announcer): used or connected to an operation'; lexical=1.000; candidate_definition_similarity=0.915; reverse_definition_similarity=0.903; semantic=0.915; POS/language checks PASS."
ox5000-d05afcb7a745bdf587c0	surplus	noun	C1	надлишок (нуль): кількість, яка є додатковою або більшою, ніж вам потрібно	verified	MANUAL_EMERGENCY_WORK_20260820_FIRST_PASS_V3_round01	MANUAL_EMERGENCY_WORK_20260820_SECOND_PASS_V3_round01	MANUAL_EMERGENCY_WORK V3 exact Oxford identity; source_index=5192; definition_path=/us/definition/english/surplus_1; stable_id=PASS; exact_definition='an amount that is extra or more than you need'; selected_candidate_method=Helsinki-NLP/opus-mt-en-uk_contextual_definition_candidate	PASS: source-grounded second pass; method=Helsinki-NLP/opus-mt-en-uk_contextual_definition_candidate; exact Oxford definition='an amount that is extra or more than you need'; candidate='надлишок (нуль): кількість, яка є додатковою або більшою, ніж вам потрібно'; reverse='surplus (zero): the amount which is additional or greater than you need'; lexical=1.000; candidate_definition_similarity=0.686; reverse_definition_similarity=0.654; semantic=0.686; POS/language checks PASS.
ox5000-1ad5757d788c4f542a4f	surrender	verb	C1	капітуляція: визнати, що ви зазнали поразки і хочете припинити бійку; дозволити себе спіймати, взяти в полон і т. д.	verified	MANUAL_EMERGENCY_WORK_20260820_FIRST_PASS_V3_round01	MANUAL_EMERGENCY_WORK_20260820_SECOND_PASS_V3_round01	MANUAL_EMERGENCY_WORK V3 exact Oxford identity; source_index=5197; definition_path=/us/definition/english/surrender_1; stable_id=PASS; exact_definition='to admit that you have been defeated and want to stop fighting; to allow yourself to be caught, taken prisoner, etc.'; selected_candidate_method=Helsinki-NLP/opus-mt-en-uk_contextual_definition_candidate	PASS: source-grounded second pass; method=Helsinki-NLP/opus-mt-en-uk_contextual_definition_candidate; exact Oxford definition='to admit that you have been defeated and want to stop fighting; to allow yourself to be caught, taken prisoner, etc.'; candidate='капітуляція: визнати, що ви зазнали поразки і хочете припинити бійку; дозволити себе спіймати, взяти в полон і т. д.'; reverse='The surrender: to admit that you have failed and want to stop fighting; to allow yourself to be caught, captured, etc.'; lexical=1.000; candidate_definition_similarity=0.769; reverse_definition_similarity=0.770; semantic=0.770; POS/language checks PASS.
ox5000-db20d124b37485de324e	survival	noun	B2	виживання (ніун): стан продовжання життя або існування, часто незважаючи на труднощі або небезпеки	verified	MANUAL_EMERGENCY_WORK_20260820_FIRST_PASS_V3_round01	MANUAL_EMERGENCY_WORK_20260820_SECOND_PASS_V3_round01	MANUAL_EMERGENCY_WORK V3 exact Oxford identity; source_index=5203; definition_path=/us/definition/english/survival_1; stable_id=PASS; exact_definition='the state of continuing to live or exist, often despite difficulty or danger'; selected_candidate_method=Helsinki-NLP/opus-mt-en-uk_contextual_definition_candidate	PASS: source-grounded second pass; method=Helsinki-NLP/opus-mt-en-uk_contextual_definition_candidate; exact Oxford definition='the state of continuing to live or exist, often despite difficulty or danger'; candidate='виживання (ніун): стан продовжання життя або існування, часто незважаючи на труднощі або небезпеки'; reverse='survival (Nun): A state of prolonging life or existence, often in spite of difficulties or dangers'; lexical=1.000; candidate_definition_similarity=0.799; reverse_definition_similarity=0.786; semantic=0.799; POS/language checks PASS.
ox5000-11c346a58277eceedce7	survivor	noun	B2	Той, хто залишився живим (нун): людина, яка продовжує жити, особливо якщо її майже не вб'ють або вона зазнає великої небезпеки чи труднощів.	verified	MANUAL_EMERGENCY_WORK_20260820_FIRST_PASS_V3_round01	MANUAL_EMERGENCY_WORK_20260820_SECOND_PASS_V3_round01	MANUAL_EMERGENCY_WORK V3 exact Oxford identity; source_index=5205; definition_path=/us/definition/english/survivor; stable_id=PASS; exact_definition='a person who continues to live, especially despite being nearly killed or experiencing great danger or difficulty'; selected_candidate_method=Helsinki-NLP/opus-mt-en-uk_contextual_definition_candidate	"PASS: source-grounded second pass; method=Helsinki-NLP/opus-mt-en-uk_contextual_definition_candidate; exact Oxford definition='a person who continues to live, especially despite being nearly killed or experiencing great danger or difficulty'; candidate=""Той, хто залишився живим (нун): людина, яка продовжує жити, особливо якщо її майже не вб'ють або вона зазнає великої небезпеки чи труднощів.""; reverse='The survivor: A person who lives on, especially if he is not nearly killed or is in great danger or difficulty.'; lexical=1.000; candidate_definition_similarity=0.884; reverse_definition_similarity=0.805; semantic=0.884; POS/language checks PASS."
ox5000-39b76d8929e1165dbad4	suspend	verb	B2	підві́сити	verified	MANUAL_EMERGENCY_WORK_20260820_FIRST_PASS_V3_round01	MANUAL_EMERGENCY_WORK_20260820_SECOND_PASS_V3_round01	MANUAL_EMERGENCY_WORK V3 exact Oxford identity; source_index=5208; definition_path=/us/definition/english/suspend; stable_id=PASS; exact_definition='to hang something from something else'; selected_candidate_method=en_wiktionary_matching_pos_uk_translation	PASS: source-grounded second pass; method=en_wiktionary_matching_pos_uk_translation; exact Oxford definition='to hang something from something else'; candidate='підві́сити'; reverse='hangup'; lexical=0.308; candidate_definition_similarity=0.461; reverse_definition_similarity=0.446; semantic=0.461; POS/language checks PASS.
ox5000-ccac0f8d2524d168842b	suspicion	noun	C1	підозра (ніно): відчуття, що хтось зробив щось не так, нелегально або нечесно, незважаючи на те, що у вас немає доказів	verified	MANUAL_EMERGENCY_WORK_20260820_FIRST_PASS_V3_round01	MANUAL_EMERGENCY_WORK_20260820_SECOND_PASS_V3_round01	MANUAL_EMERGENCY_WORK V3 exact Oxford identity; source_index=5210; definition_path=/us/definition/english/suspicion; stable_id=PASS; exact_definition='a feeling that somebody has done something wrong, illegal or dishonest, even though you have no proof'; selected_candidate_method=Helsinki-NLP/opus-mt-en-uk_contextual_definition_candidate	PASS: source-grounded second pass; method=Helsinki-NLP/opus-mt-en-uk_contextual_definition_candidate; exact Oxford definition='a feeling that somebody has done something wrong, illegal or dishonest, even though you have no proof'; candidate='підозра (ніно): відчуття, що хтось зробив щось не так, нелегально або нечесно, незважаючи на те, що у вас немає доказів'; reverse='suspicion (Nino): the feeling that someone has done something wrong is illegal or unfair, even though you have no evidence'; lexical=1.000; candidate_definition_similarity=0.931; reverse_definition_similarity=0.791; semantic=0.931; POS/language checks PASS.
ox5000-87789fecff14f054965c	suspicious	adjective	C1	підозрілий	verified	MANUAL_EMERGENCY_WORK_20260820_FIRST_PASS_V3_round01	MANUAL_EMERGENCY_WORK_20260820_SECOND_PASS_V3_round01	MANUAL_EMERGENCY_WORK V3 exact Oxford identity; source_index=5211; definition_path=/us/definition/english/suspicious; stable_id=PASS; exact_definition='feeling that somebody has done something wrong, illegal or dishonest, without having any proof'; selected_candidate_method=Helsinki-NLP/opus-mt-en-uk_surface_candidate	PASS: source-grounded second pass; method=Helsinki-NLP/opus-mt-en-uk_surface_candidate; exact Oxford definition='feeling that somebody has done something wrong, illegal or dishonest, without having any proof'; candidate='підозрілий'; reverse='suspicious'; lexical=1.000; candidate_definition_similarity=0.404; reverse_definition_similarity=0.319; semantic=0.404; POS/language checks PASS.
ox5000-e676b279f6201e401869	swing	noun	C1	гойдання (ніун): рух або ритм, що гойдається	verified	MANUAL_EMERGENCY_WORK_20260820_FIRST_PASS_V3_round01	MANUAL_EMERGENCY_WORK_20260820_SECOND_PASS_V3_round01	MANUAL_EMERGENCY_WORK V3 exact Oxford identity; source_index=5223; definition_path=/us/definition/english/swing_2; stable_id=PASS; exact_definition='a swinging movement or rhythm'; selected_candidate_method=Helsinki-NLP/opus-mt-en-uk_contextual_definition_candidate	PASS: source-grounded second pass; method=Helsinki-NLP/opus-mt-en-uk_contextual_definition_candidate; exact Oxford definition='a swinging movement or rhythm'; candidate='гойдання (ніун): рух або ритм, що гойдається'; reverse='swing (nean): rolling motion or rhythm'; lexical=1.000; candidate_definition_similarity=0.719; reverse_definition_similarity=0.875; semantic=0.875; POS/language checks PASS.
ox5000-0ce5eb78861b273aaf1c	swing	verb	C1	гойда́тися	verified	MANUAL_EMERGENCY_WORK_20260820_FIRST_PASS_V3_round01	MANUAL_EMERGENCY_WORK_20260820_SECOND_PASS_V3_round01	MANUAL_EMERGENCY_WORK V3 exact Oxford identity; source_index=5224; definition_path=/us/definition/english/swing_1; stable_id=PASS; exact_definition='to move backwards or forwards or from side to side while hanging from a fixed point; to make something do this'; selected_candidate_method=en_wiktionary_matching_pos_uk_translation	PASS: source-grounded second pass; method=en_wiktionary_matching_pos_uk_translation; exact Oxford definition='to move backwards or forwards or from side to side while hanging from a fixed point; to make something do this'; candidate='гойда́тися'; reverse='swing'; lexical=1.000; candidate_definition_similarity=0.411; reverse_definition_similarity=0.323; semantic=0.411; POS/language checks PASS.
ox5000-ee3e98c4ee0c3fc8fa11	sword	noun	C1	меч (нун): зброя з довгим металевим лезом (= гострий різання частини) і ручкою	verified	MANUAL_EMERGENCY_WORK_20260820_FIRST_PASS_V3_round01	MANUAL_EMERGENCY_WORK_20260820_SECOND_PASS_V3_round01	MANUAL_EMERGENCY_WORK V3 exact Oxford identity; source_index=5227; definition_path=/us/definition/english/sword; stable_id=PASS; exact_definition='a weapon with a long metal blade (= sharp cutting part) and a handle'; selected_candidate_method=Helsinki-NLP/opus-mt-en-uk_contextual_definition_candidate	PASS: source-grounded second pass; method=Helsinki-NLP/opus-mt-en-uk_contextual_definition_candidate; exact Oxford definition='a weapon with a long metal blade (= sharp cutting part) and a handle'; candidate='меч (нун): зброя з довгим металевим лезом (= гострий різання частини) і ручкою'; reverse='sword (nun): a long metal blade weapon (= sharp cutting part) and a handle'; lexical=1.000; candidate_definition_similarity=0.885; reverse_definition_similarity=0.877; semantic=0.885; POS/language checks PASS.
ox5000-f1e0eb9752570d31badb	symbolic	adjective	C1	Символічний (приміток): містить символи або використовується як символ	verified	MANUAL_EMERGENCY_WORK_20260820_FIRST_PASS_V3_round01	MANUAL_EMERGENCY_WORK_20260820_SECOND_PASS_V3_round01	MANUAL_EMERGENCY_WORK V3 exact Oxford identity; source_index=5229; definition_path=/us/definition/english/symbolic; stable_id=PASS; exact_definition='containing symbols, or being used as a symbol'; selected_candidate_method=Helsinki-NLP/opus-mt-en-uk_contextual_definition_candidate	PASS: source-grounded second pass; method=Helsinki-NLP/opus-mt-en-uk_contextual_definition_candidate; exact Oxford definition='containing symbols, or being used as a symbol'; candidate='Символічний (приміток): містить символи або використовується як символ'; reverse='Symbolic (note): contains symbols or is used as a symbol'; lexical=1.000; candidate_definition_similarity=0.894; reverse_definition_similarity=0.836; semantic=0.894; POS/language checks PASS.
ox5000-0da3c3e4cf1530bf6b67	sympathetic	adjective	B2	Співчутлива	verified	MANUAL_EMERGENCY_WORK_20260820_FIRST_PASS_V3_round01	MANUAL_EMERGENCY_WORK_20260820_SECOND_PASS_V3_round01	MANUAL_EMERGENCY_WORK V3 exact Oxford identity; source_index=5230; definition_path=/us/definition/english/sympathetic; stable_id=PASS; exact_definition='kind to somebody who is hurt or sad; showing that you understand and care about their problems'; selected_candidate_method=Helsinki-NLP/opus-mt-en-uk_surface_candidate	PASS: source-grounded second pass; method=Helsinki-NLP/opus-mt-en-uk_surface_candidate; exact Oxford definition='kind to somebody who is hurt or sad; showing that you understand and care about their problems'; candidate='Співчутлива'; reverse='Compassionate'; lexical=0.417; candidate_definition_similarity=0.655; reverse_definition_similarity=0.625; semantic=0.655; POS/language checks PASS.
ox5000-f9b6574078afc869f7a3	syndrome	noun	C1	Синдром (ноун): ряд фізичних станів, які показують, що у вас якась конкретна хвороба або медична проблема.	verified	MANUAL_EMERGENCY_WORK_20260820_FIRST_PASS_V3_round01	MANUAL_EMERGENCY_WORK_20260820_SECOND_PASS_V3_round01	MANUAL_EMERGENCY_WORK V3 exact Oxford identity; source_index=5233; definition_path=/us/definition/english/syndrome; stable_id=PASS; exact_definition='a set of physical conditions that show you have a particular disease or medical problem'; selected_candidate_method=Helsinki-NLP/opus-mt-en-uk_contextual_definition_candidate	PASS: source-grounded second pass; method=Helsinki-NLP/opus-mt-en-uk_contextual_definition_candidate; exact Oxford definition='a set of physical conditions that show you have a particular disease or medical problem'; candidate='Синдром (ноун): ряд фізичних станів, які показують, що у вас якась конкретна хвороба або медична проблема.'; reverse='Syndrome: A series of physical conditions that indicate that you have a specific illness or medical problem.'; lexical=1.000; candidate_definition_similarity=0.818; reverse_definition_similarity=0.741; semantic=0.818; POS/language checks PASS.
ox5000-fdc941a14c67d54d8c1d	systematic	adjective	C1	систематичний (підприємець): виконання за системою або планом у повному, ефективному або визначеному спосіб	verified	MANUAL_EMERGENCY_WORK_20260820_FIRST_PASS_V3_round01	MANUAL_EMERGENCY_WORK_20260820_SECOND_PASS_V3_round01	MANUAL_EMERGENCY_WORK V3 exact Oxford identity; source_index=5236; definition_path=/us/definition/english/systematic; stable_id=PASS; exact_definition='done according to a system or plan, in a complete, efficient or determined way'; selected_candidate_method=Helsinki-NLP/opus-mt-en-uk_contextual_definition_candidate	PASS: source-grounded second pass; method=Helsinki-NLP/opus-mt-en-uk_contextual_definition_candidate; exact Oxford definition='done according to a system or plan, in a complete, efficient or determined way'; candidate='систематичний (підприємець): виконання за системою або планом у повному, ефективному або визначеному спосіб'; reverse='systematic (entrepreneur): running according to system or plan in a complete, effective, or defined way'; lexical=1.000; candidate_definition_similarity=0.754; reverse_definition_similarity=0.623; semantic=0.754; POS/language checks PASS.
ox5000-61cc25f17497ca0aed5f	tactic	noun	C1	тактика (нуун): певний метод, який ви використовуєте для досягнення чогось.	verified	MANUAL_EMERGENCY_WORK_20260820_FIRST_PASS_V3_round01	MANUAL_EMERGENCY_WORK_20260820_SECOND_PASS_V3_round01	MANUAL_EMERGENCY_WORK V3 exact Oxford identity; source_index=5242; definition_path=/us/definition/english/tactic; stable_id=PASS; exact_definition='the particular method you use to achieve something'; selected_candidate_method=Helsinki-NLP/opus-mt-en-uk_contextual_definition_candidate	PASS: source-grounded second pass; method=Helsinki-NLP/opus-mt-en-uk_contextual_definition_candidate; exact Oxford definition='the particular method you use to achieve something'; candidate='тактика (нуун): певний метод, який ви використовуєте для досягнення чогось.'; reverse='tactics (nuun): some method you use to achieve something.'; lexical=1.000; candidate_definition_similarity=0.813; reverse_definition_similarity=0.782; semantic=0.813; POS/language checks PASS.
ox5000-f54e2a87429c7fa46ea5	tactical	adjective	C1	Тактичний (підмет): з' єднано з певним методом, який ви використовуєте для досягнення чогось	verified	MANUAL_EMERGENCY_WORK_20260820_FIRST_PASS_V3_round01	MANUAL_EMERGENCY_WORK_20260820_SECOND_PASS_V3_round01	MANUAL_EMERGENCY_WORK V3 exact Oxford identity; source_index=5243; definition_path=/us/definition/english/tactical; stable_id=PASS; exact_definition='connected with the particular method you use to achieve something'; selected_candidate_method=Helsinki-NLP/opus-mt-en-uk_contextual_definition_candidate	"PASS: source-grounded second pass; method=Helsinki-NLP/opus-mt-en-uk_contextual_definition_candidate; exact Oxford definition='connected with the particular method you use to achieve something'; candidate=""Тактичний (підмет): з' єднано з певним методом, який ви використовуєте для досягнення чогось""; reverse='Tactical: Connected to a particular method you use to achieve something'; lexical=1.000; candidate_definition_similarity=0.871; reverse_definition_similarity=0.778; semantic=0.871; POS/language checks PASS."
ox5000-3ada6e998994d52e1f02	tap	noun	B2	кран (нун): пристрій для керування потоком води з труби в ванну або умивальник.	verified	MANUAL_EMERGENCY_WORK_20260820_FIRST_PASS_V3_round01	MANUAL_EMERGENCY_WORK_20260820_SECOND_PASS_V3_round01	MANUAL_EMERGENCY_WORK V3 exact Oxford identity; source_index=5255; definition_path=/us/definition/english/tap_2; stable_id=PASS; exact_definition='a device for controlling the flow of water from a pipe into a bath or sink'; selected_candidate_method=Helsinki-NLP/opus-mt-en-uk_contextual_definition_candidate	PASS: source-grounded second pass; method=Helsinki-NLP/opus-mt-en-uk_contextual_definition_candidate; exact Oxford definition='a device for controlling the flow of water from a pipe into a bath or sink'; candidate='кран (нун): пристрій для керування потоком води з труби в ванну або умивальник.'; reverse='The tap (nun): A water - flow device in a tub or sink.'; lexical=1.000; candidate_definition_similarity=0.917; reverse_definition_similarity=0.831; semantic=0.917; POS/language checks PASS.
ox5000-a05d4c94029b73346d6c	taxpayer	noun	C1	платники податків	verified	MANUAL_EMERGENCY_WORK_20260820_FIRST_PASS_V3_round01	MANUAL_EMERGENCY_WORK_20260820_SECOND_PASS_V3_round01	MANUAL_EMERGENCY_WORK V3 exact Oxford identity; source_index=5266; definition_path=/us/definition/english/taxpayer; stable_id=PASS; exact_definition='a person who pays tax to the government, especially on the money that they earn'; selected_candidate_method=Helsinki-NLP/opus-mt-en-uk_surface_candidate	PASS: source-grounded second pass; method=Helsinki-NLP/opus-mt-en-uk_surface_candidate; exact Oxford definition='a person who pays tax to the government, especially on the money that they earn'; candidate='платники податків'; reverse='Tax Payers'; lexical=0.889; candidate_definition_similarity=0.753; reverse_definition_similarity=0.731; semantic=0.753; POS/language checks PASS.
ox5000-8f563d5c5fbf6a5dd303	technological	adjective	B2	Технологія	verified	MANUAL_EMERGENCY_WORK_20260820_FIRST_PASS_V3_round01	MANUAL_EMERGENCY_WORK_20260820_SECOND_PASS_V3_round01	MANUAL_EMERGENCY_WORK V3 exact Oxford identity; source_index=5276; definition_path=/us/definition/english/technological; stable_id=PASS; exact_definition='connected with technology'; selected_candidate_method=Helsinki-NLP/opus-mt-en-uk_surface_candidate	PASS: source-grounded second pass; method=Helsinki-NLP/opus-mt-en-uk_surface_candidate; exact Oxford definition='connected with technology'; candidate='Технологія'; reverse='Technology'; lexical=0.783; candidate_definition_similarity=0.799; reverse_definition_similarity=0.768; semantic=0.799; POS/language checks PASS.
ox5000-b23d3e8ce57013836f05	teens	noun	B2	Підлітки (ноун): роки життя людини, коли їй від 13 до 19 років.	verified	MANUAL_EMERGENCY_WORK_20260820_FIRST_PASS_V3_round01	MANUAL_EMERGENCY_WORK_20260820_SECOND_PASS_V3_round01	MANUAL_EMERGENCY_WORK V3 exact Oxford identity; source_index=5280; definition_path=/us/definition/english/teens; stable_id=PASS; exact_definition='the years of a person’s life when they are between 13 and 19 years old'; selected_candidate_method=Helsinki-NLP/opus-mt-en-uk_contextual_definition_candidate	"PASS: source-grounded second pass; method=Helsinki-NLP/opus-mt-en-uk_contextual_definition_candidate; exact Oxford definition='the years of a person’s life when they are between 13 and 19 years old'; candidate='Підлітки (ноун): роки життя людини, коли їй від 13 до 19 років.'; reverse=""Teens: A person's life span is between 13 and 19.""; lexical=1.000; candidate_definition_similarity=0.892; reverse_definition_similarity=0.856; semantic=0.892; POS/language checks PASS."
ox5000-281f72b8f526e2643f8c	temple	noun	B2	храм (нуун): будинок, який використовували для релігійного поклоніння, особливо в інших релігіях, крім християнства.	verified	MANUAL_EMERGENCY_WORK_20260820_FIRST_PASS_V3_round01	MANUAL_EMERGENCY_WORK_20260820_SECOND_PASS_V3_round01	MANUAL_EMERGENCY_WORK V3 exact Oxford identity; source_index=5286; definition_path=/us/definition/english/temple; stable_id=PASS; exact_definition='a building used for religious worship , especially in religions other than Christianity'; selected_candidate_method=Helsinki-NLP/opus-mt-en-uk_contextual_definition_candidate	PASS: source-grounded second pass; method=Helsinki-NLP/opus-mt-en-uk_contextual_definition_candidate; exact Oxford definition='a building used for religious worship , especially in religions other than Christianity'; candidate='храм (нуун): будинок, який використовували для релігійного поклоніння, особливо в інших релігіях, крім християнства.'; reverse='Temple (nuun): A building that was used for religious worship, especially in other religions but in Christianity.'; lexical=1.000; candidate_definition_similarity=0.830; reverse_definition_similarity=0.842; semantic=0.842; POS/language checks PASS.
ox5000-a9aee38b0ff16defe4a9	temporarily	adverb	B2	тимчасово	verified	MANUAL_EMERGENCY_WORK_20260820_FIRST_PASS_V3_round01	MANUAL_EMERGENCY_WORK_20260820_SECOND_PASS_V3_round01	MANUAL_EMERGENCY_WORK V3 exact Oxford identity; source_index=5287; definition_path=/us/definition/english/temporarily; stable_id=PASS; exact_definition='in a way that lasts or is intended to last or be used only for a short time; in a way that is not permanent'; selected_candidate_method=Helsinki-NLP/opus-mt-en-uk_surface_candidate	PASS: source-grounded second pass; method=Helsinki-NLP/opus-mt-en-uk_surface_candidate; exact Oxford definition='in a way that lasts or is intended to last or be used only for a short time; in a way that is not permanent'; candidate='тимчасово'; reverse='temporary'; lexical=0.900; candidate_definition_similarity=0.553; reverse_definition_similarity=0.545; semantic=0.553; POS/language checks PASS.
ox5000-12e64d13126ed167af0d	tempt	verb	C1	Спокушувати (клацання): привабити когось або змусити когось робити чи мати щось, навіть якщо вони знають, що це неправильно.	verified	MANUAL_EMERGENCY_WORK_20260820_FIRST_PASS_V3_round01	MANUAL_EMERGENCY_WORK_20260820_SECOND_PASS_V3_round01	MANUAL_EMERGENCY_WORK V3 exact Oxford identity; source_index=5289; definition_path=/us/definition/english/tempt; stable_id=PASS; exact_definition='to attract somebody or make somebody want to do or have something, even if they know it is wrong'; selected_candidate_method=Helsinki-NLP/opus-mt-en-uk_contextual_definition_candidate	PASS: source-grounded second pass; method=Helsinki-NLP/opus-mt-en-uk_contextual_definition_candidate; exact Oxford definition='to attract somebody or make somebody want to do or have something, even if they know it is wrong'; candidate='Спокушувати (клацання): привабити когось або змусити когось робити чи мати щось, навіть якщо вони знають, що це неправильно.'; reverse='temptation: To attract someone or to force someone to do or to have something, even if they know it is wrong.'; lexical=1.000; candidate_definition_similarity=0.778; reverse_definition_similarity=0.737; semantic=0.778; POS/language checks PASS.
ox5000-8aacf4124321ebc82973	tenant	noun	C1	тентант	verified	MANUAL_EMERGENCY_WORK_20260820_FIRST_PASS_V3_round01	MANUAL_EMERGENCY_WORK_20260820_SECOND_PASS_V3_round01	MANUAL_EMERGENCY_WORK V3 exact Oxford identity; source_index=5291; definition_path=/us/definition/english/tenant_1; stable_id=PASS; exact_definition='a person who pays rent for the use of a room, building, land, etc. to the person who owns it'; selected_candidate_method=Helsinki-NLP/opus-mt-en-uk_surface_candidate	PASS: source-grounded second pass; method=Helsinki-NLP/opus-mt-en-uk_surface_candidate; exact Oxford definition='a person who pays rent for the use of a room, building, land, etc. to the person who owns it'; candidate='тентант'; reverse='tenant'; lexical=1.000; candidate_definition_similarity=0.110; reverse_definition_similarity=0.663; semantic=0.663; POS/language checks PASS.
ox5000-443429b7023a796eed5f	tender	adjective	C1	ніжне (прикметне): люб'язне, ніжне і люб'язне	verified	MANUAL_EMERGENCY_WORK_20260820_FIRST_PASS_V3_round01	MANUAL_EMERGENCY_WORK_20260820_SECOND_PASS_V3_round01	MANUAL_EMERGENCY_WORK V3 exact Oxford identity; source_index=5294; definition_path=/us/definition/english/tender_1; stable_id=PASS; exact_definition='kind, gentle and loving'; selected_candidate_method=Helsinki-NLP/opus-mt-en-uk_contextual_definition_candidate	"PASS: source-grounded second pass; method=Helsinki-NLP/opus-mt-en-uk_contextual_definition_candidate; exact Oxford definition='kind, gentle and loving'; candidate=""ніжне (прикметне): люб'язне, ніжне і люб'язне""; reverse='tender, kind and kind.'; lexical=1.000; candidate_definition_similarity=0.811; reverse_definition_similarity=0.898; semantic=0.898; POS/language checks PASS."
ox5000-2f462c0cf8af1c75f9dd	tension	noun	B2	напруженість (ноун): ситуація в якій люди не довіряють один одному, або відчувають неприязнь один до одного, і це може спричинити їх напасти один на одного	verified	MANUAL_EMERGENCY_WORK_20260820_FIRST_PASS_V3_round01	MANUAL_EMERGENCY_WORK_20260820_SECOND_PASS_V3_round01	MANUAL_EMERGENCY_WORK V3 exact Oxford identity; source_index=5296; definition_path=/us/definition/english/tension_1; stable_id=PASS; exact_definition='a situation in which people do not trust each other, or feel unfriendly towards each other, and that may cause them to attack each other'; selected_candidate_method=Helsinki-NLP/opus-mt-en-uk_contextual_definition_candidate	"PASS: source-grounded second pass; method=Helsinki-NLP/opus-mt-en-uk_contextual_definition_candidate; exact Oxford definition='a situation in which people do not trust each other, or feel unfriendly towards each other, and that may cause them to attack each other'; candidate='напруженість (ноун): ситуація в якій люди не довіряють один одному, або відчувають неприязнь один до одного, і це може спричинити їх напасти один на одного'; reverse=""tension: a situation where people don't trust each other or feel ill at each other's faces can cause them to attack each other""; lexical=1.000; candidate_definition_similarity=0.847; reverse_definition_similarity=0.836; semantic=0.847; POS/language checks PASS."
ox5000-a0d1e2111578bd0f1e71	terminal	noun	B2	Термінал (нуун): будинок або набір будинків в аеропорту, де прибувають пасажири і виїжджають.	verified	MANUAL_EMERGENCY_WORK_20260820_FIRST_PASS_V3_round01	MANUAL_EMERGENCY_WORK_20260820_SECOND_PASS_V3_round01	MANUAL_EMERGENCY_WORK V3 exact Oxford identity; source_index=5302; definition_path=/us/definition/english/terminal_1; stable_id=PASS; exact_definition='a building or set of buildings at an airport where passengers arrive and leave'; selected_candidate_method=Helsinki-NLP/opus-mt-en-uk_contextual_definition_candidate	PASS: source-grounded second pass; method=Helsinki-NLP/opus-mt-en-uk_contextual_definition_candidate; exact Oxford definition='a building or set of buildings at an airport where passengers arrive and leave'; candidate='Термінал (нуун): будинок або набір будинків в аеропорту, де прибувають пасажири і виїжджають.'; reverse='Terminal: A house or a set of buildings at an airport where passengers arrive and leave.'; lexical=1.000; candidate_definition_similarity=0.829; reverse_definition_similarity=0.810; semantic=0.829; POS/language checks PASS.
ox5000-550dcec360ef03858332	terms	noun	B2	терміни (нун): умови, які пропонують люди, вимагають або приймають, коли вони укладають угоду, угоду або договір.	verified	MANUAL_EMERGENCY_WORK_20260820_FIRST_PASS_V3_round01	MANUAL_EMERGENCY_WORK_20260820_SECOND_PASS_V3_round01	MANUAL_EMERGENCY_WORK V3 exact Oxford identity; source_index=5304; definition_path=/us/definition/english/terms; stable_id=PASS; exact_definition='the conditions that people offer, demand or accept when they make an agreement, an arrangement or a contract'; selected_candidate_method=Helsinki-NLP/opus-mt-en-uk_contextual_definition_candidate	PASS: source-grounded second pass; method=Helsinki-NLP/opus-mt-en-uk_contextual_definition_candidate; exact Oxford definition='the conditions that people offer, demand or accept when they make an agreement, an arrangement or a contract'; candidate='терміни (нун): умови, які пропонують люди, вимагають або приймають, коли вони укладають угоду, угоду або договір.'; reverse='terms (nun): The conditions that people recommend require or accept when they make a deal, a contract or a contract.'; lexical=1.000; candidate_definition_similarity=0.837; reverse_definition_similarity=0.802; semantic=0.837; POS/language checks PASS.
ox5000-9831ff9660bcaeb2b9cc	terrain	noun	C1	місцевість	verified	MANUAL_EMERGENCY_WORK_20260820_FIRST_PASS_V3_round01	MANUAL_EMERGENCY_WORK_20260820_SECOND_PASS_V3_round01	MANUAL_EMERGENCY_WORK V3 exact Oxford identity; source_index=5305; definition_path=/us/definition/english/terrain; stable_id=PASS; exact_definition='used to refer to an area of land when you are mentioning its natural features, for example, if it is rough, flat, etc.'; selected_candidate_method=Helsinki-NLP/opus-mt-en-uk_surface_candidate	PASS: source-grounded second pass; method=Helsinki-NLP/opus-mt-en-uk_surface_candidate; exact Oxford definition='used to refer to an area of land when you are mentioning its natural features, for example, if it is rough, flat, etc.'; candidate='місцевість'; reverse='region'; lexical=0.462; candidate_definition_similarity=0.367; reverse_definition_similarity=0.444; semantic=0.444; POS/language checks PASS.
ox5000-30bc3871f94be042ac8d	territory	noun	B2	Територія (нуун): земля, яка перебуває під контролем певної країни або політичного лідера	verified	MANUAL_EMERGENCY_WORK_20260820_FIRST_PASS_V3_round01	MANUAL_EMERGENCY_WORK_20260820_SECOND_PASS_V3_round01	MANUAL_EMERGENCY_WORK V3 exact Oxford identity; source_index=5310; definition_path=/us/definition/english/territory; stable_id=PASS; exact_definition='land that is under the control of a particular country or political leader'; selected_candidate_method=Helsinki-NLP/opus-mt-en-uk_contextual_definition_candidate	PASS: source-grounded second pass; method=Helsinki-NLP/opus-mt-en-uk_contextual_definition_candidate; exact Oxford definition='land that is under the control of a particular country or political leader'; candidate='Територія (нуун): земля, яка перебуває під контролем певної країни або політичного лідера'; reverse='Territory (nuun): A land under the control of a country or a political leader'; lexical=1.000; candidate_definition_similarity=0.934; reverse_definition_similarity=0.915; semantic=0.934; POS/language checks PASS.
ox5000-97fd97c2b8c7282d936e	terrorism	noun	B2	Тероризм (нуун): уживання насильних заходів для досягнення політичних цілей або для того, щоб змусити уряд діяти.	verified	MANUAL_EMERGENCY_WORK_20260820_FIRST_PASS_V3_round01	MANUAL_EMERGENCY_WORK_20260820_SECOND_PASS_V3_round01	MANUAL_EMERGENCY_WORK V3 exact Oxford identity; source_index=5312; definition_path=/us/definition/english/terrorism; stable_id=PASS; exact_definition='the use of violent action in order to achieve political aims or to force a government to act'; selected_candidate_method=Helsinki-NLP/opus-mt-en-uk_contextual_definition_candidate	PASS: source-grounded second pass; method=Helsinki-NLP/opus-mt-en-uk_contextual_definition_candidate; exact Oxford definition='the use of violent action in order to achieve political aims or to force a government to act'; candidate='Тероризм (нуун): уживання насильних заходів для досягнення політичних цілей або для того, щоб змусити уряд діяти.'; reverse='Terrorism: Using violent measures to achieve political ends or to force the government to act.'; lexical=1.000; candidate_definition_similarity=0.788; reverse_definition_similarity=0.788; semantic=0.788; POS/language checks PASS.
ox5000-5916322693483a5d7b4b	terrorist	noun	B2	Тероризм (ніун): особа, яка бере участь у тероризмі	verified	MANUAL_EMERGENCY_WORK_20260820_FIRST_PASS_V3_round01	MANUAL_EMERGENCY_WORK_20260820_SECOND_PASS_V3_round01	MANUAL_EMERGENCY_WORK V3 exact Oxford identity; source_index=5313; definition_path=/us/definition/english/terrorist; stable_id=PASS; exact_definition='a person who takes part in terrorism'; selected_candidate_method=Helsinki-NLP/opus-mt-en-uk_contextual_definition_candidate	PASS: source-grounded second pass; method=Helsinki-NLP/opus-mt-en-uk_contextual_definition_candidate; exact Oxford definition='a person who takes part in terrorism'; candidate='Тероризм (ніун): особа, яка бере участь у тероризмі'; reverse='Terrorism: A person who is involved in terrorism'; lexical=0.321; candidate_definition_similarity=0.906; reverse_definition_similarity=0.931; semantic=0.931; POS/language checks PASS.
ox5000-f838d055d14abf8c2ebb	testimony	noun	C1	показання (ніун): річ, яка показує, що щось інше існує або є правдою	verified	MANUAL_EMERGENCY_WORK_20260820_FIRST_PASS_V3_round01	MANUAL_EMERGENCY_WORK_20260820_SECOND_PASS_V3_round01	MANUAL_EMERGENCY_WORK V3 exact Oxford identity; source_index=5317; definition_path=/us/definition/english/testimony; stable_id=PASS; exact_definition='a thing that shows that something else exists or is true'; selected_candidate_method=Helsinki-NLP/opus-mt-en-uk_contextual_definition_candidate	PASS: source-grounded second pass; method=Helsinki-NLP/opus-mt-en-uk_contextual_definition_candidate; exact Oxford definition='a thing that shows that something else exists or is true'; candidate='показання (ніун): річ, яка показує, що щось інше існує або є правдою'; reverse='testimony: The thing that shows that something else exists or is true'; lexical=1.000; candidate_definition_similarity=0.913; reverse_definition_similarity=0.735; semantic=0.913; POS/language checks PASS.
ox5000-4adb2d62b9dc0969ac4d	testing	noun	B2	тестування	verified	MANUAL_EMERGENCY_WORK_20260820_FIRST_PASS_V3_round01	MANUAL_EMERGENCY_WORK_20260820_SECOND_PASS_V3_round01	MANUAL_EMERGENCY_WORK V3 exact Oxford identity; source_index=5318; definition_path=/us/definition/english/testing_1; stable_id=PASS; exact_definition='the activity of testing somebody/something in order to find something out, see if it works, etc.'; selected_candidate_method=Helsinki-NLP/opus-mt-en-uk_surface_candidate	PASS: source-grounded second pass; method=Helsinki-NLP/opus-mt-en-uk_surface_candidate; exact Oxford definition='the activity of testing somebody/something in order to find something out, see if it works, etc.'; candidate='тестування'; reverse='testing'; lexical=1.000; candidate_definition_similarity=0.679; reverse_definition_similarity=0.675; semantic=0.679; POS/language checks PASS.
ox5000-95d845718fe19a04a8d2	textbook	noun	B2	підручник	verified	MANUAL_EMERGENCY_WORK_20260820_FIRST_PASS_V3_round01	MANUAL_EMERGENCY_WORK_20260820_SECOND_PASS_V3_round01	MANUAL_EMERGENCY_WORK V3 exact Oxford identity; source_index=5321; definition_path=/us/definition/english/textbook_1; stable_id=PASS; exact_definition='a book that teaches a particular subject and that is used especially in schools and colleges'; selected_candidate_method=Helsinki-NLP/opus-mt-en-uk_surface_candidate	PASS: source-grounded second pass; method=Helsinki-NLP/opus-mt-en-uk_surface_candidate; exact Oxford definition='a book that teaches a particular subject and that is used especially in schools and colleges'; candidate='підручник'; reverse='tutorial'; lexical=0.375; candidate_definition_similarity=0.561; reverse_definition_similarity=0.334; semantic=0.561; POS/language checks PASS.
ox5000-bef207622e2f6e60411d	texture	noun	C1	текстура (нун): те, як відчувається поверхня, речовина або шматок тканини, наприклад, наскільки грубою, гладкою, твердою або м'якою вона є.	verified	MANUAL_EMERGENCY_WORK_20260820_FIRST_PASS_V3_round01	MANUAL_EMERGENCY_WORK_20260820_SECOND_PASS_V3_round01	MANUAL_EMERGENCY_WORK V3 exact Oxford identity; source_index=5322; definition_path=/us/definition/english/texture; stable_id=PASS; exact_definition='the way a surface, substance or piece of cloth feels when you touch it, for example how rough, smooth, hard or soft it is'; selected_candidate_method=Helsinki-NLP/opus-mt-en-uk_contextual_definition_candidate	"PASS: source-grounded second pass; method=Helsinki-NLP/opus-mt-en-uk_contextual_definition_candidate; exact Oxford definition='the way a surface, substance or piece of cloth feels when you touch it, for example how rough, smooth, hard or soft it is'; candidate=""текстура (нун): те, як відчувається поверхня, речовина або шматок тканини, наприклад, наскільки грубою, гладкою, твердою або м'якою вона є.""; reverse='texture: the feeling of surface, substance or piece of cloth, for example, how thick, smooth, hard or soft it is.'; lexical=1.000; candidate_definition_similarity=0.799; reverse_definition_similarity=0.811; semantic=0.811; POS/language checks PASS."
ox5000-d1fca0f4d400117f6854	thankfully	adverb	C1	Вдячний	verified	MANUAL_EMERGENCY_WORK_20260820_FIRST_PASS_V3_round01	MANUAL_EMERGENCY_WORK_20260820_SECOND_PASS_V3_round01	MANUAL_EMERGENCY_WORK V3 exact Oxford identity; source_index=5326; definition_path=/us/definition/english/thankfully; stable_id=PASS; exact_definition='used to show that you are pleased that something good has happened or that something bad has been avoided'; selected_candidate_method=Helsinki-NLP/opus-mt-en-uk_surface_candidate	PASS: source-grounded second pass; method=Helsinki-NLP/opus-mt-en-uk_surface_candidate; exact Oxford definition='used to show that you are pleased that something good has happened or that something bad has been avoided'; candidate='Вдячний'; reverse='Grateful'; lexical=0.444; candidate_definition_similarity=0.483; reverse_definition_similarity=0.439; semantic=0.483; POS/language checks PASS.
ox5000-55a146661c1df5d9fd5c	theatrical	adjective	C1	театра́льний	verified	MANUAL_EMERGENCY_WORK_20260820_FIRST_PASS_V3_round01	MANUAL_EMERGENCY_WORK_20260820_SECOND_PASS_V3_round01	MANUAL_EMERGENCY_WORK V3 exact Oxford identity; source_index=5335; definition_path=/us/definition/english/theatrical; stable_id=PASS; exact_definition='connected with the theatre'; selected_candidate_method=en_wiktionary_matching_pos_uk_translation	PASS: source-grounded second pass; method=en_wiktionary_matching_pos_uk_translation; exact Oxford definition='connected with the theatre'; candidate='театра́льний'; reverse='theater'; lexical=0.706; candidate_definition_similarity=0.810; reverse_definition_similarity=0.849; semantic=0.849; POS/language checks PASS.
ox5000-991a9d01246ffbf9a9c5	theft	noun	B2	краді́жка	verified	MANUAL_EMERGENCY_WORK_20260820_FIRST_PASS_V3_round01	MANUAL_EMERGENCY_WORK_20260820_SECOND_PASS_V3_round01	MANUAL_EMERGENCY_WORK V3 exact Oxford identity; source_index=5336; definition_path=/us/definition/english/theft; stable_id=PASS; exact_definition='the crime of stealing something from a person or place'; selected_candidate_method=en_wiktionary_matching_pos_uk_translation	PASS: source-grounded second pass; method=en_wiktionary_matching_pos_uk_translation; exact Oxford definition='the crime of stealing something from a person or place'; candidate='краді́жка'; reverse='Stealing'; lexical=0.308; candidate_definition_similarity=0.842; reverse_definition_similarity=0.812; semantic=0.842; POS/language checks PASS.
ox5000-de667f6f04e5e8ccfed5	theology	noun	C1	Теологія (ноун): вивчення релігії та вірувань.	verified	MANUAL_EMERGENCY_WORK_20260820_FIRST_PASS_V3_round01	MANUAL_EMERGENCY_WORK_20260820_SECOND_PASS_V3_round01	MANUAL_EMERGENCY_WORK V3 exact Oxford identity; source_index=5343; definition_path=/us/definition/english/theology; stable_id=PASS; exact_definition='the study of religion and beliefs'; selected_candidate_method=Helsinki-NLP/opus-mt-en-uk_contextual_definition_candidate	PASS: source-grounded second pass; method=Helsinki-NLP/opus-mt-en-uk_contextual_definition_candidate; exact Oxford definition='the study of religion and beliefs'; candidate='Теологія (ноун): вивчення релігії та вірувань.'; reverse='Theology (Noun): Study of religion and beliefs.'; lexical=1.000; candidate_definition_similarity=0.883; reverse_definition_similarity=0.828; semantic=0.883; POS/language checks PASS.
ox5000-b052aa70ffc82c01e0e6	theoretical	adjective	C1	Теоретично (примітка): пов' язано з ідеями та принципами, на яких базується певна тема, а не з практикою та експериментом.	verified	MANUAL_EMERGENCY_WORK_20260820_FIRST_PASS_V3_round01	MANUAL_EMERGENCY_WORK_20260820_SECOND_PASS_V3_round01	MANUAL_EMERGENCY_WORK V3 exact Oxford identity; source_index=5344; definition_path=/us/definition/english/theoretical; stable_id=PASS; exact_definition='connected with the ideas and principles on which a particular subject is based, rather than with practice and experiment'; selected_candidate_method=Helsinki-NLP/opus-mt-en-uk_contextual_definition_candidate	"PASS: source-grounded second pass; method=Helsinki-NLP/opus-mt-en-uk_contextual_definition_candidate; exact Oxford definition='connected with the ideas and principles on which a particular subject is based, rather than with practice and experiment'; candidate=""Теоретично (примітка): пов' язано з ідеями та принципами, на яких базується певна тема, а не з практикою та експериментом.""; reverse='Theoretically: are related to ideas and principles based on a certain subject rather than practice and experimentation.'; lexical=1.000; candidate_definition_similarity=0.846; reverse_definition_similarity=0.880; semantic=0.880; POS/language checks PASS."
ox5000-f0a9b9c6b02ef2064253	therapist	noun	B2	психотерапевт (нуун): спеціаліст, який лікує якусь конкретну хворобу або проблему, або хто вживає якесь конкретне лікування.	verified	MANUAL_EMERGENCY_WORK_20260820_FIRST_PASS_V3_round01	MANUAL_EMERGENCY_WORK_20260820_SECOND_PASS_V3_round01	MANUAL_EMERGENCY_WORK V3 exact Oxford identity; source_index=5346; definition_path=/us/definition/english/therapist; stable_id=PASS; exact_definition='a specialist who treats a particular type of illness or problem, or who uses a particular type of treatment'; selected_candidate_method=Helsinki-NLP/opus-mt-en-uk_contextual_definition_candidate	PASS: source-grounded second pass; method=Helsinki-NLP/opus-mt-en-uk_contextual_definition_candidate; exact Oxford definition='a specialist who treats a particular type of illness or problem, or who uses a particular type of treatment'; candidate='психотерапевт (нуун): спеціаліст, який лікує якусь конкретну хворобу або проблему, або хто вживає якесь конкретне лікування.'; reverse='A therapist (nuun): A specialist who treats a specific disease or problem or who uses a specific treatment.'; lexical=1.000; candidate_definition_similarity=0.661; reverse_definition_similarity=0.742; semantic=0.742; POS/language checks PASS.
ox5000-d9676d7d2512249a7e9e	thereafter	adverb	C1	Після цього	verified	MANUAL_EMERGENCY_WORK_20260820_FIRST_PASS_V3_round01	MANUAL_EMERGENCY_WORK_20260820_SECOND_PASS_V3_round01	MANUAL_EMERGENCY_WORK V3 exact Oxford identity; source_index=5349; definition_path=/us/definition/english/thereafter; stable_id=PASS; exact_definition='after the time or event mentioned'; selected_candidate_method=Helsinki-NLP/opus-mt-en-uk_surface_candidate	PASS: source-grounded second pass; method=Helsinki-NLP/opus-mt-en-uk_surface_candidate; exact Oxford definition='after the time or event mentioned'; candidate='Після цього'; reverse='After that'; lexical=0.500; candidate_definition_similarity=0.614; reverse_definition_similarity=0.647; semantic=0.647; POS/language checks PASS.
ox5000-d28109a222083a7e6991	thoroughly	adverb	B2	повністю	verified	MANUAL_EMERGENCY_WORK_20260820_FIRST_PASS_V3_round01	MANUAL_EMERGENCY_WORK_20260820_SECOND_PASS_V3_round01	MANUAL_EMERGENCY_WORK V3 exact Oxford identity; source_index=5369; definition_path=/us/definition/english/thoroughly; stable_id=PASS; exact_definition='very much; completely'; selected_candidate_method=Helsinki-NLP/opus-mt-en-uk_surface_candidate	PASS: source-grounded second pass; method=Helsinki-NLP/opus-mt-en-uk_surface_candidate; exact Oxford definition='very much; completely'; candidate='повністю'; reverse='full'; lexical=0.286; candidate_definition_similarity=0.736; reverse_definition_similarity=0.632; semantic=0.736; POS/language checks PASS.
ox5000-1fdcd2759a6e1b7adbd8	thread	noun	C1	нитка (нун): тонка нитка бавовни, вовни, шовку тощо.	verified	MANUAL_EMERGENCY_WORK_20260820_FIRST_PASS_V3_round01	MANUAL_EMERGENCY_WORK_20260820_SECOND_PASS_V3_round01	MANUAL_EMERGENCY_WORK V3 exact Oxford identity; source_index=5376; definition_path=/us/definition/english/thread_1; stable_id=PASS; exact_definition='a thin string of cotton, wool, silk, etc. used for sewing or making cloth'; selected_candidate_method=Helsinki-NLP/opus-mt-en-uk_contextual_definition_candidate	PASS: source-grounded second pass; method=Helsinki-NLP/opus-mt-en-uk_contextual_definition_candidate; exact Oxford definition='a thin string of cotton, wool, silk, etc. used for sewing or making cloth'; candidate='нитка (нун): тонка нитка бавовни, вовни, шовку тощо.'; reverse='thread: thin thread of cotton, wool, silk, etc.'; lexical=1.000; candidate_definition_similarity=0.751; reverse_definition_similarity=0.790; semantic=0.790; POS/language checks PASS.
ox5000-1709abceec97aee34dc2	threshold	noun	C1	поріг (нуун): підлога або підлога внизу одвірка, яку вважають вхід до будинку або кімнати.	verified	MANUAL_EMERGENCY_WORK_20260820_FIRST_PASS_V3_round01	MANUAL_EMERGENCY_WORK_20260820_SECOND_PASS_V3_round01	MANUAL_EMERGENCY_WORK V3 exact Oxford identity; source_index=5380; definition_path=/us/definition/english/threshold; stable_id=PASS; exact_definition='the floor or ground at the bottom of a doorway , considered as the entrance to a building or room'; selected_candidate_method=Helsinki-NLP/opus-mt-en-uk_contextual_definition_candidate	PASS: source-grounded second pass; method=Helsinki-NLP/opus-mt-en-uk_contextual_definition_candidate; exact Oxford definition='the floor or ground at the bottom of a doorway , considered as the entrance to a building or room'; candidate='поріг (нуун): підлога або підлога внизу одвірка, яку вважають вхід до будинку або кімнати.'; reverse='threshold (nuun): A floor or floor at the bottom of a door, which is considered to be a doorway to a house or room.'; lexical=1.000; candidate_definition_similarity=0.849; reverse_definition_similarity=0.777; semantic=0.849; POS/language checks PASS.
ox5000-f75147390c58f9b7da57	thrive	verb	C1	процвітати	verified	MANUAL_EMERGENCY_WORK_20260820_FIRST_PASS_V3_round01	MANUAL_EMERGENCY_WORK_20260820_SECOND_PASS_V3_round01	MANUAL_EMERGENCY_WORK V3 exact Oxford identity; source_index=5382; definition_path=/us/definition/english/thrive; stable_id=PASS; exact_definition='to become, and continue to be, successful, strong, healthy, etc.'; selected_candidate_method=Helsinki-NLP/opus-mt-en-uk_surface_candidate	PASS: source-grounded second pass; method=Helsinki-NLP/opus-mt-en-uk_surface_candidate; exact Oxford definition='to become, and continue to be, successful, strong, healthy, etc.'; candidate='процвітати'; reverse='flourish'; lexical=0.286; candidate_definition_similarity=0.617; reverse_definition_similarity=0.591; semantic=0.617; POS/language checks PASS.
ox5000-09f564b8c1cd8dfc3904	thumb	noun	B2	великий палець (нун): короткий, товстий палець на боці руки, трохи відрізняється від інших чотирьох.	verified	MANUAL_EMERGENCY_WORK_20260820_FIRST_PASS_V3_round01	MANUAL_EMERGENCY_WORK_20260820_SECOND_PASS_V3_round01	MANUAL_EMERGENCY_WORK V3 exact Oxford identity; source_index=5389; definition_path=/us/definition/english/thumb_1; stable_id=PASS; exact_definition='the short, thick finger at the side of the hand, slightly apart from the other four'; selected_candidate_method=Helsinki-NLP/opus-mt-en-uk_contextual_definition_candidate	PASS: source-grounded second pass; method=Helsinki-NLP/opus-mt-en-uk_contextual_definition_candidate; exact Oxford definition='the short, thick finger at the side of the hand, slightly apart from the other four'; candidate='великий палець (нун): короткий, товстий палець на боці руки, трохи відрізняється від інших чотирьох.'; reverse='thumb (nun): short, thick finger on the side of the arm, slightly different from the other four.'; lexical=1.000; candidate_definition_similarity=0.866; reverse_definition_similarity=0.874; semantic=0.874; POS/language checks PASS.
ox5000-f2480d9023b56c509839	tide	noun	C1	приплив (нун): регулярний підйом і падіння на рівні моря, спричинений потягом Місяця та сонця; потік води, що відбувається, коли море піднімається і падає	verified	MANUAL_EMERGENCY_WORK_20260820_FIRST_PASS_V3_round01	MANUAL_EMERGENCY_WORK_20260820_SECOND_PASS_V3_round01	MANUAL_EMERGENCY_WORK V3 exact Oxford identity; source_index=5393; definition_path=/us/definition/english/tide_1; stable_id=PASS; exact_definition='a regular rise and fall in the level of the sea, caused by the pull of the moon and sun; the flow of water that happens as the sea rises and falls'; selected_candidate_method=Helsinki-NLP/opus-mt-en-uk_contextual_definition_candidate	PASS: source-grounded second pass; method=Helsinki-NLP/opus-mt-en-uk_contextual_definition_candidate; exact Oxford definition='a regular rise and fall in the level of the sea, caused by the pull of the moon and sun; the flow of water that happens as the sea rises and falls'; candidate='приплив (нун): регулярний підйом і падіння на рівні моря, спричинений потягом Місяця та сонця; потік води, що відбувається, коли море піднімається і падає'; reverse='tide (nun): A regular rise and fall at sea level caused by the train of the moon and the sun; a stream of water that takes place as the sea rises and falls'; lexical=1.000; candidate_definition_similarity=0.864; reverse_definition_similarity=0.841; semantic=0.864; POS/language checks PASS.
ox5000-4a9663ae5209cddb6bba	timber	noun	C1	лісоматеріа́л	verified	MANUAL_EMERGENCY_WORK_20260820_FIRST_PASS_V3_round01	MANUAL_EMERGENCY_WORK_20260820_SECOND_PASS_V3_round01	MANUAL_EMERGENCY_WORK V3 exact Oxford identity; source_index=5402; definition_path=/us/definition/english/timber; stable_id=PASS; exact_definition='trees that are grown to be used in building or for making things'; selected_candidate_method=en_wiktionary_matching_pos_uk_translation	PASS: source-grounded second pass; method=en_wiktionary_matching_pos_uk_translation; exact Oxford definition='trees that are grown to be used in building or for making things'; candidate='лісоматеріа́л'; reverse='timber'; lexical=1.000; candidate_definition_similarity=0.421; reverse_definition_similarity=0.441; semantic=0.441; POS/language checks PASS.
ox5000-64e08b8dd68be475a5a4	timely	adjective	C1	учасне (підприємництво): відбувається у точно визначений час	verified	MANUAL_EMERGENCY_WORK_20260820_FIRST_PASS_V3_round01	MANUAL_EMERGENCY_WORK_20260820_SECOND_PASS_V3_round01	MANUAL_EMERGENCY_WORK V3 exact Oxford identity; source_index=5405; definition_path=/us/definition/english/timely; stable_id=PASS; exact_definition='happening at exactly the right time'; selected_candidate_method=Helsinki-NLP/opus-mt-en-uk_contextual_definition_candidate	PASS: source-grounded second pass; method=Helsinki-NLP/opus-mt-en-uk_contextual_definition_candidate; exact Oxford definition='happening at exactly the right time'; candidate='учасне (підприємництво): відбувається у точно визначений час'; reverse='timely (environment): taking place at exactly the specified time'; lexical=1.000; candidate_definition_similarity=0.697; reverse_definition_similarity=0.650; semantic=0.697; POS/language checks PASS.
ox5000-ac2009687f3aff82b4f8	timing	noun	B2	час	verified	MANUAL_EMERGENCY_WORK_20260820_FIRST_PASS_V3_round01	MANUAL_EMERGENCY_WORK_20260820_SECOND_PASS_V3_round01	MANUAL_EMERGENCY_WORK V3 exact Oxford identity; source_index=5406; definition_path=/us/definition/english/timing; stable_id=PASS; exact_definition='the act of choosing when something happens; a particular point or period of time when something happens or is planned'; selected_candidate_method=Helsinki-NLP/opus-mt-en-uk_surface_candidate	PASS: source-grounded second pass; method=Helsinki-NLP/opus-mt-en-uk_surface_candidate; exact Oxford definition='the act of choosing when something happens; a particular point or period of time when something happens or is planned'; candidate='час'; reverse='time'; lexical=0.600; candidate_definition_similarity=0.428; reverse_definition_similarity=0.421; semantic=0.428; POS/language checks PASS.
ox5000-9b063fe1a598738fa02d	tobacco	noun	C1	тютюн (нуун) - сушене листя тютюнової рослини, яку використовують для виготовлення цигарок, куріння в люльці тощо.	verified	MANUAL_EMERGENCY_WORK_20260820_FIRST_PASS_V3_round01	MANUAL_EMERGENCY_WORK_20260820_SECOND_PASS_V3_round01	MANUAL_EMERGENCY_WORK V3 exact Oxford identity; source_index=5417; definition_path=/us/definition/english/tobacco; stable_id=PASS; exact_definition='the dried leaves of the tobacco plant that are used for making cigarettes, smoking in a pipe, etc.'; selected_candidate_method=Helsinki-NLP/opus-mt-en-uk_contextual_definition_candidate	PASS: source-grounded second pass; method=Helsinki-NLP/opus-mt-en-uk_contextual_definition_candidate; exact Oxford definition='the dried leaves of the tobacco plant that are used for making cigarettes, smoking in a pipe, etc.'; candidate='тютюн (нуун) - сушене листя тютюнової рослини, яку використовують для виготовлення цигарок, куріння в люльці тощо.'; reverse='Tobacco (nuun) is the dried leaves of tobacco plants used to make cigarettes, smoke in the pipe, and so forth.'; lexical=1.000; candidate_definition_similarity=0.876; reverse_definition_similarity=0.858; semantic=0.876; POS/language checks PASS.
ox5000-f235f1b098d32e02ad29	tolerance	noun	C1	терпимість (нуун): якість прийняття або толерування когось або чогось, особливо поглядів або поведінки, з якими ви не згідні, або людей, які не схожі на вас.	verified	MANUAL_EMERGENCY_WORK_20260820_FIRST_PASS_V3_round01	MANUAL_EMERGENCY_WORK_20260820_SECOND_PASS_V3_round01	MANUAL_EMERGENCY_WORK V3 exact Oxford identity; source_index=5423; definition_path=/us/definition/english/tolerance; stable_id=PASS; exact_definition='the quality of being willing to accept or tolerate somebody/something, especially opinions or behaviour that you may not agree with, or people who are not like you'; selected_candidate_method=Helsinki-NLP/opus-mt-en-uk_contextual_definition_candidate	PASS: source-grounded second pass; method=Helsinki-NLP/opus-mt-en-uk_contextual_definition_candidate; exact Oxford definition='the quality of being willing to accept or tolerate somebody/something, especially opinions or behaviour that you may not agree with, or people who are not like you'; candidate='терпимість (нуун): якість прийняття або толерування когось або чогось, особливо поглядів або поведінки, з якими ви не згідні, або людей, які не схожі на вас.'; reverse='Tolerance (nuun): Quality acceptance or tolerance of someone or something, especially attitudes or behaviors that you disagree with or that do not resemble you.'; lexical=1.000; candidate_definition_similarity=0.758; reverse_definition_similarity=0.714; semantic=0.758; POS/language checks PASS.
ox5000-d5ec64b91510270b2158	tolerate	verb	C1	толерува́ти	verified	MANUAL_EMERGENCY_WORK_20260820_FIRST_PASS_V3_round01	MANUAL_EMERGENCY_WORK_20260820_SECOND_PASS_V3_round01	MANUAL_EMERGENCY_WORK V3 exact Oxford identity; source_index=5424; definition_path=/us/definition/english/tolerate; stable_id=PASS; exact_definition='to allow somebody to do something that you do not agree with or like'; selected_candidate_method=en_wiktionary_matching_pos_uk_translation	PASS: source-grounded second pass; method=en_wiktionary_matching_pos_uk_translation; exact Oxford definition='to allow somebody to do something that you do not agree with or like'; candidate='толерува́ти'; reverse='tolerate'; lexical=1.000; candidate_definition_similarity=0.427; reverse_definition_similarity=0.448; semantic=0.448; POS/language checks PASS.
ox5000-4adeed3e1291e2cb9565	ton	noun	B2	тонна (ноун): одиниця виміру ваги, у Великобританії 240 фунтів (довжина тонн) і в США 2 000 фунтів (коротких тонн)	verified	MANUAL_EMERGENCY_WORK_20260820_FIRST_PASS_V3_round01	MANUAL_EMERGENCY_WORK_20260820_SECOND_PASS_V3_round01	MANUAL_EMERGENCY_WORK V3 exact Oxford identity; source_index=5429; definition_path=/us/definition/english/ton; stable_id=PASS; exact_definition='a unit for measuring weight, in the UK 2\u2009240 pounds ( long ton ) and in the US 2\u2009000 pounds ( short ton )'; selected_candidate_method=Helsinki-NLP/opus-mt-en-uk_contextual_definition_candidate	PASS: source-grounded second pass; method=Helsinki-NLP/opus-mt-en-uk_contextual_definition_candidate; exact Oxford definition='a unit for measuring weight, in the UK 2\u2009240 pounds ( long ton ) and in the US 2\u2009000 pounds ( short ton )'; candidate='тонна (ноун): одиниця виміру ваги, у Великобританії 240 фунтів (довжина тонн) і в США 2 000 фунтів (коротких тонн)'; reverse='ton (noun): Weight units, in Britain 240 pounds (long ton) and in the United States 2000 pounds (short tons)'; lexical=1.000; candidate_definition_similarity=0.925; reverse_definition_similarity=0.843; semantic=0.925; POS/language checks PASS.
ox5000-11d2abac5382987dddf5	tonne	noun	B2	тонна (нуун): одиниця виміру ваги, що дорівнює 1 000 кг	verified	MANUAL_EMERGENCY_WORK_20260820_FIRST_PASS_V3_round01	MANUAL_EMERGENCY_WORK_20260820_SECOND_PASS_V3_round01	MANUAL_EMERGENCY_WORK V3 exact Oxford identity; source_index=5434; definition_path=/us/definition/english/tonne; stable_id=PASS; exact_definition='a unit for measuring weight, equal to 1\u2009000 kilograms'; selected_candidate_method=Helsinki-NLP/opus-mt-en-uk_contextual_definition_candidate	PASS: source-grounded second pass; method=Helsinki-NLP/opus-mt-en-uk_contextual_definition_candidate; exact Oxford definition='a unit for measuring weight, equal to 1\u2009000 kilograms'; candidate='тонна (нуун): одиниця виміру ваги, що дорівнює 1 000 кг'; reverse='ton (nuun): Weight unit is 1000 kg'; lexical=0.323; candidate_definition_similarity=0.908; reverse_definition_similarity=0.794; semantic=0.908; POS/language checks PASS.
ox5000-7042e0637e91deb575b0	torture	noun	C1	тортури (ніун): акт про те, щоб завдати комусь сильного болю, щоб покарати їх або змусити щось сказати чи зробити.	verified	MANUAL_EMERGENCY_WORK_20260820_FIRST_PASS_V3_round01	MANUAL_EMERGENCY_WORK_20260820_SECOND_PASS_V3_round01	MANUAL_EMERGENCY_WORK V3 exact Oxford identity; source_index=5442; definition_path=/us/definition/english/torture_1; stable_id=PASS; exact_definition='the act of causing somebody severe pain in order to punish them or make them say or do something'; selected_candidate_method=Helsinki-NLP/opus-mt-en-uk_contextual_definition_candidate	PASS: source-grounded second pass; method=Helsinki-NLP/opus-mt-en-uk_contextual_definition_candidate; exact Oxford definition='the act of causing somebody severe pain in order to punish them or make them say or do something'; candidate='тортури (ніун): акт про те, щоб завдати комусь сильного болю, щоб покарати їх або змусити щось сказати чи зробити.'; reverse='torture: An act to cause severe pain in order to punish or force something to say or do.'; lexical=1.000; candidate_definition_similarity=0.735; reverse_definition_similarity=0.764; semantic=0.764; POS/language checks PASS.
ox5000-38e4c949712c87056e5c	tournament	noun	B2	Турнір (нун): спортивна конкуренція, в якій беруть участь команди або гравці, які беруть участь у різних іграх, і які повинні залишати змагання, якщо вони програють.	verified	MANUAL_EMERGENCY_WORK_20260820_FIRST_PASS_V3_round01	MANUAL_EMERGENCY_WORK_20260820_SECOND_PASS_V3_round01	MANUAL_EMERGENCY_WORK V3 exact Oxford identity; source_index=5456; definition_path=/us/definition/english/tournament; stable_id=PASS; exact_definition='a sports competition involving a number of teams or players who take part in different games and must leave the competition if they lose. The competition continues until there is only the winner left.'; selected_candidate_method=Helsinki-NLP/opus-mt-en-uk_contextual_definition_candidate	PASS: source-grounded second pass; method=Helsinki-NLP/opus-mt-en-uk_contextual_definition_candidate; exact Oxford definition='a sports competition involving a number of teams or players who take part in different games and must leave the competition if they lose. The competition continues until there is only the winner left.'; candidate='Турнір (нун): спортивна конкуренція, в якій беруть участь команди або гравці, які беруть участь у різних іграх, і які повинні залишати змагання, якщо вони програють.'; reverse='Tournament: A sports competition that involves teams or players who participate in various games and who should quit if they lose.'; lexical=1.000; candidate_definition_similarity=0.822; reverse_definition_similarity=0.829; semantic=0.829; POS/language checks PASS.
ox5000-2bd8b089e3ccff628106	toxic	adjective	C1	токсичний (прикметник): містить отруту; отруйний	verified	MANUAL_EMERGENCY_WORK_20260820_FIRST_PASS_V3_round01	MANUAL_EMERGENCY_WORK_20260820_SECOND_PASS_V3_round01	MANUAL_EMERGENCY_WORK V3 exact Oxford identity; source_index=5461; definition_path=/us/definition/english/toxic; stable_id=PASS; exact_definition='containing poison; poisonous'; selected_candidate_method=Helsinki-NLP/opus-mt-en-uk_contextual_definition_candidate	PASS: source-grounded second pass; method=Helsinki-NLP/opus-mt-en-uk_contextual_definition_candidate; exact Oxford definition='containing poison; poisonous'; candidate='токсичний (прикметник): містить отруту; отруйний'; reverse='toxic (announcer): contains poison; poisonous'; lexical=1.000; candidate_definition_similarity=0.939; reverse_definition_similarity=0.943; semantic=0.943; POS/language checks PASS.
ox5000-adafbb1bafb76a511fd1	trace	noun	C1	слід	verified	MANUAL_EMERGENCY_WORK_20260820_FIRST_PASS_V3_round01	MANUAL_EMERGENCY_WORK_20260820_SECOND_PASS_V3_round01	MANUAL_EMERGENCY_WORK V3 exact Oxford identity; source_index=5464; definition_path=/us/definition/english/trace_2; stable_id=PASS; exact_definition='a mark, an object or a sign that shows that somebody/something existed or was present'; selected_candidate_method=en_wiktionary_matching_pos_uk_translation	PASS: source-grounded second pass; method=en_wiktionary_matching_pos_uk_translation; exact Oxford definition='a mark, an object or a sign that shows that somebody/something existed or was present'; candidate='слід'; reverse='trace'; lexical=1.000; candidate_definition_similarity=0.333; reverse_definition_similarity=0.397; semantic=0.397; POS/language checks PASS.
ox5000-4a18d82d9fb6080d2f82	trademark	noun	C1	торгова марка (ніун): ім' я, символ або дизайн, які компанія використовує для своїх продуктів, і які ніхто не може використовувати	verified	MANUAL_EMERGENCY_WORK_20260820_FIRST_PASS_V3_round01	MANUAL_EMERGENCY_WORK_20260820_SECOND_PASS_V3_round01	MANUAL_EMERGENCY_WORK V3 exact Oxford identity; source_index=5470; definition_path=/us/definition/english/trademark_1; stable_id=PASS; exact_definition='a name, symbol or design that a company uses for its products and that cannot be used by anyone else'; selected_candidate_method=Helsinki-NLP/opus-mt-en-uk_contextual_definition_candidate	"PASS: source-grounded second pass; method=Helsinki-NLP/opus-mt-en-uk_contextual_definition_candidate; exact Oxford definition='a name, symbol or design that a company uses for its products and that cannot be used by anyone else'; candidate=""торгова марка (ніун): ім' я, символ або дизайн, які компанія використовує для своїх продуктів, і які ніхто не може використовувати""; reverse='trademark: name, symbol or design that the company uses for its products, which no one can use'; lexical=1.000; candidate_definition_similarity=0.791; reverse_definition_similarity=0.830; semantic=0.830; POS/language checks PASS."
ox5000-6c8f6df01d66058d990b	trading	noun	B2	Торгівля	verified	MANUAL_EMERGENCY_WORK_20260820_FIRST_PASS_V3_round01	MANUAL_EMERGENCY_WORK_20260820_SECOND_PASS_V3_round01	MANUAL_EMERGENCY_WORK V3 exact Oxford identity; source_index=5471; definition_path=/us/definition/english/trading; stable_id=PASS; exact_definition='the activity of buying and selling things'; selected_candidate_method=Helsinki-NLP/opus-mt-en-uk_surface_candidate	PASS: source-grounded second pass; method=Helsinki-NLP/opus-mt-en-uk_surface_candidate; exact Oxford definition='the activity of buying and selling things'; candidate='Торгівля'; reverse='Trade'; lexical=0.667; candidate_definition_similarity=0.647; reverse_definition_similarity=0.485; semantic=0.647; POS/language checks PASS.
ox5000-4171a075bcbae5c10c48	tragedy	noun	B2	трагедія (ноун): дуже сумна подія або ситуація, особливо ситуація, яка пов'язана зі смертю.	verified	MANUAL_EMERGENCY_WORK_20260820_FIRST_PASS_V3_round01	MANUAL_EMERGENCY_WORK_20260820_SECOND_PASS_V3_round01	MANUAL_EMERGENCY_WORK V3 exact Oxford identity; source_index=5475; definition_path=/us/definition/english/tragedy; stable_id=PASS; exact_definition='a very sad event or situation, especially one that involves death'; selected_candidate_method=Helsinki-NLP/opus-mt-en-uk_contextual_definition_candidate	"PASS: source-grounded second pass; method=Helsinki-NLP/opus-mt-en-uk_contextual_definition_candidate; exact Oxford definition='a very sad event or situation, especially one that involves death'; candidate=""трагедія (ноун): дуже сумна подія або ситуація, особливо ситуація, яка пов'язана зі смертю.""; reverse='Tragedy (Noun): A very sad event or situation, especially in the case of death.'; lexical=1.000; candidate_definition_similarity=0.866; reverse_definition_similarity=0.753; semantic=0.866; POS/language checks PASS."
ox5000-d225ff4e87c4cf923056	tragic	adjective	B2	Трагічна (примітка): Ви дуже сумуєте, як правило, тому, що хтось помер або багато страждав.	verified	MANUAL_EMERGENCY_WORK_20260820_FIRST_PASS_V3_round01	MANUAL_EMERGENCY_WORK_20260820_SECOND_PASS_V3_round01	MANUAL_EMERGENCY_WORK V3 exact Oxford identity; source_index=5476; definition_path=/us/definition/english/tragic; stable_id=PASS; exact_definition='making you feel very sad, usually because somebody has died or suffered a lot'; selected_candidate_method=Helsinki-NLP/opus-mt-en-uk_contextual_definition_candidate	"PASS: source-grounded second pass; method=Helsinki-NLP/opus-mt-en-uk_contextual_definition_candidate; exact Oxford definition='making you feel very sad, usually because somebody has died or suffered a lot'; candidate='Трагічна (примітка): Ви дуже сумуєте, як правило, тому, що хтось помер або багато страждав.'; reverse=""A tragic thing: You're really sad, usually because someone has died or suffered a lot.""; lexical=1.000; candidate_definition_similarity=0.839; reverse_definition_similarity=0.910; semantic=0.910; POS/language checks PASS."
ox5000-ddc7244d12a4925f1a9a	trail	noun	C1	сте́жка	verified	MANUAL_EMERGENCY_WORK_20260820_FIRST_PASS_V3_round01	MANUAL_EMERGENCY_WORK_20260820_SECOND_PASS_V3_round01	MANUAL_EMERGENCY_WORK V3 exact Oxford identity; source_index=5477; definition_path=/us/definition/english/trail_1; stable_id=PASS; exact_definition='a long line or series of marks that is left by somebody/something'; selected_candidate_method=en_wiktionary_matching_pos_uk_translation	PASS: source-grounded second pass; method=en_wiktionary_matching_pos_uk_translation; exact Oxford definition='a long line or series of marks that is left by somebody/something'; candidate='сте́жка'; reverse='stasy'; lexical=0.400; candidate_definition_similarity=0.457; reverse_definition_similarity=0.385; semantic=0.457; POS/language checks PASS.
ox5000-4c2ff8c38be3fe6c8dd4	trailer	noun	C1	причіп (нуун): вантажний автомобіль, або контейнер з колесами, якого тягне інший автомобіль.	verified	MANUAL_EMERGENCY_WORK_20260820_FIRST_PASS_V3_round01	MANUAL_EMERGENCY_WORK_20260820_SECOND_PASS_V3_round01	MANUAL_EMERGENCY_WORK V3 exact Oxford identity; source_index=5479; definition_path=/us/definition/english/trailer; stable_id=PASS; exact_definition='a truck, or a container with wheels, that is pulled by another vehicle'; selected_candidate_method=Helsinki-NLP/opus-mt-en-uk_contextual_definition_candidate	PASS: source-grounded second pass; method=Helsinki-NLP/opus-mt-en-uk_contextual_definition_candidate; exact Oxford definition='a truck, or a container with wheels, that is pulled by another vehicle'; candidate='причіп (нуун): вантажний автомобіль, або контейнер з колесами, якого тягне інший автомобіль.'; reverse='trailer (nut): A truck, or a wheel container, that is pulled by another car.'; lexical=1.000; candidate_definition_similarity=0.846; reverse_definition_similarity=0.880; semantic=0.880; POS/language checks PASS.
ox5000-9ada24c1b2e76e84a42f	trait	noun	B2	риса	verified	MANUAL_EMERGENCY_WORK_20260820_FIRST_PASS_V3_round01	MANUAL_EMERGENCY_WORK_20260820_SECOND_PASS_V3_round01	MANUAL_EMERGENCY_WORK V3 exact Oxford identity; source_index=5484; definition_path=/us/definition/english/trait; stable_id=PASS; exact_definition='a particular quality in your personality'; selected_candidate_method=Helsinki-NLP/opus-mt-en-uk_surface_candidate	PASS: source-grounded second pass; method=Helsinki-NLP/opus-mt-en-uk_surface_candidate; exact Oxford definition='a particular quality in your personality'; candidate='риса'; reverse='quality'; lexical=0.500; candidate_definition_similarity=0.070; reverse_definition_similarity=0.492; semantic=0.492; POS/language checks PASS.
ox5000-33958a180c21e9c2392f	transaction	noun	C1	Операція (нуун): частина бізнесу, яка виконується між людьми, особливо під час купівлі або продажу.	verified	MANUAL_EMERGENCY_WORK_20260820_FIRST_PASS_V3_round01	MANUAL_EMERGENCY_WORK_20260820_SECOND_PASS_V3_round01	MANUAL_EMERGENCY_WORK V3 exact Oxford identity; source_index=5485; definition_path=/us/definition/english/transaction; stable_id=PASS; exact_definition='a piece of business that is done between people, especially an act of buying or selling'; selected_candidate_method=Helsinki-NLP/opus-mt-en-uk_contextual_definition_candidate	PASS: source-grounded second pass; method=Helsinki-NLP/opus-mt-en-uk_contextual_definition_candidate; exact Oxford definition='a piece of business that is done between people, especially an act of buying or selling'; candidate='Операція (нуун): частина бізнесу, яка виконується між людьми, особливо під час купівлі або продажу.'; reverse='Transaction (nuun): a portion of the business that is done between people, especially when buying or selling.'; lexical=1.000; candidate_definition_similarity=0.711; reverse_definition_similarity=0.794; semantic=0.794; POS/language checks PASS.
ox5000-da0eaeba3b2a9298e5a8	transformation	noun	C1	перетворення (ніун): повна зміна у комусь або чомусь	verified	MANUAL_EMERGENCY_WORK_20260820_FIRST_PASS_V3_round01	MANUAL_EMERGENCY_WORK_20260820_SECOND_PASS_V3_round01	MANUAL_EMERGENCY_WORK V3 exact Oxford identity; source_index=5490; definition_path=/us/definition/english/transformation; stable_id=PASS; exact_definition='a complete change in somebody/something'; selected_candidate_method=Helsinki-NLP/opus-mt-en-uk_contextual_definition_candidate	PASS: source-grounded second pass; method=Helsinki-NLP/opus-mt-en-uk_contextual_definition_candidate; exact Oxford definition='a complete change in somebody/something'; candidate='перетворення (ніун): повна зміна у комусь або чомусь'; reverse='transformation (Nine): a complete change in someone or something'; lexical=1.000; candidate_definition_similarity=0.860; reverse_definition_similarity=0.736; semantic=0.860; POS/language checks PASS.
ox5000-4b88d3cffcad8bc82c9d	transit	noun	C1	переве́зення	verified	MANUAL_EMERGENCY_WORK_20260820_FIRST_PASS_V3_round01	MANUAL_EMERGENCY_WORK_20260820_SECOND_PASS_V3_round01	MANUAL_EMERGENCY_WORK V3 exact Oxford identity; source_index=5491; definition_path=/us/definition/english/transit_1; stable_id=PASS; exact_definition='the process of being moved or carried from one place to another'; selected_candidate_method=en_wiktionary_matching_pos_uk_translation	PASS: source-grounded second pass; method=en_wiktionary_matching_pos_uk_translation; exact Oxford definition='the process of being moved or carried from one place to another'; candidate='переве́зення'; reverse='regression'; lexical=0.353; candidate_definition_similarity=0.476; reverse_definition_similarity=0.115; semantic=0.476; POS/language checks PASS.
ox5000-f064dd91c4aa81d7c3ee	transmit	verb	B2	передати (клацання): передавати електронний сигнал, радіо або телебачення тощо.	verified	MANUAL_EMERGENCY_WORK_20260820_FIRST_PASS_V3_round01	MANUAL_EMERGENCY_WORK_20260820_SECOND_PASS_V3_round01	MANUAL_EMERGENCY_WORK V3 exact Oxford identity; source_index=5496; definition_path=/us/definition/english/transmit; stable_id=PASS; exact_definition='to send an electronic signal, radio or television broadcast, etc.'; selected_candidate_method=Helsinki-NLP/opus-mt-en-uk_contextual_definition_candidate	PASS: source-grounded second pass; method=Helsinki-NLP/opus-mt-en-uk_contextual_definition_candidate; exact Oxford definition='to send an electronic signal, radio or television broadcast, etc.'; candidate='передати (клацання): передавати електронний сигнал, радіо або телебачення тощо.'; reverse='transmit (clicks): transmit electronic signal, radio, or television, etc.'; lexical=1.000; candidate_definition_similarity=0.902; reverse_definition_similarity=0.804; semantic=0.902; POS/language checks PASS.
ox5000-9c611a0fde284f713dce	transparency	noun	C1	Прозорість (нуун): якість чогось, наприклад, ситуації або аргументу, який спрощує розуміння	verified	MANUAL_EMERGENCY_WORK_20260820_FIRST_PASS_V3_round01	MANUAL_EMERGENCY_WORK_20260820_SECOND_PASS_V3_round01	MANUAL_EMERGENCY_WORK V3 exact Oxford identity; source_index=5497; definition_path=/us/definition/english/transparency; stable_id=PASS; exact_definition='the quality of something, such as a situation or an argument, that makes it easy to understand'; selected_candidate_method=Helsinki-NLP/opus-mt-en-uk_contextual_definition_candidate	PASS: source-grounded second pass; method=Helsinki-NLP/opus-mt-en-uk_contextual_definition_candidate; exact Oxford definition='the quality of something, such as a situation or an argument, that makes it easy to understand'; candidate='Прозорість (нуун): якість чогось, наприклад, ситуації або аргументу, який спрощує розуміння'; reverse='Transparency (unclear): the quality of something, for example, a situation or an argument that makes it easier to understand'; lexical=1.000; candidate_definition_similarity=0.778; reverse_definition_similarity=0.682; semantic=0.778; POS/language checks PASS.
ox5000-1259e134246bea0b9a1e	transparent	adjective	C1	прозорий (прикметник): надає вам змогу бачити його крізь	verified	MANUAL_EMERGENCY_WORK_20260820_FIRST_PASS_V3_round01	MANUAL_EMERGENCY_WORK_20260820_SECOND_PASS_V3_round01	MANUAL_EMERGENCY_WORK V3 exact Oxford identity; source_index=5498; definition_path=/us/definition/english/transparent; stable_id=PASS; exact_definition='allowing you to see through it'; selected_candidate_method=Helsinki-NLP/opus-mt-en-uk_contextual_definition_candidate	PASS: source-grounded second pass; method=Helsinki-NLP/opus-mt-en-uk_contextual_definition_candidate; exact Oxford definition='allowing you to see through it'; candidate='прозорий (прикметник): надає вам змогу бачити його крізь'; reverse='transparent (announcer): allows you to see it through'; lexical=1.000; candidate_definition_similarity=0.748; reverse_definition_similarity=0.611; semantic=0.748; POS/language checks PASS.
ox5000-d8d8f389f6b761ee2bf6	transportation	noun	B2	транспортува́ння	verified	MANUAL_EMERGENCY_WORK_20260820_FIRST_PASS_V3_round01	MANUAL_EMERGENCY_WORK_20260820_SECOND_PASS_V3_round01	MANUAL_EMERGENCY_WORK V3 exact Oxford identity; source_index=5501; definition_path=/us/definition/english/transportation; stable_id=PASS; exact_definition='a system for carrying people or goods from one place to another using vehicles, roads, etc.'; selected_candidate_method=en_wiktionary_matching_pos_uk_translation	PASS: source-grounded second pass; method=en_wiktionary_matching_pos_uk_translation; exact Oxford definition='a system for carrying people or goods from one place to another using vehicles, roads, etc.'; candidate='транспортува́ння'; reverse='Transports'; lexical=0.750; candidate_definition_similarity=0.663; reverse_definition_similarity=0.667; semantic=0.667; POS/language checks PASS.
ox5000-e9aebc4072b2c4955b95	trap	noun	B2	пастка (нуун): частина обладнання для ловлі тварин	verified	MANUAL_EMERGENCY_WORK_20260820_FIRST_PASS_V3_round01	MANUAL_EMERGENCY_WORK_20260820_SECOND_PASS_V3_round01	MANUAL_EMERGENCY_WORK V3 exact Oxford identity; source_index=5502; definition_path=/us/definition/english/trap_1; stable_id=PASS; exact_definition='a piece of equipment for catching animals'; selected_candidate_method=Helsinki-NLP/opus-mt-en-uk_contextual_definition_candidate	PASS: source-grounded second pass; method=Helsinki-NLP/opus-mt-en-uk_contextual_definition_candidate; exact Oxford definition='a piece of equipment for catching animals'; candidate='пастка (нуун): частина обладнання для ловлі тварин'; reverse='trap (nuun): piece of animal fishing equipment'; lexical=1.000; candidate_definition_similarity=0.871; reverse_definition_similarity=0.821; semantic=0.871; POS/language checks PASS.
ox5000-dcddf2c3d5af4ca55dbf	trauma	noun	C1	травма (нун): психічний стан спричинений сильним ударом, стресом або страхом, а головно коли шкідливі наслідки тривають довгий час	verified	MANUAL_EMERGENCY_WORK_20260820_FIRST_PASS_V3_round01	MANUAL_EMERGENCY_WORK_20260820_SECOND_PASS_V3_round01	MANUAL_EMERGENCY_WORK V3 exact Oxford identity; source_index=5504; definition_path=/us/definition/english/trauma; stable_id=PASS; exact_definition='a mental condition caused by severe shock, stress or fear, especially when the harmful effects last for a long time'; selected_candidate_method=Helsinki-NLP/opus-mt-en-uk_contextual_definition_candidate	PASS: source-grounded second pass; method=Helsinki-NLP/opus-mt-en-uk_contextual_definition_candidate; exact Oxford definition='a mental condition caused by severe shock, stress or fear, especially when the harmful effects last for a long time'; candidate='травма (нун): психічний стан спричинений сильним ударом, стресом або страхом, а головно коли шкідливі наслідки тривають довгий час'; reverse='trauma: mental condition caused by severe shock, stress or fear, especially when the effects persist for long periods of time'; lexical=1.000; candidate_definition_similarity=0.813; reverse_definition_similarity=0.892; semantic=0.892; POS/language checks PASS.
ox5000-31ae2f33f40ae3c9992c	treasure	noun	B2	скарб (ноун): колекція таких коштовностей як золото, срібло і коштовність	verified	MANUAL_EMERGENCY_WORK_20260820_FIRST_PASS_V3_round01	MANUAL_EMERGENCY_WORK_20260820_SECOND_PASS_V3_round01	MANUAL_EMERGENCY_WORK V3 exact Oxford identity; source_index=5508; definition_path=/us/definition/english/treasure_1; stable_id=PASS; exact_definition='a collection of valuable things such as gold, silver and jewellery'; selected_candidate_method=Helsinki-NLP/opus-mt-en-uk_contextual_definition_candidate	PASS: source-grounded second pass; method=Helsinki-NLP/opus-mt-en-uk_contextual_definition_candidate; exact Oxford definition='a collection of valuable things such as gold, silver and jewellery'; candidate='скарб (ноун): колекція таких коштовностей як золото, срібло і коштовність'; reverse='treasure (Noun): a collection of such valuables as gold, silver, and jewels'; lexical=1.000; candidate_definition_similarity=0.838; reverse_definition_similarity=0.740; semantic=0.838; POS/language checks PASS.
ox5000-e3e9d21582b8898e7c77	treaty	noun	C1	договір	verified	MANUAL_EMERGENCY_WORK_20260820_FIRST_PASS_V3_round01	MANUAL_EMERGENCY_WORK_20260820_SECOND_PASS_V3_round01	MANUAL_EMERGENCY_WORK V3 exact Oxford identity; source_index=5511; definition_path=/us/definition/english/treaty; stable_id=PASS; exact_definition='a formal agreement between two or more countries'; selected_candidate_method=Helsinki-NLP/opus-mt-en-uk_surface_candidate	PASS: source-grounded second pass; method=Helsinki-NLP/opus-mt-en-uk_surface_candidate; exact Oxford definition='a formal agreement between two or more countries'; candidate='договір'; reverse='agreement'; lexical=0.400; candidate_definition_similarity=0.637; reverse_definition_similarity=0.642; semantic=0.642; POS/language checks PASS.
ox5000-e78ef76ea1e0cf2914d2	tribal	adjective	C1	Племінний (прикметник): з'єднаний з племенем або племенами	verified	MANUAL_EMERGENCY_WORK_20260820_FIRST_PASS_V3_round01	MANUAL_EMERGENCY_WORK_20260820_SECOND_PASS_V3_round01	MANUAL_EMERGENCY_WORK V3 exact Oxford identity; source_index=5516; definition_path=/us/definition/english/tribal_1; stable_id=PASS; exact_definition='connected with a tribe or tribes'; selected_candidate_method=Helsinki-NLP/opus-mt-en-uk_contextual_definition_candidate	"PASS: source-grounded second pass; method=Helsinki-NLP/opus-mt-en-uk_contextual_definition_candidate; exact Oxford definition='connected with a tribe or tribes'; candidate=""Племінний (прикметник): з'єднаний з племенем або племенами""; reverse='Tribal (president): united with tribe or tribe'; lexical=1.000; candidate_definition_similarity=0.925; reverse_definition_similarity=0.793; semantic=0.925; POS/language checks PASS."
ox5000-8f9f9f9e959b1fc183ea	tribe	noun	B2	плем'я (нуун): соціальна група у традиційному суспільстві, що складається з людей з однієї мови, культури, релігії тощо, які живуть у певній місцевості і часто мають одного лідера, якого знають як головного.	verified	MANUAL_EMERGENCY_WORK_20260820_FIRST_PASS_V3_round01	MANUAL_EMERGENCY_WORK_20260820_SECOND_PASS_V3_round01	MANUAL_EMERGENCY_WORK V3 exact Oxford identity; source_index=5517; definition_path=/us/definition/english/tribe; stable_id=PASS; exact_definition='a social group in a traditional society consisting of people with the same language, culture, religion, etc., living in a particular area and often having one leader known as a chief'; selected_candidate_method=Helsinki-NLP/opus-mt-en-uk_contextual_definition_candidate	"PASS: source-grounded second pass; method=Helsinki-NLP/opus-mt-en-uk_contextual_definition_candidate; exact Oxford definition='a social group in a traditional society consisting of people with the same language, culture, religion, etc., living in a particular area and often having one leader known as a chief'; candidate=""плем'я (нуун): соціальна група у традиційному суспільстві, що складається з людей з однієї мови, культури, релігії тощо, які живуть у певній місцевості і часто мають одного лідера, якого знають як головного.""; reverse='tribe (nuun): A social group in a traditional society made up of people of the same language, culture, religion, etc., who live in a certain area and often have one leader whom they know as chief.'; lexical=1.000; candidate_definition_similarity=0.788; reverse_definition_similarity=0.749; semantic=0.788; POS/language checks PASS."
ox5000-4f47419fcb1747bded2a	tribunal	noun	C1	Трибунал (нуун): вид суду з владою, який має справу з конкретною проблемою або незгодою.	verified	MANUAL_EMERGENCY_WORK_20260820_FIRST_PASS_V3_round01	MANUAL_EMERGENCY_WORK_20260820_SECOND_PASS_V3_round01	MANUAL_EMERGENCY_WORK V3 exact Oxford identity; source_index=5518; definition_path=/us/definition/english/tribunal; stable_id=PASS; exact_definition='a type of court with the authority to deal with a particular problem or disagreement'; selected_candidate_method=Helsinki-NLP/opus-mt-en-uk_contextual_definition_candidate	PASS: source-grounded second pass; method=Helsinki-NLP/opus-mt-en-uk_contextual_definition_candidate; exact Oxford definition='a type of court with the authority to deal with a particular problem or disagreement'; candidate='Трибунал (нуун): вид суду з владою, який має справу з конкретною проблемою або незгодою.'; reverse='Tribunal: a court of law dealing with a specific problem or dispute.'; lexical=1.000; candidate_definition_similarity=0.849; reverse_definition_similarity=0.730; semantic=0.849; POS/language checks PASS.
ox5000-3f2080ac50b135059225	tribute	noun	C1	данина (нуун): вчинок, заява або подарунок, яким ви виявляєте вашу любов або пошану, а головно померлого	verified	MANUAL_EMERGENCY_WORK_20260820_FIRST_PASS_V3_round01	MANUAL_EMERGENCY_WORK_20260820_SECOND_PASS_V3_round01	MANUAL_EMERGENCY_WORK V3 exact Oxford identity; source_index=5519; definition_path=/us/definition/english/tribute; stable_id=PASS; exact_definition='an act, a statement or a gift that is intended to show your love or respect, especially for a dead person'; selected_candidate_method=Helsinki-NLP/opus-mt-en-uk_contextual_definition_candidate	PASS: source-grounded second pass; method=Helsinki-NLP/opus-mt-en-uk_contextual_definition_candidate; exact Oxford definition='an act, a statement or a gift that is intended to show your love or respect, especially for a dead person'; candidate='данина (нуун): вчинок, заява або подарунок, яким ви виявляєте вашу любов або пошану, а головно померлого'; reverse='tribute: an act, a statement or gift to which you show love or respect, especially the dead'; lexical=1.000; candidate_definition_similarity=0.746; reverse_definition_similarity=0.780; semantic=0.780; POS/language checks PASS.
ox5000-a65a2ff14d99ea1e9c57	trillion	number	B2	трильйон (номер): 1000 000 000; мільйон	verified	MANUAL_EMERGENCY_WORK_20260820_FIRST_PASS_V3_round01	MANUAL_EMERGENCY_WORK_20260820_SECOND_PASS_V3_round01	MANUAL_EMERGENCY_WORK V3 exact Oxford identity; source_index=5524; definition_path=/us/definition/english/trillion; stable_id=PASS; exact_definition='1\u2009000\u2009000\u2009000\u2009000; one million million'; selected_candidate_method=Helsinki-NLP/opus-mt-en-uk_contextual_definition_candidate	PASS: source-grounded second pass; method=Helsinki-NLP/opus-mt-en-uk_contextual_definition_candidate; exact Oxford definition='1\u2009000\u2009000\u2009000\u2009000; one million million'; candidate='трильйон (номер): 1000 000 000; мільйон'; reverse='trillion (number): 1000,000,000; million'; lexical=1.000; candidate_definition_similarity=0.896; reverse_definition_similarity=0.857; semantic=0.896; POS/language checks PASS.
ox5000-1e0f1f9883740273fd03	trio	noun	C1	тріо (ніун): група з трьох осіб або речей	verified	MANUAL_EMERGENCY_WORK_20260820_FIRST_PASS_V3_round01	MANUAL_EMERGENCY_WORK_20260820_SECOND_PASS_V3_round01	MANUAL_EMERGENCY_WORK V3 exact Oxford identity; source_index=5525; definition_path=/us/definition/english/trio; stable_id=PASS; exact_definition='a group of three people or things'; selected_candidate_method=Helsinki-NLP/opus-mt-en-uk_contextual_definition_candidate	PASS: source-grounded second pass; method=Helsinki-NLP/opus-mt-en-uk_contextual_definition_candidate; exact Oxford definition='a group of three people or things'; candidate='тріо (ніун): група з трьох осіб або речей'; reverse='trio (Neun): a group of three persons or objects'; lexical=1.000; candidate_definition_similarity=0.808; reverse_definition_similarity=0.751; semantic=0.808; POS/language checks PASS.
ox5000-436d3c02b7b6f2193c9a	triumph	noun	C1	тріумф (ноун): великий успіх, досягнення або перемога	verified	MANUAL_EMERGENCY_WORK_20260820_FIRST_PASS_V3_round01	MANUAL_EMERGENCY_WORK_20260820_SECOND_PASS_V3_round01	MANUAL_EMERGENCY_WORK V3 exact Oxford identity; source_index=5528; definition_path=/us/definition/english/triumph_1; stable_id=PASS; exact_definition='a great success, achievement or victory'; selected_candidate_method=Helsinki-NLP/opus-mt-en-uk_contextual_definition_candidate	PASS: source-grounded second pass; method=Helsinki-NLP/opus-mt-en-uk_contextual_definition_candidate; exact Oxford definition='a great success, achievement or victory'; candidate='тріумф (ноун): великий успіх, досягнення або перемога'; reverse='Triumph (Noun): Great success, achievement or victory'; lexical=1.000; candidate_definition_similarity=0.909; reverse_definition_similarity=0.837; semantic=0.909; POS/language checks PASS.
ox5000-ff9efa27d739a9feea65	trophy	noun	C1	трофей (ноун): предмет на зразок срібної чашки, яку дають як нагороду за перемогу в змаганні	verified	MANUAL_EMERGENCY_WORK_20260820_FIRST_PASS_V3_round01	MANUAL_EMERGENCY_WORK_20260820_SECOND_PASS_V3_round01	MANUAL_EMERGENCY_WORK V3 exact Oxford identity; source_index=5530; definition_path=/us/definition/english/trophy_1; stable_id=PASS; exact_definition='an object such as a silver cup that is given as a prize for winning a competition'; selected_candidate_method=Helsinki-NLP/opus-mt-en-uk_contextual_definition_candidate	PASS: source-grounded second pass; method=Helsinki-NLP/opus-mt-en-uk_contextual_definition_candidate; exact Oxford definition='an object such as a silver cup that is given as a prize for winning a competition'; candidate='трофей (ноун): предмет на зразок срібної чашки, яку дають як нагороду за перемогу в змаганні'; reverse='trophy: A piece of silver cup given as a reward for winning a race'; lexical=1.000; candidate_definition_similarity=0.914; reverse_definition_similarity=0.889; semantic=0.914; POS/language checks PASS.
ox5000-f77eb1ad9e40664daa2c	tsunami	noun	B2	цунамі (нун): надзвичайно велика хвиля у морі спричинилася, наприклад, землетрусом.	verified	MANUAL_EMERGENCY_WORK_20260820_FIRST_PASS_V3_round01	MANUAL_EMERGENCY_WORK_20260820_SECOND_PASS_V3_round01	MANUAL_EMERGENCY_WORK V3 exact Oxford identity; source_index=5545; definition_path=/us/definition/english/tsunami; stable_id=PASS; exact_definition='an extremely large wave in the sea caused, for example, by an earthquake'; selected_candidate_method=Helsinki-NLP/opus-mt-en-uk_contextual_definition_candidate	PASS: source-grounded second pass; method=Helsinki-NLP/opus-mt-en-uk_contextual_definition_candidate; exact Oxford definition='an extremely large wave in the sea caused, for example, by an earthquake'; candidate='цунамі (нун): надзвичайно велика хвиля у морі спричинилася, наприклад, землетрусом.'; reverse='tsunami (nun): An extremely large wave at sea was caused by, for example, an earthquake.'; lexical=1.000; candidate_definition_similarity=0.929; reverse_definition_similarity=0.908; semantic=0.929; POS/language checks PASS.
ox5000-d7b56fa49ed8752c0082	twist	noun	C1	твіст (ніун): дія з повороту чогось вашою рукою або перетворення частини вашого тіла	verified	MANUAL_EMERGENCY_WORK_20260820_FIRST_PASS_V3_round01	MANUAL_EMERGENCY_WORK_20260820_SECOND_PASS_V3_round01	MANUAL_EMERGENCY_WORK V3 exact Oxford identity; source_index=5561; definition_path=/us/definition/english/twist_2; stable_id=PASS; exact_definition='the action of turning something with your hand, or of turning a part of your body'; selected_candidate_method=Helsinki-NLP/opus-mt-en-uk_contextual_definition_candidate	PASS: source-grounded second pass; method=Helsinki-NLP/opus-mt-en-uk_contextual_definition_candidate; exact Oxford definition='the action of turning something with your hand, or of turning a part of your body'; candidate='твіст (ніун): дія з повороту чогось вашою рукою або перетворення частини вашого тіла'; reverse='twisting something with your hand or turning parts of your body'; lexical=1.000; candidate_definition_similarity=0.782; reverse_definition_similarity=0.805; semantic=0.805; POS/language checks PASS.
ox5000-ca6bb00374122035b654	unacceptable	adjective	B2	Неприйнятний (присуд): настільки поганий, що ви думаєте, що йому не можна дозволяти	verified	MANUAL_EMERGENCY_WORK_20260820_FIRST_PASS_V3_round01	MANUAL_EMERGENCY_WORK_20260820_SECOND_PASS_V3_round01	MANUAL_EMERGENCY_WORK V3 exact Oxford identity; source_index=5574; definition_path=/us/definition/english/unacceptable; stable_id=PASS; exact_definition='so bad that you think it should not be allowed'; selected_candidate_method=Helsinki-NLP/opus-mt-en-uk_contextual_definition_candidate	"PASS: source-grounded second pass; method=Helsinki-NLP/opus-mt-en-uk_contextual_definition_candidate; exact Oxford definition='so bad that you think it should not be allowed'; candidate='Неприйнятний (присуд): настільки поганий, що ви думаєте, що йому не можна дозволяти'; reverse=""Unacceptable: So bad is it that you think you can't let it.""; lexical=1.000; candidate_definition_similarity=0.756; reverse_definition_similarity=0.800; semantic=0.800; POS/language checks PASS."
ox5000-7872cc2ff1d802a34afb	uncertainty	noun	B2	невизначеність	verified	MANUAL_EMERGENCY_WORK_20260820_FIRST_PASS_V3_round01	MANUAL_EMERGENCY_WORK_20260820_SECOND_PASS_V3_round01	MANUAL_EMERGENCY_WORK V3 exact Oxford identity; source_index=5575; definition_path=/us/definition/english/uncertainty; stable_id=PASS; exact_definition='the state of being uncertain'; selected_candidate_method=Helsinki-NLP/opus-mt-en-uk_surface_candidate	PASS: source-grounded second pass; method=Helsinki-NLP/opus-mt-en-uk_surface_candidate; exact Oxford definition='the state of being uncertain'; candidate='невизначеність'; reverse='uncertainty'; lexical=1.000; candidate_definition_similarity=0.867; reverse_definition_similarity=0.809; semantic=0.867; POS/language checks PASS.
ox5000-eb49f89e6eed3c18fab5	undergraduate	noun	C1	Студент	verified	MANUAL_EMERGENCY_WORK_20260820_FIRST_PASS_V3_round01	MANUAL_EMERGENCY_WORK_20260820_SECOND_PASS_V3_round01	MANUAL_EMERGENCY_WORK V3 exact Oxford identity; source_index=5582; definition_path=/us/definition/english/undergraduate; stable_id=PASS; exact_definition='a university or college student who is studying for their first degree'; selected_candidate_method=Helsinki-NLP/opus-mt-en-uk_surface_candidate	PASS: source-grounded second pass; method=Helsinki-NLP/opus-mt-en-uk_surface_candidate; exact Oxford definition='a university or college student who is studying for their first degree'; candidate='Студент'; reverse='Student'; lexical=0.400; candidate_definition_similarity=0.707; reverse_definition_similarity=0.686; semantic=0.707; POS/language checks PASS.
ox5000-bcd6058b3b378fadeb46	undoubtedly	adverb	C1	безсумнівно	verified	MANUAL_EMERGENCY_WORK_20260820_FIRST_PASS_V3_round01	MANUAL_EMERGENCY_WORK_20260820_SECOND_PASS_V3_round01	MANUAL_EMERGENCY_WORK V3 exact Oxford identity; source_index=5591; definition_path=/us/definition/english/undoubtedly; stable_id=PASS; exact_definition='used to emphasize that something exists or is definitely true'; selected_candidate_method=Helsinki-NLP/opus-mt-en-uk_surface_candidate	PASS: source-grounded second pass; method=Helsinki-NLP/opus-mt-en-uk_surface_candidate; exact Oxford definition='used to emphasize that something exists or is definitely true'; candidate='безсумнівно'; reverse='no doubt'; lexical=0.632; candidate_definition_similarity=0.538; reverse_definition_similarity=0.429; semantic=0.538; POS/language checks PASS.
ox5000-b4aced670657eb3906ef	unfold	verb	B2	Розгорнути	verified	MANUAL_EMERGENCY_WORK_20260820_FIRST_PASS_V3_round01	MANUAL_EMERGENCY_WORK_20260820_SECOND_PASS_V3_round01	MANUAL_EMERGENCY_WORK V3 exact Oxford identity; source_index=5596; definition_path=/us/definition/english/unfold; stable_id=PASS; exact_definition='to spread open or flat something that has previously been folded; to become open and flat'; selected_candidate_method=Helsinki-NLP/opus-mt-en-uk_surface_candidate	PASS: source-grounded second pass; method=Helsinki-NLP/opus-mt-en-uk_surface_candidate; exact Oxford definition='to spread open or flat something that has previously been folded; to become open and flat'; candidate='Розгорнути'; reverse='Unshade'; lexical=0.462; candidate_definition_similarity=0.421; reverse_definition_similarity=0.198; semantic=0.421; POS/language checks PASS.
ox5000-1bd133aa12f2ec343c3d	unite	verb	B2	об'єдна́ти	verified	MANUAL_EMERGENCY_WORK_20260820_FIRST_PASS_V3_round01	MANUAL_EMERGENCY_WORK_20260820_SECOND_PASS_V3_round01	MANUAL_EMERGENCY_WORK V3 exact Oxford identity; source_index=5605; definition_path=/us/definition/english/unite_1; stable_id=PASS; exact_definition='to join together with other people in order to do something as a group'; selected_candidate_method=en_wiktionary_matching_pos_uk_translation	"PASS: source-grounded second pass; method=en_wiktionary_matching_pos_uk_translation; exact Oxford definition='to join together with other people in order to do something as a group'; candidate=""об'єдна́ти""; reverse='Unite'; lexical=1.000; candidate_definition_similarity=0.595; reverse_definition_similarity=0.619; semantic=0.619; POS/language checks PASS."
ox5000-a103d57f9e4d2fd03225	unity	noun	B2	єдність (ніун): стан згоди і співпраці; стан об' єднання для створення одиниці	verified	MANUAL_EMERGENCY_WORK_20260820_FIRST_PASS_V3_round01	MANUAL_EMERGENCY_WORK_20260820_SECOND_PASS_V3_round01	MANUAL_EMERGENCY_WORK V3 exact Oxford identity; source_index=5607; definition_path=/us/definition/english/unity; stable_id=PASS; exact_definition='the state of being in agreement and working together; the state of being joined together to form one unit'; selected_candidate_method=Helsinki-NLP/opus-mt-en-uk_contextual_definition_candidate	"PASS: source-grounded second pass; method=Helsinki-NLP/opus-mt-en-uk_contextual_definition_candidate; exact Oxford definition='the state of being in agreement and working together; the state of being joined together to form one unit'; candidate=""єдність (ніун): стан згоди і співпраці; стан об' єднання для створення одиниці""; reverse='Unity (Ninun): consent state and cooperation; union state for unit creation'; lexical=1.000; candidate_definition_similarity=0.868; reverse_definition_similarity=0.715; semantic=0.868; POS/language checks PASS."
ox5000-00df3e607e9d82617ce7	universal	adjective	B2	універсальний (підприємець): за допомогою або включення всіх людей у світі або певної групи	verified	MANUAL_EMERGENCY_WORK_20260820_FIRST_PASS_V3_round01	MANUAL_EMERGENCY_WORK_20260820_SECOND_PASS_V3_round01	MANUAL_EMERGENCY_WORK V3 exact Oxford identity; source_index=5608; definition_path=/us/definition/english/universal; stable_id=PASS; exact_definition='done by or involving all the people in the world or in a particular group'; selected_candidate_method=Helsinki-NLP/opus-mt-en-uk_contextual_definition_candidate	PASS: source-grounded second pass; method=Helsinki-NLP/opus-mt-en-uk_contextual_definition_candidate; exact Oxford definition='done by or involving all the people in the world or in a particular group'; candidate='універсальний (підприємець): за допомогою або включення всіх людей у світі або певної групи'; reverse='universal (entrepreneur): by or by involving all people in the world or in a particular group'; lexical=1.000; candidate_definition_similarity=0.710; reverse_definition_similarity=0.684; semantic=0.710; POS/language checks PASS.
ox5000-50f08014a135ea159734	unprecedented	adjective	C1	безпрецедентний (примітка): такого раніше не було, не було або не було відомо	verified	MANUAL_EMERGENCY_WORK_20260820_FIRST_PASS_V3_round01	MANUAL_EMERGENCY_WORK_20260820_SECOND_PASS_V3_round01	MANUAL_EMERGENCY_WORK V3 exact Oxford identity; source_index=5617; definition_path=/us/definition/english/unprecedented; stable_id=PASS; exact_definition='that has never happened, been done or been known before'; selected_candidate_method=Helsinki-NLP/opus-mt-en-uk_contextual_definition_candidate	PASS: source-grounded second pass; method=Helsinki-NLP/opus-mt-en-uk_contextual_definition_candidate; exact Oxford definition='that has never happened, been done or been known before'; candidate='безпрецедентний (примітка): такого раніше не було, не було або не було відомо'; reverse='unprecedented (note): such a thing has never happened before, has not or has not been known'; lexical=1.000; candidate_definition_similarity=0.724; reverse_definition_similarity=0.793; semantic=0.793; POS/language checks PASS.
ox5000-5be5d98a1e3ccf304f5d	uphold	verb	C1	підтримувати	verified	MANUAL_EMERGENCY_WORK_20260820_FIRST_PASS_V3_round01	MANUAL_EMERGENCY_WORK_20260820_SECOND_PASS_V3_round01	MANUAL_EMERGENCY_WORK V3 exact Oxford identity; source_index=5629; definition_path=/us/definition/english/uphold; stable_id=PASS; exact_definition='to support something that you think is right and make sure that it continues to exist'; selected_candidate_method=Helsinki-NLP/opus-mt-en-uk_surface_candidate	PASS: source-grounded second pass; method=Helsinki-NLP/opus-mt-en-uk_surface_candidate; exact Oxford definition='to support something that you think is right and make sure that it continues to exist'; candidate='підтримувати'; reverse='support'; lexical=0.462; candidate_definition_similarity=0.585; reverse_definition_similarity=0.454; semantic=0.585; POS/language checks PASS.
ox5000-357c4c424c06919ba573	urgent	adjective	B2	термінове (примітка): з яким слід справитися або виконати дію негайно	verified	MANUAL_EMERGENCY_WORK_20260820_FIRST_PASS_V3_round01	MANUAL_EMERGENCY_WORK_20260820_SECOND_PASS_V3_round01	MANUAL_EMERGENCY_WORK V3 exact Oxford identity; source_index=5639; definition_path=/us/definition/english/urgent; stable_id=PASS; exact_definition='that needs to be dealt with or happen immediately'; selected_candidate_method=Helsinki-NLP/opus-mt-en-uk_contextual_definition_candidate	PASS: source-grounded second pass; method=Helsinki-NLP/opus-mt-en-uk_contextual_definition_candidate; exact Oxford definition='that needs to be dealt with or happen immediately'; candidate='термінове (примітка): з яким слід справитися або виконати дію негайно'; reverse='urgent (note): to handle or perform an action immediately'; lexical=1.000; candidate_definition_similarity=0.704; reverse_definition_similarity=0.587; semantic=0.704; POS/language checks PASS.
ox5000-3e59de5e9bc8a2475a44	usage	noun	B2	використання	verified	MANUAL_EMERGENCY_WORK_20260820_FIRST_PASS_V3_round01	MANUAL_EMERGENCY_WORK_20260820_SECOND_PASS_V3_round01	MANUAL_EMERGENCY_WORK V3 exact Oxford identity; source_index=5641; definition_path=/us/definition/english/usage; stable_id=PASS; exact_definition='the way in which words are used in a language'; selected_candidate_method=Helsinki-NLP/opus-mt-en-uk_surface_candidate	PASS: source-grounded second pass; method=Helsinki-NLP/opus-mt-en-uk_surface_candidate; exact Oxford definition='the way in which words are used in a language'; candidate='використання'; reverse='usage'; lexical=1.000; candidate_definition_similarity=0.462; reverse_definition_similarity=0.546; semantic=0.546; POS/language checks PASS.
ox5000-84e4202be2d54ae3a880	useless	adjective	B2	непотрібний	verified	MANUAL_EMERGENCY_WORK_20260820_FIRST_PASS_V3_round01	MANUAL_EMERGENCY_WORK_20260820_SECOND_PASS_V3_round01	MANUAL_EMERGENCY_WORK V3 exact Oxford identity; source_index=5647; definition_path=/us/definition/english/useless; stable_id=PASS; exact_definition='not useful; not doing or achieving what is needed or wanted'; selected_candidate_method=Helsinki-NLP/opus-mt-en-uk_surface_candidate	PASS: source-grounded second pass; method=Helsinki-NLP/opus-mt-en-uk_surface_candidate; exact Oxford definition='not useful; not doing or achieving what is needed or wanted'; candidate='непотрібний'; reverse='useless'; lexical=1.000; candidate_definition_similarity=0.598; reverse_definition_similarity=0.532; semantic=0.598; POS/language checks PASS.
ox5000-a5f501c79a3cead3aed5	utterly	adverb	C1	Повністю	verified	MANUAL_EMERGENCY_WORK_20260820_FIRST_PASS_V3_round01	MANUAL_EMERGENCY_WORK_20260820_SECOND_PASS_V3_round01	MANUAL_EMERGENCY_WORK V3 exact Oxford identity; source_index=5653; definition_path=/us/definition/english/utterly; stable_id=PASS; exact_definition='completely'; selected_candidate_method=Helsinki-NLP/opus-mt-en-uk_surface_candidate	PASS: source-grounded second pass; method=Helsinki-NLP/opus-mt-en-uk_surface_candidate; exact Oxford definition='completely'; candidate='Повністю'; reverse='Full'; lexical=0.364; candidate_definition_similarity=0.818; reverse_definition_similarity=0.700; semantic=0.818; POS/language checks PASS.
ox5000-bd2b3c3621e5e5dac378	vacuum	noun	C1	пилосос (нуль): простір, повністю порожній від усіх речовин, включаючи повітря або інший газ.	verified	MANUAL_EMERGENCY_WORK_20260820_FIRST_PASS_V3_round01	MANUAL_EMERGENCY_WORK_20260820_SECOND_PASS_V3_round01	MANUAL_EMERGENCY_WORK V3 exact Oxford identity; source_index=5655; definition_path=/us/definition/english/vacuum_1; stable_id=PASS; exact_definition='a space that is completely empty of all substances, including all air or other gas'; selected_candidate_method=Helsinki-NLP/opus-mt-en-uk_contextual_definition_candidate	PASS: source-grounded second pass; method=Helsinki-NLP/opus-mt-en-uk_contextual_definition_candidate; exact Oxford definition='a space that is completely empty of all substances, including all air or other gas'; candidate='пилосос (нуль): простір, повністю порожній від усіх речовин, включаючи повітря або інший газ.'; reverse='vacuum cleaner: space completely empty of all substances, including air or other gas.'; lexical=1.000; candidate_definition_similarity=0.870; reverse_definition_similarity=0.786; semantic=0.870; POS/language checks PASS.
ox5000-ff91b36a2919e9f4b7c0	vague	adjective	C1	невизначений	verified	MANUAL_EMERGENCY_WORK_20260820_FIRST_PASS_V3_round01	MANUAL_EMERGENCY_WORK_20260820_SECOND_PASS_V3_round01	MANUAL_EMERGENCY_WORK V3 exact Oxford identity; source_index=5656; definition_path=/us/definition/english/vague; stable_id=PASS; exact_definition='not clear in a person’s mind'; selected_candidate_method=Helsinki-NLP/opus-mt-en-uk_surface_candidate	PASS: source-grounded second pass; method=Helsinki-NLP/opus-mt-en-uk_surface_candidate; exact Oxford definition='not clear in a person’s mind'; candidate='невизначений'; reverse='undefined'; lexical=0.286; candidate_definition_similarity=0.443; reverse_definition_similarity=0.180; semantic=0.443; POS/language checks PASS.
ox5000-3a4b0d5d3856131ca280	valid	adjective	B2	коректний (підприємець): юридично або офіційно прийнятний	verified	MANUAL_EMERGENCY_WORK_20260820_FIRST_PASS_V3_round01	MANUAL_EMERGENCY_WORK_20260820_SECOND_PASS_V3_round01	MANUAL_EMERGENCY_WORK V3 exact Oxford identity; source_index=5657; definition_path=/us/definition/english/valid; stable_id=PASS; exact_definition='that is legally or officially acceptable'; selected_candidate_method=Helsinki-NLP/opus-mt-en-uk_contextual_definition_candidate	PASS: source-grounded second pass; method=Helsinki-NLP/opus-mt-en-uk_contextual_definition_candidate; exact Oxford definition='that is legally or officially acceptable'; candidate='коректний (підприємець): юридично або офіційно прийнятний'; reverse='valid (entrepreneur): Legal or official accepted'; lexical=1.000; candidate_definition_similarity=0.743; reverse_definition_similarity=0.538; semantic=0.743; POS/language checks PASS.
ox5000-d4b51e751f8ac1388a7d	validity	noun	C1	ві́рність	verified	MANUAL_EMERGENCY_WORK_20260820_FIRST_PASS_V3_round01	MANUAL_EMERGENCY_WORK_20260820_SECOND_PASS_V3_round01	MANUAL_EMERGENCY_WORK V3 exact Oxford identity; source_index=5658; definition_path=/us/definition/english/validity; stable_id=PASS; exact_definition='the state of being legally or officially acceptable'; selected_candidate_method=en_wiktionary_matching_pos_uk_translation	PASS: source-grounded second pass; method=en_wiktionary_matching_pos_uk_translation; exact Oxford definition='the state of being legally or officially acceptable'; candidate='ві́рність'; reverse='veracity'; lexical=0.625; candidate_definition_similarity=0.387; reverse_definition_similarity=0.422; semantic=0.422; POS/language checks PASS.
ox5000-b96d44955b0116a8b189	variable	adjective	C1	змінна (примітка): часто змінюється; ймовірно, змінюється	verified	MANUAL_EMERGENCY_WORK_20260820_FIRST_PASS_V3_round01	MANUAL_EMERGENCY_WORK_20260820_SECOND_PASS_V3_round01	MANUAL_EMERGENCY_WORK V3 exact Oxford identity; source_index=5665; definition_path=/us/definition/english/variable_2; stable_id=PASS; exact_definition='often changing; likely to change'; selected_candidate_method=Helsinki-NLP/opus-mt-en-uk_contextual_definition_candidate	PASS: source-grounded second pass; method=Helsinki-NLP/opus-mt-en-uk_contextual_definition_candidate; exact Oxford definition='often changing; likely to change'; candidate='змінна (примітка): часто змінюється; ймовірно, змінюється'; reverse='variable (note): changes often; likely changed'; lexical=1.000; candidate_definition_similarity=0.891; reverse_definition_similarity=0.635; semantic=0.891; POS/language checks PASS.
ox5000-ba63498dec4f81c1b9de	variable	noun	C1	змінна	verified	MANUAL_EMERGENCY_WORK_20260820_FIRST_PASS_V3_round01	MANUAL_EMERGENCY_WORK_20260820_SECOND_PASS_V3_round01	MANUAL_EMERGENCY_WORK V3 exact Oxford identity; source_index=5666; definition_path=/us/definition/english/variable_1; stable_id=PASS; exact_definition='a situation, number or quantity that can vary or be varied'; selected_candidate_method=Helsinki-NLP/opus-mt-en-uk_surface_candidate	PASS: source-grounded second pass; method=Helsinki-NLP/opus-mt-en-uk_surface_candidate; exact Oxford definition='a situation, number or quantity that can vary or be varied'; candidate='змінна'; reverse='variable'; lexical=1.000; candidate_definition_similarity=0.484; reverse_definition_similarity=0.328; semantic=0.484; POS/language checks PASS.
ox5000-97f16a4e14fd89f0282c	variation	noun	B2	варіація (нуун): зміна, особливо кількість або рівень чогось	verified	MANUAL_EMERGENCY_WORK_20260820_FIRST_PASS_V3_round01	MANUAL_EMERGENCY_WORK_20260820_SECOND_PASS_V3_round01	MANUAL_EMERGENCY_WORK V3 exact Oxford identity; source_index=5667; definition_path=/us/definition/english/variation; stable_id=PASS; exact_definition='a change, especially in the amount or level of something'; selected_candidate_method=Helsinki-NLP/opus-mt-en-uk_contextual_definition_candidate	PASS: source-grounded second pass; method=Helsinki-NLP/opus-mt-en-uk_contextual_definition_candidate; exact Oxford definition='a change, especially in the amount or level of something'; candidate='варіація (нуун): зміна, особливо кількість або рівень чогось'; reverse='variation (none): change, especially quantity or level of something'; lexical=1.000; candidate_definition_similarity=0.805; reverse_definition_similarity=0.706; semantic=0.805; POS/language checks PASS.
ox5000-f9d3c8583b91249a82cf	vein	noun	C1	вена (нун): жодна з трубок, що несе кров зі всіх частин тіла до серця.	verified	MANUAL_EMERGENCY_WORK_20260820_FIRST_PASS_V3_round01	MANUAL_EMERGENCY_WORK_20260820_SECOND_PASS_V3_round01	MANUAL_EMERGENCY_WORK V3 exact Oxford identity; source_index=5675; definition_path=/us/definition/english/vein; stable_id=PASS; exact_definition='any of the tubes that carry blood from all parts of the body towards the heart'; selected_candidate_method=Helsinki-NLP/opus-mt-en-uk_contextual_definition_candidate	PASS: source-grounded second pass; method=Helsinki-NLP/opus-mt-en-uk_contextual_definition_candidate; exact Oxford definition='any of the tubes that carry blood from all parts of the body towards the heart'; candidate='вена (нун): жодна з трубок, що несе кров зі всіх частин тіла до серця.'; reverse='vein: none of the tubes that carry blood from all parts of the body to the heart.'; lexical=1.000; candidate_definition_similarity=0.772; reverse_definition_similarity=0.824; semantic=0.824; POS/language checks PASS.
ox5000-40cca0dcc06cac43159c	verbal	adjective	C1	словесний (підприємець): пов' язаний зі словами	verified	MANUAL_EMERGENCY_WORK_20260820_FIRST_PASS_V3_round01	MANUAL_EMERGENCY_WORK_20260820_SECOND_PASS_V3_round01	MANUAL_EMERGENCY_WORK V3 exact Oxford identity; source_index=5679; definition_path=/us/definition/english/verbal; stable_id=PASS; exact_definition='relating to words'; selected_candidate_method=Helsinki-NLP/opus-mt-en-uk_contextual_definition_candidate	"PASS: source-grounded second pass; method=Helsinki-NLP/opus-mt-en-uk_contextual_definition_candidate; exact Oxford definition='relating to words'; candidate=""словесний (підприємець): пов' язаний зі словами""; reverse='verbal (entrepreneur): has to do with words'; lexical=1.000; candidate_definition_similarity=0.843; reverse_definition_similarity=0.652; semantic=0.843; POS/language checks PASS."
ox5000-c0f3d588f4f4edb1473a	verdict	noun	C1	Вердикт (нуун): офіційний вирок, винесений у суді або на інвестації (= офіційне розслідування чиєїсь смерті)	verified	MANUAL_EMERGENCY_WORK_20260820_FIRST_PASS_V3_round01	MANUAL_EMERGENCY_WORK_20260820_SECOND_PASS_V3_round01	"MANUAL_EMERGENCY_WORK V3 exact Oxford identity; source_index=5680; definition_path=/us/definition/english/verdict; stable_id=PASS; exact_definition=""an official judgement made in court or at an inquest (= an official investigation into somebody's death)""; selected_candidate_method=Helsinki-NLP/opus-mt-en-uk_contextual_definition_candidate"	"PASS: source-grounded second pass; method=Helsinki-NLP/opus-mt-en-uk_contextual_definition_candidate; exact Oxford definition=""an official judgement made in court or at an inquest (= an official investigation into somebody's death)""; candidate='Вердикт (нуун): офіційний вирок, винесений у суді або на інвестації (= офіційне розслідування чиєїсь смерті)'; reverse=""Verdith: A formal verdict handed down in court or an investment (= official investigation of someone's death)""; lexical=1.000; candidate_definition_similarity=0.778; reverse_definition_similarity=0.791; semantic=0.791; POS/language checks PASS."
ox5000-4fd068d2506743727f02	verse	noun	C1	пое́зія	verified	MANUAL_EMERGENCY_WORK_20260820_FIRST_PASS_V3_round01	MANUAL_EMERGENCY_WORK_20260820_SECOND_PASS_V3_round01	MANUAL_EMERGENCY_WORK V3 exact Oxford identity; source_index=5682; definition_path=/us/definition/english/verse; stable_id=PASS; exact_definition='writing that is arranged in lines, often with a regular rhythm or pattern of rhyme'; selected_candidate_method=en_wiktionary_matching_pos_uk_translation	PASS: source-grounded second pass; method=en_wiktionary_matching_pos_uk_translation; exact Oxford definition='writing that is arranged in lines, often with a regular rhythm or pattern of rhyme'; candidate='пое́зія'; reverse='poetry'; lexical=0.364; candidate_definition_similarity=0.452; reverse_definition_similarity=0.438; semantic=0.452; POS/language checks PASS.
ox5000-ac5c591f2fae87d58646	versus	preposition	C1	проти	verified	MANUAL_EMERGENCY_WORK_20260820_FIRST_PASS_V3_round01	MANUAL_EMERGENCY_WORK_20260820_SECOND_PASS_V3_round01	MANUAL_EMERGENCY_WORK V3 exact Oxford identity; source_index=5684; definition_path=/us/definition/english/versus; stable_id=PASS; exact_definition='used to show that two teams or sides are against each other'; selected_candidate_method=Helsinki-NLP/opus-mt-en-uk_surface_candidate	PASS: source-grounded second pass; method=Helsinki-NLP/opus-mt-en-uk_surface_candidate; exact Oxford definition='used to show that two teams or sides are against each other'; candidate='проти'; reverse='vs.'; lexical=0.500; candidate_definition_similarity=0.487; reverse_definition_similarity=0.358; semantic=0.487; POS/language checks PASS.
ox5000-b223ea69d03f2788ad88	vertical	adjective	B2	вертикальний (прикметник): рухається прямо вгору або вниз від поверхні рівня або згори до низу зображення тощо.	verified	MANUAL_EMERGENCY_WORK_20260820_FIRST_PASS_V3_round01	MANUAL_EMERGENCY_WORK_20260820_SECOND_PASS_V3_round01	MANUAL_EMERGENCY_WORK V3 exact Oxford identity; source_index=5685; definition_path=/us/definition/english/vertical_1; stable_id=PASS; exact_definition='going straight up or down from a level surface or from top to bottom in a picture, etc.'; selected_candidate_method=Helsinki-NLP/opus-mt-en-uk_contextual_definition_candidate	PASS: source-grounded second pass; method=Helsinki-NLP/opus-mt-en-uk_contextual_definition_candidate; exact Oxford definition='going straight up or down from a level surface or from top to bottom in a picture, etc.'; candidate='вертикальний (прикметник): рухається прямо вгору або вниз від поверхні рівня або згори до низу зображення тощо.'; reverse='vertical (pointer): moves straight up or down from the surface of the level or from top to bottom of the image, & etc;'; lexical=1.000; candidate_definition_similarity=0.870; reverse_definition_similarity=0.805; semantic=0.870; POS/language checks PASS.
ox5000-3ee81464f01abd4b789d	vessel	noun	C1	судина (нун): трубка, яка переносить кров через тіло людини або тварини, або рідина через частини рослини.	verified	MANUAL_EMERGENCY_WORK_20260820_FIRST_PASS_V3_round01	MANUAL_EMERGENCY_WORK_20260820_SECOND_PASS_V3_round01	MANUAL_EMERGENCY_WORK V3 exact Oxford identity; source_index=5688; definition_path=/us/definition/english/vessel; stable_id=PASS; exact_definition='a tube that carries blood through the body of a person or an animal, or liquid through the parts of a plant'; selected_candidate_method=Helsinki-NLP/opus-mt-en-uk_contextual_definition_candidate	"PASS: source-grounded second pass; method=Helsinki-NLP/opus-mt-en-uk_contextual_definition_candidate; exact Oxford definition='a tube that carries blood through the body of a person or an animal, or liquid through the parts of a plant'; candidate='судина (нун): трубка, яка переносить кров через тіло людини або тварини, або рідина через частини рослини.'; reverse=""vessel (nun): A tube that carries blood through a person or an animal's body, or fluid, through parts of a plant.""; lexical=1.000; candidate_definition_similarity=0.832; reverse_definition_similarity=0.834; semantic=0.834; POS/language checks PASS."
ox5000-f6bbcd6016aa6874a3f7	veteran	noun	C1	ветеран (нуун): людина, яка має багато досвіду в якійсь галузі або діяльності.	verified	MANUAL_EMERGENCY_WORK_20260820_FIRST_PASS_V3_round01	MANUAL_EMERGENCY_WORK_20260820_SECOND_PASS_V3_round01	MANUAL_EMERGENCY_WORK V3 exact Oxford identity; source_index=5689; definition_path=/us/definition/english/veteran; stable_id=PASS; exact_definition='a person who has a lot of experience in a particular area or activity'; selected_candidate_method=Helsinki-NLP/opus-mt-en-uk_contextual_definition_candidate	PASS: source-grounded second pass; method=Helsinki-NLP/opus-mt-en-uk_contextual_definition_candidate; exact Oxford definition='a person who has a lot of experience in a particular area or activity'; candidate='ветеран (нуун): людина, яка має багато досвіду в якійсь галузі або діяльності.'; reverse='veteran: a person who has much experience in some field or activity.'; lexical=1.000; candidate_definition_similarity=0.515; reverse_definition_similarity=0.524; semantic=0.524; POS/language checks PASS.
ox5000-121cec9e5ac562503098	viable	adjective	C1	життєздатний	verified	MANUAL_EMERGENCY_WORK_20260820_FIRST_PASS_V3_round01	MANUAL_EMERGENCY_WORK_20260820_SECOND_PASS_V3_round01	MANUAL_EMERGENCY_WORK V3 exact Oxford identity; source_index=5691; definition_path=/us/definition/english/viable; stable_id=PASS; exact_definition='that can be done; that will be successful'; selected_candidate_method=Helsinki-NLP/opus-mt-en-uk_surface_candidate	PASS: source-grounded second pass; method=Helsinki-NLP/opus-mt-en-uk_surface_candidate; exact Oxford definition='that can be done; that will be successful'; candidate='життєздатний'; reverse='viable'; lexical=1.000; candidate_definition_similarity=0.567; reverse_definition_similarity=0.559; semantic=0.567; POS/language checks PASS.
ox5000-4a87b56fc5f2c92f2d14	vice	noun	C1	порок (ніно): кримінальна діяльність, що пов'язана з сексом або наркотиками.	verified	MANUAL_EMERGENCY_WORK_20260820_FIRST_PASS_V3_round01	MANUAL_EMERGENCY_WORK_20260820_SECOND_PASS_V3_round01	MANUAL_EMERGENCY_WORK V3 exact Oxford identity; source_index=5693; definition_path=/us/definition/english/vice_1; stable_id=PASS; exact_definition='criminal activities that involve sex or drugs'; selected_candidate_method=Helsinki-NLP/opus-mt-en-uk_contextual_definition_candidate	"PASS: source-grounded second pass; method=Helsinki-NLP/opus-mt-en-uk_contextual_definition_candidate; exact Oxford definition='criminal activities that involve sex or drugs'; candidate=""порок (ніно): кримінальна діяльність, що пов'язана з сексом або наркотиками.""; reverse='vice (Neno): Sexual or drug - related criminal activity.'; lexical=1.000; candidate_definition_similarity=0.905; reverse_definition_similarity=0.798; semantic=0.905; POS/language checks PASS."
ox5000-9eadee768474116a6389	vicious	adjective	C1	злий	verified	MANUAL_EMERGENCY_WORK_20260820_FIRST_PASS_V3_round01	MANUAL_EMERGENCY_WORK_20260820_SECOND_PASS_V3_round01	MANUAL_EMERGENCY_WORK V3 exact Oxford identity; source_index=5694; definition_path=/us/definition/english/vicious; stable_id=PASS; exact_definition='violent and cruel'; selected_candidate_method=en_wiktionary_matching_pos_uk_translation	PASS: source-grounded second pass; method=en_wiktionary_matching_pos_uk_translation; exact Oxford definition='violent and cruel'; candidate='злий'; reverse='evil'; lexical=0.364; candidate_definition_similarity=0.527; reverse_definition_similarity=0.650; semantic=0.650; POS/language checks PASS.
ox5000-3143b1c6f122d8cbb915	viewpoint	noun	B2	точка зору	verified	MANUAL_EMERGENCY_WORK_20260820_FIRST_PASS_V3_round01	MANUAL_EMERGENCY_WORK_20260820_SECOND_PASS_V3_round01	MANUAL_EMERGENCY_WORK V3 exact Oxford identity; source_index=5701; definition_path=/us/definition/english/viewpoint; stable_id=PASS; exact_definition='a way of thinking about a subject'; selected_candidate_method=Helsinki-NLP/opus-mt-en-uk_surface_candidate	PASS: source-grounded second pass; method=Helsinki-NLP/opus-mt-en-uk_surface_candidate; exact Oxford definition='a way of thinking about a subject'; candidate='точка зору'; reverse='point of view'; lexical=0.455; candidate_definition_similarity=0.434; reverse_definition_similarity=0.511; semantic=0.511; POS/language checks PASS.
ox5000-642e71f0ef3e4ecc6bac	villager	noun	C1	селяни́ця	verified	MANUAL_EMERGENCY_WORK_20260820_FIRST_PASS_V3_round01	MANUAL_EMERGENCY_WORK_20260820_SECOND_PASS_V3_round01	MANUAL_EMERGENCY_WORK V3 exact Oxford identity; source_index=5703; definition_path=/us/definition/english/villager; stable_id=PASS; exact_definition='a person who lives in a village'; selected_candidate_method=en_wiktionary_matching_pos_uk_translation	PASS: source-grounded second pass; method=en_wiktionary_matching_pos_uk_translation; exact Oxford definition='a person who lives in a village'; candidate='селяни́ця'; reverse='Farmer'; lexical=0.429; candidate_definition_similarity=0.735; reverse_definition_similarity=0.508; semantic=0.735; POS/language checks PASS.
ox5000-599362e4e8fd0e21eb59	violation	noun	C1	порушення	verified	MANUAL_EMERGENCY_WORK_20260820_FIRST_PASS_V3_round01	MANUAL_EMERGENCY_WORK_20260820_SECOND_PASS_V3_round01	MANUAL_EMERGENCY_WORK V3 exact Oxford identity; source_index=5705; definition_path=/us/definition/english/violation; stable_id=PASS; exact_definition='the act of going against or refusing to obey a law, an agreement, etc.'; selected_candidate_method=Helsinki-NLP/opus-mt-en-uk_surface_candidate	PASS: source-grounded second pass; method=Helsinki-NLP/opus-mt-en-uk_surface_candidate; exact Oxford definition='the act of going against or refusing to obey a law, an agreement, etc.'; candidate='порушення'; reverse='infraction'; lexical=0.632; candidate_definition_similarity=0.436; reverse_definition_similarity=0.543; semantic=0.543; POS/language checks PASS.
ox5000-4bbf63568389861f19a6	virtue	noun	C1	чеснота (нуль): поведінка або відношення, які виявляють високі моральні рівні	verified	MANUAL_EMERGENCY_WORK_20260820_FIRST_PASS_V3_round01	MANUAL_EMERGENCY_WORK_20260820_SECOND_PASS_V3_round01	MANUAL_EMERGENCY_WORK V3 exact Oxford identity; source_index=5709; definition_path=/us/definition/english/virtue; stable_id=PASS; exact_definition='behaviour or attitudes that show high moral standards'; selected_candidate_method=Helsinki-NLP/opus-mt-en-uk_contextual_definition_candidate	PASS: source-grounded second pass; method=Helsinki-NLP/opus-mt-en-uk_contextual_definition_candidate; exact Oxford definition='behaviour or attitudes that show high moral standards'; candidate='чеснота (нуль): поведінка або відношення, які виявляють високі моральні рівні'; reverse='Virtue: conduct or attitudes that show high moral standards'; lexical=1.000; candidate_definition_similarity=0.783; reverse_definition_similarity=0.858; semantic=0.858; POS/language checks PASS.
ox5000-f912150dbfa4ff420e3e	visa	noun	B2	віза	verified	MANUAL_EMERGENCY_WORK_20260820_FIRST_PASS_V3_round01	MANUAL_EMERGENCY_WORK_20260820_SECOND_PASS_V3_round01	MANUAL_EMERGENCY_WORK V3 exact Oxford identity; source_index=5711; definition_path=/us/definition/english/visa; stable_id=PASS; exact_definition='a stamp or mark put in your passport by officials of a foreign country that gives you permission to enter, pass through or leave their country'; selected_candidate_method=Helsinki-NLP/opus-mt-en-uk_surface_candidate	PASS: source-grounded second pass; method=Helsinki-NLP/opus-mt-en-uk_surface_candidate; exact Oxford definition='a stamp or mark put in your passport by officials of a foreign country that gives you permission to enter, pass through or leave their country'; candidate='віза'; reverse='visa'; lexical=1.000; candidate_definition_similarity=0.355; reverse_definition_similarity=0.404; semantic=0.404; POS/language checks PASS.
ox5000-2ed2ff1e8e1305b1c767	visible	adjective	B2	Видимий (примітка): його можна побачити	verified	MANUAL_EMERGENCY_WORK_20260820_FIRST_PASS_V3_round01	MANUAL_EMERGENCY_WORK_20260820_SECOND_PASS_V3_round01	MANUAL_EMERGENCY_WORK V3 exact Oxford identity; source_index=5712; definition_path=/us/definition/english/visible; stable_id=PASS; exact_definition='that can be seen'; selected_candidate_method=Helsinki-NLP/opus-mt-en-uk_contextual_definition_candidate	PASS: source-grounded second pass; method=Helsinki-NLP/opus-mt-en-uk_contextual_definition_candidate; exact Oxford definition='that can be seen'; candidate='Видимий (примітка): його можна побачити'; reverse='Visible (note): it can be seen'; lexical=1.000; candidate_definition_similarity=0.793; reverse_definition_similarity=0.743; semantic=0.793; POS/language checks PASS.
ox5000-b8342c014fdb4dec91ab	voting	noun	B2	Голосування	verified	MANUAL_EMERGENCY_WORK_20260820_FIRST_PASS_V3_round01	MANUAL_EMERGENCY_WORK_20260820_SECOND_PASS_V3_round01	MANUAL_EMERGENCY_WORK V3 exact Oxford identity; source_index=5728; definition_path=/us/definition/english/voting; stable_id=PASS; exact_definition='the action of choosing somebody/something in an election or at a meeting'; selected_candidate_method=Helsinki-NLP/opus-mt-en-uk_surface_candidate	PASS: source-grounded second pass; method=Helsinki-NLP/opus-mt-en-uk_surface_candidate; exact Oxford definition='the action of choosing somebody/something in an election or at a meeting'; candidate='Голосування'; reverse='Vote'; lexical=0.600; candidate_definition_similarity=0.671; reverse_definition_similarity=0.625; semantic=0.671; POS/language checks PASS.
ox5000-b2724644535a93be515d	vulnerability	noun	C1	Уразливість (нуль): факт слабості й легкої фізичної або емоційної шкоди	verified	MANUAL_EMERGENCY_WORK_20260820_FIRST_PASS_V3_round01	MANUAL_EMERGENCY_WORK_20260820_SECOND_PASS_V3_round01	MANUAL_EMERGENCY_WORK V3 exact Oxford identity; source_index=5730; definition_path=/us/definition/english/vulnerability; stable_id=PASS; exact_definition='the fact of being weak and easily hurt physically or emotionally'; selected_candidate_method=Helsinki-NLP/opus-mt-en-uk_contextual_definition_candidate	PASS: source-grounded second pass; method=Helsinki-NLP/opus-mt-en-uk_contextual_definition_candidate; exact Oxford definition='the fact of being weak and easily hurt physically or emotionally'; candidate='Уразливість (нуль): факт слабості й легкої фізичної або емоційної шкоди'; reverse='Vulnerability: A fact of weakness and mild physical or emotional damage'; lexical=1.000; candidate_definition_similarity=0.702; reverse_definition_similarity=0.753; semantic=0.753; POS/language checks PASS.
ox5000-33e9f5df7261de30ea45	vulnerable	adjective	C1	вразливий (прикметник): слабкий і легко ранить фізично або емоційно	verified	MANUAL_EMERGENCY_WORK_20260820_FIRST_PASS_V3_round01	MANUAL_EMERGENCY_WORK_20260820_SECOND_PASS_V3_round01	MANUAL_EMERGENCY_WORK V3 exact Oxford identity; source_index=5731; definition_path=/us/definition/english/vulnerable; stable_id=PASS; exact_definition='weak and easily hurt physically or emotionally'; selected_candidate_method=Helsinki-NLP/opus-mt-en-uk_contextual_definition_candidate	PASS: source-grounded second pass; method=Helsinki-NLP/opus-mt-en-uk_contextual_definition_candidate; exact Oxford definition='weak and easily hurt physically or emotionally'; candidate='вразливий (прикметник): слабкий і легко ранить фізично або емоційно'; reverse='vulnerable: weak and easily hurt physically or emotionally'; lexical=1.000; candidate_definition_similarity=0.875; reverse_definition_similarity=0.863; semantic=0.875; POS/language checks PASS.
ox5000-5dba045c182acbd5d5f1	wander	verb	B2	блука́ти	verified	MANUAL_EMERGENCY_WORK_20260820_FIRST_PASS_V3_round01	MANUAL_EMERGENCY_WORK_20260820_SECOND_PASS_V3_round01	MANUAL_EMERGENCY_WORK V3 exact Oxford identity; source_index=5740; definition_path=/us/definition/english/wander_1; stable_id=PASS; exact_definition='to walk slowly around or to a place, often without any particular sense of purpose or direction'; selected_candidate_method=en_wiktionary_matching_pos_uk_translation	PASS: source-grounded second pass; method=en_wiktionary_matching_pos_uk_translation; exact Oxford definition='to walk slowly around or to a place, often without any particular sense of purpose or direction'; candidate='блука́ти'; reverse='Wander'; lexical=1.000; candidate_definition_similarity=0.213; reverse_definition_similarity=0.565; semantic=0.565; POS/language checks PASS.
ox5000-f2c98b2052900e93144b	warfare	noun	C1	воюва́ння	verified	MANUAL_EMERGENCY_WORK_20260820_FIRST_PASS_V3_round01	MANUAL_EMERGENCY_WORK_20260820_SECOND_PASS_V3_round01	MANUAL_EMERGENCY_WORK V3 exact Oxford identity; source_index=5745; definition_path=/us/definition/english/warfare; stable_id=PASS; exact_definition='the activity of fighting a war, especially using particular weapons or methods'; selected_candidate_method=en_wiktionary_matching_pos_uk_translation	PASS: source-grounded second pass; method=en_wiktionary_matching_pos_uk_translation; exact Oxford definition='the activity of fighting a war, especially using particular weapons or methods'; candidate='воюва́ння'; reverse='Worried'; lexical=0.571; candidate_definition_similarity=0.730; reverse_definition_similarity=0.120; semantic=0.730; POS/language checks PASS.
ox5000-a83fb8d4dafe378c4bf7	warming	noun	B2	Потепління (нуун): процес створення чогось, або перетворення, тепла або теплішого	verified	MANUAL_EMERGENCY_WORK_20260820_FIRST_PASS_V3_round01	MANUAL_EMERGENCY_WORK_20260820_SECOND_PASS_V3_round01	MANUAL_EMERGENCY_WORK V3 exact Oxford identity; source_index=5748; definition_path=/us/definition/english/warming_1; stable_id=PASS; exact_definition='the process of making something, or of becoming, warm or warmer'; selected_candidate_method=Helsinki-NLP/opus-mt-en-uk_contextual_definition_candidate	PASS: source-grounded second pass; method=Helsinki-NLP/opus-mt-en-uk_contextual_definition_candidate; exact Oxford definition='the process of making something, or of becoming, warm or warmer'; candidate='Потепління (нуун): процес створення чогось, або перетворення, тепла або теплішого'; reverse='Warming up: the process of creating something, or transformation, is either warmer'; lexical=1.000; candidate_definition_similarity=0.830; reverse_definition_similarity=0.801; semantic=0.830; POS/language checks PASS.
ox5000-bfe64fa77c8faf43888f	warrant	noun	C1	ордер	verified	MANUAL_EMERGENCY_WORK_20260820_FIRST_PASS_V3_round01	MANUAL_EMERGENCY_WORK_20260820_SECOND_PASS_V3_round01	MANUAL_EMERGENCY_WORK V3 exact Oxford identity; source_index=5751; definition_path=/us/definition/english/warrant_1; stable_id=PASS; exact_definition='a legal document that is signed by a judge and gives the police authority to do something'; selected_candidate_method=Helsinki-NLP/opus-mt-en-uk_surface_candidate	PASS: source-grounded second pass; method=Helsinki-NLP/opus-mt-en-uk_surface_candidate; exact Oxford definition='a legal document that is signed by a judge and gives the police authority to do something'; candidate='ордер'; reverse='warrant'; lexical=1.000; candidate_definition_similarity=0.244; reverse_definition_similarity=0.540; semantic=0.540; POS/language checks PASS.
ox5000-ad79a2d51bcb5fc3e45b	warrior	noun	C1	воїн (нун): (особливо в минулому) особа, яка воює в битві або війні	verified	MANUAL_EMERGENCY_WORK_20260820_FIRST_PASS_V3_round01	MANUAL_EMERGENCY_WORK_20260820_SECOND_PASS_V3_round01	MANUAL_EMERGENCY_WORK V3 exact Oxford identity; source_index=5753; definition_path=/us/definition/english/warrior; stable_id=PASS; exact_definition='(especially in the past) a person who fights in a battle or war'; selected_candidate_method=Helsinki-NLP/opus-mt-en-uk_contextual_definition_candidate	PASS: source-grounded second pass; method=Helsinki-NLP/opus-mt-en-uk_contextual_definition_candidate; exact Oxford definition='(especially in the past) a person who fights in a battle or war'; candidate='воїн (нун): (особливо в минулому) особа, яка воює в битві або війні'; reverse='warrior (nun): (especially in the past) a person who fights in battle or war'; lexical=1.000; candidate_definition_similarity=0.815; reverse_definition_similarity=0.774; semantic=0.815; POS/language checks PASS.
ox5000-e6998e43c663c8bd9cc2	weaken	verb	C1	послабля́ти	verified	MANUAL_EMERGENCY_WORK_20260820_FIRST_PASS_V3_round01	MANUAL_EMERGENCY_WORK_20260820_SECOND_PASS_V3_round01	MANUAL_EMERGENCY_WORK V3 exact Oxford identity; source_index=5770; definition_path=/us/definition/english/weaken; stable_id=PASS; exact_definition='to make somebody/something less strong or powerful; to become less strong or powerful'; selected_candidate_method=en_wiktionary_matching_pos_uk_translation	PASS: source-grounded second pass; method=en_wiktionary_matching_pos_uk_translation; exact Oxford definition='to make somebody/something less strong or powerful; to become less strong or powerful'; candidate='послабля́ти'; reverse='weakenings'; lexical=1.000; candidate_definition_similarity=0.417; reverse_definition_similarity=0.331; semantic=0.417; POS/language checks PASS.
ox5000-82d9b319c21a0b7d136e	weed	noun	C1	бур'ян (нун): дика рослина, яка росте там, де її не потрібно, особливо серед сільськогосподарських культур чи садових рослин.	verified	MANUAL_EMERGENCY_WORK_20260820_FIRST_PASS_V3_round01	MANUAL_EMERGENCY_WORK_20260820_SECOND_PASS_V3_round01	MANUAL_EMERGENCY_WORK V3 exact Oxford identity; source_index=5782; definition_path=/us/definition/english/weed_1; stable_id=PASS; exact_definition='a wild plant growing where it is not wanted, especially among crops or garden plants'; selected_candidate_method=Helsinki-NLP/opus-mt-en-uk_contextual_definition_candidate	"PASS: source-grounded second pass; method=Helsinki-NLP/opus-mt-en-uk_contextual_definition_candidate; exact Oxford definition='a wild plant growing where it is not wanted, especially among crops or garden plants'; candidate=""бур'ян (нун): дика рослина, яка росте там, де її не потрібно, особливо серед сільськогосподарських культур чи садових рослин.""; reverse='weeds: a wild plant that grows where it is not needed, especially among crops or garden plants.'; lexical=1.000; candidate_definition_similarity=0.839; reverse_definition_similarity=0.809; semantic=0.839; POS/language checks PASS."
ox5000-42395c79a4205a07c136	weekly	adjective	B2	тижневий (підприємець): відбувається, виконується або видається раз на тиждень або щотижня	verified	MANUAL_EMERGENCY_WORK_20260820_FIRST_PASS_V3_round01	MANUAL_EMERGENCY_WORK_20260820_SECOND_PASS_V3_round01	MANUAL_EMERGENCY_WORK V3 exact Oxford identity; source_index=5785; definition_path=/us/definition/english/weekly_1; stable_id=PASS; exact_definition='happening, done or published once a week or every week'; selected_candidate_method=Helsinki-NLP/opus-mt-en-uk_contextual_definition_candidate	PASS: source-grounded second pass; method=Helsinki-NLP/opus-mt-en-uk_contextual_definition_candidate; exact Oxford definition='happening, done or published once a week or every week'; candidate='тижневий (підприємець): відбувається, виконується або видається раз на тиждень або щотижня'; reverse='Weekly (entrepreneur): Either once a week is performed or weekly'; lexical=1.000; candidate_definition_similarity=0.836; reverse_definition_similarity=0.727; semantic=0.836; POS/language checks PASS.
ox5000-c260921c2eae534f69c9	weird	adjective	B2	дивакуватий	verified	MANUAL_EMERGENCY_WORK_20260820_FIRST_PASS_V3_round01	MANUAL_EMERGENCY_WORK_20260820_SECOND_PASS_V3_round01	MANUAL_EMERGENCY_WORK V3 exact Oxford identity; source_index=5788; definition_path=/us/definition/english/weird_1; stable_id=PASS; exact_definition='very strange or unusual and difficult to explain'; selected_candidate_method=Helsinki-NLP/opus-mt-en-uk_surface_candidate	"PASS: source-grounded second pass; method=Helsinki-NLP/opus-mt-en-uk_surface_candidate; exact Oxford definition='very strange or unusual and difficult to explain'; candidate='дивакуватий'; reverse=""He's weird.""; lexical=1.000; candidate_definition_similarity=0.773; reverse_definition_similarity=0.492; semantic=0.773; POS/language checks PASS."
ox5000-7ac66d34ed6d2d18ab7a	well	noun	C1	добре (нун): глибока яма на землі, з якої люди отримують воду. Сторони колодязів зазвичай вкриті цеглою або каменем і, як правило, є обкладинка або маленька стінка у верхній частині криниці.	verified	MANUAL_EMERGENCY_WORK_20260820_FIRST_PASS_V3_round01	MANUAL_EMERGENCY_WORK_20260820_SECOND_PASS_V3_round01	MANUAL_EMERGENCY_WORK V3 exact Oxford identity; source_index=5797; definition_path=/us/definition/english/well_4; stable_id=PASS; exact_definition='a deep hole in the ground from which people obtain water. The sides of wells are usually covered with brick or stone and there is usually a cover or a small wall at the top of the well .'; selected_candidate_method=Helsinki-NLP/opus-mt-en-uk_contextual_definition_candidate	"PASS: source-grounded second pass; method=Helsinki-NLP/opus-mt-en-uk_contextual_definition_candidate; exact Oxford definition='a deep hole in the ground from which people obtain water. The sides of wells are usually covered with brick or stone and there is usually a cover or a small wall at the top of the well .'; candidate='добре (нун): глибока яма на землі, з якої люди отримують воду. Сторони колодязів зазвичай вкриті цеглою або каменем і, як правило, є обкладинка або маленька стінка у верхній частині криниці.'; reverse=""Okay, well, the deep hole on the ground that people get water from, the side of the well is usually covered with brick or stone, and usually there's a cover or little wall at the top of the well.""; lexical=1.000; candidate_definition_similarity=0.864; reverse_definition_similarity=0.938; semantic=0.938; POS/language checks PASS."
ox5000-1cd1f0e83f936b72f299	well-being	noun	C1	Добробут (немає): загальне здоров'я і щастя	verified	MANUAL_EMERGENCY_WORK_20260820_FIRST_PASS_V3_round01	MANUAL_EMERGENCY_WORK_20260820_SECOND_PASS_V3_round01	MANUAL_EMERGENCY_WORK V3 exact Oxford identity; source_index=5798; definition_path=/us/definition/english/well-being; stable_id=PASS; exact_definition='general health and happiness'; selected_candidate_method=Helsinki-NLP/opus-mt-en-uk_contextual_definition_candidate	"PASS: source-grounded second pass; method=Helsinki-NLP/opus-mt-en-uk_contextual_definition_candidate; exact Oxford definition='general health and happiness'; candidate=""Добробут (немає): загальне здоров'я і щастя""; reverse='Well - being (no): General health and happiness'; lexical=1.000; candidate_definition_similarity=0.930; reverse_definition_similarity=0.884; semantic=0.930; POS/language checks PASS."
ox5000-aaa881c3f408681d7e11	whatsoever	adverb	C1	Що б там не було	verified	MANUAL_EMERGENCY_WORK_20260820_FIRST_PASS_V3_round01	MANUAL_EMERGENCY_WORK_20260820_SECOND_PASS_V3_round01	MANUAL_EMERGENCY_WORK V3 exact Oxford identity; source_index=5809; definition_path=/us/definition/english/whatsoever; stable_id=PASS; exact_definition='not at all; not of any kind'; selected_candidate_method=Helsinki-NLP/opus-mt-en-uk_surface_candidate	PASS: source-grounded second pass; method=Helsinki-NLP/opus-mt-en-uk_surface_candidate; exact Oxford definition='not at all; not of any kind'; candidate='Що б там не було'; reverse='Whatever it is.'; lexical=0.667; candidate_definition_similarity=0.641; reverse_definition_similarity=0.313; semantic=0.641; POS/language checks PASS.
ox5000-9da29962568e275f6173	wheat	noun	B2	пшениця (нун): рослина, яку вирощують для зерна, з якого отримують борошно для хліба, тортів, макаронів тощо; зерно цієї рослини.	verified	MANUAL_EMERGENCY_WORK_20260820_FIRST_PASS_V3_round01	MANUAL_EMERGENCY_WORK_20260820_SECOND_PASS_V3_round01	MANUAL_EMERGENCY_WORK V3 exact Oxford identity; source_index=5810; definition_path=/us/definition/english/wheat; stable_id=PASS; exact_definition='a plant grown for its grain that is used to produce the flour for bread, cakes, pasta , etc.; the grain of this plant'; selected_candidate_method=Helsinki-NLP/opus-mt-en-uk_contextual_definition_candidate	PASS: source-grounded second pass; method=Helsinki-NLP/opus-mt-en-uk_contextual_definition_candidate; exact Oxford definition='a plant grown for its grain that is used to produce the flour for bread, cakes, pasta , etc.; the grain of this plant'; candidate='пшениця (нун): рослина, яку вирощують для зерна, з якого отримують борошно для хліба, тортів, макаронів тощо; зерно цієї рослини.'; reverse='wheat (nun): A grain plant that produces flour for bread, cakes, pasta, and so forth; the seed of this plant.'; lexical=1.000; candidate_definition_similarity=0.748; reverse_definition_similarity=0.755; semantic=0.755; POS/language checks PASS.
ox5000-e0481a3d4119e74acd4e	whoever	pronoun	B2	Будь- хто	verified	MANUAL_EMERGENCY_WORK_20260820_FIRST_PASS_V3_round01	MANUAL_EMERGENCY_WORK_20260820_SECOND_PASS_V3_round01	MANUAL_EMERGENCY_WORK V3 exact Oxford identity; source_index=5833; definition_path=/us/definition/english/whoever; stable_id=PASS; exact_definition='the person or people who; any person who'; selected_candidate_method=Helsinki-NLP/opus-mt-en-uk_surface_candidate	PASS: source-grounded second pass; method=Helsinki-NLP/opus-mt-en-uk_surface_candidate; exact Oxford definition='the person or people who; any person who'; candidate='Будь- хто'; reverse='Anyone'; lexical=0.308; candidate_definition_similarity=0.692; reverse_definition_similarity=0.306; semantic=0.692; POS/language checks PASS.
ox5000-bba3d8405583d811c7fb	wholly	adverb	C1	Повністю	verified	MANUAL_EMERGENCY_WORK_20260820_FIRST_PASS_V3_round01	MANUAL_EMERGENCY_WORK_20260820_SECOND_PASS_V3_round01	MANUAL_EMERGENCY_WORK V3 exact Oxford identity; source_index=5836; definition_path=/us/definition/english/wholly; stable_id=PASS; exact_definition='completely'; selected_candidate_method=Helsinki-NLP/opus-mt-en-uk_surface_candidate	PASS: source-grounded second pass; method=Helsinki-NLP/opus-mt-en-uk_surface_candidate; exact Oxford definition='completely'; candidate='Повністю'; reverse='Full'; lexical=0.400; candidate_definition_similarity=0.818; reverse_definition_similarity=0.700; semantic=0.818; POS/language checks PASS.
ox5000-e70719b36c73f2262a94	widespread	adjective	B2	широкопоширений	verified	MANUAL_EMERGENCY_WORK_20260820_FIRST_PASS_V3_round01	MANUAL_EMERGENCY_WORK_20260820_SECOND_PASS_V3_round01	MANUAL_EMERGENCY_WORK V3 exact Oxford identity; source_index=5844; definition_path=/us/definition/english/widespread; stable_id=PASS; exact_definition='existing or happening over a large area or among many people'; selected_candidate_method=Helsinki-NLP/opus-mt-en-uk_surface_candidate	PASS: source-grounded second pass; method=Helsinki-NLP/opus-mt-en-uk_surface_candidate; exact Oxford definition='existing or happening over a large area or among many people'; candidate='широкопоширений'; reverse='widely distributed'; lexical=0.571; candidate_definition_similarity=0.428; reverse_definition_similarity=0.416; semantic=0.428; POS/language checks PASS.
ox5000-7cef906b837d8dff4657	widow	noun	C1	вдова (нун): жінка, чоловік якої помер і дружина, яка вже не одружена.	verified	MANUAL_EMERGENCY_WORK_20260820_FIRST_PASS_V3_round01	MANUAL_EMERGENCY_WORK_20260820_SECOND_PASS_V3_round01	MANUAL_EMERGENCY_WORK V3 exact Oxford identity; source_index=5845; definition_path=/us/definition/english/widow_1; stable_id=PASS; exact_definition='a woman whose husband or wife has died and who has not married again'; selected_candidate_method=Helsinki-NLP/opus-mt-en-uk_contextual_definition_candidate	PASS: source-grounded second pass; method=Helsinki-NLP/opus-mt-en-uk_contextual_definition_candidate; exact Oxford definition='a woman whose husband or wife has died and who has not married again'; candidate='вдова (нун): жінка, чоловік якої помер і дружина, яка вже не одружена.'; reverse='A widow (nun): A woman whose husband died and a wife who was no longer married.'; lexical=1.000; candidate_definition_similarity=0.861; reverse_definition_similarity=0.845; semantic=0.861; POS/language checks PASS.
ox5000-e60944697898fda86318	width	noun	C1	ширина (ніун): вимірювання з одного боку чогось на інший; наскільки широким є об' єкт	verified	MANUAL_EMERGENCY_WORK_20260820_FIRST_PASS_V3_round01	MANUAL_EMERGENCY_WORK_20260820_SECOND_PASS_V3_round01	MANUAL_EMERGENCY_WORK V3 exact Oxford identity; source_index=5846; definition_path=/us/definition/english/width; stable_id=PASS; exact_definition='the measurement from one side of something to the other; how wide something is'; selected_candidate_method=Helsinki-NLP/opus-mt-en-uk_contextual_definition_candidate	"PASS: source-grounded second pass; method=Helsinki-NLP/opus-mt-en-uk_contextual_definition_candidate; exact Oxford definition='the measurement from one side of something to the other; how wide something is'; candidate=""ширина (ніун): вимірювання з одного боку чогось на інший; наскільки широким є об' єкт""; reverse='width (neun): measure one side of something onto another; how wide an object is'; lexical=1.000; candidate_definition_similarity=0.933; reverse_definition_similarity=0.834; semantic=0.933; POS/language checks PASS."
ox5000-fb8ecb4cb23d479816a5	willingness	noun	C1	готовність (ноун): якість щастя і готовності зробити щось	verified	MANUAL_EMERGENCY_WORK_20260820_FIRST_PASS_V3_round01	MANUAL_EMERGENCY_WORK_20260820_SECOND_PASS_V3_round01	MANUAL_EMERGENCY_WORK V3 exact Oxford identity; source_index=5853; definition_path=/us/definition/english/willingness; stable_id=PASS; exact_definition='the quality of being happy and ready to do something'; selected_candidate_method=Helsinki-NLP/opus-mt-en-uk_contextual_definition_candidate	PASS: source-grounded second pass; method=Helsinki-NLP/opus-mt-en-uk_contextual_definition_candidate; exact Oxford definition='the quality of being happy and ready to do something'; candidate='готовність (ноун): якість щастя і готовності зробити щось'; reverse='readiness (non): quality of happiness and willingness to do something'; lexical=1.000; candidate_definition_similarity=0.901; reverse_definition_similarity=0.856; semantic=0.901; POS/language checks PASS.
ox5000-00c15dea7c61b8c6848d	wipe	verb	C1	підстригти (клацання): витерти щось на поверхню, щоб витерти бруд або рідину з неї; натерти поверхню тканиною тощо.	verified	MANUAL_EMERGENCY_WORK_20260820_FIRST_PASS_V3_round01	MANUAL_EMERGENCY_WORK_20260820_SECOND_PASS_V3_round01	MANUAL_EMERGENCY_WORK V3 exact Oxford identity; source_index=5863; definition_path=/us/definition/english/wipe_1; stable_id=PASS; exact_definition='to rub something against a surface, in order to remove dirt or liquid from it; to rub a surface with a cloth, etc. in order to clean it'; selected_candidate_method=Helsinki-NLP/opus-mt-en-uk_contextual_definition_candidate	PASS: source-grounded second pass; method=Helsinki-NLP/opus-mt-en-uk_contextual_definition_candidate; exact Oxford definition='to rub something against a surface, in order to remove dirt or liquid from it; to rub a surface with a cloth, etc. in order to clean it'; candidate='підстригти (клацання): витерти щось на поверхню, щоб витерти бруд або рідину з неї; натерти поверхню тканиною тощо.'; reverse='cut (click): Cut something to the surface to remove dirt or liquid from it; wipe the surface with cloth, etc.'; lexical=1.000; candidate_definition_similarity=0.700; reverse_definition_similarity=0.715; semantic=0.715; POS/language checks PASS.
ox5000-53f7030f25a42ed5f75d	wisdom	noun	B2	Мудрість (нуун): здатність робити розумні рішення і давати добрі поради через досвід і знання, які ви маєте	verified	MANUAL_EMERGENCY_WORK_20260820_FIRST_PASS_V3_round01	MANUAL_EMERGENCY_WORK_20260820_SECOND_PASS_V3_round01	MANUAL_EMERGENCY_WORK V3 exact Oxford identity; source_index=5865; definition_path=/us/definition/english/wisdom; stable_id=PASS; exact_definition='the ability to make sensible decisions and give good advice because of the experience and knowledge that you have'; selected_candidate_method=Helsinki-NLP/opus-mt-en-uk_contextual_definition_candidate	PASS: source-grounded second pass; method=Helsinki-NLP/opus-mt-en-uk_contextual_definition_candidate; exact Oxford definition='the ability to make sensible decisions and give good advice because of the experience and knowledge that you have'; candidate='Мудрість (нуун): здатність робити розумні рішення і давати добрі поради через досвід і знання, які ви маєте'; reverse='Wisdom (nuun): The ability to make wise decisions and to give good advice through the experience and knowledge that you have'; lexical=1.000; candidate_definition_similarity=0.758; reverse_definition_similarity=0.741; semantic=0.758; POS/language checks PASS.
ox5000-71cfc35fecd6d31f3d90	wit	noun	C1	дотепність (нуль): здатність говорити або писати речі, які є і розумними, і гуморичними.	verified	MANUAL_EMERGENCY_WORK_20260820_FIRST_PASS_V3_round01	MANUAL_EMERGENCY_WORK_20260820_SECOND_PASS_V3_round01	MANUAL_EMERGENCY_WORK V3 exact Oxford identity; source_index=5869; definition_path=/us/definition/english/wit; stable_id=PASS; exact_definition='the ability to say or write things that are both clever and humorous'; selected_candidate_method=Helsinki-NLP/opus-mt-en-uk_contextual_definition_candidate	PASS: source-grounded second pass; method=Helsinki-NLP/opus-mt-en-uk_contextual_definition_candidate; exact Oxford definition='the ability to say or write things that are both clever and humorous'; candidate='дотепність (нуль): здатність говорити або писати речі, які є і розумними, і гуморичними.'; reverse='wit: the ability to say or write things that are both smart and humorous.'; lexical=1.000; candidate_definition_similarity=0.786; reverse_definition_similarity=0.844; semantic=0.844; POS/language checks PASS.
ox5000-b21cce758fc50a0848db	workforce	noun	B2	робоча сила	verified	MANUAL_EMERGENCY_WORK_20260820_FIRST_PASS_V3_round01	MANUAL_EMERGENCY_WORK_20260820_SECOND_PASS_V3_round01	MANUAL_EMERGENCY_WORK V3 exact Oxford identity; source_index=5888; definition_path=/us/definition/english/workforce; stable_id=PASS; exact_definition='all the people who work for a particular company, organization, etc.'; selected_candidate_method=Helsinki-NLP/opus-mt-en-uk_surface_candidate	PASS: source-grounded second pass; method=Helsinki-NLP/opus-mt-en-uk_surface_candidate; exact Oxford definition='all the people who work for a particular company, organization, etc.'; candidate='робоча сила'; reverse='labor force'; lexical=0.700; candidate_definition_similarity=0.389; reverse_definition_similarity=0.314; semantic=0.389; POS/language checks PASS.
ox5000-c12d12f9f3c1cebbd720	workplace	noun	B2	Робота	verified	MANUAL_EMERGENCY_WORK_20260820_FIRST_PASS_V3_round01	MANUAL_EMERGENCY_WORK_20260820_SECOND_PASS_V3_round01	MANUAL_EMERGENCY_WORK V3 exact Oxford identity; source_index=5891; definition_path=/us/definition/english/workplace; stable_id=PASS; exact_definition='the office, factory, etc. where people work'; selected_candidate_method=Helsinki-NLP/opus-mt-en-uk_surface_candidate	PASS: source-grounded second pass; method=Helsinki-NLP/opus-mt-en-uk_surface_candidate; exact Oxford definition='the office, factory, etc. where people work'; candidate='Робота'; reverse='Work'; lexical=1.000; candidate_definition_similarity=0.568; reverse_definition_similarity=0.514; semantic=0.568; POS/language checks PASS.
ox5000-a239d20d2b0886b804d3	workshop	noun	B2	Майстерня (ноун): час обговорення і практичної роботи над певною темою, в якій група людей ділиться своїми знаннями та досвідом.	verified	MANUAL_EMERGENCY_WORK_20260820_FIRST_PASS_V3_round01	MANUAL_EMERGENCY_WORK_20260820_SECOND_PASS_V3_round01	MANUAL_EMERGENCY_WORK V3 exact Oxford identity; source_index=5892; definition_path=/us/definition/english/workshop; stable_id=PASS; exact_definition='a period of discussion and practical work on a particular subject, in which a group of people share their knowledge and experience'; selected_candidate_method=Helsinki-NLP/opus-mt-en-uk_contextual_definition_candidate	PASS: source-grounded second pass; method=Helsinki-NLP/opus-mt-en-uk_contextual_definition_candidate; exact Oxford definition='a period of discussion and practical work on a particular subject, in which a group of people share their knowledge and experience'; candidate='Майстерня (ноун): час обговорення і практичної роботи над певною темою, в якій група людей ділиться своїми знаннями та досвідом.'; reverse='A workshop: a time of discussion and practical work on a certain subject, in which a group of people share their knowledge and experience.'; lexical=1.000; candidate_definition_similarity=0.827; reverse_definition_similarity=0.771; semantic=0.827; POS/language checks PASS.
ox5000-152aa939ce8e22a8cba8	worm	noun	B2	черв'як (нун): довге, тонке створіння з м'яким тілом і без кісток або ніг.	verified	MANUAL_EMERGENCY_WORK_20260820_FIRST_PASS_V3_round01	MANUAL_EMERGENCY_WORK_20260820_SECOND_PASS_V3_round01	MANUAL_EMERGENCY_WORK V3 exact Oxford identity; source_index=5896; definition_path=/us/definition/english/worm_1; stable_id=PASS; exact_definition='a long, thin creature with a soft body and no bones or legs'; selected_candidate_method=Helsinki-NLP/opus-mt-en-uk_contextual_definition_candidate	"PASS: source-grounded second pass; method=Helsinki-NLP/opus-mt-en-uk_contextual_definition_candidate; exact Oxford definition='a long, thin creature with a soft body and no bones or legs'; candidate=""черв'як (нун): довге, тонке створіння з м'яким тілом і без кісток або ніг.""; reverse='worm: long, thin creatures with soft flesh and no bones or legs.'; lexical=1.000; candidate_definition_similarity=0.831; reverse_definition_similarity=0.744; semantic=0.831; POS/language checks PASS."
ox5000-ebe5ca9d165e19c0739b	worship	noun	C1	поклоніння	verified	MANUAL_EMERGENCY_WORK_20260820_FIRST_PASS_V3_round01	MANUAL_EMERGENCY_WORK_20260820_SECOND_PASS_V3_round01	MANUAL_EMERGENCY_WORK V3 exact Oxford identity; source_index=5903; definition_path=/us/definition/english/worship_1; stable_id=PASS; exact_definition='the practice of showing respect for God or a god, by saying prayers, singing with others, etc.; a ceremony for this'; selected_candidate_method=Helsinki-NLP/opus-mt-en-uk_surface_candidate	PASS: source-grounded second pass; method=Helsinki-NLP/opus-mt-en-uk_surface_candidate; exact Oxford definition='the practice of showing respect for God or a god, by saying prayers, singing with others, etc.; a ceremony for this'; candidate='поклоніння'; reverse='Worship'; lexical=1.000; candidate_definition_similarity=0.705; reverse_definition_similarity=0.680; semantic=0.705; POS/language checks PASS.
ox5000-25f500256746f398eb9c	worthwhile	adjective	C1	вартує	verified	MANUAL_EMERGENCY_WORK_20260820_FIRST_PASS_V3_round01	MANUAL_EMERGENCY_WORK_20260820_SECOND_PASS_V3_round01	MANUAL_EMERGENCY_WORK V3 exact Oxford identity; source_index=5910; definition_path=/us/definition/english/worthwhile; stable_id=PASS; exact_definition='important, pleasant, interesting, etc.; worth spending time, money or effort on'; selected_candidate_method=Helsinki-NLP/opus-mt-en-uk_surface_candidate	"PASS: source-grounded second pass; method=Helsinki-NLP/opus-mt-en-uk_surface_candidate; exact Oxford definition='important, pleasant, interesting, etc.; worth spending time, money or effort on'; candidate='вартує'; reverse=""It's worth it.""; lexical=0.522; candidate_definition_similarity=0.304; reverse_definition_similarity=0.540; semantic=0.540; POS/language checks PASS."
ox5000-50b98ac704c3bc34a67f	wrist	noun	B2	зап' язка (нуун): суглоб між рукою і рукою	verified	MANUAL_EMERGENCY_WORK_20260820_FIRST_PASS_V3_round01	MANUAL_EMERGENCY_WORK_20260820_SECOND_PASS_V3_round01	MANUAL_EMERGENCY_WORK V3 exact Oxford identity; source_index=5917; definition_path=/us/definition/english/wrist; stable_id=PASS; exact_definition='the joint between the hand and the arm'; selected_candidate_method=Helsinki-NLP/opus-mt-en-uk_contextual_definition_candidate	"PASS: source-grounded second pass; method=Helsinki-NLP/opus-mt-en-uk_contextual_definition_candidate; exact Oxford definition='the joint between the hand and the arm'; candidate=""зап' язка (нуун): суглоб між рукою і рукою""; reverse='wrist (nuun): joint between arm and arm'; lexical=1.000; candidate_definition_similarity=0.895; reverse_definition_similarity=0.913; semantic=0.913; POS/language checks PASS."
ox5000-b4375e50137f50a3167c	yell	verb	C1	крича́ти	verified	MANUAL_EMERGENCY_WORK_20260820_FIRST_PASS_V3_round01	MANUAL_EMERGENCY_WORK_20260820_SECOND_PASS_V3_round01	MANUAL_EMERGENCY_WORK V3 exact Oxford identity; source_index=5928; definition_path=/us/definition/english/yell_1; stable_id=PASS; exact_definition='to shout loudly, for example because you are angry, excited, frightened or in pain'; selected_candidate_method=en_wiktionary_matching_pos_uk_translation	PASS: source-grounded second pass; method=en_wiktionary_matching_pos_uk_translation; exact Oxford definition='to shout loudly, for example because you are angry, excited, frightened or in pain'; candidate='крича́ти'; reverse='yells'; lexical=1.000; candidate_definition_similarity=0.661; reverse_definition_similarity=0.663; semantic=0.663; POS/language checks PASS.
ox5000-cc76f33fcb4c9bc2e444	yield	noun	C1	прибутковість (ніун): загальна кількість урожаїв, прибутків тощо, які буде виведено	verified	MANUAL_EMERGENCY_WORK_20260820_FIRST_PASS_V3_round01	MANUAL_EMERGENCY_WORK_20260820_SECOND_PASS_V3_round01	MANUAL_EMERGENCY_WORK V3 exact Oxford identity; source_index=5936; definition_path=/us/definition/english/yield_1; stable_id=PASS; exact_definition='the total amount of crops, profits, etc. that are produced'; selected_candidate_method=Helsinki-NLP/opus-mt-en-uk_contextual_definition_candidate	PASS: source-grounded second pass; method=Helsinki-NLP/opus-mt-en-uk_contextual_definition_candidate; exact Oxford definition='the total amount of crops, profits, etc. that are produced'; candidate='прибутковість (ніун): загальна кількість урожаїв, прибутків тощо, які буде виведено'; reverse='Income (Neun): Total yield, revenue, etc., which will be produced'; lexical=1.000; candidate_definition_similarity=0.778; reverse_definition_similarity=0.722; semantic=0.778; POS/language checks PASS.
ox5000-ac6f5aa49f2b06653bf9	youngster	noun	C1	Молодий	verified	MANUAL_EMERGENCY_WORK_20260820_FIRST_PASS_V3_round01	MANUAL_EMERGENCY_WORK_20260820_SECOND_PASS_V3_round01	MANUAL_EMERGENCY_WORK V3 exact Oxford identity; source_index=5941; definition_path=/us/definition/english/youngster; stable_id=PASS; exact_definition='a young person or a child'; selected_candidate_method=Helsinki-NLP/opus-mt-en-uk_surface_candidate	PASS: source-grounded second pass; method=Helsinki-NLP/opus-mt-en-uk_surface_candidate; exact Oxford definition='a young person or a child'; candidate='Молодий'; reverse='Young'; lexical=1.000; candidate_definition_similarity=0.687; reverse_definition_similarity=0.652; semantic=0.687; POS/language checks PASS.
