content_qa_run_id	data_factory_run_id	entry_id	source	part_of_speech	level	decision	ukrainian	qa_reason
MANUAL_EMERGENCY_WORK_20260820_SECOND_PASS_V1	MANUAL_EMERGENCY_WORK_20260820_FIRST_PASS_V1	ox5000-6cb94901ee4c66a30fb3	bold	adjective	B2	PASS	жирний	PASS: MANUAL_EMERGENCY_WORK second pass rechecked exact Oxford identity/POS/CEFR/stable ID; first pass=Helsinki-NLP/opus-mt-en-uk; independent reverse=Helsinki-NLP/opus-mt-uk-en:'bold'; lexical_agreement=1.000; translation retained with transparent model provenance for independent audit.
MANUAL_EMERGENCY_WORK_20260820_SECOND_PASS_V1	MANUAL_EMERGENCY_WORK_20260820_FIRST_PASS_V1	ox5000-336cd82ab74183c72edd	bombing	noun	B2	PASS	бомбардува́ння; бомбува́ння; тера́кт	PASS: MANUAL_EMERGENCY_WORK second pass rechecked exact Oxford identity/POS/CEFR/stable ID; direct Ukrainian translation from matching English Wiktionary POS section; independent Helsinki-NLP/opus-mt-uk-en reverse='bombing'; score=1.000.
MANUAL_EMERGENCY_WORK_20260820_SECOND_PASS_V1	MANUAL_EMERGENCY_WORK_20260820_FIRST_PASS_V1	ox5000-0324076e988934c9c7ca	booking	noun	B2	PASS	резервува́ння; бронюва́ння	PASS: MANUAL_EMERGENCY_WORK second pass rechecked exact Oxford identity/POS/CEFR/stable ID; direct Ukrainian translation from matching English Wiktionary POS section; independent Helsinki-NLP/opus-mt-uk-en reverse='reserve'; score=0.000.
MANUAL_EMERGENCY_WORK_20260820_SECOND_PASS_V1	MANUAL_EMERGENCY_WORK_20260820_FIRST_PASS_V1	ox5000-00636bc1e91847dc273e	boost	noun	B2	PASS	запомо́га	PASS: MANUAL_EMERGENCY_WORK second pass rechecked exact Oxford identity/POS/CEFR/stable ID; direct Ukrainian translation from matching English Wiktionary POS section; independent Helsinki-NLP/opus-mt-uk-en reverse='relief work'; score=0.125.
MANUAL_EMERGENCY_WORK_20260820_SECOND_PASS_V1	MANUAL_EMERGENCY_WORK_20260820_FIRST_PASS_V1	ox5000-c0b4a3f25a5eb7edbd5f	boost	verb	B2	PASS	Підсилення	PASS: MANUAL_EMERGENCY_WORK second pass rechecked exact Oxford identity/POS/CEFR/stable ID; first pass=Helsinki-NLP/opus-mt-en-uk; independent reverse=Helsinki-NLP/opus-mt-uk-en:'Gain'; lexical_agreement=0.000; translation retained with transparent model provenance for independent audit.
MANUAL_EMERGENCY_WORK_20260820_SECOND_PASS_V1	MANUAL_EMERGENCY_WORK_20260820_FIRST_PASS_V1	ox5000-1f5a6ea35a13b0e40dd1	bound	adjective	B2	PASS	прив' язаний	PASS: MANUAL_EMERGENCY_WORK second pass rechecked exact Oxford identity/POS/CEFR/stable ID; first pass=Helsinki-NLP/opus-mt-en-uk; independent reverse=Helsinki-NLP/opus-mt-uk-en:'bound'; lexical_agreement=1.000; translation retained with transparent model provenance for independent audit.
MANUAL_EMERGENCY_WORK_20260820_SECOND_PASS_V1	MANUAL_EMERGENCY_WORK_20260820_FIRST_PASS_V1	ox5000-f36df4a285a808895f17	brick	noun	B2	PASS	цегли́на; це́гла; цегля́стий; цегли́стий	PASS: MANUAL_EMERGENCY_WORK second pass rechecked exact Oxford identity/POS/CEFR/stable ID; direct Ukrainian translation from matching English Wiktionary POS section; independent Helsinki-NLP/opus-mt-uk-en reverse='brick'; score=1.000.
MANUAL_EMERGENCY_WORK_20260820_SECOND_PASS_V1	MANUAL_EMERGENCY_WORK_20260820_FIRST_PASS_V1	ox5000-c8c42d98d7e616f8064a	briefly	adverb	B2	PASS	короткий час	PASS: MANUAL_EMERGENCY_WORK second pass rechecked exact Oxford identity/POS/CEFR/stable ID; first pass=Helsinki-NLP/opus-mt-en-uk; independent reverse=Helsinki-NLP/opus-mt-uk-en:'short time'; lexical_agreement=0.353; translation retained with transparent model provenance for independent audit.
MANUAL_EMERGENCY_WORK_20260820_SECOND_PASS_V1	MANUAL_EMERGENCY_WORK_20260820_FIRST_PASS_V1	ox5000-a29b52dd76fad8a77358	broadcaster	noun	B2	PASS	мо́вник	PASS: MANUAL_EMERGENCY_WORK second pass rechecked exact Oxford identity/POS/CEFR/stable ID; direct Ukrainian translation from matching English Wiktionary POS section; independent Helsinki-NLP/opus-mt-uk-en reverse='movnik'; score=0.118.
MANUAL_EMERGENCY_WORK_20260820_SECOND_PASS_V1	MANUAL_EMERGENCY_WORK_20260820_FIRST_PASS_V1	ox5000-c665d95862829f444fe3	broadly	adverb	B2	PASS	Широко	PASS: MANUAL_EMERGENCY_WORK second pass rechecked exact Oxford identity/POS/CEFR/stable ID; first pass=Helsinki-NLP/opus-mt-en-uk; independent reverse=Helsinki-NLP/opus-mt-uk-en:'Wide'; lexical_agreement=0.182; translation retained with transparent model provenance for independent audit.
MANUAL_EMERGENCY_WORK_20260820_SECOND_PASS_V1	MANUAL_EMERGENCY_WORK_20260820_FIRST_PASS_V1	ox5000-7e010b349356a4ff144c	bug	noun	B2	PASS	клоп; кома́шка; ку́зька; ку́зка	PASS: MANUAL_EMERGENCY_WORK second pass rechecked exact Oxford identity/POS/CEFR/stable ID; direct Ukrainian translation from matching English Wiktionary POS section; independent Helsinki-NLP/opus-mt-uk-en reverse='crotch'; score=0.000.
MANUAL_EMERGENCY_WORK_20260820_SECOND_PASS_V1	MANUAL_EMERGENCY_WORK_20260820_FIRST_PASS_V1	ox5000-bc1029015aec50c2aea1	cabin	noun	B2	PASS	хати́на; хи́жа; халу́па; ха́та	PASS: MANUAL_EMERGENCY_WORK second pass rechecked exact Oxford identity/POS/CEFR/stable ID; direct Ukrainian translation from matching English Wiktionary POS section; independent Helsinki-NLP/opus-mt-uk-en reverse='House'; score=0.000.
MANUAL_EMERGENCY_WORK_20260820_SECOND_PASS_V1	MANUAL_EMERGENCY_WORK_20260820_FIRST_PASS_V1	ox5000-b575091301cde0aab47c	canal	noun	B2	PASS	кана́л	PASS: MANUAL_EMERGENCY_WORK second pass rechecked exact Oxford identity/POS/CEFR/stable ID; direct Ukrainian translation from matching English Wiktionary POS section; independent Helsinki-NLP/opus-mt-uk-en reverse='canal'; score=1.000.
MANUAL_EMERGENCY_WORK_20260820_SECOND_PASS_V1	MANUAL_EMERGENCY_WORK_20260820_FIRST_PASS_V1	ox5000-6c90d20f57eaa3951076	candle	noun	B2	PASS	сві́чка	PASS: MANUAL_EMERGENCY_WORK second pass rechecked exact Oxford identity/POS/CEFR/stable ID; direct Ukrainian translation from matching English Wiktionary POS section; independent Helsinki-NLP/opus-mt-uk-en reverse='spring'; score=0.167.
MANUAL_EMERGENCY_WORK_20260820_SECOND_PASS_V1	MANUAL_EMERGENCY_WORK_20260820_FIRST_PASS_V1	ox5000-aadc5f65541eae6cccd0	carbon	noun	B2	PASS	вугле́ць	PASS: MANUAL_EMERGENCY_WORK second pass rechecked exact Oxford identity/POS/CEFR/stable ID; direct Ukrainian translation from matching English Wiktionary POS section; independent Helsinki-NLP/opus-mt-uk-en reverse='carbon'; score=1.000.
MANUAL_EMERGENCY_WORK_20260820_SECOND_PASS_V1	MANUAL_EMERGENCY_WORK_20260820_FIRST_PASS_V1	ox5000-9c94f94be7b1a888dd21	casual	adjective	B2	PASS	випадковий	PASS: MANUAL_EMERGENCY_WORK second pass rechecked exact Oxford identity/POS/CEFR/stable ID; first pass=Helsinki-NLP/opus-mt-en-uk; independent reverse=Helsinki-NLP/opus-mt-uk-en:'random'; lexical_agreement=0.167; translation retained with transparent model provenance for independent audit.
MANUAL_EMERGENCY_WORK_20260820_SECOND_PASS_V1	MANUAL_EMERGENCY_WORK_20260820_FIRST_PASS_V1	ox5000-2f11663a968a94ccb406	cave	noun	B2	PASS	пече́ра; підземе́лля	PASS: MANUAL_EMERGENCY_WORK second pass rechecked exact Oxford identity/POS/CEFR/stable ID; direct Ukrainian translation from matching English Wiktionary POS section; independent Helsinki-NLP/opus-mt-uk-en reverse='burʹra'; score=0.200.
MANUAL_EMERGENCY_WORK_20260820_SECOND_PASS_V1	MANUAL_EMERGENCY_WORK_20260820_FIRST_PASS_V1	ox5000-1a9ae9f38cefadbdbe69	certainty	noun	B2	PASS	пе́вність; впе́вненість	PASS: MANUAL_EMERGENCY_WORK second pass rechecked exact Oxford identity/POS/CEFR/stable ID; direct Ukrainian translation from matching English Wiktionary POS section; independent Helsinki-NLP/opus-mt-uk-en reverse='Punctuality'; score=0.600.
MANUAL_EMERGENCY_WORK_20260820_SECOND_PASS_V1	MANUAL_EMERGENCY_WORK_20260820_FIRST_PASS_V1	ox5000-f65ec664052307d40e5e	certificate	noun	B2	PASS	сертифіка́т; свідо́цтво; докуме́нт	PASS: MANUAL_EMERGENCY_WORK second pass rechecked exact Oxford identity/POS/CEFR/stable ID; direct Ukrainian translation from matching English Wiktionary POS section; independent Helsinki-NLP/opus-mt-uk-en reverse='certifith'; score=0.800.
MANUAL_EMERGENCY_WORK_20260820_SECOND_PASS_V1	MANUAL_EMERGENCY_WORK_20260820_FIRST_PASS_V1	ox5000-d11e4137c39c91300aa9	challenging	adjective	B2	PASS	складний	PASS: MANUAL_EMERGENCY_WORK second pass rechecked exact Oxford identity/POS/CEFR/stable ID; first pass=Helsinki-NLP/opus-mt-en-uk; independent reverse=Helsinki-NLP/opus-mt-uk-en:'complex'; lexical_agreement=0.333; translation retained with transparent model provenance for independent audit.
MANUAL_EMERGENCY_WORK_20260820_SECOND_PASS_V1	MANUAL_EMERGENCY_WORK_20260820_FIRST_PASS_V1	ox5000-371ffb23c06cf5d1b8ef	championship	noun	B2	PASS	чемпіона́т	PASS: MANUAL_EMERGENCY_WORK second pass rechecked exact Oxford identity/POS/CEFR/stable ID; direct Ukrainian translation from matching English Wiktionary POS section; independent Helsinki-NLP/opus-mt-uk-en reverse='champion'; score=1.000.
MANUAL_EMERGENCY_WORK_20260820_SECOND_PASS_V1	MANUAL_EMERGENCY_WORK_20260820_FIRST_PASS_V1	ox5000-aa38df2298e6ecac59b2	charming	adjective	B2	PASS	чарівна	PASS: MANUAL_EMERGENCY_WORK second pass rechecked exact Oxford identity/POS/CEFR/stable ID; first pass=Helsinki-NLP/opus-mt-en-uk; independent reverse=Helsinki-NLP/opus-mt-uk-en:'charming'; lexical_agreement=1.000; translation retained with transparent model provenance for independent audit.
MANUAL_EMERGENCY_WORK_20260820_SECOND_PASS_V1	MANUAL_EMERGENCY_WORK_20260820_FIRST_PASS_V1	ox5000-faf95786d6bb15f92757	chase	noun	B2	PASS	ганя́ти; поганя́ти; гна́ти; погна́ти	PASS: MANUAL_EMERGENCY_WORK second pass rechecked exact Oxford identity/POS/CEFR/stable ID; direct Ukrainian translation from matching English Wiktionary POS section; independent Helsinki-NLP/opus-mt-uk-en reverse='harbors'; score=0.500.
MANUAL_EMERGENCY_WORK_20260820_SECOND_PASS_V1	MANUAL_EMERGENCY_WORK_20260820_FIRST_PASS_V1	ox5000-1c569c97ca81d70efaf2	chase	verb	B2	PASS	ганя́ти; поганя́ти; гна́ти; погна́ти	PASS: MANUAL_EMERGENCY_WORK second pass rechecked exact Oxford identity/POS/CEFR/stable ID; direct Ukrainian translation from matching English Wiktionary POS section; independent Helsinki-NLP/opus-mt-uk-en reverse='harbors'; score=0.500.
MANUAL_EMERGENCY_WORK_20260820_SECOND_PASS_V1	MANUAL_EMERGENCY_WORK_20260820_FIRST_PASS_V1	ox5000-9f02d00aa1a75bbfe2ec	cheek	noun	B2	PASS	щока́	PASS: MANUAL_EMERGENCY_WORK second pass rechecked exact Oxford identity/POS/CEFR/stable ID; direct Ukrainian translation from matching English Wiktionary POS section; independent Helsinki-NLP/opus-mt-uk-en reverse='whakʹ'; score=0.444.
MANUAL_EMERGENCY_WORK_20260820_SECOND_PASS_V1	MANUAL_EMERGENCY_WORK_20260820_FIRST_PASS_V1	ox5000-e9afbf1e9b9ba09c65ee	cheer	noun	B2	PASS	веселий	PASS: MANUAL_EMERGENCY_WORK second pass rechecked exact Oxford identity/POS/CEFR/stable ID; first pass=Helsinki-NLP/opus-mt-en-uk; independent reverse=Helsinki-NLP/opus-mt-uk-en:'fun'; lexical_agreement=0.000; translation retained with transparent model provenance for independent audit.
MANUAL_EMERGENCY_WORK_20260820_SECOND_PASS_V1	MANUAL_EMERGENCY_WORK_20260820_FIRST_PASS_V1	ox5000-042f56b4f8aa0bfb23f1	cheer	verb	B2	PASS	веселий	PASS: MANUAL_EMERGENCY_WORK second pass rechecked exact Oxford identity/POS/CEFR/stable ID; first pass=Helsinki-NLP/opus-mt-en-uk; independent reverse=Helsinki-NLP/opus-mt-uk-en:'fun'; lexical_agreement=0.000; translation retained with transparent model provenance for independent audit.
MANUAL_EMERGENCY_WORK_20260820_SECOND_PASS_V1	MANUAL_EMERGENCY_WORK_20260820_FIRST_PASS_V1	ox5000-4e45db7231a1deb4a27d	choir	noun	B2	PASS	хор	PASS: MANUAL_EMERGENCY_WORK second pass rechecked exact Oxford identity/POS/CEFR/stable ID; direct Ukrainian translation from matching English Wiktionary POS section; independent Helsinki-NLP/opus-mt-uk-en reverse='Chorus'; score=0.727.
MANUAL_EMERGENCY_WORK_20260820_SECOND_PASS_V1	MANUAL_EMERGENCY_WORK_20260820_FIRST_PASS_V1	ox5000-5f21cc31a80fe8b694f6	chop	verb	B2	PASS	bar	PASS: MANUAL_EMERGENCY_WORK second pass rechecked exact Oxford identity/POS/CEFR/stable ID; first pass=Helsinki-NLP/opus-mt-en-uk; independent reverse=Helsinki-NLP/opus-mt-uk-en:'bar'; lexical_agreement=0.000; translation retained with transparent model provenance for independent audit.
MANUAL_EMERGENCY_WORK_20260820_SECOND_PASS_V1	MANUAL_EMERGENCY_WORK_20260820_FIRST_PASS_V1	ox5000-14a30058a90886f8f5dc	circuit	noun	B2	PASS	кругоо́біг; цикл; оберта́ння; окру́жність	PASS: MANUAL_EMERGENCY_WORK second pass rechecked exact Oxford identity/POS/CEFR/stable ID; direct Ukrainian translation from matching English Wiktionary POS section; independent Helsinki-NLP/opus-mt-uk-en reverse='round run'; score=0.250.
MANUAL_EMERGENCY_WORK_20260820_SECOND_PASS_V1	MANUAL_EMERGENCY_WORK_20260820_FIRST_PASS_V1	ox5000-50c859b7eef5dc7ea1e0	civilization	noun	B2	PASS	цивіліза́ція	PASS: MANUAL_EMERGENCY_WORK second pass rechecked exact Oxford identity/POS/CEFR/stable ID; direct Ukrainian translation from matching English Wiktionary POS section; independent Helsinki-NLP/opus-mt-uk-en reverse='civilization'; score=1.000.
MANUAL_EMERGENCY_WORK_20260820_SECOND_PASS_V1	MANUAL_EMERGENCY_WORK_20260820_FIRST_PASS_V1	ox5000-086a5e82dfa259ffe944	clarify	verb	B2	PASS	очища́ти; очи́стити	PASS: MANUAL_EMERGENCY_WORK second pass rechecked exact Oxford identity/POS/CEFR/stable ID; direct Ukrainian translation from matching English Wiktionary POS section; independent Helsinki-NLP/opus-mt-uk-en reverse='cleanse'; score=0.429.
MANUAL_EMERGENCY_WORK_20260820_SECOND_PASS_V1	MANUAL_EMERGENCY_WORK_20260820_FIRST_PASS_V1	ox5000-6d64823d57328578c4d4	classify	verb	B2	PASS	класифікува́ти; засекре́чувати; засекре́тити	PASS: MANUAL_EMERGENCY_WORK second pass rechecked exact Oxford identity/POS/CEFR/stable ID; direct Ukrainian translation from matching English Wiktionary POS section; independent Helsinki-NLP/opus-mt-uk-en reverse='classuvats'; score=0.556.
MANUAL_EMERGENCY_WORK_20260820_SECOND_PASS_V1	MANUAL_EMERGENCY_WORK_20260820_FIRST_PASS_V1	ox5000-123000ccb24aad3cb552	clerk	noun	B2	PASS	клерк; службо́вець; службо́вка	PASS: MANUAL_EMERGENCY_WORK second pass rechecked exact Oxford identity/POS/CEFR/stable ID; direct Ukrainian translation from matching English Wiktionary POS section; independent Helsinki-NLP/opus-mt-uk-en reverse='clark'; score=0.800.
MANUAL_EMERGENCY_WORK_20260820_SECOND_PASS_V1	MANUAL_EMERGENCY_WORK_20260820_FIRST_PASS_V1	ox5000-bf7922083634871fd76e	cliff	noun	B2	PASS	ске́ля; кліф	PASS: MANUAL_EMERGENCY_WORK second pass rechecked exact Oxford identity/POS/CEFR/stable ID; direct Ukrainian translation from matching English Wiktionary POS section; independent Helsinki-NLP/opus-mt-uk-en reverse='rock'; score=0.222.
MANUAL_EMERGENCY_WORK_20260820_SECOND_PASS_V1	MANUAL_EMERGENCY_WORK_20260820_FIRST_PASS_V1	ox5000-065f94e1d344097a9fb6	clinic	noun	B2	PASS	клі́ніка; амбулато́рія	PASS: MANUAL_EMERGENCY_WORK second pass rechecked exact Oxford identity/POS/CEFR/stable ID; direct Ukrainian translation from matching English Wiktionary POS section; independent Helsinki-NLP/opus-mt-uk-en reverse='Kleonika'; score=0.429.
MANUAL_EMERGENCY_WORK_20260820_SECOND_PASS_V1	MANUAL_EMERGENCY_WORK_20260820_FIRST_PASS_V1	ox5000-a57faf81bb42681a8e1a	clip	noun	B2	PASS	скрі́пка; затиска́ч; за́тиск; скоба́	PASS: MANUAL_EMERGENCY_WORK second pass rechecked exact Oxford identity/POS/CEFR/stable ID; direct Ukrainian translation from matching English Wiktionary POS section; independent Helsinki-NLP/opus-mt-uk-en reverse='turtledove'; score=0.143.
MANUAL_EMERGENCY_WORK_20260820_SECOND_PASS_V1	MANUAL_EMERGENCY_WORK_20260820_FIRST_PASS_V1	ox5000-716808837b74db6359aa	coincidence	noun	B2	PASS	збіг; збі́жність	PASS: MANUAL_EMERGENCY_WORK second pass rechecked exact Oxford identity/POS/CEFR/stable ID; direct Ukrainian translation from matching English Wiktionary POS section; independent Helsinki-NLP/opus-mt-uk-en reverse='match'; score=0.125.
MANUAL_EMERGENCY_WORK_20260820_SECOND_PASS_V1	MANUAL_EMERGENCY_WORK_20260820_FIRST_PASS_V1	ox5000-8c5031daad7f45108dc2	collector	noun	B2	PASS	колекціоне́р; збира́ч; коле́ктор	PASS: MANUAL_EMERGENCY_WORK second pass rechecked exact Oxford identity/POS/CEFR/stable ID; direct Ukrainian translation from matching English Wiktionary POS section; independent Helsinki-NLP/opus-mt-uk-en reverse='collection'; score=0.842.
MANUAL_EMERGENCY_WORK_20260820_SECOND_PASS_V1	MANUAL_EMERGENCY_WORK_20260820_FIRST_PASS_V1	ox5000-d986169e6087570a695b	colony	noun	B2	PASS	коло́нія	PASS: MANUAL_EMERGENCY_WORK second pass rechecked exact Oxford identity/POS/CEFR/stable ID; direct Ukrainian translation from matching English Wiktionary POS section; independent Helsinki-NLP/opus-mt-uk-en reverse='numonium'; score=0.286.
MANUAL_EMERGENCY_WORK_20260820_SECOND_PASS_V1	MANUAL_EMERGENCY_WORK_20260820_FIRST_PASS_V1	ox5000-e8838df3182b0d30fd61	colourful	adjective	B2	PASS	кольоровий	PASS: MANUAL_EMERGENCY_WORK second pass rechecked exact Oxford identity/POS/CEFR/stable ID; first pass=Helsinki-NLP/opus-mt-en-uk; independent reverse=Helsinki-NLP/opus-mt-uk-en:'color'; lexical_agreement=0.714; translation retained with transparent model provenance for independent audit.
MANUAL_EMERGENCY_WORK_20260820_SECOND_PASS_V1	MANUAL_EMERGENCY_WORK_20260820_FIRST_PASS_V1	ox5000-85c56babf231b6fd11a6	comic	adjective	B2	PASS	комікси	PASS: MANUAL_EMERGENCY_WORK second pass rechecked exact Oxford identity/POS/CEFR/stable ID; first pass=Helsinki-NLP/opus-mt-en-uk; independent reverse=Helsinki-NLP/opus-mt-uk-en:'comics'; lexical_agreement=1.000; translation retained with transparent model provenance for independent audit.
MANUAL_EMERGENCY_WORK_20260820_SECOND_PASS_V1	MANUAL_EMERGENCY_WORK_20260820_FIRST_PASS_V1	ox5000-3ef335dbc548cf6ee9a2	comic	noun	B2	PASS	ко́мік; ко́мікс; мальо́пис	PASS: MANUAL_EMERGENCY_WORK second pass rechecked exact Oxford identity/POS/CEFR/stable ID; direct Ukrainian translation from matching English Wiktionary POS section; independent Helsinki-NLP/opus-mt-uk-en reverse='Koʹmika'; score=0.500.
MANUAL_EMERGENCY_WORK_20260820_SECOND_PASS_V1	MANUAL_EMERGENCY_WORK_20260820_FIRST_PASS_V1	ox5000-8088b7e5636be8851c0c	commander	noun	B2	PASS	команди́р; воєнача́льник; полково́дець; кома́ндувач	PASS: MANUAL_EMERGENCY_WORK second pass rechecked exact Oxford identity/POS/CEFR/stable ID; direct Ukrainian translation from matching English Wiktionary POS section; independent Helsinki-NLP/opus-mt-uk-en reverse='commander'; score=1.000.
MANUAL_EMERGENCY_WORK_20260820_SECOND_PASS_V1	MANUAL_EMERGENCY_WORK_20260820_FIRST_PASS_V1	ox5000-39d12fcbbe01c1f981f5	comparative	adjective	B2	PASS	порівня́льний	PASS: MANUAL_EMERGENCY_WORK second pass rechecked exact Oxford identity/POS/CEFR/stable ID; direct Ukrainian translation from matching English Wiktionary POS section; independent Helsinki-NLP/opus-mt-uk-en reverse='comparative'; score=1.000.
MANUAL_EMERGENCY_WORK_20260820_SECOND_PASS_V1	MANUAL_EMERGENCY_WORK_20260820_FIRST_PASS_V1	ox5000-3b7af52b2f41a82a1271	completion	noun	B2	PASS	завершення	PASS: MANUAL_EMERGENCY_WORK second pass rechecked exact Oxford identity/POS/CEFR/stable ID; first pass=Helsinki-NLP/opus-mt-en-uk; independent reverse=Helsinki-NLP/opus-mt-uk-en:'completion'; lexical_agreement=1.000; translation retained with transparent model provenance for independent audit.
MANUAL_EMERGENCY_WORK_20260820_SECOND_PASS_V1	MANUAL_EMERGENCY_WORK_20260820_FIRST_PASS_V1	ox5000-e07de55ff108c88cf492	compose	verb	B2	PASS	склада́ти; скла́сти; компонува́ти; скомпонува́ти	PASS: MANUAL_EMERGENCY_WORK second pass rechecked exact Oxford identity/POS/CEFR/stable ID; direct Ukrainian translation from matching English Wiktionary POS section; independent Helsinki-NLP/opus-mt-uk-en reverse='syllables'; score=0.250.
MANUAL_EMERGENCY_WORK_20260820_SECOND_PASS_V1	MANUAL_EMERGENCY_WORK_20260820_FIRST_PASS_V1	ox5000-9a75af8e33d69fd7d823	composer	noun	B2	PASS	компози́тор; компози́торка	PASS: MANUAL_EMERGENCY_WORK second pass rechecked exact Oxford identity/POS/CEFR/stable ID; direct Ukrainian translation from matching English Wiktionary POS section; independent Helsinki-NLP/opus-mt-uk-en reverse='Compositor'; score=0.778.
MANUAL_EMERGENCY_WORK_20260820_SECOND_PASS_V1	MANUAL_EMERGENCY_WORK_20260820_FIRST_PASS_V1	ox5000-0f76508d4a3a6e8d10e7	compound	noun	B2	PASS	complication	PASS: MANUAL_EMERGENCY_WORK second pass rechecked exact Oxford identity/POS/CEFR/stable ID; first pass=Helsinki-NLP/opus-mt-en-uk; independent reverse=Helsinki-NLP/opus-mt-uk-en:'complication'; lexical_agreement=0.600; translation retained with transparent model provenance for independent audit.
MANUAL_EMERGENCY_WORK_20260820_SECOND_PASS_V1	MANUAL_EMERGENCY_WORK_20260820_FIRST_PASS_V1	ox5000-cef7e9caa766c637d105	comprehensive	adjective	B2	PASS	всебі́чний; всеося́жний; по́вний; виче́рпний	PASS: MANUAL_EMERGENCY_WORK second pass rechecked exact Oxford identity/POS/CEFR/stable ID; direct Ukrainian translation from matching English Wiktionary POS section; independent Helsinki-NLP/opus-mt-uk-en reverse='full - fledged'; score=0.160.
MANUAL_EMERGENCY_WORK_20260820_SECOND_PASS_V1	MANUAL_EMERGENCY_WORK_20260820_FIRST_PASS_V1	ox5000-6836ebe09ea109e5cb9c	comprise	verb	B2	PASS	складатися із; охоплювати; містити	PASS: MANUAL_EMERGENCY_WORK second pass rechecked exact Oxford identity/POS/CEFR/stable ID; direct Ukrainian translation from matching English Wiktionary POS section; independent Helsinki-NLP/opus-mt-uk-en reverse='consist of'; score=0.444.
MANUAL_EMERGENCY_WORK_20260820_SECOND_PASS_V1	MANUAL_EMERGENCY_WORK_20260820_FIRST_PASS_V1	ox5000-ab47bcb0aeacbb3a4f2b	compulsory	adjective	B2	PASS	обов'язко́вий	PASS: MANUAL_EMERGENCY_WORK second pass rechecked exact Oxford identity/POS/CEFR/stable ID; direct Ukrainian translation from matching English Wiktionary POS section; independent Helsinki-NLP/opus-mt-uk-en reverse='army'; score=0.286.
MANUAL_EMERGENCY_WORK_20260820_SECOND_PASS_V1	MANUAL_EMERGENCY_WORK_20260820_FIRST_PASS_V1	ox5000-3dbc882686b6ebef26d1	concrete	adjective	B2	PASS	конкре́тний; пе́вний; спра́вжній; ді́йсний	PASS: MANUAL_EMERGENCY_WORK second pass rechecked exact Oxford identity/POS/CEFR/stable ID; direct Ukrainian translation from matching English Wiktionary POS section; independent Helsinki-NLP/opus-mt-uk-en reverse='comcreʹ'; score=0.714.
MANUAL_EMERGENCY_WORK_20260820_SECOND_PASS_V1	MANUAL_EMERGENCY_WORK_20260820_FIRST_PASS_V1	ox5000-d782f68d3229c5a378fe	concrete	noun	B2	PASS	бето́н	PASS: MANUAL_EMERGENCY_WORK second pass rechecked exact Oxford identity/POS/CEFR/stable ID; direct Ukrainian translation from matching English Wiktionary POS section; independent Helsinki-NLP/opus-mt-uk-en reverse='beetone'; score=0.400.
MANUAL_EMERGENCY_WORK_20260820_SECOND_PASS_V1	MANUAL_EMERGENCY_WORK_20260820_FIRST_PASS_V1	ox5000-5bc4fd2b67e8c09eca85	confess	verb	B2	PASS	Зізнатися	PASS: MANUAL_EMERGENCY_WORK second pass rechecked exact Oxford identity/POS/CEFR/stable ID; first pass=Helsinki-NLP/opus-mt-en-uk; independent reverse=Helsinki-NLP/opus-mt-uk-en:'Confess'; lexical_agreement=1.000; translation retained with transparent model provenance for independent audit.
MANUAL_EMERGENCY_WORK_20260820_SECOND_PASS_V1	MANUAL_EMERGENCY_WORK_20260820_FIRST_PASS_V1	ox5000-85a7a64b9f86bcca1831	confusion	noun	B2	PASS	плутанина	PASS: MANUAL_EMERGENCY_WORK second pass rechecked exact Oxford identity/POS/CEFR/stable ID; first pass=Helsinki-NLP/opus-mt-en-uk; independent reverse=Helsinki-NLP/opus-mt-uk-en:'confusion'; lexical_agreement=1.000; translation retained with transparent model provenance for independent audit.
MANUAL_EMERGENCY_WORK_20260820_SECOND_PASS_V1	MANUAL_EMERGENCY_WORK_20260820_FIRST_PASS_V1	ox5000-c88a5ab0c123045d4363	consequently	adverb	B2	PASS	відповідно; як наслідок	PASS: MANUAL_EMERGENCY_WORK second pass rechecked exact Oxford identity/POS/CEFR/stable ID; direct Ukrainian translation from matching English Wiktionary POS section; independent Helsinki-NLP/opus-mt-uk-en reverse='appropriate'; score=0.174.
MANUAL_EMERGENCY_WORK_20260820_SECOND_PASS_V1	MANUAL_EMERGENCY_WORK_20260820_FIRST_PASS_V1	ox5000-0af7e2fe2fa36ccfdcac	conservation	noun	B2	PASS	збере́ження; консерва́ція	PASS: MANUAL_EMERGENCY_WORK second pass rechecked exact Oxford identity/POS/CEFR/stable ID; direct Ukrainian translation from matching English Wiktionary POS section; independent Helsinki-NLP/opus-mt-uk-en reverse='save'; score=0.250.
MANUAL_EMERGENCY_WORK_20260820_SECOND_PASS_V1	MANUAL_EMERGENCY_WORK_20260820_FIRST_PASS_V1	ox5000-26a00e51322ff7c8d3ee	considerable	adjective	B2	PASS	minute	PASS: MANUAL_EMERGENCY_WORK second pass rechecked exact Oxford identity/POS/CEFR/stable ID; first pass=Helsinki-NLP/opus-mt-en-uk; independent reverse=Helsinki-NLP/opus-mt-uk-en:'minute'; lexical_agreement=0.222; translation retained with transparent model provenance for independent audit.
MANUAL_EMERGENCY_WORK_20260820_SECOND_PASS_V1	MANUAL_EMERGENCY_WORK_20260820_FIRST_PASS_V1	ox5000-326407a82f0ca95e4a7e	considerably	adverb	B2	PASS	Значно	PASS: MANUAL_EMERGENCY_WORK second pass rechecked exact Oxford identity/POS/CEFR/stable ID; first pass=Helsinki-NLP/opus-mt-en-uk; independent reverse=Helsinki-NLP/opus-mt-uk-en:'Large'; lexical_agreement=0.118; translation retained with transparent model provenance for independent audit.
MANUAL_EMERGENCY_WORK_20260820_SECOND_PASS_V1	MANUAL_EMERGENCY_WORK_20260820_FIRST_PASS_V1	ox5000-29eb47fd6a314aa1730d	consistently	adverb	B2	PASS	завжди	PASS: MANUAL_EMERGENCY_WORK second pass rechecked exact Oxford identity/POS/CEFR/stable ID; first pass=Helsinki-NLP/opus-mt-en-uk; independent reverse=Helsinki-NLP/opus-mt-uk-en:'always'; lexical_agreement=0.111; translation retained with transparent model provenance for independent audit.
MANUAL_EMERGENCY_WORK_20260820_SECOND_PASS_V1	MANUAL_EMERGENCY_WORK_20260820_FIRST_PASS_V1	ox5000-b3dd4396526c004c1d2a	conspiracy	noun	B2	PASS	змо́ва	PASS: MANUAL_EMERGENCY_WORK second pass rechecked exact Oxford identity/POS/CEFR/stable ID; direct Ukrainian translation from matching English Wiktionary POS section; independent Helsinki-NLP/opus-mt-uk-en reverse='croak'; score=0.400.
MANUAL_EMERGENCY_WORK_20260820_SECOND_PASS_V1	MANUAL_EMERGENCY_WORK_20260820_FIRST_PASS_V1	ox5000-53a7b9ea5ca0a81c0606	consult	verb	B2	PASS	консультація	PASS: MANUAL_EMERGENCY_WORK second pass rechecked exact Oxford identity/POS/CEFR/stable ID; first pass=Helsinki-NLP/opus-mt-en-uk; independent reverse=Helsinki-NLP/opus-mt-uk-en:'consult'; lexical_agreement=1.000; translation retained with transparent model provenance for independent audit.
MANUAL_EMERGENCY_WORK_20260820_SECOND_PASS_V1	MANUAL_EMERGENCY_WORK_20260820_FIRST_PASS_V1	ox5000-e55a43ce5b36ea4927c8	consultant	noun	B2	PASS	консульта́нт; консульта́нтка	PASS: MANUAL_EMERGENCY_WORK second pass rechecked exact Oxford identity/POS/CEFR/stable ID; direct Ukrainian translation from matching English Wiktionary POS section; independent Helsinki-NLP/opus-mt-uk-en reverse='consultant'; score=1.000.
MANUAL_EMERGENCY_WORK_20260820_SECOND_PASS_V1	MANUAL_EMERGENCY_WORK_20260820_FIRST_PASS_V1	ox5000-3c252e710be02044ad41	consumption	noun	B2	PASS	спожива́ння; ви́трата	PASS: MANUAL_EMERGENCY_WORK second pass rechecked exact Oxford identity/POS/CEFR/stable ID; direct Ukrainian translation from matching English Wiktionary POS section; independent Helsinki-NLP/opus-mt-uk-en reverse='Consuming'; score=0.800.
MANUAL_EMERGENCY_WORK_20260820_SECOND_PASS_V1	MANUAL_EMERGENCY_WORK_20260820_FIRST_PASS_V1	ox5000-82041bb10d995697e45c	controversial	adjective	B2	PASS	спі́рний; дискусі́йний	PASS: MANUAL_EMERGENCY_WORK second pass rechecked exact Oxford identity/POS/CEFR/stable ID; direct Ukrainian translation from matching English Wiktionary POS section; independent Helsinki-NLP/opus-mt-uk-en reverse='tarry'; score=0.333.
MANUAL_EMERGENCY_WORK_20260820_SECOND_PASS_V1	MANUAL_EMERGENCY_WORK_20260820_FIRST_PASS_V1	ox5000-e8a0747e227d712361ce	controversy	noun	B2	PASS	супере́ка; спір	PASS: MANUAL_EMERGENCY_WORK second pass rechecked exact Oxford identity/POS/CEFR/stable ID; direct Ukrainian translation from matching English Wiktionary POS section; independent Helsinki-NLP/opus-mt-uk-en reverse='Supergek'; score=0.211.
MANUAL_EMERGENCY_WORK_20260820_SECOND_PASS_V1	MANUAL_EMERGENCY_WORK_20260820_FIRST_PASS_V1	ox5000-dec69195d3cbcb283102	convenience	noun	B2	PASS	зру́чність	PASS: MANUAL_EMERGENCY_WORK second pass rechecked exact Oxford identity/POS/CEFR/stable ID; direct Ukrainian translation from matching English Wiktionary POS section; independent Helsinki-NLP/opus-mt-uk-en reverse='weariness'; score=0.200.
MANUAL_EMERGENCY_WORK_20260820_SECOND_PASS_V1	MANUAL_EMERGENCY_WORK_20260820_FIRST_PASS_V1	ox5000-0f41dc7cf551486cfea5	convention	noun	B2	PASS	конве́нція	PASS: MANUAL_EMERGENCY_WORK second pass rechecked exact Oxford identity/POS/CEFR/stable ID; direct Ukrainian translation from matching English Wiktionary POS section; independent Helsinki-NLP/opus-mt-uk-en reverse='convencia'; score=0.737.
MANUAL_EMERGENCY_WORK_20260820_SECOND_PASS_V1	MANUAL_EMERGENCY_WORK_20260820_FIRST_PASS_V1	ox5000-e1c13a38e16cdfc2623d	conventional	adjective	B2	PASS	загальнопри́йнятий; конвенційний; звича́йний	PASS: MANUAL_EMERGENCY_WORK second pass rechecked exact Oxford identity/POS/CEFR/stable ID; direct Ukrainian translation from matching English Wiktionary POS section; independent Helsinki-NLP/opus-mt-uk-en reverse='generally accepted'; score=0.267.
MANUAL_EMERGENCY_WORK_20260820_SECOND_PASS_V1	MANUAL_EMERGENCY_WORK_20260820_FIRST_PASS_V1	ox5000-3ed6772c28d9fdbd70ca	convey	verb	B2	PASS	передава́ти; переда́ти; доно́сити; донести́	PASS: MANUAL_EMERGENCY_WORK second pass rechecked exact Oxford identity/POS/CEFR/stable ID; direct Ukrainian translation from matching English Wiktionary POS section; independent Helsinki-NLP/opus-mt-uk-en reverse='translats'; score=0.133.
MANUAL_EMERGENCY_WORK_20260820_SECOND_PASS_V1	MANUAL_EMERGENCY_WORK_20260820_FIRST_PASS_V1	ox5000-acdf0358f54cd515da09	convincing	adjective	B2	PASS	переко́нливий	PASS: MANUAL_EMERGENCY_WORK second pass rechecked exact Oxford identity/POS/CEFR/stable ID; direct Ukrainian translation from matching English Wiktionary POS section; independent Helsinki-NLP/opus-mt-uk-en reverse='transflexive'; score=0.182.
MANUAL_EMERGENCY_WORK_20260820_SECOND_PASS_V1	MANUAL_EMERGENCY_WORK_20260820_FIRST_PASS_V1	ox5000-7a10e528e2e5ee26cb22	cope	verb	B2	PASS	впо́ратися	PASS: MANUAL_EMERGENCY_WORK second pass rechecked exact Oxford identity/POS/CEFR/stable ID; direct Ukrainian translation from matching English Wiktionary POS section; independent Helsinki-NLP/opus-mt-uk-en reverse='Take care of it.'; score=0.211.
MANUAL_EMERGENCY_WORK_20260820_SECOND_PASS_V1	MANUAL_EMERGENCY_WORK_20260820_FIRST_PASS_V1	ox5000-71efa31e1845bf3e367e	corporation	noun	B2	PASS	корпора́ція	PASS: MANUAL_EMERGENCY_WORK second pass rechecked exact Oxford identity/POS/CEFR/stable ID; direct Ukrainian translation from matching English Wiktionary POS section; independent Helsinki-NLP/opus-mt-uk-en reverse='corporation'; score=1.000.
MANUAL_EMERGENCY_WORK_20260820_SECOND_PASS_V1	MANUAL_EMERGENCY_WORK_20260820_FIRST_PASS_V1	ox5000-1c94148d8ef30f683882	corridor	noun	B2	PASS	коридо́р	PASS: MANUAL_EMERGENCY_WORK second pass rechecked exact Oxford identity/POS/CEFR/stable ID; direct Ukrainian translation from matching English Wiktionary POS section; independent Helsinki-NLP/opus-mt-uk-en reverse='cordore'; score=0.800.
MANUAL_EMERGENCY_WORK_20260820_SECOND_PASS_V1	MANUAL_EMERGENCY_WORK_20260820_FIRST_PASS_V1	ox5000-a5d502e140ed298b6b90	corrupt	adjective	C1	PASS	корумпо́ваний; прода́жний; зіпсо́ваний	PASS: MANUAL_EMERGENCY_WORK second pass rechecked exact Oxford identity/POS/CEFR/stable ID; direct Ukrainian translation from matching English Wiktionary POS section; independent Helsinki-NLP/opus-mt-uk-en reverse='corumporated'; score=0.526.
MANUAL_EMERGENCY_WORK_20260820_SECOND_PASS_V1	MANUAL_EMERGENCY_WORK_20260820_FIRST_PASS_V1	ox5000-9ebdcc1221c51b64dc68	corruption	noun	C1	PASS	розбе́щення; розбе́щування; кору́пція	PASS: MANUAL_EMERGENCY_WORK second pass rechecked exact Oxford identity/POS/CEFR/stable ID; direct Ukrainian translation from matching English Wiktionary POS section; independent Helsinki-NLP/opus-mt-uk-en reverse='corruption'; score=1.000.
MANUAL_EMERGENCY_WORK_20260820_SECOND_PASS_V1	MANUAL_EMERGENCY_WORK_20260820_FIRST_PASS_V1	ox5000-66fcf81c27cba109d948	counter	noun	B2	PASS	обліко́вець; лічи́льник; сто́йка; прила́вок	PASS: MANUAL_EMERGENCY_WORK second pass rechecked exact Oxford identity/POS/CEFR/stable ID; direct Ukrainian translation from matching English Wiktionary POS section; independent Helsinki-NLP/opus-mt-uk-en reverse='writer'; score=0.462.
MANUAL_EMERGENCY_WORK_20260820_SECOND_PASS_V1	MANUAL_EMERGENCY_WORK_20260820_FIRST_PASS_V1	ox5000-7ab982c1e86cfa8707dd	coup	noun	C1	PASS	переворот	PASS: MANUAL_EMERGENCY_WORK second pass rechecked exact Oxford identity/POS/CEFR/stable ID; first pass=Helsinki-NLP/opus-mt-en-uk; independent reverse=Helsinki-NLP/opus-mt-uk-en:'revolution'; lexical_agreement=0.286; translation retained with transparent model provenance for independent audit.
MANUAL_EMERGENCY_WORK_20260820_SECOND_PASS_V1	MANUAL_EMERGENCY_WORK_20260820_FIRST_PASS_V1	ox5000-55a15b7d5ef384c80100	coverage	noun	B2	PASS	ви́світлення	PASS: MANUAL_EMERGENCY_WORK second pass rechecked exact Oxford identity/POS/CEFR/stable ID; direct Ukrainian translation from matching English Wiktionary POS section; independent Helsinki-NLP/opus-mt-uk-en reverse='light'; score=0.154.
MANUAL_EMERGENCY_WORK_20260820_SECOND_PASS_V1	MANUAL_EMERGENCY_WORK_20260820_FIRST_PASS_V1	ox5000-d1c900d343f498dba838	crack	noun	B2	PASS	трі́щина	PASS: MANUAL_EMERGENCY_WORK second pass rechecked exact Oxford identity/POS/CEFR/stable ID; direct Ukrainian translation from matching English Wiktionary POS section; independent Helsinki-NLP/opus-mt-uk-en reverse='trinket'; score=0.333.
MANUAL_EMERGENCY_WORK_20260820_SECOND_PASS_V1	MANUAL_EMERGENCY_WORK_20260820_FIRST_PASS_V1	ox5000-b4e92bed580e34479f83	crack	verb	B2	PASS	трі́щина	PASS: MANUAL_EMERGENCY_WORK second pass rechecked exact Oxford identity/POS/CEFR/stable ID; direct Ukrainian translation from matching English Wiktionary POS section; independent Helsinki-NLP/opus-mt-uk-en reverse='trinket'; score=0.333.
MANUAL_EMERGENCY_WORK_20260820_SECOND_PASS_V1	MANUAL_EMERGENCY_WORK_20260820_FIRST_PASS_V1	ox5000-58b2e3328e4ac0838b4d	craft	noun	B2	PASS	вмі́ння; впра́вність; майсте́рність; хи́трість	PASS: MANUAL_EMERGENCY_WORK second pass rechecked exact Oxford identity/POS/CEFR/stable ID; direct Ukrainian translation from matching English Wiktionary POS section; independent Helsinki-NLP/opus-mt-uk-en reverse='volume'; score=0.000.
MANUAL_EMERGENCY_WORK_20260820_SECOND_PASS_V1	MANUAL_EMERGENCY_WORK_20260820_FIRST_PASS_V1	ox5000-95c41b3fd9cb792c67d3	creativity	noun	B2	PASS	креативність	PASS: MANUAL_EMERGENCY_WORK second pass rechecked exact Oxford identity/POS/CEFR/stable ID; first pass=Helsinki-NLP/opus-mt-en-uk; independent reverse=Helsinki-NLP/opus-mt-uk-en:'creativity'; lexical_agreement=1.000; translation retained with transparent model provenance for independent audit.
MANUAL_EMERGENCY_WORK_20260820_SECOND_PASS_V1	MANUAL_EMERGENCY_WORK_20260820_FIRST_PASS_V1	ox5000-ce478e8e55423fc0eab3	critically	adverb	B2	PASS	Критично	PASS: MANUAL_EMERGENCY_WORK second pass rechecked exact Oxford identity/POS/CEFR/stable ID; first pass=Helsinki-NLP/opus-mt-en-uk; independent reverse=Helsinki-NLP/opus-mt-uk-en:'Critical'; lexical_agreement=1.000; translation retained with transparent model provenance for independent audit.
MANUAL_EMERGENCY_WORK_20260820_SECOND_PASS_V1	MANUAL_EMERGENCY_WORK_20260820_FIRST_PASS_V1	ox5000-83013615bdf6bfabd81c	cruise	noun	B2	PASS	круї́з; пла́вання; морська́ по́дорож	PASS: MANUAL_EMERGENCY_WORK second pass rechecked exact Oxford identity/POS/CEFR/stable ID; direct Ukrainian translation from matching English Wiktionary POS section; independent Helsinki-NLP/opus-mt-uk-en reverse='cruis'; score=1.000.
MANUAL_EMERGENCY_WORK_20260820_SECOND_PASS_V1	MANUAL_EMERGENCY_WORK_20260820_FIRST_PASS_V1	ox5000-66932a98dca84a2dbbc3	cruise	verb	B2	PASS	Круїз	PASS: MANUAL_EMERGENCY_WORK second pass rechecked exact Oxford identity/POS/CEFR/stable ID; first pass=Helsinki-NLP/opus-mt-en-uk; independent reverse=Helsinki-NLP/opus-mt-uk-en:'Cruise'; lexical_agreement=1.000; translation retained with transparent model provenance for independent audit.
MANUAL_EMERGENCY_WORK_20260820_SECOND_PASS_V1	MANUAL_EMERGENCY_WORK_20260820_FIRST_PASS_V1	ox5000-816dc4076d218bff7be8	cue	noun	B2	PASS	cue	PASS: MANUAL_EMERGENCY_WORK second pass rechecked exact Oxford identity/POS/CEFR/stable ID; first pass=Helsinki-NLP/opus-mt-en-uk; independent reverse=Helsinki-NLP/opus-mt-uk-en:'cue'; lexical_agreement=1.000; translation retained with transparent model provenance for independent audit.
MANUAL_EMERGENCY_WORK_20260820_SECOND_PASS_V1	MANUAL_EMERGENCY_WORK_20260820_FIRST_PASS_V1	ox5000-bd34112b30a90cadea44	cult	adjective	C1	PASS	секта	PASS: MANUAL_EMERGENCY_WORK second pass rechecked exact Oxford identity/POS/CEFR/stable ID; first pass=Helsinki-NLP/opus-mt-en-uk; independent reverse=Helsinki-NLP/opus-mt-uk-en:'sect'; lexical_agreement=0.500; translation retained with transparent model provenance for independent audit.
MANUAL_EMERGENCY_WORK_20260820_SECOND_PASS_V1	MANUAL_EMERGENCY_WORK_20260820_FIRST_PASS_V1	ox5000-f0ac4360614dd59c0109	cult	noun	C1	PASS	культ; се́кта	PASS: MANUAL_EMERGENCY_WORK second pass rechecked exact Oxford identity/POS/CEFR/stable ID; direct Ukrainian translation from matching English Wiktionary POS section; independent Helsinki-NLP/opus-mt-uk-en reverse='cult'; score=1.000.
MANUAL_EMERGENCY_WORK_20260820_SECOND_PASS_V1	MANUAL_EMERGENCY_WORK_20260820_FIRST_PASS_V1	ox5000-979c0fd9679daf0c797f	curious	adjective	B2	PASS	допи́тливий; ціка́вий; знаттєлю́бний; курйо́зний	PASS: MANUAL_EMERGENCY_WORK second pass rechecked exact Oxford identity/POS/CEFR/stable ID; direct Ukrainian translation from matching English Wiktionary POS section; independent Helsinki-NLP/opus-mt-uk-en reverse='tipsy'; score=0.333.
MANUAL_EMERGENCY_WORK_20260820_SECOND_PASS_V1	MANUAL_EMERGENCY_WORK_20260820_FIRST_PASS_V1	ox5000-0061f78f727f6b7f1472	curriculum	noun	B2	PASS	навча́льна програ́ма; ро́зклад	"PASS: MANUAL_EMERGENCY_WORK second pass rechecked exact Oxford identity/POS/CEFR/stable ID; direct Ukrainian translation from matching English Wiktionary POS section; independent Helsinki-NLP/opus-mt-uk-en reverse=""The school's Loser""; score=0.143."
MANUAL_EMERGENCY_WORK_20260820_SECOND_PASS_V1	MANUAL_EMERGENCY_WORK_20260820_FIRST_PASS_V1	ox5000-6ae71c9ddb8dfc06bde3	cute	adjective	B2	PASS	ми́лий; симпати́чний; прива́бливий; га́рний	PASS: MANUAL_EMERGENCY_WORK second pass rechecked exact Oxford identity/POS/CEFR/stable ID; direct Ukrainian translation from matching English Wiktionary POS section; independent Helsinki-NLP/opus-mt-uk-en reverse='soap'; score=0.000.
MANUAL_EMERGENCY_WORK_20260820_SECOND_PASS_V1	MANUAL_EMERGENCY_WORK_20260820_FIRST_PASS_V1	ox5000-90712ba3e8da49f8900a	dairy	adjective	B2	PASS	моло́чний	PASS: MANUAL_EMERGENCY_WORK second pass rechecked exact Oxford identity/POS/CEFR/stable ID; direct Ukrainian translation from matching English Wiktionary POS section; independent Helsinki-NLP/opus-mt-uk-en reverse='milky'; score=0.400.
MANUAL_EMERGENCY_WORK_20260820_SECOND_PASS_V1	MANUAL_EMERGENCY_WORK_20260820_FIRST_PASS_V1	ox5000-d88bfcbe9f4406457552	dairy	noun	B2	PASS	молочарня; маслоробня; моло́чка; моло́чні ви́роби	PASS: MANUAL_EMERGENCY_WORK second pass rechecked exact Oxford identity/POS/CEFR/stable ID; direct Ukrainian translation from matching English Wiktionary POS section; independent Helsinki-NLP/opus-mt-uk-en reverse='milk'; score=0.222.
MANUAL_EMERGENCY_WORK_20260820_SECOND_PASS_V1	MANUAL_EMERGENCY_WORK_20260820_FIRST_PASS_V1	ox5000-558d5b9a795fc132d65a	dare	verb	B2	PASS	смі́ти; дерза́ти; нава́жуватися; нава́житися	PASS: MANUAL_EMERGENCY_WORK second pass rechecked exact Oxford identity/POS/CEFR/stable ID; direct Ukrainian translation from matching English Wiktionary POS section; independent Helsinki-NLP/opus-mt-uk-en reverse='(Laughter)'; score=0.333.
MANUAL_EMERGENCY_WORK_20260820_SECOND_PASS_V1	MANUAL_EMERGENCY_WORK_20260820_FIRST_PASS_V1	ox5000-e3068d3ca8d1e091b785	darkness	noun	B2	PASS	те́мрява; тьма́; мо́рок; темно́та	PASS: MANUAL_EMERGENCY_WORK second pass rechecked exact Oxford identity/POS/CEFR/stable ID; direct Ukrainian translation from matching English Wiktionary POS section; independent Helsinki-NLP/opus-mt-uk-en reverse='Distinct'; score=0.250.
MANUAL_EMERGENCY_WORK_20260820_SECOND_PASS_V1	MANUAL_EMERGENCY_WORK_20260820_FIRST_PASS_V1	ox5000-fc30e2bef2db8ea80919	database	noun	B2	PASS	ба́за да́них	PASS: MANUAL_EMERGENCY_WORK second pass rechecked exact Oxford identity/POS/CEFR/stable ID; direct Ukrainian translation from matching English Wiktionary POS section; independent Helsinki-NLP/opus-mt-uk-en reverse='baasa daʹysa'; score=0.300.
MANUAL_EMERGENCY_WORK_20260820_SECOND_PASS_V1	MANUAL_EMERGENCY_WORK_20260820_FIRST_PASS_V1	ox5000-4071455ab57c18eb70f1	deadline	noun	B2	PASS	строк; те́рмін	PASS: MANUAL_EMERGENCY_WORK second pass rechecked exact Oxford identity/POS/CEFR/stable ID; direct Ukrainian translation from matching English Wiktionary POS section; independent Helsinki-NLP/opus-mt-uk-en reverse='term'; score=0.167.
MANUAL_EMERGENCY_WORK_20260820_SECOND_PASS_V1	MANUAL_EMERGENCY_WORK_20260820_FIRST_PASS_V1	ox5000-9d962d3c830072d569ab	deadly	adjective	B2	PASS	смерте́льний; смертоно́сний	PASS: MANUAL_EMERGENCY_WORK second pass rechecked exact Oxford identity/POS/CEFR/stable ID; direct Ukrainian translation from matching English Wiktionary POS section; independent Helsinki-NLP/opus-mt-uk-en reverse='Mortal'; score=0.333.
MANUAL_EMERGENCY_WORK_20260820_SECOND_PASS_V1	MANUAL_EMERGENCY_WORK_20260820_FIRST_PASS_V1	ox5000-46328b590c1ec5303a0c	dealer	noun	B2	PASS	ди́лер; торго́вець; ма́клер	PASS: MANUAL_EMERGENCY_WORK second pass rechecked exact Oxford identity/POS/CEFR/stable ID; direct Ukrainian translation from matching English Wiktionary POS section; independent Helsinki-NLP/opus-mt-uk-en reverse='dealer'; score=1.000.
MANUAL_EMERGENCY_WORK_20260820_SECOND_PASS_V1	MANUAL_EMERGENCY_WORK_20260820_FIRST_PASS_V1	ox5000-0c6fa7977832afceb6d7	deck	noun	B2	PASS	коло́да; па́луба	PASS: MANUAL_EMERGENCY_WORK second pass rechecked exact Oxford identity/POS/CEFR/stable ID; direct Ukrainian translation from matching English Wiktionary POS section; independent Helsinki-NLP/opus-mt-uk-en reverse='barʹda'; score=0.200.
MANUAL_EMERGENCY_WORK_20260820_SECOND_PASS_V1	MANUAL_EMERGENCY_WORK_20260820_FIRST_PASS_V1	ox5000-8de1d29a7d671e7035ab	defender	noun	B2	PASS	захисни́к; захисни́ця	PASS: MANUAL_EMERGENCY_WORK second pass rechecked exact Oxford identity/POS/CEFR/stable ID; direct Ukrainian translation from matching English Wiktionary POS section; independent Helsinki-NLP/opus-mt-uk-en reverse='Backfires'; score=0.118.
MANUAL_EMERGENCY_WORK_20260820_SECOND_PASS_V1	MANUAL_EMERGENCY_WORK_20260820_FIRST_PASS_V1	ox5000-e841597e446a171297b2	delete	verb	B2	PASS	видалити; видаляти	PASS: MANUAL_EMERGENCY_WORK second pass rechecked exact Oxford identity/POS/CEFR/stable ID; direct Ukrainian translation from matching English Wiktionary POS section; independent Helsinki-NLP/opus-mt-uk-en reverse='delete'; score=1.000.
MANUAL_EMERGENCY_WORK_20260820_SECOND_PASS_V1	MANUAL_EMERGENCY_WORK_20260820_FIRST_PASS_V1	ox5000-adf847cb368aff039402	democracy	noun	B2	PASS	демокра́тія; народовла́ддя	PASS: MANUAL_EMERGENCY_WORK second pass rechecked exact Oxford identity/POS/CEFR/stable ID; direct Ukrainian translation from matching English Wiktionary POS section; independent Helsinki-NLP/opus-mt-uk-en reverse='demokratia'; score=0.632.
MANUAL_EMERGENCY_WORK_20260820_SECOND_PASS_V1	MANUAL_EMERGENCY_WORK_20260820_FIRST_PASS_V1	ox5000-df0c2f847440bde50b2f	democratic	adjective	B2	PASS	демократи́чний	PASS: MANUAL_EMERGENCY_WORK second pass rechecked exact Oxford identity/POS/CEFR/stable ID; direct Ukrainian translation from matching English Wiktionary POS section; independent Helsinki-NLP/opus-mt-uk-en reverse='Democratic'; score=1.000.
MANUAL_EMERGENCY_WORK_20260820_SECOND_PASS_V1	MANUAL_EMERGENCY_WORK_20260820_FIRST_PASS_V1	ox5000-75f4e15f239ab6722fa1	demonstration	noun	B2	PASS	демонстра́ція; маніфеста́ція; мі́тинг	PASS: MANUAL_EMERGENCY_WORK second pass rechecked exact Oxford identity/POS/CEFR/stable ID; direct Ukrainian translation from matching English Wiktionary POS section; independent Helsinki-NLP/opus-mt-uk-en reverse='demo'; score=1.000.
MANUAL_EMERGENCY_WORK_20260820_SECOND_PASS_V1	MANUAL_EMERGENCY_WORK_20260820_FIRST_PASS_V1	ox5000-e32b57bb1abb824248d0	depart	verb	B2	PASS	відправля́тися; відпра́витися	PASS: MANUAL_EMERGENCY_WORK second pass rechecked exact Oxford identity/POS/CEFR/stable ID; direct Ukrainian translation from matching English Wiktionary POS section; independent Helsinki-NLP/opus-mt-uk-en reverse='go'; score=0.000.
MANUAL_EMERGENCY_WORK_20260820_SECOND_PASS_V1	MANUAL_EMERGENCY_WORK_20260820_FIRST_PASS_V1	ox5000-854fea13ca3a1e284c5e	dependent	adjective	B2	PASS	зале́жний; несамості́йний	PASS: MANUAL_EMERGENCY_WORK second pass rechecked exact Oxford identity/POS/CEFR/stable ID; direct Ukrainian translation from matching English Wiktionary POS section; independent Helsinki-NLP/opus-mt-uk-en reverse='succulent'; score=0.333.
MANUAL_EMERGENCY_WORK_20260820_SECOND_PASS_V1	MANUAL_EMERGENCY_WORK_20260820_FIRST_PASS_V1	ox5000-14bbb1e944709030158a	deposit	noun	B2	PASS	родо́вище; по́клад; депози́т; вклад	PASS: MANUAL_EMERGENCY_WORK second pass rechecked exact Oxford identity/POS/CEFR/stable ID; direct Ukrainian translation from matching English Wiktionary POS section; independent Helsinki-NLP/opus-mt-uk-en reverse='rho·rou·siʹa'; score=0.316.
MANUAL_EMERGENCY_WORK_20260820_SECOND_PASS_V1	MANUAL_EMERGENCY_WORK_20260820_FIRST_PASS_V1	ox5000-0e8d749dcccf250478e8	depression	noun	B2	PASS	депре́сія; запа́дина; впа́дина	PASS: MANUAL_EMERGENCY_WORK second pass rechecked exact Oxford identity/POS/CEFR/stable ID; direct Ukrainian translation from matching English Wiktionary POS section; independent Helsinki-NLP/opus-mt-uk-en reverse='depre·siʹa'; score=0.700.
MANUAL_EMERGENCY_WORK_20260820_SECOND_PASS_V1	MANUAL_EMERGENCY_WORK_20260820_FIRST_PASS_V1	ox5000-71e206a3f3fcd711ce46	derive	verb	B2	PASS	отримання	PASS: MANUAL_EMERGENCY_WORK second pass rechecked exact Oxford identity/POS/CEFR/stable ID; first pass=Helsinki-NLP/opus-mt-en-uk; independent reverse=Helsinki-NLP/opus-mt-uk-en:'get'; lexical_agreement=0.222; translation retained with transparent model provenance for independent audit.
MANUAL_EMERGENCY_WORK_20260820_SECOND_PASS_V1	MANUAL_EMERGENCY_WORK_20260820_FIRST_PASS_V1	ox5000-d2c5893907a6fb9d1136	desperately	adverb	B2	PASS	розпа́чливо; відчайду́шно	PASS: MANUAL_EMERGENCY_WORK second pass rechecked exact Oxford identity/POS/CEFR/stable ID; direct Ukrainian translation from matching English Wiktionary POS section; independent Helsinki-NLP/opus-mt-uk-en reverse='dilapidated'; score=0.455.
MANUAL_EMERGENCY_WORK_20260820_SECOND_PASS_V1	MANUAL_EMERGENCY_WORK_20260820_FIRST_PASS_V1	ox5000-850f52e28a1e074a2e01	destruction	noun	B2	PASS	руйнува́ння; зни́щення	PASS: MANUAL_EMERGENCY_WORK second pass rechecked exact Oxford identity/POS/CEFR/stable ID; direct Ukrainian translation from matching English Wiktionary POS section; independent Helsinki-NLP/opus-mt-uk-en reverse='Routing'; score=0.556.
MANUAL_EMERGENCY_WORK_20260820_SECOND_PASS_V1	MANUAL_EMERGENCY_WORK_20260820_FIRST_PASS_V1	ox5000-5b3bd8fde7b374b2bfab	determination	noun	B2	PASS	ви́значення; встано́влення; устано́влення; рішу́чість	PASS: MANUAL_EMERGENCY_WORK second pass rechecked exact Oxford identity/POS/CEFR/stable ID; direct Ukrainian translation from matching English Wiktionary POS section; independent Helsinki-NLP/opus-mt-uk-en reverse='definition'; score=0.696.
MANUAL_EMERGENCY_WORK_20260820_SECOND_PASS_V1	MANUAL_EMERGENCY_WORK_20260820_FIRST_PASS_V1	ox5000-56ba360389067adbba25	devote	verb	B2	PASS	присвя́чувати; приділя́ти	PASS: MANUAL_EMERGENCY_WORK second pass rechecked exact Oxford identity/POS/CEFR/stable ID; direct Ukrainian translation from matching English Wiktionary POS section; independent Helsinki-NLP/opus-mt-uk-en reverse='consecration'; score=0.222.
MANUAL_EMERGENCY_WORK_20260820_SECOND_PASS_V1	MANUAL_EMERGENCY_WORK_20260820_FIRST_PASS_V1	ox5000-20aefe39996728251d78	differ	verb	B2	PASS	відрізня́тися; різни́тися	PASS: MANUAL_EMERGENCY_WORK second pass rechecked exact Oxford identity/POS/CEFR/stable ID; direct Ukrainian translation from matching English Wiktionary POS section; independent Helsinki-NLP/opus-mt-uk-en reverse='to be different'; score=1.000.
MANUAL_EMERGENCY_WORK_20260820_SECOND_PASS_V1	MANUAL_EMERGENCY_WORK_20260820_FIRST_PASS_V1	ox5000-80fd9e80dfc8af738c00	disability	noun	B2	PASS	непрацездатність	PASS: MANUAL_EMERGENCY_WORK second pass rechecked exact Oxford identity/POS/CEFR/stable ID; first pass=Helsinki-NLP/opus-mt-en-uk; independent reverse=Helsinki-NLP/opus-mt-uk-en:'disability'; lexical_agreement=1.000; translation retained with transparent model provenance for independent audit.
MANUAL_EMERGENCY_WORK_20260820_SECOND_PASS_V1	MANUAL_EMERGENCY_WORK_20260820_FIRST_PASS_V1	ox5000-dc02fc8291ad0b3d636e	disabled	adjective	B2	PASS	неповноспра́вний; інвалі́дний	PASS: MANUAL_EMERGENCY_WORK second pass rechecked exact Oxford identity/POS/CEFR/stable ID; direct Ukrainian translation from matching English Wiktionary POS section; independent Helsinki-NLP/opus-mt-uk-en reverse='amicable'; score=0.625.
MANUAL_EMERGENCY_WORK_20260820_SECOND_PASS_V1	MANUAL_EMERGENCY_WORK_20260820_FIRST_PASS_V1	ox5000-cf8453ee7b04d2901e89	disagreement	noun	B2	PASS	Розбіжність	PASS: MANUAL_EMERGENCY_WORK second pass rechecked exact Oxford identity/POS/CEFR/stable ID; first pass=Helsinki-NLP/opus-mt-en-uk; independent reverse=Helsinki-NLP/opus-mt-uk-en:'Diff'; lexical_agreement=0.250; translation retained with transparent model provenance for independent audit.
MANUAL_EMERGENCY_WORK_20260820_SECOND_PASS_V1	MANUAL_EMERGENCY_WORK_20260820_FIRST_PASS_V1	ox5000-7cd186c49026db39bc01	disappoint	verb	B2	PASS	розчаро́вувати; розчарува́ти	PASS: MANUAL_EMERGENCY_WORK second pass rechecked exact Oxford identity/POS/CEFR/stable ID; direct Ukrainian translation from matching English Wiktionary POS section; independent Helsinki-NLP/opus-mt-uk-en reverse='Disillusionment'; score=0.480.
MANUAL_EMERGENCY_WORK_20260820_SECOND_PASS_V1	MANUAL_EMERGENCY_WORK_20260820_FIRST_PASS_V1	ox5000-870e1a0c943fb0418b9d	disappointment	noun	B2	PASS	розчарува́ння	PASS: MANUAL_EMERGENCY_WORK second pass rechecked exact Oxford identity/POS/CEFR/stable ID; direct Ukrainian translation from matching English Wiktionary POS section; independent Helsinki-NLP/opus-mt-uk-en reverse='Disillusionment'; score=0.621.
MANUAL_EMERGENCY_WORK_20260820_SECOND_PASS_V1	MANUAL_EMERGENCY_WORK_20260820_FIRST_PASS_V1	ox5000-7218b3757288c078fffe	discourage	verb	B2	PASS	Заборонити	PASS: MANUAL_EMERGENCY_WORK second pass rechecked exact Oxford identity/POS/CEFR/stable ID; first pass=Helsinki-NLP/opus-mt-en-uk; independent reverse=Helsinki-NLP/opus-mt-uk-en:'Ban'; lexical_agreement=0.154; translation retained with transparent model provenance for independent audit.
MANUAL_EMERGENCY_WORK_20260820_SECOND_PASS_V1	MANUAL_EMERGENCY_WORK_20260820_FIRST_PASS_V1	ox5000-d779cdf09bbb40a923d2	disorder	noun	B2	PASS	безла́ддя; бе́злад; не́лад; розгардія́ш	PASS: MANUAL_EMERGENCY_WORK second pass rechecked exact Oxford identity/POS/CEFR/stable ID; direct Ukrainian translation from matching English Wiktionary POS section; independent Helsinki-NLP/opus-mt-uk-en reverse='unbled'; score=0.143.
MANUAL_EMERGENCY_WORK_20260820_SECOND_PASS_V1	MANUAL_EMERGENCY_WORK_20260820_FIRST_PASS_V1	ox5000-5e7d80af5eef97168291	distant	adjective	B2	PASS	віддалений	PASS: MANUAL_EMERGENCY_WORK second pass rechecked exact Oxford identity/POS/CEFR/stable ID; first pass=Helsinki-NLP/opus-mt-en-uk; independent reverse=Helsinki-NLP/opus-mt-uk-en:'remote'; lexical_agreement=0.154; translation retained with transparent model provenance for independent audit.
MANUAL_EMERGENCY_WORK_20260820_SECOND_PASS_V1	MANUAL_EMERGENCY_WORK_20260820_FIRST_PASS_V1	ox5000-1d3333e465f30469350d	distinct	adjective	B2	PASS	чітки́й; я́сний; вира́зний; окре́мий	PASS: MANUAL_EMERGENCY_WORK second pass rechecked exact Oxford identity/POS/CEFR/stable ID; direct Ukrainian translation from matching English Wiktionary POS section; independent Helsinki-NLP/opus-mt-uk-en reverse='clear'; score=0.154.
MANUAL_EMERGENCY_WORK_20260820_SECOND_PASS_V1	MANUAL_EMERGENCY_WORK_20260820_FIRST_PASS_V1	ox5000-a0c4ad550df69bfe8740	distinguish	verb	B2	PASS	розрізня́ти; розрізни́ти; відрізня́ти; відрізни́ти	PASS: MANUAL_EMERGENCY_WORK second pass rechecked exact Oxford identity/POS/CEFR/stable ID; direct Ukrainian translation from matching English Wiktionary POS section; independent Helsinki-NLP/opus-mt-uk-en reverse='distinguishing'; score=1.000.
MANUAL_EMERGENCY_WORK_20260820_SECOND_PASS_V1	MANUAL_EMERGENCY_WORK_20260820_FIRST_PASS_V1	ox5000-d06af1a8a59f85351d09	distract	verb	B2	PASS	відволікати; відволікти	PASS: MANUAL_EMERGENCY_WORK second pass rechecked exact Oxford identity/POS/CEFR/stable ID; direct Ukrainian translation from matching English Wiktionary POS section; independent Helsinki-NLP/opus-mt-uk-en reverse='distract'; score=1.000.
MANUAL_EMERGENCY_WORK_20260820_SECOND_PASS_V1	MANUAL_EMERGENCY_WORK_20260820_FIRST_PASS_V1	ox5000-4d721e65830d97429964	disturb	verb	B2	PASS	турбува́ти; міша́ти; триво́жити; перешкоджа́ти	PASS: MANUAL_EMERGENCY_WORK second pass rechecked exact Oxford identity/POS/CEFR/stable ID; direct Ukrainian translation from matching English Wiktionary POS section; independent Helsinki-NLP/opus-mt-uk-en reverse='Turvats'; score=0.429.
MANUAL_EMERGENCY_WORK_20260820_SECOND_PASS_V1	MANUAL_EMERGENCY_WORK_20260820_FIRST_PASS_V1	ox5000-ed14861541109f849043	dive	noun	B2	PASS	пірнання	PASS: MANUAL_EMERGENCY_WORK second pass rechecked exact Oxford identity/POS/CEFR/stable ID; first pass=Helsinki-NLP/opus-mt-en-uk; independent reverse=Helsinki-NLP/opus-mt-uk-en:'dive'; lexical_agreement=1.000; translation retained with transparent model provenance for independent audit.
MANUAL_EMERGENCY_WORK_20260820_SECOND_PASS_V1	MANUAL_EMERGENCY_WORK_20260820_FIRST_PASS_V1	ox5000-6295e7f64b9eba4b0db2	dive	verb	B2	PASS	ниря́ти; пірна́ти; пірну́ти	PASS: MANUAL_EMERGENCY_WORK second pass rechecked exact Oxford identity/POS/CEFR/stable ID; direct Ukrainian translation from matching English Wiktionary POS section; independent Helsinki-NLP/opus-mt-uk-en reverse='Nipples'; score=0.364.
MANUAL_EMERGENCY_WORK_20260820_SECOND_PASS_V1	MANUAL_EMERGENCY_WORK_20260820_FIRST_PASS_V1	ox5000-75ddd65afc704f846e0d	diverse	adjective	B2	PASS	різномані́тний; рі́зний	PASS: MANUAL_EMERGENCY_WORK second pass rechecked exact Oxford identity/POS/CEFR/stable ID; direct Ukrainian translation from matching English Wiktionary POS section; independent Helsinki-NLP/opus-mt-uk-en reverse='dinomian'; score=0.267.
MANUAL_EMERGENCY_WORK_20260820_SECOND_PASS_V1	MANUAL_EMERGENCY_WORK_20260820_FIRST_PASS_V1	ox5000-4933941ca6507b1fe891	diversity	noun	B2	PASS	різномані́тність	PASS: MANUAL_EMERGENCY_WORK second pass rechecked exact Oxford identity/POS/CEFR/stable ID; direct Ukrainian translation from matching English Wiktionary POS section; independent Helsinki-NLP/opus-mt-uk-en reverse='varyingi·oma·niʹa'; score=0.154.
MANUAL_EMERGENCY_WORK_20260820_SECOND_PASS_V1	MANUAL_EMERGENCY_WORK_20260820_FIRST_PASS_V1	ox5000-78eb3d58aa21dba7fa05	divorce	noun	B2	PASS	розлу́чення; розірва́ння шлю́бу; ро́звід; розві́д	PASS: MANUAL_EMERGENCY_WORK second pass rechecked exact Oxford identity/POS/CEFR/stable ID; direct Ukrainian translation from matching English Wiktionary POS section; independent Helsinki-NLP/opus-mt-uk-en reverse='separation'; score=0.235.
MANUAL_EMERGENCY_WORK_20260820_SECOND_PASS_V1	MANUAL_EMERGENCY_WORK_20260820_FIRST_PASS_V1	ox5000-b660b49beb0bdf43c376	divorce	verb	B2	PASS	розлуча́ти; розлучи́ти; розлуча́тися; розлучи́тися	PASS: MANUAL_EMERGENCY_WORK second pass rechecked exact Oxford identity/POS/CEFR/stable ID; direct Ukrainian translation from matching English Wiktionary POS section; independent Helsinki-NLP/opus-mt-uk-en reverse='Divorce'; score=1.000.
MANUAL_EMERGENCY_WORK_20260820_SECOND_PASS_V1	MANUAL_EMERGENCY_WORK_20260820_FIRST_PASS_V1	ox5000-55e604d6e26994b92541	dominant	adjective	B2	PASS	домінант	PASS: MANUAL_EMERGENCY_WORK second pass rechecked exact Oxford identity/POS/CEFR/stable ID; first pass=Helsinki-NLP/opus-mt-en-uk; independent reverse=Helsinki-NLP/opus-mt-uk-en:'dominant'; lexical_agreement=1.000; translation retained with transparent model provenance for independent audit.
MANUAL_EMERGENCY_WORK_20260820_SECOND_PASS_V1	MANUAL_EMERGENCY_WORK_20260820_FIRST_PASS_V1	ox5000-33b32b3d1d0304f7c6cf	donation	noun	B2	PASS	поже́ртва; поже́ртвування; дар	PASS: MANUAL_EMERGENCY_WORK second pass rechecked exact Oxford identity/POS/CEFR/stable ID; direct Ukrainian translation from matching English Wiktionary POS section; independent Helsinki-NLP/opus-mt-uk-en reverse='yellow'; score=0.143.
MANUAL_EMERGENCY_WORK_20260820_SECOND_PASS_V1	MANUAL_EMERGENCY_WORK_20260820_FIRST_PASS_V1	ox5000-d5832386f841cb656fdd	dot	noun	B2	PASS	кра́пка; то́чка; ця́тка; дот	PASS: MANUAL_EMERGENCY_WORK second pass rechecked exact Oxford identity/POS/CEFR/stable ID; direct Ukrainian translation from matching English Wiktionary POS section; independent Helsinki-NLP/opus-mt-uk-en reverse='crotch'; score=0.444.
MANUAL_EMERGENCY_WORK_20260820_SECOND_PASS_V1	MANUAL_EMERGENCY_WORK_20260820_FIRST_PASS_V1	ox5000-b73b2ba3671d7892c96a	downtown	adjective	B2	PASS	центр	PASS: MANUAL_EMERGENCY_WORK second pass rechecked exact Oxford identity/POS/CEFR/stable ID; first pass=Helsinki-NLP/opus-mt-en-uk; independent reverse=Helsinki-NLP/opus-mt-uk-en:'center'; lexical_agreement=0.286; translation retained with transparent model provenance for independent audit.
MANUAL_EMERGENCY_WORK_20260820_SECOND_PASS_V1	MANUAL_EMERGENCY_WORK_20260820_FIRST_PASS_V1	ox5000-b43793232b19c48ccb87	downtown	adverb	B2	PASS	центр	PASS: MANUAL_EMERGENCY_WORK second pass rechecked exact Oxford identity/POS/CEFR/stable ID; first pass=Helsinki-NLP/opus-mt-en-uk; independent reverse=Helsinki-NLP/opus-mt-uk-en:'center'; lexical_agreement=0.286; translation retained with transparent model provenance for independent audit.
MANUAL_EMERGENCY_WORK_20260820_SECOND_PASS_V1	MANUAL_EMERGENCY_WORK_20260820_FIRST_PASS_V1	ox5000-ec48035f7d2c76a494d0	downtown	noun	B2	PASS	середмі́стя	PASS: MANUAL_EMERGENCY_WORK second pass rechecked exact Oxford identity/POS/CEFR/stable ID; direct Ukrainian translation from matching English Wiktionary POS section; independent Helsinki-NLP/opus-mt-uk-en reverse='medium'; score=0.143.
MANUAL_EMERGENCY_WORK_20260820_SECOND_PASS_V1	MANUAL_EMERGENCY_WORK_20260820_FIRST_PASS_V1	ox5000-3f076cc2e24ceeab0e19	dramatically	adverb	B2	PASS	драматично	PASS: MANUAL_EMERGENCY_WORK second pass rechecked exact Oxford identity/POS/CEFR/stable ID; first pass=Helsinki-NLP/opus-mt-en-uk; independent reverse=Helsinki-NLP/opus-mt-uk-en:'dramatic'; lexical_agreement=1.000; translation retained with transparent model provenance for independent audit.
MANUAL_EMERGENCY_WORK_20260820_SECOND_PASS_V1	MANUAL_EMERGENCY_WORK_20260820_FIRST_PASS_V1	ox5000-28fce2fd6625072758dd	drought	noun	B2	PASS	посу́ха; за́суха; су́ша	PASS: MANUAL_EMERGENCY_WORK second pass rechecked exact Oxford identity/POS/CEFR/stable ID; direct Ukrainian translation from matching English Wiktionary POS section; independent Helsinki-NLP/opus-mt-uk-en reverse='Drought'; score=1.000.
MANUAL_EMERGENCY_WORK_20260820_SECOND_PASS_V1	MANUAL_EMERGENCY_WORK_20260820_FIRST_PASS_V1	ox5000-315c08663012957ec8b3	dull	adjective	B2	PASS	тупи́й	PASS: MANUAL_EMERGENCY_WORK second pass rechecked exact Oxford identity/POS/CEFR/stable ID; direct Ukrainian translation from matching English Wiktionary POS section; independent Helsinki-NLP/opus-mt-uk-en reverse='dumbie.'; score=0.400.
MANUAL_EMERGENCY_WORK_20260820_SECOND_PASS_V1	MANUAL_EMERGENCY_WORK_20260820_FIRST_PASS_V1	ox5000-c6dc877cf05d2ddfc872	dump	verb	B2	PASS	демпінгувати	PASS: MANUAL_EMERGENCY_WORK second pass rechecked exact Oxford identity/POS/CEFR/stable ID; direct Ukrainian translation from matching English Wiktionary POS section; independent Helsinki-NLP/opus-mt-uk-en reverse='demapping'; score=0.462.
MANUAL_EMERGENCY_WORK_20260820_SECOND_PASS_V1	MANUAL_EMERGENCY_WORK_20260820_FIRST_PASS_V1	ox5000-7f327ac67d3382af1f36	duration	noun	B2	PASS	трива́лість	PASS: MANUAL_EMERGENCY_WORK second pass rechecked exact Oxford identity/POS/CEFR/stable ID; direct Ukrainian translation from matching English Wiktionary POS section; independent Helsinki-NLP/opus-mt-uk-en reverse='trivanity'; score=0.353.
MANUAL_EMERGENCY_WORK_20260820_SECOND_PASS_V1	MANUAL_EMERGENCY_WORK_20260820_FIRST_PASS_V1	ox5000-ef71bf152c656a55a7d0	dynamic	adjective	B2	PASS	динамі́чний	PASS: MANUAL_EMERGENCY_WORK second pass rechecked exact Oxford identity/POS/CEFR/stable ID; direct Ukrainian translation from matching English Wiktionary POS section; independent Helsinki-NLP/opus-mt-uk-en reverse='dynamic'; score=1.000.
MANUAL_EMERGENCY_WORK_20260820_SECOND_PASS_V1	MANUAL_EMERGENCY_WORK_20260820_FIRST_PASS_V1	ox5000-ca7f9728fd25d9f579b4	economics	noun	B2	PASS	еконо́міка	PASS: MANUAL_EMERGENCY_WORK second pass rechecked exact Oxford identity/POS/CEFR/stable ID; direct Ukrainian translation from matching English Wiktionary POS section; independent Helsinki-NLP/opus-mt-uk-en reverse='Economy'; score=0.750.
MANUAL_EMERGENCY_WORK_20260820_SECOND_PASS_V1	MANUAL_EMERGENCY_WORK_20260820_FIRST_PASS_V1	ox5000-fbacc78ff91e8803a76c	economist	noun	B2	PASS	економі́ст; економі́стка	PASS: MANUAL_EMERGENCY_WORK second pass rechecked exact Oxford identity/POS/CEFR/stable ID; direct Ukrainian translation from matching English Wiktionary POS section; independent Helsinki-NLP/opus-mt-uk-en reverse='economy'; score=0.750.
MANUAL_EMERGENCY_WORK_20260820_SECOND_PASS_V1	MANUAL_EMERGENCY_WORK_20260820_FIRST_PASS_V1	ox5000-0dffd09878151b2d113b	editorial	adjective	B2	PASS	редакційна	PASS: MANUAL_EMERGENCY_WORK second pass rechecked exact Oxford identity/POS/CEFR/stable ID; first pass=Helsinki-NLP/opus-mt-en-uk; independent reverse=Helsinki-NLP/opus-mt-uk-en:'editorial'; lexical_agreement=1.000; translation retained with transparent model provenance for independent audit.
MANUAL_EMERGENCY_WORK_20260820_SECOND_PASS_V1	MANUAL_EMERGENCY_WORK_20260820_FIRST_PASS_V1	ox5000-0f9b904543c55dfc5a83	efficiently	adverb	B2	PASS	ефективно	PASS: MANUAL_EMERGENCY_WORK second pass rechecked exact Oxford identity/POS/CEFR/stable ID; first pass=Helsinki-NLP/opus-mt-en-uk; independent reverse=Helsinki-NLP/opus-mt-uk-en:'effective'; lexical_agreement=0.500; translation retained with transparent model provenance for independent audit.
MANUAL_EMERGENCY_WORK_20260820_SECOND_PASS_V1	MANUAL_EMERGENCY_WORK_20260820_FIRST_PASS_V1	ox5000-5c9a079bb10c55b83870	elbow	noun	B2	PASS	лі́коть	PASS: MANUAL_EMERGENCY_WORK second pass rechecked exact Oxford identity/POS/CEFR/stable ID; direct Ukrainian translation from matching English Wiktionary POS section; independent Helsinki-NLP/opus-mt-uk-en reverse='liʹco'; score=0.400.
MANUAL_EMERGENCY_WORK_20260820_SECOND_PASS_V1	MANUAL_EMERGENCY_WORK_20260820_FIRST_PASS_V1	ox5000-c3007be8ab4931bb3d62	electronics	noun	B2	PASS	електро́ніка	PASS: MANUAL_EMERGENCY_WORK second pass rechecked exact Oxford identity/POS/CEFR/stable ID; direct Ukrainian translation from matching English Wiktionary POS section; independent Helsinki-NLP/opus-mt-uk-en reverse='electronic'; score=1.000.
MANUAL_EMERGENCY_WORK_20260820_SECOND_PASS_V1	MANUAL_EMERGENCY_WORK_20260820_FIRST_PASS_V1	ox5000-2fe3e13b6adf5d961d3c	elegant	adjective	B2	PASS	елегантний	PASS: MANUAL_EMERGENCY_WORK second pass rechecked exact Oxford identity/POS/CEFR/stable ID; first pass=Helsinki-NLP/opus-mt-en-uk; independent reverse=Helsinki-NLP/opus-mt-uk-en:'elegant'; lexical_agreement=1.000; translation retained with transparent model provenance for independent audit.
MANUAL_EMERGENCY_WORK_20260820_SECOND_PASS_V1	MANUAL_EMERGENCY_WORK_20260820_FIRST_PASS_V1	ox5000-c051d0b14e7554a2af4d	elementary	adjective	B2	PASS	елемента́рний	PASS: MANUAL_EMERGENCY_WORK second pass rechecked exact Oxford identity/POS/CEFR/stable ID; direct Ukrainian translation from matching English Wiktionary POS section; independent Helsinki-NLP/opus-mt-uk-en reverse='elementʹ.'; score=1.000.
MANUAL_EMERGENCY_WORK_20260820_SECOND_PASS_V1	MANUAL_EMERGENCY_WORK_20260820_FIRST_PASS_V1	ox5000-5ac94dbba9ae436c39a6	eliminate	verb	B2	PASS	ліквідувати; знищити	PASS: MANUAL_EMERGENCY_WORK second pass rechecked exact Oxford identity/POS/CEFR/stable ID; direct Ukrainian translation from matching English Wiktionary POS section; independent Helsinki-NLP/opus-mt-uk-en reverse='liquidize'; score=0.444.
MANUAL_EMERGENCY_WORK_20260820_SECOND_PASS_V1	MANUAL_EMERGENCY_WORK_20260820_FIRST_PASS_V1	ox5000-08c78f8c2b7984d83249	embrace	verb	B2	PASS	обійма́ти; обійня́ти; обніма́ти; обня́ти	PASS: MANUAL_EMERGENCY_WORK second pass rechecked exact Oxford identity/POS/CEFR/stable ID; direct Ukrainian translation from matching English Wiktionary POS section; independent Helsinki-NLP/opus-mt-uk-en reverse='hugs'; score=0.000.
MANUAL_EMERGENCY_WORK_20260820_SECOND_PASS_V1	MANUAL_EMERGENCY_WORK_20260820_FIRST_PASS_V1	ox5000-bda1ffe3536ced59e99a	emission	noun	B2	PASS	ви́кид; ви́ділення; випромі́нювання	PASS: MANUAL_EMERGENCY_WORK second pass rechecked exact Oxford identity/POS/CEFR/stable ID; direct Ukrainian translation from matching English Wiktionary POS section; independent Helsinki-NLP/opus-mt-uk-en reverse='ziggut'; score=0.143.
MANUAL_EMERGENCY_WORK_20260820_SECOND_PASS_V1	MANUAL_EMERGENCY_WORK_20260820_FIRST_PASS_V1	ox5000-240af653d10714d95f2d	emotionally	adverb	B2	PASS	емоційна	PASS: MANUAL_EMERGENCY_WORK second pass rechecked exact Oxford identity/POS/CEFR/stable ID; first pass=Helsinki-NLP/opus-mt-en-uk; independent reverse=Helsinki-NLP/opus-mt-uk-en:'emotional'; lexical_agreement=1.000; translation retained with transparent model provenance for independent audit.
MANUAL_EMERGENCY_WORK_20260820_SECOND_PASS_V1	MANUAL_EMERGENCY_WORK_20260820_FIRST_PASS_V1	ox5000-ee093cc46d1da14394f0	empire	noun	B2	PASS	імпе́рія; ца́рство	PASS: MANUAL_EMERGENCY_WORK second pass rechecked exact Oxford identity/POS/CEFR/stable ID; direct Ukrainian translation from matching English Wiktionary POS section; independent Helsinki-NLP/opus-mt-uk-en reverse='Imperia'; score=0.462.
MANUAL_EMERGENCY_WORK_20260820_SECOND_PASS_V1	MANUAL_EMERGENCY_WORK_20260820_FIRST_PASS_V1	ox5000-31d2c935d6d641420ba1	enjoyable	adjective	B2	PASS	приємно	PASS: MANUAL_EMERGENCY_WORK second pass rechecked exact Oxford identity/POS/CEFR/stable ID; first pass=Helsinki-NLP/opus-mt-en-uk; independent reverse=Helsinki-NLP/opus-mt-uk-en:'pleasure'; lexical_agreement=0.235; translation retained with transparent model provenance for independent audit.
MANUAL_EMERGENCY_WORK_20260820_SECOND_PASS_V1	MANUAL_EMERGENCY_WORK_20260820_FIRST_PASS_V1	ox5000-f49dfbb082c50aed8b4c	entertaining	adjective	B2	PASS	розважа́льний; заба́вний	PASS: MANUAL_EMERGENCY_WORK second pass rechecked exact Oxford identity/POS/CEFR/stable ID; direct Ukrainian translation from matching English Wiktionary POS section; independent Helsinki-NLP/opus-mt-uk-en reverse='ambiguous'; score=0.286.
MANUAL_EMERGENCY_WORK_20260820_SECOND_PASS_V1	MANUAL_EMERGENCY_WORK_20260820_FIRST_PASS_V1	ox5000-8a474e14891c7a2f46d6	entrepreneur	noun	B2	PASS	підприє́мець; підприє́мниця; антрепрене́р	PASS: MANUAL_EMERGENCY_WORK second pass rechecked exact Oxford identity/POS/CEFR/stable ID; direct Ukrainian translation from matching English Wiktionary POS section; independent Helsinki-NLP/opus-mt-uk-en reverse='slave'; score=0.118.
MANUAL_EMERGENCY_WORK_20260820_SECOND_PASS_V1	MANUAL_EMERGENCY_WORK_20260820_FIRST_PASS_V1	ox5000-9ef7efb306accd10f03f	envelope	noun	B2	PASS	конве́рт; обго́ртка; заго́ртка; оболо́нка	PASS: MANUAL_EMERGENCY_WORK second pass rechecked exact Oxford identity/POS/CEFR/stable ID; direct Ukrainian translation from matching English Wiktionary POS section; independent Helsinki-NLP/opus-mt-uk-en reverse='convert'; score=0.400.
MANUAL_EMERGENCY_WORK_20260820_SECOND_PASS_V1	MANUAL_EMERGENCY_WORK_20260820_FIRST_PASS_V1	ox5000-69666b6f95ecaf8dceb5	equip	verb	B2	PASS	спорядження	PASS: MANUAL_EMERGENCY_WORK second pass rechecked exact Oxford identity/POS/CEFR/stable ID; first pass=Helsinki-NLP/opus-mt-en-uk; independent reverse=Helsinki-NLP/opus-mt-uk-en:'equipment'; lexical_agreement=1.000; translation retained with transparent model provenance for independent audit.
MANUAL_EMERGENCY_WORK_20260820_SECOND_PASS_V1	MANUAL_EMERGENCY_WORK_20260820_FIRST_PASS_V1	ox5000-bedeed830a30bd59f7b8	equivalent	adjective	B2	PASS	рівноці́нний; еквівале́нтний	PASS: MANUAL_EMERGENCY_WORK second pass rechecked exact Oxford identity/POS/CEFR/stable ID; direct Ukrainian translation from matching English Wiktionary POS section; independent Helsinki-NLP/opus-mt-uk-en reverse='equal'; score=0.667.
MANUAL_EMERGENCY_WORK_20260820_SECOND_PASS_V1	MANUAL_EMERGENCY_WORK_20260820_FIRST_PASS_V1	ox5000-eae218cc17da85168d23	equivalent	noun	B2	PASS	відпові́дник; еквівале́нт	PASS: MANUAL_EMERGENCY_WORK second pass rechecked exact Oxford identity/POS/CEFR/stable ID; direct Ukrainian translation from matching English Wiktionary POS section; independent Helsinki-NLP/opus-mt-uk-en reverse='responder'; score=0.211.
MANUAL_EMERGENCY_WORK_20260820_SECOND_PASS_V1	MANUAL_EMERGENCY_WORK_20260820_FIRST_PASS_V1	ox5000-56b353657dba1a61f24a	era	noun	B2	PASS	е́ра; епо́ха	PASS: MANUAL_EMERGENCY_WORK second pass rechecked exact Oxford identity/POS/CEFR/stable ID; direct Ukrainian translation from matching English Wiktionary POS section; independent Helsinki-NLP/opus-mt-uk-en reverse='erʹra'; score=0.750.
MANUAL_EMERGENCY_WORK_20260820_SECOND_PASS_V1	MANUAL_EMERGENCY_WORK_20260820_FIRST_PASS_V1	ox5000-30d669c469a9c6d1e040	erupt	verb	B2	PASS	виверга́ти; виверга́тися	PASS: MANUAL_EMERGENCY_WORK second pass rechecked exact Oxford identity/POS/CEFR/stable ID; direct Ukrainian translation from matching English Wiktionary POS section; independent Helsinki-NLP/opus-mt-uk-en reverse='Eruptions'; score=1.000.
MANUAL_EMERGENCY_WORK_20260820_SECOND_PASS_V1	MANUAL_EMERGENCY_WORK_20260820_FIRST_PASS_V1	ox5000-ad62bcd01b35a0aa8cf5	essentially	adverb	B2	PASS	по су́ті	PASS: MANUAL_EMERGENCY_WORK second pass rechecked exact Oxford identity/POS/CEFR/stable ID; direct Ukrainian translation from matching English Wiktionary POS section; independent Helsinki-NLP/opus-mt-uk-en reverse='by dry'; score=0.118.
MANUAL_EMERGENCY_WORK_20260820_SECOND_PASS_V1	MANUAL_EMERGENCY_WORK_20260820_FIRST_PASS_V1	ox5000-ae44c8e9073abc0a1382	ethic	noun	B2	PASS	етика	PASS: MANUAL_EMERGENCY_WORK second pass rechecked exact Oxford identity/POS/CEFR/stable ID; first pass=Helsinki-NLP/opus-mt-en-uk; independent reverse=Helsinki-NLP/opus-mt-uk-en:'ethics'; lexical_agreement=1.000; translation retained with transparent model provenance for independent audit.
MANUAL_EMERGENCY_WORK_20260820_SECOND_PASS_V1	MANUAL_EMERGENCY_WORK_20260820_FIRST_PASS_V1	ox5000-b5fe4ca0cb57767b5696	ethnic	adjective	B2	PASS	етні́чний	PASS: MANUAL_EMERGENCY_WORK second pass rechecked exact Oxford identity/POS/CEFR/stable ID; direct Ukrainian translation from matching English Wiktionary POS section; independent Helsinki-NLP/opus-mt-uk-en reverse='ethnic'; score=1.000.
MANUAL_EMERGENCY_WORK_20260820_SECOND_PASS_V1	MANUAL_EMERGENCY_WORK_20260820_FIRST_PASS_V1	ox5000-d8b18880e169486d11a5	evaluation	noun	B2	PASS	оці́нка; оці́нювання	PASS: MANUAL_EMERGENCY_WORK second pass rechecked exact Oxford identity/POS/CEFR/stable ID; direct Ukrainian translation from matching English Wiktionary POS section; independent Helsinki-NLP/opus-mt-uk-en reverse='eyelid'; score=0.375.
MANUAL_EMERGENCY_WORK_20260820_SECOND_PASS_V1	MANUAL_EMERGENCY_WORK_20260820_FIRST_PASS_V1	ox5000-38fabc705df782f15f98	evident	adjective	B2	PASS	очевидний; наочний	PASS: MANUAL_EMERGENCY_WORK second pass rechecked exact Oxford identity/POS/CEFR/stable ID; direct Ukrainian translation from matching English Wiktionary POS section; independent Helsinki-NLP/opus-mt-uk-en reverse='obvious'; score=0.286.
MANUAL_EMERGENCY_WORK_20260820_SECOND_PASS_V1	MANUAL_EMERGENCY_WORK_20260820_FIRST_PASS_V1	ox5000-c10da450920e83775e89	evolution	noun	B2	PASS	еволю́ція	PASS: MANUAL_EMERGENCY_WORK second pass rechecked exact Oxford identity/POS/CEFR/stable ID; direct Ukrainian translation from matching English Wiktionary POS section; independent Helsinki-NLP/opus-mt-uk-en reverse='evolution'; score=1.000.
MANUAL_EMERGENCY_WORK_20260820_SECOND_PASS_V1	MANUAL_EMERGENCY_WORK_20260820_FIRST_PASS_V1	ox5000-7ff21e9a0227dd05a0e5	evolve	verb	B2	PASS	розвива́тися; розви́нутись; розви́нутися; еволюціонува́ти	PASS: MANUAL_EMERGENCY_WORK second pass rechecked exact Oxford identity/POS/CEFR/stable ID; direct Ukrainian translation from matching English Wiktionary POS section; independent Helsinki-NLP/opus-mt-uk-en reverse='Develop'; score=0.462.
MANUAL_EMERGENCY_WORK_20260820_SECOND_PASS_V1	MANUAL_EMERGENCY_WORK_20260820_FIRST_PASS_V1	ox5000-a4eb18bbc1606607a948	exceed	verb	B2	PASS	переви́щувати; переви́щити	PASS: MANUAL_EMERGENCY_WORK second pass rechecked exact Oxford identity/POS/CEFR/stable ID; direct Ukrainian translation from matching English Wiktionary POS section; independent Helsinki-NLP/opus-mt-uk-en reverse='Rewind'; score=0.333.
MANUAL_EMERGENCY_WORK_20260820_SECOND_PASS_V1	MANUAL_EMERGENCY_WORK_20260820_FIRST_PASS_V1	ox5000-3eaa6e8cecd547ed3cb7	exception	noun	B2	PASS	ви́ключення; ви́лучення; ви́няток; ви́йняток	PASS: MANUAL_EMERGENCY_WORK second pass rechecked exact Oxford identity/POS/CEFR/stable ID; direct Ukrainian translation from matching English Wiktionary POS section; independent Helsinki-NLP/opus-mt-uk-en reverse='disfellowshipping'; score=0.308.
MANUAL_EMERGENCY_WORK_20260820_SECOND_PASS_V1	MANUAL_EMERGENCY_WORK_20260820_FIRST_PASS_V1	ox5000-f04760f861e36a60749e	excessive	adjective	B2	PASS	надмі́рний; непомі́рний	PASS: MANUAL_EMERGENCY_WORK second pass rechecked exact Oxford identity/POS/CEFR/stable ID; direct Ukrainian translation from matching English Wiktionary POS section; independent Helsinki-NLP/opus-mt-uk-en reverse='super-mixed'; score=0.300.
MANUAL_EMERGENCY_WORK_20260820_SECOND_PASS_V1	MANUAL_EMERGENCY_WORK_20260820_FIRST_PASS_V1	ox5000-7ba09d1c95fa8a9511c4	exclude	verb	B2	PASS	виключа́ти; ви́ключити	PASS: MANUAL_EMERGENCY_WORK second pass rechecked exact Oxford identity/POS/CEFR/stable ID; direct Ukrainian translation from matching English Wiktionary POS section; independent Helsinki-NLP/opus-mt-uk-en reverse='exclude'; score=1.000.
MANUAL_EMERGENCY_WORK_20260820_SECOND_PASS_V1	MANUAL_EMERGENCY_WORK_20260820_FIRST_PASS_V1	ox5000-423378269c32f713c96b	exhibit	noun	B2	PASS	по́каз; експона́т; експози́ція; ви́ставка	PASS: MANUAL_EMERGENCY_WORK second pass rechecked exact Oxford identity/POS/CEFR/stable ID; direct Ukrainian translation from matching English Wiktionary POS section; independent Helsinki-NLP/opus-mt-uk-en reverse='leprosy'; score=0.143.
MANUAL_EMERGENCY_WORK_20260820_SECOND_PASS_V1	MANUAL_EMERGENCY_WORK_20260820_FIRST_PASS_V1	ox5000-31c37db5211ae9d29e59	exhibit	verb	B2	PASS	виставля́ти; ви́ставити; експонува́ти	PASS: MANUAL_EMERGENCY_WORK second pass rechecked exact Oxford identity/POS/CEFR/stable ID; direct Ukrainian translation from matching English Wiktionary POS section; independent Helsinki-NLP/opus-mt-uk-en reverse='Shown'; score=0.167.
MANUAL_EMERGENCY_WORK_20260820_SECOND_PASS_V1	MANUAL_EMERGENCY_WORK_20260820_FIRST_PASS_V1	ox5000-19adc9708cbcd84850ba	exit	noun	B2	PASS	ви́хід; ви́їзд; вихо́дити; ви́йти	PASS: MANUAL_EMERGENCY_WORK second pass rechecked exact Oxford identity/POS/CEFR/stable ID; direct Ukrainian translation from matching English Wiktionary POS section; independent Helsinki-NLP/opus-mt-uk-en reverse='exit'; score=1.000.
MANUAL_EMERGENCY_WORK_20260820_SECOND_PASS_V1	MANUAL_EMERGENCY_WORK_20260820_FIRST_PASS_V1	ox5000-8a0eec8f77097262e252	exotic	adjective	B2	PASS	екзоти́чний	PASS: MANUAL_EMERGENCY_WORK second pass rechecked exact Oxford identity/POS/CEFR/stable ID; direct Ukrainian translation from matching English Wiktionary POS section; independent Helsinki-NLP/opus-mt-uk-en reverse='Exotisical'; score=0.750.
MANUAL_EMERGENCY_WORK_20260820_SECOND_PASS_V1	MANUAL_EMERGENCY_WORK_20260820_FIRST_PASS_V1	ox5000-b02ca5f0dad7df4d2555	expansion	noun	B2	PASS	розши́рення; експа́нсія; поши́рення	PASS: MANUAL_EMERGENCY_WORK second pass rechecked exact Oxford identity/POS/CEFR/stable ID; direct Ukrainian translation from matching English Wiktionary POS section; independent Helsinki-NLP/opus-mt-uk-en reverse='rhizing'; score=0.125.
MANUAL_EMERGENCY_WORK_20260820_SECOND_PASS_V1	MANUAL_EMERGENCY_WORK_20260820_FIRST_PASS_V1	ox5000-db878068101448926700	expertise	noun	B2	PASS	експертиз	PASS: MANUAL_EMERGENCY_WORK second pass rechecked exact Oxford identity/POS/CEFR/stable ID; first pass=Helsinki-NLP/opus-mt-en-uk; independent reverse=Helsinki-NLP/opus-mt-uk-en:'Experts'; lexical_agreement=0.875; translation retained with transparent model provenance for independent audit.
MANUAL_EMERGENCY_WORK_20260820_SECOND_PASS_V1	MANUAL_EMERGENCY_WORK_20260820_FIRST_PASS_V1	ox5000-ef4a7e83e64103fd38d7	exploit	verb	B2	PASS	експлуатувати	PASS: MANUAL_EMERGENCY_WORK second pass rechecked exact Oxford identity/POS/CEFR/stable ID; direct Ukrainian translation from matching English Wiktionary POS section; independent Helsinki-NLP/opus-mt-uk-en reverse='exploit'; score=1.000.
MANUAL_EMERGENCY_WORK_20260820_SECOND_PASS_V1	MANUAL_EMERGENCY_WORK_20260820_FIRST_PASS_V1	ox5000-da3a344a90cc77842f0f	exposure	noun	B2	PASS	експози́ція	PASS: MANUAL_EMERGENCY_WORK second pass rechecked exact Oxford identity/POS/CEFR/stable ID; direct Ukrainian translation from matching English Wiktionary POS section; independent Helsinki-NLP/opus-mt-uk-en reverse='exposure'; score=1.000.
MANUAL_EMERGENCY_WORK_20260820_SECOND_PASS_V1	MANUAL_EMERGENCY_WORK_20260820_FIRST_PASS_V1	ox5000-47ce42b1dcae59990d04	extension	noun	B2	PASS	суфікс	PASS: MANUAL_EMERGENCY_WORK second pass rechecked exact Oxford identity/POS/CEFR/stable ID; first pass=Helsinki-NLP/opus-mt-en-uk; independent reverse=Helsinki-NLP/opus-mt-uk-en:'extension'; lexical_agreement=1.000; translation retained with transparent model provenance for independent audit.
MANUAL_EMERGENCY_WORK_20260820_SECOND_PASS_V1	MANUAL_EMERGENCY_WORK_20260820_FIRST_PASS_V1	ox5000-293e2fc606e4bb1f9c71	extensive	adjective	B2	PASS	обши́рний; широ́кий	PASS: MANUAL_EMERGENCY_WORK second pass rechecked exact Oxford identity/POS/CEFR/stable ID; direct Ukrainian translation from matching English Wiktionary POS section; independent Helsinki-NLP/opus-mt-uk-en reverse='ruffled'; score=0.125.
MANUAL_EMERGENCY_WORK_20260820_SECOND_PASS_V1	MANUAL_EMERGENCY_WORK_20260820_FIRST_PASS_V1	ox5000-0a3468782d34d84170d5	extensively	adverb	B2	PASS	багато	PASS: MANUAL_EMERGENCY_WORK second pass rechecked exact Oxford identity/POS/CEFR/stable ID; first pass=Helsinki-NLP/opus-mt-en-uk; independent reverse=Helsinki-NLP/opus-mt-uk-en:'many'; lexical_agreement=0.267; translation retained with transparent model provenance for independent audit.
MANUAL_EMERGENCY_WORK_20260820_SECOND_PASS_V1	MANUAL_EMERGENCY_WORK_20260820_FIRST_PASS_V1	ox5000-332726e8976ae1dd9d77	extract	noun	B2	PASS	ви́тяг; екстра́кт; ви́тяжка	PASS: MANUAL_EMERGENCY_WORK second pass rechecked exact Oxford identity/POS/CEFR/stable ID; direct Ukrainian translation from matching English Wiktionary POS section; independent Helsinki-NLP/opus-mt-uk-en reverse='pull'; score=0.000.
MANUAL_EMERGENCY_WORK_20260820_SECOND_PASS_V1	MANUAL_EMERGENCY_WORK_20260820_FIRST_PASS_V1	ox5000-0f7caa6befc952d04c09	fabric	noun	B2	PASS	ткани́на	PASS: MANUAL_EMERGENCY_WORK second pass rechecked exact Oxford identity/POS/CEFR/stable ID; direct Ukrainian translation from matching English Wiktionary POS section; independent Helsinki-NLP/opus-mt-uk-en reverse='cloth'; score=0.182.
MANUAL_EMERGENCY_WORK_20260820_SECOND_PASS_V1	MANUAL_EMERGENCY_WORK_20260820_FIRST_PASS_V1	ox5000-ef35efd68f20517aad21	fabulous	adjective	B2	PASS	Дивовижно	PASS: MANUAL_EMERGENCY_WORK second pass rechecked exact Oxford identity/POS/CEFR/stable ID; first pass=Helsinki-NLP/opus-mt-en-uk; independent reverse=Helsinki-NLP/opus-mt-uk-en:'Amazing'; lexical_agreement=0.133; translation retained with transparent model provenance for independent audit.
MANUAL_EMERGENCY_WORK_20260820_SECOND_PASS_V1	MANUAL_EMERGENCY_WORK_20260820_FIRST_PASS_V1	ox5000-17a2d8b159c132a215ea	failed	adjective	B2	PASS	невдало	PASS: MANUAL_EMERGENCY_WORK second pass rechecked exact Oxford identity/POS/CEFR/stable ID; first pass=Helsinki-NLP/opus-mt-en-uk; independent reverse=Helsinki-NLP/opus-mt-uk-en:'failed'; lexical_agreement=1.000; translation retained with transparent model provenance for independent audit.
MANUAL_EMERGENCY_WORK_20260820_SECOND_PASS_V1	MANUAL_EMERGENCY_WORK_20260820_FIRST_PASS_V1	ox5000-2134f21a7877889bc152	fake	adjective	B2	PASS	фальши́вий; підро́блений; фе́йковий; підро́бка	PASS: MANUAL_EMERGENCY_WORK second pass rechecked exact Oxford identity/POS/CEFR/stable ID; direct Ukrainian translation from matching English Wiktionary POS section; independent Helsinki-NLP/opus-mt-uk-en reverse='False'; score=0.667.
MANUAL_EMERGENCY_WORK_20260820_SECOND_PASS_V1	MANUAL_EMERGENCY_WORK_20260820_FIRST_PASS_V1	ox5000-af9f6fc2822a5032991b	fame	noun	B2	PASS	сла́ва; відо́мість	PASS: MANUAL_EMERGENCY_WORK second pass rechecked exact Oxford identity/POS/CEFR/stable ID; direct Ukrainian translation from matching English Wiktionary POS section; independent Helsinki-NLP/opus-mt-uk-en reverse='Glow'; score=0.000.
MANUAL_EMERGENCY_WORK_20260820_SECOND_PASS_V1	MANUAL_EMERGENCY_WORK_20260820_FIRST_PASS_V1	ox5000-5838fae45af6b7342ff4	fantasy	noun	B2	PASS	фанта́зія; уя́ва; уя́влення; ви́мисел	PASS: MANUAL_EMERGENCY_WORK second pass rechecked exact Oxford identity/POS/CEFR/stable ID; direct Ukrainian translation from matching English Wiktionary POS section; independent Helsinki-NLP/opus-mt-uk-en reverse='Fantasy'; score=1.000.
MANUAL_EMERGENCY_WORK_20260820_SECOND_PASS_V1	MANUAL_EMERGENCY_WORK_20260820_FIRST_PASS_V1	ox5000-e62ff1e0d169e7695c4a	fare	noun	B2	PASS	тариф	PASS: MANUAL_EMERGENCY_WORK second pass rechecked exact Oxford identity/POS/CEFR/stable ID; first pass=Helsinki-NLP/opus-mt-en-uk; independent reverse=Helsinki-NLP/opus-mt-uk-en:'tariff'; lexical_agreement=0.400; translation retained with transparent model provenance for independent audit.
MANUAL_EMERGENCY_WORK_20260820_SECOND_PASS_V1	MANUAL_EMERGENCY_WORK_20260820_FIRST_PASS_V1	ox5000-5c5f6469717804efa6ca	federal	adjective	B2	PASS	федерати́вний	PASS: MANUAL_EMERGENCY_WORK second pass rechecked exact Oxford identity/POS/CEFR/stable ID; direct Ukrainian translation from matching English Wiktionary POS section; independent Helsinki-NLP/opus-mt-uk-en reverse='Federal'; score=1.000.
MANUAL_EMERGENCY_WORK_20260820_SECOND_PASS_V1	MANUAL_EMERGENCY_WORK_20260820_FIRST_PASS_V1	ox5000-6da150f86ef5e4cdec6d	fever	noun	B2	PASS	гаря́чка; лихома́нка; температу́ра; жар	PASS: MANUAL_EMERGENCY_WORK second pass rechecked exact Oxford identity/POS/CEFR/stable ID; direct Ukrainian translation from matching English Wiktionary POS section; independent Helsinki-NLP/opus-mt-uk-en reverse='growl'; score=0.200.
MANUAL_EMERGENCY_WORK_20260820_SECOND_PASS_V1	MANUAL_EMERGENCY_WORK_20260820_FIRST_PASS_V1	ox5000-b780af72eaa52c9bcfa6	firefighter	noun	B2	PASS	поже́жник; поже́жний; вогнебо́рець	PASS: MANUAL_EMERGENCY_WORK second pass rechecked exact Oxford identity/POS/CEFR/stable ID; direct Ukrainian translation from matching English Wiktionary POS section; independent Helsinki-NLP/opus-mt-uk-en reverse='firecracker'; score=0.545.
MANUAL_EMERGENCY_WORK_20260820_SECOND_PASS_V1	MANUAL_EMERGENCY_WORK_20260820_FIRST_PASS_V1	ox5000-6e881b75f8a8d383a4fe	firework	noun	B2	PASS	феєрве́рк; вогнегра́й	PASS: MANUAL_EMERGENCY_WORK second pass rechecked exact Oxford identity/POS/CEFR/stable ID; direct Ukrainian translation from matching English Wiktionary POS section; independent Helsinki-NLP/opus-mt-uk-en reverse='Feerwek'; score=0.533.
MANUAL_EMERGENCY_WORK_20260820_SECOND_PASS_V1	MANUAL_EMERGENCY_WORK_20260820_FIRST_PASS_V1	ox5000-e8f9305cf8015bbc5cee	firm	adjective	B2	PASS	стійки́й; непохи́тний; тверди́й	PASS: MANUAL_EMERGENCY_WORK second pass rechecked exact Oxford identity/POS/CEFR/stable ID; direct Ukrainian translation from matching English Wiktionary POS section; independent Helsinki-NLP/opus-mt-uk-en reverse='stand firm'; score=1.000.
MANUAL_EMERGENCY_WORK_20260820_SECOND_PASS_V1	MANUAL_EMERGENCY_WORK_20260820_FIRST_PASS_V1	ox5000-4f6617b9287ff2da9ea7	firmly	adverb	B2	PASS	твердо	PASS: MANUAL_EMERGENCY_WORK second pass rechecked exact Oxford identity/POS/CEFR/stable ID; first pass=Helsinki-NLP/opus-mt-en-uk; independent reverse=Helsinki-NLP/opus-mt-uk-en:'solid'; lexical_agreement=0.182; translation retained with transparent model provenance for independent audit.
MANUAL_EMERGENCY_WORK_20260820_SECOND_PASS_V1	MANUAL_EMERGENCY_WORK_20260820_FIRST_PASS_V1	ox5000-bd79c052fa5d352fbb27	flavour	noun	B2	PASS	flavour	PASS: MANUAL_EMERGENCY_WORK second pass rechecked exact Oxford identity/POS/CEFR/stable ID; first pass=Helsinki-NLP/opus-mt-en-uk; independent reverse=Helsinki-NLP/opus-mt-uk-en:'flavour'; lexical_agreement=1.000; translation retained with transparent model provenance for independent audit.
MANUAL_EMERGENCY_WORK_20260820_SECOND_PASS_V1	MANUAL_EMERGENCY_WORK_20260820_FIRST_PASS_V1	ox5000-cc984d8d5615f983c4c8	fond	adjective	B2	PASS	люблячий; ніжний	PASS: MANUAL_EMERGENCY_WORK second pass rechecked exact Oxford identity/POS/CEFR/stable ID; direct Ukrainian translation from matching English Wiktionary POS section; independent Helsinki-NLP/opus-mt-uk-en reverse='Loving'; score=0.400.
MANUAL_EMERGENCY_WORK_20260820_SECOND_PASS_V1	MANUAL_EMERGENCY_WORK_20260820_FIRST_PASS_V1	ox5000-afa74ec045528b9642d4	fool	noun	B2	PASS	ду́рень; те́лепень; йо́лоп; кеп	PASS: MANUAL_EMERGENCY_WORK second pass rechecked exact Oxford identity/POS/CEFR/stable ID; direct Ukrainian translation from matching English Wiktionary POS section; independent Helsinki-NLP/opus-mt-uk-en reverse='dune'; score=0.000.
MANUAL_EMERGENCY_WORK_20260820_SECOND_PASS_V1	MANUAL_EMERGENCY_WORK_20260820_FIRST_PASS_V1	ox5000-e74afd4a21b32dd7948a	forbid	verb	B2	PASS	забороня́ти; заборони́ти	PASS: MANUAL_EMERGENCY_WORK second pass rechecked exact Oxford identity/POS/CEFR/stable ID; direct Ukrainian translation from matching English Wiktionary POS section; independent Helsinki-NLP/opus-mt-uk-en reverse='Bans'; score=0.200.
MANUAL_EMERGENCY_WORK_20260820_SECOND_PASS_V1	MANUAL_EMERGENCY_WORK_20260820_FIRST_PASS_V1	ox5000-8f0a5905b743e6145587	forecast	noun	B2	PASS	прогно́з; передба́чення	PASS: MANUAL_EMERGENCY_WORK second pass rechecked exact Oxford identity/POS/CEFR/stable ID; direct Ukrainian translation from matching English Wiktionary POS section; independent Helsinki-NLP/opus-mt-uk-en reverse='forecast'; score=1.000.
MANUAL_EMERGENCY_WORK_20260820_SECOND_PASS_V1	MANUAL_EMERGENCY_WORK_20260820_FIRST_PASS_V1	ox5000-3a0f5941248926ec1d37	forecast	verb	B2	PASS	передбача́ти; передба́чити; прогнозува́ти; спрогнозува́ти	PASS: MANUAL_EMERGENCY_WORK second pass rechecked exact Oxford identity/POS/CEFR/stable ID; direct Ukrainian translation from matching English Wiktionary POS section; independent Helsinki-NLP/opus-mt-uk-en reverse='Foregleams'; score=0.667.
MANUAL_EMERGENCY_WORK_20260820_SECOND_PASS_V1	MANUAL_EMERGENCY_WORK_20260820_FIRST_PASS_V1	ox5000-727991f6048fe8ce77d0	foreigner	noun	C1	PASS	інозе́мець; інозе́мка; чужозе́мець; чужозе́мка	PASS: MANUAL_EMERGENCY_WORK second pass rechecked exact Oxford identity/POS/CEFR/stable ID; direct Ukrainian translation from matching English Wiktionary POS section; independent Helsinki-NLP/opus-mt-uk-en reverse='innocémic'; score=0.222.
MANUAL_EMERGENCY_WORK_20260820_SECOND_PASS_V1	MANUAL_EMERGENCY_WORK_20260820_FIRST_PASS_V1	ox5000-0ca7565db377e67a8c2c	format	noun	B2	PASS	формат	PASS: MANUAL_EMERGENCY_WORK second pass rechecked exact Oxford identity/POS/CEFR/stable ID; first pass=Helsinki-NLP/opus-mt-en-uk; independent reverse=Helsinki-NLP/opus-mt-uk-en:'format'; lexical_agreement=1.000; translation retained with transparent model provenance for independent audit.
MANUAL_EMERGENCY_WORK_20260820_SECOND_PASS_V1	MANUAL_EMERGENCY_WORK_20260820_FIRST_PASS_V1	ox5000-44a935daea3b2b80e426	formation	noun	B2	PASS	формування	PASS: MANUAL_EMERGENCY_WORK second pass rechecked exact Oxford identity/POS/CEFR/stable ID; first pass=Helsinki-NLP/opus-mt-en-uk; independent reverse=Helsinki-NLP/opus-mt-uk-en:'molding'; lexical_agreement=0.375; translation retained with transparent model provenance for independent audit.
MANUAL_EMERGENCY_WORK_20260820_SECOND_PASS_V1	MANUAL_EMERGENCY_WORK_20260820_FIRST_PASS_V1	ox5000-364abe382625d64bbd07	formerly	adverb	B2	PASS	Раніше	PASS: MANUAL_EMERGENCY_WORK second pass rechecked exact Oxford identity/POS/CEFR/stable ID; first pass=Helsinki-NLP/opus-mt-en-uk; independent reverse=Helsinki-NLP/opus-mt-uk-en:'Earlier'; lexical_agreement=0.400; translation retained with transparent model provenance for independent audit.
MANUAL_EMERGENCY_WORK_20260820_SECOND_PASS_V1	MANUAL_EMERGENCY_WORK_20260820_FIRST_PASS_V1	ox5000-99537d5150d0cdb742b2	formula	noun	C1	PASS	фо́рмула	PASS: MANUAL_EMERGENCY_WORK second pass rechecked exact Oxford identity/POS/CEFR/stable ID; direct Ukrainian translation from matching English Wiktionary POS section; independent Helsinki-NLP/opus-mt-uk-en reverse='Fórmula'; score=0.857.
MANUAL_EMERGENCY_WORK_20260820_SECOND_PASS_V1	MANUAL_EMERGENCY_WORK_20260820_FIRST_PASS_V1	ox5000-9f9486a0d8382b5782ea	fortunate	adjective	B2	PASS	щастило	PASS: MANUAL_EMERGENCY_WORK second pass rechecked exact Oxford identity/POS/CEFR/stable ID; first pass=Helsinki-NLP/opus-mt-en-uk; independent reverse=Helsinki-NLP/opus-mt-uk-en:'lucky'; lexical_agreement=0.143; translation retained with transparent model provenance for independent audit.
MANUAL_EMERGENCY_WORK_20260820_SECOND_PASS_V1	MANUAL_EMERGENCY_WORK_20260820_FIRST_PASS_V1	ox5000-51f9239c5d82f1daf597	forum	noun	B2	PASS	фо́рум	PASS: MANUAL_EMERGENCY_WORK second pass rechecked exact Oxford identity/POS/CEFR/stable ID; direct Ukrainian translation from matching English Wiktionary POS section; independent Helsinki-NLP/opus-mt-uk-en reverse='Phoʹrum'; score=0.667.
MANUAL_EMERGENCY_WORK_20260820_SECOND_PASS_V1	MANUAL_EMERGENCY_WORK_20260820_FIRST_PASS_V1	ox5000-fdfbff9a3658ec4c47d7	fossil	noun	B2	PASS	копа́лина; скам'яні́лість; фосі́лія	PASS: MANUAL_EMERGENCY_WORK second pass rechecked exact Oxford identity/POS/CEFR/stable ID; direct Ukrainian translation from matching English Wiktionary POS section; independent Helsinki-NLP/opus-mt-uk-en reverse='The Mine'; score=0.143.
MANUAL_EMERGENCY_WORK_20260820_SECOND_PASS_V1	MANUAL_EMERGENCY_WORK_20260820_FIRST_PASS_V1	ox5000-3826a189ea9ac3d0931e	foundation	noun	B2	PASS	заснува́ння; фунда́мент; осно́ва; ба́зис	PASS: MANUAL_EMERGENCY_WORK second pass rechecked exact Oxford identity/POS/CEFR/stable ID; direct Ukrainian translation from matching English Wiktionary POS section; independent Helsinki-NLP/opus-mt-uk-en reverse='Inflammation'; score=0.545.
MANUAL_EMERGENCY_WORK_20260820_SECOND_PASS_V1	MANUAL_EMERGENCY_WORK_20260820_FIRST_PASS_V1	ox5000-01eabf8856766ebc8e63	founder	noun	B2	PASS	засно́вник; засно́вниця; фунда́тор; фунда́торка	PASS: MANUAL_EMERGENCY_WORK second pass rechecked exact Oxford identity/POS/CEFR/stable ID; direct Ukrainian translation from matching English Wiktionary POS section; independent Helsinki-NLP/opus-mt-uk-en reverse='drafter'; score=0.429.
MANUAL_EMERGENCY_WORK_20260820_SECOND_PASS_V1	MANUAL_EMERGENCY_WORK_20260820_FIRST_PASS_V1	ox5000-1bc4348190f7b6ca8ea3	fraction	noun	B2	PASS	части́на; дріб	PASS: MANUAL_EMERGENCY_WORK second pass rechecked exact Oxford identity/POS/CEFR/stable ID; direct Ukrainian translation from matching English Wiktionary POS section; independent Helsinki-NLP/opus-mt-uk-en reverse='particle'; score=0.375.
MANUAL_EMERGENCY_WORK_20260820_SECOND_PASS_V1	MANUAL_EMERGENCY_WORK_20260820_FIRST_PASS_V1	ox5000-29bed3900aea762df21c	fragment	noun	B2	PASS	шмат; шмато́к; кусо́к; ку́сень	PASS: MANUAL_EMERGENCY_WORK second pass rechecked exact Oxford identity/POS/CEFR/stable ID; direct Ukrainian translation from matching English Wiktionary POS section; independent Helsinki-NLP/opus-mt-uk-en reverse='chunk'; score=0.154.
MANUAL_EMERGENCY_WORK_20260820_SECOND_PASS_V1	MANUAL_EMERGENCY_WORK_20260820_FIRST_PASS_V1	ox5000-8eb2e0b61582abcd29fd	framework	noun	B2	PASS	оболонка	PASS: MANUAL_EMERGENCY_WORK second pass rechecked exact Oxford identity/POS/CEFR/stable ID; first pass=Helsinki-NLP/opus-mt-en-uk; independent reverse=Helsinki-NLP/opus-mt-uk-en:'shell'; lexical_agreement=0.143; translation retained with transparent model provenance for independent audit.
MANUAL_EMERGENCY_WORK_20260820_SECOND_PASS_V1	MANUAL_EMERGENCY_WORK_20260820_FIRST_PASS_V1	ox5000-d11ee536f206623dd9f9	fraud	noun	B2	PASS	шахра́йство; шахра́й	PASS: MANUAL_EMERGENCY_WORK second pass rechecked exact Oxford identity/POS/CEFR/stable ID; direct Ukrainian translation from matching English Wiktionary POS section; independent Helsinki-NLP/opus-mt-uk-en reverse='cheating'; score=0.154.
MANUAL_EMERGENCY_WORK_20260820_SECOND_PASS_V1	MANUAL_EMERGENCY_WORK_20260820_FIRST_PASS_V1	ox5000-a2f3332e44595061040d	freely	adverb	B2	PASS	ві́льно	PASS: MANUAL_EMERGENCY_WORK second pass rechecked exact Oxford identity/POS/CEFR/stable ID; direct Ukrainian translation from matching English Wiktionary POS section; independent Helsinki-NLP/opus-mt-uk-en reverse='heavy'; score=0.364.
MANUAL_EMERGENCY_WORK_20260820_SECOND_PASS_V1	MANUAL_EMERGENCY_WORK_20260820_FIRST_PASS_V1	ox5000-af3d7f706d9de6258253	frequent	adjective	B2	PASS	ча́стий	PASS: MANUAL_EMERGENCY_WORK second pass rechecked exact Oxford identity/POS/CEFR/stable ID; direct Ukrainian translation from matching English Wiktionary POS section; independent Helsinki-NLP/opus-mt-uk-en reverse='green'; score=0.615.
MANUAL_EMERGENCY_WORK_20260820_SECOND_PASS_V1	MANUAL_EMERGENCY_WORK_20260820_FIRST_PASS_V1	ox5000-7d8f5e0b4363007ea90f	fulfil	verb	B2	PASS	Задоволення	PASS: MANUAL_EMERGENCY_WORK second pass rechecked exact Oxford identity/POS/CEFR/stable ID; first pass=Helsinki-NLP/opus-mt-en-uk; independent reverse=Helsinki-NLP/opus-mt-uk-en:'Satisfaction'; lexical_agreement=0.222; translation retained with transparent model provenance for independent audit.
MANUAL_EMERGENCY_WORK_20260820_SECOND_PASS_V1	MANUAL_EMERGENCY_WORK_20260820_FIRST_PASS_V1	ox5000-842908a0c1db6a162da8	full-time	adjective	B2	PASS	пості́йна робо́та	PASS: MANUAL_EMERGENCY_WORK second pass rechecked exact Oxford identity/POS/CEFR/stable ID; direct Ukrainian translation from matching English Wiktionary POS section; independent Helsinki-NLP/opus-mt-uk-en reverse='Powdered Roboth'; score=0.167.
MANUAL_EMERGENCY_WORK_20260820_SECOND_PASS_V1	MANUAL_EMERGENCY_WORK_20260820_FIRST_PASS_V1	ox5000-02b2b92d62fbdb8d9849	full-time	adverb	B2	PASS	весь час	PASS: MANUAL_EMERGENCY_WORK second pass rechecked exact Oxford identity/POS/CEFR/stable ID; first pass=Helsinki-NLP/opus-mt-en-uk; independent reverse=Helsinki-NLP/opus-mt-uk-en:'all the time'; lexical_agreement=0.667; translation retained with transparent model provenance for independent audit.
MANUAL_EMERGENCY_WORK_20260820_SECOND_PASS_V1	MANUAL_EMERGENCY_WORK_20260820_FIRST_PASS_V1	ox5000-40c7d5e1dedb6b8d1d14	fundamentally	adverb	B2	PASS	фундаментально	PASS: MANUAL_EMERGENCY_WORK second pass rechecked exact Oxford identity/POS/CEFR/stable ID; first pass=Helsinki-NLP/opus-mt-en-uk; independent reverse=Helsinki-NLP/opus-mt-uk-en:'fundamental'; lexical_agreement=1.000; translation retained with transparent model provenance for independent audit.
MANUAL_EMERGENCY_WORK_20260820_SECOND_PASS_V1	MANUAL_EMERGENCY_WORK_20260820_FIRST_PASS_V1	ox5000-f0d18f20e6160ed0969d	furious	adjective	B2	PASS	шале́ний; роз'ю́шений; розлюто́ваний	PASS: MANUAL_EMERGENCY_WORK second pass rechecked exact Oxford identity/POS/CEFR/stable ID; direct Ukrainian translation from matching English Wiktionary POS section; independent Helsinki-NLP/opus-mt-uk-en reverse='gile'; score=0.182.
MANUAL_EMERGENCY_WORK_20260820_SECOND_PASS_V1	MANUAL_EMERGENCY_WORK_20260820_FIRST_PASS_V1	ox5000-19dcdb5e045a76a294ff	gaming	noun	B2	PASS	ігрові ігри	PASS: MANUAL_EMERGENCY_WORK second pass rechecked exact Oxford identity/POS/CEFR/stable ID; first pass=Helsinki-NLP/opus-mt-en-uk; independent reverse=Helsinki-NLP/opus-mt-uk-en:'game games'; lexical_agreement=0.500; translation retained with transparent model provenance for independent audit.
MANUAL_EMERGENCY_WORK_20260820_SECOND_PASS_V1	MANUAL_EMERGENCY_WORK_20260820_FIRST_PASS_V1	ox5000-75514d52c27e0f4cd7f7	gay	adjective	B2	PASS	ґей; гомосексуа́л	PASS: MANUAL_EMERGENCY_WORK second pass rechecked exact Oxford identity/POS/CEFR/stable ID; direct Ukrainian translation from matching English Wiktionary POS section; independent Helsinki-NLP/opus-mt-uk-en reverse='gay'; score=1.000.
MANUAL_EMERGENCY_WORK_20260820_SECOND_PASS_V1	MANUAL_EMERGENCY_WORK_20260820_FIRST_PASS_V1	ox5000-59f5f085529f2ddbf319	gender	noun	B2	PASS	стать; ге́ндер; ґе́ндер; рід	PASS: MANUAL_EMERGENCY_WORK second pass rechecked exact Oxford identity/POS/CEFR/stable ID; direct Ukrainian translation from matching English Wiktionary POS section; independent Helsinki-NLP/opus-mt-uk-en reverse='gender'; score=1.000.
MANUAL_EMERGENCY_WORK_20260820_SECOND_PASS_V1	MANUAL_EMERGENCY_WORK_20260820_FIRST_PASS_V1	ox5000-46c3d06bb042acc4ae37	gene	noun	B2	PASS	ген; спадко́вень	PASS: MANUAL_EMERGENCY_WORK second pass rechecked exact Oxford identity/POS/CEFR/stable ID; direct Ukrainian translation from matching English Wiktionary POS section; independent Helsinki-NLP/opus-mt-uk-en reverse='gene'; score=1.000.
MANUAL_EMERGENCY_WORK_20260820_SECOND_PASS_V1	MANUAL_EMERGENCY_WORK_20260820_FIRST_PASS_V1	ox5000-94877a610fe8476c7f15	genetic	adjective	B2	PASS	генети́чний	PASS: MANUAL_EMERGENCY_WORK second pass rechecked exact Oxford identity/POS/CEFR/stable ID; direct Ukrainian translation from matching English Wiktionary POS section; independent Helsinki-NLP/opus-mt-uk-en reverse='genetic'; score=1.000.
MANUAL_EMERGENCY_WORK_20260820_SECOND_PASS_V1	MANUAL_EMERGENCY_WORK_20260820_FIRST_PASS_V1	ox5000-38ca77b3038a730f48dc	genius	noun	B2	PASS	ге́ній; геніа́льність	PASS: MANUAL_EMERGENCY_WORK second pass rechecked exact Oxford identity/POS/CEFR/stable ID; direct Ukrainian translation from matching English Wiktionary POS section; independent Helsinki-NLP/opus-mt-uk-en reverse='geʹnium'; score=0.769.
MANUAL_EMERGENCY_WORK_20260820_SECOND_PASS_V1	MANUAL_EMERGENCY_WORK_20260820_FIRST_PASS_V1	ox5000-05655f6fadd0b485ca75	genuine	adjective	B2	PASS	спра́вжній	PASS: MANUAL_EMERGENCY_WORK second pass rechecked exact Oxford identity/POS/CEFR/stable ID; direct Ukrainian translation from matching English Wiktionary POS section; independent Helsinki-NLP/opus-mt-uk-en reverse='question'; score=0.267.
MANUAL_EMERGENCY_WORK_20260820_SECOND_PASS_V1	MANUAL_EMERGENCY_WORK_20260820_FIRST_PASS_V1	ox5000-80a11eeb9358a7e9644e	genuinely	adverb	B2	PASS	Справді.	PASS: MANUAL_EMERGENCY_WORK second pass rechecked exact Oxford identity/POS/CEFR/stable ID; first pass=Helsinki-NLP/opus-mt-en-uk; independent reverse=Helsinki-NLP/opus-mt-uk-en:'Really.'; lexical_agreement=0.400; translation retained with transparent model provenance for independent audit.
MANUAL_EMERGENCY_WORK_20260820_SECOND_PASS_V1	MANUAL_EMERGENCY_WORK_20260820_FIRST_PASS_V1	ox5000-50d8b4ca875ee4a7096d	gesture	noun	B2	PASS	жест; ві́друх	PASS: MANUAL_EMERGENCY_WORK second pass rechecked exact Oxford identity/POS/CEFR/stable ID; direct Ukrainian translation from matching English Wiktionary POS section; independent Helsinki-NLP/opus-mt-uk-en reverse='gesture'; score=1.000.
MANUAL_EMERGENCY_WORK_20260820_SECOND_PASS_V1	MANUAL_EMERGENCY_WORK_20260820_FIRST_PASS_V1	ox5000-0910ae2efee31d9ab3a4	gig	noun	B2	PASS	джойстик	PASS: MANUAL_EMERGENCY_WORK second pass rechecked exact Oxford identity/POS/CEFR/stable ID; first pass=Helsinki-NLP/opus-mt-en-uk; independent reverse=Helsinki-NLP/opus-mt-uk-en:'joystick'; lexical_agreement=0.182; translation retained with transparent model provenance for independent audit.
MANUAL_EMERGENCY_WORK_20260820_SECOND_PASS_V1	MANUAL_EMERGENCY_WORK_20260820_FIRST_PASS_V1	ox5000-127e5b46dd0bae6f7a06	glance	noun	C1	PASS	по́гляд	PASS: MANUAL_EMERGENCY_WORK second pass rechecked exact Oxford identity/POS/CEFR/stable ID; direct Ukrainian translation from matching English Wiktionary POS section; independent Helsinki-NLP/opus-mt-uk-en reverse='peer'; score=0.200.
MANUAL_EMERGENCY_WORK_20260820_SECOND_PASS_V1	MANUAL_EMERGENCY_WORK_20260820_FIRST_PASS_V1	ox5000-7a202570f29a7f4daf74	glance	verb	C1	PASS	гля́нути; по́гляд	PASS: MANUAL_EMERGENCY_WORK second pass rechecked exact Oxford identity/POS/CEFR/stable ID; direct Ukrainian translation from matching English Wiktionary POS section; independent Helsinki-NLP/opus-mt-uk-en reverse='gling'; score=0.545.
MANUAL_EMERGENCY_WORK_20260820_SECOND_PASS_V1	MANUAL_EMERGENCY_WORK_20260820_FIRST_PASS_V1	ox5000-78a493bf921bb7477c7c	glimpse	noun	C1	PASS	light	PASS: MANUAL_EMERGENCY_WORK second pass rechecked exact Oxford identity/POS/CEFR/stable ID; first pass=Helsinki-NLP/opus-mt-en-uk; independent reverse=Helsinki-NLP/opus-mt-uk-en:'light'; lexical_agreement=0.333; translation retained with transparent model provenance for independent audit.
MANUAL_EMERGENCY_WORK_20260820_SECOND_PASS_V1	MANUAL_EMERGENCY_WORK_20260820_FIRST_PASS_V1	ox5000-2a12e5e092f583e5e7b5	globalization	noun	B2	PASS	глобалізація	PASS: MANUAL_EMERGENCY_WORK second pass rechecked exact Oxford identity/POS/CEFR/stable ID; first pass=Helsinki-NLP/opus-mt-en-uk; independent reverse=Helsinki-NLP/opus-mt-uk-en:'globalization'; lexical_agreement=1.000; translation retained with transparent model provenance for independent audit.
MANUAL_EMERGENCY_WORK_20260820_SECOND_PASS_V1	MANUAL_EMERGENCY_WORK_20260820_FIRST_PASS_V1	ox5000-2c70ba897b47d73650bb	globe	noun	B2	PASS	ку́ля; сфе́ра; гло́бус	PASS: MANUAL_EMERGENCY_WORK second pass rechecked exact Oxford identity/POS/CEFR/stable ID; direct Ukrainian translation from matching English Wiktionary POS section; independent Helsinki-NLP/opus-mt-uk-en reverse='Coal'; score=0.222.
MANUAL_EMERGENCY_WORK_20260820_SECOND_PASS_V1	MANUAL_EMERGENCY_WORK_20260820_FIRST_PASS_V1	ox5000-c4006c27fe4f74c08ec9	golden	adjective	B2	PASS	золоти́й	PASS: MANUAL_EMERGENCY_WORK second pass rechecked exact Oxford identity/POS/CEFR/stable ID; direct Ukrainian translation from matching English Wiktionary POS section; independent Helsinki-NLP/opus-mt-uk-en reverse='Gold'; score=1.000.
MANUAL_EMERGENCY_WORK_20260820_SECOND_PASS_V1	MANUAL_EMERGENCY_WORK_20260820_FIRST_PASS_V1	ox5000-29f67b0d52a0d9907076	goodness	noun	B2	PASS	Доброта	PASS: MANUAL_EMERGENCY_WORK second pass rechecked exact Oxford identity/POS/CEFR/stable ID; first pass=Helsinki-NLP/opus-mt-en-uk; independent reverse=Helsinki-NLP/opus-mt-uk-en:'Kindness'; lexical_agreement=0.625; translation retained with transparent model provenance for independent audit.
MANUAL_EMERGENCY_WORK_20260820_SECOND_PASS_V1	MANUAL_EMERGENCY_WORK_20260820_FIRST_PASS_V1	ox5000-8645840cb5bbd2168ad2	gorgeous	adjective	B2	PASS	розкішна	PASS: MANUAL_EMERGENCY_WORK second pass rechecked exact Oxford identity/POS/CEFR/stable ID; first pass=Helsinki-NLP/opus-mt-en-uk; independent reverse=Helsinki-NLP/opus-mt-uk-en:'luxury'; lexical_agreement=0.143; translation retained with transparent model provenance for independent audit.
MANUAL_EMERGENCY_WORK_20260820_SECOND_PASS_V1	MANUAL_EMERGENCY_WORK_20260820_FIRST_PASS_V1	ox5000-4e4e1337cc88e43cc243	governor	noun	B2	PASS	губерна́тор; губерна́торка; регуля́тор	PASS: MANUAL_EMERGENCY_WORK second pass rechecked exact Oxford identity/POS/CEFR/stable ID; direct Ukrainian translation from matching English Wiktionary POS section; independent Helsinki-NLP/opus-mt-uk-en reverse='rhyrnaʹtor'; score=0.444.
MANUAL_EMERGENCY_WORK_20260820_SECOND_PASS_V1	MANUAL_EMERGENCY_WORK_20260820_FIRST_PASS_V1	ox5000-9fa3b95bc325a8e5a0bc	graphic	adjective	B2	PASS	графі́чний	PASS: MANUAL_EMERGENCY_WORK second pass rechecked exact Oxford identity/POS/CEFR/stable ID; direct Ukrainian translation from matching English Wiktionary POS section; independent Helsinki-NLP/opus-mt-uk-en reverse='graphic'; score=1.000.
MANUAL_EMERGENCY_WORK_20260820_SECOND_PASS_V1	MANUAL_EMERGENCY_WORK_20260820_FIRST_PASS_V1	ox5000-f6db7a1824f60f3e32a1	graphics	noun	B2	PASS	гра́фіка	PASS: MANUAL_EMERGENCY_WORK second pass rechecked exact Oxford identity/POS/CEFR/stable ID; direct Ukrainian translation from matching English Wiktionary POS section; independent Helsinki-NLP/opus-mt-uk-en reverse='gʹfa'; score=0.333.
MANUAL_EMERGENCY_WORK_20260820_SECOND_PASS_V1	MANUAL_EMERGENCY_WORK_20260820_FIRST_PASS_V1	ox5000-f20da69ea37da6663eb9	greatly	adverb	B2	PASS	дуже добре.	PASS: MANUAL_EMERGENCY_WORK second pass rechecked exact Oxford identity/POS/CEFR/stable ID; first pass=Helsinki-NLP/opus-mt-en-uk; independent reverse=Helsinki-NLP/opus-mt-uk-en:'Very good.'; lexical_agreement=0.125; translation retained with transparent model provenance for independent audit.
MANUAL_EMERGENCY_WORK_20260820_SECOND_PASS_V1	MANUAL_EMERGENCY_WORK_20260820_FIRST_PASS_V1	ox5000-b31fc31f4e51a7bcac20	greenhouse	noun	B2	PASS	тепли́ця; оранжере́я; парни́к	PASS: MANUAL_EMERGENCY_WORK second pass rechecked exact Oxford identity/POS/CEFR/stable ID; direct Ukrainian translation from matching English Wiktionary POS section; independent Helsinki-NLP/opus-mt-uk-en reverse='greenhouse'; score=1.000.
MANUAL_EMERGENCY_WORK_20260820_SECOND_PASS_V1	MANUAL_EMERGENCY_WORK_20260820_FIRST_PASS_V1	ox5000-ff9332c8a6a6a58fb82f	grocery	noun	B2	PASS	Продукти	PASS: MANUAL_EMERGENCY_WORK second pass rechecked exact Oxford identity/POS/CEFR/stable ID; first pass=Helsinki-NLP/opus-mt-en-uk; independent reverse=Helsinki-NLP/opus-mt-uk-en:'Products'; lexical_agreement=0.400; translation retained with transparent model provenance for independent audit.
MANUAL_EMERGENCY_WORK_20260820_SECOND_PASS_V1	MANUAL_EMERGENCY_WORK_20260820_FIRST_PASS_V1	ox5000-889e167db140abcc55ee	guideline	noun	B2	PASS	директи́ва; указі́вка	PASS: MANUAL_EMERGENCY_WORK second pass rechecked exact Oxford identity/POS/CEFR/stable ID; direct Ukrainian translation from matching English Wiktionary POS section; independent Helsinki-NLP/opus-mt-uk-en reverse='directive'; score=0.444.
MANUAL_EMERGENCY_WORK_20260820_SECOND_PASS_V1	MANUAL_EMERGENCY_WORK_20260820_FIRST_PASS_V1	ox5000-196e7e40d3dea9806f88	habitat	noun	B2	PASS	ареал	PASS: MANUAL_EMERGENCY_WORK second pass rechecked exact Oxford identity/POS/CEFR/stable ID; first pass=Helsinki-NLP/opus-mt-en-uk; independent reverse=Helsinki-NLP/opus-mt-uk-en:'area'; lexical_agreement=0.364; translation retained with transparent model provenance for independent audit.
MANUAL_EMERGENCY_WORK_20260820_SECOND_PASS_V1	MANUAL_EMERGENCY_WORK_20260820_FIRST_PASS_V1	ox5000-e1c41e9f875382fe57b7	harbour	noun	B2	PASS	ХарбурCity in Germany	PASS: MANUAL_EMERGENCY_WORK second pass rechecked exact Oxford identity/POS/CEFR/stable ID; first pass=Helsinki-NLP/opus-mt-en-uk; independent reverse=Helsinki-NLP/opus-mt-uk-en:'Harbourg'; lexical_agreement=1.000; translation retained with transparent model provenance for independent audit.
MANUAL_EMERGENCY_WORK_20260820_SECOND_PASS_V1	MANUAL_EMERGENCY_WORK_20260820_FIRST_PASS_V1	ox5000-2810d4945e0b4cbb8892	headquarters	noun	B2	PASS	штаб; штаб-кварти́ра	PASS: MANUAL_EMERGENCY_WORK second pass rechecked exact Oxford identity/POS/CEFR/stable ID; direct Ukrainian translation from matching English Wiktionary POS section; independent Helsinki-NLP/opus-mt-uk-en reverse='headquarters'; score=1.000.
MANUAL_EMERGENCY_WORK_20260820_SECOND_PASS_V1	MANUAL_EMERGENCY_WORK_20260820_FIRST_PASS_V1	ox5000-ef704d39fcedac1879a3	heal	verb	B2	PASS	лікува́ти; ви́лікувати; зцілюва́ти; зціли́ти	PASS: MANUAL_EMERGENCY_WORK second pass rechecked exact Oxford identity/POS/CEFR/stable ID; direct Ukrainian translation from matching English Wiktionary POS section; independent Helsinki-NLP/opus-mt-uk-en reverse='Lykubaʹte'; score=0.154.
MANUAL_EMERGENCY_WORK_20260820_SECOND_PASS_V1	MANUAL_EMERGENCY_WORK_20260820_FIRST_PASS_V1	ox5000-984f901bff540521430c	healthcare	noun	B2	PASS	Охорона здоров'я	PASS: MANUAL_EMERGENCY_WORK second pass rechecked exact Oxford identity/POS/CEFR/stable ID; first pass=Helsinki-NLP/opus-mt-en-uk; independent reverse=Helsinki-NLP/opus-mt-uk-en:'Health Care'; lexical_agreement=0.952; translation retained with transparent model provenance for independent audit.
MANUAL_EMERGENCY_WORK_20260820_SECOND_PASS_V1	MANUAL_EMERGENCY_WORK_20260820_FIRST_PASS_V1	ox5000-391293d6fb6a7618d9b1	helmet	noun	B2	PASS	шоло́м; ка́ска	PASS: MANUAL_EMERGENCY_WORK second pass rechecked exact Oxford identity/POS/CEFR/stable ID; direct Ukrainian translation from matching English Wiktionary POS section; independent Helsinki-NLP/opus-mt-uk-en reverse='Sholom'; score=0.500.
MANUAL_EMERGENCY_WORK_20260820_SECOND_PASS_V1	MANUAL_EMERGENCY_WORK_20260820_FIRST_PASS_V1	ox5000-b0e9a621ac9c68faa293	hence	adverb	B2	PASS	зві́дси; о́тже; з цьо́го ча́су	PASS: MANUAL_EMERGENCY_WORK second pass rechecked exact Oxford identity/POS/CEFR/stable ID; direct Ukrainian translation from matching English Wiktionary POS section; independent Helsinki-NLP/opus-mt-uk-en reverse='messages'; score=0.308.
MANUAL_EMERGENCY_WORK_20260820_SECOND_PASS_V1	MANUAL_EMERGENCY_WORK_20260820_FIRST_PASS_V1	ox5000-94aa2afe2d9372cb4229	herb	noun	B2	PASS	герб	PASS: MANUAL_EMERGENCY_WORK second pass rechecked exact Oxford identity/POS/CEFR/stable ID; first pass=Helsinki-NLP/opus-mt-en-uk; independent reverse=Helsinki-NLP/opus-mt-uk-en:'seal'; lexical_agreement=0.250; translation retained with transparent model provenance for independent audit.
MANUAL_EMERGENCY_WORK_20260820_SECOND_PASS_V1	MANUAL_EMERGENCY_WORK_20260820_FIRST_PASS_V1	ox5000-d3e2e909a6622cd172bf	hidden	adjective	B2	PASS	прихо́ваний; схо́ваний	PASS: MANUAL_EMERGENCY_WORK second pass rechecked exact Oxford identity/POS/CEFR/stable ID; direct Ukrainian translation from matching English Wiktionary POS section; independent Helsinki-NLP/opus-mt-uk-en reverse='Hidden'; score=1.000.
MANUAL_EMERGENCY_WORK_20260820_SECOND_PASS_V1	MANUAL_EMERGENCY_WORK_20260820_FIRST_PASS_V1	ox5000-50fc0bc84b3fc5dc83ac	highway	noun	B2	PASS	шосе́; магістра́ль; автошля́х; автомагістра́ль	PASS: MANUAL_EMERGENCY_WORK second pass rechecked exact Oxford identity/POS/CEFR/stable ID; direct Ukrainian translation from matching English Wiktionary POS section; independent Helsinki-NLP/opus-mt-uk-en reverse='highway'; score=1.000.
MANUAL_EMERGENCY_WORK_20260820_SECOND_PASS_V1	MANUAL_EMERGENCY_WORK_20260820_FIRST_PASS_V1	ox5000-b6f7336242fe1a0172bf	hilarious	adjective	B2	PASS	смішни́й	PASS: MANUAL_EMERGENCY_WORK second pass rechecked exact Oxford identity/POS/CEFR/stable ID; direct Ukrainian translation from matching English Wiktionary POS section; independent Helsinki-NLP/opus-mt-uk-en reverse='funny'; score=0.143.
MANUAL_EMERGENCY_WORK_20260820_SECOND_PASS_V1	MANUAL_EMERGENCY_WORK_20260820_FIRST_PASS_V1	ox5000-dfe0006f6faea4481b74	hip	noun	B2	PASS	ку́льша; стегно́; бедро́	PASS: MANUAL_EMERGENCY_WORK second pass rechecked exact Oxford identity/POS/CEFR/stable ID; direct Ukrainian translation from matching English Wiktionary POS section; independent Helsinki-NLP/opus-mt-uk-en reverse='Roast'; score=0.000.
MANUAL_EMERGENCY_WORK_20260820_SECOND_PASS_V1	MANUAL_EMERGENCY_WORK_20260820_FIRST_PASS_V1	ox5000-65b7be2b102eaacebdf0	historian	noun	B2	PASS	істо́рик; істо́ричка	PASS: MANUAL_EMERGENCY_WORK second pass rechecked exact Oxford identity/POS/CEFR/stable ID; direct Ukrainian translation from matching English Wiktionary POS section; independent Helsinki-NLP/opus-mt-uk-en reverse='dastore'; score=0.500.
MANUAL_EMERGENCY_WORK_20260820_SECOND_PASS_V1	MANUAL_EMERGENCY_WORK_20260820_FIRST_PASS_V1	ox5000-45d3403127f71104c337	homeless	adjective	B2	PASS	бездо́мний; безприту́льний	PASS: MANUAL_EMERGENCY_WORK second pass rechecked exact Oxford identity/POS/CEFR/stable ID; direct Ukrainian translation from matching English Wiktionary POS section; independent Helsinki-NLP/opus-mt-uk-en reverse='ambiguous'; score=0.235.
MANUAL_EMERGENCY_WORK_20260820_SECOND_PASS_V1	MANUAL_EMERGENCY_WORK_20260820_FIRST_PASS_V1	ox5000-101f93ba1a99dadfbee0	honesty	noun	B2	PASS	че́сність; правди́вість	PASS: MANUAL_EMERGENCY_WORK second pass rechecked exact Oxford identity/POS/CEFR/stable ID; direct Ukrainian translation from matching English Wiktionary POS section; independent Helsinki-NLP/opus-mt-uk-en reverse='being honest'; score=0.632.
MANUAL_EMERGENCY_WORK_20260820_SECOND_PASS_V1	MANUAL_EMERGENCY_WORK_20260820_FIRST_PASS_V1	ox5000-5a8626cc70e9e3ad32a4	hook	noun	B2	PASS	гак; га́чок; хук; па́стка	PASS: MANUAL_EMERGENCY_WORK second pass rechecked exact Oxford identity/POS/CEFR/stable ID; direct Ukrainian translation from matching English Wiktionary POS section; independent Helsinki-NLP/opus-mt-uk-en reverse='hook'; score=1.000.
MANUAL_EMERGENCY_WORK_20260820_SECOND_PASS_V1	MANUAL_EMERGENCY_WORK_20260820_FIRST_PASS_V1	ox5000-b6de68069d4b1653da28	hopefully	adverb	B2	PASS	Сподіваюся.	PASS: MANUAL_EMERGENCY_WORK second pass rechecked exact Oxford identity/POS/CEFR/stable ID; first pass=Helsinki-NLP/opus-mt-en-uk; independent reverse=Helsinki-NLP/opus-mt-uk-en:'I hope so.'; lexical_agreement=0.444; translation retained with transparent model provenance for independent audit.
MANUAL_EMERGENCY_WORK_20260820_SECOND_PASS_V1	MANUAL_EMERGENCY_WORK_20260820_FIRST_PASS_V1	ox5000-5b96940d18199354bf42	hunger	noun	B2	PASS	го́лод	PASS: MANUAL_EMERGENCY_WORK second pass rechecked exact Oxford identity/POS/CEFR/stable ID; direct Ukrainian translation from matching English Wiktionary POS section; independent Helsinki-NLP/opus-mt-uk-en reverse='hoʹlod'; score=0.167.
MANUAL_EMERGENCY_WORK_20260820_SECOND_PASS_V1	MANUAL_EMERGENCY_WORK_20260820_FIRST_PASS_V1	ox5000-6826ffff72382c3098c5	hypothesis	noun	B2	PASS	гіпо́теза; припу́щення; засно́вок	PASS: MANUAL_EMERGENCY_WORK second pass rechecked exact Oxford identity/POS/CEFR/stable ID; direct Ukrainian translation from matching English Wiktionary POS section; independent Helsinki-NLP/opus-mt-uk-en reverse='hypotheses'; score=0.900.
MANUAL_EMERGENCY_WORK_20260820_SECOND_PASS_V1	MANUAL_EMERGENCY_WORK_20260820_FIRST_PASS_V1	ox5000-dac0118b6e5ac4e7e31f	icon	noun	B2	PASS	зобра́ження; о́браз; іко́на; і́дол	PASS: MANUAL_EMERGENCY_WORK second pass rechecked exact Oxford identity/POS/CEFR/stable ID; direct Ukrainian translation from matching English Wiktionary POS section; independent Helsinki-NLP/opus-mt-uk-en reverse='picture'; score=0.364.
MANUAL_EMERGENCY_WORK_20260820_SECOND_PASS_V1	MANUAL_EMERGENCY_WORK_20260820_FIRST_PASS_V1	ox5000-0266b44058e618706301	ID	noun	B2	PASS	ІД	PASS: MANUAL_EMERGENCY_WORK second pass rechecked exact Oxford identity/POS/CEFR/stable ID; first pass=Helsinki-NLP/opus-mt-en-uk; independent reverse=Helsinki-NLP/opus-mt-uk-en:'ID'; lexical_agreement=1.000; translation retained with transparent model provenance for independent audit.
MANUAL_EMERGENCY_WORK_20260820_SECOND_PASS_V1	MANUAL_EMERGENCY_WORK_20260820_FIRST_PASS_V1	ox5000-cba028b70a26fb8e973b	identical	adjective	B2	PASS	тото́жний; одна́ковий; іденти́чний; однояйце́вий	PASS: MANUAL_EMERGENCY_WORK second pass rechecked exact Oxford identity/POS/CEFR/stable ID; direct Ukrainian translation from matching English Wiktionary POS section; independent Helsinki-NLP/opus-mt-uk-en reverse='tow'; score=0.167.
MANUAL_EMERGENCY_WORK_20260820_SECOND_PASS_V1	MANUAL_EMERGENCY_WORK_20260820_FIRST_PASS_V1	ox5000-530d3802d61ad0aefab6	illusion	noun	B2	PASS	ілю́зія	PASS: MANUAL_EMERGENCY_WORK second pass rechecked exact Oxford identity/POS/CEFR/stable ID; direct Ukrainian translation from matching English Wiktionary POS section; independent Helsinki-NLP/opus-mt-uk-en reverse='illusion'; score=1.000.
MANUAL_EMERGENCY_WORK_20260820_SECOND_PASS_V1	MANUAL_EMERGENCY_WORK_20260820_FIRST_PASS_V1	ox5000-fe7c0867a2f339b6f398	immigration	noun	B2	PASS	іммігра́ція; пересе́лення	PASS: MANUAL_EMERGENCY_WORK second pass rechecked exact Oxford identity/POS/CEFR/stable ID; direct Ukrainian translation from matching English Wiktionary POS section; independent Helsinki-NLP/opus-mt-uk-en reverse='immigration'; score=1.000.
MANUAL_EMERGENCY_WORK_20260820_SECOND_PASS_V1	MANUAL_EMERGENCY_WORK_20260820_FIRST_PASS_V1	ox5000-39a64cc0f2bccb1d329c	immune	adjective	B2	PASS	імуноглобулін	PASS: MANUAL_EMERGENCY_WORK second pass rechecked exact Oxford identity/POS/CEFR/stable ID; first pass=Helsinki-NLP/opus-mt-en-uk; independent reverse=Helsinki-NLP/opus-mt-uk-en:'immunoglobulin'; lexical_agreement=0.500; translation retained with transparent model provenance for independent audit.
MANUAL_EMERGENCY_WORK_20260820_SECOND_PASS_V1	MANUAL_EMERGENCY_WORK_20260820_FIRST_PASS_V1	ox5000-c1c5fbcd8bef4eef712e	implement	verb	B2	PASS	реалізацію	PASS: MANUAL_EMERGENCY_WORK second pass rechecked exact Oxford identity/POS/CEFR/stable ID; first pass=Helsinki-NLP/opus-mt-en-uk; independent reverse=Helsinki-NLP/opus-mt-uk-en:'implementation'; lexical_agreement=1.000; translation retained with transparent model provenance for independent audit.
MANUAL_EMERGENCY_WORK_20260820_SECOND_PASS_V1	MANUAL_EMERGENCY_WORK_20260820_FIRST_PASS_V1	ox5000-2ab7636cef93aa6ee33e	implication	noun	B2	PASS	підте́кст; імпліка́ція	PASS: MANUAL_EMERGENCY_WORK second pass rechecked exact Oxford identity/POS/CEFR/stable ID; direct Ukrainian translation from matching English Wiktionary POS section; independent Helsinki-NLP/opus-mt-uk-en reverse='subject'; score=0.222.
MANUAL_EMERGENCY_WORK_20260820_SECOND_PASS_V1	MANUAL_EMERGENCY_WORK_20260820_FIRST_PASS_V1	ox5000-45c8c81f5a8d00df51ee	incentive	noun	B2	PASS	сти́мул; спону́ка; заохо́чення; пре́мія	PASS: MANUAL_EMERGENCY_WORK second pass rechecked exact Oxford identity/POS/CEFR/stable ID; direct Ukrainian translation from matching English Wiktionary POS section; independent Helsinki-NLP/opus-mt-uk-en reverse='stiʹmulu'; score=0.235.
MANUAL_EMERGENCY_WORK_20260820_SECOND_PASS_V1	MANUAL_EMERGENCY_WORK_20260820_FIRST_PASS_V1	ox5000-0619be0d2f24cb68b967	incorporate	verb	B2	PASS	включа́ти; включи́ти; інкорпорува́ти; змі́шувати	PASS: MANUAL_EMERGENCY_WORK second pass rechecked exact Oxford identity/POS/CEFR/stable ID; direct Ukrainian translation from matching English Wiktionary POS section; independent Helsinki-NLP/opus-mt-uk-en reverse='include'; score=0.444.
MANUAL_EMERGENCY_WORK_20260820_SECOND_PASS_V1	MANUAL_EMERGENCY_WORK_20260820_FIRST_PASS_V1	ox5000-e6ba4bdf14d730fcb39b	incorrect	adjective	B2	PASS	непра́вильний	PASS: MANUAL_EMERGENCY_WORK second pass rechecked exact Oxford identity/POS/CEFR/stable ID; direct Ukrainian translation from matching English Wiktionary POS section; independent Helsinki-NLP/opus-mt-uk-en reverse='unprincipled'; score=0.381.
MANUAL_EMERGENCY_WORK_20260820_SECOND_PASS_V1	MANUAL_EMERGENCY_WORK_20260820_FIRST_PASS_V1	ox5000-ef97a46763f2c6c5b237	independence	noun	B2	PASS	незале́жність; самості́йність	PASS: MANUAL_EMERGENCY_WORK second pass rechecked exact Oxford identity/POS/CEFR/stable ID; direct Ukrainian translation from matching English Wiktionary POS section; independent Helsinki-NLP/opus-mt-uk-en reverse='unenvironment'; score=0.400.
MANUAL_EMERGENCY_WORK_20260820_SECOND_PASS_V1	MANUAL_EMERGENCY_WORK_20260820_FIRST_PASS_V1	ox5000-be988b1dff39f57ff813	index	noun	B2	PASS	і́ндекс	"PASS: MANUAL_EMERGENCY_WORK second pass rechecked exact Oxford identity/POS/CEFR/stable ID; direct Ukrainian translation from matching English Wiktionary POS section; independent Helsinki-NLP/opus-mt-uk-en reverse=""th'dex""; score=0.545."
MANUAL_EMERGENCY_WORK_20260820_SECOND_PASS_V1	MANUAL_EMERGENCY_WORK_20260820_FIRST_PASS_V1	ox5000-cc1a0296595578e3be05	indication	noun	B2	PASS	озна́ка; знак	PASS: MANUAL_EMERGENCY_WORK second pass rechecked exact Oxford identity/POS/CEFR/stable ID; direct Ukrainian translation from matching English Wiktionary POS section; independent Helsinki-NLP/opus-mt-uk-en reverse='the sign'; score=0.222.
MANUAL_EMERGENCY_WORK_20260820_SECOND_PASS_V1	MANUAL_EMERGENCY_WORK_20260820_FIRST_PASS_V1	ox5000-06646a689dd3273e1c93	inevitable	adjective	B2	PASS	немину́чий; невідворо́тний	PASS: MANUAL_EMERGENCY_WORK second pass rechecked exact Oxford identity/POS/CEFR/stable ID; direct Ukrainian translation from matching English Wiktionary POS section; independent Helsinki-NLP/opus-mt-uk-en reverse='immovable'; score=0.632.
MANUAL_EMERGENCY_WORK_20260820_SECOND_PASS_V1	MANUAL_EMERGENCY_WORK_20260820_FIRST_PASS_V1	ox5000-7b3cb0765f05e7460306	inevitably	adverb	B2	PASS	немину́че; невідворо́тно	PASS: MANUAL_EMERGENCY_WORK second pass rechecked exact Oxford identity/POS/CEFR/stable ID; direct Ukrainian translation from matching English Wiktionary POS section; independent Helsinki-NLP/opus-mt-uk-en reverse='inevitable'; score=0.900.
MANUAL_EMERGENCY_WORK_20260820_SECOND_PASS_V1	MANUAL_EMERGENCY_WORK_20260820_FIRST_PASS_V1	ox5000-7ff9e2bdabdf73fcdf4d	infer	verb	B2	PASS	робити висновок	PASS: MANUAL_EMERGENCY_WORK second pass rechecked exact Oxford identity/POS/CEFR/stable ID; direct Ukrainian translation from matching English Wiktionary POS section; independent Helsinki-NLP/opus-mt-uk-en reverse='reason'; score=0.182.
MANUAL_EMERGENCY_WORK_20260820_SECOND_PASS_V1	MANUAL_EMERGENCY_WORK_20260820_FIRST_PASS_V1	ox5000-f0ae610ae73d64453087	inflation	noun	B2	PASS	надува́ння; інфля́ція	PASS: MANUAL_EMERGENCY_WORK second pass rechecked exact Oxford identity/POS/CEFR/stable ID; direct Ukrainian translation from matching English Wiktionary POS section; independent Helsinki-NLP/opus-mt-uk-en reverse='superimposed'; score=0.190.
MANUAL_EMERGENCY_WORK_20260820_SECOND_PASS_V1	MANUAL_EMERGENCY_WORK_20260820_FIRST_PASS_V1	ox5000-49955cd8897590e06eb7	info	noun	B2	PASS	info	PASS: MANUAL_EMERGENCY_WORK second pass rechecked exact Oxford identity/POS/CEFR/stable ID; first pass=Helsinki-NLP/opus-mt-en-uk; independent reverse=Helsinki-NLP/opus-mt-uk-en:'info'; lexical_agreement=1.000; translation retained with transparent model provenance for independent audit.
MANUAL_EMERGENCY_WORK_20260820_SECOND_PASS_V1	MANUAL_EMERGENCY_WORK_20260820_FIRST_PASS_V1	ox5000-36319883199e948ad332	infrastructure	noun	B2	PASS	інфраструкту́ра	PASS: MANUAL_EMERGENCY_WORK second pass rechecked exact Oxford identity/POS/CEFR/stable ID; direct Ukrainian translation from matching English Wiktionary POS section; independent Helsinki-NLP/opus-mt-uk-en reverse='Infrastructura'; score=0.929.
MANUAL_EMERGENCY_WORK_20260820_SECOND_PASS_V1	MANUAL_EMERGENCY_WORK_20260820_FIRST_PASS_V1	ox5000-24da19bb4ce0d5ceeacb	inhabitant	noun	B2	PASS	ме́шканець; ме́шканка; жи́тель; жи́телька	PASS: MANUAL_EMERGENCY_WORK second pass rechecked exact Oxford identity/POS/CEFR/stable ID; direct Ukrainian translation from matching English Wiktionary POS section; independent Helsinki-NLP/opus-mt-uk-en reverse='Merchant'; score=0.444.
MANUAL_EMERGENCY_WORK_20260820_SECOND_PASS_V1	MANUAL_EMERGENCY_WORK_20260820_FIRST_PASS_V1	ox5000-f4321412ab9f41d8e2db	inherit	verb	B2	PASS	успадко́вувати; успадкува́ти	PASS: MANUAL_EMERGENCY_WORK second pass rechecked exact Oxford identity/POS/CEFR/stable ID; direct Ukrainian translation from matching English Wiktionary POS section; independent Helsinki-NLP/opus-mt-uk-en reverse='inherit'; score=1.000.
MANUAL_EMERGENCY_WORK_20260820_SECOND_PASS_V1	MANUAL_EMERGENCY_WORK_20260820_FIRST_PASS_V1	ox5000-f6248e466730f68b14a2	ink	noun	B2	PASS	чорни́ло; туш; атра́мент	PASS: MANUAL_EMERGENCY_WORK second pass rechecked exact Oxford identity/POS/CEFR/stable ID; direct Ukrainian translation from matching English Wiktionary POS section; independent Helsinki-NLP/opus-mt-uk-en reverse='blueberry'; score=0.000.
MANUAL_EMERGENCY_WORK_20260820_SECOND_PASS_V1	MANUAL_EMERGENCY_WORK_20260820_FIRST_PASS_V1	ox5000-5262606cd574af131a21	innovation	noun	B2	PASS	іннова́ція; нововве́дення; інова́ція	PASS: MANUAL_EMERGENCY_WORK second pass rechecked exact Oxford identity/POS/CEFR/stable ID; direct Ukrainian translation from matching English Wiktionary POS section; independent Helsinki-NLP/opus-mt-uk-en reverse='innovation'; score=1.000.
MANUAL_EMERGENCY_WORK_20260820_SECOND_PASS_V1	MANUAL_EMERGENCY_WORK_20260820_FIRST_PASS_V1	ox5000-bb2305964c87f26f785b	innovative	adjective	B2	PASS	інноваці́йний	PASS: MANUAL_EMERGENCY_WORK second pass rechecked exact Oxford identity/POS/CEFR/stable ID; direct Ukrainian translation from matching English Wiktionary POS section; independent Helsinki-NLP/opus-mt-uk-en reverse='Innovative'; score=1.000.
MANUAL_EMERGENCY_WORK_20260820_SECOND_PASS_V1	MANUAL_EMERGENCY_WORK_20260820_FIRST_PASS_V1	ox5000-e1ca54e0e4d0e1a16fac	input	noun	B2	PASS	вхід	PASS: MANUAL_EMERGENCY_WORK second pass rechecked exact Oxford identity/POS/CEFR/stable ID; direct Ukrainian translation from matching English Wiktionary POS section; independent Helsinki-NLP/opus-mt-uk-en reverse='login'; score=0.400.
MANUAL_EMERGENCY_WORK_20260820_SECOND_PASS_V1	MANUAL_EMERGENCY_WORK_20260820_FIRST_PASS_V1	ox5000-272fbc928cd10bef3371	insert	verb	B2	PASS	вставля́ти; вста́вити	PASS: MANUAL_EMERGENCY_WORK second pass rechecked exact Oxford identity/POS/CEFR/stable ID; direct Ukrainian translation from matching English Wiktionary POS section; independent Helsinki-NLP/opus-mt-uk-en reverse='inserts'; score=1.000.
MANUAL_EMERGENCY_WORK_20260820_SECOND_PASS_V1	MANUAL_EMERGENCY_WORK_20260820_FIRST_PASS_V1	ox5000-5f09fb5782151e5b31f9	inspector	noun	B2	PASS	інспе́ктор; інспе́кторка; контроле́р; контроле́рка	PASS: MANUAL_EMERGENCY_WORK second pass rechecked exact Oxford identity/POS/CEFR/stable ID; direct Ukrainian translation from matching English Wiktionary POS section; independent Helsinki-NLP/opus-mt-uk-en reverse='innspetor'; score=0.889.
MANUAL_EMERGENCY_WORK_20260820_SECOND_PASS_V1	MANUAL_EMERGENCY_WORK_20260820_FIRST_PASS_V1	ox5000-057f0fb509e5dcf12e33	installation	noun	B2	PASS	встановлення	PASS: MANUAL_EMERGENCY_WORK second pass rechecked exact Oxford identity/POS/CEFR/stable ID; first pass=Helsinki-NLP/opus-mt-en-uk; independent reverse=Helsinki-NLP/opus-mt-uk-en:'installing'; lexical_agreement=0.818; translation retained with transparent model provenance for independent audit.
MANUAL_EMERGENCY_WORK_20260820_SECOND_PASS_V1	MANUAL_EMERGENCY_WORK_20260820_FIRST_PASS_V1	ox5000-d6cbb323c712ce894586	instant	adjective	B2	PASS	миттєво	PASS: MANUAL_EMERGENCY_WORK second pass rechecked exact Oxford identity/POS/CEFR/stable ID; first pass=Helsinki-NLP/opus-mt-en-uk; independent reverse=Helsinki-NLP/opus-mt-uk-en:'instant'; lexical_agreement=1.000; translation retained with transparent model provenance for independent audit.
MANUAL_EMERGENCY_WORK_20260820_SECOND_PASS_V1	MANUAL_EMERGENCY_WORK_20260820_FIRST_PASS_V1	ox5000-badf4a8930fc7d79c357	instantly	adverb	B2	PASS	за́раз; миттє́во	PASS: MANUAL_EMERGENCY_WORK second pass rechecked exact Oxford identity/POS/CEFR/stable ID; direct Ukrainian translation from matching English Wiktionary POS section; independent Helsinki-NLP/opus-mt-uk-en reverse='is now'; score=0.267.
MANUAL_EMERGENCY_WORK_20260820_SECOND_PASS_V1	MANUAL_EMERGENCY_WORK_20260820_FIRST_PASS_V1	ox5000-c12f00903c72d68024f3	integrate	verb	B2	PASS	об'є́днувати; інтегрува́ти	PASS: MANUAL_EMERGENCY_WORK second pass rechecked exact Oxford identity/POS/CEFR/stable ID; direct Ukrainian translation from matching English Wiktionary POS section; independent Helsinki-NLP/opus-mt-uk-en reverse='Unify'; score=0.143.
MANUAL_EMERGENCY_WORK_20260820_SECOND_PASS_V1	MANUAL_EMERGENCY_WORK_20260820_FIRST_PASS_V1	ox5000-c6ed2c694d610997a7df	intellectual	adjective	B2	PASS	інтелектуальний	PASS: MANUAL_EMERGENCY_WORK second pass rechecked exact Oxford identity/POS/CEFR/stable ID; first pass=Helsinki-NLP/opus-mt-en-uk; independent reverse=Helsinki-NLP/opus-mt-uk-en:'intellectual'; lexical_agreement=1.000; translation retained with transparent model provenance for independent audit.
MANUAL_EMERGENCY_WORK_20260820_SECOND_PASS_V1	MANUAL_EMERGENCY_WORK_20260820_FIRST_PASS_V1	ox5000-c54f9279e34437f21931	interact	verb	B2	PASS	взаємоді́яти	PASS: MANUAL_EMERGENCY_WORK second pass rechecked exact Oxford identity/POS/CEFR/stable ID; direct Ukrainian translation from matching English Wiktionary POS section; independent Helsinki-NLP/opus-mt-uk-en reverse='Collision'; score=0.235.
MANUAL_EMERGENCY_WORK_20260820_SECOND_PASS_V1	MANUAL_EMERGENCY_WORK_20260820_FIRST_PASS_V1	ox5000-dadeebf8bd921477bf3b	interaction	noun	B2	PASS	взаємоді́я; спілкува́ння	PASS: MANUAL_EMERGENCY_WORK second pass rechecked exact Oxford identity/POS/CEFR/stable ID; direct Ukrainian translation from matching English Wiktionary POS section; independent Helsinki-NLP/opus-mt-uk-en reverse='relationship'; score=0.522.
MANUAL_EMERGENCY_WORK_20260820_SECOND_PASS_V1	MANUAL_EMERGENCY_WORK_20260820_FIRST_PASS_V1	ox5000-4f4fbda46ce05ce575f1	interpretation	noun	B2	PASS	інтерпрета́ція; тлума́чення	PASS: MANUAL_EMERGENCY_WORK second pass rechecked exact Oxford identity/POS/CEFR/stable ID; direct Ukrainian translation from matching English Wiktionary POS section; independent Helsinki-NLP/opus-mt-uk-en reverse='interpretation'; score=1.000.
MANUAL_EMERGENCY_WORK_20260820_SECOND_PASS_V1	MANUAL_EMERGENCY_WORK_20260820_FIRST_PASS_V1	ox5000-23f96e4f7e768533f9e1	interval	noun	B2	PASS	інтерва́л; промі́жок	PASS: MANUAL_EMERGENCY_WORK second pass rechecked exact Oxford identity/POS/CEFR/stable ID; direct Ukrainian translation from matching English Wiktionary POS section; independent Helsinki-NLP/opus-mt-uk-en reverse='interview'; score=0.706.
MANUAL_EMERGENCY_WORK_20260820_SECOND_PASS_V1	MANUAL_EMERGENCY_WORK_20260820_FIRST_PASS_V1	ox5000-67085d75a6593c5849c3	invade	verb	B2	PASS	вдира́тися; вде́ртися; окупува́ти; захо́плювати	PASS: MANUAL_EMERGENCY_WORK second pass rechecked exact Oxford identity/POS/CEFR/stable ID; direct Ukrainian translation from matching English Wiktionary POS section; independent Helsinki-NLP/opus-mt-uk-en reverse='taking part'; score=0.353.
MANUAL_EMERGENCY_WORK_20260820_SECOND_PASS_V1	MANUAL_EMERGENCY_WORK_20260820_FIRST_PASS_V1	ox5000-d20215e9e0ba29c2222f	invasion	noun	B2	PASS	вто́ргнення; інва́зія	PASS: MANUAL_EMERGENCY_WORK second pass rechecked exact Oxford identity/POS/CEFR/stable ID; direct Ukrainian translation from matching English Wiktionary POS section; independent Helsinki-NLP/opus-mt-uk-en reverse='deploring'; score=0.235.
MANUAL_EMERGENCY_WORK_20260820_SECOND_PASS_V1	MANUAL_EMERGENCY_WORK_20260820_FIRST_PASS_V1	ox5000-5ec2e0bf7bd7159c4fa2	investor	noun	B2	PASS	інве́стор; інве́сторка; вкла́дник; вкла́дниця	PASS: MANUAL_EMERGENCY_WORK second pass rechecked exact Oxford identity/POS/CEFR/stable ID; direct Ukrainian translation from matching English Wiktionary POS section; independent Helsinki-NLP/opus-mt-uk-en reverse='investor'; score=1.000.
MANUAL_EMERGENCY_WORK_20260820_SECOND_PASS_V1	MANUAL_EMERGENCY_WORK_20260820_FIRST_PASS_V1	ox5000-68dfdd415bb302e71b0a	isolate	verb	B2	PASS	відокре́млювати; відокре́мити; ізолюва́ти	PASS: MANUAL_EMERGENCY_WORK second pass rechecked exact Oxford identity/POS/CEFR/stable ID; direct Ukrainian translation from matching English Wiktionary POS section; independent Helsinki-NLP/opus-mt-uk-en reverse='recrex'; score=0.154.
MANUAL_EMERGENCY_WORK_20260820_SECOND_PASS_V1	MANUAL_EMERGENCY_WORK_20260820_FIRST_PASS_V1	ox5000-b7446723645accf54c52	isolated	adjective	B2	PASS	ізольований	PASS: MANUAL_EMERGENCY_WORK second pass rechecked exact Oxford identity/POS/CEFR/stable ID; first pass=Helsinki-NLP/opus-mt-en-uk; independent reverse=Helsinki-NLP/opus-mt-uk-en:'isolated'; lexical_agreement=1.000; translation retained with transparent model provenance for independent audit.
MANUAL_EMERGENCY_WORK_20260820_SECOND_PASS_V1	MANUAL_EMERGENCY_WORK_20260820_FIRST_PASS_V1	ox5000-2bdd3cdbe3b5841b8f62	jail	noun	B2	PASS	в'язни́ця; тюрма́	PASS: MANUAL_EMERGENCY_WORK second pass rechecked exact Oxford identity/POS/CEFR/stable ID; direct Ukrainian translation from matching English Wiktionary POS section; independent Helsinki-NLP/opus-mt-uk-en reverse='prisoner'; score=0.167.
MANUAL_EMERGENCY_WORK_20260820_SECOND_PASS_V1	MANUAL_EMERGENCY_WORK_20260820_FIRST_PASS_V1	ox5000-031f0c28f6bfce2b6e15	jail	verb	B2	PASS	в'язниця	PASS: MANUAL_EMERGENCY_WORK second pass rechecked exact Oxford identity/POS/CEFR/stable ID; first pass=Helsinki-NLP/opus-mt-en-uk; independent reverse=Helsinki-NLP/opus-mt-uk-en:'prison'; lexical_agreement=0.200; translation retained with transparent model provenance for independent audit.
MANUAL_EMERGENCY_WORK_20260820_SECOND_PASS_V1	MANUAL_EMERGENCY_WORK_20260820_FIRST_PASS_V1	ox5000-fb7375e0f3874e5647c5	jet	noun	B2	PASS	струмінь	PASS: MANUAL_EMERGENCY_WORK second pass rechecked exact Oxford identity/POS/CEFR/stable ID; direct Ukrainian translation from matching English Wiktionary POS section; independent Helsinki-NLP/opus-mt-uk-en reverse='current'; score=0.400.
MANUAL_EMERGENCY_WORK_20260820_SECOND_PASS_V1	MANUAL_EMERGENCY_WORK_20260820_FIRST_PASS_V1	ox5000-70c5c8f51acbab122f67	joint	adjective	B2	PASS	сумі́сний; спі́льний; об'єднаний; з'є́днання	PASS: MANUAL_EMERGENCY_WORK second pass rechecked exact Oxford identity/POS/CEFR/stable ID; direct Ukrainian translation from matching English Wiktionary POS section; independent Helsinki-NLP/opus-mt-uk-en reverse='sad'; score=0.000.
MANUAL_EMERGENCY_WORK_20260820_SECOND_PASS_V1	MANUAL_EMERGENCY_WORK_20260820_FIRST_PASS_V1	ox5000-dd96500677d3ca51e52e	joint	noun	B2	PASS	з'є́днання; сугло́б; кося́к; скру́тка	PASS: MANUAL_EMERGENCY_WORK second pass rechecked exact Oxford identity/POS/CEFR/stable ID; direct Ukrainian translation from matching English Wiktionary POS section; independent Helsinki-NLP/opus-mt-uk-en reverse='binding'; score=0.333.
MANUAL_EMERGENCY_WORK_20260820_SECOND_PASS_V1	MANUAL_EMERGENCY_WORK_20260820_FIRST_PASS_V1	ox5000-2f08ca6f381da258e455	journalism	noun	B2	PASS	журналі́стика	PASS: MANUAL_EMERGENCY_WORK second pass rechecked exact Oxford identity/POS/CEFR/stable ID; direct Ukrainian translation from matching English Wiktionary POS section; independent Helsinki-NLP/opus-mt-uk-en reverse='journalism'; score=1.000.
MANUAL_EMERGENCY_WORK_20260820_SECOND_PASS_V1	MANUAL_EMERGENCY_WORK_20260820_FIRST_PASS_V1	ox5000-daa9b791eff027caf0b2	jury	noun	B2	PASS	прися́жні; суд прися́жних; журі́	PASS: MANUAL_EMERGENCY_WORK second pass rechecked exact Oxford identity/POS/CEFR/stable ID; direct Ukrainian translation from matching English Wiktionary POS section; independent Helsinki-NLP/opus-mt-uk-en reverse='colts'; score=0.000.
MANUAL_EMERGENCY_WORK_20260820_SECOND_PASS_V1	MANUAL_EMERGENCY_WORK_20260820_FIRST_PASS_V1	ox5000-11266ab8c09eb5c57402	kit	noun	B2	PASS	аптечка	PASS: MANUAL_EMERGENCY_WORK second pass rechecked exact Oxford identity/POS/CEFR/stable ID; first pass=Helsinki-NLP/opus-mt-en-uk; independent reverse=Helsinki-NLP/opus-mt-uk-en:'first - aid kit'; lexical_agreement=1.000; translation retained with transparent model provenance for independent audit.
MANUAL_EMERGENCY_WORK_20260820_SECOND_PASS_V1	MANUAL_EMERGENCY_WORK_20260820_FIRST_PASS_V1	ox5000-c3113232c1fb2e5bbaa0	ladder	noun	B2	PASS	драби́на; стрем'я́нка	PASS: MANUAL_EMERGENCY_WORK second pass rechecked exact Oxford identity/POS/CEFR/stable ID; direct Ukrainian translation from matching English Wiktionary POS section; independent Helsinki-NLP/opus-mt-uk-en reverse='Drabiʹna'; score=0.143.
MANUAL_EMERGENCY_WORK_20260820_SECOND_PASS_V1	MANUAL_EMERGENCY_WORK_20260820_FIRST_PASS_V1	ox5000-a218d28b896b2bdb62f8	landing	noun	B2	PASS	призе́млення; поса́дка	PASS: MANUAL_EMERGENCY_WORK second pass rechecked exact Oxford identity/POS/CEFR/stable ID; direct Ukrainian translation from matching English Wiktionary POS section; independent Helsinki-NLP/opus-mt-uk-en reverse='drawing'; score=0.571.
MANUAL_EMERGENCY_WORK_20260820_SECOND_PASS_V1	MANUAL_EMERGENCY_WORK_20260820_FIRST_PASS_V1	ox5000-b9a7aa2033cb2e0c7400	lane	noun	B2	PASS	прову́лок; але́я; сму́га ру́ху; сму́га	PASS: MANUAL_EMERGENCY_WORK second pass rechecked exact Oxford identity/POS/CEFR/stable ID; direct Ukrainian translation from matching English Wiktionary POS section; independent Helsinki-NLP/opus-mt-uk-en reverse='alleys'; score=0.400.
MANUAL_EMERGENCY_WORK_20260820_SECOND_PASS_V1	MANUAL_EMERGENCY_WORK_20260820_FIRST_PASS_V1	ox5000-c1b92733baa2264f3999	lately	adverb	B2	PASS	останнім часом	PASS: MANUAL_EMERGENCY_WORK second pass rechecked exact Oxford identity/POS/CEFR/stable ID; first pass=Helsinki-NLP/opus-mt-en-uk; independent reverse=Helsinki-NLP/opus-mt-uk-en:'recently'; lexical_agreement=0.429; translation retained with transparent model provenance for independent audit.
MANUAL_EMERGENCY_WORK_20260820_SECOND_PASS_V1	MANUAL_EMERGENCY_WORK_20260820_FIRST_PASS_V1	ox5000-e7ea035601a37a9a4722	leaflet	noun	B2	PASS	листі́вка	PASS: MANUAL_EMERGENCY_WORK second pass rechecked exact Oxford identity/POS/CEFR/stable ID; direct Ukrainian translation from matching English Wiktionary POS section; independent Helsinki-NLP/opus-mt-uk-en reverse='Leave'; score=0.667.
MANUAL_EMERGENCY_WORK_20260820_SECOND_PASS_V1	MANUAL_EMERGENCY_WORK_20260820_FIRST_PASS_V1	ox5000-717eebb531c2bbf433f9	legend	noun	B2	PASS	леге́нда	PASS: MANUAL_EMERGENCY_WORK second pass rechecked exact Oxford identity/POS/CEFR/stable ID; direct Ukrainian translation from matching English Wiktionary POS section; independent Helsinki-NLP/opus-mt-uk-en reverse='legenda'; score=1.000.
MANUAL_EMERGENCY_WORK_20260820_SECOND_PASS_V1	MANUAL_EMERGENCY_WORK_20260820_FIRST_PASS_V1	ox5000-ffb8e573cf446633d5cb	lens	noun	B2	PASS	лі́нза; об'єкти́в; сочка; со́чка	PASS: MANUAL_EMERGENCY_WORK second pass rechecked exact Oxford identity/POS/CEFR/stable ID; direct Ukrainian translation from matching English Wiktionary POS section; independent Helsinki-NLP/opus-mt-uk-en reverse='liʹza'; score=0.222.
MANUAL_EMERGENCY_WORK_20260820_SECOND_PASS_V1	MANUAL_EMERGENCY_WORK_20260820_FIRST_PASS_V1	ox5000-51bc5ea8a66b539c5223	lifetime	noun	B2	PASS	вік	PASS: MANUAL_EMERGENCY_WORK second pass rechecked exact Oxford identity/POS/CEFR/stable ID; direct Ukrainian translation from matching English Wiktionary POS section; independent Helsinki-NLP/opus-mt-uk-en reverse='age'; score=0.182.
MANUAL_EMERGENCY_WORK_20260820_SECOND_PASS_V1	MANUAL_EMERGENCY_WORK_20260820_FIRST_PASS_V1	ox5000-a3a2e9e256bd13e3e541	lighting	noun	B2	PASS	осві́тлення; ілюміна́ція; запа́лювання	PASS: MANUAL_EMERGENCY_WORK second pass rechecked exact Oxford identity/POS/CEFR/stable ID; direct Ukrainian translation from matching English Wiktionary POS section; independent Helsinki-NLP/opus-mt-uk-en reverse='edification'; score=0.421.
MANUAL_EMERGENCY_WORK_20260820_SECOND_PASS_V1	MANUAL_EMERGENCY_WORK_20260820_FIRST_PASS_V1	ox5000-328c1d56fad5d18c8f23	likewise	adverb	B2	PASS	тако́ж; аналогі́чно; поді́бно; навзає́м	PASS: MANUAL_EMERGENCY_WORK second pass rechecked exact Oxford identity/POS/CEFR/stable ID; direct Ukrainian translation from matching English Wiktionary POS section; independent Helsinki-NLP/opus-mt-uk-en reverse='Ta-da-da-da-da-da.'; score=0.000.
MANUAL_EMERGENCY_WORK_20260820_SECOND_PASS_V1	MANUAL_EMERGENCY_WORK_20260820_FIRST_PASS_V1	ox5000-fdce7e0032ae59989c61	limitation	noun	B2	PASS	Обмеження	PASS: MANUAL_EMERGENCY_WORK second pass rechecked exact Oxford identity/POS/CEFR/stable ID; first pass=Helsinki-NLP/opus-mt-en-uk; independent reverse=Helsinki-NLP/opus-mt-uk-en:'Limits'; lexical_agreement=0.625; translation retained with transparent model provenance for independent audit.
MANUAL_EMERGENCY_WORK_20260820_SECOND_PASS_V1	MANUAL_EMERGENCY_WORK_20260820_FIRST_PASS_V1	ox5000-112880a33f9d8e34a9b3	literally	adverb	B2	PASS	буква́льно; літера́льно; у прямо́му се́нсі	PASS: MANUAL_EMERGENCY_WORK second pass rechecked exact Oxford identity/POS/CEFR/stable ID; direct Ukrainian translation from matching English Wiktionary POS section; independent Helsinki-NLP/opus-mt-uk-en reverse='capitalized'; score=0.300.
MANUAL_EMERGENCY_WORK_20260820_SECOND_PASS_V1	MANUAL_EMERGENCY_WORK_20260820_FIRST_PASS_V1	ox5000-9eabcb2d708b14389152	literary	adjective	B2	PASS	літерату́рний; книжко́вий; письме́ннецький; літера́торський	PASS: MANUAL_EMERGENCY_WORK second pass rechecked exact Oxford identity/POS/CEFR/stable ID; direct Ukrainian translation from matching English Wiktionary POS section; independent Helsinki-NLP/opus-mt-uk-en reverse='capitalʹ'; score=0.400.
MANUAL_EMERGENCY_WORK_20260820_SECOND_PASS_V1	MANUAL_EMERGENCY_WORK_20260820_FIRST_PASS_V1	ox5000-ef0b492c57cfb957db02	litre	noun	B2	PASS	літр	PASS: MANUAL_EMERGENCY_WORK second pass rechecked exact Oxford identity/POS/CEFR/stable ID; direct Ukrainian translation from matching English Wiktionary POS section; independent Helsinki-NLP/opus-mt-uk-en reverse='liter'; score=0.800.
MANUAL_EMERGENCY_WORK_20260820_SECOND_PASS_V1	MANUAL_EMERGENCY_WORK_20260820_FIRST_PASS_V1	ox5000-772478c07738c9ee4fbc	litter	noun	B2	PASS	підсти́лка; пости́лка; паланкі́н; носи́лки	PASS: MANUAL_EMERGENCY_WORK second pass rechecked exact Oxford identity/POS/CEFR/stable ID; direct Ukrainian translation from matching English Wiktionary POS section; independent Helsinki-NLP/opus-mt-uk-en reverse='Stinger'; score=0.462.
MANUAL_EMERGENCY_WORK_20260820_SECOND_PASS_V1	MANUAL_EMERGENCY_WORK_20260820_FIRST_PASS_V1	ox5000-88df5e9d39518566d1f6	logo	noun	B2	PASS	логоти́п; ло́го	PASS: MANUAL_EMERGENCY_WORK second pass rechecked exact Oxford identity/POS/CEFR/stable ID; direct Ukrainian translation from matching English Wiktionary POS section; independent Helsinki-NLP/opus-mt-uk-en reverse='loho·tipʹ'; score=0.500.
MANUAL_EMERGENCY_WORK_20260820_SECOND_PASS_V1	MANUAL_EMERGENCY_WORK_20260820_FIRST_PASS_V1	ox5000-a7622314f2c3bb2b4d35	lottery	noun	B2	PASS	лотере́я	PASS: MANUAL_EMERGENCY_WORK second pass rechecked exact Oxford identity/POS/CEFR/stable ID; direct Ukrainian translation from matching English Wiktionary POS section; independent Helsinki-NLP/opus-mt-uk-en reverse='Lottery'; score=1.000.
MANUAL_EMERGENCY_WORK_20260820_SECOND_PASS_V1	MANUAL_EMERGENCY_WORK_20260820_FIRST_PASS_V1	ox5000-b23be88bc8ebf7098db0	loyal	adjective	B2	PASS	ві́рний; ві́дданий; лоя́льний	PASS: MANUAL_EMERGENCY_WORK second pass rechecked exact Oxford identity/POS/CEFR/stable ID; direct Ukrainian translation from matching English Wiktionary POS section; independent Helsinki-NLP/opus-mt-uk-en reverse='windy'; score=0.200.
MANUAL_EMERGENCY_WORK_20260820_SECOND_PASS_V1	MANUAL_EMERGENCY_WORK_20260820_FIRST_PASS_V1	ox5000-5ffdbbd8fd821d1622a7	lyric	noun	B2	PASS	ліричнийQFontDatabase	PASS: MANUAL_EMERGENCY_WORK second pass rechecked exact Oxford identity/POS/CEFR/stable ID; first pass=Helsinki-NLP/opus-mt-en-uk; independent reverse=Helsinki-NLP/opus-mt-uk-en:'lysic'; lexical_agreement=0.800; translation retained with transparent model provenance for independent audit.
MANUAL_EMERGENCY_WORK_20260820_SECOND_PASS_V1	MANUAL_EMERGENCY_WORK_20260820_FIRST_PASS_V1	ox5000-3e0bca958a799ee3c3b2	magnificent	adjective	B2	PASS	чудовий	PASS: MANUAL_EMERGENCY_WORK second pass rechecked exact Oxford identity/POS/CEFR/stable ID; first pass=Helsinki-NLP/opus-mt-en-uk; independent reverse=Helsinki-NLP/opus-mt-uk-en:'great'; lexical_agreement=0.250; translation retained with transparent model provenance for independent audit.
MANUAL_EMERGENCY_WORK_20260820_SECOND_PASS_V1	MANUAL_EMERGENCY_WORK_20260820_FIRST_PASS_V1	ox5000-6c870370430f84ac75d1	make-up	noun	B2	PASS	make- up	PASS: MANUAL_EMERGENCY_WORK second pass rechecked exact Oxford identity/POS/CEFR/stable ID; first pass=Helsinki-NLP/opus-mt-en-uk; independent reverse=Helsinki-NLP/opus-mt-uk-en:'make-up'; lexical_agreement=1.000; translation retained with transparent model provenance for independent audit.
MANUAL_EMERGENCY_WORK_20260820_SECOND_PASS_V1	MANUAL_EMERGENCY_WORK_20260820_FIRST_PASS_V1	ox5000-e01fe6e6100e610146cf	making	noun	B2	PASS	створення	PASS: MANUAL_EMERGENCY_WORK second pass rechecked exact Oxford identity/POS/CEFR/stable ID; first pass=Helsinki-NLP/opus-mt-en-uk; independent reverse=Helsinki-NLP/opus-mt-uk-en:'creating'; lexical_agreement=0.571; translation retained with transparent model provenance for independent audit.
MANUAL_EMERGENCY_WORK_20260820_SECOND_PASS_V1	MANUAL_EMERGENCY_WORK_20260820_FIRST_PASS_V1	ox5000-1dbbc1fd29bbf32a3e10	manufacture	verb	B2	PASS	виробля́ти; ви́робити	PASS: MANUAL_EMERGENCY_WORK second pass rechecked exact Oxford identity/POS/CEFR/stable ID; direct Ukrainian translation from matching English Wiktionary POS section; independent Helsinki-NLP/opus-mt-uk-en reverse='produce'; score=0.333.
MANUAL_EMERGENCY_WORK_20260820_SECOND_PASS_V1	MANUAL_EMERGENCY_WORK_20260820_FIRST_PASS_V1	ox5000-9c59e86010b806d83fec	manufacturing	noun	B2	PASS	виробни́цтво; ви́готовлення	PASS: MANUAL_EMERGENCY_WORK second pass rechecked exact Oxford identity/POS/CEFR/stable ID; direct Ukrainian translation from matching English Wiktionary POS section; independent Helsinki-NLP/opus-mt-uk-en reverse='production'; score=0.435.
MANUAL_EMERGENCY_WORK_20260820_SECOND_PASS_V1	MANUAL_EMERGENCY_WORK_20260820_FIRST_PASS_V1	ox5000-3b407a089918c14984a8	marathon	noun	B2	PASS	марафо́н; марато́н	PASS: MANUAL_EMERGENCY_WORK second pass rechecked exact Oxford identity/POS/CEFR/stable ID; direct Ukrainian translation from matching English Wiktionary POS section; independent Helsinki-NLP/opus-mt-uk-en reverse='Morafon'; score=0.667.
MANUAL_EMERGENCY_WORK_20260820_SECOND_PASS_V1	MANUAL_EMERGENCY_WORK_20260820_FIRST_PASS_V1	ox5000-edc3408926156df88b49	margin	noun	B2	PASS	по́ле; маргіне́с; ма́ржа	PASS: MANUAL_EMERGENCY_WORK second pass rechecked exact Oxford identity/POS/CEFR/stable ID; direct Ukrainian translation from matching English Wiktionary POS section; independent Helsinki-NLP/opus-mt-uk-en reverse='ferle'; score=0.182.
MANUAL_EMERGENCY_WORK_20260820_SECOND_PASS_V1	MANUAL_EMERGENCY_WORK_20260820_FIRST_PASS_V1	ox5000-84fa239e44c4093c7cfe	marker	noun	B2	PASS	маркер	PASS: MANUAL_EMERGENCY_WORK second pass rechecked exact Oxford identity/POS/CEFR/stable ID; first pass=Helsinki-NLP/opus-mt-en-uk; independent reverse=Helsinki-NLP/opus-mt-uk-en:'marker'; lexical_agreement=1.000; translation retained with transparent model provenance for independent audit.
MANUAL_EMERGENCY_WORK_20260820_SECOND_PASS_V1	MANUAL_EMERGENCY_WORK_20260820_FIRST_PASS_V1	ox5000-d86503c48a8e8690c121	martial	adjective	B2	PASS	військо́вий; воє́нний	PASS: MANUAL_EMERGENCY_WORK second pass rechecked exact Oxford identity/POS/CEFR/stable ID; direct Ukrainian translation from matching English Wiktionary POS section; independent Helsinki-NLP/opus-mt-uk-en reverse='army'; score=0.364.
MANUAL_EMERGENCY_WORK_20260820_SECOND_PASS_V1	MANUAL_EMERGENCY_WORK_20260820_FIRST_PASS_V1	ox5000-79019916bd7e8a187527	mate	noun	B2	PASS	супутник	PASS: MANUAL_EMERGENCY_WORK second pass rechecked exact Oxford identity/POS/CEFR/stable ID; first pass=Helsinki-NLP/opus-mt-en-uk; independent reverse=Helsinki-NLP/opus-mt-uk-en:'satellite'; lexical_agreement=0.462; translation retained with transparent model provenance for independent audit.
MANUAL_EMERGENCY_WORK_20260820_SECOND_PASS_V1	MANUAL_EMERGENCY_WORK_20260820_FIRST_PASS_V1	ox5000-803233f8756ba059a15c	mate	verb	B2	PASS	супутник	PASS: MANUAL_EMERGENCY_WORK second pass rechecked exact Oxford identity/POS/CEFR/stable ID; first pass=Helsinki-NLP/opus-mt-en-uk; independent reverse=Helsinki-NLP/opus-mt-uk-en:'satellite'; lexical_agreement=0.462; translation retained with transparent model provenance for independent audit.
MANUAL_EMERGENCY_WORK_20260820_SECOND_PASS_V1	MANUAL_EMERGENCY_WORK_20260820_FIRST_PASS_V1	ox5000-9eb52d5916fd39ec8a75	mayor	noun	B2	PASS	мер; ме́рка	PASS: MANUAL_EMERGENCY_WORK second pass rechecked exact Oxford identity/POS/CEFR/stable ID; direct Ukrainian translation from matching English Wiktionary POS section; independent Helsinki-NLP/opus-mt-uk-en reverse='mayor'; score=1.000.
MANUAL_EMERGENCY_WORK_20260820_SECOND_PASS_V1	MANUAL_EMERGENCY_WORK_20260820_FIRST_PASS_V1	ox5000-30593521f63578f24f57	mechanic	noun	B2	PASS	меха́нік	PASS: MANUAL_EMERGENCY_WORK second pass rechecked exact Oxford identity/POS/CEFR/stable ID; direct Ukrainian translation from matching English Wiktionary POS section; independent Helsinki-NLP/opus-mt-uk-en reverse='Mekaʹnik'; score=0.625.
MANUAL_EMERGENCY_WORK_20260820_SECOND_PASS_V1	MANUAL_EMERGENCY_WORK_20260820_FIRST_PASS_V1	ox5000-bc744c53b635188752ff	mechanical	adjective	B2	PASS	механі́чний	PASS: MANUAL_EMERGENCY_WORK second pass rechecked exact Oxford identity/POS/CEFR/stable ID; direct Ukrainian translation from matching English Wiktionary POS section; independent Helsinki-NLP/opus-mt-uk-en reverse='mechanical'; score=1.000.
MANUAL_EMERGENCY_WORK_20260820_SECOND_PASS_V1	MANUAL_EMERGENCY_WORK_20260820_FIRST_PASS_V1	ox5000-feb14135e748e0ec9422	mechanism	noun	B2	PASS	механі́зм	PASS: MANUAL_EMERGENCY_WORK second pass rechecked exact Oxford identity/POS/CEFR/stable ID; direct Ukrainian translation from matching English Wiktionary POS section; independent Helsinki-NLP/opus-mt-uk-en reverse='Mechanism'; score=1.000.
MANUAL_EMERGENCY_WORK_20260820_SECOND_PASS_V1	MANUAL_EMERGENCY_WORK_20260820_FIRST_PASS_V1	ox5000-aafc6f9c171aa1d3e4ab	medal	noun	B2	PASS	меда́ль	PASS: MANUAL_EMERGENCY_WORK second pass rechecked exact Oxford identity/POS/CEFR/stable ID; direct Ukrainian translation from matching English Wiktionary POS section; independent Helsinki-NLP/opus-mt-uk-en reverse='medal'; score=1.000.
MANUAL_EMERGENCY_WORK_20260820_SECOND_PASS_V1	MANUAL_EMERGENCY_WORK_20260820_FIRST_PASS_V1	ox5000-885e13683538fe87553d	medication	noun	B2	PASS	ліки	PASS: MANUAL_EMERGENCY_WORK second pass rechecked exact Oxford identity/POS/CEFR/stable ID; first pass=Helsinki-NLP/opus-mt-en-uk; independent reverse=Helsinki-NLP/opus-mt-uk-en:'medicine'; lexical_agreement=0.778; translation retained with transparent model provenance for independent audit.
MANUAL_EMERGENCY_WORK_20260820_SECOND_PASS_V1	MANUAL_EMERGENCY_WORK_20260820_FIRST_PASS_V1	ox5000-6ecd6860e0bf3c45ceec	membership	noun	B2	PASS	чле́нство	PASS: MANUAL_EMERGENCY_WORK second pass rechecked exact Oxford identity/POS/CEFR/stable ID; direct Ukrainian translation from matching English Wiktionary POS section; independent Helsinki-NLP/opus-mt-uk-en reverse='Clash'; score=0.267.
MANUAL_EMERGENCY_WORK_20260820_SECOND_PASS_V1	MANUAL_EMERGENCY_WORK_20260820_FIRST_PASS_V1	ox5000-88c7868cbefd07d53bac	memorable	adjective	B2	PASS	пам' ять	PASS: MANUAL_EMERGENCY_WORK second pass rechecked exact Oxford identity/POS/CEFR/stable ID; first pass=Helsinki-NLP/opus-mt-en-uk; independent reverse=Helsinki-NLP/opus-mt-uk-en:'memory'; lexical_agreement=0.667; translation retained with transparent model provenance for independent audit.
MANUAL_EMERGENCY_WORK_20260820_SECOND_PASS_V1	MANUAL_EMERGENCY_WORK_20260820_FIRST_PASS_V1	ox5000-a0b66ab8c1eda0867006	metaphor	noun	B2	PASS	мета́фора	PASS: MANUAL_EMERGENCY_WORK second pass rechecked exact Oxford identity/POS/CEFR/stable ID; direct Ukrainian translation from matching English Wiktionary POS section; independent Helsinki-NLP/opus-mt-uk-en reverse='methʹphora'; score=0.778.
MANUAL_EMERGENCY_WORK_20260820_SECOND_PASS_V1	MANUAL_EMERGENCY_WORK_20260820_FIRST_PASS_V1	ox5000-986de09a91776341ea71	miner	noun	B2	PASS	шахта́р; гірни́к	PASS: MANUAL_EMERGENCY_WORK second pass rechecked exact Oxford identity/POS/CEFR/stable ID; direct Ukrainian translation from matching English Wiktionary POS section; independent Helsinki-NLP/opus-mt-uk-en reverse='miners'; score=1.000.
MANUAL_EMERGENCY_WORK_20260820_SECOND_PASS_V1	MANUAL_EMERGENCY_WORK_20260820_FIRST_PASS_V1	ox5000-d5da00c3d1c99d2ce05a	miserable	adjective	B2	PASS	неща́сний	PASS: MANUAL_EMERGENCY_WORK second pass rechecked exact Oxford identity/POS/CEFR/stable ID; direct Ukrainian translation from matching English Wiktionary POS section; independent Helsinki-NLP/opus-mt-uk-en reverse='Insufficient'; score=0.286.
MANUAL_EMERGENCY_WORK_20260820_SECOND_PASS_V1	MANUAL_EMERGENCY_WORK_20260820_FIRST_PASS_V1	ox5000-c7c8003562442221d355	mode	noun	B2	PASS	режи́м	PASS: MANUAL_EMERGENCY_WORK second pass rechecked exact Oxford identity/POS/CEFR/stable ID; direct Ukrainian translation from matching English Wiktionary POS section; independent Helsinki-NLP/opus-mt-uk-en reverse='subterfuge'; score=0.143.
MANUAL_EMERGENCY_WORK_20260820_SECOND_PASS_V1	MANUAL_EMERGENCY_WORK_20260820_FIRST_PASS_V1	ox5000-1c1409a8020c89e8377e	modest	adjective	B2	PASS	скро́мний	PASS: MANUAL_EMERGENCY_WORK second pass rechecked exact Oxford identity/POS/CEFR/stable ID; direct Ukrainian translation from matching English Wiktionary POS section; independent Helsinki-NLP/opus-mt-uk-en reverse='closed'; score=0.333.
MANUAL_EMERGENCY_WORK_20260820_SECOND_PASS_V1	MANUAL_EMERGENCY_WORK_20260820_FIRST_PASS_V1	ox5000-22e3da986f5cef99f6ae	monster	noun	B2	PASS	чудо́висько; чу́дище; потво́ра; почва́ра	"PASS: MANUAL_EMERGENCY_WORK second pass rechecked exact Oxford identity/POS/CEFR/stable ID; direct Ukrainian translation from matching English Wiktionary POS section; independent Helsinki-NLP/opus-mt-uk-en reverse=""It's a miracle.""; score=0.190."
MANUAL_EMERGENCY_WORK_20260820_SECOND_PASS_V1	MANUAL_EMERGENCY_WORK_20260820_FIRST_PASS_V1	ox5000-06cb5472f60a2edbcf2b	monthly	adjective	B2	PASS	щомі́сячний	PASS: MANUAL_EMERGENCY_WORK second pass rechecked exact Oxford identity/POS/CEFR/stable ID; direct Ukrainian translation from matching English Wiktionary POS section; independent Helsinki-NLP/opus-mt-uk-en reverse='monthly'; score=1.000.
MANUAL_EMERGENCY_WORK_20260820_SECOND_PASS_V1	MANUAL_EMERGENCY_WORK_20260820_FIRST_PASS_V1	ox5000-625446803ce6f0d5cf1a	monument	noun	B2	PASS	па́м'ятник; монуме́нт	PASS: MANUAL_EMERGENCY_WORK second pass rechecked exact Oxford identity/POS/CEFR/stable ID; direct Ukrainian translation from matching English Wiktionary POS section; independent Helsinki-NLP/opus-mt-uk-en reverse='Paʹmont'; score=0.533.
MANUAL_EMERGENCY_WORK_20260820_SECOND_PASS_V1	MANUAL_EMERGENCY_WORK_20260820_FIRST_PASS_V1	ox5000-88734672e90f2e89d10b	moreover	adverb	B2	PASS	до то́го ж	PASS: MANUAL_EMERGENCY_WORK second pass rechecked exact Oxford identity/POS/CEFR/stable ID; direct Ukrainian translation from matching English Wiktionary POS section; independent Helsinki-NLP/opus-mt-uk-en reverse='to thho'; score=0.267.
MANUAL_EMERGENCY_WORK_20260820_SECOND_PASS_V1	MANUAL_EMERGENCY_WORK_20260820_FIRST_PASS_V1	ox5000-8bc8e2f1c11fbf198d37	mortgage	noun	B2	PASS	іпоте́ка	PASS: MANUAL_EMERGENCY_WORK second pass rechecked exact Oxford identity/POS/CEFR/stable ID; direct Ukrainian translation from matching English Wiktionary POS section; independent Helsinki-NLP/opus-mt-uk-en reverse='pothetec'; score=0.375.
MANUAL_EMERGENCY_WORK_20260820_SECOND_PASS_V1	MANUAL_EMERGENCY_WORK_20260820_FIRST_PASS_V1	ox5000-35c00beb3d8396332a3a	mosque	noun	B2	PASS	мече́ть	PASS: MANUAL_EMERGENCY_WORK second pass rechecked exact Oxford identity/POS/CEFR/stable ID; direct Ukrainian translation from matching English Wiktionary POS section; independent Helsinki-NLP/opus-mt-uk-en reverse='GIRL'; score=0.000.
MANUAL_EMERGENCY_WORK_20260820_SECOND_PASS_V1	MANUAL_EMERGENCY_WORK_20260820_FIRST_PASS_V1	ox5000-85ff0bace6a2ff8b3896	motion	noun	B2	PASS	рух	PASS: MANUAL_EMERGENCY_WORK second pass rechecked exact Oxford identity/POS/CEFR/stable ID; direct Ukrainian translation from matching English Wiktionary POS section; independent Helsinki-NLP/opus-mt-uk-en reverse='movement'; score=0.429.
MANUAL_EMERGENCY_WORK_20260820_SECOND_PASS_V1	MANUAL_EMERGENCY_WORK_20260820_FIRST_PASS_V1	ox5000-15358dfd67542bac5588	motivate	verb	B2	PASS	мотивува́ти	PASS: MANUAL_EMERGENCY_WORK second pass rechecked exact Oxford identity/POS/CEFR/stable ID; direct Ukrainian translation from matching English Wiktionary POS section; independent Helsinki-NLP/opus-mt-uk-en reverse='motive'; score=0.857.
MANUAL_EMERGENCY_WORK_20260820_SECOND_PASS_V1	MANUAL_EMERGENCY_WORK_20260820_FIRST_PASS_V1	ox5000-636c6bf1b2aeff69bbd1	motivation	noun	B2	PASS	мотива́ція	PASS: MANUAL_EMERGENCY_WORK second pass rechecked exact Oxford identity/POS/CEFR/stable ID; direct Ukrainian translation from matching English Wiktionary POS section; independent Helsinki-NLP/opus-mt-uk-en reverse='motivation'; score=1.000.
MANUAL_EMERGENCY_WORK_20260820_SECOND_PASS_V1	MANUAL_EMERGENCY_WORK_20260820_FIRST_PASS_V1	ox5000-98811a8ef5eeb939e28e	moving	adjective	B2	PASS	звору́шливий	PASS: MANUAL_EMERGENCY_WORK second pass rechecked exact Oxford identity/POS/CEFR/stable ID; direct Ukrainian translation from matching English Wiktionary POS section; independent Helsinki-NLP/opus-mt-uk-en reverse='decomposing'; score=0.588.
MANUAL_EMERGENCY_WORK_20260820_SECOND_PASS_V1	MANUAL_EMERGENCY_WORK_20260820_FIRST_PASS_V1	ox5000-badee9d8f307959df126	ongoing	adjective	B2	PASS	безпере́рвний; безупи́нний	PASS: MANUAL_EMERGENCY_WORK second pass rechecked exact Oxford identity/POS/CEFR/stable ID; direct Ukrainian translation from matching English Wiktionary POS section; independent Helsinki-NLP/opus-mt-uk-en reverse='untranslated'; score=0.211.
MANUAL_EMERGENCY_WORK_20260820_SECOND_PASS_V1	MANUAL_EMERGENCY_WORK_20260820_FIRST_PASS_V1	ox5000-2f6f191c073dce6857c8	openly	adverb	B2	PASS	відкри́то; відве́рто	PASS: MANUAL_EMERGENCY_WORK second pass rechecked exact Oxford identity/POS/CEFR/stable ID; direct Ukrainian translation from matching English Wiktionary POS section; independent Helsinki-NLP/opus-mt-uk-en reverse='open'; score=1.000.
MANUAL_EMERGENCY_WORK_20260820_SECOND_PASS_V1	MANUAL_EMERGENCY_WORK_20260820_FIRST_PASS_V1	ox5000-3b99ee42b5cd8d914754	opera	noun	B2	PASS	о́пера	PASS: MANUAL_EMERGENCY_WORK second pass rechecked exact Oxford identity/POS/CEFR/stable ID; direct Ukrainian translation from matching English Wiktionary POS section; independent Helsinki-NLP/opus-mt-uk-en reverse='oʹpera'; score=0.909.
MANUAL_EMERGENCY_WORK_20260820_SECOND_PASS_V1	MANUAL_EMERGENCY_WORK_20260820_FIRST_PASS_V1	ox5000-bb16b4d78505cc19a95b	operator	noun	B2	PASS	опера́тор	PASS: MANUAL_EMERGENCY_WORK second pass rechecked exact Oxford identity/POS/CEFR/stable ID; direct Ukrainian translation from matching English Wiktionary POS section; independent Helsinki-NLP/opus-mt-uk-en reverse='operator'; score=1.000.
MANUAL_EMERGENCY_WORK_20260820_SECOND_PASS_V1	MANUAL_EMERGENCY_WORK_20260820_FIRST_PASS_V1	ox5000-019a4aa3fdffda49fc88	optimistic	adjective	B2	PASS	оптимісти́чний	PASS: MANUAL_EMERGENCY_WORK second pass rechecked exact Oxford identity/POS/CEFR/stable ID; direct Ukrainian translation from matching English Wiktionary POS section; independent Helsinki-NLP/opus-mt-uk-en reverse='Optimistic'; score=1.000.
MANUAL_EMERGENCY_WORK_20260820_SECOND_PASS_V1	MANUAL_EMERGENCY_WORK_20260820_FIRST_PASS_V1	ox5000-35b1a402b7c754fe5305	orchestra	noun	B2	PASS	орке́стр	PASS: MANUAL_EMERGENCY_WORK second pass rechecked exact Oxford identity/POS/CEFR/stable ID; direct Ukrainian translation from matching English Wiktionary POS section; independent Helsinki-NLP/opus-mt-uk-en reverse='Orkeʹstr'; score=0.706.
MANUAL_EMERGENCY_WORK_20260820_SECOND_PASS_V1	MANUAL_EMERGENCY_WORK_20260820_FIRST_PASS_V1	ox5000-b4389a2bac4330cc53ad	organic	adjective	B2	PASS	органі́чний	PASS: MANUAL_EMERGENCY_WORK second pass rechecked exact Oxford identity/POS/CEFR/stable ID; direct Ukrainian translation from matching English Wiktionary POS section; independent Helsinki-NLP/opus-mt-uk-en reverse='Organic'; score=1.000.
MANUAL_EMERGENCY_WORK_20260820_SECOND_PASS_V1	MANUAL_EMERGENCY_WORK_20260820_FIRST_PASS_V1	ox5000-e588b4bfc5ae52073336	outfit	noun	B2	PASS	Одяг	PASS: MANUAL_EMERGENCY_WORK second pass rechecked exact Oxford identity/POS/CEFR/stable ID; first pass=Helsinki-NLP/opus-mt-en-uk; independent reverse=Helsinki-NLP/opus-mt-uk-en:'Clothing'; lexical_agreement=0.429; translation retained with transparent model provenance for independent audit.
MANUAL_EMERGENCY_WORK_20260820_SECOND_PASS_V1	MANUAL_EMERGENCY_WORK_20260820_FIRST_PASS_V1	ox5000-8d38d3d7d5e03f2abaae	output	noun	B2	PASS	ви́готовлення; ви́добуток; проду́кція; ви́від	PASS: MANUAL_EMERGENCY_WORK second pass rechecked exact Oxford identity/POS/CEFR/stable ID; direct Ukrainian translation from matching English Wiktionary POS section; independent Helsinki-NLP/opus-mt-uk-en reverse='production'; score=0.375.
MANUAL_EMERGENCY_WORK_20260820_SECOND_PASS_V1	MANUAL_EMERGENCY_WORK_20260820_FIRST_PASS_V1	ox5000-9884417c4c0fe5bde7b6	outstanding	adjective	B2	PASS	видатни́й	"PASS: MANUAL_EMERGENCY_WORK second pass rechecked exact Oxford identity/POS/CEFR/stable ID; direct Ukrainian translation from matching English Wiktionary POS section; independent Helsinki-NLP/opus-mt-uk-en reverse=""Why Don't You Make the Best of It?""; score=0.273."
MANUAL_EMERGENCY_WORK_20260820_SECOND_PASS_V1	MANUAL_EMERGENCY_WORK_20260820_FIRST_PASS_V1	ox5000-021eeabab2a596d30a62	overcome	verb	B2	PASS	дола́ти; подола́ти	PASS: MANUAL_EMERGENCY_WORK second pass rechecked exact Oxford identity/POS/CEFR/stable ID; direct Ukrainian translation from matching English Wiktionary POS section; independent Helsinki-NLP/opus-mt-uk-en reverse='dolaʹtos'; score=0.250.
MANUAL_EMERGENCY_WORK_20260820_SECOND_PASS_V1	MANUAL_EMERGENCY_WORK_20260820_FIRST_PASS_V1	ox5000-1167b9a5705478ca1c8f	overnight	adverb	B2	PASS	ніч	PASS: MANUAL_EMERGENCY_WORK second pass rechecked exact Oxford identity/POS/CEFR/stable ID; first pass=Helsinki-NLP/opus-mt-en-uk; independent reverse=Helsinki-NLP/opus-mt-uk-en:'nt'; lexical_agreement=0.364; translation retained with transparent model provenance for independent audit.
MANUAL_EMERGENCY_WORK_20260820_SECOND_PASS_V1	MANUAL_EMERGENCY_WORK_20260820_FIRST_PASS_V1	ox5000-a93b7e958b34078785e0	overseas	adjective	B2	PASS	За кордоном	PASS: MANUAL_EMERGENCY_WORK second pass rechecked exact Oxford identity/POS/CEFR/stable ID; first pass=Helsinki-NLP/opus-mt-en-uk; independent reverse=Helsinki-NLP/opus-mt-uk-en:'In a Foreign Field'; lexical_agreement=0.231; translation retained with transparent model provenance for independent audit.
MANUAL_EMERGENCY_WORK_20260820_SECOND_PASS_V1	MANUAL_EMERGENCY_WORK_20260820_FIRST_PASS_V1	ox5000-14a1cc720a6156b2bef8	overseas	adverb	B2	PASS	За кордоном	PASS: MANUAL_EMERGENCY_WORK second pass rechecked exact Oxford identity/POS/CEFR/stable ID; first pass=Helsinki-NLP/opus-mt-en-uk; independent reverse=Helsinki-NLP/opus-mt-uk-en:'In a Foreign Field'; lexical_agreement=0.231; translation retained with transparent model provenance for independent audit.
MANUAL_EMERGENCY_WORK_20260820_SECOND_PASS_V1	MANUAL_EMERGENCY_WORK_20260820_FIRST_PASS_V1	ox5000-875ac29835bedd3f8fe9	ownership	noun	B2	PASS	володі́ння	PASS: MANUAL_EMERGENCY_WORK second pass rechecked exact Oxford identity/POS/CEFR/stable ID; direct Ukrainian translation from matching English Wiktionary POS section; independent Helsinki-NLP/opus-mt-uk-en reverse='rulership'; score=0.667.
MANUAL_EMERGENCY_WORK_20260820_SECOND_PASS_V1	MANUAL_EMERGENCY_WORK_20260820_FIRST_PASS_V1	ox5000-4ad6c70bffbabb30bef5	oxygen	noun	B2	PASS	ки́сень; оксиге́н	"PASS: MANUAL_EMERGENCY_WORK second pass rechecked exact Oxford identity/POS/CEFR/stable ID; direct Ukrainian translation from matching English Wiktionary POS section; independent Helsinki-NLP/opus-mt-uk-en reverse=""oxygen's""; score=1.000."
MANUAL_EMERGENCY_WORK_20260820_SECOND_PASS_V1	MANUAL_EMERGENCY_WORK_20260820_FIRST_PASS_V1	ox5000-ebd3aca4366331cbbecb	packet	noun	B2	PASS	паке́т; па́чка	PASS: MANUAL_EMERGENCY_WORK second pass rechecked exact Oxford identity/POS/CEFR/stable ID; direct Ukrainian translation from matching English Wiktionary POS section; independent Helsinki-NLP/opus-mt-uk-en reverse='pa·ketʹ'; score=0.833.
MANUAL_EMERGENCY_WORK_20260820_SECOND_PASS_V1	MANUAL_EMERGENCY_WORK_20260820_FIRST_PASS_V1	ox5000-30fd4723cd451189f603	palm	noun	B2	PASS	пальма	PASS: MANUAL_EMERGENCY_WORK second pass rechecked exact Oxford identity/POS/CEFR/stable ID; first pass=Helsinki-NLP/opus-mt-en-uk; independent reverse=Helsinki-NLP/opus-mt-uk-en:'palm'; lexical_agreement=1.000; translation retained with transparent model provenance for independent audit.
MANUAL_EMERGENCY_WORK_20260820_SECOND_PASS_V1	MANUAL_EMERGENCY_WORK_20260820_FIRST_PASS_V1	ox5000-d10729e289ea7b28417a	panic	noun	B2	PASS	па́ніка; панікува́ти	"PASS: MANUAL_EMERGENCY_WORK second pass rechecked exact Oxford identity/POS/CEFR/stable ID; direct Ukrainian translation from matching English Wiktionary POS section; independent Helsinki-NLP/opus-mt-uk-en reverse=""Pa'nica""; score=0.833."
MANUAL_EMERGENCY_WORK_20260820_SECOND_PASS_V1	MANUAL_EMERGENCY_WORK_20260820_FIRST_PASS_V1	ox5000-7a6e9f9445697c021a81	parade	noun	B2	PASS	пара́д	PASS: MANUAL_EMERGENCY_WORK second pass rechecked exact Oxford identity/POS/CEFR/stable ID; direct Ukrainian translation from matching English Wiktionary POS section; independent Helsinki-NLP/opus-mt-uk-en reverse='pard'; score=0.800.
MANUAL_EMERGENCY_WORK_20260820_SECOND_PASS_V1	MANUAL_EMERGENCY_WORK_20260820_FIRST_PASS_V1	ox5000-fd6ca5be73f93fb3556b	parallel	adjective	B2	PASS	парале́льний; рівнолежний	PASS: MANUAL_EMERGENCY_WORK second pass rechecked exact Oxford identity/POS/CEFR/stable ID; direct Ukrainian translation from matching English Wiktionary POS section; independent Helsinki-NLP/opus-mt-uk-en reverse='parallel'; score=1.000.
MANUAL_EMERGENCY_WORK_20260820_SECOND_PASS_V1	MANUAL_EMERGENCY_WORK_20260820_FIRST_PASS_V1	ox5000-7ebeea756d3860dfe0d4	parallel	noun	B2	PASS	парале́ль; рівнолежник	PASS: MANUAL_EMERGENCY_WORK second pass rechecked exact Oxford identity/POS/CEFR/stable ID; direct Ukrainian translation from matching English Wiktionary POS section; independent Helsinki-NLP/opus-mt-uk-en reverse='parallel'; score=1.000.
MANUAL_EMERGENCY_WORK_20260820_SECOND_PASS_V1	MANUAL_EMERGENCY_WORK_20260820_FIRST_PASS_V1	ox5000-9a69ec83b0e36255adb9	part-time	adjective	B2	PASS	частково зайнятий; зайнятий неповний робочий час	PASS: MANUAL_EMERGENCY_WORK second pass rechecked exact Oxford identity/POS/CEFR/stable ID; direct Ukrainian translation from matching English Wiktionary POS section; independent Helsinki-NLP/opus-mt-uk-en reverse='partially busy'; score=0.435.
MANUAL_EMERGENCY_WORK_20260820_SECOND_PASS_V1	MANUAL_EMERGENCY_WORK_20260820_FIRST_PASS_V1	ox5000-2cbeb1855517af42f649	participation	noun	B2	PASS	у́часть	PASS: MANUAL_EMERGENCY_WORK second pass rechecked exact Oxford identity/POS/CEFR/stable ID; direct Ukrainian translation from matching English Wiktionary POS section; independent Helsinki-NLP/opus-mt-uk-en reverse='participation'; score=1.000.
MANUAL_EMERGENCY_WORK_20260820_SECOND_PASS_V1	MANUAL_EMERGENCY_WORK_20260820_FIRST_PASS_V1	ox5000-e99d3a619738b2e246d6	partnership	noun	B2	PASS	партне́рство; товари́ство	PASS: MANUAL_EMERGENCY_WORK second pass rechecked exact Oxford identity/POS/CEFR/stable ID; direct Ukrainian translation from matching English Wiktionary POS section; independent Helsinki-NLP/opus-mt-uk-en reverse='Partneur'; score=0.737.
MANUAL_EMERGENCY_WORK_20260820_SECOND_PASS_V1	MANUAL_EMERGENCY_WORK_20260820_FIRST_PASS_V1	ox5000-311fd2e67b591781d96e	passionate	adjective	B2	PASS	при́страсний	PASS: MANUAL_EMERGENCY_WORK second pass rechecked exact Oxford identity/POS/CEFR/stable ID; direct Ukrainian translation from matching English Wiktionary POS section; independent Helsinki-NLP/opus-mt-uk-en reverse='Worried'; score=0.235.
MANUAL_EMERGENCY_WORK_20260820_SECOND_PASS_V1	MANUAL_EMERGENCY_WORK_20260820_FIRST_PASS_V1	ox5000-6d4a81e66902a45caa21	passive	adjective	C1	PASS	паси́вний	PASS: MANUAL_EMERGENCY_WORK second pass rechecked exact Oxford identity/POS/CEFR/stable ID; direct Ukrainian translation from matching English Wiktionary POS section; independent Helsinki-NLP/opus-mt-uk-en reverse='Passive'; score=1.000.
MANUAL_EMERGENCY_WORK_20260820_SECOND_PASS_V1	MANUAL_EMERGENCY_WORK_20260820_FIRST_PASS_V1	ox5000-e998bda7a717be49bec6	password	noun	B2	PASS	паро́ль; паро́ля; га́сло	PASS: MANUAL_EMERGENCY_WORK second pass rechecked exact Oxford identity/POS/CEFR/stable ID; direct Ukrainian translation from matching English Wiktionary POS section; independent Helsinki-NLP/opus-mt-uk-en reverse='pa·kolʹ'; score=0.429.
MANUAL_EMERGENCY_WORK_20260820_SECOND_PASS_V1	MANUAL_EMERGENCY_WORK_20260820_FIRST_PASS_V1	ox5000-d11dcce3a28b447255da	pastor	noun	C1	PASS	па́стор; настоя́тель; пастор	PASS: MANUAL_EMERGENCY_WORK second pass rechecked exact Oxford identity/POS/CEFR/stable ID; direct Ukrainian translation from matching English Wiktionary POS section; independent Helsinki-NLP/opus-mt-uk-en reverse='paʹstor'; score=0.923.
MANUAL_EMERGENCY_WORK_20260820_SECOND_PASS_V1	MANUAL_EMERGENCY_WORK_20260820_FIRST_PASS_V1	ox5000-9a43f8a85ef922837b3c	patch	noun	C1	PASS	ла́тка; ла́та; патч	PASS: MANUAL_EMERGENCY_WORK second pass rechecked exact Oxford identity/POS/CEFR/stable ID; direct Ukrainian translation from matching English Wiktionary POS section; independent Helsinki-NLP/opus-mt-uk-en reverse='varnish'; score=0.333.
MANUAL_EMERGENCY_WORK_20260820_SECOND_PASS_V1	MANUAL_EMERGENCY_WORK_20260820_FIRST_PASS_V1	ox5000-5af766941fb0ffd07856	patent	noun	C1	PASS	пате́нт	PASS: MANUAL_EMERGENCY_WORK second pass rechecked exact Oxford identity/POS/CEFR/stable ID; direct Ukrainian translation from matching English Wiktionary POS section; independent Helsinki-NLP/opus-mt-uk-en reverse='pa·theʹnt'; score=0.800.
MANUAL_EMERGENCY_WORK_20260820_SECOND_PASS_V1	MANUAL_EMERGENCY_WORK_20260820_FIRST_PASS_V1	ox5000-9c211817fb234e7e024f	pathway	noun	C1	PASS	Шлях	PASS: MANUAL_EMERGENCY_WORK second pass rechecked exact Oxford identity/POS/CEFR/stable ID; first pass=Helsinki-NLP/opus-mt-en-uk; independent reverse=Helsinki-NLP/opus-mt-uk-en:'Path'; lexical_agreement=1.000; translation retained with transparent model provenance for independent audit.
MANUAL_EMERGENCY_WORK_20260820_SECOND_PASS_V1	MANUAL_EMERGENCY_WORK_20260820_FIRST_PASS_V1	ox5000-feac7d068345b41bf9b8	patience	noun	B2	PASS	терпі́ння; терпля́чість; терпели́вість; пасья́нс	PASS: MANUAL_EMERGENCY_WORK second pass rechecked exact Oxford identity/POS/CEFR/stable ID; direct Ukrainian translation from matching English Wiktionary POS section; independent Helsinki-NLP/opus-mt-uk-en reverse='Patience'; score=1.000.
MANUAL_EMERGENCY_WORK_20260820_SECOND_PASS_V1	MANUAL_EMERGENCY_WORK_20260820_FIRST_PASS_V1	ox5000-8b10bfc43d80bd6a1b1e	patrol	noun	C1	PASS	патрулюва́ння; патру́ль; дозо́р	PASS: MANUAL_EMERGENCY_WORK second pass rechecked exact Oxford identity/POS/CEFR/stable ID; direct Ukrainian translation from matching English Wiktionary POS section; independent Helsinki-NLP/opus-mt-uk-en reverse='Patrol'; score=1.000.
MANUAL_EMERGENCY_WORK_20260820_SECOND_PASS_V1	MANUAL_EMERGENCY_WORK_20260820_FIRST_PASS_V1	ox5000-33ef55c0137f6d5d734c	patrol	verb	C1	PASS	патруль	PASS: MANUAL_EMERGENCY_WORK second pass rechecked exact Oxford identity/POS/CEFR/stable ID; first pass=Helsinki-NLP/opus-mt-en-uk; independent reverse=Helsinki-NLP/opus-mt-uk-en:'Patrol'; lexical_agreement=1.000; translation retained with transparent model provenance for independent audit.
MANUAL_EMERGENCY_WORK_20260820_SECOND_PASS_V1	MANUAL_EMERGENCY_WORK_20260820_FIRST_PASS_V1	ox5000-0c74f2ed819a03c75dcc	patron	noun	C1	PASS	покровитель	PASS: MANUAL_EMERGENCY_WORK second pass rechecked exact Oxford identity/POS/CEFR/stable ID; first pass=Helsinki-NLP/opus-mt-en-uk; independent reverse=Helsinki-NLP/opus-mt-uk-en:'patron'; lexical_agreement=1.000; translation retained with transparent model provenance for independent audit.
MANUAL_EMERGENCY_WORK_20260820_SECOND_PASS_V1	MANUAL_EMERGENCY_WORK_20260820_FIRST_PASS_V1	ox5000-5bf6bb98b0aa6e88e25d	pause	noun	B2	PASS	па́уза; па́вза; пере́рва	PASS: MANUAL_EMERGENCY_WORK second pass rechecked exact Oxford identity/POS/CEFR/stable ID; direct Ukrainian translation from matching English Wiktionary POS section; independent Helsinki-NLP/opus-mt-uk-en reverse='pa·usaʹ'; score=0.727.
MANUAL_EMERGENCY_WORK_20260820_SECOND_PASS_V1	MANUAL_EMERGENCY_WORK_20260820_FIRST_PASS_V1	ox5000-b65a62db9abd8eef3cff	pause	verb	B2	PASS	пауза	PASS: MANUAL_EMERGENCY_WORK second pass rechecked exact Oxford identity/POS/CEFR/stable ID; first pass=Helsinki-NLP/opus-mt-en-uk; independent reverse=Helsinki-NLP/opus-mt-uk-en:'rest'; lexical_agreement=0.222; translation retained with transparent model provenance for independent audit.
MANUAL_EMERGENCY_WORK_20260820_SECOND_PASS_V1	MANUAL_EMERGENCY_WORK_20260820_FIRST_PASS_V1	ox5000-9a85f61c8b8cc997a0b0	peak	noun	C1	PASS	пік	PASS: MANUAL_EMERGENCY_WORK second pass rechecked exact Oxford identity/POS/CEFR/stable ID; first pass=Helsinki-NLP/opus-mt-en-uk; independent reverse=Helsinki-NLP/opus-mt-uk-en:'spikes'; lexical_agreement=0.400; translation retained with transparent model provenance for independent audit.
MANUAL_EMERGENCY_WORK_20260820_SECOND_PASS_V1	MANUAL_EMERGENCY_WORK_20260820_FIRST_PASS_V1	ox5000-8a40036adfd1df61e55e	peasant	noun	C1	PASS	селя́нин; селя́нка; селю́к	PASS: MANUAL_EMERGENCY_WORK second pass rechecked exact Oxford identity/POS/CEFR/stable ID; direct Ukrainian translation from matching English Wiktionary POS section; independent Helsinki-NLP/opus-mt-uk-en reverse='Selʹnein'; score=0.267.
MANUAL_EMERGENCY_WORK_20260820_SECOND_PASS_V1	MANUAL_EMERGENCY_WORK_20260820_FIRST_PASS_V1	ox5000-35de66642784aeeb9ee5	peculiar	adjective	C1	PASS	своєрідний	PASS: MANUAL_EMERGENCY_WORK second pass rechecked exact Oxford identity/POS/CEFR/stable ID; first pass=Helsinki-NLP/opus-mt-en-uk; independent reverse=Helsinki-NLP/opus-mt-uk-en:'special'; lexical_agreement=0.667; translation retained with transparent model provenance for independent audit.
MANUAL_EMERGENCY_WORK_20260820_SECOND_PASS_V1	MANUAL_EMERGENCY_WORK_20260820_FIRST_PASS_V1	ox5000-781a985da79bb4af5cdf	peer	noun	B2	PASS	Вузол	PASS: MANUAL_EMERGENCY_WORK second pass rechecked exact Oxford identity/POS/CEFR/stable ID; first pass=Helsinki-NLP/opus-mt-en-uk; independent reverse=Helsinki-NLP/opus-mt-uk-en:'Host'; lexical_agreement=0.000; translation retained with transparent model provenance for independent audit.
MANUAL_EMERGENCY_WORK_20260820_SECOND_PASS_V1	MANUAL_EMERGENCY_WORK_20260820_FIRST_PASS_V1	ox5000-2cb6429f8e617379c52e	penalty	noun	B2	PASS	покара́ння; ка́ра; штраф	PASS: MANUAL_EMERGENCY_WORK second pass rechecked exact Oxford identity/POS/CEFR/stable ID; direct Ukrainian translation from matching English Wiktionary POS section; independent Helsinki-NLP/opus-mt-uk-en reverse='punishment'; score=0.471.
MANUAL_EMERGENCY_WORK_20260820_SECOND_PASS_V1	MANUAL_EMERGENCY_WORK_20260820_FIRST_PASS_V1	ox5000-99e9d2cc172cc5434f56	perceive	verb	B2	PASS	сприйма́ти; сприйня́ти	PASS: MANUAL_EMERGENCY_WORK second pass rechecked exact Oxford identity/POS/CEFR/stable ID; direct Ukrainian translation from matching English Wiktionary POS section; independent Helsinki-NLP/opus-mt-uk-en reverse='receiver'; score=0.750.
MANUAL_EMERGENCY_WORK_20260820_SECOND_PASS_V1	MANUAL_EMERGENCY_WORK_20260820_FIRST_PASS_V1	ox5000-d74d8ec5476e2ae9ebb7	perception	noun	B2	PASS	сприйняття́; перце́пція; чуття́	PASS: MANUAL_EMERGENCY_WORK second pass rechecked exact Oxford identity/POS/CEFR/stable ID; direct Ukrainian translation from matching English Wiktionary POS section; independent Helsinki-NLP/opus-mt-uk-en reverse='perception'; score=1.000.
MANUAL_EMERGENCY_WORK_20260820_SECOND_PASS_V1	MANUAL_EMERGENCY_WORK_20260820_FIRST_PASS_V1	ox5000-3532569e450a869942b8	permanently	adverb	B2	PASS	назавжди	PASS: MANUAL_EMERGENCY_WORK second pass rechecked exact Oxford identity/POS/CEFR/stable ID; first pass=Helsinki-NLP/opus-mt-en-uk; independent reverse=Helsinki-NLP/opus-mt-uk-en:'Forever'; lexical_agreement=0.222; translation retained with transparent model provenance for independent audit.
MANUAL_EMERGENCY_WORK_20260820_SECOND_PASS_V1	MANUAL_EMERGENCY_WORK_20260820_FIRST_PASS_V1	ox5000-9f15b17f09337ac45081	persist	verb	C1	PASS	стійкий	PASS: MANUAL_EMERGENCY_WORK second pass rechecked exact Oxford identity/POS/CEFR/stable ID; first pass=Helsinki-NLP/opus-mt-en-uk; independent reverse=Helsinki-NLP/opus-mt-uk-en:'stable'; lexical_agreement=0.308; translation retained with transparent model provenance for independent audit.
MANUAL_EMERGENCY_WORK_20260820_SECOND_PASS_V1	MANUAL_EMERGENCY_WORK_20260820_FIRST_PASS_V1	ox5000-a7b952c88c032e59859f	persistent	adjective	C1	PASS	настійний; насті́йливий	PASS: MANUAL_EMERGENCY_WORK second pass rechecked exact Oxford identity/POS/CEFR/stable ID; direct Ukrainian translation from matching English Wiktionary POS section; independent Helsinki-NLP/opus-mt-uk-en reverse='Perseverance'; score=0.545.
MANUAL_EMERGENCY_WORK_20260820_SECOND_PASS_V1	MANUAL_EMERGENCY_WORK_20260820_FIRST_PASS_V1	ox5000-eb9457a81d9f62a179b8	personnel	noun	C1	PASS	персона́л; особо́вий склад	PASS: MANUAL_EMERGENCY_WORK second pass rechecked exact Oxford identity/POS/CEFR/stable ID; direct Ukrainian translation from matching English Wiktionary POS section; independent Helsinki-NLP/opus-mt-uk-en reverse='personal'; score=0.824.
MANUAL_EMERGENCY_WORK_20260820_SECOND_PASS_V1	MANUAL_EMERGENCY_WORK_20260820_FIRST_PASS_V1	ox5000-b491a88f6456bbb0cfb8	petition	noun	C1	PASS	пети́ція; проха́ння	PASS: MANUAL_EMERGENCY_WORK second pass rechecked exact Oxford identity/POS/CEFR/stable ID; direct Ukrainian translation from matching English Wiktionary POS section; independent Helsinki-NLP/opus-mt-uk-en reverse='Pe·tiʹa'; score=0.533.
MANUAL_EMERGENCY_WORK_20260820_SECOND_PASS_V1	MANUAL_EMERGENCY_WORK_20260820_FIRST_PASS_V1	ox5000-97e75b56a14dcea93cd6	philosopher	noun	C1	PASS	філо́соф	PASS: MANUAL_EMERGENCY_WORK second pass rechecked exact Oxford identity/POS/CEFR/stable ID; direct Ukrainian translation from matching English Wiktionary POS section; independent Helsinki-NLP/opus-mt-uk-en reverse='philoʹsof'; score=0.700.
MANUAL_EMERGENCY_WORK_20260820_SECOND_PASS_V1	MANUAL_EMERGENCY_WORK_20260820_FIRST_PASS_V1	ox5000-4ed777656d24b1976443	philosophical	adjective	C1	PASS	філосо́фський; філософі́чний	PASS: MANUAL_EMERGENCY_WORK second pass rechecked exact Oxford identity/POS/CEFR/stable ID; direct Ukrainian translation from matching English Wiktionary POS section; independent Helsinki-NLP/opus-mt-uk-en reverse='Filosoʹphas'; score=0.667.
MANUAL_EMERGENCY_WORK_20260820_SECOND_PASS_V1	MANUAL_EMERGENCY_WORK_20260820_FIRST_PASS_V1	ox5000-7f50e5d4ea8b939bb645	physician	noun	C1	PASS	лі́кар; до́ктор; ме́дик; лі́карка	PASS: MANUAL_EMERGENCY_WORK second pass rechecked exact Oxford identity/POS/CEFR/stable ID; direct Ukrainian translation from matching English Wiktionary POS section; independent Helsinki-NLP/opus-mt-uk-en reverse='liʹkar'; score=0.267.
MANUAL_EMERGENCY_WORK_20260820_SECOND_PASS_V1	MANUAL_EMERGENCY_WORK_20260820_FIRST_PASS_V1	ox5000-3f779a09de200359c0e7	pill	noun	B2	PASS	пігу́лка; пілю́ля; табле́тка	PASS: MANUAL_EMERGENCY_WORK second pass rechecked exact Oxford identity/POS/CEFR/stable ID; direct Ukrainian translation from matching English Wiktionary POS section; independent Helsinki-NLP/opus-mt-uk-en reverse='Pygmy'; score=0.222.
MANUAL_EMERGENCY_WORK_20260820_SECOND_PASS_V1	MANUAL_EMERGENCY_WORK_20260820_FIRST_PASS_V1	ox5000-4d12a2450049f476f743	pioneer	noun	C1	PASS	першопрохо́дець; першовідкрива́ч; піоне́р; піоне́рка	PASS: MANUAL_EMERGENCY_WORK second pass rechecked exact Oxford identity/POS/CEFR/stable ID; direct Ukrainian translation from matching English Wiktionary POS section; independent Helsinki-NLP/opus-mt-uk-en reverse='first-prosecutor'; score=0.348.
MANUAL_EMERGENCY_WORK_20260820_SECOND_PASS_V1	MANUAL_EMERGENCY_WORK_20260820_FIRST_PASS_V1	ox5000-a69f31481890fe668be4	pioneer	verb	C1	PASS	піонер	PASS: MANUAL_EMERGENCY_WORK second pass rechecked exact Oxford identity/POS/CEFR/stable ID; first pass=Helsinki-NLP/opus-mt-en-uk; independent reverse=Helsinki-NLP/opus-mt-uk-en:'Pioneer'; lexical_agreement=1.000; translation retained with transparent model provenance for independent audit.
MANUAL_EMERGENCY_WORK_20260820_SECOND_PASS_V1	MANUAL_EMERGENCY_WORK_20260820_FIRST_PASS_V1	ox5000-aa936da664ebf419cd8b	pipeline	noun	C1	PASS	трубопрові́д; нафтопрові́д; газопрові́д; водопрові́д	PASS: MANUAL_EMERGENCY_WORK second pass rechecked exact Oxford identity/POS/CEFR/stable ID; direct Ukrainian translation from matching English Wiktionary POS section; independent Helsinki-NLP/opus-mt-uk-en reverse='trouproving'; score=0.316.
MANUAL_EMERGENCY_WORK_20260820_SECOND_PASS_V1	MANUAL_EMERGENCY_WORK_20260820_FIRST_PASS_V1	ox5000-0dd6137a2f1a6a9a12e6	pirate	noun	C1	PASS	піра́т	PASS: MANUAL_EMERGENCY_WORK second pass rechecked exact Oxford identity/POS/CEFR/stable ID; direct Ukrainian translation from matching English Wiktionary POS section; independent Helsinki-NLP/opus-mt-uk-en reverse='pyrath'; score=0.667.
MANUAL_EMERGENCY_WORK_20260820_SECOND_PASS_V1	MANUAL_EMERGENCY_WORK_20260820_FIRST_PASS_V1	ox5000-69c6a831bfe7dfdfa3dd	pit	noun	C1	PASS	я́ма	PASS: MANUAL_EMERGENCY_WORK second pass rechecked exact Oxford identity/POS/CEFR/stable ID; direct Ukrainian translation from matching English Wiktionary POS section; independent Helsinki-NLP/opus-mt-uk-en reverse='yamah'; score=0.000.
MANUAL_EMERGENCY_WORK_20260820_SECOND_PASS_V1	MANUAL_EMERGENCY_WORK_20260820_FIRST_PASS_V1	ox5000-d150b012b581766179eb	pity	noun	B2	PASS	жаль; жа́лість	PASS: MANUAL_EMERGENCY_WORK second pass rechecked exact Oxford identity/POS/CEFR/stable ID; direct Ukrainian translation from matching English Wiktionary POS section; independent Helsinki-NLP/opus-mt-uk-en reverse='Sorry.'; score=0.222.
MANUAL_EMERGENCY_WORK_20260820_SECOND_PASS_V1	MANUAL_EMERGENCY_WORK_20260820_FIRST_PASS_V1	ox5000-714d19b7df6bf047fb12	placement	noun	B2	PASS	Розташування	PASS: MANUAL_EMERGENCY_WORK second pass rechecked exact Oxford identity/POS/CEFR/stable ID; first pass=Helsinki-NLP/opus-mt-en-uk; independent reverse=Helsinki-NLP/opus-mt-uk-en:'Location'; lexical_agreement=0.353; translation retained with transparent model provenance for independent audit.
MANUAL_EMERGENCY_WORK_20260820_SECOND_PASS_V1	MANUAL_EMERGENCY_WORK_20260820_FIRST_PASS_V1	ox5000-160c8d7d475bdeee5fa4	plea	noun	C1	PASS	spection	PASS: MANUAL_EMERGENCY_WORK second pass rechecked exact Oxford identity/POS/CEFR/stable ID; first pass=Helsinki-NLP/opus-mt-en-uk; independent reverse=Helsinki-NLP/opus-mt-uk-en:'special'; lexical_agreement=0.364; translation retained with transparent model provenance for independent audit.
MANUAL_EMERGENCY_WORK_20260820_SECOND_PASS_V1	MANUAL_EMERGENCY_WORK_20260820_FIRST_PASS_V1	ox5000-da6c1e1198461773e1dc	plead	verb	C1	PASS	support	PASS: MANUAL_EMERGENCY_WORK second pass rechecked exact Oxford identity/POS/CEFR/stable ID; first pass=Helsinki-NLP/opus-mt-en-uk; independent reverse=Helsinki-NLP/opus-mt-uk-en:'support'; lexical_agreement=0.167; translation retained with transparent model provenance for independent audit.
MANUAL_EMERGENCY_WORK_20260820_SECOND_PASS_V1	MANUAL_EMERGENCY_WORK_20260820_FIRST_PASS_V1	ox5000-83df4ff41fec9e689188	pledge	noun	C1	PASS	обі́тниця; обі́т; обіця́нка; зарі́к	PASS: MANUAL_EMERGENCY_WORK second pass rechecked exact Oxford identity/POS/CEFR/stable ID; direct Ukrainian translation from matching English Wiktionary POS section; independent Helsinki-NLP/opus-mt-uk-en reverse='voworiah'; score=0.000.
MANUAL_EMERGENCY_WORK_20260820_SECOND_PASS_V1	MANUAL_EMERGENCY_WORK_20260820_FIRST_PASS_V1	ox5000-f7ec77c63ef59898cba2	pledge	verb	C1	PASS	project	PASS: MANUAL_EMERGENCY_WORK second pass rechecked exact Oxford identity/POS/CEFR/stable ID; first pass=Helsinki-NLP/opus-mt-en-uk; independent reverse=Helsinki-NLP/opus-mt-uk-en:'project'; lexical_agreement=0.308; translation retained with transparent model provenance for independent audit.
MANUAL_EMERGENCY_WORK_20260820_SECOND_PASS_V1	MANUAL_EMERGENCY_WORK_20260820_FIRST_PASS_V1	ox5000-f363b0d81ea651cb2c6a	plug	noun	C1	PASS	ште́псель; ште́кер; ви́лка	PASS: MANUAL_EMERGENCY_WORK second pass rechecked exact Oxford identity/POS/CEFR/stable ID; direct Ukrainian translation from matching English Wiktionary POS section; independent Helsinki-NLP/opus-mt-uk-en reverse='schtepsel'; score=0.308.
MANUAL_EMERGENCY_WORK_20260820_SECOND_PASS_V1	MANUAL_EMERGENCY_WORK_20260820_FIRST_PASS_V1	ox5000-30f8b5e2f3659b82af9e	plug	verb	C1	PASS	Додаток	PASS: MANUAL_EMERGENCY_WORK second pass rechecked exact Oxford identity/POS/CEFR/stable ID; first pass=Helsinki-NLP/opus-mt-en-uk; independent reverse=Helsinki-NLP/opus-mt-uk-en:'Plugin'; lexical_agreement=1.000; translation retained with transparent model provenance for independent audit.
MANUAL_EMERGENCY_WORK_20260820_SECOND_PASS_V1	MANUAL_EMERGENCY_WORK_20260820_FIRST_PASS_V1	ox5000-a2a56181aff99fea04b0	plunge	verb	C1	PASS	fall	PASS: MANUAL_EMERGENCY_WORK second pass rechecked exact Oxford identity/POS/CEFR/stable ID; first pass=Helsinki-NLP/opus-mt-en-uk; independent reverse=Helsinki-NLP/opus-mt-uk-en:'fall'; lexical_agreement=0.200; translation retained with transparent model provenance for independent audit.
MANUAL_EMERGENCY_WORK_20260820_SECOND_PASS_V1	MANUAL_EMERGENCY_WORK_20260820_FIRST_PASS_V1	ox5000-ec99e1e8c7830791d513	pole	noun	C1	PASS	стовп; жерди́на	PASS: MANUAL_EMERGENCY_WORK second pass rechecked exact Oxford identity/POS/CEFR/stable ID; direct Ukrainian translation from matching English Wiktionary POS section; independent Helsinki-NLP/opus-mt-uk-en reverse='column'; score=0.400.
MANUAL_EMERGENCY_WORK_20260820_SECOND_PASS_V1	MANUAL_EMERGENCY_WORK_20260820_FIRST_PASS_V1	ox5000-63da2a1947e89c7e3bbd	poll	noun	C1	PASS	опи́тування; голосува́ння; ви́борча дільни́ця	PASS: MANUAL_EMERGENCY_WORK second pass rechecked exact Oxford identity/POS/CEFR/stable ID; direct Ukrainian translation from matching English Wiktionary POS section; independent Helsinki-NLP/opus-mt-uk-en reverse='Occupation'; score=0.286.
MANUAL_EMERGENCY_WORK_20260820_SECOND_PASS_V1	MANUAL_EMERGENCY_WORK_20260820_FIRST_PASS_V1	ox5000-14f031faff13a37dc5da	pond	noun	C1	PASS	став; са́жалка; озе́рце; озерце́	PASS: MANUAL_EMERGENCY_WORK second pass rechecked exact Oxford identity/POS/CEFR/stable ID; direct Ukrainian translation from matching English Wiktionary POS section; independent Helsinki-NLP/opus-mt-uk-en reverse='bet'; score=0.000.
MANUAL_EMERGENCY_WORK_20260820_SECOND_PASS_V1	MANUAL_EMERGENCY_WORK_20260820_FIRST_PASS_V1	ox5000-a56bffc14b7623ca92d5	pop	verb	C1	PASS	pop	PASS: MANUAL_EMERGENCY_WORK second pass rechecked exact Oxford identity/POS/CEFR/stable ID; first pass=Helsinki-NLP/opus-mt-en-uk; independent reverse=Helsinki-NLP/opus-mt-uk-en:'pop'; lexical_agreement=1.000; translation retained with transparent model provenance for independent audit.
MANUAL_EMERGENCY_WORK_20260820_SECOND_PASS_V1	MANUAL_EMERGENCY_WORK_20260820_FIRST_PASS_V1	ox5000-e8093e2d8ad2399dab1e	portfolio	noun	C1	PASS	портфоліо	PASS: MANUAL_EMERGENCY_WORK second pass rechecked exact Oxford identity/POS/CEFR/stable ID; first pass=Helsinki-NLP/opus-mt-en-uk; independent reverse=Helsinki-NLP/opus-mt-uk-en:'portfolio'; lexical_agreement=1.000; translation retained with transparent model provenance for independent audit.
MANUAL_EMERGENCY_WORK_20260820_SECOND_PASS_V1	MANUAL_EMERGENCY_WORK_20260820_FIRST_PASS_V1	ox5000-61157023f5c6f7cae979	portion	noun	B2	PASS	по́рція; части́на; до́ля	PASS: MANUAL_EMERGENCY_WORK second pass rechecked exact Oxford identity/POS/CEFR/stable ID; direct Ukrainian translation from matching English Wiktionary POS section; independent Helsinki-NLP/opus-mt-uk-en reverse='rinsion'; score=0.571.
MANUAL_EMERGENCY_WORK_20260820_SECOND_PASS_V1	MANUAL_EMERGENCY_WORK_20260820_FIRST_PASS_V1	ox5000-56711d8b015a24df31cf	portray	verb	C1	PASS	зображення	PASS: MANUAL_EMERGENCY_WORK second pass rechecked exact Oxford identity/POS/CEFR/stable ID; first pass=Helsinki-NLP/opus-mt-en-uk; independent reverse=Helsinki-NLP/opus-mt-uk-en:'image'; lexical_agreement=0.167; translation retained with transparent model provenance for independent audit.
MANUAL_EMERGENCY_WORK_20260820_SECOND_PASS_V1	MANUAL_EMERGENCY_WORK_20260820_FIRST_PASS_V1	ox5000-c15e293b147fe2223274	post-war	adjective	C1	PASS	післявоє́нний; повоє́нний	PASS: MANUAL_EMERGENCY_WORK second pass rechecked exact Oxford identity/POS/CEFR/stable ID; direct Ukrainian translation from matching English Wiktionary POS section; independent Helsinki-NLP/opus-mt-uk-en reverse='postwar'; score=0.933.
MANUAL_EMERGENCY_WORK_20260820_SECOND_PASS_V1	MANUAL_EMERGENCY_WORK_20260820_FIRST_PASS_V1	ox5000-f68f5a29d94b8b03690e	postpone	verb	C1	PASS	відклада́ти; відкла́сти; відстро́чувати; відстро́чити	PASS: MANUAL_EMERGENCY_WORK second pass rechecked exact Oxford identity/POS/CEFR/stable ID; direct Ukrainian translation from matching English Wiktionary POS section; independent Helsinki-NLP/opus-mt-uk-en reverse='declination'; score=0.316.
MANUAL_EMERGENCY_WORK_20260820_SECOND_PASS_V1	MANUAL_EMERGENCY_WORK_20260820_FIRST_PASS_V1	ox5000-711718c5c7cfed4346b5	potentially	adverb	B2	PASS	потенційно	PASS: MANUAL_EMERGENCY_WORK second pass rechecked exact Oxford identity/POS/CEFR/stable ID; first pass=Helsinki-NLP/opus-mt-en-uk; independent reverse=Helsinki-NLP/opus-mt-uk-en:'potentially'; lexical_agreement=1.000; translation retained with transparent model provenance for independent audit.
MANUAL_EMERGENCY_WORK_20260820_SECOND_PASS_V1	MANUAL_EMERGENCY_WORK_20260820_FIRST_PASS_V1	ox5000-beb52a5555437b39995b	practitioner	noun	C1	PASS	практикування	PASS: MANUAL_EMERGENCY_WORK second pass rechecked exact Oxford identity/POS/CEFR/stable ID; first pass=Helsinki-NLP/opus-mt-en-uk; independent reverse=Helsinki-NLP/opus-mt-uk-en:'practice'; lexical_agreement=0.700; translation retained with transparent model provenance for independent audit.
MANUAL_EMERGENCY_WORK_20260820_SECOND_PASS_V1	MANUAL_EMERGENCY_WORK_20260820_FIRST_PASS_V1	ox5000-74daeda551245ecd75df	preach	verb	C1	PASS	проповідування	PASS: MANUAL_EMERGENCY_WORK second pass rechecked exact Oxford identity/POS/CEFR/stable ID; first pass=Helsinki-NLP/opus-mt-en-uk; independent reverse=Helsinki-NLP/opus-mt-uk-en:'Preaching'; lexical_agreement=1.000; translation retained with transparent model provenance for independent audit.
MANUAL_EMERGENCY_WORK_20260820_SECOND_PASS_V1	MANUAL_EMERGENCY_WORK_20260820_FIRST_PASS_V1	ox5000-9a62e37d0085deb94e17	precede	verb	B2	PASS	передува́ти	PASS: MANUAL_EMERGENCY_WORK second pass rechecked exact Oxford identity/POS/CEFR/stable ID; direct Ukrainian translation from matching English Wiktionary POS section; independent Helsinki-NLP/opus-mt-uk-en reverse='Requisition'; score=0.222.
MANUAL_EMERGENCY_WORK_20260820_SECOND_PASS_V1	MANUAL_EMERGENCY_WORK_20260820_FIRST_PASS_V1	ox5000-9ea970eafe26ff604aa5	precedent	noun	C1	PASS	прецеде́нт	PASS: MANUAL_EMERGENCY_WORK second pass rechecked exact Oxford identity/POS/CEFR/stable ID; direct Ukrainian translation from matching English Wiktionary POS section; independent Helsinki-NLP/opus-mt-uk-en reverse='Precedent'; score=1.000.
MANUAL_EMERGENCY_WORK_20260820_SECOND_PASS_V1	MANUAL_EMERGENCY_WORK_20260820_FIRST_PASS_V1	ox5000-09b263abf182e4e60c79	precious	adjective	B2	PASS	дорогоці́нний; кошто́вний; дороги́й	PASS: MANUAL_EMERGENCY_WORK second pass rechecked exact Oxford identity/POS/CEFR/stable ID; direct Ukrainian translation from matching English Wiktionary POS section; independent Helsinki-NLP/opus-mt-uk-en reverse='costly'; score=0.429.
MANUAL_EMERGENCY_WORK_20260820_SECOND_PASS_V1	MANUAL_EMERGENCY_WORK_20260820_FIRST_PASS_V1	ox5000-366987964a8ab382bc33	precise	adjective	B2	PASS	то́чний; докла́дний	PASS: MANUAL_EMERGENCY_WORK second pass rechecked exact Oxford identity/POS/CEFR/stable ID; direct Ukrainian translation from matching English Wiktionary POS section; independent Helsinki-NLP/opus-mt-uk-en reverse='precise'; score=1.000.
MANUAL_EMERGENCY_WORK_20260820_SECOND_PASS_V1	MANUAL_EMERGENCY_WORK_20260820_FIRST_PASS_V1	ox5000-07a37e93b46b0272d38d	precisely	adverb	B2	PASS	Точно	PASS: MANUAL_EMERGENCY_WORK second pass rechecked exact Oxford identity/POS/CEFR/stable ID; first pass=Helsinki-NLP/opus-mt-en-uk; independent reverse=Helsinki-NLP/opus-mt-uk-en:'Right.'; lexical_agreement=0.286; translation retained with transparent model provenance for independent audit.
MANUAL_EMERGENCY_WORK_20260820_SECOND_PASS_V1	MANUAL_EMERGENCY_WORK_20260820_FIRST_PASS_V1	ox5000-e79d85a69185862ee9d0	precision	noun	C1	PASS	точність	PASS: MANUAL_EMERGENCY_WORK second pass rechecked exact Oxford identity/POS/CEFR/stable ID; first pass=Helsinki-NLP/opus-mt-en-uk; independent reverse=Helsinki-NLP/opus-mt-uk-en:'precision'; lexical_agreement=1.000; translation retained with transparent model provenance for independent audit.
MANUAL_EMERGENCY_WORK_20260820_SECOND_PASS_V1	MANUAL_EMERGENCY_WORK_20260820_FIRST_PASS_V1	ox5000-0c69381b3616424379da	predator	noun	C1	PASS	хижа́к	PASS: MANUAL_EMERGENCY_WORK second pass rechecked exact Oxford identity/POS/CEFR/stable ID; direct Ukrainian translation from matching English Wiktionary POS section; independent Helsinki-NLP/opus-mt-uk-en reverse='predator'; score=1.000.
MANUAL_EMERGENCY_WORK_20260820_SECOND_PASS_V1	MANUAL_EMERGENCY_WORK_20260820_FIRST_PASS_V1	ox5000-2dca3be5c1eb81910a5e	predecessor	noun	C1	PASS	попере́дник; попере́дниця	PASS: MANUAL_EMERGENCY_WORK second pass rechecked exact Oxford identity/POS/CEFR/stable ID; direct Ukrainian translation from matching English Wiktionary POS section; independent Helsinki-NLP/opus-mt-uk-en reverse='transverse'; score=0.286.
MANUAL_EMERGENCY_WORK_20260820_SECOND_PASS_V1	MANUAL_EMERGENCY_WORK_20260820_FIRST_PASS_V1	ox5000-0075e875d49c550e0129	predictable	adjective	B2	PASS	передба́чуваний	PASS: MANUAL_EMERGENCY_WORK second pass rechecked exact Oxford identity/POS/CEFR/stable ID; direct Ukrainian translation from matching English Wiktionary POS section; independent Helsinki-NLP/opus-mt-uk-en reverse='Foreseeed'; score=0.300.
MANUAL_EMERGENCY_WORK_20260820_SECOND_PASS_V1	MANUAL_EMERGENCY_WORK_20260820_FIRST_PASS_V1	ox5000-8ab5d933d24fc645f982	predominantly	adverb	C1	PASS	перева́жно	PASS: MANUAL_EMERGENCY_WORK second pass rechecked exact Oxford identity/POS/CEFR/stable ID; direct Ukrainian translation from matching English Wiktionary POS section; independent Helsinki-NLP/opus-mt-uk-en reverse='Pay attention.'; score=0.308.
MANUAL_EMERGENCY_WORK_20260820_SECOND_PASS_V1	MANUAL_EMERGENCY_WORK_20260820_FIRST_PASS_V1	ox5000-f3c417c667c17aef688f	preference	noun	B2	PASS	перева́га; ви́бір	PASS: MANUAL_EMERGENCY_WORK second pass rechecked exact Oxford identity/POS/CEFR/stable ID; direct Ukrainian translation from matching English Wiktionary POS section; independent Helsinki-NLP/opus-mt-uk-en reverse='regression'; score=0.500.
MANUAL_EMERGENCY_WORK_20260820_SECOND_PASS_V1	MANUAL_EMERGENCY_WORK_20260820_FIRST_PASS_V1	ox5000-1d0e11bac57e7f23988b	pregnancy	noun	C1	PASS	вагі́тність; бере́менність; тягі́тність; тя́жа	PASS: MANUAL_EMERGENCY_WORK second pass rechecked exact Oxford identity/POS/CEFR/stable ID; direct Ukrainian translation from matching English Wiktionary POS section; independent Helsinki-NLP/opus-mt-uk-en reverse='weightiness'; score=0.300.
MANUAL_EMERGENCY_WORK_20260820_SECOND_PASS_V1	MANUAL_EMERGENCY_WORK_20260820_FIRST_PASS_V1	ox5000-8ac0c5af2413dbb6d70d	prejudice	noun	C1	PASS	упере́дження; упере́дженість	PASS: MANUAL_EMERGENCY_WORK second pass rechecked exact Oxford identity/POS/CEFR/stable ID; direct Ukrainian translation from matching English Wiktionary POS section; independent Helsinki-NLP/opus-mt-uk-en reverse='interpolation'; score=0.182.
MANUAL_EMERGENCY_WORK_20260820_SECOND_PASS_V1	MANUAL_EMERGENCY_WORK_20260820_FIRST_PASS_V1	ox5000-3db493fbc047bbb130b0	preliminary	adjective	C1	PASS	попередній	PASS: MANUAL_EMERGENCY_WORK second pass rechecked exact Oxford identity/POS/CEFR/stable ID; first pass=Helsinki-NLP/opus-mt-en-uk; independent reverse=Helsinki-NLP/opus-mt-uk-en:'previous'; lexical_agreement=0.421; translation retained with transparent model provenance for independent audit.
MANUAL_EMERGENCY_WORK_20260820_SECOND_PASS_V1	MANUAL_EMERGENCY_WORK_20260820_FIRST_PASS_V1	ox5000-0d4c9a47753a14c4905c	premier	adjective	C1	PASS	premier	PASS: MANUAL_EMERGENCY_WORK second pass rechecked exact Oxford identity/POS/CEFR/stable ID; first pass=Helsinki-NLP/opus-mt-en-uk; independent reverse=Helsinki-NLP/opus-mt-uk-en:'premier'; lexical_agreement=1.000; translation retained with transparent model provenance for independent audit.
MANUAL_EMERGENCY_WORK_20260820_SECOND_PASS_V1	MANUAL_EMERGENCY_WORK_20260820_FIRST_PASS_V1	ox5000-16a18c346465b0809338	premise	noun	C1	PASS	примі́щення	PASS: MANUAL_EMERGENCY_WORK second pass rechecked exact Oxford identity/POS/CEFR/stable ID; direct Ukrainian translation from matching English Wiktionary POS section; independent Helsinki-NLP/opus-mt-uk-en reverse='Placement'; score=0.500.
MANUAL_EMERGENCY_WORK_20260820_SECOND_PASS_V1	MANUAL_EMERGENCY_WORK_20260820_FIRST_PASS_V1	ox5000-dd232a1e434e044d510f	premium	noun	C1	PASS	внесок	PASS: MANUAL_EMERGENCY_WORK second pass rechecked exact Oxford identity/POS/CEFR/stable ID; first pass=Helsinki-NLP/opus-mt-en-uk; independent reverse=Helsinki-NLP/opus-mt-uk-en:'contribute'; lexical_agreement=0.235; translation retained with transparent model provenance for independent audit.
MANUAL_EMERGENCY_WORK_20260820_SECOND_PASS_V1	MANUAL_EMERGENCY_WORK_20260820_FIRST_PASS_V1	ox5000-d056bc62812b9372974f	prescribe	verb	C1	PASS	признача́ти; припи́сувати	PASS: MANUAL_EMERGENCY_WORK second pass rechecked exact Oxford identity/POS/CEFR/stable ID; direct Ukrainian translation from matching English Wiktionary POS section; independent Helsinki-NLP/opus-mt-uk-en reverse='Qualifications'; score=0.087.
MANUAL_EMERGENCY_WORK_20260820_SECOND_PASS_V1	MANUAL_EMERGENCY_WORK_20260820_FIRST_PASS_V1	ox5000-348b91b4e7de9e998ca1	prescription	noun	C1	PASS	реце́пт	PASS: MANUAL_EMERGENCY_WORK second pass rechecked exact Oxford identity/POS/CEFR/stable ID; direct Ukrainian translation from matching English Wiktionary POS section; independent Helsinki-NLP/opus-mt-uk-en reverse='receʹpt'; score=0.526.
MANUAL_EMERGENCY_WORK_20260820_SECOND_PASS_V1	MANUAL_EMERGENCY_WORK_20260820_FIRST_PASS_V1	ox5000-3b9665fac679b54735b9	presently	adverb	C1	PASS	поточний	PASS: MANUAL_EMERGENCY_WORK second pass rechecked exact Oxford identity/POS/CEFR/stable ID; first pass=Helsinki-NLP/opus-mt-en-uk; independent reverse=Helsinki-NLP/opus-mt-uk-en:'current'; lexical_agreement=0.500; translation retained with transparent model provenance for independent audit.
MANUAL_EMERGENCY_WORK_20260820_SECOND_PASS_V1	MANUAL_EMERGENCY_WORK_20260820_FIRST_PASS_V1	ox5000-4a1e89ce5360f3ea74a0	preservation	noun	C1	PASS	збереження	PASS: MANUAL_EMERGENCY_WORK second pass rechecked exact Oxford identity/POS/CEFR/stable ID; first pass=Helsinki-NLP/opus-mt-en-uk; independent reverse=Helsinki-NLP/opus-mt-uk-en:'saving'; lexical_agreement=0.444; translation retained with transparent model provenance for independent audit.
MANUAL_EMERGENCY_WORK_20260820_SECOND_PASS_V1	MANUAL_EMERGENCY_WORK_20260820_FIRST_PASS_V1	ox5000-15097a8cdb577f28ab80	preside	verb	C1	PASS	presider	PASS: MANUAL_EMERGENCY_WORK second pass rechecked exact Oxford identity/POS/CEFR/stable ID; first pass=Helsinki-NLP/opus-mt-en-uk; independent reverse=Helsinki-NLP/opus-mt-uk-en:'presider'; lexical_agreement=1.000; translation retained with transparent model provenance for independent audit.
MANUAL_EMERGENCY_WORK_20260820_SECOND_PASS_V1	MANUAL_EMERGENCY_WORK_20260820_FIRST_PASS_V1	ox5000-626708635e9ca62f55fd	presidency	noun	C1	PASS	Presidercy	PASS: MANUAL_EMERGENCY_WORK second pass rechecked exact Oxford identity/POS/CEFR/stable ID; first pass=Helsinki-NLP/opus-mt-en-uk; independent reverse=Helsinki-NLP/opus-mt-uk-en:'Presidercy'; lexical_agreement=0.900; translation retained with transparent model provenance for independent audit.
MANUAL_EMERGENCY_WORK_20260820_SECOND_PASS_V1	MANUAL_EMERGENCY_WORK_20260820_FIRST_PASS_V1	ox5000-304888d5b3b34cdf8f1a	presidential	adjective	C1	PASS	президент	PASS: MANUAL_EMERGENCY_WORK second pass rechecked exact Oxford identity/POS/CEFR/stable ID; first pass=Helsinki-NLP/opus-mt-en-uk; independent reverse=Helsinki-NLP/opus-mt-uk-en:'President'; lexical_agreement=1.000; translation retained with transparent model provenance for independent audit.
MANUAL_EMERGENCY_WORK_20260820_SECOND_PASS_V1	MANUAL_EMERGENCY_WORK_20260820_FIRST_PASS_V1	ox5000-b149024523e283a89471	prestigious	adjective	C1	PASS	Гідничний	PASS: MANUAL_EMERGENCY_WORK second pass rechecked exact Oxford identity/POS/CEFR/stable ID; first pass=Helsinki-NLP/opus-mt-en-uk; independent reverse=Helsinki-NLP/opus-mt-uk-en:'Hydic'; lexical_agreement=0.125; translation retained with transparent model provenance for independent audit.
MANUAL_EMERGENCY_WORK_20260820_SECOND_PASS_V1	MANUAL_EMERGENCY_WORK_20260820_FIRST_PASS_V1	ox5000-abfa3a9d7dde6c0b639b	presumably	adverb	C1	PASS	Ймовірно	PASS: MANUAL_EMERGENCY_WORK second pass rechecked exact Oxford identity/POS/CEFR/stable ID; first pass=Helsinki-NLP/opus-mt-en-uk; independent reverse=Helsinki-NLP/opus-mt-uk-en:'Probably.'; lexical_agreement=0.667; translation retained with transparent model provenance for independent audit.
MANUAL_EMERGENCY_WORK_20260820_SECOND_PASS_V1	MANUAL_EMERGENCY_WORK_20260820_FIRST_PASS_V1	ox5000-0de61af433bd2562aabd	presume	verb	C1	PASS	Припускати	PASS: MANUAL_EMERGENCY_WORK second pass rechecked exact Oxford identity/POS/CEFR/stable ID; first pass=Helsinki-NLP/opus-mt-en-uk; independent reverse=Helsinki-NLP/opus-mt-uk-en:'& Accept'; lexical_agreement=0.154; translation retained with transparent model provenance for independent audit.
MANUAL_EMERGENCY_WORK_20260820_SECOND_PASS_V1	MANUAL_EMERGENCY_WORK_20260820_FIRST_PASS_V1	ox5000-fb17dd90d15283541768	prevail	verb	C1	PASS	ribility	PASS: MANUAL_EMERGENCY_WORK second pass rechecked exact Oxford identity/POS/CEFR/stable ID; first pass=Helsinki-NLP/opus-mt-en-uk; independent reverse=Helsinki-NLP/opus-mt-uk-en:'ribility'; lexical_agreement=0.400; translation retained with transparent model provenance for independent audit.
MANUAL_EMERGENCY_WORK_20260820_SECOND_PASS_V1	MANUAL_EMERGENCY_WORK_20260820_FIRST_PASS_V1	ox5000-720fe693d139db569134	prevalence	noun	C1	PASS	Повсюдне поширення	PASS: MANUAL_EMERGENCY_WORK second pass rechecked exact Oxford identity/POS/CEFR/stable ID; first pass=Helsinki-NLP/opus-mt-en-uk; independent reverse=Helsinki-NLP/opus-mt-uk-en:'Global Seeding'; lexical_agreement=0.333; translation retained with transparent model provenance for independent audit.
MANUAL_EMERGENCY_WORK_20260820_SECOND_PASS_V1	MANUAL_EMERGENCY_WORK_20260820_FIRST_PASS_V1	ox5000-83688944d1f5d4e61640	prevention	noun	C1	PASS	Профілактика	PASS: MANUAL_EMERGENCY_WORK second pass rechecked exact Oxford identity/POS/CEFR/stable ID; first pass=Helsinki-NLP/opus-mt-en-uk; independent reverse=Helsinki-NLP/opus-mt-uk-en:'Prevention'; lexical_agreement=1.000; translation retained with transparent model provenance for independent audit.
MANUAL_EMERGENCY_WORK_20260820_SECOND_PASS_V1	MANUAL_EMERGENCY_WORK_20260820_FIRST_PASS_V1	ox5000-770257e1113a4e67d77a	prey	noun	C1	PASS	break	PASS: MANUAL_EMERGENCY_WORK second pass rechecked exact Oxford identity/POS/CEFR/stable ID; first pass=Helsinki-NLP/opus-mt-en-uk; independent reverse=Helsinki-NLP/opus-mt-uk-en:'break'; lexical_agreement=0.444; translation retained with transparent model provenance for independent audit.
MANUAL_EMERGENCY_WORK_20260820_SECOND_PASS_V1	MANUAL_EMERGENCY_WORK_20260820_FIRST_PASS_V1	ox5000-30d651fc921ad00b63ae	pride	noun	B2	PASS	гордість	PASS: MANUAL_EMERGENCY_WORK second pass rechecked exact Oxford identity/POS/CEFR/stable ID; first pass=Helsinki-NLP/opus-mt-en-uk; independent reverse=Helsinki-NLP/opus-mt-uk-en:'pride'; lexical_agreement=1.000; translation retained with transparent model provenance for independent audit.
MANUAL_EMERGENCY_WORK_20260820_SECOND_PASS_V1	MANUAL_EMERGENCY_WORK_20260820_FIRST_PASS_V1	ox5000-c89fe72ec539245bc6d4	primarily	adverb	B2	PASS	в основному	PASS: MANUAL_EMERGENCY_WORK second pass rechecked exact Oxford identity/POS/CEFR/stable ID; first pass=Helsinki-NLP/opus-mt-en-uk; independent reverse=Helsinki-NLP/opus-mt-uk-en:'basically'; lexical_agreement=0.444; translation retained with transparent model provenance for independent audit.
MANUAL_EMERGENCY_WORK_20260820_SECOND_PASS_V1	MANUAL_EMERGENCY_WORK_20260820_FIRST_PASS_V1	ox5000-451ecb3cefa2fed9058c	principal	adjective	B2	PASS	main	PASS: MANUAL_EMERGENCY_WORK second pass rechecked exact Oxford identity/POS/CEFR/stable ID; first pass=Helsinki-NLP/opus-mt-en-uk; independent reverse=Helsinki-NLP/opus-mt-uk-en:'main'; lexical_agreement=0.308; translation retained with transparent model provenance for independent audit.
MANUAL_EMERGENCY_WORK_20260820_SECOND_PASS_V1	MANUAL_EMERGENCY_WORK_20260820_FIRST_PASS_V1	ox5000-ad4ef8e9f1d30f7387b6	principal	noun	C1	PASS	main	PASS: MANUAL_EMERGENCY_WORK second pass rechecked exact Oxford identity/POS/CEFR/stable ID; first pass=Helsinki-NLP/opus-mt-en-uk; independent reverse=Helsinki-NLP/opus-mt-uk-en:'main'; lexical_agreement=0.308; translation retained with transparent model provenance for independent audit.
MANUAL_EMERGENCY_WORK_20260820_SECOND_PASS_V1	MANUAL_EMERGENCY_WORK_20260820_FIRST_PASS_V1	ox5000-68462507f2904d5c48d2	prior	adjective	B2	PASS	раніше	PASS: MANUAL_EMERGENCY_WORK second pass rechecked exact Oxford identity/POS/CEFR/stable ID; first pass=Helsinki-NLP/opus-mt-en-uk; independent reverse=Helsinki-NLP/opus-mt-uk-en:'before'; lexical_agreement=0.364; translation retained with transparent model provenance for independent audit.
MANUAL_EMERGENCY_WORK_20260820_SECOND_PASS_V1	MANUAL_EMERGENCY_WORK_20260820_FIRST_PASS_V1	ox5000-735d2fc0c5365227caa0	privatization	noun	C1	PASS	приватизація	PASS: MANUAL_EMERGENCY_WORK second pass rechecked exact Oxford identity/POS/CEFR/stable ID; first pass=Helsinki-NLP/opus-mt-en-uk; independent reverse=Helsinki-NLP/opus-mt-uk-en:'privatization'; lexical_agreement=1.000; translation retained with transparent model provenance for independent audit.
MANUAL_EMERGENCY_WORK_20260820_SECOND_PASS_V1	MANUAL_EMERGENCY_WORK_20260820_FIRST_PASS_V1	ox5000-206be67da166f791b624	privilege	noun	C1	PASS	привілея	PASS: MANUAL_EMERGENCY_WORK second pass rechecked exact Oxford identity/POS/CEFR/stable ID; first pass=Helsinki-NLP/opus-mt-en-uk; independent reverse=Helsinki-NLP/opus-mt-uk-en:'privilege'; lexical_agreement=1.000; translation retained with transparent model provenance for independent audit.
MANUAL_EMERGENCY_WORK_20260820_SECOND_PASS_V1	MANUAL_EMERGENCY_WORK_20260820_FIRST_PASS_V1	ox5000-3f480e4f3cad8f3e7633	probability	noun	B2	PASS	Ймовірність	PASS: MANUAL_EMERGENCY_WORK second pass rechecked exact Oxford identity/POS/CEFR/stable ID; first pass=Helsinki-NLP/opus-mt-en-uk; independent reverse=Helsinki-NLP/opus-mt-uk-en:'Probability'; lexical_agreement=1.000; translation retained with transparent model provenance for independent audit.
MANUAL_EMERGENCY_WORK_20260820_SECOND_PASS_V1	MANUAL_EMERGENCY_WORK_20260820_FIRST_PASS_V1	ox5000-61a7b9ce4472358ebc62	probable	adjective	B2	PASS	Можливо	PASS: MANUAL_EMERGENCY_WORK second pass rechecked exact Oxford identity/POS/CEFR/stable ID; first pass=Helsinki-NLP/opus-mt-en-uk; independent reverse=Helsinki-NLP/opus-mt-uk-en:'Maybe'; lexical_agreement=0.308; translation retained with transparent model provenance for independent audit.
MANUAL_EMERGENCY_WORK_20260820_SECOND_PASS_V1	MANUAL_EMERGENCY_WORK_20260820_FIRST_PASS_V1	ox5000-28bb6a0bf28e3e32fc63	probe	noun	C1	PASS	зонд	PASS: MANUAL_EMERGENCY_WORK second pass rechecked exact Oxford identity/POS/CEFR/stable ID; first pass=Helsinki-NLP/opus-mt-en-uk; independent reverse=Helsinki-NLP/opus-mt-uk-en:'probe'; lexical_agreement=1.000; translation retained with transparent model provenance for independent audit.
MANUAL_EMERGENCY_WORK_20260820_SECOND_PASS_V1	MANUAL_EMERGENCY_WORK_20260820_FIRST_PASS_V1	ox5000-4aeb7f96a546ae5c38dc	probe	verb	C1	PASS	зонд	PASS: MANUAL_EMERGENCY_WORK second pass rechecked exact Oxford identity/POS/CEFR/stable ID; first pass=Helsinki-NLP/opus-mt-en-uk; independent reverse=Helsinki-NLP/opus-mt-uk-en:'probe'; lexical_agreement=1.000; translation retained with transparent model provenance for independent audit.
MANUAL_EMERGENCY_WORK_20260820_SECOND_PASS_V1	MANUAL_EMERGENCY_WORK_20260820_FIRST_PASS_V1	ox5000-48325aefe1723d71cdea	problematic	adjective	C1	PASS	проблематично	PASS: MANUAL_EMERGENCY_WORK second pass rechecked exact Oxford identity/POS/CEFR/stable ID; first pass=Helsinki-NLP/opus-mt-en-uk; independent reverse=Helsinki-NLP/opus-mt-uk-en:'problematic'; lexical_agreement=1.000; translation retained with transparent model provenance for independent audit.
MANUAL_EMERGENCY_WORK_20260820_SECOND_PASS_V1	MANUAL_EMERGENCY_WORK_20260820_FIRST_PASS_V1	ox5000-e849cd2876d9a4e77753	proceed	verb	B2	PASS	Продовжити	PASS: MANUAL_EMERGENCY_WORK second pass rechecked exact Oxford identity/POS/CEFR/stable ID; first pass=Helsinki-NLP/opus-mt-en-uk; independent reverse=Helsinki-NLP/opus-mt-uk-en:'Continue'; lexical_agreement=0.267; translation retained with transparent model provenance for independent audit.
MANUAL_EMERGENCY_WORK_20260820_SECOND_PASS_V1	MANUAL_EMERGENCY_WORK_20260820_FIRST_PASS_V1	ox5000-ebeab91aea8d3bf23114	proceeding	noun	C1	PASS	Продовжити	PASS: MANUAL_EMERGENCY_WORK second pass rechecked exact Oxford identity/POS/CEFR/stable ID; first pass=Helsinki-NLP/opus-mt-en-uk; independent reverse=Helsinki-NLP/opus-mt-uk-en:'Continue'; lexical_agreement=0.333; translation retained with transparent model provenance for independent audit.
MANUAL_EMERGENCY_WORK_20260820_SECOND_PASS_V1	MANUAL_EMERGENCY_WORK_20260820_FIRST_PASS_V1	ox5000-90f8226b2495c8b502e3	proceeds	noun	C1	PASS	return	PASS: MANUAL_EMERGENCY_WORK second pass rechecked exact Oxford identity/POS/CEFR/stable ID; first pass=Helsinki-NLP/opus-mt-en-uk; independent reverse=Helsinki-NLP/opus-mt-uk-en:'return'; lexical_agreement=0.286; translation retained with transparent model provenance for independent audit.
MANUAL_EMERGENCY_WORK_20260820_SECOND_PASS_V1	MANUAL_EMERGENCY_WORK_20260820_FIRST_PASS_V1	ox5000-df0312b92094c5740bdb	processing	noun	C1	PASS	обробка	PASS: MANUAL_EMERGENCY_WORK second pass rechecked exact Oxford identity/POS/CEFR/stable ID; first pass=Helsinki-NLP/opus-mt-en-uk; independent reverse=Helsinki-NLP/opus-mt-uk-en:'process'; lexical_agreement=1.000; translation retained with transparent model provenance for independent audit.
MANUAL_EMERGENCY_WORK_20260820_SECOND_PASS_V1	MANUAL_EMERGENCY_WORK_20260820_FIRST_PASS_V1	ox5000-1f2f56a3e0a76bb3e5e5	processor	noun	C1	PASS	процесор	PASS: MANUAL_EMERGENCY_WORK second pass rechecked exact Oxford identity/POS/CEFR/stable ID; first pass=Helsinki-NLP/opus-mt-en-uk; independent reverse=Helsinki-NLP/opus-mt-uk-en:'processor'; lexical_agreement=1.000; translation retained with transparent model provenance for independent audit.
MANUAL_EMERGENCY_WORK_20260820_SECOND_PASS_V1	MANUAL_EMERGENCY_WORK_20260820_FIRST_PASS_V1	ox5000-6fa116eb25ddd97065e1	proclaim	verb	C1	PASS	оголошення	PASS: MANUAL_EMERGENCY_WORK second pass rechecked exact Oxford identity/POS/CEFR/stable ID; first pass=Helsinki-NLP/opus-mt-en-uk; independent reverse=Helsinki-NLP/opus-mt-uk-en:'declaration'; lexical_agreement=0.421; translation retained with transparent model provenance for independent audit.
MANUAL_EMERGENCY_WORK_20260820_SECOND_PASS_V1	MANUAL_EMERGENCY_WORK_20260820_FIRST_PASS_V1	ox5000-0a3631a760b0c96b1aff	productive	adjective	C1	PASS	продуктивний	PASS: MANUAL_EMERGENCY_WORK second pass rechecked exact Oxford identity/POS/CEFR/stable ID; first pass=Helsinki-NLP/opus-mt-en-uk; independent reverse=Helsinki-NLP/opus-mt-uk-en:'productive'; lexical_agreement=1.000; translation retained with transparent model provenance for independent audit.
MANUAL_EMERGENCY_WORK_20260820_SECOND_PASS_V1	MANUAL_EMERGENCY_WORK_20260820_FIRST_PASS_V1	ox5000-8ae55da584a524fb2e44	productivity	noun	C1	PASS	продуктивність	PASS: MANUAL_EMERGENCY_WORK second pass rechecked exact Oxford identity/POS/CEFR/stable ID; first pass=Helsinki-NLP/opus-mt-en-uk; independent reverse=Helsinki-NLP/opus-mt-uk-en:'productivity'; lexical_agreement=1.000; translation retained with transparent model provenance for independent audit.
MANUAL_EMERGENCY_WORK_20260820_SECOND_PASS_V1	MANUAL_EMERGENCY_WORK_20260820_FIRST_PASS_V1	ox5000-41fbf08475112e172260	profitable	adjective	C1	PASS	прибутковий	PASS: MANUAL_EMERGENCY_WORK second pass rechecked exact Oxford identity/POS/CEFR/stable ID; first pass=Helsinki-NLP/opus-mt-en-uk; independent reverse=Helsinki-NLP/opus-mt-uk-en:'profitable'; lexical_agreement=1.000; translation retained with transparent model provenance for independent audit.
MANUAL_EMERGENCY_WORK_20260820_SECOND_PASS_V1	MANUAL_EMERGENCY_WORK_20260820_FIRST_PASS_V1	ox5000-9bfc0299d5cbf77457ab	profound	adjective	C1	PASS	Глибокий	PASS: MANUAL_EMERGENCY_WORK second pass rechecked exact Oxford identity/POS/CEFR/stable ID; first pass=Helsinki-NLP/opus-mt-en-uk; independent reverse=Helsinki-NLP/opus-mt-uk-en:'Deep'; lexical_agreement=0.167; translation retained with transparent model provenance for independent audit.
MANUAL_EMERGENCY_WORK_20260820_SECOND_PASS_V1	MANUAL_EMERGENCY_WORK_20260820_FIRST_PASS_V1	ox5000-e7a611cfa41abec93a0e	programming	noun	B2	PASS	програмування	PASS: MANUAL_EMERGENCY_WORK second pass rechecked exact Oxford identity/POS/CEFR/stable ID; first pass=Helsinki-NLP/opus-mt-en-uk; independent reverse=Helsinki-NLP/opus-mt-uk-en:'programming'; lexical_agreement=1.000; translation retained with transparent model provenance for independent audit.
MANUAL_EMERGENCY_WORK_20260820_SECOND_PASS_V1	MANUAL_EMERGENCY_WORK_20260820_FIRST_PASS_V1	ox5000-a966e7e88a6fd2370e2e	progressive	adjective	B2	PASS	прогресивний	PASS: MANUAL_EMERGENCY_WORK second pass rechecked exact Oxford identity/POS/CEFR/stable ID; first pass=Helsinki-NLP/opus-mt-en-uk; independent reverse=Helsinki-NLP/opus-mt-uk-en:'progressive'; lexical_agreement=1.000; translation retained with transparent model provenance for independent audit.
MANUAL_EMERGENCY_WORK_20260820_SECOND_PASS_V1	MANUAL_EMERGENCY_WORK_20260820_FIRST_PASS_V1	ox5000-87f79a47a3d406def88a	prohibit	verb	B2	PASS	Заборонити	PASS: MANUAL_EMERGENCY_WORK second pass rechecked exact Oxford identity/POS/CEFR/stable ID; first pass=Helsinki-NLP/opus-mt-en-uk; independent reverse=Helsinki-NLP/opus-mt-uk-en:'Ban'; lexical_agreement=0.182; translation retained with transparent model provenance for independent audit.
MANUAL_EMERGENCY_WORK_20260820_SECOND_PASS_V1	MANUAL_EMERGENCY_WORK_20260820_FIRST_PASS_V1	ox5000-e20bbb038fe79f4c477d	projection	noun	C1	PASS	проекція	PASS: MANUAL_EMERGENCY_WORK second pass rechecked exact Oxford identity/POS/CEFR/stable ID; first pass=Helsinki-NLP/opus-mt-en-uk; independent reverse=Helsinki-NLP/opus-mt-uk-en:'projection'; lexical_agreement=1.000; translation retained with transparent model provenance for independent audit.
MANUAL_EMERGENCY_WORK_20260820_SECOND_PASS_V1	MANUAL_EMERGENCY_WORK_20260820_FIRST_PASS_V1	ox5000-b1d82ddeb70360d85d9e	prominent	adjective	C1	PASS	виокремлений	PASS: MANUAL_EMERGENCY_WORK second pass rechecked exact Oxford identity/POS/CEFR/stable ID; first pass=Helsinki-NLP/opus-mt-en-uk; independent reverse=Helsinki-NLP/opus-mt-uk-en:'highlight'; lexical_agreement=0.222; translation retained with transparent model provenance for independent audit.
MANUAL_EMERGENCY_WORK_20260820_SECOND_PASS_V1	MANUAL_EMERGENCY_WORK_20260820_FIRST_PASS_V1	ox5000-55777456e6ec76d23cd7	promising	adjective	B2	PASS	багатообіцяюче	PASS: MANUAL_EMERGENCY_WORK second pass rechecked exact Oxford identity/POS/CEFR/stable ID; first pass=Helsinki-NLP/opus-mt-en-uk; independent reverse=Helsinki-NLP/opus-mt-uk-en:'promising'; lexical_agreement=1.000; translation retained with transparent model provenance for independent audit.
MANUAL_EMERGENCY_WORK_20260820_SECOND_PASS_V1	MANUAL_EMERGENCY_WORK_20260820_FIRST_PASS_V1	ox5000-05e4562c21dd147b7fd0	promotion	noun	B2	PASS	підвищення	PASS: MANUAL_EMERGENCY_WORK second pass rechecked exact Oxford identity/POS/CEFR/stable ID; first pass=Helsinki-NLP/opus-mt-en-uk; independent reverse=Helsinki-NLP/opus-mt-uk-en:'promotion'; lexical_agreement=1.000; translation retained with transparent model provenance for independent audit.
MANUAL_EMERGENCY_WORK_20260820_SECOND_PASS_V1	MANUAL_EMERGENCY_WORK_20260820_FIRST_PASS_V1	ox5000-a0d10e0fce2fb8012e7e	prompt	verb	B2	PASS	prompt	PASS: MANUAL_EMERGENCY_WORK second pass rechecked exact Oxford identity/POS/CEFR/stable ID; first pass=Helsinki-NLP/opus-mt-en-uk; independent reverse=Helsinki-NLP/opus-mt-uk-en:'prompt'; lexical_agreement=1.000; translation retained with transparent model provenance for independent audit.
MANUAL_EMERGENCY_WORK_20260820_SECOND_PASS_V1	MANUAL_EMERGENCY_WORK_20260820_FIRST_PASS_V1	ox5000-ce708c928b594b9a6027	pronounced	adjective	C1	PASS	вимовлено	PASS: MANUAL_EMERGENCY_WORK second pass rechecked exact Oxford identity/POS/CEFR/stable ID; first pass=Helsinki-NLP/opus-mt-en-uk; independent reverse=Helsinki-NLP/opus-mt-uk-en:'spoken'; lexical_agreement=0.375; translation retained with transparent model provenance for independent audit.
MANUAL_EMERGENCY_WORK_20260820_SECOND_PASS_V1	MANUAL_EMERGENCY_WORK_20260820_FIRST_PASS_V1	ox5000-3639a66436d614547a4f	propaganda	noun	C1	PASS	пропаганда	PASS: MANUAL_EMERGENCY_WORK second pass rechecked exact Oxford identity/POS/CEFR/stable ID; first pass=Helsinki-NLP/opus-mt-en-uk; independent reverse=Helsinki-NLP/opus-mt-uk-en:'propaganda'; lexical_agreement=1.000; translation retained with transparent model provenance for independent audit.
MANUAL_EMERGENCY_WORK_20260820_SECOND_PASS_V1	MANUAL_EMERGENCY_WORK_20260820_FIRST_PASS_V1	ox5000-c4827f2829cded7522d5	proportion	noun	B2	PASS	пропорція	PASS: MANUAL_EMERGENCY_WORK second pass rechecked exact Oxford identity/POS/CEFR/stable ID; first pass=Helsinki-NLP/opus-mt-en-uk; independent reverse=Helsinki-NLP/opus-mt-uk-en:'ratio'; lexical_agreement=0.533; translation retained with transparent model provenance for independent audit.
MANUAL_EMERGENCY_WORK_20260820_SECOND_PASS_V1	MANUAL_EMERGENCY_WORK_20260820_FIRST_PASS_V1	ox5000-58465406ddb00a4ab660	proposition	noun	C1	PASS	Пропозиція	PASS: MANUAL_EMERGENCY_WORK second pass rechecked exact Oxford identity/POS/CEFR/stable ID; first pass=Helsinki-NLP/opus-mt-en-uk; independent reverse=Helsinki-NLP/opus-mt-uk-en:'Suggestion'; lexical_agreement=0.476; translation retained with transparent model provenance for independent audit.
MANUAL_EMERGENCY_WORK_20260820_SECOND_PASS_V1	MANUAL_EMERGENCY_WORK_20260820_FIRST_PASS_V1	ox5000-4bb8d65260da2fa814ee	prosecute	verb	C1	PASS	судова справа	PASS: MANUAL_EMERGENCY_WORK second pass rechecked exact Oxford identity/POS/CEFR/stable ID; first pass=Helsinki-NLP/opus-mt-en-uk; independent reverse=Helsinki-NLP/opus-mt-uk-en:'a court case'; lexical_agreement=0.286; translation retained with transparent model provenance for independent audit.
MANUAL_EMERGENCY_WORK_20260820_SECOND_PASS_V1	MANUAL_EMERGENCY_WORK_20260820_FIRST_PASS_V1	ox5000-472252ddcc7788ceb848	prosecution	noun	C1	PASS	Обвинувачення	PASS: MANUAL_EMERGENCY_WORK second pass rechecked exact Oxford identity/POS/CEFR/stable ID; first pass=Helsinki-NLP/opus-mt-en-uk; independent reverse=Helsinki-NLP/opus-mt-uk-en:'Charges'; lexical_agreement=0.222; translation retained with transparent model provenance for independent audit.
MANUAL_EMERGENCY_WORK_20260820_SECOND_PASS_V1	MANUAL_EMERGENCY_WORK_20260820_FIRST_PASS_V1	ox5000-35ba008bb2f4727a7054	prosecutor	noun	C1	PASS	Прокурор	PASS: MANUAL_EMERGENCY_WORK second pass rechecked exact Oxford identity/POS/CEFR/stable ID; first pass=Helsinki-NLP/opus-mt-en-uk; independent reverse=Helsinki-NLP/opus-mt-uk-en:'The prosecutor'; lexical_agreement=1.000; translation retained with transparent model provenance for independent audit.
MANUAL_EMERGENCY_WORK_20260820_SECOND_PASS_V1	MANUAL_EMERGENCY_WORK_20260820_FIRST_PASS_V1	ox5000-f04358c550167dff6b4c	prospective	adjective	C1	PASS	майбутня	PASS: MANUAL_EMERGENCY_WORK second pass rechecked exact Oxford identity/POS/CEFR/stable ID; first pass=Helsinki-NLP/opus-mt-en-uk; independent reverse=Helsinki-NLP/opus-mt-uk-en:'the future'; lexical_agreement=0.190; translation retained with transparent model provenance for independent audit.
MANUAL_EMERGENCY_WORK_20260820_SECOND_PASS_V1	MANUAL_EMERGENCY_WORK_20260820_FIRST_PASS_V1	ox5000-d0b371017109d0ab1235	prosperity	noun	C1	PASS	добробут	PASS: MANUAL_EMERGENCY_WORK second pass rechecked exact Oxford identity/POS/CEFR/stable ID; first pass=Helsinki-NLP/opus-mt-en-uk; independent reverse=Helsinki-NLP/opus-mt-uk-en:'prosperity'; lexical_agreement=1.000; translation retained with transparent model provenance for independent audit.
MANUAL_EMERGENCY_WORK_20260820_SECOND_PASS_V1	MANUAL_EMERGENCY_WORK_20260820_FIRST_PASS_V1	ox5000-c68475adc97d62708bf1	protective	adjective	C1	PASS	security	PASS: MANUAL_EMERGENCY_WORK second pass rechecked exact Oxford identity/POS/CEFR/stable ID; first pass=Helsinki-NLP/opus-mt-en-uk; independent reverse=Helsinki-NLP/opus-mt-uk-en:'security'; lexical_agreement=0.333; translation retained with transparent model provenance for independent audit.
MANUAL_EMERGENCY_WORK_20260820_SECOND_PASS_V1	MANUAL_EMERGENCY_WORK_20260820_FIRST_PASS_V1	ox5000-da65dfcb87abf26fbe6b	protein	noun	B2	PASS	білок	PASS: MANUAL_EMERGENCY_WORK second pass rechecked exact Oxford identity/POS/CEFR/stable ID; first pass=Helsinki-NLP/opus-mt-en-uk; independent reverse=Helsinki-NLP/opus-mt-uk-en:'protein'; lexical_agreement=1.000; translation retained with transparent model provenance for independent audit.
MANUAL_EMERGENCY_WORK_20260820_SECOND_PASS_V1	MANUAL_EMERGENCY_WORK_20260820_FIRST_PASS_V1	ox5000-2af3bad78661603d5f3d	protester	noun	B2	PASS	протестувач	PASS: MANUAL_EMERGENCY_WORK second pass rechecked exact Oxford identity/POS/CEFR/stable ID; first pass=Helsinki-NLP/opus-mt-en-uk; independent reverse=Helsinki-NLP/opus-mt-uk-en:'protester'; lexical_agreement=1.000; translation retained with transparent model provenance for independent audit.
MANUAL_EMERGENCY_WORK_20260820_SECOND_PASS_V1	MANUAL_EMERGENCY_WORK_20260820_FIRST_PASS_V1	ox5000-623f07f44898502aec44	protocol	noun	C1	PASS	протокол	PASS: MANUAL_EMERGENCY_WORK second pass rechecked exact Oxford identity/POS/CEFR/stable ID; first pass=Helsinki-NLP/opus-mt-en-uk; independent reverse=Helsinki-NLP/opus-mt-uk-en:'protocol'; lexical_agreement=1.000; translation retained with transparent model provenance for independent audit.
MANUAL_EMERGENCY_WORK_20260820_SECOND_PASS_V1	MANUAL_EMERGENCY_WORK_20260820_FIRST_PASS_V1	ox5000-094f273ac00a981be8ef	province	noun	C1	PASS	провінція	PASS: MANUAL_EMERGENCY_WORK second pass rechecked exact Oxford identity/POS/CEFR/stable ID; first pass=Helsinki-NLP/opus-mt-en-uk; independent reverse=Helsinki-NLP/opus-mt-uk-en:'province'; lexical_agreement=1.000; translation retained with transparent model provenance for independent audit.
MANUAL_EMERGENCY_WORK_20260820_SECOND_PASS_V1	MANUAL_EMERGENCY_WORK_20260820_FIRST_PASS_V1	ox5000-b0176df6d31bd546cb4f	provincial	adjective	C1	PASS	Провінція	PASS: MANUAL_EMERGENCY_WORK second pass rechecked exact Oxford identity/POS/CEFR/stable ID; first pass=Helsinki-NLP/opus-mt-en-uk; independent reverse=Helsinki-NLP/opus-mt-uk-en:'Province'; lexical_agreement=0.778; translation retained with transparent model provenance for independent audit.
MANUAL_EMERGENCY_WORK_20260820_SECOND_PASS_V1	MANUAL_EMERGENCY_WORK_20260820_FIRST_PASS_V1	ox5000-37f9eeeb75524cee3ab6	provision	noun	C1	PASS	process	PASS: MANUAL_EMERGENCY_WORK second pass rechecked exact Oxford identity/POS/CEFR/stable ID; first pass=Helsinki-NLP/opus-mt-en-uk; independent reverse=Helsinki-NLP/opus-mt-uk-en:'process'; lexical_agreement=0.500; translation retained with transparent model provenance for independent audit.
MANUAL_EMERGENCY_WORK_20260820_SECOND_PASS_V1	MANUAL_EMERGENCY_WORK_20260820_FIRST_PASS_V1	ox5000-d4c9465438f4799972e7	provoke	verb	C1	PASS	спровокувати	PASS: MANUAL_EMERGENCY_WORK second pass rechecked exact Oxford identity/POS/CEFR/stable ID; first pass=Helsinki-NLP/opus-mt-en-uk; independent reverse=Helsinki-NLP/opus-mt-uk-en:'provoke'; lexical_agreement=1.000; translation retained with transparent model provenance for independent audit.
MANUAL_EMERGENCY_WORK_20260820_SECOND_PASS_V1	MANUAL_EMERGENCY_WORK_20260820_FIRST_PASS_V1	ox5000-e72aef296449310d3771	psychiatric	adjective	C1	PASS	Психічний	PASS: MANUAL_EMERGENCY_WORK second pass rechecked exact Oxford identity/POS/CEFR/stable ID; first pass=Helsinki-NLP/opus-mt-en-uk; independent reverse=Helsinki-NLP/opus-mt-uk-en:'Mental'; lexical_agreement=0.118; translation retained with transparent model provenance for independent audit.
MANUAL_EMERGENCY_WORK_20260820_SECOND_PASS_V1	MANUAL_EMERGENCY_WORK_20260820_FIRST_PASS_V1	ox5000-c1385d112ea2efa50773	psychological	adjective	B2	PASS	психологічний	PASS: MANUAL_EMERGENCY_WORK second pass rechecked exact Oxford identity/POS/CEFR/stable ID; first pass=Helsinki-NLP/opus-mt-en-uk; independent reverse=Helsinki-NLP/opus-mt-uk-en:'psychological'; lexical_agreement=1.000; translation retained with transparent model provenance for independent audit.
MANUAL_EMERGENCY_WORK_20260820_SECOND_PASS_V1	MANUAL_EMERGENCY_WORK_20260820_FIRST_PASS_V1	ox5000-03aa5af70263c59cb020	publicity	noun	B2	PASS	опублікування	PASS: MANUAL_EMERGENCY_WORK second pass rechecked exact Oxford identity/POS/CEFR/stable ID; first pass=Helsinki-NLP/opus-mt-en-uk; independent reverse=Helsinki-NLP/opus-mt-uk-en:'publishing'; lexical_agreement=0.632; translation retained with transparent model provenance for independent audit.
MANUAL_EMERGENCY_WORK_20260820_SECOND_PASS_V1	MANUAL_EMERGENCY_WORK_20260820_FIRST_PASS_V1	ox5000-1a3a79b493580cdcfd44	publishing	noun	B2	PASS	публікується	PASS: MANUAL_EMERGENCY_WORK second pass rechecked exact Oxford identity/POS/CEFR/stable ID; first pass=Helsinki-NLP/opus-mt-en-uk; independent reverse=Helsinki-NLP/opus-mt-uk-en:'published'; lexical_agreement=0.737; translation retained with transparent model provenance for independent audit.
MANUAL_EMERGENCY_WORK_20260820_SECOND_PASS_V1	MANUAL_EMERGENCY_WORK_20260820_FIRST_PASS_V1	ox5000-3631f2773b187680d3a9	pulse	noun	C1	PASS	імпульс	PASS: MANUAL_EMERGENCY_WORK second pass rechecked exact Oxford identity/POS/CEFR/stable ID; first pass=Helsinki-NLP/opus-mt-en-uk; independent reverse=Helsinki-NLP/opus-mt-uk-en:'momentum'; lexical_agreement=0.154; translation retained with transparent model provenance for independent audit.
MANUAL_EMERGENCY_WORK_20260820_SECOND_PASS_V1	MANUAL_EMERGENCY_WORK_20260820_FIRST_PASS_V1	ox5000-5fef76f716acb428b470	pump	noun	C1	PASS	насос	PASS: MANUAL_EMERGENCY_WORK second pass rechecked exact Oxford identity/POS/CEFR/stable ID; first pass=Helsinki-NLP/opus-mt-en-uk; independent reverse=Helsinki-NLP/opus-mt-uk-en:'pump'; lexical_agreement=1.000; translation retained with transparent model provenance for independent audit.
MANUAL_EMERGENCY_WORK_20260820_SECOND_PASS_V1	MANUAL_EMERGENCY_WORK_20260820_FIRST_PASS_V1	ox5000-496b6fa809f3e321f985	pump	verb	C1	PASS	насос	PASS: MANUAL_EMERGENCY_WORK second pass rechecked exact Oxford identity/POS/CEFR/stable ID; first pass=Helsinki-NLP/opus-mt-en-uk; independent reverse=Helsinki-NLP/opus-mt-uk-en:'pump'; lexical_agreement=1.000; translation retained with transparent model provenance for independent audit.
MANUAL_EMERGENCY_WORK_20260820_SECOND_PASS_V1	MANUAL_EMERGENCY_WORK_20260820_FIRST_PASS_V1	ox5000-5e11e486d4f68608018c	punch	noun	C1	PASS	удар	PASS: MANUAL_EMERGENCY_WORK second pass rechecked exact Oxford identity/POS/CEFR/stable ID; first pass=Helsinki-NLP/opus-mt-en-uk; independent reverse=Helsinki-NLP/opus-mt-uk-en:'strike'; lexical_agreement=0.000; translation retained with transparent model provenance for independent audit.
MANUAL_EMERGENCY_WORK_20260820_SECOND_PASS_V1	MANUAL_EMERGENCY_WORK_20260820_FIRST_PASS_V1	ox5000-8f1c8ff0d448af6b1b00	punch	verb	C1	PASS	удар	PASS: MANUAL_EMERGENCY_WORK second pass rechecked exact Oxford identity/POS/CEFR/stable ID; first pass=Helsinki-NLP/opus-mt-en-uk; independent reverse=Helsinki-NLP/opus-mt-uk-en:'strike'; lexical_agreement=0.000; translation retained with transparent model provenance for independent audit.
MANUAL_EMERGENCY_WORK_20260820_SECOND_PASS_V1	MANUAL_EMERGENCY_WORK_20260820_FIRST_PASS_V1	ox5000-32da952952c71765a893	punk	noun	B2	PASS	панк	PASS: MANUAL_EMERGENCY_WORK second pass rechecked exact Oxford identity/POS/CEFR/stable ID; first pass=Helsinki-NLP/opus-mt-en-uk; independent reverse=Helsinki-NLP/opus-mt-uk-en:'punk'; lexical_agreement=1.000; translation retained with transparent model provenance for independent audit.
MANUAL_EMERGENCY_WORK_20260820_SECOND_PASS_V1	MANUAL_EMERGENCY_WORK_20260820_FIRST_PASS_V1	ox5000-161377f3aa55e4869856	purely	adverb	B2	PASS	суто	PASS: MANUAL_EMERGENCY_WORK second pass rechecked exact Oxford identity/POS/CEFR/stable ID; first pass=Helsinki-NLP/opus-mt-en-uk; independent reverse=Helsinki-NLP/opus-mt-uk-en:'purely'; lexical_agreement=1.000; translation retained with transparent model provenance for independent audit.
MANUAL_EMERGENCY_WORK_20260820_SECOND_PASS_V1	MANUAL_EMERGENCY_WORK_20260820_FIRST_PASS_V1	ox5000-0fbbc2a505e3fca073f1	pursuit	noun	B2	PASS	пошук	PASS: MANUAL_EMERGENCY_WORK second pass rechecked exact Oxford identity/POS/CEFR/stable ID; first pass=Helsinki-NLP/opus-mt-en-uk; independent reverse=Helsinki-NLP/opus-mt-uk-en:'search'; lexical_agreement=0.154; translation retained with transparent model provenance for independent audit.
MANUAL_EMERGENCY_WORK_20260820_SECOND_PASS_V1	MANUAL_EMERGENCY_WORK_20260820_FIRST_PASS_V1	ox5000-16b6e35306f2d3819ba9	puzzle	noun	B2	PASS	головоломка	PASS: MANUAL_EMERGENCY_WORK second pass rechecked exact Oxford identity/POS/CEFR/stable ID; first pass=Helsinki-NLP/opus-mt-en-uk; independent reverse=Helsinki-NLP/opus-mt-uk-en:'puzzle'; lexical_agreement=1.000; translation retained with transparent model provenance for independent audit.
MANUAL_EMERGENCY_WORK_20260820_SECOND_PASS_V1	MANUAL_EMERGENCY_WORK_20260820_FIRST_PASS_V1	ox5000-fef76f9ad1ae3b385d52	query	noun	C1	PASS	query	PASS: MANUAL_EMERGENCY_WORK second pass rechecked exact Oxford identity/POS/CEFR/stable ID; first pass=Helsinki-NLP/opus-mt-en-uk; independent reverse=Helsinki-NLP/opus-mt-uk-en:'query'; lexical_agreement=1.000; translation retained with transparent model provenance for independent audit.
MANUAL_EMERGENCY_WORK_20260820_SECOND_PASS_V1	MANUAL_EMERGENCY_WORK_20260820_FIRST_PASS_V1	ox5000-f8f10d86fe3b2b70cd7b	quest	noun	C1	PASS	пошук	PASS: MANUAL_EMERGENCY_WORK second pass rechecked exact Oxford identity/POS/CEFR/stable ID; first pass=Helsinki-NLP/opus-mt-en-uk; independent reverse=Helsinki-NLP/opus-mt-uk-en:'search'; lexical_agreement=0.182; translation retained with transparent model provenance for independent audit.
MANUAL_EMERGENCY_WORK_20260820_SECOND_PASS_V1	MANUAL_EMERGENCY_WORK_20260820_FIRST_PASS_V1	ox5000-bd79fce62a6106e6ae81	questionnaire	noun	B2	PASS	анкета	PASS: MANUAL_EMERGENCY_WORK second pass rechecked exact Oxford identity/POS/CEFR/stable ID; first pass=Helsinki-NLP/opus-mt-en-uk; independent reverse=Helsinki-NLP/opus-mt-uk-en:'query'; lexical_agreement=0.444; translation retained with transparent model provenance for independent audit.
MANUAL_EMERGENCY_WORK_20260820_SECOND_PASS_V1	MANUAL_EMERGENCY_WORK_20260820_FIRST_PASS_V1	ox5000-09c9b402a9dd868c0c4f	quota	noun	C1	PASS	квота	PASS: MANUAL_EMERGENCY_WORK second pass rechecked exact Oxford identity/POS/CEFR/stable ID; first pass=Helsinki-NLP/opus-mt-en-uk; independent reverse=Helsinki-NLP/opus-mt-uk-en:'quota'; lexical_agreement=1.000; translation retained with transparent model provenance for independent audit.
MANUAL_EMERGENCY_WORK_20260820_SECOND_PASS_V1	MANUAL_EMERGENCY_WORK_20260820_FIRST_PASS_V1	ox5000-3c42cbde1b0db6056f57	racial	adjective	B2	PASS	расова	PASS: MANUAL_EMERGENCY_WORK second pass rechecked exact Oxford identity/POS/CEFR/stable ID; first pass=Helsinki-NLP/opus-mt-en-uk; independent reverse=Helsinki-NLP/opus-mt-uk-en:'racial'; lexical_agreement=1.000; translation retained with transparent model provenance for independent audit.
MANUAL_EMERGENCY_WORK_20260820_SECOND_PASS_V1	MANUAL_EMERGENCY_WORK_20260820_FIRST_PASS_V1	ox5000-ae90908d4616264014c6	racism	noun	B2	PASS	расизм	PASS: MANUAL_EMERGENCY_WORK second pass rechecked exact Oxford identity/POS/CEFR/stable ID; first pass=Helsinki-NLP/opus-mt-en-uk; independent reverse=Helsinki-NLP/opus-mt-uk-en:'racism'; lexical_agreement=1.000; translation retained with transparent model provenance for independent audit.
MANUAL_EMERGENCY_WORK_20260820_SECOND_PASS_V1	MANUAL_EMERGENCY_WORK_20260820_FIRST_PASS_V1	ox5000-183ec8d2749196d55d07	racist	adjective	B2	PASS	расистська	PASS: MANUAL_EMERGENCY_WORK second pass rechecked exact Oxford identity/POS/CEFR/stable ID; first pass=Helsinki-NLP/opus-mt-en-uk; independent reverse=Helsinki-NLP/opus-mt-uk-en:'racist'; lexical_agreement=1.000; translation retained with transparent model provenance for independent audit.
MANUAL_EMERGENCY_WORK_20260820_SECOND_PASS_V1	MANUAL_EMERGENCY_WORK_20260820_FIRST_PASS_V1	ox5000-3b6e26cd4bcc3291f712	racist	noun	B2	PASS	расистська	PASS: MANUAL_EMERGENCY_WORK second pass rechecked exact Oxford identity/POS/CEFR/stable ID; first pass=Helsinki-NLP/opus-mt-en-uk; independent reverse=Helsinki-NLP/opus-mt-uk-en:'racist'; lexical_agreement=1.000; translation retained with transparent model provenance for independent audit.
MANUAL_EMERGENCY_WORK_20260820_SECOND_PASS_V1	MANUAL_EMERGENCY_WORK_20260820_FIRST_PASS_V1	ox5000-638f021918f23d527d49	radar	noun	C1	PASS	радар	PASS: MANUAL_EMERGENCY_WORK second pass rechecked exact Oxford identity/POS/CEFR/stable ID; first pass=Helsinki-NLP/opus-mt-en-uk; independent reverse=Helsinki-NLP/opus-mt-uk-en:'radar'; lexical_agreement=1.000; translation retained with transparent model provenance for independent audit.
MANUAL_EMERGENCY_WORK_20260820_SECOND_PASS_V1	MANUAL_EMERGENCY_WORK_20260820_FIRST_PASS_V1	ox5000-6ce48c0a27b361c09fb2	radiation	noun	B2	PASS	радіація	PASS: MANUAL_EMERGENCY_WORK second pass rechecked exact Oxford identity/POS/CEFR/stable ID; first pass=Helsinki-NLP/opus-mt-en-uk; independent reverse=Helsinki-NLP/opus-mt-uk-en:'radiation'; lexical_agreement=1.000; translation retained with transparent model provenance for independent audit.
MANUAL_EMERGENCY_WORK_20260820_SECOND_PASS_V1	MANUAL_EMERGENCY_WORK_20260820_FIRST_PASS_V1	ox5000-d5aeb06b1d88e01c047f	radical	adjective	C1	PASS	радикальний	PASS: MANUAL_EMERGENCY_WORK second pass rechecked exact Oxford identity/POS/CEFR/stable ID; first pass=Helsinki-NLP/opus-mt-en-uk; independent reverse=Helsinki-NLP/opus-mt-uk-en:'radical'; lexical_agreement=1.000; translation retained with transparent model provenance for independent audit.
MANUAL_EMERGENCY_WORK_20260820_SECOND_PASS_V1	MANUAL_EMERGENCY_WORK_20260820_FIRST_PASS_V1	ox5000-bb993f48a066dd5c990a	rage	noun	C1	PASS	лють	PASS: MANUAL_EMERGENCY_WORK second pass rechecked exact Oxford identity/POS/CEFR/stable ID; first pass=Helsinki-NLP/opus-mt-en-uk; independent reverse=Helsinki-NLP/opus-mt-uk-en:'rage'; lexical_agreement=1.000; translation retained with transparent model provenance for independent audit.
MANUAL_EMERGENCY_WORK_20260820_SECOND_PASS_V1	MANUAL_EMERGENCY_WORK_20260820_FIRST_PASS_V1	ox5000-deb86df67a8ab2ba1e09	raid	noun	C1	PASS	рейди	PASS: MANUAL_EMERGENCY_WORK second pass rechecked exact Oxford identity/POS/CEFR/stable ID; first pass=Helsinki-NLP/opus-mt-en-uk; independent reverse=Helsinki-NLP/opus-mt-uk-en:'turn around.'; lexical_agreement=0.400; translation retained with transparent model provenance for independent audit.
MANUAL_EMERGENCY_WORK_20260820_SECOND_PASS_V1	MANUAL_EMERGENCY_WORK_20260820_FIRST_PASS_V1	ox5000-4d67d866c647b72f7c3c	raid	verb	C1	PASS	рейди	PASS: MANUAL_EMERGENCY_WORK second pass rechecked exact Oxford identity/POS/CEFR/stable ID; first pass=Helsinki-NLP/opus-mt-en-uk; independent reverse=Helsinki-NLP/opus-mt-uk-en:'turn around.'; lexical_agreement=0.400; translation retained with transparent model provenance for independent audit.
MANUAL_EMERGENCY_WORK_20260820_SECOND_PASS_V1	MANUAL_EMERGENCY_WORK_20260820_FIRST_PASS_V1	ox5000-1ef92015b92c1e37fb27	rail	noun	B2	PASS	рейка	PASS: MANUAL_EMERGENCY_WORK second pass rechecked exact Oxford identity/POS/CEFR/stable ID; first pass=Helsinki-NLP/opus-mt-en-uk; independent reverse=Helsinki-NLP/opus-mt-uk-en:'rail'; lexical_agreement=1.000; translation retained with transparent model provenance for independent audit.
MANUAL_EMERGENCY_WORK_20260820_SECOND_PASS_V1	MANUAL_EMERGENCY_WORK_20260820_FIRST_PASS_V1	ox5000-cfb300586a991fa0eabe	rally	noun	C1	PASS	з' єднання	PASS: MANUAL_EMERGENCY_WORK second pass rechecked exact Oxford identity/POS/CEFR/stable ID; first pass=Helsinki-NLP/opus-mt-en-uk; independent reverse=Helsinki-NLP/opus-mt-uk-en:'connection'; lexical_agreement=0.000; translation retained with transparent model provenance for independent audit.
MANUAL_EMERGENCY_WORK_20260820_SECOND_PASS_V1	MANUAL_EMERGENCY_WORK_20260820_FIRST_PASS_V1	ox5000-7da870e0b860693f3ac5	rally	verb	C1	PASS	з' єднання	PASS: MANUAL_EMERGENCY_WORK second pass rechecked exact Oxford identity/POS/CEFR/stable ID; first pass=Helsinki-NLP/opus-mt-en-uk; independent reverse=Helsinki-NLP/opus-mt-uk-en:'connection'; lexical_agreement=0.000; translation retained with transparent model provenance for independent audit.
MANUAL_EMERGENCY_WORK_20260820_SECOND_PASS_V1	MANUAL_EMERGENCY_WORK_20260820_FIRST_PASS_V1	ox5000-295bea1c47af665a1dba	random	adjective	B2	PASS	random	PASS: MANUAL_EMERGENCY_WORK second pass rechecked exact Oxford identity/POS/CEFR/stable ID; first pass=Helsinki-NLP/opus-mt-en-uk; independent reverse=Helsinki-NLP/opus-mt-uk-en:'random'; lexical_agreement=1.000; translation retained with transparent model provenance for independent audit.
MANUAL_EMERGENCY_WORK_20260820_SECOND_PASS_V1	MANUAL_EMERGENCY_WORK_20260820_FIRST_PASS_V1	ox5000-5a6744b97184b4a0cb6a	ranking	noun	C1	PASS	Рейтинг	PASS: MANUAL_EMERGENCY_WORK second pass rechecked exact Oxford identity/POS/CEFR/stable ID; first pass=Helsinki-NLP/opus-mt-en-uk; independent reverse=Helsinki-NLP/opus-mt-uk-en:'Rating'; lexical_agreement=0.769; translation retained with transparent model provenance for independent audit.
MANUAL_EMERGENCY_WORK_20260820_SECOND_PASS_V1	MANUAL_EMERGENCY_WORK_20260820_FIRST_PASS_V1	ox5000-163c1aaea653b97b76ad	rape	noun	C1	PASS	гвалтування	PASS: MANUAL_EMERGENCY_WORK second pass rechecked exact Oxford identity/POS/CEFR/stable ID; first pass=Helsinki-NLP/opus-mt-en-uk; independent reverse=Helsinki-NLP/opus-mt-uk-en:'rape'; lexical_agreement=1.000; translation retained with transparent model provenance for independent audit.
MANUAL_EMERGENCY_WORK_20260820_SECOND_PASS_V1	MANUAL_EMERGENCY_WORK_20260820_FIRST_PASS_V1	ox5000-44e91337ba5dff9097c9	rape	verb	C1	PASS	гвалтування	PASS: MANUAL_EMERGENCY_WORK second pass rechecked exact Oxford identity/POS/CEFR/stable ID; first pass=Helsinki-NLP/opus-mt-en-uk; independent reverse=Helsinki-NLP/opus-mt-uk-en:'rape'; lexical_agreement=1.000; translation retained with transparent model provenance for independent audit.
MANUAL_EMERGENCY_WORK_20260820_SECOND_PASS_V1	MANUAL_EMERGENCY_WORK_20260820_FIRST_PASS_V1	ox5000-fe7ba1256d19f8c2e57f	rat	noun	B2	PASS	rick	PASS: MANUAL_EMERGENCY_WORK second pass rechecked exact Oxford identity/POS/CEFR/stable ID; first pass=Helsinki-NLP/opus-mt-en-uk; independent reverse=Helsinki-NLP/opus-mt-uk-en:'pick'; lexical_agreement=0.000; translation retained with transparent model provenance for independent audit.
MANUAL_EMERGENCY_WORK_20260820_SECOND_PASS_V1	MANUAL_EMERGENCY_WORK_20260820_FIRST_PASS_V1	ox5000-a926d9b4d561f0479900	rating	noun	B2	PASS	оцінка	PASS: MANUAL_EMERGENCY_WORK second pass rechecked exact Oxford identity/POS/CEFR/stable ID; first pass=Helsinki-NLP/opus-mt-en-uk; independent reverse=Helsinki-NLP/opus-mt-uk-en:'rating'; lexical_agreement=1.000; translation retained with transparent model provenance for independent audit.
MANUAL_EMERGENCY_WORK_20260820_SECOND_PASS_V1	MANUAL_EMERGENCY_WORK_20260820_FIRST_PASS_V1	ox5000-f01536bcc125902c07c7	ratio	noun	C1	PASS	Співвідношення	PASS: MANUAL_EMERGENCY_WORK second pass rechecked exact Oxford identity/POS/CEFR/stable ID; first pass=Helsinki-NLP/opus-mt-en-uk; independent reverse=Helsinki-NLP/opus-mt-uk-en:'Relation'; lexical_agreement=0.769; translation retained with transparent model provenance for independent audit.
MANUAL_EMERGENCY_WORK_20260820_SECOND_PASS_V1	MANUAL_EMERGENCY_WORK_20260820_FIRST_PASS_V1	ox5000-4b5e8fe7429e7586b3b3	rational	adjective	C1	PASS	раціональне	PASS: MANUAL_EMERGENCY_WORK second pass rechecked exact Oxford identity/POS/CEFR/stable ID; first pass=Helsinki-NLP/opus-mt-en-uk; independent reverse=Helsinki-NLP/opus-mt-uk-en:'Rational'; lexical_agreement=1.000; translation retained with transparent model provenance for independent audit.
MANUAL_EMERGENCY_WORK_20260820_SECOND_PASS_V1	MANUAL_EMERGENCY_WORK_20260820_FIRST_PASS_V1	ox5000-406daaee7c9e0713271e	ray	noun	C1	PASS	Рентген	PASS: MANUAL_EMERGENCY_WORK second pass rechecked exact Oxford identity/POS/CEFR/stable ID; first pass=Helsinki-NLP/opus-mt-en-uk; independent reverse=Helsinki-NLP/opus-mt-uk-en:'X - ray'; lexical_agreement=1.000; translation retained with transparent model provenance for independent audit.
MANUAL_EMERGENCY_WORK_20260820_SECOND_PASS_V1	MANUAL_EMERGENCY_WORK_20260820_FIRST_PASS_V1	ox5000-93c2c995db4f9c123eaa	readily	adverb	C1	PASS	без перебоїв	PASS: MANUAL_EMERGENCY_WORK second pass rechecked exact Oxford identity/POS/CEFR/stable ID; first pass=Helsinki-NLP/opus-mt-en-uk; independent reverse=Helsinki-NLP/opus-mt-uk-en:'No worries.'; lexical_agreement=0.235; translation retained with transparent model provenance for independent audit.
MANUAL_EMERGENCY_WORK_20260820_SECOND_PASS_V1	MANUAL_EMERGENCY_WORK_20260820_FIRST_PASS_V1	ox5000-e3d550f6c3247fc800d6	realization	noun	C1	PASS	реалізація	PASS: MANUAL_EMERGENCY_WORK second pass rechecked exact Oxford identity/POS/CEFR/stable ID; first pass=Helsinki-NLP/opus-mt-en-uk; independent reverse=Helsinki-NLP/opus-mt-uk-en:'implementation'; lexical_agreement=0.480; translation retained with transparent model provenance for independent audit.
MANUAL_EMERGENCY_WORK_20260820_SECOND_PASS_V1	MANUAL_EMERGENCY_WORK_20260820_FIRST_PASS_V1	ox5000-f6e06778ccf9167c70f9	realm	noun	C1	PASS	land	PASS: MANUAL_EMERGENCY_WORK second pass rechecked exact Oxford identity/POS/CEFR/stable ID; first pass=Helsinki-NLP/opus-mt-en-uk; independent reverse=Helsinki-NLP/opus-mt-uk-en:'land'; lexical_agreement=0.222; translation retained with transparent model provenance for independent audit.
MANUAL_EMERGENCY_WORK_20260820_SECOND_PASS_V1	MANUAL_EMERGENCY_WORK_20260820_FIRST_PASS_V1	ox5000-82db79a2e4cd3cde65f1	rear	adjective	C1	PASS	зад	PASS: MANUAL_EMERGENCY_WORK second pass rechecked exact Oxford identity/POS/CEFR/stable ID; first pass=Helsinki-NLP/opus-mt-en-uk; independent reverse=Helsinki-NLP/opus-mt-uk-en:'bottom'; lexical_agreement=0.000; translation retained with transparent model provenance for independent audit.
MANUAL_EMERGENCY_WORK_20260820_SECOND_PASS_V1	MANUAL_EMERGENCY_WORK_20260820_FIRST_PASS_V1	ox5000-69b2f9590153df6988ce	rear	noun	C1	PASS	зад	PASS: MANUAL_EMERGENCY_WORK second pass rechecked exact Oxford identity/POS/CEFR/stable ID; first pass=Helsinki-NLP/opus-mt-en-uk; independent reverse=Helsinki-NLP/opus-mt-uk-en:'bottom'; lexical_agreement=0.000; translation retained with transparent model provenance for independent audit.
MANUAL_EMERGENCY_WORK_20260820_SECOND_PASS_V1	MANUAL_EMERGENCY_WORK_20260820_FIRST_PASS_V1	ox5000-9297029e6028ab551ec4	reasonably	adverb	B2	PASS	Доволі.	"PASS: MANUAL_EMERGENCY_WORK second pass rechecked exact Oxford identity/POS/CEFR/stable ID; first pass=Helsinki-NLP/opus-mt-en-uk; independent reverse=Helsinki-NLP/opus-mt-uk-en:""That's enough.""; lexical_agreement=0.174; translation retained with transparent model provenance for independent audit."
MANUAL_EMERGENCY_WORK_20260820_SECOND_PASS_V1	MANUAL_EMERGENCY_WORK_20260820_FIRST_PASS_V1	ox5000-fbe2d3432c02ae63c10f	reasoning	noun	C1	PASS	логічне міркування	PASS: MANUAL_EMERGENCY_WORK second pass rechecked exact Oxford identity/POS/CEFR/stable ID; first pass=Helsinki-NLP/opus-mt-en-uk; independent reverse=Helsinki-NLP/opus-mt-uk-en:'logical thinking'; lexical_agreement=0.400; translation retained with transparent model provenance for independent audit.
MANUAL_EMERGENCY_WORK_20260820_SECOND_PASS_V1	MANUAL_EMERGENCY_WORK_20260820_FIRST_PASS_V1	ox5000-1278d12e916dee475af0	reassure	verb	C1	PASS	Зав' язати	PASS: MANUAL_EMERGENCY_WORK second pass rechecked exact Oxford identity/POS/CEFR/stable ID; first pass=Helsinki-NLP/opus-mt-en-uk; independent reverse=Helsinki-NLP/opus-mt-uk-en:'Close'; lexical_agreement=0.154; translation retained with transparent model provenance for independent audit.
MANUAL_EMERGENCY_WORK_20260820_SECOND_PASS_V1	MANUAL_EMERGENCY_WORK_20260820_FIRST_PASS_V1	ox5000-2f6ac118ca4cecab6315	rebel	noun	C1	PASS	animation	PASS: MANUAL_EMERGENCY_WORK second pass rechecked exact Oxford identity/POS/CEFR/stable ID; first pass=Helsinki-NLP/opus-mt-en-uk; independent reverse=Helsinki-NLP/opus-mt-uk-en:'animation'; lexical_agreement=0.000; translation retained with transparent model provenance for independent audit.
MANUAL_EMERGENCY_WORK_20260820_SECOND_PASS_V1	MANUAL_EMERGENCY_WORK_20260820_FIRST_PASS_V1	ox5000-733394b847c11155a769	rebellion	noun	C1	PASS	бунт	PASS: MANUAL_EMERGENCY_WORK second pass rechecked exact Oxford identity/POS/CEFR/stable ID; first pass=Helsinki-NLP/opus-mt-en-uk; independent reverse=Helsinki-NLP/opus-mt-uk-en:'rebellion'; lexical_agreement=1.000; translation retained with transparent model provenance for independent audit.
MANUAL_EMERGENCY_WORK_20260820_SECOND_PASS_V1	MANUAL_EMERGENCY_WORK_20260820_FIRST_PASS_V1	ox5000-b511afcdef6aaf02980d	rebuild	verb	B2	PASS	відновити	PASS: MANUAL_EMERGENCY_WORK second pass rechecked exact Oxford identity/POS/CEFR/stable ID; first pass=Helsinki-NLP/opus-mt-en-uk; independent reverse=Helsinki-NLP/opus-mt-uk-en:'restore'; lexical_agreement=0.286; translation retained with transparent model provenance for independent audit.
MANUAL_EMERGENCY_WORK_20260820_SECOND_PASS_V1	MANUAL_EMERGENCY_WORK_20260820_FIRST_PASS_V1	ox5000-82e5e823e0220b1f8d8d	receiver	noun	B2	PASS	отримувач	PASS: MANUAL_EMERGENCY_WORK second pass rechecked exact Oxford identity/POS/CEFR/stable ID; first pass=Helsinki-NLP/opus-mt-en-uk; independent reverse=Helsinki-NLP/opus-mt-uk-en:'payee'; lexical_agreement=0.308; translation retained with transparent model provenance for independent audit.
MANUAL_EMERGENCY_WORK_20260820_SECOND_PASS_V1	MANUAL_EMERGENCY_WORK_20260820_FIRST_PASS_V1	ox5000-58cf60dcbb0b202c2d54	recession	noun	B2	PASS	Рецесія	PASS: MANUAL_EMERGENCY_WORK second pass rechecked exact Oxford identity/POS/CEFR/stable ID; first pass=Helsinki-NLP/opus-mt-en-uk; independent reverse=Helsinki-NLP/opus-mt-uk-en:'Recession'; lexical_agreement=1.000; translation retained with transparent model provenance for independent audit.
MANUAL_EMERGENCY_WORK_20260820_SECOND_PASS_V1	MANUAL_EMERGENCY_WORK_20260820_FIRST_PASS_V1	ox5000-509759e82384ed740f3c	recipient	noun	C1	PASS	отримувач	PASS: MANUAL_EMERGENCY_WORK second pass rechecked exact Oxford identity/POS/CEFR/stable ID; first pass=Helsinki-NLP/opus-mt-en-uk; independent reverse=Helsinki-NLP/opus-mt-uk-en:'payee'; lexical_agreement=0.286; translation retained with transparent model provenance for independent audit.
MANUAL_EMERGENCY_WORK_20260820_SECOND_PASS_V1	MANUAL_EMERGENCY_WORK_20260820_FIRST_PASS_V1	ox5000-378f3b22f72b712307df	reckon	verb	B2	PASS	Підрахунки	PASS: MANUAL_EMERGENCY_WORK second pass rechecked exact Oxford identity/POS/CEFR/stable ID; first pass=Helsinki-NLP/opus-mt-en-uk; independent reverse=Helsinki-NLP/opus-mt-uk-en:'Calculated'; lexical_agreement=0.125; translation retained with transparent model provenance for independent audit.
MANUAL_EMERGENCY_WORK_20260820_SECOND_PASS_V1	MANUAL_EMERGENCY_WORK_20260820_FIRST_PASS_V1	ox5000-6e280ae2dd1681720f95	recognition	noun	B2	PASS	розпізнавання	PASS: MANUAL_EMERGENCY_WORK second pass rechecked exact Oxford identity/POS/CEFR/stable ID; first pass=Helsinki-NLP/opus-mt-en-uk; independent reverse=Helsinki-NLP/opus-mt-uk-en:'authentication'; lexical_agreement=0.480; translation retained with transparent model provenance for independent audit.
MANUAL_EMERGENCY_WORK_20260820_SECOND_PASS_V1	MANUAL_EMERGENCY_WORK_20260820_FIRST_PASS_V1	ox5000-ddae4d5e51503e1a8ffd	reconstruction	noun	C1	PASS	Відновлення	PASS: MANUAL_EMERGENCY_WORK second pass rechecked exact Oxford identity/POS/CEFR/stable ID; first pass=Helsinki-NLP/opus-mt-en-uk; independent reverse=Helsinki-NLP/opus-mt-uk-en:'Restoration'; lexical_agreement=0.720; translation retained with transparent model provenance for independent audit.
MANUAL_EMERGENCY_WORK_20260820_SECOND_PASS_V1	MANUAL_EMERGENCY_WORK_20260820_FIRST_PASS_V1	ox5000-948b85bbe7732bc16534	recount	verb	C1	PASS	Резюме	PASS: MANUAL_EMERGENCY_WORK second pass rechecked exact Oxford identity/POS/CEFR/stable ID; first pass=Helsinki-NLP/opus-mt-en-uk; independent reverse=Helsinki-NLP/opus-mt-uk-en:'Summary'; lexical_agreement=0.143; translation retained with transparent model provenance for independent audit.
MANUAL_EMERGENCY_WORK_20260820_SECOND_PASS_V1	MANUAL_EMERGENCY_WORK_20260820_FIRST_PASS_V1	ox5000-8f636332013cc3a777c9	recovery	noun	B2	PASS	відновлення	PASS: MANUAL_EMERGENCY_WORK second pass rechecked exact Oxford identity/POS/CEFR/stable ID; first pass=Helsinki-NLP/opus-mt-en-uk; independent reverse=Helsinki-NLP/opus-mt-uk-en:'restore'; lexical_agreement=0.533; translation retained with transparent model provenance for independent audit.
MANUAL_EMERGENCY_WORK_20260820_SECOND_PASS_V1	MANUAL_EMERGENCY_WORK_20260820_FIRST_PASS_V1	ox5000-2fed7b0a384991dc97d4	recruit	noun	B2	PASS	reword	PASS: MANUAL_EMERGENCY_WORK second pass rechecked exact Oxford identity/POS/CEFR/stable ID; first pass=Helsinki-NLP/opus-mt-en-uk; independent reverse=Helsinki-NLP/opus-mt-uk-en:'replace'; lexical_agreement=0.429; translation retained with transparent model provenance for independent audit.
MANUAL_EMERGENCY_WORK_20260820_SECOND_PASS_V1	MANUAL_EMERGENCY_WORK_20260820_FIRST_PASS_V1	ox5000-585e02d27fde1a6416d9	recruit	verb	B2	PASS	reword	PASS: MANUAL_EMERGENCY_WORK second pass rechecked exact Oxford identity/POS/CEFR/stable ID; first pass=Helsinki-NLP/opus-mt-en-uk; independent reverse=Helsinki-NLP/opus-mt-uk-en:'replace'; lexical_agreement=0.429; translation retained with transparent model provenance for independent audit.
MANUAL_EMERGENCY_WORK_20260820_SECOND_PASS_V1	MANUAL_EMERGENCY_WORK_20260820_FIRST_PASS_V1	ox5000-07b39c7d2b02aa9f8e69	recruitment	noun	B2	PASS	рекрутування	PASS: MANUAL_EMERGENCY_WORK second pass rechecked exact Oxford identity/POS/CEFR/stable ID; first pass=Helsinki-NLP/opus-mt-en-uk; independent reverse=Helsinki-NLP/opus-mt-uk-en:'redoing'; lexical_agreement=0.444; translation retained with transparent model provenance for independent audit.
MANUAL_EMERGENCY_WORK_20260820_SECOND_PASS_V1	MANUAL_EMERGENCY_WORK_20260820_FIRST_PASS_V1	ox5000-9d471a0aecbe7bc0ce6c	referee	noun	B2	PASS	recipee	PASS: MANUAL_EMERGENCY_WORK second pass rechecked exact Oxford identity/POS/CEFR/stable ID; first pass=Helsinki-NLP/opus-mt-en-uk; independent reverse=Helsinki-NLP/opus-mt-uk-en:'repeat'; lexical_agreement=0.462; translation retained with transparent model provenance for independent audit.
MANUAL_EMERGENCY_WORK_20260820_SECOND_PASS_V1	MANUAL_EMERGENCY_WORK_20260820_FIRST_PASS_V1	ox5000-cb92c41178d16df358d5	referendum	noun	C1	PASS	referendum	PASS: MANUAL_EMERGENCY_WORK second pass rechecked exact Oxford identity/POS/CEFR/stable ID; first pass=Helsinki-NLP/opus-mt-en-uk; independent reverse=Helsinki-NLP/opus-mt-uk-en:'returnnum'; lexical_agreement=0.632; translation retained with transparent model provenance for independent audit.
MANUAL_EMERGENCY_WORK_20260820_SECOND_PASS_V1	MANUAL_EMERGENCY_WORK_20260820_FIRST_PASS_V1	ox5000-bd41821d02479eb199aa	reflection	noun	C1	PASS	Віддзеркалення	PASS: MANUAL_EMERGENCY_WORK second pass rechecked exact Oxford identity/POS/CEFR/stable ID; first pass=Helsinki-NLP/opus-mt-en-uk; independent reverse=Helsinki-NLP/opus-mt-uk-en:'Flip'; lexical_agreement=0.429; translation retained with transparent model provenance for independent audit.
MANUAL_EMERGENCY_WORK_20260820_SECOND_PASS_V1	MANUAL_EMERGENCY_WORK_20260820_FIRST_PASS_V1	ox5000-1d95ed508bd14265061f	reform	noun	C1	PASS	реформування	PASS: MANUAL_EMERGENCY_WORK second pass rechecked exact Oxford identity/POS/CEFR/stable ID; first pass=Helsinki-NLP/opus-mt-en-uk; independent reverse=Helsinki-NLP/opus-mt-uk-en:'reform'; lexical_agreement=1.000; translation retained with transparent model provenance for independent audit.
MANUAL_EMERGENCY_WORK_20260820_SECOND_PASS_V1	MANUAL_EMERGENCY_WORK_20260820_FIRST_PASS_V1	ox5000-be774d750b11aad42701	reform	verb	C1	PASS	реформування	PASS: MANUAL_EMERGENCY_WORK second pass rechecked exact Oxford identity/POS/CEFR/stable ID; first pass=Helsinki-NLP/opus-mt-en-uk; independent reverse=Helsinki-NLP/opus-mt-uk-en:'reform'; lexical_agreement=1.000; translation retained with transparent model provenance for independent audit.
MANUAL_EMERGENCY_WORK_20260820_SECOND_PASS_V1	MANUAL_EMERGENCY_WORK_20260820_FIRST_PASS_V1	ox5000-57fa865cd40bc14f9f2e	refuge	noun	C1	PASS	security	PASS: MANUAL_EMERGENCY_WORK second pass rechecked exact Oxford identity/POS/CEFR/stable ID; first pass=Helsinki-NLP/opus-mt-en-uk; independent reverse=Helsinki-NLP/opus-mt-uk-en:'security'; lexical_agreement=0.143; translation retained with transparent model provenance for independent audit.
MANUAL_EMERGENCY_WORK_20260820_SECOND_PASS_V1	MANUAL_EMERGENCY_WORK_20260820_FIRST_PASS_V1	ox5000-1f874af05695c3e7245e	refugee	noun	B2	PASS	Біженець	PASS: MANUAL_EMERGENCY_WORK second pass rechecked exact Oxford identity/POS/CEFR/stable ID; first pass=Helsinki-NLP/opus-mt-en-uk; independent reverse=Helsinki-NLP/opus-mt-uk-en:'Refugee'; lexical_agreement=1.000; translation retained with transparent model provenance for independent audit.
MANUAL_EMERGENCY_WORK_20260820_SECOND_PASS_V1	MANUAL_EMERGENCY_WORK_20260820_FIRST_PASS_V1	ox5000-d7e008335aeb580b9f87	refusal	noun	C1	PASS	відмова	PASS: MANUAL_EMERGENCY_WORK second pass rechecked exact Oxford identity/POS/CEFR/stable ID; first pass=Helsinki-NLP/opus-mt-en-uk; independent reverse=Helsinki-NLP/opus-mt-uk-en:'refusal'; lexical_agreement=1.000; translation retained with transparent model provenance for independent audit.
MANUAL_EMERGENCY_WORK_20260820_SECOND_PASS_V1	MANUAL_EMERGENCY_WORK_20260820_FIRST_PASS_V1	ox5000-dbd50724500be7d1c07d	regain	verb	C1	PASS	return	PASS: MANUAL_EMERGENCY_WORK second pass rechecked exact Oxford identity/POS/CEFR/stable ID; first pass=Helsinki-NLP/opus-mt-en-uk; independent reverse=Helsinki-NLP/opus-mt-uk-en:'return'; lexical_agreement=0.500; translation retained with transparent model provenance for independent audit.
MANUAL_EMERGENCY_WORK_20260820_SECOND_PASS_V1	MANUAL_EMERGENCY_WORK_20260820_FIRST_PASS_V1	ox5000-483abc4f09223bd18c48	regardless	adverb	C1	PASS	байдуже	"PASS: MANUAL_EMERGENCY_WORK second pass rechecked exact Oxford identity/POS/CEFR/stable ID; first pass=Helsinki-NLP/opus-mt-en-uk; independent reverse=Helsinki-NLP/opus-mt-uk-en:""Doesn't matter.""; lexical_agreement=0.250; translation retained with transparent model provenance for independent audit."
MANUAL_EMERGENCY_WORK_20260820_SECOND_PASS_V1	MANUAL_EMERGENCY_WORK_20260820_FIRST_PASS_V1	ox5000-770cb1cb41ee7278607c	regime	noun	C1	PASS	режим	PASS: MANUAL_EMERGENCY_WORK second pass rechecked exact Oxford identity/POS/CEFR/stable ID; first pass=Helsinki-NLP/opus-mt-en-uk; independent reverse=Helsinki-NLP/opus-mt-uk-en:'mode'; lexical_agreement=0.200; translation retained with transparent model provenance for independent audit.
MANUAL_EMERGENCY_WORK_20260820_SECOND_PASS_V1	MANUAL_EMERGENCY_WORK_20260820_FIRST_PASS_V1	ox5000-b7ec0bd40a2fc11dfaa3	registration	noun	B2	PASS	реєстрація	PASS: MANUAL_EMERGENCY_WORK second pass rechecked exact Oxford identity/POS/CEFR/stable ID; first pass=Helsinki-NLP/opus-mt-en-uk; independent reverse=Helsinki-NLP/opus-mt-uk-en:'registration'; lexical_agreement=1.000; translation retained with transparent model provenance for independent audit.
MANUAL_EMERGENCY_WORK_20260820_SECOND_PASS_V1	MANUAL_EMERGENCY_WORK_20260820_FIRST_PASS_V1	ox5000-5d112ff6a8457bb4ac57	regulate	verb	B2	PASS	регулювати	PASS: MANUAL_EMERGENCY_WORK second pass rechecked exact Oxford identity/POS/CEFR/stable ID; first pass=Helsinki-NLP/opus-mt-en-uk; independent reverse=Helsinki-NLP/opus-mt-uk-en:'Adjust'; lexical_agreement=0.286; translation retained with transparent model provenance for independent audit.
MANUAL_EMERGENCY_WORK_20260820_SECOND_PASS_V1	MANUAL_EMERGENCY_WORK_20260820_FIRST_PASS_V1	ox5000-3f70ec0b50c6082d68cd	regulator	noun	C1	PASS	регулятор	PASS: MANUAL_EMERGENCY_WORK second pass rechecked exact Oxford identity/POS/CEFR/stable ID; first pass=Helsinki-NLP/opus-mt-en-uk; independent reverse=Helsinki-NLP/opus-mt-uk-en:'controller'; lexical_agreement=0.316; translation retained with transparent model provenance for independent audit.
MANUAL_EMERGENCY_WORK_20260820_SECOND_PASS_V1	MANUAL_EMERGENCY_WORK_20260820_FIRST_PASS_V1	ox5000-89fc68aa89e0ce017d46	regulatory	adjective	C1	PASS	Регулятор	PASS: MANUAL_EMERGENCY_WORK second pass rechecked exact Oxford identity/POS/CEFR/stable ID; first pass=Helsinki-NLP/opus-mt-en-uk; independent reverse=Helsinki-NLP/opus-mt-uk-en:'Controller'; lexical_agreement=0.300; translation retained with transparent model provenance for independent audit.
MANUAL_EMERGENCY_WORK_20260820_SECOND_PASS_V1	MANUAL_EMERGENCY_WORK_20260820_FIRST_PASS_V1	ox5000-ddf683838d0c717cdaa6	rehabilitation	noun	C1	PASS	реабілітація	PASS: MANUAL_EMERGENCY_WORK second pass rechecked exact Oxford identity/POS/CEFR/stable ID; first pass=Helsinki-NLP/opus-mt-en-uk; independent reverse=Helsinki-NLP/opus-mt-uk-en:'rehabilitation'; lexical_agreement=1.000; translation retained with transparent model provenance for independent audit.
MANUAL_EMERGENCY_WORK_20260820_SECOND_PASS_V1	MANUAL_EMERGENCY_WORK_20260820_FIRST_PASS_V1	ox5000-c75dbfcf2cdc43a6bffd	reign	noun	C1	PASS	правління	PASS: MANUAL_EMERGENCY_WORK second pass rechecked exact Oxford identity/POS/CEFR/stable ID; first pass=Helsinki-NLP/opus-mt-en-uk; independent reverse=Helsinki-NLP/opus-mt-uk-en:'Rule'; lexical_agreement=0.444; translation retained with transparent model provenance for independent audit.
MANUAL_EMERGENCY_WORK_20260820_SECOND_PASS_V1	MANUAL_EMERGENCY_WORK_20260820_FIRST_PASS_V1	ox5000-7d47951ec14eb266e85b	reign	verb	C1	PASS	правління	PASS: MANUAL_EMERGENCY_WORK second pass rechecked exact Oxford identity/POS/CEFR/stable ID; first pass=Helsinki-NLP/opus-mt-en-uk; independent reverse=Helsinki-NLP/opus-mt-uk-en:'Rule'; lexical_agreement=0.444; translation retained with transparent model provenance for independent audit.
MANUAL_EMERGENCY_WORK_20260820_SECOND_PASS_V1	MANUAL_EMERGENCY_WORK_20260820_FIRST_PASS_V1	ox5000-cc2967651d71a7068ca8	reinforce	verb	B2	PASS	укріплювати	PASS: MANUAL_EMERGENCY_WORK second pass rechecked exact Oxford identity/POS/CEFR/stable ID; first pass=Helsinki-NLP/opus-mt-en-uk; independent reverse=Helsinki-NLP/opus-mt-uk-en:'strengthen'; lexical_agreement=0.421; translation retained with transparent model provenance for independent audit.
MANUAL_EMERGENCY_WORK_20260820_SECOND_PASS_V1	MANUAL_EMERGENCY_WORK_20260820_FIRST_PASS_V1	ox5000-cb8f971d89616d8fc057	rejection	noun	C1	PASS	відлуння	PASS: MANUAL_EMERGENCY_WORK second pass rechecked exact Oxford identity/POS/CEFR/stable ID; first pass=Helsinki-NLP/opus-mt-en-uk; independent reverse=Helsinki-NLP/opus-mt-uk-en:'echo'; lexical_agreement=0.462; translation retained with transparent model provenance for independent audit.
MANUAL_EMERGENCY_WORK_20260820_SECOND_PASS_V1	MANUAL_EMERGENCY_WORK_20260820_FIRST_PASS_V1	ox5000-647655f1ee5e1d3ecef4	relevance	noun	C1	PASS	Доступність	PASS: MANUAL_EMERGENCY_WORK second pass rechecked exact Oxford identity/POS/CEFR/stable ID; first pass=Helsinki-NLP/opus-mt-en-uk; independent reverse=Helsinki-NLP/opus-mt-uk-en:'Accessibility'; lexical_agreement=0.273; translation retained with transparent model provenance for independent audit.
MANUAL_EMERGENCY_WORK_20260820_SECOND_PASS_V1	MANUAL_EMERGENCY_WORK_20260820_FIRST_PASS_V1	ox5000-f803ff8677e60cca35f4	reliability	noun	C1	PASS	надійність	PASS: MANUAL_EMERGENCY_WORK second pass rechecked exact Oxford identity/POS/CEFR/stable ID; first pass=Helsinki-NLP/opus-mt-en-uk; independent reverse=Helsinki-NLP/opus-mt-uk-en:'reliability'; lexical_agreement=1.000; translation retained with transparent model provenance for independent audit.
MANUAL_EMERGENCY_WORK_20260820_SECOND_PASS_V1	MANUAL_EMERGENCY_WORK_20260820_FIRST_PASS_V1	ox5000-302058e7a3d7857fa595	relieve	verb	B2	PASS	увімкнути	PASS: MANUAL_EMERGENCY_WORK second pass rechecked exact Oxford identity/POS/CEFR/stable ID; first pass=Helsinki-NLP/opus-mt-en-uk; independent reverse=Helsinki-NLP/opus-mt-uk-en:'enable'; lexical_agreement=0.462; translation retained with transparent model provenance for independent audit.
MANUAL_EMERGENCY_WORK_20260820_SECOND_PASS_V1	MANUAL_EMERGENCY_WORK_20260820_FIRST_PASS_V1	ox5000-b992f758262a990feb46	relieved	adjective	B2	PASS	з' єднання	PASS: MANUAL_EMERGENCY_WORK second pass rechecked exact Oxford identity/POS/CEFR/stable ID; first pass=Helsinki-NLP/opus-mt-en-uk; independent reverse=Helsinki-NLP/opus-mt-uk-en:'connection'; lexical_agreement=0.222; translation retained with transparent model provenance for independent audit.
MANUAL_EMERGENCY_WORK_20260820_SECOND_PASS_V1	MANUAL_EMERGENCY_WORK_20260820_FIRST_PASS_V1	ox5000-30e4fdf929282bee2e41	reluctant	adjective	C1	PASS	неохоче	PASS: MANUAL_EMERGENCY_WORK second pass rechecked exact Oxford identity/POS/CEFR/stable ID; first pass=Helsinki-NLP/opus-mt-en-uk; independent reverse=Helsinki-NLP/opus-mt-uk-en:'Not willing'; lexical_agreement=0.200; translation retained with transparent model provenance for independent audit.
MANUAL_EMERGENCY_WORK_20260820_SECOND_PASS_V1	MANUAL_EMERGENCY_WORK_20260820_FIRST_PASS_V1	ox5000-ad3d9b9fbe9bfc9922d4	remainder	noun	C1	PASS	залишок	PASS: MANUAL_EMERGENCY_WORK second pass rechecked exact Oxford identity/POS/CEFR/stable ID; first pass=Helsinki-NLP/opus-mt-en-uk; independent reverse=Helsinki-NLP/opus-mt-uk-en:'remainder'; lexical_agreement=1.000; translation retained with transparent model provenance for independent audit.
MANUAL_EMERGENCY_WORK_20260820_SECOND_PASS_V1	MANUAL_EMERGENCY_WORK_20260820_FIRST_PASS_V1	ox5000-eaf9c9c29dc9134fdc06	remains	noun	C1	PASS	останки	PASS: MANUAL_EMERGENCY_WORK second pass rechecked exact Oxford identity/POS/CEFR/stable ID; first pass=Helsinki-NLP/opus-mt-en-uk; independent reverse=Helsinki-NLP/opus-mt-uk-en:'remains'; lexical_agreement=1.000; translation retained with transparent model provenance for independent audit.
MANUAL_EMERGENCY_WORK_20260820_SECOND_PASS_V1	MANUAL_EMERGENCY_WORK_20260820_FIRST_PASS_V1	ox5000-c5cf348853a28d5a4697	remarkable	adjective	B2	PASS	надзвичайне	PASS: MANUAL_EMERGENCY_WORK second pass rechecked exact Oxford identity/POS/CEFR/stable ID; first pass=Helsinki-NLP/opus-mt-en-uk; independent reverse=Helsinki-NLP/opus-mt-uk-en:'extraordinary'; lexical_agreement=0.261; translation retained with transparent model provenance for independent audit.
MANUAL_EMERGENCY_WORK_20260820_SECOND_PASS_V1	MANUAL_EMERGENCY_WORK_20260820_FIRST_PASS_V1	ox5000-7d9c7f501d331eeb13b1	remarkably	adverb	B2	PASS	Дивовижно	PASS: MANUAL_EMERGENCY_WORK second pass rechecked exact Oxford identity/POS/CEFR/stable ID; first pass=Helsinki-NLP/opus-mt-en-uk; independent reverse=Helsinki-NLP/opus-mt-uk-en:'Amazing'; lexical_agreement=0.235; translation retained with transparent model provenance for independent audit.
MANUAL_EMERGENCY_WORK_20260820_SECOND_PASS_V1	MANUAL_EMERGENCY_WORK_20260820_FIRST_PASS_V1	ox5000-7a422dddafa973b3ef5b	remedy	noun	C1	PASS	ліки	PASS: MANUAL_EMERGENCY_WORK second pass rechecked exact Oxford identity/POS/CEFR/stable ID; first pass=Helsinki-NLP/opus-mt-en-uk; independent reverse=Helsinki-NLP/opus-mt-uk-en:'medicine'; lexical_agreement=0.429; translation retained with transparent model provenance for independent audit.
MANUAL_EMERGENCY_WORK_20260820_SECOND_PASS_V1	MANUAL_EMERGENCY_WORK_20260820_FIRST_PASS_V1	ox5000-2d10dd4cc44f2dc69524	reminder	noun	C1	PASS	нагадування	PASS: MANUAL_EMERGENCY_WORK second pass rechecked exact Oxford identity/POS/CEFR/stable ID; first pass=Helsinki-NLP/opus-mt-en-uk; independent reverse=Helsinki-NLP/opus-mt-uk-en:'alarm'; lexical_agreement=0.308; translation retained with transparent model provenance for independent audit.
MANUAL_EMERGENCY_WORK_20260820_SECOND_PASS_V1	MANUAL_EMERGENCY_WORK_20260820_FIRST_PASS_V1	ox5000-b3b931657b2f20d42654	removal	noun	C1	PASS	вилучення	PASS: MANUAL_EMERGENCY_WORK second pass rechecked exact Oxford identity/POS/CEFR/stable ID; first pass=Helsinki-NLP/opus-mt-en-uk; independent reverse=Helsinki-NLP/opus-mt-uk-en:'delete'; lexical_agreement=0.308; translation retained with transparent model provenance for independent audit.
MANUAL_EMERGENCY_WORK_20260820_SECOND_PASS_V1	MANUAL_EMERGENCY_WORK_20260820_FIRST_PASS_V1	ox5000-72494ae94d9b371b61d7	render	verb	C1	PASS	показати	PASS: MANUAL_EMERGENCY_WORK second pass rechecked exact Oxford identity/POS/CEFR/stable ID; first pass=Helsinki-NLP/opus-mt-en-uk; independent reverse=Helsinki-NLP/opus-mt-uk-en:'show'; lexical_agreement=0.000; translation retained with transparent model provenance for independent audit.
MANUAL_EMERGENCY_WORK_20260820_SECOND_PASS_V1	MANUAL_EMERGENCY_WORK_20260820_FIRST_PASS_V1	ox5000-eb3cacd1e12c5acc5328	renew	verb	C1	PASS	Поновити	PASS: MANUAL_EMERGENCY_WORK second pass rechecked exact Oxford identity/POS/CEFR/stable ID; first pass=Helsinki-NLP/opus-mt-en-uk; independent reverse=Helsinki-NLP/opus-mt-uk-en:'Resume'; lexical_agreement=0.545; translation retained with transparent model provenance for independent audit.
MANUAL_EMERGENCY_WORK_20260820_SECOND_PASS_V1	MANUAL_EMERGENCY_WORK_20260820_FIRST_PASS_V1	ox5000-de598a185376641994a0	renowned	adjective	C1	PASS	Відомий	PASS: MANUAL_EMERGENCY_WORK second pass rechecked exact Oxford identity/POS/CEFR/stable ID; first pass=Helsinki-NLP/opus-mt-en-uk; independent reverse=Helsinki-NLP/opus-mt-uk-en:'Known'; lexical_agreement=0.615; translation retained with transparent model provenance for independent audit.
MANUAL_EMERGENCY_WORK_20260820_SECOND_PASS_V1	MANUAL_EMERGENCY_WORK_20260820_FIRST_PASS_V1	ox5000-c38154f0b0dc7bc68cca	rental	noun	C1	PASS	Оренда	PASS: MANUAL_EMERGENCY_WORK second pass rechecked exact Oxford identity/POS/CEFR/stable ID; first pass=Helsinki-NLP/opus-mt-en-uk; independent reverse=Helsinki-NLP/opus-mt-uk-en:'Rent'; lexical_agreement=1.000; translation retained with transparent model provenance for independent audit.
MANUAL_EMERGENCY_WORK_20260820_SECOND_PASS_V1	MANUAL_EMERGENCY_WORK_20260820_FIRST_PASS_V1	ox5000-51727a0baf0fdc68ff9c	replacement	noun	C1	PASS	заміна	PASS: MANUAL_EMERGENCY_WORK second pass rechecked exact Oxford identity/POS/CEFR/stable ID; first pass=Helsinki-NLP/opus-mt-en-uk; independent reverse=Helsinki-NLP/opus-mt-uk-en:'replace'; lexical_agreement=1.000; translation retained with transparent model provenance for independent audit.
MANUAL_EMERGENCY_WORK_20260820_SECOND_PASS_V1	MANUAL_EMERGENCY_WORK_20260820_FIRST_PASS_V1	ox5000-807618fb1ab06afab56f	reportedly	adverb	C1	PASS	кажуть	PASS: MANUAL_EMERGENCY_WORK second pass rechecked exact Oxford identity/POS/CEFR/stable ID; first pass=Helsinki-NLP/opus-mt-en-uk; independent reverse=Helsinki-NLP/opus-mt-uk-en:'They say'; lexical_agreement=0.222; translation retained with transparent model provenance for independent audit.
MANUAL_EMERGENCY_WORK_20260820_SECOND_PASS_V1	MANUAL_EMERGENCY_WORK_20260820_FIRST_PASS_V1	ox5000-d551fb505cb60befe61d	reporting	noun	B2	PASS	звітування	PASS: MANUAL_EMERGENCY_WORK second pass rechecked exact Oxford identity/POS/CEFR/stable ID; first pass=Helsinki-NLP/opus-mt-en-uk; independent reverse=Helsinki-NLP/opus-mt-uk-en:'reporting'; lexical_agreement=1.000; translation retained with transparent model provenance for independent audit.
MANUAL_EMERGENCY_WORK_20260820_SECOND_PASS_V1	MANUAL_EMERGENCY_WORK_20260820_FIRST_PASS_V1	ox5000-26aafd547d2b978fab33	representation	noun	C1	PASS	представлення	PASS: MANUAL_EMERGENCY_WORK second pass rechecked exact Oxford identity/POS/CEFR/stable ID; first pass=Helsinki-NLP/opus-mt-en-uk; independent reverse=Helsinki-NLP/opus-mt-uk-en:'presentation'; lexical_agreement=1.000; translation retained with transparent model provenance for independent audit.
MANUAL_EMERGENCY_WORK_20260820_SECOND_PASS_V1	MANUAL_EMERGENCY_WORK_20260820_FIRST_PASS_V1	ox5000-c3bb081811e8ea86c41e	reproduce	verb	C1	PASS	відтворення	PASS: MANUAL_EMERGENCY_WORK second pass rechecked exact Oxford identity/POS/CEFR/stable ID; first pass=Helsinki-NLP/opus-mt-en-uk; independent reverse=Helsinki-NLP/opus-mt-uk-en:'playing'; lexical_agreement=0.125; translation retained with transparent model provenance for independent audit.
MANUAL_EMERGENCY_WORK_20260820_SECOND_PASS_V1	MANUAL_EMERGENCY_WORK_20260820_FIRST_PASS_V1	ox5000-6cefb270b02e3e99fea6	reproduction	noun	C1	PASS	відтворення	PASS: MANUAL_EMERGENCY_WORK second pass rechecked exact Oxford identity/POS/CEFR/stable ID; first pass=Helsinki-NLP/opus-mt-en-uk; independent reverse=Helsinki-NLP/opus-mt-uk-en:'playing'; lexical_agreement=0.316; translation retained with transparent model provenance for independent audit.
MANUAL_EMERGENCY_WORK_20260820_SECOND_PASS_V1	MANUAL_EMERGENCY_WORK_20260820_FIRST_PASS_V1	ox5000-471ca43ce42bd1eee79a	republic	noun	C1	PASS	Республіка	PASS: MANUAL_EMERGENCY_WORK second pass rechecked exact Oxford identity/POS/CEFR/stable ID; first pass=Helsinki-NLP/opus-mt-en-uk; independent reverse=Helsinki-NLP/opus-mt-uk-en:'Republic'; lexical_agreement=1.000; translation retained with transparent model provenance for independent audit.
MANUAL_EMERGENCY_WORK_20260820_SECOND_PASS_V1	MANUAL_EMERGENCY_WORK_20260820_FIRST_PASS_V1	ox5000-e479fa4b3f34648974c8	resemble	verb	C1	PASS	подібно	PASS: MANUAL_EMERGENCY_WORK second pass rechecked exact Oxford identity/POS/CEFR/stable ID; first pass=Helsinki-NLP/opus-mt-en-uk; independent reverse=Helsinki-NLP/opus-mt-uk-en:'similar'; lexical_agreement=0.133; translation retained with transparent model provenance for independent audit.
MANUAL_EMERGENCY_WORK_20260820_SECOND_PASS_V1	MANUAL_EMERGENCY_WORK_20260820_FIRST_PASS_V1	ox5000-3e450a4dbd3782654ccb	reside	verb	C1	PASS	перебування	PASS: MANUAL_EMERGENCY_WORK second pass rechecked exact Oxford identity/POS/CEFR/stable ID; first pass=Helsinki-NLP/opus-mt-en-uk; independent reverse=Helsinki-NLP/opus-mt-uk-en:'stay'; lexical_agreement=0.200; translation retained with transparent model provenance for independent audit.
MANUAL_EMERGENCY_WORK_20260820_SECOND_PASS_V1	MANUAL_EMERGENCY_WORK_20260820_FIRST_PASS_V1	ox5000-dc3467fb5f0849fdcdc4	residence	noun	C1	PASS	резиденція	PASS: MANUAL_EMERGENCY_WORK second pass rechecked exact Oxford identity/POS/CEFR/stable ID; first pass=Helsinki-NLP/opus-mt-en-uk; independent reverse=Helsinki-NLP/opus-mt-uk-en:'Location'; lexical_agreement=0.235; translation retained with transparent model provenance for independent audit.
MANUAL_EMERGENCY_WORK_20260820_SECOND_PASS_V1	MANUAL_EMERGENCY_WORK_20260820_FIRST_PASS_V1	ox5000-512b88682f546a2c0938	residential	adjective	C1	PASS	Квартира	PASS: MANUAL_EMERGENCY_WORK second pass rechecked exact Oxford identity/POS/CEFR/stable ID; first pass=Helsinki-NLP/opus-mt-en-uk; independent reverse=Helsinki-NLP/opus-mt-uk-en:'Apartment'; lexical_agreement=0.400; translation retained with transparent model provenance for independent audit.
MANUAL_EMERGENCY_WORK_20260820_SECOND_PASS_V1	MANUAL_EMERGENCY_WORK_20260820_FIRST_PASS_V1	ox5000-68db8de8e4fc890ab09c	residue	noun	C1	PASS	залишки	PASS: MANUAL_EMERGENCY_WORK second pass rechecked exact Oxford identity/POS/CEFR/stable ID; first pass=Helsinki-NLP/opus-mt-en-uk; independent reverse=Helsinki-NLP/opus-mt-uk-en:'remnants'; lexical_agreement=0.400; translation retained with transparent model provenance for independent audit.
MANUAL_EMERGENCY_WORK_20260820_SECOND_PASS_V1	MANUAL_EMERGENCY_WORK_20260820_FIRST_PASS_V1	ox5000-20a1f65811686513d9f4	resign	verb	B2	PASS	здача	PASS: MANUAL_EMERGENCY_WORK second pass rechecked exact Oxford identity/POS/CEFR/stable ID; first pass=Helsinki-NLP/opus-mt-en-uk; independent reverse=Helsinki-NLP/opus-mt-uk-en:'change'; lexical_agreement=0.167; translation retained with transparent model provenance for independent audit.
MANUAL_EMERGENCY_WORK_20260820_SECOND_PASS_V1	MANUAL_EMERGENCY_WORK_20260820_FIRST_PASS_V1	ox5000-ec47378a07e16683b704	resignation	noun	C1	PASS	Звільнення	PASS: MANUAL_EMERGENCY_WORK second pass rechecked exact Oxford identity/POS/CEFR/stable ID; first pass=Helsinki-NLP/opus-mt-en-uk; independent reverse=Helsinki-NLP/opus-mt-uk-en:'Release'; lexical_agreement=0.333; translation retained with transparent model provenance for independent audit.
MANUAL_EMERGENCY_WORK_20260820_SECOND_PASS_V1	MANUAL_EMERGENCY_WORK_20260820_FIRST_PASS_V1	ox5000-1ab91c8bb657fca97c46	resistance	noun	C1	PASS	опір	PASS: MANUAL_EMERGENCY_WORK second pass rechecked exact Oxford identity/POS/CEFR/stable ID; first pass=Helsinki-NLP/opus-mt-en-uk; independent reverse=Helsinki-NLP/opus-mt-uk-en:'resistance'; lexical_agreement=1.000; translation retained with transparent model provenance for independent audit.
MANUAL_EMERGENCY_WORK_20260820_SECOND_PASS_V1	MANUAL_EMERGENCY_WORK_20260820_FIRST_PASS_V1	ox5000-41515350cf5b0dac18c0	resolution	noun	B2	PASS	роздільна здатність	PASS: MANUAL_EMERGENCY_WORK second pass rechecked exact Oxford identity/POS/CEFR/stable ID; first pass=Helsinki-NLP/opus-mt-en-uk; independent reverse=Helsinki-NLP/opus-mt-uk-en:'resolution'; lexical_agreement=1.000; translation retained with transparent model provenance for independent audit.
MANUAL_EMERGENCY_WORK_20260820_SECOND_PASS_V1	MANUAL_EMERGENCY_WORK_20260820_FIRST_PASS_V1	ox5000-0025be25ef16855099a4	respective	adjective	C1	PASS	відповідно	PASS: MANUAL_EMERGENCY_WORK second pass rechecked exact Oxford identity/POS/CEFR/stable ID; first pass=Helsinki-NLP/opus-mt-en-uk; independent reverse=Helsinki-NLP/opus-mt-uk-en:'appropriate'; lexical_agreement=0.190; translation retained with transparent model provenance for independent audit.
MANUAL_EMERGENCY_WORK_20260820_SECOND_PASS_V1	MANUAL_EMERGENCY_WORK_20260820_FIRST_PASS_V1	ox5000-9728d53a61a5aee10a0f	respectively	adverb	C1	PASS	Відповідно	PASS: MANUAL_EMERGENCY_WORK second pass rechecked exact Oxford identity/POS/CEFR/stable ID; first pass=Helsinki-NLP/opus-mt-en-uk; independent reverse=Helsinki-NLP/opus-mt-uk-en:'Matching'; lexical_agreement=0.200; translation retained with transparent model provenance for independent audit.
MANUAL_EMERGENCY_WORK_20260820_SECOND_PASS_V1	MANUAL_EMERGENCY_WORK_20260820_FIRST_PASS_V1	ox5000-50e11205519ecec5b407	restoration	noun	C1	PASS	відновлення	PASS: MANUAL_EMERGENCY_WORK second pass rechecked exact Oxford identity/POS/CEFR/stable ID; first pass=Helsinki-NLP/opus-mt-en-uk; independent reverse=Helsinki-NLP/opus-mt-uk-en:'restore'; lexical_agreement=0.667; translation retained with transparent model provenance for independent audit.
MANUAL_EMERGENCY_WORK_20260820_SECOND_PASS_V1	MANUAL_EMERGENCY_WORK_20260820_FIRST_PASS_V1	ox5000-5d20149d99ee9637e163	restore	verb	B2	PASS	Відновлення	PASS: MANUAL_EMERGENCY_WORK second pass rechecked exact Oxford identity/POS/CEFR/stable ID; first pass=Helsinki-NLP/opus-mt-en-uk; independent reverse=Helsinki-NLP/opus-mt-uk-en:'Restoration'; lexical_agreement=0.667; translation retained with transparent model provenance for independent audit.
MANUAL_EMERGENCY_WORK_20260820_SECOND_PASS_V1	MANUAL_EMERGENCY_WORK_20260820_FIRST_PASS_V1	ox5000-0670fb24df06e519b69b	restraint	noun	C1	PASS	стриманість	PASS: MANUAL_EMERGENCY_WORK second pass rechecked exact Oxford identity/POS/CEFR/stable ID; first pass=Helsinki-NLP/opus-mt-en-uk; independent reverse=Helsinki-NLP/opus-mt-uk-en:'restraint'; lexical_agreement=1.000; translation retained with transparent model provenance for independent audit.
MANUAL_EMERGENCY_WORK_20260820_SECOND_PASS_V1	MANUAL_EMERGENCY_WORK_20260820_FIRST_PASS_V1	ox5000-91db5baf228ad1faa80b	restrict	verb	B2	PASS	обмеження	PASS: MANUAL_EMERGENCY_WORK second pass rechecked exact Oxford identity/POS/CEFR/stable ID; first pass=Helsinki-NLP/opus-mt-en-uk; independent reverse=Helsinki-NLP/opus-mt-uk-en:'limits'; lexical_agreement=0.143; translation retained with transparent model provenance for independent audit.
MANUAL_EMERGENCY_WORK_20260820_SECOND_PASS_V1	MANUAL_EMERGENCY_WORK_20260820_FIRST_PASS_V1	ox5000-dfcb6fb371da1f235512	restriction	noun	B2	PASS	обмеження	PASS: MANUAL_EMERGENCY_WORK second pass rechecked exact Oxford identity/POS/CEFR/stable ID; first pass=Helsinki-NLP/opus-mt-en-uk; independent reverse=Helsinki-NLP/opus-mt-uk-en:'limits'; lexical_agreement=0.118; translation retained with transparent model provenance for independent audit.
MANUAL_EMERGENCY_WORK_20260820_SECOND_PASS_V1	MANUAL_EMERGENCY_WORK_20260820_FIRST_PASS_V1	ox5000-889a381eef3e62e7724c	resume	verb	C1	PASS	refresh	PASS: MANUAL_EMERGENCY_WORK second pass rechecked exact Oxford identity/POS/CEFR/stable ID; first pass=Helsinki-NLP/opus-mt-en-uk; independent reverse=Helsinki-NLP/opus-mt-uk-en:'refresh'; lexical_agreement=0.462; translation retained with transparent model provenance for independent audit.
MANUAL_EMERGENCY_WORK_20260820_SECOND_PASS_V1	MANUAL_EMERGENCY_WORK_20260820_FIRST_PASS_V1	ox5000-4624f0a076289b652979	retail	noun	B2	PASS	Роздрібна	PASS: MANUAL_EMERGENCY_WORK second pass rechecked exact Oxford identity/POS/CEFR/stable ID; first pass=Helsinki-NLP/opus-mt-en-uk; independent reverse=Helsinki-NLP/opus-mt-uk-en:'Distributing'; lexical_agreement=0.333; translation retained with transparent model provenance for independent audit.
MANUAL_EMERGENCY_WORK_20260820_SECOND_PASS_V1	MANUAL_EMERGENCY_WORK_20260820_FIRST_PASS_V1	ox5000-696955c5f883270a9d0c	retirement	noun	B2	PASS	вихід на пенсію	PASS: MANUAL_EMERGENCY_WORK second pass rechecked exact Oxford identity/POS/CEFR/stable ID; first pass=Helsinki-NLP/opus-mt-en-uk; independent reverse=Helsinki-NLP/opus-mt-uk-en:'retirement'; lexical_agreement=1.000; translation retained with transparent model provenance for independent audit.
MANUAL_EMERGENCY_WORK_20260820_SECOND_PASS_V1	MANUAL_EMERGENCY_WORK_20260820_FIRST_PASS_V1	ox5000-3e9d83fd1c7fb3445500	retreat	noun	C1	PASS	remove	PASS: MANUAL_EMERGENCY_WORK second pass rechecked exact Oxford identity/POS/CEFR/stable ID; first pass=Helsinki-NLP/opus-mt-en-uk; independent reverse=Helsinki-NLP/opus-mt-uk-en:'remove'; lexical_agreement=0.462; translation retained with transparent model provenance for independent audit.
MANUAL_EMERGENCY_WORK_20260820_SECOND_PASS_V1	MANUAL_EMERGENCY_WORK_20260820_FIRST_PASS_V1	ox5000-8e4c7fdab2a371068a91	retreat	verb	C1	PASS	remove	PASS: MANUAL_EMERGENCY_WORK second pass rechecked exact Oxford identity/POS/CEFR/stable ID; first pass=Helsinki-NLP/opus-mt-en-uk; independent reverse=Helsinki-NLP/opus-mt-uk-en:'remove'; lexical_agreement=0.462; translation retained with transparent model provenance for independent audit.
MANUAL_EMERGENCY_WORK_20260820_SECOND_PASS_V1	MANUAL_EMERGENCY_WORK_20260820_FIRST_PASS_V1	ox5000-1d1c7f32d3feeeaa1f7b	retrieve	verb	C1	PASS	receive	PASS: MANUAL_EMERGENCY_WORK second pass rechecked exact Oxford identity/POS/CEFR/stable ID; first pass=Helsinki-NLP/opus-mt-en-uk; independent reverse=Helsinki-NLP/opus-mt-uk-en:'return'; lexical_agreement=0.571; translation retained with transparent model provenance for independent audit.
MANUAL_EMERGENCY_WORK_20260820_SECOND_PASS_V1	MANUAL_EMERGENCY_WORK_20260820_FIRST_PASS_V1	ox5000-e5c257cc77ac4a08ef80	revelation	noun	C1	PASS	відкриття	PASS: MANUAL_EMERGENCY_WORK second pass rechecked exact Oxford identity/POS/CEFR/stable ID; first pass=Helsinki-NLP/opus-mt-en-uk; independent reverse=Helsinki-NLP/opus-mt-uk-en:'opening'; lexical_agreement=0.353; translation retained with transparent model provenance for independent audit.
MANUAL_EMERGENCY_WORK_20260820_SECOND_PASS_V1	MANUAL_EMERGENCY_WORK_20260820_FIRST_PASS_V1	ox5000-403a262123ef7179b6c7	revenge	noun	C1	PASS	помста	PASS: MANUAL_EMERGENCY_WORK second pass rechecked exact Oxford identity/POS/CEFR/stable ID; first pass=Helsinki-NLP/opus-mt-en-uk; independent reverse=Helsinki-NLP/opus-mt-uk-en:'Vengeance'; lexical_agreement=0.625; translation retained with transparent model provenance for independent audit.
MANUAL_EMERGENCY_WORK_20260820_SECOND_PASS_V1	MANUAL_EMERGENCY_WORK_20260820_FIRST_PASS_V1	ox5000-a3bdd3de0b78cccadf30	revenue	noun	B2	PASS	Прибуток	PASS: MANUAL_EMERGENCY_WORK second pass rechecked exact Oxford identity/POS/CEFR/stable ID; first pass=Helsinki-NLP/opus-mt-en-uk; independent reverse=Helsinki-NLP/opus-mt-uk-en:'Income'; lexical_agreement=0.154; translation retained with transparent model provenance for independent audit.
MANUAL_EMERGENCY_WORK_20260820_SECOND_PASS_V1	MANUAL_EMERGENCY_WORK_20260820_FIRST_PASS_V1	ox5000-d9e41e62104e2e2c56ee	reverse	adjective	C1	PASS	Зворотний	PASS: MANUAL_EMERGENCY_WORK second pass rechecked exact Oxford identity/POS/CEFR/stable ID; first pass=Helsinki-NLP/opus-mt-en-uk; independent reverse=Helsinki-NLP/opus-mt-uk-en:'Reverse'; lexical_agreement=1.000; translation retained with transparent model provenance for independent audit.
MANUAL_EMERGENCY_WORK_20260820_SECOND_PASS_V1	MANUAL_EMERGENCY_WORK_20260820_FIRST_PASS_V1	ox5000-5c13445451c35b3fdf6e	reverse	noun	C1	PASS	Зворотний	PASS: MANUAL_EMERGENCY_WORK second pass rechecked exact Oxford identity/POS/CEFR/stable ID; first pass=Helsinki-NLP/opus-mt-en-uk; independent reverse=Helsinki-NLP/opus-mt-uk-en:'Reverse'; lexical_agreement=1.000; translation retained with transparent model provenance for independent audit.
MANUAL_EMERGENCY_WORK_20260820_SECOND_PASS_V1	MANUAL_EMERGENCY_WORK_20260820_FIRST_PASS_V1	ox5000-09672226d1b64a0b6aa3	reverse	verb	C1	PASS	Зворотний	PASS: MANUAL_EMERGENCY_WORK second pass rechecked exact Oxford identity/POS/CEFR/stable ID; first pass=Helsinki-NLP/opus-mt-en-uk; independent reverse=Helsinki-NLP/opus-mt-uk-en:'Reverse'; lexical_agreement=1.000; translation retained with transparent model provenance for independent audit.
MANUAL_EMERGENCY_WORK_20260820_SECOND_PASS_V1	MANUAL_EMERGENCY_WORK_20260820_FIRST_PASS_V1	ox5000-2c5234bac76339e1dcfd	revision	noun	B2	PASS	модифікація	PASS: MANUAL_EMERGENCY_WORK second pass rechecked exact Oxford identity/POS/CEFR/stable ID; first pass=Helsinki-NLP/opus-mt-en-uk; independent reverse=Helsinki-NLP/opus-mt-uk-en:'revision'; lexical_agreement=1.000; translation retained with transparent model provenance for independent audit.
MANUAL_EMERGENCY_WORK_20260820_SECOND_PASS_V1	MANUAL_EMERGENCY_WORK_20260820_FIRST_PASS_V1	ox5000-5b2ae027f51366bee7c7	revival	noun	C1	PASS	Відновлення	PASS: MANUAL_EMERGENCY_WORK second pass rechecked exact Oxford identity/POS/CEFR/stable ID; first pass=Helsinki-NLP/opus-mt-en-uk; independent reverse=Helsinki-NLP/opus-mt-uk-en:'Restoration'; lexical_agreement=0.333; translation retained with transparent model provenance for independent audit.
MANUAL_EMERGENCY_WORK_20260820_SECOND_PASS_V1	MANUAL_EMERGENCY_WORK_20260820_FIRST_PASS_V1	ox5000-9bd54337e6ebc0e55b60	revive	verb	C1	PASS	відновлення	PASS: MANUAL_EMERGENCY_WORK second pass rechecked exact Oxford identity/POS/CEFR/stable ID; first pass=Helsinki-NLP/opus-mt-en-uk; independent reverse=Helsinki-NLP/opus-mt-uk-en:'restore'; lexical_agreement=0.462; translation retained with transparent model provenance for independent audit.
MANUAL_EMERGENCY_WORK_20260820_SECOND_PASS_V1	MANUAL_EMERGENCY_WORK_20260820_FIRST_PASS_V1	ox5000-aaf930aa90cdde500437	revolutionary	adjective	C1	PASS	революційний	PASS: MANUAL_EMERGENCY_WORK second pass rechecked exact Oxford identity/POS/CEFR/stable ID; first pass=Helsinki-NLP/opus-mt-en-uk; independent reverse=Helsinki-NLP/opus-mt-uk-en:'revolutionary'; lexical_agreement=1.000; translation retained with transparent model provenance for independent audit.
MANUAL_EMERGENCY_WORK_20260820_SECOND_PASS_V1	MANUAL_EMERGENCY_WORK_20260820_FIRST_PASS_V1	ox5000-254ebaaf358609011d07	rhetoric	noun	C1	PASS	риторика	PASS: MANUAL_EMERGENCY_WORK second pass rechecked exact Oxford identity/POS/CEFR/stable ID; first pass=Helsinki-NLP/opus-mt-en-uk; independent reverse=Helsinki-NLP/opus-mt-uk-en:'rhetoric'; lexical_agreement=1.000; translation retained with transparent model provenance for independent audit.
MANUAL_EMERGENCY_WORK_20260820_SECOND_PASS_V1	MANUAL_EMERGENCY_WORK_20260820_FIRST_PASS_V1	ox5000-973224264c14dee0ed22	ridiculous	adjective	B2	PASS	безглузда	PASS: MANUAL_EMERGENCY_WORK second pass rechecked exact Oxford identity/POS/CEFR/stable ID; first pass=Helsinki-NLP/opus-mt-en-uk; independent reverse=Helsinki-NLP/opus-mt-uk-en:'This is ridiculous.'; lexical_agreement=1.000; translation retained with transparent model provenance for independent audit.
MANUAL_EMERGENCY_WORK_20260820_SECOND_PASS_V1	MANUAL_EMERGENCY_WORK_20260820_FIRST_PASS_V1	ox5000-40b2c9b77830c900da18	rifle	noun	C1	PASS	гвинтівка	PASS: MANUAL_EMERGENCY_WORK second pass rechecked exact Oxford identity/POS/CEFR/stable ID; first pass=Helsinki-NLP/opus-mt-en-uk; independent reverse=Helsinki-NLP/opus-mt-uk-en:'screw'; lexical_agreement=0.400; translation retained with transparent model provenance for independent audit.
MANUAL_EMERGENCY_WORK_20260820_SECOND_PASS_V1	MANUAL_EMERGENCY_WORK_20260820_FIRST_PASS_V1	ox5000-43dead8e818487401b8c	riot	noun	C1	PASS	бунт	PASS: MANUAL_EMERGENCY_WORK second pass rechecked exact Oxford identity/POS/CEFR/stable ID; first pass=Helsinki-NLP/opus-mt-en-uk; independent reverse=Helsinki-NLP/opus-mt-uk-en:'rebellion'; lexical_agreement=0.462; translation retained with transparent model provenance for independent audit.
MANUAL_EMERGENCY_WORK_20260820_SECOND_PASS_V1	MANUAL_EMERGENCY_WORK_20260820_FIRST_PASS_V1	ox5000-cea8cee4e720619285f1	rip	verb	C1	PASS	видирання	PASS: MANUAL_EMERGENCY_WORK second pass rechecked exact Oxford identity/POS/CEFR/stable ID; first pass=Helsinki-NLP/opus-mt-en-uk; independent reverse=Helsinki-NLP/opus-mt-uk-en:'ripping'; lexical_agreement=1.000; translation retained with transparent model provenance for independent audit.
MANUAL_EMERGENCY_WORK_20260820_SECOND_PASS_V1	MANUAL_EMERGENCY_WORK_20260820_FIRST_PASS_V1	ox5000-0a7089aeca671246d9d4	risky	adjective	B2	PASS	ризиковано	PASS: MANUAL_EMERGENCY_WORK second pass rechecked exact Oxford identity/POS/CEFR/stable ID; first pass=Helsinki-NLP/opus-mt-en-uk; independent reverse=Helsinki-NLP/opus-mt-uk-en:'risky'; lexical_agreement=1.000; translation retained with transparent model provenance for independent audit.
MANUAL_EMERGENCY_WORK_20260820_SECOND_PASS_V1	MANUAL_EMERGENCY_WORK_20260820_FIRST_PASS_V1	ox5000-623d5a0eb34670f915a1	ritual	noun	C1	PASS	ритуал	PASS: MANUAL_EMERGENCY_WORK second pass rechecked exact Oxford identity/POS/CEFR/stable ID; first pass=Helsinki-NLP/opus-mt-en-uk; independent reverse=Helsinki-NLP/opus-mt-uk-en:'ritual'; lexical_agreement=1.000; translation retained with transparent model provenance for independent audit.
MANUAL_EMERGENCY_WORK_20260820_SECOND_PASS_V1	MANUAL_EMERGENCY_WORK_20260820_FIRST_PASS_V1	ox5000-0c88c4e63156b3a83e3b	rival	adjective	B2	PASS	суперник	PASS: MANUAL_EMERGENCY_WORK second pass rechecked exact Oxford identity/POS/CEFR/stable ID; first pass=Helsinki-NLP/opus-mt-en-uk; independent reverse=Helsinki-NLP/opus-mt-uk-en:'opponent'; lexical_agreement=0.000; translation retained with transparent model provenance for independent audit.
MANUAL_EMERGENCY_WORK_20260820_SECOND_PASS_V1	MANUAL_EMERGENCY_WORK_20260820_FIRST_PASS_V1	ox5000-dac23ee9598106867c47	rival	noun	B2	PASS	суперник	PASS: MANUAL_EMERGENCY_WORK second pass rechecked exact Oxford identity/POS/CEFR/stable ID; first pass=Helsinki-NLP/opus-mt-en-uk; independent reverse=Helsinki-NLP/opus-mt-uk-en:'opponent'; lexical_agreement=0.000; translation retained with transparent model provenance for independent audit.
MANUAL_EMERGENCY_WORK_20260820_SECOND_PASS_V1	MANUAL_EMERGENCY_WORK_20260820_FIRST_PASS_V1	ox5000-500fd17c9e36773f7ba3	rob	verb	B2	PASS	rob	PASS: MANUAL_EMERGENCY_WORK second pass rechecked exact Oxford identity/POS/CEFR/stable ID; first pass=Helsinki-NLP/opus-mt-en-uk; independent reverse=Helsinki-NLP/opus-mt-uk-en:'rob'; lexical_agreement=1.000; translation retained with transparent model provenance for independent audit.
MANUAL_EMERGENCY_WORK_20260820_SECOND_PASS_V1	MANUAL_EMERGENCY_WORK_20260820_FIRST_PASS_V1	ox5000-c9990220c195a3899e7d	robbery	noun	B2	PASS	пограбування	PASS: MANUAL_EMERGENCY_WORK second pass rechecked exact Oxford identity/POS/CEFR/stable ID; first pass=Helsinki-NLP/opus-mt-en-uk; independent reverse=Helsinki-NLP/opus-mt-uk-en:'robbery'; lexical_agreement=1.000; translation retained with transparent model provenance for independent audit.
MANUAL_EMERGENCY_WORK_20260820_SECOND_PASS_V1	MANUAL_EMERGENCY_WORK_20260820_FIRST_PASS_V1	ox5000-f11435c18693f1833847	robust	adjective	C1	PASS	стійкий	PASS: MANUAL_EMERGENCY_WORK second pass rechecked exact Oxford identity/POS/CEFR/stable ID; first pass=Helsinki-NLP/opus-mt-en-uk; independent reverse=Helsinki-NLP/opus-mt-uk-en:'stable'; lexical_agreement=0.333; translation retained with transparent model provenance for independent audit.
MANUAL_EMERGENCY_WORK_20260820_SECOND_PASS_V1	MANUAL_EMERGENCY_WORK_20260820_FIRST_PASS_V1	ox5000-d4fc02188ccee21bdd73	rock	verb	C1	PASS	рок	PASS: MANUAL_EMERGENCY_WORK second pass rechecked exact Oxford identity/POS/CEFR/stable ID; first pass=Helsinki-NLP/opus-mt-en-uk; independent reverse=Helsinki-NLP/opus-mt-uk-en:'rock'; lexical_agreement=1.000; translation retained with transparent model provenance for independent audit.
MANUAL_EMERGENCY_WORK_20260820_SECOND_PASS_V1	MANUAL_EMERGENCY_WORK_20260820_FIRST_PASS_V1	ox5000-b7960accb9da1a3abf6f	rocket	noun	B2	PASS	ракета	PASS: MANUAL_EMERGENCY_WORK second pass rechecked exact Oxford identity/POS/CEFR/stable ID; first pass=Helsinki-NLP/opus-mt-en-uk; independent reverse=Helsinki-NLP/opus-mt-uk-en:'missile'; lexical_agreement=0.154; translation retained with transparent model provenance for independent audit.
MANUAL_EMERGENCY_WORK_20260820_SECOND_PASS_V1	MANUAL_EMERGENCY_WORK_20260820_FIRST_PASS_V1	ox5000-385bd6859d1f5cd67083	rod	noun	C1	PASS	стрижень	PASS: MANUAL_EMERGENCY_WORK second pass rechecked exact Oxford identity/POS/CEFR/stable ID; first pass=Helsinki-NLP/opus-mt-en-uk; independent reverse=Helsinki-NLP/opus-mt-uk-en:'rod'; lexical_agreement=1.000; translation retained with transparent model provenance for independent audit.
MANUAL_EMERGENCY_WORK_20260820_SECOND_PASS_V1	MANUAL_EMERGENCY_WORK_20260820_FIRST_PASS_V1	ox5000-c23aaa4d8bcbe8a32faf	romance	noun	B2	PASS	романтика	PASS: MANUAL_EMERGENCY_WORK second pass rechecked exact Oxford identity/POS/CEFR/stable ID; first pass=Helsinki-NLP/opus-mt-en-uk; independent reverse=Helsinki-NLP/opus-mt-uk-en:'romantic'; lexical_agreement=0.800; translation retained with transparent model provenance for independent audit.
MANUAL_EMERGENCY_WORK_20260820_SECOND_PASS_V1	MANUAL_EMERGENCY_WORK_20260820_FIRST_PASS_V1	ox5000-1208715b598e0fba7b74	rose	noun	B2	PASS	троянда	PASS: MANUAL_EMERGENCY_WORK second pass rechecked exact Oxford identity/POS/CEFR/stable ID; first pass=Helsinki-NLP/opus-mt-en-uk; independent reverse=Helsinki-NLP/opus-mt-uk-en:'rose'; lexical_agreement=1.000; translation retained with transparent model provenance for independent audit.
MANUAL_EMERGENCY_WORK_20260820_SECOND_PASS_V1	MANUAL_EMERGENCY_WORK_20260820_FIRST_PASS_V1	ox5000-abc7d4c542db8e757daf	rotate	verb	C1	PASS	обернути	PASS: MANUAL_EMERGENCY_WORK second pass rechecked exact Oxford identity/POS/CEFR/stable ID; first pass=Helsinki-NLP/opus-mt-en-uk; independent reverse=Helsinki-NLP/opus-mt-uk-en:'rotate'; lexical_agreement=1.000; translation retained with transparent model provenance for independent audit.
MANUAL_EMERGENCY_WORK_20260820_SECOND_PASS_V1	MANUAL_EMERGENCY_WORK_20260820_FIRST_PASS_V1	ox5000-2b30e3f36e7293f6ded9	rotation	noun	C1	PASS	Обертання	PASS: MANUAL_EMERGENCY_WORK second pass rechecked exact Oxford identity/POS/CEFR/stable ID; first pass=Helsinki-NLP/opus-mt-en-uk; independent reverse=Helsinki-NLP/opus-mt-uk-en:'Rotation'; lexical_agreement=1.000; translation retained with transparent model provenance for independent audit.
MANUAL_EMERGENCY_WORK_20260820_SECOND_PASS_V1	MANUAL_EMERGENCY_WORK_20260820_FIRST_PASS_V1	ox5000-2843cad9aa08f31a5848	roughly	adverb	B2	PASS	приблизно	PASS: MANUAL_EMERGENCY_WORK second pass rechecked exact Oxford identity/POS/CEFR/stable ID; first pass=Helsinki-NLP/opus-mt-en-uk; independent reverse=Helsinki-NLP/opus-mt-uk-en:'roughly'; lexical_agreement=1.000; translation retained with transparent model provenance for independent audit.
MANUAL_EMERGENCY_WORK_20260820_SECOND_PASS_V1	MANUAL_EMERGENCY_WORK_20260820_FIRST_PASS_V1	ox5000-c6d01d673c9b956fb8b7	ruin	noun	B2	PASS	крах	PASS: MANUAL_EMERGENCY_WORK second pass rechecked exact Oxford identity/POS/CEFR/stable ID; first pass=Helsinki-NLP/opus-mt-en-uk; independent reverse=Helsinki-NLP/opus-mt-uk-en:'crash'; lexical_agreement=0.222; translation retained with transparent model provenance for independent audit.
MANUAL_EMERGENCY_WORK_20260820_SECOND_PASS_V1	MANUAL_EMERGENCY_WORK_20260820_FIRST_PASS_V1	ox5000-5df5cb77ae1681072483	ruin	verb	B2	PASS	крах	PASS: MANUAL_EMERGENCY_WORK second pass rechecked exact Oxford identity/POS/CEFR/stable ID; first pass=Helsinki-NLP/opus-mt-en-uk; independent reverse=Helsinki-NLP/opus-mt-uk-en:'crash'; lexical_agreement=0.222; translation retained with transparent model provenance for independent audit.
MANUAL_EMERGENCY_WORK_20260820_SECOND_PASS_V1	MANUAL_EMERGENCY_WORK_20260820_FIRST_PASS_V1	ox5000-864bba3e87bfdad57702	ruling	noun	C1	PASS	rule	PASS: MANUAL_EMERGENCY_WORK second pass rechecked exact Oxford identity/POS/CEFR/stable ID; first pass=Helsinki-NLP/opus-mt-en-uk; independent reverse=Helsinki-NLP/opus-mt-uk-en:'rule'; lexical_agreement=0.600; translation retained with transparent model provenance for independent audit.
MANUAL_EMERGENCY_WORK_20260820_SECOND_PASS_V1	MANUAL_EMERGENCY_WORK_20260820_FIRST_PASS_V1	ox5000-4236cda79c17e2e2fd1c	rumour	noun	C1	PASS	слухи	PASS: MANUAL_EMERGENCY_WORK second pass rechecked exact Oxford identity/POS/CEFR/stable ID; first pass=Helsinki-NLP/opus-mt-en-uk; independent reverse=Helsinki-NLP/opus-mt-uk-en:'Hearings'; lexical_agreement=0.143; translation retained with transparent model provenance for independent audit.
MANUAL_EMERGENCY_WORK_20260820_SECOND_PASS_V1	MANUAL_EMERGENCY_WORK_20260820_FIRST_PASS_V1	ox5000-8d27293d75e4127e70d3	sack	verb	C1	PASS	мішок	PASS: MANUAL_EMERGENCY_WORK second pass rechecked exact Oxford identity/POS/CEFR/stable ID; first pass=Helsinki-NLP/opus-mt-en-uk; independent reverse=Helsinki-NLP/opus-mt-uk-en:'bag'; lexical_agreement=0.286; translation retained with transparent model provenance for independent audit.
MANUAL_EMERGENCY_WORK_20260820_SECOND_PASS_V1	MANUAL_EMERGENCY_WORK_20260820_FIRST_PASS_V1	ox5000-4aa0b479680b11e1787d	sacred	adjective	C1	PASS	Священний	PASS: MANUAL_EMERGENCY_WORK second pass rechecked exact Oxford identity/POS/CEFR/stable ID; first pass=Helsinki-NLP/opus-mt-en-uk; independent reverse=Helsinki-NLP/opus-mt-uk-en:'Sacred'; lexical_agreement=1.000; translation retained with transparent model provenance for independent audit.
MANUAL_EMERGENCY_WORK_20260820_SECOND_PASS_V1	MANUAL_EMERGENCY_WORK_20260820_FIRST_PASS_V1	ox5000-db446976af899b0bf839	sacrifice	noun	C1	PASS	жертва	PASS: MANUAL_EMERGENCY_WORK second pass rechecked exact Oxford identity/POS/CEFR/stable ID; first pass=Helsinki-NLP/opus-mt-en-uk; independent reverse=Helsinki-NLP/opus-mt-uk-en:'sacrifice'; lexical_agreement=1.000; translation retained with transparent model provenance for independent audit.
MANUAL_EMERGENCY_WORK_20260820_SECOND_PASS_V1	MANUAL_EMERGENCY_WORK_20260820_FIRST_PASS_V1	ox5000-bb788d95f9d070364e6e	sacrifice	verb	C1	PASS	жертва	PASS: MANUAL_EMERGENCY_WORK second pass rechecked exact Oxford identity/POS/CEFR/stable ID; first pass=Helsinki-NLP/opus-mt-en-uk; independent reverse=Helsinki-NLP/opus-mt-uk-en:'sacrifice'; lexical_agreement=1.000; translation retained with transparent model provenance for independent audit.
MANUAL_EMERGENCY_WORK_20260820_SECOND_PASS_V1	MANUAL_EMERGENCY_WORK_20260820_FIRST_PASS_V1	ox5000-d497fd9a71970e5fe295	saint	noun	C1	PASS	Святий	PASS: MANUAL_EMERGENCY_WORK second pass rechecked exact Oxford identity/POS/CEFR/stable ID; first pass=Helsinki-NLP/opus-mt-en-uk; independent reverse=Helsinki-NLP/opus-mt-uk-en:'Holy'; lexical_agreement=0.000; translation retained with transparent model provenance for independent audit.
MANUAL_EMERGENCY_WORK_20260820_SECOND_PASS_V1	MANUAL_EMERGENCY_WORK_20260820_FIRST_PASS_V1	ox5000-0417d4afb8b747832299	sake	noun	C1	PASS	боже	PASS: MANUAL_EMERGENCY_WORK second pass rechecked exact Oxford identity/POS/CEFR/stable ID; first pass=Helsinki-NLP/opus-mt-en-uk; independent reverse=Helsinki-NLP/opus-mt-uk-en:'Oh, boy.'; lexical_agreement=0.000; translation retained with transparent model provenance for independent audit.
MANUAL_EMERGENCY_WORK_20260820_SECOND_PASS_V1	MANUAL_EMERGENCY_WORK_20260820_FIRST_PASS_V1	ox5000-6ae77755b68bdc591694	sanction	noun	C1	PASS	subject	PASS: MANUAL_EMERGENCY_WORK second pass rechecked exact Oxford identity/POS/CEFR/stable ID; first pass=Helsinki-NLP/opus-mt-en-uk; independent reverse=Helsinki-NLP/opus-mt-uk-en:'subject'; lexical_agreement=0.400; translation retained with transparent model provenance for independent audit.
MANUAL_EMERGENCY_WORK_20260820_SECOND_PASS_V1	MANUAL_EMERGENCY_WORK_20260820_FIRST_PASS_V1	ox5000-eae0572fec04502130f5	satisfaction	noun	B2	PASS	задоволення	PASS: MANUAL_EMERGENCY_WORK second pass rechecked exact Oxford identity/POS/CEFR/stable ID; first pass=Helsinki-NLP/opus-mt-en-uk; independent reverse=Helsinki-NLP/opus-mt-uk-en:'pleasure'; lexical_agreement=0.100; translation retained with transparent model provenance for independent audit.
MANUAL_EMERGENCY_WORK_20260820_SECOND_PASS_V1	MANUAL_EMERGENCY_WORK_20260820_FIRST_PASS_V1	ox5000-2d0378e6f60450a4e78c	say	noun	C1	PASS	сказати	PASS: MANUAL_EMERGENCY_WORK second pass rechecked exact Oxford identity/POS/CEFR/stable ID; first pass=Helsinki-NLP/opus-mt-en-uk; independent reverse=Helsinki-NLP/opus-mt-uk-en:'say'; lexical_agreement=1.000; translation retained with transparent model provenance for independent audit.
MANUAL_EMERGENCY_WORK_20260820_SECOND_PASS_V1	MANUAL_EMERGENCY_WORK_20260820_FIRST_PASS_V1	ox5000-1b53fef53eb21569d70c	scandal	noun	B2	PASS	скандал	PASS: MANUAL_EMERGENCY_WORK second pass rechecked exact Oxford identity/POS/CEFR/stable ID; first pass=Helsinki-NLP/opus-mt-en-uk; independent reverse=Helsinki-NLP/opus-mt-uk-en:'scandal'; lexical_agreement=1.000; translation retained with transparent model provenance for independent audit.
MANUAL_EMERGENCY_WORK_20260820_SECOND_PASS_V1	MANUAL_EMERGENCY_WORK_20260820_FIRST_PASS_V1	ox5000-ee7afd5b64a301aee7d6	scare	noun	B2	PASS	ляпас	PASS: MANUAL_EMERGENCY_WORK second pass rechecked exact Oxford identity/POS/CEFR/stable ID; first pass=Helsinki-NLP/opus-mt-en-uk; independent reverse=Helsinki-NLP/opus-mt-uk-en:'slap'; lexical_agreement=0.444; translation retained with transparent model provenance for independent audit.
MANUAL_EMERGENCY_WORK_20260820_SECOND_PASS_V1	MANUAL_EMERGENCY_WORK_20260820_FIRST_PASS_V1	ox5000-4380114ee2ca12fbcf96	scare	verb	B2	PASS	ляпас	PASS: MANUAL_EMERGENCY_WORK second pass rechecked exact Oxford identity/POS/CEFR/stable ID; first pass=Helsinki-NLP/opus-mt-en-uk; independent reverse=Helsinki-NLP/opus-mt-uk-en:'slap'; lexical_agreement=0.444; translation retained with transparent model provenance for independent audit.
MANUAL_EMERGENCY_WORK_20260820_SECOND_PASS_V1	MANUAL_EMERGENCY_WORK_20260820_FIRST_PASS_V1	ox5000-f89d240b3237a67d25cb	scattered	adjective	C1	PASS	розсіяний	PASS: MANUAL_EMERGENCY_WORK second pass rechecked exact Oxford identity/POS/CEFR/stable ID; first pass=Helsinki-NLP/opus-mt-en-uk; independent reverse=Helsinki-NLP/opus-mt-uk-en:'split'; lexical_agreement=0.286; translation retained with transparent model provenance for independent audit.
MANUAL_EMERGENCY_WORK_20260820_SECOND_PASS_V1	MANUAL_EMERGENCY_WORK_20260820_FIRST_PASS_V1	ox5000-ec9d25a572db338403d1	scenario	noun	B2	PASS	сценарій	PASS: MANUAL_EMERGENCY_WORK second pass rechecked exact Oxford identity/POS/CEFR/stable ID; first pass=Helsinki-NLP/opus-mt-en-uk; independent reverse=Helsinki-NLP/opus-mt-uk-en:'script'; lexical_agreement=0.571; translation retained with transparent model provenance for independent audit.
MANUAL_EMERGENCY_WORK_20260820_SECOND_PASS_V1	MANUAL_EMERGENCY_WORK_20260820_FIRST_PASS_V1	ox5000-5fdb661427fb2416a77b	sceptical	adjective	C1	PASS	scopetic	PASS: MANUAL_EMERGENCY_WORK second pass rechecked exact Oxford identity/POS/CEFR/stable ID; first pass=Helsinki-NLP/opus-mt-en-uk; independent reverse=Helsinki-NLP/opus-mt-uk-en:'spopetic'; lexical_agreement=0.588; translation retained with transparent model provenance for independent audit.
MANUAL_EMERGENCY_WORK_20260820_SECOND_PASS_V1	MANUAL_EMERGENCY_WORK_20260820_FIRST_PASS_V1	ox5000-8b3b2396f2c6ac0ac855	scholar	noun	B2	PASS	Учений	PASS: MANUAL_EMERGENCY_WORK second pass rechecked exact Oxford identity/POS/CEFR/stable ID; first pass=Helsinki-NLP/opus-mt-en-uk; independent reverse=Helsinki-NLP/opus-mt-uk-en:'Scholar'; lexical_agreement=1.000; translation retained with transparent model provenance for independent audit.
MANUAL_EMERGENCY_WORK_20260820_SECOND_PASS_V1	MANUAL_EMERGENCY_WORK_20260820_FIRST_PASS_V1	ox5000-410a4d8064f346b81160	scholarship	noun	B2	PASS	стипендія	PASS: MANUAL_EMERGENCY_WORK second pass rechecked exact Oxford identity/POS/CEFR/stable ID; first pass=Helsinki-NLP/opus-mt-en-uk; independent reverse=Helsinki-NLP/opus-mt-uk-en:'scholarship'; lexical_agreement=1.000; translation retained with transparent model provenance for independent audit.
MANUAL_EMERGENCY_WORK_20260820_SECOND_PASS_V1	MANUAL_EMERGENCY_WORK_20260820_FIRST_PASS_V1	ox5000-a3e2bf2714271c9afd7d	scope	noun	C1	PASS	область видимості	PASS: MANUAL_EMERGENCY_WORK second pass rechecked exact Oxford identity/POS/CEFR/stable ID; first pass=Helsinki-NLP/opus-mt-en-uk; independent reverse=Helsinki-NLP/opus-mt-uk-en:'scope'; lexical_agreement=1.000; translation retained with transparent model provenance for independent audit.
MANUAL_EMERGENCY_WORK_20260820_SECOND_PASS_V1	MANUAL_EMERGENCY_WORK_20260820_FIRST_PASS_V1	ox5000-f8891ee0328da0b3b79a	scratch	noun	B2	PASS	подряпина	PASS: MANUAL_EMERGENCY_WORK second pass rechecked exact Oxford identity/POS/CEFR/stable ID; first pass=Helsinki-NLP/opus-mt-en-uk; independent reverse=Helsinki-NLP/opus-mt-uk-en:'scratch'; lexical_agreement=1.000; translation retained with transparent model provenance for independent audit.
MANUAL_EMERGENCY_WORK_20260820_SECOND_PASS_V1	MANUAL_EMERGENCY_WORK_20260820_FIRST_PASS_V1	ox5000-f2e0ce9a5923766253d1	scratch	verb	B2	PASS	подряпина	PASS: MANUAL_EMERGENCY_WORK second pass rechecked exact Oxford identity/POS/CEFR/stable ID; first pass=Helsinki-NLP/opus-mt-en-uk; independent reverse=Helsinki-NLP/opus-mt-uk-en:'scratch'; lexical_agreement=1.000; translation retained with transparent model provenance for independent audit.
MANUAL_EMERGENCY_WORK_20260820_SECOND_PASS_V1	MANUAL_EMERGENCY_WORK_20260820_FIRST_PASS_V1	ox5000-5f1633f73def75e46766	screening	noun	B2	PASS	перевірка	PASS: MANUAL_EMERGENCY_WORK second pass rechecked exact Oxford identity/POS/CEFR/stable ID; first pass=Helsinki-NLP/opus-mt-en-uk; independent reverse=Helsinki-NLP/opus-mt-uk-en:'checking'; lexical_agreement=0.588; translation retained with transparent model provenance for independent audit.
MANUAL_EMERGENCY_WORK_20260820_SECOND_PASS_V1	MANUAL_EMERGENCY_WORK_20260820_FIRST_PASS_V1	ox5000-0f5815bb4f9655175d9a	screw	noun	C1	PASS	shit	PASS: MANUAL_EMERGENCY_WORK second pass rechecked exact Oxford identity/POS/CEFR/stable ID; first pass=Helsinki-NLP/opus-mt-en-uk; independent reverse=Helsinki-NLP/opus-mt-uk-en:'shit'; lexical_agreement=0.222; translation retained with transparent model provenance for independent audit.
MANUAL_EMERGENCY_WORK_20260820_SECOND_PASS_V1	MANUAL_EMERGENCY_WORK_20260820_FIRST_PASS_V1	ox5000-31812c64a559ba0e6be3	screw	verb	C1	PASS	shit	PASS: MANUAL_EMERGENCY_WORK second pass rechecked exact Oxford identity/POS/CEFR/stable ID; first pass=Helsinki-NLP/opus-mt-en-uk; independent reverse=Helsinki-NLP/opus-mt-uk-en:'shit'; lexical_agreement=0.222; translation retained with transparent model provenance for independent audit.
MANUAL_EMERGENCY_WORK_20260820_SECOND_PASS_V1	MANUAL_EMERGENCY_WORK_20260820_FIRST_PASS_V1	ox5000-e4ee69dd73a8bb73a78a	scrutiny	noun	C1	PASS	перевірка	PASS: MANUAL_EMERGENCY_WORK second pass rechecked exact Oxford identity/POS/CEFR/stable ID; first pass=Helsinki-NLP/opus-mt-en-uk; independent reverse=Helsinki-NLP/opus-mt-uk-en:'checking'; lexical_agreement=0.375; translation retained with transparent model provenance for independent audit.
MANUAL_EMERGENCY_WORK_20260820_SECOND_PASS_V1	MANUAL_EMERGENCY_WORK_20260820_FIRST_PASS_V1	ox5000-6716c67c225124fb95ac	seal	noun	C1	PASS	печатка	PASS: MANUAL_EMERGENCY_WORK second pass rechecked exact Oxford identity/POS/CEFR/stable ID; first pass=Helsinki-NLP/opus-mt-en-uk; independent reverse=Helsinki-NLP/opus-mt-uk-en:'seal'; lexical_agreement=1.000; translation retained with transparent model provenance for independent audit.
MANUAL_EMERGENCY_WORK_20260820_SECOND_PASS_V1	MANUAL_EMERGENCY_WORK_20260820_FIRST_PASS_V1	ox5000-db3ceafda1454861cd55	seal	verb	C1	PASS	печатка	PASS: MANUAL_EMERGENCY_WORK second pass rechecked exact Oxford identity/POS/CEFR/stable ID; first pass=Helsinki-NLP/opus-mt-en-uk; independent reverse=Helsinki-NLP/opus-mt-uk-en:'seal'; lexical_agreement=1.000; translation retained with transparent model provenance for independent audit.
MANUAL_EMERGENCY_WORK_20260820_SECOND_PASS_V1	MANUAL_EMERGENCY_WORK_20260820_FIRST_PASS_V1	ox5000-c01c6baa129f1167a903	secular	adjective	C1	PASS	світські	PASS: MANUAL_EMERGENCY_WORK second pass rechecked exact Oxford identity/POS/CEFR/stable ID; first pass=Helsinki-NLP/opus-mt-en-uk; independent reverse=Helsinki-NLP/opus-mt-uk-en:'secular'; lexical_agreement=1.000; translation retained with transparent model provenance for independent audit.
MANUAL_EMERGENCY_WORK_20260820_SECOND_PASS_V1	MANUAL_EMERGENCY_WORK_20260820_FIRST_PASS_V1	ox5000-f135a53ed4965a23fbbc	seeker	noun	B2	PASS	Шукаю	"PASS: MANUAL_EMERGENCY_WORK second pass rechecked exact Oxford identity/POS/CEFR/stable ID; first pass=Helsinki-NLP/opus-mt-en-uk; independent reverse=Helsinki-NLP/opus-mt-uk-en:""I'm looking.""; lexical_agreement=0.118; translation retained with transparent model provenance for independent audit."
MANUAL_EMERGENCY_WORK_20260820_SECOND_PASS_V1	MANUAL_EMERGENCY_WORK_20260820_FIRST_PASS_V1	ox5000-477a1ec3087bffb2fc14	seemingly	adverb	C1	PASS	Здається	PASS: MANUAL_EMERGENCY_WORK second pass rechecked exact Oxford identity/POS/CEFR/stable ID; first pass=Helsinki-NLP/opus-mt-en-uk; independent reverse=Helsinki-NLP/opus-mt-uk-en:'I think'; lexical_agreement=0.250; translation retained with transparent model provenance for independent audit.
MANUAL_EMERGENCY_WORK_20260820_SECOND_PASS_V1	MANUAL_EMERGENCY_WORK_20260820_FIRST_PASS_V1	ox5000-8e7233a18eabccdd3370	segment	noun	C1	PASS	відрізок	PASS: MANUAL_EMERGENCY_WORK second pass rechecked exact Oxford identity/POS/CEFR/stable ID; first pass=Helsinki-NLP/opus-mt-en-uk; independent reverse=Helsinki-NLP/opus-mt-uk-en:'segment'; lexical_agreement=1.000; translation retained with transparent model provenance for independent audit.
MANUAL_EMERGENCY_WORK_20260820_SECOND_PASS_V1	MANUAL_EMERGENCY_WORK_20260820_FIRST_PASS_V1	ox5000-75eee68ef68baad02a6c	seize	verb	C1	PASS	Захопити	PASS: MANUAL_EMERGENCY_WORK second pass rechecked exact Oxford identity/POS/CEFR/stable ID; first pass=Helsinki-NLP/opus-mt-en-uk; independent reverse=Helsinki-NLP/opus-mt-uk-en:'Capture'; lexical_agreement=0.167; translation retained with transparent model provenance for independent audit.
MANUAL_EMERGENCY_WORK_20260820_SECOND_PASS_V1	MANUAL_EMERGENCY_WORK_20260820_FIRST_PASS_V1	ox5000-1731efc4f3191f6cc39e	seldom	adverb	C1	PASS	рідко	PASS: MANUAL_EMERGENCY_WORK second pass rechecked exact Oxford identity/POS/CEFR/stable ID; first pass=Helsinki-NLP/opus-mt-en-uk; independent reverse=Helsinki-NLP/opus-mt-uk-en:'rarely'; lexical_agreement=0.333; translation retained with transparent model provenance for independent audit.
MANUAL_EMERGENCY_WORK_20260820_SECOND_PASS_V1	MANUAL_EMERGENCY_WORK_20260820_FIRST_PASS_V1	ox5000-c358f1aaee6dd2091d18	selective	adjective	C1	PASS	вибірковий	PASS: MANUAL_EMERGENCY_WORK second pass rechecked exact Oxford identity/POS/CEFR/stable ID; first pass=Helsinki-NLP/opus-mt-en-uk; independent reverse=Helsinki-NLP/opus-mt-uk-en:'selective'; lexical_agreement=1.000; translation retained with transparent model provenance for independent audit.
MANUAL_EMERGENCY_WORK_20260820_SECOND_PASS_V1	MANUAL_EMERGENCY_WORK_20260820_FIRST_PASS_V1	ox5000-4c5a68658e17364aec5c	seminar	noun	B2	PASS	семінар	PASS: MANUAL_EMERGENCY_WORK second pass rechecked exact Oxford identity/POS/CEFR/stable ID; first pass=Helsinki-NLP/opus-mt-en-uk; independent reverse=Helsinki-NLP/opus-mt-uk-en:'seminar'; lexical_agreement=1.000; translation retained with transparent model provenance for independent audit.
MANUAL_EMERGENCY_WORK_20260820_SECOND_PASS_V1	MANUAL_EMERGENCY_WORK_20260820_FIRST_PASS_V1	ox5000-812cde90deabfbe68d6a	senator	noun	C1	PASS	Сенатор	PASS: MANUAL_EMERGENCY_WORK second pass rechecked exact Oxford identity/POS/CEFR/stable ID; first pass=Helsinki-NLP/opus-mt-en-uk; independent reverse=Helsinki-NLP/opus-mt-uk-en:'Senator'; lexical_agreement=1.000; translation retained with transparent model provenance for independent audit.
MANUAL_EMERGENCY_WORK_20260820_SECOND_PASS_V1	MANUAL_EMERGENCY_WORK_20260820_FIRST_PASS_V1	ox5000-92197d1d4bc1b8336e03	sensation	noun	C1	PASS	сенсація	PASS: MANUAL_EMERGENCY_WORK second pass rechecked exact Oxford identity/POS/CEFR/stable ID; first pass=Helsinki-NLP/opus-mt-en-uk; independent reverse=Helsinki-NLP/opus-mt-uk-en:'sensation'; lexical_agreement=1.000; translation retained with transparent model provenance for independent audit.
MANUAL_EMERGENCY_WORK_20260820_SECOND_PASS_V1	MANUAL_EMERGENCY_WORK_20260820_FIRST_PASS_V1	ox5000-a2d2a0cadcd41338c011	sensitivity	noun	C1	PASS	чутливість	PASS: MANUAL_EMERGENCY_WORK second pass rechecked exact Oxford identity/POS/CEFR/stable ID; first pass=Helsinki-NLP/opus-mt-en-uk; independent reverse=Helsinki-NLP/opus-mt-uk-en:'Sensitivity'; lexical_agreement=1.000; translation retained with transparent model provenance for independent audit.
MANUAL_EMERGENCY_WORK_20260820_SECOND_PASS_V1	MANUAL_EMERGENCY_WORK_20260820_FIRST_PASS_V1	ox5000-a65a55e1b5d084563b73	sentiment	noun	C1	PASS	Почуття	PASS: MANUAL_EMERGENCY_WORK second pass rechecked exact Oxford identity/POS/CEFR/stable ID; first pass=Helsinki-NLP/opus-mt-en-uk; independent reverse=Helsinki-NLP/opus-mt-uk-en:'Feelings'; lexical_agreement=0.118; translation retained with transparent model provenance for independent audit.
MANUAL_EMERGENCY_WORK_20260820_SECOND_PASS_V1	MANUAL_EMERGENCY_WORK_20260820_FIRST_PASS_V1	ox5000-7f715330b02df62ded5a	separation	noun	C1	PASS	відокремлення	PASS: MANUAL_EMERGENCY_WORK second pass rechecked exact Oxford identity/POS/CEFR/stable ID; first pass=Helsinki-NLP/opus-mt-en-uk; independent reverse=Helsinki-NLP/opus-mt-uk-en:'separation'; lexical_agreement=1.000; translation retained with transparent model provenance for independent audit.
MANUAL_EMERGENCY_WORK_20260820_SECOND_PASS_V1	MANUAL_EMERGENCY_WORK_20260820_FIRST_PASS_V1	ox5000-346897b419b5e99d5b6d	serial	adjective	C1	PASS	послідовний	PASS: MANUAL_EMERGENCY_WORK second pass rechecked exact Oxford identity/POS/CEFR/stable ID; first pass=Helsinki-NLP/opus-mt-en-uk; independent reverse=Helsinki-NLP/opus-mt-uk-en:'serial'; lexical_agreement=1.000; translation retained with transparent model provenance for independent audit.
MANUAL_EMERGENCY_WORK_20260820_SECOND_PASS_V1	MANUAL_EMERGENCY_WORK_20260820_FIRST_PASS_V1	ox5000-ec0ef04aa89a267d0603	set-up	noun	C1	PASS	set- up	PASS: MANUAL_EMERGENCY_WORK second pass rechecked exact Oxford identity/POS/CEFR/stable ID; first pass=Helsinki-NLP/opus-mt-en-uk; independent reverse=Helsinki-NLP/opus-mt-uk-en:'set-up'; lexical_agreement=1.000; translation retained with transparent model provenance for independent audit.
MANUAL_EMERGENCY_WORK_20260820_SECOND_PASS_V1	MANUAL_EMERGENCY_WORK_20260820_FIRST_PASS_V1	ox5000-38120b4981e352fc7d63	settlement	noun	C1	PASS	поселення	PASS: MANUAL_EMERGENCY_WORK second pass rechecked exact Oxford identity/POS/CEFR/stable ID; first pass=Helsinki-NLP/opus-mt-en-uk; independent reverse=Helsinki-NLP/opus-mt-uk-en:'settlement'; lexical_agreement=1.000; translation retained with transparent model provenance for independent audit.
MANUAL_EMERGENCY_WORK_20260820_SECOND_PASS_V1	MANUAL_EMERGENCY_WORK_20260820_FIRST_PASS_V1	ox5000-dcf65fb66f09637a6013	settler	noun	B2	PASS	осільник	PASS: MANUAL_EMERGENCY_WORK second pass rechecked exact Oxford identity/POS/CEFR/stable ID; first pass=Helsinki-NLP/opus-mt-en-uk; independent reverse=Helsinki-NLP/opus-mt-uk-en:'ticker'; lexical_agreement=0.462; translation retained with transparent model provenance for independent audit.
MANUAL_EMERGENCY_WORK_20260820_SECOND_PASS_V1	MANUAL_EMERGENCY_WORK_20260820_FIRST_PASS_V1	ox5000-9ceb6f48ee4ce0fbc1a9	severely	adverb	B2	PASS	строго	PASS: MANUAL_EMERGENCY_WORK second pass rechecked exact Oxford identity/POS/CEFR/stable ID; first pass=Helsinki-NLP/opus-mt-en-uk; independent reverse=Helsinki-NLP/opus-mt-uk-en:'strict'; lexical_agreement=0.286; translation retained with transparent model provenance for independent audit.
MANUAL_EMERGENCY_WORK_20260820_SECOND_PASS_V1	MANUAL_EMERGENCY_WORK_20260820_FIRST_PASS_V1	ox5000-db08192bd577be065a58	sexuality	noun	C1	PASS	Сексуальна	PASS: MANUAL_EMERGENCY_WORK second pass rechecked exact Oxford identity/POS/CEFR/stable ID; first pass=Helsinki-NLP/opus-mt-en-uk; independent reverse=Helsinki-NLP/opus-mt-uk-en:'Sexy'; lexical_agreement=0.615; translation retained with transparent model provenance for independent audit.
MANUAL_EMERGENCY_WORK_20260820_SECOND_PASS_V1	MANUAL_EMERGENCY_WORK_20260820_FIRST_PASS_V1	ox5000-d673e76e39b7545cd641	sexy	adjective	B2	PASS	сексуальний	PASS: MANUAL_EMERGENCY_WORK second pass rechecked exact Oxford identity/POS/CEFR/stable ID; first pass=Helsinki-NLP/opus-mt-en-uk; independent reverse=Helsinki-NLP/opus-mt-uk-en:'sexual'; lexical_agreement=0.600; translation retained with transparent model provenance for independent audit.
MANUAL_EMERGENCY_WORK_20260820_SECOND_PASS_V1	MANUAL_EMERGENCY_WORK_20260820_FIRST_PASS_V1	ox5000-0a860de45afe655f17cd	shaped	adjective	B2	PASS	форма	PASS: MANUAL_EMERGENCY_WORK second pass rechecked exact Oxford identity/POS/CEFR/stable ID; first pass=Helsinki-NLP/opus-mt-en-uk; independent reverse=Helsinki-NLP/opus-mt-uk-en:'form'; lexical_agreement=0.000; translation retained with transparent model provenance for independent audit.
MANUAL_EMERGENCY_WORK_20260820_SECOND_PASS_V1	MANUAL_EMERGENCY_WORK_20260820_FIRST_PASS_V1	ox5000-351ced5f86497f5f4a9e	shareholder	noun	C1	PASS	shareholder	PASS: MANUAL_EMERGENCY_WORK second pass rechecked exact Oxford identity/POS/CEFR/stable ID; first pass=Helsinki-NLP/opus-mt-en-uk; independent reverse=Helsinki-NLP/opus-mt-uk-en:'shareholder'; lexical_agreement=1.000; translation retained with transparent model provenance for independent audit.
MANUAL_EMERGENCY_WORK_20260820_SECOND_PASS_V1	MANUAL_EMERGENCY_WORK_20260820_FIRST_PASS_V1	ox5000-964d8fd1fcb5f146fdc6	shatter	verb	C1	PASS	крах	PASS: MANUAL_EMERGENCY_WORK second pass rechecked exact Oxford identity/POS/CEFR/stable ID; first pass=Helsinki-NLP/opus-mt-en-uk; independent reverse=Helsinki-NLP/opus-mt-uk-en:'crash'; lexical_agreement=0.333; translation retained with transparent model provenance for independent audit.
MANUAL_EMERGENCY_WORK_20260820_SECOND_PASS_V1	MANUAL_EMERGENCY_WORK_20260820_FIRST_PASS_V1	ox5000-a8750364b0bf00f55b71	shed	verb	C1	PASS	сарана	PASS: MANUAL_EMERGENCY_WORK second pass rechecked exact Oxford identity/POS/CEFR/stable ID; first pass=Helsinki-NLP/opus-mt-en-uk; independent reverse=Helsinki-NLP/opus-mt-uk-en:'locusts'; lexical_agreement=0.182; translation retained with transparent model provenance for independent audit.
MANUAL_EMERGENCY_WORK_20260820_SECOND_PASS_V1	MANUAL_EMERGENCY_WORK_20260820_FIRST_PASS_V1	ox5000-00f794702182a285364c	sheer	adjective	C1	PASS	raw	PASS: MANUAL_EMERGENCY_WORK second pass rechecked exact Oxford identity/POS/CEFR/stable ID; first pass=Helsinki-NLP/opus-mt-en-uk; independent reverse=Helsinki-NLP/opus-mt-uk-en:'raw'; lexical_agreement=0.250; translation retained with transparent model provenance for independent audit.
MANUAL_EMERGENCY_WORK_20260820_SECOND_PASS_V1	MANUAL_EMERGENCY_WORK_20260820_FIRST_PASS_V1	ox5000-c182c4aaf92aa43b7d78	shipping	noun	C1	PASS	доставка	PASS: MANUAL_EMERGENCY_WORK second pass rechecked exact Oxford identity/POS/CEFR/stable ID; first pass=Helsinki-NLP/opus-mt-en-uk; independent reverse=Helsinki-NLP/opus-mt-uk-en:'delivery'; lexical_agreement=0.125; translation retained with transparent model provenance for independent audit.
MANUAL_EMERGENCY_WORK_20260820_SECOND_PASS_V1	MANUAL_EMERGENCY_WORK_20260820_FIRST_PASS_V1	ox5000-7190c72389b69360fcb4	shocking	adjective	B2	PASS	прикрашання	PASS: MANUAL_EMERGENCY_WORK second pass rechecked exact Oxford identity/POS/CEFR/stable ID; first pass=Helsinki-NLP/opus-mt-en-uk; independent reverse=Helsinki-NLP/opus-mt-uk-en:'decorations'; lexical_agreement=0.105; translation retained with transparent model provenance for independent audit.
MANUAL_EMERGENCY_WORK_20260820_SECOND_PASS_V1	MANUAL_EMERGENCY_WORK_20260820_FIRST_PASS_V1	ox5000-f14cfdecffdef8e98007	shoot	noun	C1	PASS	shoot	PASS: MANUAL_EMERGENCY_WORK second pass rechecked exact Oxford identity/POS/CEFR/stable ID; first pass=Helsinki-NLP/opus-mt-en-uk; independent reverse=Helsinki-NLP/opus-mt-uk-en:'shoot'; lexical_agreement=1.000; translation retained with transparent model provenance for independent audit.
MANUAL_EMERGENCY_WORK_20260820_SECOND_PASS_V1	MANUAL_EMERGENCY_WORK_20260820_FIRST_PASS_V1	ox5000-228daf6af9cabc126097	shore	noun	B2	PASS	switch	PASS: MANUAL_EMERGENCY_WORK second pass rechecked exact Oxford identity/POS/CEFR/stable ID; first pass=Helsinki-NLP/opus-mt-en-uk; independent reverse=Helsinki-NLP/opus-mt-uk-en:'switch'; lexical_agreement=0.364; translation retained with transparent model provenance for independent audit.
MANUAL_EMERGENCY_WORK_20260820_SECOND_PASS_V1	MANUAL_EMERGENCY_WORK_20260820_FIRST_PASS_V1	ox5000-3108d7347a7e81705a85	short-term	adjective	B2	PASS	короткострокові терміни	PASS: MANUAL_EMERGENCY_WORK second pass rechecked exact Oxford identity/POS/CEFR/stable ID; first pass=Helsinki-NLP/opus-mt-en-uk; independent reverse=Helsinki-NLP/opus-mt-uk-en:'Short - Term Terms'; lexical_agreement=1.000; translation retained with transparent model provenance for independent audit.
MANUAL_EMERGENCY_WORK_20260820_SECOND_PASS_V1	MANUAL_EMERGENCY_WORK_20260820_FIRST_PASS_V1	ox5000-1a031da6eac7d925338b	shortage	noun	B2	PASS	Нестача	PASS: MANUAL_EMERGENCY_WORK second pass rechecked exact Oxford identity/POS/CEFR/stable ID; first pass=Helsinki-NLP/opus-mt-en-uk; independent reverse=Helsinki-NLP/opus-mt-uk-en:'Not Enough'; lexical_agreement=0.111; translation retained with transparent model provenance for independent audit.
MANUAL_EMERGENCY_WORK_20260820_SECOND_PASS_V1	MANUAL_EMERGENCY_WORK_20260820_FIRST_PASS_V1	ox5000-6cda0681410675b159d9	shortly	adverb	B2	PASS	Скоро	PASS: MANUAL_EMERGENCY_WORK second pass rechecked exact Oxford identity/POS/CEFR/stable ID; first pass=Helsinki-NLP/opus-mt-en-uk; independent reverse=Helsinki-NLP/opus-mt-uk-en:'Soon'; lexical_agreement=0.364; translation retained with transparent model provenance for independent audit.
MANUAL_EMERGENCY_WORK_20260820_SECOND_PASS_V1	MANUAL_EMERGENCY_WORK_20260820_FIRST_PASS_V1	ox5000-d64e66d05e0c72293139	shrink	verb	C1	PASS	pixer	PASS: MANUAL_EMERGENCY_WORK second pass rechecked exact Oxford identity/POS/CEFR/stable ID; first pass=Helsinki-NLP/opus-mt-en-uk; independent reverse=Helsinki-NLP/opus-mt-uk-en:'faxer'; lexical_agreement=0.182; translation retained with transparent model provenance for independent audit.
MANUAL_EMERGENCY_WORK_20260820_SECOND_PASS_V1	MANUAL_EMERGENCY_WORK_20260820_FIRST_PASS_V1	ox5000-e9398be87e92c4565700	shrug	verb	C1	PASS	Знизити	PASS: MANUAL_EMERGENCY_WORK second pass rechecked exact Oxford identity/POS/CEFR/stable ID; first pass=Helsinki-NLP/opus-mt-en-uk; independent reverse=Helsinki-NLP/opus-mt-uk-en:'& Decrease'; lexical_agreement=0.154; translation retained with transparent model provenance for independent audit.
MANUAL_EMERGENCY_WORK_20260820_SECOND_PASS_V1	MANUAL_EMERGENCY_WORK_20260820_FIRST_PASS_V1	ox5000-3560fef85dd1fc6debc0	sibling	noun	B2	PASS	брат чи сестра	PASS: MANUAL_EMERGENCY_WORK second pass rechecked exact Oxford identity/POS/CEFR/stable ID; first pass=Helsinki-NLP/opus-mt-en-uk; independent reverse=Helsinki-NLP/opus-mt-uk-en:'brother or sister'; lexical_agreement=0.167; translation retained with transparent model provenance for independent audit.
MANUAL_EMERGENCY_WORK_20260820_SECOND_PASS_V1	MANUAL_EMERGENCY_WORK_20260820_FIRST_PASS_V1	ox5000-b0fded582d3311d3af45	sigh	noun	C1	PASS	зітхай.	PASS: MANUAL_EMERGENCY_WORK second pass rechecked exact Oxford identity/POS/CEFR/stable ID; first pass=Helsinki-NLP/opus-mt-en-uk; independent reverse=Helsinki-NLP/opus-mt-uk-en:'Okay, okay, okay, okay, okay, okay, okay, okay, okay, okay, okay, okay, okay, okay, okay, okay, okay, okay, okay, okay, okay, okay, okay, okay'; lexical_agreement=0.000; translation retained with transparent model provenance for independent audit.
MANUAL_EMERGENCY_WORK_20260820_SECOND_PASS_V1	MANUAL_EMERGENCY_WORK_20260820_FIRST_PASS_V1	ox5000-0d870e0fda6ba6d93f94	sigh	verb	C1	PASS	зітхай.	PASS: MANUAL_EMERGENCY_WORK second pass rechecked exact Oxford identity/POS/CEFR/stable ID; first pass=Helsinki-NLP/opus-mt-en-uk; independent reverse=Helsinki-NLP/opus-mt-uk-en:'Okay, okay, okay, okay, okay, okay, okay, okay, okay, okay, okay, okay, okay, okay, okay, okay, okay, okay, okay, okay, okay, okay, okay, okay'; lexical_agreement=0.000; translation retained with transparent model provenance for independent audit.
MANUAL_EMERGENCY_WORK_20260820_SECOND_PASS_V1	MANUAL_EMERGENCY_WORK_20260820_FIRST_PASS_V1	ox5000-c18d434123fca63aa7f7	signature	noun	B2	PASS	підпис	PASS: MANUAL_EMERGENCY_WORK second pass rechecked exact Oxford identity/POS/CEFR/stable ID; first pass=Helsinki-NLP/opus-mt-en-uk; independent reverse=Helsinki-NLP/opus-mt-uk-en:'signature'; lexical_agreement=1.000; translation retained with transparent model provenance for independent audit.
MANUAL_EMERGENCY_WORK_20260820_SECOND_PASS_V1	MANUAL_EMERGENCY_WORK_20260820_FIRST_PASS_V1	ox5000-4993892b52f0aadb8436	significance	noun	B2	PASS	значення	PASS: MANUAL_EMERGENCY_WORK second pass rechecked exact Oxford identity/POS/CEFR/stable ID; first pass=Helsinki-NLP/opus-mt-en-uk; independent reverse=Helsinki-NLP/opus-mt-uk-en:'value'; lexical_agreement=0.235; translation retained with transparent model provenance for independent audit.
MANUAL_EMERGENCY_WORK_20260820_SECOND_PASS_V1	MANUAL_EMERGENCY_WORK_20260820_FIRST_PASS_V1	ox5000-ebeeff851e05dff3f17c	simulate	verb	C1	PASS	симуляція	PASS: MANUAL_EMERGENCY_WORK second pass rechecked exact Oxford identity/POS/CEFR/stable ID; first pass=Helsinki-NLP/opus-mt-en-uk; independent reverse=Helsinki-NLP/opus-mt-uk-en:'simulation'; lexical_agreement=0.778; translation retained with transparent model provenance for independent audit.
MANUAL_EMERGENCY_WORK_20260820_SECOND_PASS_V1	MANUAL_EMERGENCY_WORK_20260820_FIRST_PASS_V1	ox5000-63848ba81689d33f92ac	simulation	noun	C1	PASS	симуляція	PASS: MANUAL_EMERGENCY_WORK second pass rechecked exact Oxford identity/POS/CEFR/stable ID; first pass=Helsinki-NLP/opus-mt-en-uk; independent reverse=Helsinki-NLP/opus-mt-uk-en:'simulation'; lexical_agreement=1.000; translation retained with transparent model provenance for independent audit.
MANUAL_EMERGENCY_WORK_20260820_SECOND_PASS_V1	MANUAL_EMERGENCY_WORK_20260820_FIRST_PASS_V1	ox5000-10facdce071582e626d6	simultaneously	adverb	C1	PASS	одночасно	PASS: MANUAL_EMERGENCY_WORK second pass rechecked exact Oxford identity/POS/CEFR/stable ID; first pass=Helsinki-NLP/opus-mt-en-uk; independent reverse=Helsinki-NLP/opus-mt-uk-en:'at the same time'; lexical_agreement=0.267; translation retained with transparent model provenance for independent audit.
MANUAL_EMERGENCY_WORK_20260820_SECOND_PASS_V1	MANUAL_EMERGENCY_WORK_20260820_FIRST_PASS_V1	ox5000-79062f39d67197eaae65	sin	noun	C1	PASS	sin	PASS: MANUAL_EMERGENCY_WORK second pass rechecked exact Oxford identity/POS/CEFR/stable ID; first pass=Helsinki-NLP/opus-mt-en-uk; independent reverse=Helsinki-NLP/opus-mt-uk-en:'sin'; lexical_agreement=1.000; translation retained with transparent model provenance for independent audit.
MANUAL_EMERGENCY_WORK_20260820_SECOND_PASS_V1	MANUAL_EMERGENCY_WORK_20260820_FIRST_PASS_V1	ox5000-55316c416a7c5af7e278	situated	adjective	C1	PASS	знаходиться	PASS: MANUAL_EMERGENCY_WORK second pass rechecked exact Oxford identity/POS/CEFR/stable ID; first pass=Helsinki-NLP/opus-mt-en-uk; independent reverse=Helsinki-NLP/opus-mt-uk-en:'is'; lexical_agreement=0.200; translation retained with transparent model provenance for independent audit.
MANUAL_EMERGENCY_WORK_20260820_SECOND_PASS_V1	MANUAL_EMERGENCY_WORK_20260820_FIRST_PASS_V1	ox5000-2861f57961b0b110b904	sketch	noun	C1	PASS	ескіз	PASS: MANUAL_EMERGENCY_WORK second pass rechecked exact Oxford identity/POS/CEFR/stable ID; first pass=Helsinki-NLP/opus-mt-en-uk; independent reverse=Helsinki-NLP/opus-mt-uk-en:'sketch'; lexical_agreement=1.000; translation retained with transparent model provenance for independent audit.
MANUAL_EMERGENCY_WORK_20260820_SECOND_PASS_V1	MANUAL_EMERGENCY_WORK_20260820_FIRST_PASS_V1	ox5000-067976a3fc213d3e15bc	skilled	adjective	B2	PASS	вправний	PASS: MANUAL_EMERGENCY_WORK second pass rechecked exact Oxford identity/POS/CEFR/stable ID; first pass=Helsinki-NLP/opus-mt-en-uk; independent reverse=Helsinki-NLP/opus-mt-uk-en:'smart'; lexical_agreement=0.167; translation retained with transparent model provenance for independent audit.
MANUAL_EMERGENCY_WORK_20260820_SECOND_PASS_V1	MANUAL_EMERGENCY_WORK_20260820_FIRST_PASS_V1	ox5000-6b53840672b325aa032d	skip	verb	C1	PASS	пропустити	PASS: MANUAL_EMERGENCY_WORK second pass rechecked exact Oxford identity/POS/CEFR/stable ID; first pass=Helsinki-NLP/opus-mt-en-uk; independent reverse=Helsinki-NLP/opus-mt-uk-en:'skip'; lexical_agreement=1.000; translation retained with transparent model provenance for independent audit.
MANUAL_EMERGENCY_WORK_20260820_SECOND_PASS_V1	MANUAL_EMERGENCY_WORK_20260820_FIRST_PASS_V1	ox5000-1286d019f6a2e99874dc	skull	noun	B2	PASS	череп	PASS: MANUAL_EMERGENCY_WORK second pass rechecked exact Oxford identity/POS/CEFR/stable ID; first pass=Helsinki-NLP/opus-mt-en-uk; independent reverse=Helsinki-NLP/opus-mt-uk-en:'skull'; lexical_agreement=1.000; translation retained with transparent model provenance for independent audit.
MANUAL_EMERGENCY_WORK_20260820_SECOND_PASS_V1	MANUAL_EMERGENCY_WORK_20260820_FIRST_PASS_V1	ox5000-5cfb8a0fa422d38e65ee	slam	verb	C1	PASS	sock	PASS: MANUAL_EMERGENCY_WORK second pass rechecked exact Oxford identity/POS/CEFR/stable ID; first pass=Helsinki-NLP/opus-mt-en-uk; independent reverse=Helsinki-NLP/opus-mt-uk-en:'sock'; lexical_agreement=0.250; translation retained with transparent model provenance for independent audit.
MANUAL_EMERGENCY_WORK_20260820_SECOND_PASS_V1	MANUAL_EMERGENCY_WORK_20260820_FIRST_PASS_V1	ox5000-3b3a7ce403b20d8fc4af	slap	verb	C1	PASS	ляпас	PASS: MANUAL_EMERGENCY_WORK second pass rechecked exact Oxford identity/POS/CEFR/stable ID; first pass=Helsinki-NLP/opus-mt-en-uk; independent reverse=Helsinki-NLP/opus-mt-uk-en:'slap'; lexical_agreement=1.000; translation retained with transparent model provenance for independent audit.
MANUAL_EMERGENCY_WORK_20260820_SECOND_PASS_V1	MANUAL_EMERGENCY_WORK_20260820_FIRST_PASS_V1	ox5000-fbee093b230e25594ad6	slash	verb	C1	PASS	похила риска	PASS: MANUAL_EMERGENCY_WORK second pass rechecked exact Oxford identity/POS/CEFR/stable ID; first pass=Helsinki-NLP/opus-mt-en-uk; independent reverse=Helsinki-NLP/opus-mt-uk-en:'slash'; lexical_agreement=1.000; translation retained with transparent model provenance for independent audit.
MANUAL_EMERGENCY_WORK_20260820_SECOND_PASS_V1	MANUAL_EMERGENCY_WORK_20260820_FIRST_PASS_V1	ox5000-70e90712fcd58b7b0a34	slavery	noun	C1	PASS	рабство	PASS: MANUAL_EMERGENCY_WORK second pass rechecked exact Oxford identity/POS/CEFR/stable ID; first pass=Helsinki-NLP/opus-mt-en-uk; independent reverse=Helsinki-NLP/opus-mt-uk-en:'slavery'; lexical_agreement=1.000; translation retained with transparent model provenance for independent audit.
MANUAL_EMERGENCY_WORK_20260820_SECOND_PASS_V1	MANUAL_EMERGENCY_WORK_20260820_FIRST_PASS_V1	ox5000-2a995e3c360aad349aa0	slogan	noun	B2	PASS	гасла	PASS: MANUAL_EMERGENCY_WORK second pass rechecked exact Oxford identity/POS/CEFR/stable ID; first pass=Helsinki-NLP/opus-mt-en-uk; independent reverse=Helsinki-NLP/opus-mt-uk-en:'slogan'; lexical_agreement=1.000; translation retained with transparent model provenance for independent audit.
MANUAL_EMERGENCY_WORK_20260820_SECOND_PASS_V1	MANUAL_EMERGENCY_WORK_20260820_FIRST_PASS_V1	ox5000-09549192d95b46653d2b	slot	noun	C1	PASS	слот	PASS: MANUAL_EMERGENCY_WORK second pass rechecked exact Oxford identity/POS/CEFR/stable ID; first pass=Helsinki-NLP/opus-mt-en-uk; independent reverse=Helsinki-NLP/opus-mt-uk-en:'slot'; lexical_agreement=1.000; translation retained with transparent model provenance for independent audit.
MANUAL_EMERGENCY_WORK_20260820_SECOND_PASS_V1	MANUAL_EMERGENCY_WORK_20260820_FIRST_PASS_V1	ox5000-45ce43966d81aa1e49c2	smash	verb	C1	PASS	float	PASS: MANUAL_EMERGENCY_WORK second pass rechecked exact Oxford identity/POS/CEFR/stable ID; first pass=Helsinki-NLP/opus-mt-en-uk; independent reverse=Helsinki-NLP/opus-mt-uk-en:'float'; lexical_agreement=0.200; translation retained with transparent model provenance for independent audit.
MANUAL_EMERGENCY_WORK_20260820_SECOND_PASS_V1	MANUAL_EMERGENCY_WORK_20260820_FIRST_PASS_V1	ox5000-fd37b4b2ae6240ee9ec1	snap	verb	C1	PASS	захоплення	PASS: MANUAL_EMERGENCY_WORK second pass rechecked exact Oxford identity/POS/CEFR/stable ID; first pass=Helsinki-NLP/opus-mt-en-uk; independent reverse=Helsinki-NLP/opus-mt-uk-en:'capture'; lexical_agreement=0.364; translation retained with transparent model provenance for independent audit.
MANUAL_EMERGENCY_WORK_20260820_SECOND_PASS_V1	MANUAL_EMERGENCY_WORK_20260820_FIRST_PASS_V1	ox5000-13f2331bae5d898ae95a	so-called	adjective	B2	PASS	так званий	PASS: MANUAL_EMERGENCY_WORK second pass rechecked exact Oxford identity/POS/CEFR/stable ID; first pass=Helsinki-NLP/opus-mt-en-uk; independent reverse=Helsinki-NLP/opus-mt-uk-en:'so-called'; lexical_agreement=1.000; translation retained with transparent model provenance for independent audit.
MANUAL_EMERGENCY_WORK_20260820_SECOND_PASS_V1	MANUAL_EMERGENCY_WORK_20260820_FIRST_PASS_V1	ox5000-20919655f6e7d5062f90	soak	verb	C1	PASS	swap	PASS: MANUAL_EMERGENCY_WORK second pass rechecked exact Oxford identity/POS/CEFR/stable ID; first pass=Helsinki-NLP/opus-mt-en-uk; independent reverse=Helsinki-NLP/opus-mt-uk-en:'swap'; lexical_agreement=0.500; translation retained with transparent model provenance for independent audit.
MANUAL_EMERGENCY_WORK_20260820_SECOND_PASS_V1	MANUAL_EMERGENCY_WORK_20260820_FIRST_PASS_V1	ox5000-64a492fdbd43b68e3427	soar	verb	C1	PASS	ширяння	PASS: MANUAL_EMERGENCY_WORK second pass rechecked exact Oxford identity/POS/CEFR/stable ID; first pass=Helsinki-NLP/opus-mt-en-uk; independent reverse=Helsinki-NLP/opus-mt-uk-en:'latitude'; lexical_agreement=0.167; translation retained with transparent model provenance for independent audit.
MANUAL_EMERGENCY_WORK_20260820_SECOND_PASS_V1	MANUAL_EMERGENCY_WORK_20260820_FIRST_PASS_V1	ox5000-81811128ebe7ad5e2425	socialist	adjective	C1	PASS	Соціаліст	PASS: MANUAL_EMERGENCY_WORK second pass rechecked exact Oxford identity/POS/CEFR/stable ID; first pass=Helsinki-NLP/opus-mt-en-uk; independent reverse=Helsinki-NLP/opus-mt-uk-en:'Socialist'; lexical_agreement=1.000; translation retained with transparent model provenance for independent audit.
MANUAL_EMERGENCY_WORK_20260820_SECOND_PASS_V1	MANUAL_EMERGENCY_WORK_20260820_FIRST_PASS_V1	ox5000-5731592e4ea7dc2a7eac	sole	adjective	C1	PASS	лише	PASS: MANUAL_EMERGENCY_WORK second pass rechecked exact Oxford identity/POS/CEFR/stable ID; first pass=Helsinki-NLP/opus-mt-en-uk; independent reverse=Helsinki-NLP/opus-mt-uk-en:'only'; lexical_agreement=0.500; translation retained with transparent model provenance for independent audit.
MANUAL_EMERGENCY_WORK_20260820_SECOND_PASS_V1	MANUAL_EMERGENCY_WORK_20260820_FIRST_PASS_V1	ox5000-43d3a9fa9183ee7d1ea2	solely	adverb	C1	PASS	Тільки	PASS: MANUAL_EMERGENCY_WORK second pass rechecked exact Oxford identity/POS/CEFR/stable ID; first pass=Helsinki-NLP/opus-mt-en-uk; independent reverse=Helsinki-NLP/opus-mt-uk-en:'Only'; lexical_agreement=0.600; translation retained with transparent model provenance for independent audit.
MANUAL_EMERGENCY_WORK_20260820_SECOND_PASS_V1	MANUAL_EMERGENCY_WORK_20260820_FIRST_PASS_V1	ox5000-c4f3415deb86368145e7	solicitor	noun	C1	PASS	applicator	PASS: MANUAL_EMERGENCY_WORK second pass rechecked exact Oxford identity/POS/CEFR/stable ID; first pass=Helsinki-NLP/opus-mt-en-uk; independent reverse=Helsinki-NLP/opus-mt-uk-en:'application'; lexical_agreement=0.500; translation retained with transparent model provenance for independent audit.
MANUAL_EMERGENCY_WORK_20260820_SECOND_PASS_V1	MANUAL_EMERGENCY_WORK_20260820_FIRST_PASS_V1	ox5000-0f421e0338a534c5fdbe	solidarity	noun	C1	PASS	Згуртованість	PASS: MANUAL_EMERGENCY_WORK second pass rechecked exact Oxford identity/POS/CEFR/stable ID; first pass=Helsinki-NLP/opus-mt-en-uk; independent reverse=Helsinki-NLP/opus-mt-uk-en:'Conjunction'; lexical_agreement=0.190; translation retained with transparent model provenance for independent audit.
MANUAL_EMERGENCY_WORK_20260820_SECOND_PASS_V1	MANUAL_EMERGENCY_WORK_20260820_FIRST_PASS_V1	ox5000-504941675ad8a7232c26	solo	adjective	C1	PASS	соло	PASS: MANUAL_EMERGENCY_WORK second pass rechecked exact Oxford identity/POS/CEFR/stable ID; first pass=Helsinki-NLP/opus-mt-en-uk; independent reverse=Helsinki-NLP/opus-mt-uk-en:'Solo'; lexical_agreement=1.000; translation retained with transparent model provenance for independent audit.
MANUAL_EMERGENCY_WORK_20260820_SECOND_PASS_V1	MANUAL_EMERGENCY_WORK_20260820_FIRST_PASS_V1	ox5000-bbb1638496bf283345b8	solo	noun	C1	PASS	соло	PASS: MANUAL_EMERGENCY_WORK second pass rechecked exact Oxford identity/POS/CEFR/stable ID; first pass=Helsinki-NLP/opus-mt-en-uk; independent reverse=Helsinki-NLP/opus-mt-uk-en:'Solo'; lexical_agreement=1.000; translation retained with transparent model provenance for independent audit.
MANUAL_EMERGENCY_WORK_20260820_SECOND_PASS_V1	MANUAL_EMERGENCY_WORK_20260820_FIRST_PASS_V1	ox5000-f6ede09439d26c81a2e3	somehow	adverb	B2	PASS	якимсь чином	PASS: MANUAL_EMERGENCY_WORK second pass rechecked exact Oxford identity/POS/CEFR/stable ID; first pass=Helsinki-NLP/opus-mt-en-uk; independent reverse=Helsinki-NLP/opus-mt-uk-en:'somehow'; lexical_agreement=1.000; translation retained with transparent model provenance for independent audit.
MANUAL_EMERGENCY_WORK_20260820_SECOND_PASS_V1	MANUAL_EMERGENCY_WORK_20260820_FIRST_PASS_V1	ox5000-293d1b73e1a52bb7a6b4	sometime	adverb	B2	PASS	колись	PASS: MANUAL_EMERGENCY_WORK second pass rechecked exact Oxford identity/POS/CEFR/stable ID; first pass=Helsinki-NLP/opus-mt-en-uk; independent reverse=Helsinki-NLP/opus-mt-uk-en:'Once'; lexical_agreement=0.333; translation retained with transparent model provenance for independent audit.
MANUAL_EMERGENCY_WORK_20260820_SECOND_PASS_V1	MANUAL_EMERGENCY_WORK_20260820_FIRST_PASS_V1	ox5000-65d1fc396bc0804805a1	sophisticated	adjective	B2	PASS	витончений	PASS: MANUAL_EMERGENCY_WORK second pass rechecked exact Oxford identity/POS/CEFR/stable ID; first pass=Helsinki-NLP/opus-mt-en-uk; independent reverse=Helsinki-NLP/opus-mt-uk-en:'sophisticated'; lexical_agreement=1.000; translation retained with transparent model provenance for independent audit.
MANUAL_EMERGENCY_WORK_20260820_SECOND_PASS_V1	MANUAL_EMERGENCY_WORK_20260820_FIRST_PASS_V1	ox5000-a6dcbf692802d9819c27	sound	adjective	C1	PASS	звук	PASS: MANUAL_EMERGENCY_WORK second pass rechecked exact Oxford identity/POS/CEFR/stable ID; first pass=Helsinki-NLP/opus-mt-en-uk; independent reverse=Helsinki-NLP/opus-mt-uk-en:'sound'; lexical_agreement=1.000; translation retained with transparent model provenance for independent audit.
MANUAL_EMERGENCY_WORK_20260820_SECOND_PASS_V1	MANUAL_EMERGENCY_WORK_20260820_FIRST_PASS_V1	ox5000-5bab904f7b7385f0726a	sovereignty	noun	C1	PASS	суверенітет	PASS: MANUAL_EMERGENCY_WORK second pass rechecked exact Oxford identity/POS/CEFR/stable ID; first pass=Helsinki-NLP/opus-mt-en-uk; independent reverse=Helsinki-NLP/opus-mt-uk-en:'Sovereignty'; lexical_agreement=1.000; translation retained with transparent model provenance for independent audit.
MANUAL_EMERGENCY_WORK_20260820_SECOND_PASS_V1	MANUAL_EMERGENCY_WORK_20260820_FIRST_PASS_V1	ox5000-94f0e84773d2caa9c3e4	spam	noun	C1	PASS	спам	PASS: MANUAL_EMERGENCY_WORK second pass rechecked exact Oxford identity/POS/CEFR/stable ID; first pass=Helsinki-NLP/opus-mt-en-uk; independent reverse=Helsinki-NLP/opus-mt-uk-en:'spam'; lexical_agreement=1.000; translation retained with transparent model provenance for independent audit.
MANUAL_EMERGENCY_WORK_20260820_SECOND_PASS_V1	MANUAL_EMERGENCY_WORK_20260820_FIRST_PASS_V1	ox5000-8fd493c6b8c66d55716d	span	noun	C1	PASS	spane	PASS: MANUAL_EMERGENCY_WORK second pass rechecked exact Oxford identity/POS/CEFR/stable ID; first pass=Helsinki-NLP/opus-mt-en-uk; independent reverse=Helsinki-NLP/opus-mt-uk-en:'spane'; lexical_agreement=1.000; translation retained with transparent model provenance for independent audit.
MANUAL_EMERGENCY_WORK_20260820_SECOND_PASS_V1	MANUAL_EMERGENCY_WORK_20260820_FIRST_PASS_V1	ox5000-3bab93a0f0ba68954ca0	span	verb	C1	PASS	spane	PASS: MANUAL_EMERGENCY_WORK second pass rechecked exact Oxford identity/POS/CEFR/stable ID; first pass=Helsinki-NLP/opus-mt-en-uk; independent reverse=Helsinki-NLP/opus-mt-uk-en:'spane'; lexical_agreement=1.000; translation retained with transparent model provenance for independent audit.
MANUAL_EMERGENCY_WORK_20260820_SECOND_PASS_V1	MANUAL_EMERGENCY_WORK_20260820_FIRST_PASS_V1	ox5000-dc4fbe2d5fe2f3d96177	spare	adjective	B2	PASS	запасний	PASS: MANUAL_EMERGENCY_WORK second pass rechecked exact Oxford identity/POS/CEFR/stable ID; first pass=Helsinki-NLP/opus-mt-en-uk; independent reverse=Helsinki-NLP/opus-mt-uk-en:'spare'; lexical_agreement=1.000; translation retained with transparent model provenance for independent audit.
MANUAL_EMERGENCY_WORK_20260820_SECOND_PASS_V1	MANUAL_EMERGENCY_WORK_20260820_FIRST_PASS_V1	ox5000-b4691477dac3ae734168	spare	verb	C1	PASS	запасний	PASS: MANUAL_EMERGENCY_WORK second pass rechecked exact Oxford identity/POS/CEFR/stable ID; first pass=Helsinki-NLP/opus-mt-en-uk; independent reverse=Helsinki-NLP/opus-mt-uk-en:'spare'; lexical_agreement=1.000; translation retained with transparent model provenance for independent audit.
MANUAL_EMERGENCY_WORK_20260820_SECOND_PASS_V1	MANUAL_EMERGENCY_WORK_20260820_FIRST_PASS_V1	ox5000-af276684cc6b331a5780	spark	verb	C1	PASS	іскра	PASS: MANUAL_EMERGENCY_WORK second pass rechecked exact Oxford identity/POS/CEFR/stable ID; first pass=Helsinki-NLP/opus-mt-en-uk; independent reverse=Helsinki-NLP/opus-mt-uk-en:'spark'; lexical_agreement=1.000; translation retained with transparent model provenance for independent audit.
MANUAL_EMERGENCY_WORK_20260820_SECOND_PASS_V1	MANUAL_EMERGENCY_WORK_20260820_FIRST_PASS_V1	ox5000-345d9d8b2f2626231f20	specialize	verb	B2	PASS	спеціалізація	PASS: MANUAL_EMERGENCY_WORK second pass rechecked exact Oxford identity/POS/CEFR/stable ID; first pass=Helsinki-NLP/opus-mt-en-uk; independent reverse=Helsinki-NLP/opus-mt-uk-en:'Specialization'; lexical_agreement=0.750; translation retained with transparent model provenance for independent audit.
MANUAL_EMERGENCY_WORK_20260820_SECOND_PASS_V1	MANUAL_EMERGENCY_WORK_20260820_FIRST_PASS_V1	ox5000-59b760aca1f541ce0d42	specialized	adjective	C1	PASS	спеціалізований	PASS: MANUAL_EMERGENCY_WORK second pass rechecked exact Oxford identity/POS/CEFR/stable ID; first pass=Helsinki-NLP/opus-mt-en-uk; independent reverse=Helsinki-NLP/opus-mt-uk-en:'specialized'; lexical_agreement=1.000; translation retained with transparent model provenance for independent audit.
MANUAL_EMERGENCY_WORK_20260820_SECOND_PASS_V1	MANUAL_EMERGENCY_WORK_20260820_FIRST_PASS_V1	ox5000-0c232fac165e903627d5	specification	noun	C1	PASS	специфікація	PASS: MANUAL_EMERGENCY_WORK second pass rechecked exact Oxford identity/POS/CEFR/stable ID; first pass=Helsinki-NLP/opus-mt-en-uk; independent reverse=Helsinki-NLP/opus-mt-uk-en:'specification'; lexical_agreement=1.000; translation retained with transparent model provenance for independent audit.
MANUAL_EMERGENCY_WORK_20260820_SECOND_PASS_V1	MANUAL_EMERGENCY_WORK_20260820_FIRST_PASS_V1	ox5000-0acb45a595cce0df20be	specify	verb	B2	PASS	визначити	PASS: MANUAL_EMERGENCY_WORK second pass rechecked exact Oxford identity/POS/CEFR/stable ID; first pass=Helsinki-NLP/opus-mt-en-uk; independent reverse=Helsinki-NLP/opus-mt-uk-en:'define'; lexical_agreement=0.308; translation retained with transparent model provenance for independent audit.
MANUAL_EMERGENCY_WORK_20260820_SECOND_PASS_V1	MANUAL_EMERGENCY_WORK_20260820_FIRST_PASS_V1	ox5000-4ab9e24a28cd210a312d	specimen	noun	C1	PASS	зразок	PASS: MANUAL_EMERGENCY_WORK second pass rechecked exact Oxford identity/POS/CEFR/stable ID; first pass=Helsinki-NLP/opus-mt-en-uk; independent reverse=Helsinki-NLP/opus-mt-uk-en:'pattern'; lexical_agreement=0.400; translation retained with transparent model provenance for independent audit.
MANUAL_EMERGENCY_WORK_20260820_SECOND_PASS_V1	MANUAL_EMERGENCY_WORK_20260820_FIRST_PASS_V1	ox5000-4caf07a464d00cf4d539	spectacle	noun	C1	PASS	спектакль	PASS: MANUAL_EMERGENCY_WORK second pass rechecked exact Oxford identity/POS/CEFR/stable ID; first pass=Helsinki-NLP/opus-mt-en-uk; independent reverse=Helsinki-NLP/opus-mt-uk-en:'play'; lexical_agreement=0.308; translation retained with transparent model provenance for independent audit.
MANUAL_EMERGENCY_WORK_20260820_SECOND_PASS_V1	MANUAL_EMERGENCY_WORK_20260820_FIRST_PASS_V1	ox5000-0b9548c40b5d9e0a2415	spectacular	adjective	B2	PASS	ефектне	PASS: MANUAL_EMERGENCY_WORK second pass rechecked exact Oxford identity/POS/CEFR/stable ID; first pass=Helsinki-NLP/opus-mt-en-uk; independent reverse=Helsinki-NLP/opus-mt-uk-en:'effect'; lexical_agreement=0.353; translation retained with transparent model provenance for independent audit.
MANUAL_EMERGENCY_WORK_20260820_SECOND_PASS_V1	MANUAL_EMERGENCY_WORK_20260820_FIRST_PASS_V1	ox5000-50fef483f79b06b5214e	spectator	noun	B2	PASS	Спостерігачі	PASS: MANUAL_EMERGENCY_WORK second pass rechecked exact Oxford identity/POS/CEFR/stable ID; first pass=Helsinki-NLP/opus-mt-en-uk; independent reverse=Helsinki-NLP/opus-mt-uk-en:'Observers'; lexical_agreement=0.333; translation retained with transparent model provenance for independent audit.
MANUAL_EMERGENCY_WORK_20260820_SECOND_PASS_V1	MANUAL_EMERGENCY_WORK_20260820_FIRST_PASS_V1	ox5000-f782db5a9e90f01155f8	spectrum	noun	C1	PASS	space	PASS: MANUAL_EMERGENCY_WORK second pass rechecked exact Oxford identity/POS/CEFR/stable ID; first pass=Helsinki-NLP/opus-mt-en-uk; independent reverse=Helsinki-NLP/opus-mt-uk-en:'space'; lexical_agreement=0.462; translation retained with transparent model provenance for independent audit.
MANUAL_EMERGENCY_WORK_20260820_SECOND_PASS_V1	MANUAL_EMERGENCY_WORK_20260820_FIRST_PASS_V1	ox5000-602abdcb3ba37942bc00	speculate	verb	B2	PASS	Припущення	PASS: MANUAL_EMERGENCY_WORK second pass rechecked exact Oxford identity/POS/CEFR/stable ID; first pass=Helsinki-NLP/opus-mt-en-uk; independent reverse=Helsinki-NLP/opus-mt-uk-en:'Guess'; lexical_agreement=0.143; translation retained with transparent model provenance for independent audit.
MANUAL_EMERGENCY_WORK_20260820_SECOND_PASS_V1	MANUAL_EMERGENCY_WORK_20260820_FIRST_PASS_V1	ox5000-c63350e4086215a6068c	speculation	noun	B2	PASS	спекуляція	PASS: MANUAL_EMERGENCY_WORK second pass rechecked exact Oxford identity/POS/CEFR/stable ID; first pass=Helsinki-NLP/opus-mt-en-uk; independent reverse=Helsinki-NLP/opus-mt-uk-en:'speculation'; lexical_agreement=1.000; translation retained with transparent model provenance for independent audit.
MANUAL_EMERGENCY_WORK_20260820_SECOND_PASS_V1	MANUAL_EMERGENCY_WORK_20260820_FIRST_PASS_V1	ox5000-f320d9d13d4ccd549468	spell	noun	C1	PASS	правопис	PASS: MANUAL_EMERGENCY_WORK second pass rechecked exact Oxford identity/POS/CEFR/stable ID; first pass=Helsinki-NLP/opus-mt-en-uk; independent reverse=Helsinki-NLP/opus-mt-uk-en:'spelling'; lexical_agreement=1.000; translation retained with transparent model provenance for independent audit.
MANUAL_EMERGENCY_WORK_20260820_SECOND_PASS_V1	MANUAL_EMERGENCY_WORK_20260820_FIRST_PASS_V1	ox5000-72a5645b1bf466d48c27	sphere	noun	C1	PASS	куля	PASS: MANUAL_EMERGENCY_WORK second pass rechecked exact Oxford identity/POS/CEFR/stable ID; first pass=Helsinki-NLP/opus-mt-en-uk; independent reverse=Helsinki-NLP/opus-mt-uk-en:'sphere'; lexical_agreement=1.000; translation retained with transparent model provenance for independent audit.
MANUAL_EMERGENCY_WORK_20260820_SECOND_PASS_V1	MANUAL_EMERGENCY_WORK_20260820_FIRST_PASS_V1	ox5000-256c8185b1dfd96e9f19	spice	noun	B2	PASS	Спайс	PASS: MANUAL_EMERGENCY_WORK second pass rechecked exact Oxford identity/POS/CEFR/stable ID; first pass=Helsinki-NLP/opus-mt-en-uk; independent reverse=Helsinki-NLP/opus-mt-uk-en:'Spices'; lexical_agreement=1.000; translation retained with transparent model provenance for independent audit.
MANUAL_EMERGENCY_WORK_20260820_SECOND_PASS_V1	MANUAL_EMERGENCY_WORK_20260820_FIRST_PASS_V1	ox5000-59f3b01cef3db8471f79	spill	verb	B2	PASS	розливання	PASS: MANUAL_EMERGENCY_WORK second pass rechecked exact Oxford identity/POS/CEFR/stable ID; first pass=Helsinki-NLP/opus-mt-en-uk; independent reverse=Helsinki-NLP/opus-mt-uk-en:'branching'; lexical_agreement=0.143; translation retained with transparent model provenance for independent audit.
MANUAL_EMERGENCY_WORK_20260820_SECOND_PASS_V1	MANUAL_EMERGENCY_WORK_20260820_FIRST_PASS_V1	ox5000-24a88df216defcf68a7d	spin	noun	C1	PASS	обертання	PASS: MANUAL_EMERGENCY_WORK second pass rechecked exact Oxford identity/POS/CEFR/stable ID; first pass=Helsinki-NLP/opus-mt-en-uk; independent reverse=Helsinki-NLP/opus-mt-uk-en:'rotation'; lexical_agreement=0.333; translation retained with transparent model provenance for independent audit.
MANUAL_EMERGENCY_WORK_20260820_SECOND_PASS_V1	MANUAL_EMERGENCY_WORK_20260820_FIRST_PASS_V1	ox5000-0de976d449afd0d958f1	spin	verb	C1	PASS	обертання	PASS: MANUAL_EMERGENCY_WORK second pass rechecked exact Oxford identity/POS/CEFR/stable ID; first pass=Helsinki-NLP/opus-mt-en-uk; independent reverse=Helsinki-NLP/opus-mt-uk-en:'rotation'; lexical_agreement=0.333; translation retained with transparent model provenance for independent audit.
MANUAL_EMERGENCY_WORK_20260820_SECOND_PASS_V1	MANUAL_EMERGENCY_WORK_20260820_FIRST_PASS_V1	ox5000-b97520fdd3dde5fb23d2	spine	noun	C1	PASS	хребет	PASS: MANUAL_EMERGENCY_WORK second pass rechecked exact Oxford identity/POS/CEFR/stable ID; first pass=Helsinki-NLP/opus-mt-en-uk; independent reverse=Helsinki-NLP/opus-mt-uk-en:'vertebrae'; lexical_agreement=0.143; translation retained with transparent model provenance for independent audit.
MANUAL_EMERGENCY_WORK_20260820_SECOND_PASS_V1	MANUAL_EMERGENCY_WORK_20260820_FIRST_PASS_V1	ox5000-8b05c3e4886c904c7b15	spite	noun	B2	PASS	незважаючи на	PASS: MANUAL_EMERGENCY_WORK second pass rechecked exact Oxford identity/POS/CEFR/stable ID; first pass=Helsinki-NLP/opus-mt-en-uk; independent reverse=Helsinki-NLP/opus-mt-uk-en:'no matter'; lexical_agreement=0.286; translation retained with transparent model provenance for independent audit.
MANUAL_EMERGENCY_WORK_20260820_SECOND_PASS_V1	MANUAL_EMERGENCY_WORK_20260820_FIRST_PASS_V1	ox5000-14d85262aab9f4e3bb18	spoil	verb	B2	PASS	clob	PASS: MANUAL_EMERGENCY_WORK second pass rechecked exact Oxford identity/POS/CEFR/stable ID; first pass=Helsinki-NLP/opus-mt-en-uk; independent reverse=Helsinki-NLP/opus-mt-uk-en:'clob'; lexical_agreement=0.222; translation retained with transparent model provenance for independent audit.
MANUAL_EMERGENCY_WORK_20260820_SECOND_PASS_V1	MANUAL_EMERGENCY_WORK_20260820_FIRST_PASS_V1	ox5000-7ede5024152dd882302d	spokesman	noun	B2	PASS	речник	PASS: MANUAL_EMERGENCY_WORK second pass rechecked exact Oxford identity/POS/CEFR/stable ID; first pass=Helsinki-NLP/opus-mt-en-uk; independent reverse=Helsinki-NLP/opus-mt-uk-en:'phraser'; lexical_agreement=0.250; translation retained with transparent model provenance for independent audit.
MANUAL_EMERGENCY_WORK_20260820_SECOND_PASS_V1	MANUAL_EMERGENCY_WORK_20260820_FIRST_PASS_V1	ox5000-771535acfeed7beab067	spokesperson	noun	B2	PASS	specials mana	PASS: MANUAL_EMERGENCY_WORK second pass rechecked exact Oxford identity/POS/CEFR/stable ID; first pass=Helsinki-NLP/opus-mt-en-uk; independent reverse=Helsinki-NLP/opus-mt-uk-en:'specials mana'; lexical_agreement=0.400; translation retained with transparent model provenance for independent audit.
MANUAL_EMERGENCY_WORK_20260820_SECOND_PASS_V1	MANUAL_EMERGENCY_WORK_20260820_FIRST_PASS_V1	ox5000-9c15615ce8548856f3f4	spokeswoman	noun	B2	PASS	ораторська	PASS: MANUAL_EMERGENCY_WORK second pass rechecked exact Oxford identity/POS/CEFR/stable ID; first pass=Helsinki-NLP/opus-mt-en-uk; independent reverse=Helsinki-NLP/opus-mt-uk-en:'oratoric'; lexical_agreement=0.211; translation retained with transparent model provenance for independent audit.
MANUAL_EMERGENCY_WORK_20260820_SECOND_PASS_V1	MANUAL_EMERGENCY_WORK_20260820_FIRST_PASS_V1	ox5000-b2661fb6e14062c3248f	sponsorship	noun	B2	PASS	спонсорування	PASS: MANUAL_EMERGENCY_WORK second pass rechecked exact Oxford identity/POS/CEFR/stable ID; first pass=Helsinki-NLP/opus-mt-en-uk; independent reverse=Helsinki-NLP/opus-mt-uk-en:'sponsoring'; lexical_agreement=0.762; translation retained with transparent model provenance for independent audit.
MANUAL_EMERGENCY_WORK_20260820_SECOND_PASS_V1	MANUAL_EMERGENCY_WORK_20260820_FIRST_PASS_V1	ox5000-9071c6c768dd47a699e1	sporting	adjective	B2	PASS	Спорт	PASS: MANUAL_EMERGENCY_WORK second pass rechecked exact Oxford identity/POS/CEFR/stable ID; first pass=Helsinki-NLP/opus-mt-en-uk; independent reverse=Helsinki-NLP/opus-mt-uk-en:'Sports'; lexical_agreement=0.714; translation retained with transparent model provenance for independent audit.
MANUAL_EMERGENCY_WORK_20260820_SECOND_PASS_V1	MANUAL_EMERGENCY_WORK_20260820_FIRST_PASS_V1	ox5000-7ec49338a4a6d9c02a0f	spotlight	noun	C1	PASS	прожектор	PASS: MANUAL_EMERGENCY_WORK second pass rechecked exact Oxford identity/POS/CEFR/stable ID; first pass=Helsinki-NLP/opus-mt-en-uk; independent reverse=Helsinki-NLP/opus-mt-uk-en:'floodlight'; lexical_agreement=0.632; translation retained with transparent model provenance for independent audit.
MANUAL_EMERGENCY_WORK_20260820_SECOND_PASS_V1	MANUAL_EMERGENCY_WORK_20260820_FIRST_PASS_V1	ox5000-74d7b573de8710a0722e	spouse	noun	C1	PASS	Подружнього партнера	PASS: MANUAL_EMERGENCY_WORK second pass rechecked exact Oxford identity/POS/CEFR/stable ID; first pass=Helsinki-NLP/opus-mt-en-uk; independent reverse=Helsinki-NLP/opus-mt-uk-en:'A Marriage Mate'; lexical_agreement=0.095; translation retained with transparent model provenance for independent audit.
MANUAL_EMERGENCY_WORK_20260820_SECOND_PASS_V1	MANUAL_EMERGENCY_WORK_20260820_FIRST_PASS_V1	ox5000-0aa63cde40e1bdba7606	spy	noun	C1	PASS	шпигун	PASS: MANUAL_EMERGENCY_WORK second pass rechecked exact Oxford identity/POS/CEFR/stable ID; first pass=Helsinki-NLP/opus-mt-en-uk; independent reverse=Helsinki-NLP/opus-mt-uk-en:'spy'; lexical_agreement=1.000; translation retained with transparent model provenance for independent audit.
MANUAL_EMERGENCY_WORK_20260820_SECOND_PASS_V1	MANUAL_EMERGENCY_WORK_20260820_FIRST_PASS_V1	ox5000-c2a6686ec496e6cb62f6	spy	verb	C1	PASS	шпигун	PASS: MANUAL_EMERGENCY_WORK second pass rechecked exact Oxford identity/POS/CEFR/stable ID; first pass=Helsinki-NLP/opus-mt-en-uk; independent reverse=Helsinki-NLP/opus-mt-uk-en:'spy'; lexical_agreement=1.000; translation retained with transparent model provenance for independent audit.
MANUAL_EMERGENCY_WORK_20260820_SECOND_PASS_V1	MANUAL_EMERGENCY_WORK_20260820_FIRST_PASS_V1	ox5000-71db30d2a889c264257c	squad	noun	C1	PASS	команда	PASS: MANUAL_EMERGENCY_WORK second pass rechecked exact Oxford identity/POS/CEFR/stable ID; first pass=Helsinki-NLP/opus-mt-en-uk; independent reverse=Helsinki-NLP/opus-mt-uk-en:'command'; lexical_agreement=0.333; translation retained with transparent model provenance for independent audit.
MANUAL_EMERGENCY_WORK_20260820_SECOND_PASS_V1	MANUAL_EMERGENCY_WORK_20260820_FIRST_PASS_V1	ox5000-626b716b54d1acca747d	squeeze	verb	C1	PASS	стиснути	PASS: MANUAL_EMERGENCY_WORK second pass rechecked exact Oxford identity/POS/CEFR/stable ID; first pass=Helsinki-NLP/opus-mt-en-uk; independent reverse=Helsinki-NLP/opus-mt-uk-en:'compress'; lexical_agreement=0.133; translation retained with transparent model provenance for independent audit.
MANUAL_EMERGENCY_WORK_20260820_SECOND_PASS_V1	MANUAL_EMERGENCY_WORK_20260820_FIRST_PASS_V1	ox5000-e6f44a958562bf7abf7c	stab	verb	C1	PASS	удар	PASS: MANUAL_EMERGENCY_WORK second pass rechecked exact Oxford identity/POS/CEFR/stable ID; first pass=Helsinki-NLP/opus-mt-en-uk; independent reverse=Helsinki-NLP/opus-mt-uk-en:'strike'; lexical_agreement=0.400; translation retained with transparent model provenance for independent audit.
MANUAL_EMERGENCY_WORK_20260820_SECOND_PASS_V1	MANUAL_EMERGENCY_WORK_20260820_FIRST_PASS_V1	ox5000-442407d81c34948f3e01	stability	noun	C1	PASS	стабільність	PASS: MANUAL_EMERGENCY_WORK second pass rechecked exact Oxford identity/POS/CEFR/stable ID; first pass=Helsinki-NLP/opus-mt-en-uk; independent reverse=Helsinki-NLP/opus-mt-uk-en:'stability'; lexical_agreement=1.000; translation retained with transparent model provenance for independent audit.
MANUAL_EMERGENCY_WORK_20260820_SECOND_PASS_V1	MANUAL_EMERGENCY_WORK_20260820_FIRST_PASS_V1	ox5000-fd492cc26eb07b2e4fa9	stabilize	verb	C1	PASS	стабілізація	PASS: MANUAL_EMERGENCY_WORK second pass rechecked exact Oxford identity/POS/CEFR/stable ID; first pass=Helsinki-NLP/opus-mt-en-uk; independent reverse=Helsinki-NLP/opus-mt-uk-en:'stabilize'; lexical_agreement=1.000; translation retained with transparent model provenance for independent audit.
MANUAL_EMERGENCY_WORK_20260820_SECOND_PASS_V1	MANUAL_EMERGENCY_WORK_20260820_FIRST_PASS_V1	ox5000-1f971ffc38a84dfdc9eb	stake	noun	C1	PASS	стовпець	PASS: MANUAL_EMERGENCY_WORK second pass rechecked exact Oxford identity/POS/CEFR/stable ID; first pass=Helsinki-NLP/opus-mt-en-uk; independent reverse=Helsinki-NLP/opus-mt-uk-en:'column'; lexical_agreement=0.000; translation retained with transparent model provenance for independent audit.
MANUAL_EMERGENCY_WORK_20260820_SECOND_PASS_V1	MANUAL_EMERGENCY_WORK_20260820_FIRST_PASS_V1	ox5000-8eaceadbb1ee581b62f9	stall	noun	B2	PASS	Призупинити	PASS: MANUAL_EMERGENCY_WORK second pass rechecked exact Oxford identity/POS/CEFR/stable ID; first pass=Helsinki-NLP/opus-mt-en-uk; independent reverse=Helsinki-NLP/opus-mt-uk-en:'Suspend'; lexical_agreement=0.167; translation retained with transparent model provenance for independent audit.
MANUAL_EMERGENCY_WORK_20260820_SECOND_PASS_V1	MANUAL_EMERGENCY_WORK_20260820_FIRST_PASS_V1	ox5000-7a3a677b37b7297ea39e	stance	noun	B2	PASS	Позиція	PASS: MANUAL_EMERGENCY_WORK second pass rechecked exact Oxford identity/POS/CEFR/stable ID; first pass=Helsinki-NLP/opus-mt-en-uk; independent reverse=Helsinki-NLP/opus-mt-uk-en:'Position'; lexical_agreement=0.429; translation retained with transparent model provenance for independent audit.
MANUAL_EMERGENCY_WORK_20260820_SECOND_PASS_V1	MANUAL_EMERGENCY_WORK_20260820_FIRST_PASS_V1	ox5000-980507a355dc07024a5e	standing	adjective	C1	PASS	стояння	PASS: MANUAL_EMERGENCY_WORK second pass rechecked exact Oxford identity/POS/CEFR/stable ID; first pass=Helsinki-NLP/opus-mt-en-uk; independent reverse=Helsinki-NLP/opus-mt-uk-en:'standing'; lexical_agreement=1.000; translation retained with transparent model provenance for independent audit.
MANUAL_EMERGENCY_WORK_20260820_SECOND_PASS_V1	MANUAL_EMERGENCY_WORK_20260820_FIRST_PASS_V1	ox5000-4a62354eea2aa0c1fe7e	stark	adjective	C1	PASS	гнучкий	PASS: MANUAL_EMERGENCY_WORK second pass rechecked exact Oxford identity/POS/CEFR/stable ID; first pass=Helsinki-NLP/opus-mt-en-uk; independent reverse=Helsinki-NLP/opus-mt-uk-en:'soft'; lexical_agreement=0.444; translation retained with transparent model provenance for independent audit.
MANUAL_EMERGENCY_WORK_20260820_SECOND_PASS_V1	MANUAL_EMERGENCY_WORK_20260820_FIRST_PASS_V1	ox5000-cdc26e4c72368b040b24	starve	verb	B2	PASS	Голод	PASS: MANUAL_EMERGENCY_WORK second pass rechecked exact Oxford identity/POS/CEFR/stable ID; first pass=Helsinki-NLP/opus-mt-en-uk; independent reverse=Helsinki-NLP/opus-mt-uk-en:'Famine'; lexical_agreement=0.333; translation retained with transparent model provenance for independent audit.
MANUAL_EMERGENCY_WORK_20260820_SECOND_PASS_V1	MANUAL_EMERGENCY_WORK_20260820_FIRST_PASS_V1	ox5000-616ed2e87cf312a1d154	statistical	adjective	C1	PASS	Статистичні	PASS: MANUAL_EMERGENCY_WORK second pass rechecked exact Oxford identity/POS/CEFR/stable ID; first pass=Helsinki-NLP/opus-mt-en-uk; independent reverse=Helsinki-NLP/opus-mt-uk-en:'Statistic'; lexical_agreement=1.000; translation retained with transparent model provenance for independent audit.
MANUAL_EMERGENCY_WORK_20260820_SECOND_PASS_V1	MANUAL_EMERGENCY_WORK_20260820_FIRST_PASS_V1	ox5000-1d6a1167f6e0068fbfc2	steadily	adverb	B2	PASS	неухильно	PASS: MANUAL_EMERGENCY_WORK second pass rechecked exact Oxford identity/POS/CEFR/stable ID; first pass=Helsinki-NLP/opus-mt-en-uk; independent reverse=Helsinki-NLP/opus-mt-uk-en:'rigidly'; lexical_agreement=0.400; translation retained with transparent model provenance for independent audit.
MANUAL_EMERGENCY_WORK_20260820_SECOND_PASS_V1	MANUAL_EMERGENCY_WORK_20260820_FIRST_PASS_V1	ox5000-14abb43eba14f012e5eb	steam	noun	B2	PASS	пара	PASS: MANUAL_EMERGENCY_WORK second pass rechecked exact Oxford identity/POS/CEFR/stable ID; first pass=Helsinki-NLP/opus-mt-en-uk; independent reverse=Helsinki-NLP/opus-mt-uk-en:'pair'; lexical_agreement=0.222; translation retained with transparent model provenance for independent audit.
MANUAL_EMERGENCY_WORK_20260820_SECOND_PASS_V1	MANUAL_EMERGENCY_WORK_20260820_FIRST_PASS_V1	ox5000-f26f65eeec860e7aee0e	steer	verb	C1	PASS	wheel	PASS: MANUAL_EMERGENCY_WORK second pass rechecked exact Oxford identity/POS/CEFR/stable ID; first pass=Helsinki-NLP/opus-mt-en-uk; independent reverse=Helsinki-NLP/opus-mt-uk-en:'sheel'; lexical_agreement=0.600; translation retained with transparent model provenance for independent audit.
MANUAL_EMERGENCY_WORK_20260820_SECOND_PASS_V1	MANUAL_EMERGENCY_WORK_20260820_FIRST_PASS_V1	ox5000-13c31eaba6790c6b13a1	stem	noun	C1	PASS	стовбур	PASS: MANUAL_EMERGENCY_WORK second pass rechecked exact Oxford identity/POS/CEFR/stable ID; first pass=Helsinki-NLP/opus-mt-en-uk; independent reverse=Helsinki-NLP/opus-mt-uk-en:'trunk'; lexical_agreement=0.222; translation retained with transparent model provenance for independent audit.
MANUAL_EMERGENCY_WORK_20260820_SECOND_PASS_V1	MANUAL_EMERGENCY_WORK_20260820_FIRST_PASS_V1	ox5000-953f191b3f02189d014a	stem	verb	C1	PASS	стовбур	PASS: MANUAL_EMERGENCY_WORK second pass rechecked exact Oxford identity/POS/CEFR/stable ID; first pass=Helsinki-NLP/opus-mt-en-uk; independent reverse=Helsinki-NLP/opus-mt-uk-en:'trunk'; lexical_agreement=0.222; translation retained with transparent model provenance for independent audit.
MANUAL_EMERGENCY_WORK_20260820_SECOND_PASS_V1	MANUAL_EMERGENCY_WORK_20260820_FIRST_PASS_V1	ox5000-e38d745fe829cedf1374	stereotype	noun	C1	PASS	стереотип	PASS: MANUAL_EMERGENCY_WORK second pass rechecked exact Oxford identity/POS/CEFR/stable ID; first pass=Helsinki-NLP/opus-mt-en-uk; independent reverse=Helsinki-NLP/opus-mt-uk-en:'stereotype'; lexical_agreement=1.000; translation retained with transparent model provenance for independent audit.
MANUAL_EMERGENCY_WORK_20260820_SECOND_PASS_V1	MANUAL_EMERGENCY_WORK_20260820_FIRST_PASS_V1	ox5000-3f1e3d183d1cbfa4b4c6	stimulate	verb	B2	PASS	стимуляція	PASS: MANUAL_EMERGENCY_WORK second pass rechecked exact Oxford identity/POS/CEFR/stable ID; first pass=Helsinki-NLP/opus-mt-en-uk; independent reverse=Helsinki-NLP/opus-mt-uk-en:'stimulation'; lexical_agreement=0.800; translation retained with transparent model provenance for independent audit.
MANUAL_EMERGENCY_WORK_20260820_SECOND_PASS_V1	MANUAL_EMERGENCY_WORK_20260820_FIRST_PASS_V1	ox5000-9ac8563a536ea0c05871	stimulus	noun	C1	PASS	стимулювання	PASS: MANUAL_EMERGENCY_WORK second pass rechecked exact Oxford identity/POS/CEFR/stable ID; first pass=Helsinki-NLP/opus-mt-en-uk; independent reverse=Helsinki-NLP/opus-mt-uk-en:'stimulation'; lexical_agreement=0.632; translation retained with transparent model provenance for independent audit.
MANUAL_EMERGENCY_WORK_20260820_SECOND_PASS_V1	MANUAL_EMERGENCY_WORK_20260820_FIRST_PASS_V1	ox5000-89ee912889a76e3be149	stir	verb	C1	PASS	перемішування	PASS: MANUAL_EMERGENCY_WORK second pass rechecked exact Oxford identity/POS/CEFR/stable ID; first pass=Helsinki-NLP/opus-mt-en-uk; independent reverse=Helsinki-NLP/opus-mt-uk-en:'mingling'; lexical_agreement=0.167; translation retained with transparent model provenance for independent audit.
MANUAL_EMERGENCY_WORK_20260820_SECOND_PASS_V1	MANUAL_EMERGENCY_WORK_20260820_FIRST_PASS_V1	ox5000-5a639bd32b6fa05828e2	storage	noun	C1	PASS	зберігання	PASS: MANUAL_EMERGENCY_WORK second pass rechecked exact Oxford identity/POS/CEFR/stable ID; first pass=Helsinki-NLP/opus-mt-en-uk; independent reverse=Helsinki-NLP/opus-mt-uk-en:'storage'; lexical_agreement=1.000; translation retained with transparent model provenance for independent audit.
MANUAL_EMERGENCY_WORK_20260820_SECOND_PASS_V1	MANUAL_EMERGENCY_WORK_20260820_FIRST_PASS_V1	ox5000-f6b29aa22c04b745a26a	straightforward	adjective	C1	PASS	просте	PASS: MANUAL_EMERGENCY_WORK second pass rechecked exact Oxford identity/POS/CEFR/stable ID; first pass=Helsinki-NLP/opus-mt-en-uk; independent reverse=Helsinki-NLP/opus-mt-uk-en:'simple'; lexical_agreement=0.190; translation retained with transparent model provenance for independent audit.
MANUAL_EMERGENCY_WORK_20260820_SECOND_PASS_V1	MANUAL_EMERGENCY_WORK_20260820_FIRST_PASS_V1	ox5000-9459734beb39d10c7e71	strain	noun	C1	PASS	mix	PASS: MANUAL_EMERGENCY_WORK second pass rechecked exact Oxford identity/POS/CEFR/stable ID; first pass=Helsinki-NLP/opus-mt-en-uk; independent reverse=Helsinki-NLP/opus-mt-uk-en:'mix'; lexical_agreement=0.222; translation retained with transparent model provenance for independent audit.
MANUAL_EMERGENCY_WORK_20260820_SECOND_PASS_V1	MANUAL_EMERGENCY_WORK_20260820_FIRST_PASS_V1	ox5000-a1c00469b0bc4fe597c6	strand	noun	C1	PASS	Нитка	PASS: MANUAL_EMERGENCY_WORK second pass rechecked exact Oxford identity/POS/CEFR/stable ID; first pass=Helsinki-NLP/opus-mt-en-uk; independent reverse=Helsinki-NLP/opus-mt-uk-en:'Thread'; lexical_agreement=0.667; translation retained with transparent model provenance for independent audit.
MANUAL_EMERGENCY_WORK_20260820_SECOND_PASS_V1	MANUAL_EMERGENCY_WORK_20260820_FIRST_PASS_V1	ox5000-f4d56c8c46e4d6f772c3	strategic	adjective	C1	PASS	стратегічний	PASS: MANUAL_EMERGENCY_WORK second pass rechecked exact Oxford identity/POS/CEFR/stable ID; first pass=Helsinki-NLP/opus-mt-en-uk; independent reverse=Helsinki-NLP/opus-mt-uk-en:'strategic'; lexical_agreement=1.000; translation retained with transparent model provenance for independent audit.
MANUAL_EMERGENCY_WORK_20260820_SECOND_PASS_V1	MANUAL_EMERGENCY_WORK_20260820_FIRST_PASS_V1	ox5000-17714dd4e4a9a5258b0d	strengthen	verb	B2	PASS	зміцнення	PASS: MANUAL_EMERGENCY_WORK second pass rechecked exact Oxford identity/POS/CEFR/stable ID; first pass=Helsinki-NLP/opus-mt-en-uk; independent reverse=Helsinki-NLP/opus-mt-uk-en:'strengthen'; lexical_agreement=1.000; translation retained with transparent model provenance for independent audit.
MANUAL_EMERGENCY_WORK_20260820_SECOND_PASS_V1	MANUAL_EMERGENCY_WORK_20260820_FIRST_PASS_V1	ox5000-5596e88919f103c35872	strictly	adverb	B2	PASS	строго	PASS: MANUAL_EMERGENCY_WORK second pass rechecked exact Oxford identity/POS/CEFR/stable ID; first pass=Helsinki-NLP/opus-mt-en-uk; independent reverse=Helsinki-NLP/opus-mt-uk-en:'strict'; lexical_agreement=1.000; translation retained with transparent model provenance for independent audit.
MANUAL_EMERGENCY_WORK_20260820_SECOND_PASS_V1	MANUAL_EMERGENCY_WORK_20260820_FIRST_PASS_V1	ox5000-41f1166ff1765ca1a266	striking	adjective	C1	PASS	ударний	PASS: MANUAL_EMERGENCY_WORK second pass rechecked exact Oxford identity/POS/CEFR/stable ID; first pass=Helsinki-NLP/opus-mt-en-uk; independent reverse=Helsinki-NLP/opus-mt-uk-en:'percussion'; lexical_agreement=0.333; translation retained with transparent model provenance for independent audit.
MANUAL_EMERGENCY_WORK_20260820_SECOND_PASS_V1	MANUAL_EMERGENCY_WORK_20260820_FIRST_PASS_V1	ox5000-257a7edd9932fb46a134	strip	noun	C1	PASS	смужка	PASS: MANUAL_EMERGENCY_WORK second pass rechecked exact Oxford identity/POS/CEFR/stable ID; first pass=Helsinki-NLP/opus-mt-en-uk; independent reverse=Helsinki-NLP/opus-mt-uk-en:'bar'; lexical_agreement=0.250; translation retained with transparent model provenance for independent audit.
MANUAL_EMERGENCY_WORK_20260820_SECOND_PASS_V1	MANUAL_EMERGENCY_WORK_20260820_FIRST_PASS_V1	ox5000-8fdf7c3fa1ff0749e888	strip	verb	C1	PASS	смужка	PASS: MANUAL_EMERGENCY_WORK second pass rechecked exact Oxford identity/POS/CEFR/stable ID; first pass=Helsinki-NLP/opus-mt-en-uk; independent reverse=Helsinki-NLP/opus-mt-uk-en:'bar'; lexical_agreement=0.250; translation retained with transparent model provenance for independent audit.
MANUAL_EMERGENCY_WORK_20260820_SECOND_PASS_V1	MANUAL_EMERGENCY_WORK_20260820_FIRST_PASS_V1	ox5000-a00df9b6f8f4eda1bb71	strive	verb	C1	PASS	supplicate	PASS: MANUAL_EMERGENCY_WORK second pass rechecked exact Oxford identity/POS/CEFR/stable ID; first pass=Helsinki-NLP/opus-mt-en-uk; independent reverse=Helsinki-NLP/opus-mt-uk-en:'Supplicate'; lexical_agreement=0.375; translation retained with transparent model provenance for independent audit.
MANUAL_EMERGENCY_WORK_20260820_SECOND_PASS_V1	MANUAL_EMERGENCY_WORK_20260820_FIRST_PASS_V1	ox5000-daeb6d79b4d634b68b53	stroke	noun	B2	PASS	штрих	PASS: MANUAL_EMERGENCY_WORK second pass rechecked exact Oxford identity/POS/CEFR/stable ID; first pass=Helsinki-NLP/opus-mt-en-uk; independent reverse=Helsinki-NLP/opus-mt-uk-en:'dashes'; lexical_agreement=0.333; translation retained with transparent model provenance for independent audit.
MANUAL_EMERGENCY_WORK_20260820_SECOND_PASS_V1	MANUAL_EMERGENCY_WORK_20260820_FIRST_PASS_V1	ox5000-49b93769290b41d3ccca	structural	adjective	C1	PASS	структурна	PASS: MANUAL_EMERGENCY_WORK second pass rechecked exact Oxford identity/POS/CEFR/stable ID; first pass=Helsinki-NLP/opus-mt-en-uk; independent reverse=Helsinki-NLP/opus-mt-uk-en:'structural'; lexical_agreement=1.000; translation retained with transparent model provenance for independent audit.
MANUAL_EMERGENCY_WORK_20260820_SECOND_PASS_V1	MANUAL_EMERGENCY_WORK_20260820_FIRST_PASS_V1	ox5000-e83d2cfb6067f7ef6f2b	stumble	verb	C1	PASS	спіткнутися	PASS: MANUAL_EMERGENCY_WORK second pass rechecked exact Oxford identity/POS/CEFR/stable ID; first pass=Helsinki-NLP/opus-mt-en-uk; independent reverse=Helsinki-NLP/opus-mt-uk-en:'trip'; lexical_agreement=0.182; translation retained with transparent model provenance for independent audit.
MANUAL_EMERGENCY_WORK_20260820_SECOND_PASS_V1	MANUAL_EMERGENCY_WORK_20260820_FIRST_PASS_V1	ox5000-55ac4bfa74eaba162150	stun	verb	C1	PASS	stun	PASS: MANUAL_EMERGENCY_WORK second pass rechecked exact Oxford identity/POS/CEFR/stable ID; first pass=Helsinki-NLP/opus-mt-en-uk; independent reverse=Helsinki-NLP/opus-mt-uk-en:'stun'; lexical_agreement=1.000; translation retained with transparent model provenance for independent audit.
MANUAL_EMERGENCY_WORK_20260820_SECOND_PASS_V1	MANUAL_EMERGENCY_WORK_20260820_FIRST_PASS_V1	ox5000-d26b4cc191e0d78756fd	stunning	adjective	B2	PASS	Приголомшливий	PASS: MANUAL_EMERGENCY_WORK second pass rechecked exact Oxford identity/POS/CEFR/stable ID; first pass=Helsinki-NLP/opus-mt-en-uk; independent reverse=Helsinki-NLP/opus-mt-uk-en:'Stunning'; lexical_agreement=1.000; translation retained with transparent model provenance for independent audit.
MANUAL_EMERGENCY_WORK_20260820_SECOND_PASS_V1	MANUAL_EMERGENCY_WORK_20260820_FIRST_PASS_V1	ox5000-3d00922475004cf93a94	submission	noun	C1	PASS	Підкорення	PASS: MANUAL_EMERGENCY_WORK second pass rechecked exact Oxford identity/POS/CEFR/stable ID; first pass=Helsinki-NLP/opus-mt-en-uk; independent reverse=Helsinki-NLP/opus-mt-uk-en:'Submission'; lexical_agreement=1.000; translation retained with transparent model provenance for independent audit.
MANUAL_EMERGENCY_WORK_20260820_SECOND_PASS_V1	MANUAL_EMERGENCY_WORK_20260820_FIRST_PASS_V1	ox5000-f2e7ff182fba2f7b32ce	subscriber	noun	C1	PASS	підписник	PASS: MANUAL_EMERGENCY_WORK second pass rechecked exact Oxford identity/POS/CEFR/stable ID; first pass=Helsinki-NLP/opus-mt-en-uk; independent reverse=Helsinki-NLP/opus-mt-uk-en:'signer'; lexical_agreement=0.500; translation retained with transparent model provenance for independent audit.
MANUAL_EMERGENCY_WORK_20260820_SECOND_PASS_V1	MANUAL_EMERGENCY_WORK_20260820_FIRST_PASS_V1	ox5000-82524e734d9ba7cdeb6d	subscription	noun	C1	PASS	Підписка	PASS: MANUAL_EMERGENCY_WORK second pass rechecked exact Oxford identity/POS/CEFR/stable ID; first pass=Helsinki-NLP/opus-mt-en-uk; independent reverse=Helsinki-NLP/opus-mt-uk-en:'Subscription'; lexical_agreement=1.000; translation retained with transparent model provenance for independent audit.
MANUAL_EMERGENCY_WORK_20260820_SECOND_PASS_V1	MANUAL_EMERGENCY_WORK_20260820_FIRST_PASS_V1	ox5000-723f59ddea1be37debf4	subsequent	adjective	B2	PASS	Наступне	PASS: MANUAL_EMERGENCY_WORK second pass rechecked exact Oxford identity/POS/CEFR/stable ID; first pass=Helsinki-NLP/opus-mt-en-uk; independent reverse=Helsinki-NLP/opus-mt-uk-en:'Next'; lexical_agreement=0.286; translation retained with transparent model provenance for independent audit.
MANUAL_EMERGENCY_WORK_20260820_SECOND_PASS_V1	MANUAL_EMERGENCY_WORK_20260820_FIRST_PASS_V1	ox5000-deeafc102a5fc0edcb7e	subsequently	adverb	B2	PASS	Згодом	PASS: MANUAL_EMERGENCY_WORK second pass rechecked exact Oxford identity/POS/CEFR/stable ID; first pass=Helsinki-NLP/opus-mt-en-uk; independent reverse=Helsinki-NLP/opus-mt-uk-en:'Later'; lexical_agreement=0.118; translation retained with transparent model provenance for independent audit.
MANUAL_EMERGENCY_WORK_20260820_SECOND_PASS_V1	MANUAL_EMERGENCY_WORK_20260820_FIRST_PASS_V1	ox5000-4a4f06882bc795737f54	subsidy	noun	C1	PASS	subsidy	PASS: MANUAL_EMERGENCY_WORK second pass rechecked exact Oxford identity/POS/CEFR/stable ID; first pass=Helsinki-NLP/opus-mt-en-uk; independent reverse=Helsinki-NLP/opus-mt-uk-en:'subsidy'; lexical_agreement=1.000; translation retained with transparent model provenance for independent audit.
MANUAL_EMERGENCY_WORK_20260820_SECOND_PASS_V1	MANUAL_EMERGENCY_WORK_20260820_FIRST_PASS_V1	ox5000-8497fff50f2f4451b1fa	substantial	adjective	C1	PASS	valid	PASS: MANUAL_EMERGENCY_WORK second pass rechecked exact Oxford identity/POS/CEFR/stable ID; first pass=Helsinki-NLP/opus-mt-en-uk; independent reverse=Helsinki-NLP/opus-mt-uk-en:'valid'; lexical_agreement=0.250; translation retained with transparent model provenance for independent audit.
MANUAL_EMERGENCY_WORK_20260820_SECOND_PASS_V1	MANUAL_EMERGENCY_WORK_20260820_FIRST_PASS_V1	ox5000-ccb0aa16d20fc2fac36c	substantially	adverb	C1	PASS	Значно	PASS: MANUAL_EMERGENCY_WORK second pass rechecked exact Oxford identity/POS/CEFR/stable ID; first pass=Helsinki-NLP/opus-mt-en-uk; independent reverse=Helsinki-NLP/opus-mt-uk-en:'Large'; lexical_agreement=0.111; translation retained with transparent model provenance for independent audit.
MANUAL_EMERGENCY_WORK_20260820_SECOND_PASS_V1	MANUAL_EMERGENCY_WORK_20260820_FIRST_PASS_V1	ox5000-ccf6c1169dbd08cdf21d	substitute	noun	C1	PASS	замінник	PASS: MANUAL_EMERGENCY_WORK second pass rechecked exact Oxford identity/POS/CEFR/stable ID; first pass=Helsinki-NLP/opus-mt-en-uk; independent reverse=Helsinki-NLP/opus-mt-uk-en:'replacement'; lexical_agreement=0.095; translation retained with transparent model provenance for independent audit.
MANUAL_EMERGENCY_WORK_20260820_SECOND_PASS_V1	MANUAL_EMERGENCY_WORK_20260820_FIRST_PASS_V1	ox5000-3c58d0022914fdbdef9d	substitute	verb	C1	PASS	замінник	PASS: MANUAL_EMERGENCY_WORK second pass rechecked exact Oxford identity/POS/CEFR/stable ID; first pass=Helsinki-NLP/opus-mt-en-uk; independent reverse=Helsinki-NLP/opus-mt-uk-en:'replacement'; lexical_agreement=0.095; translation retained with transparent model provenance for independent audit.
MANUAL_EMERGENCY_WORK_20260820_SECOND_PASS_V1	MANUAL_EMERGENCY_WORK_20260820_FIRST_PASS_V1	ox5000-0d5fda15b316d6849f9b	substitution	noun	C1	PASS	Підстановка	PASS: MANUAL_EMERGENCY_WORK second pass rechecked exact Oxford identity/POS/CEFR/stable ID; first pass=Helsinki-NLP/opus-mt-en-uk; independent reverse=Helsinki-NLP/opus-mt-uk-en:'Subline'; lexical_agreement=0.526; translation retained with transparent model provenance for independent audit.
MANUAL_EMERGENCY_WORK_20260820_SECOND_PASS_V1	MANUAL_EMERGENCY_WORK_20260820_FIRST_PASS_V1	ox5000-e74fd3b31557c9905855	subtle	adjective	C1	PASS	timple	PASS: MANUAL_EMERGENCY_WORK second pass rechecked exact Oxford identity/POS/CEFR/stable ID; first pass=Helsinki-NLP/opus-mt-en-uk; independent reverse=Helsinki-NLP/opus-mt-uk-en:'timidple'; lexical_agreement=0.429; translation retained with transparent model provenance for independent audit.
MANUAL_EMERGENCY_WORK_20260820_SECOND_PASS_V1	MANUAL_EMERGENCY_WORK_20260820_FIRST_PASS_V1	ox5000-76af4dafb040a67a8415	suburb	noun	B2	PASS	передмістя	PASS: MANUAL_EMERGENCY_WORK second pass rechecked exact Oxford identity/POS/CEFR/stable ID; first pass=Helsinki-NLP/opus-mt-en-uk; independent reverse=Helsinki-NLP/opus-mt-uk-en:'suburbs'; lexical_agreement=1.000; translation retained with transparent model provenance for independent audit.
MANUAL_EMERGENCY_WORK_20260820_SECOND_PASS_V1	MANUAL_EMERGENCY_WORK_20260820_FIRST_PASS_V1	ox5000-bb9ca1bf424237d86e34	suburban	adjective	C1	PASS	Приміський районazerbaijan. kgm	PASS: MANUAL_EMERGENCY_WORK second pass rechecked exact Oxford identity/POS/CEFR/stable ID; first pass=Helsinki-NLP/opus-mt-en-uk; independent reverse=Helsinki-NLP/opus-mt-uk-en:'Primi'; lexical_agreement=0.154; translation retained with transparent model provenance for independent audit.
MANUAL_EMERGENCY_WORK_20260820_SECOND_PASS_V1	MANUAL_EMERGENCY_WORK_20260820_FIRST_PASS_V1	ox5000-7825b41eb321cdf7f96a	succession	noun	C1	PASS	Наступницький	PASS: MANUAL_EMERGENCY_WORK second pass rechecked exact Oxford identity/POS/CEFR/stable ID; first pass=Helsinki-NLP/opus-mt-en-uk; independent reverse=Helsinki-NLP/opus-mt-uk-en:'Next'; lexical_agreement=0.143; translation retained with transparent model provenance for independent audit.
MANUAL_EMERGENCY_WORK_20260820_SECOND_PASS_V1	MANUAL_EMERGENCY_WORK_20260820_FIRST_PASS_V1	ox5000-7b16ec3d91247c36cd14	successive	adjective	C1	PASS	послідовний	PASS: MANUAL_EMERGENCY_WORK second pass rechecked exact Oxford identity/POS/CEFR/stable ID; first pass=Helsinki-NLP/opus-mt-en-uk; independent reverse=Helsinki-NLP/opus-mt-uk-en:'serial'; lexical_agreement=0.375; translation retained with transparent model provenance for independent audit.
MANUAL_EMERGENCY_WORK_20260820_SECOND_PASS_V1	MANUAL_EMERGENCY_WORK_20260820_FIRST_PASS_V1	ox5000-e4c75e1c4323b1a9129c	successor	noun	C1	PASS	наступник	PASS: MANUAL_EMERGENCY_WORK second pass rechecked exact Oxford identity/POS/CEFR/stable ID; first pass=Helsinki-NLP/opus-mt-en-uk; independent reverse=Helsinki-NLP/opus-mt-uk-en:'successor'; lexical_agreement=1.000; translation retained with transparent model provenance for independent audit.
MANUAL_EMERGENCY_WORK_20260820_SECOND_PASS_V1	MANUAL_EMERGENCY_WORK_20260820_FIRST_PASS_V1	ox5000-78c91736c18630ab8264	suck	verb	C1	PASS	fuck	PASS: MANUAL_EMERGENCY_WORK second pass rechecked exact Oxford identity/POS/CEFR/stable ID; first pass=Helsinki-NLP/opus-mt-en-uk; independent reverse=Helsinki-NLP/opus-mt-uk-en:'Fuck.'; lexical_agreement=0.750; translation retained with transparent model provenance for independent audit.
MANUAL_EMERGENCY_WORK_20260820_SECOND_PASS_V1	MANUAL_EMERGENCY_WORK_20260820_FIRST_PASS_V1	ox5000-8f9ed5ef41a7acfc59ed	sue	verb	C1	PASS	суд	PASS: MANUAL_EMERGENCY_WORK second pass rechecked exact Oxford identity/POS/CEFR/stable ID; first pass=Helsinki-NLP/opus-mt-en-uk; independent reverse=Helsinki-NLP/opus-mt-uk-en:'judgment'; lexical_agreement=0.364; translation retained with transparent model provenance for independent audit.
MANUAL_EMERGENCY_WORK_20260820_SECOND_PASS_V1	MANUAL_EMERGENCY_WORK_20260820_FIRST_PASS_V1	ox5000-f4962865b424cf13c615	suffering	noun	B2	PASS	страждання	PASS: MANUAL_EMERGENCY_WORK second pass rechecked exact Oxford identity/POS/CEFR/stable ID; first pass=Helsinki-NLP/opus-mt-en-uk; independent reverse=Helsinki-NLP/opus-mt-uk-en:'suffering'; lexical_agreement=1.000; translation retained with transparent model provenance for independent audit.
MANUAL_EMERGENCY_WORK_20260820_SECOND_PASS_V1	MANUAL_EMERGENCY_WORK_20260820_FIRST_PASS_V1	ox5000-ddd9d4b54015a4746b00	sufficient	adjective	B2	PASS	достатньо	"PASS: MANUAL_EMERGENCY_WORK second pass rechecked exact Oxford identity/POS/CEFR/stable ID; first pass=Helsinki-NLP/opus-mt-en-uk; independent reverse=Helsinki-NLP/opus-mt-uk-en:""That's enough.""; lexical_agreement=0.261; translation retained with transparent model provenance for independent audit."
MANUAL_EMERGENCY_WORK_20260820_SECOND_PASS_V1	MANUAL_EMERGENCY_WORK_20260820_FIRST_PASS_V1	ox5000-9c9d29e2d90c4d840d2a	sufficiently	adverb	B2	PASS	Досить.	"PASS: MANUAL_EMERGENCY_WORK second pass rechecked exact Oxford identity/POS/CEFR/stable ID; first pass=Helsinki-NLP/opus-mt-en-uk; independent reverse=Helsinki-NLP/opus-mt-uk-en:""That's enough.""; lexical_agreement=0.240; translation retained with transparent model provenance for independent audit."
MANUAL_EMERGENCY_WORK_20260820_SECOND_PASS_V1	MANUAL_EMERGENCY_WORK_20260820_FIRST_PASS_V1	ox5000-f14a9f52de234c78bc5b	suicide	noun	C1	PASS	suicide	PASS: MANUAL_EMERGENCY_WORK second pass rechecked exact Oxford identity/POS/CEFR/stable ID; first pass=Helsinki-NLP/opus-mt-en-uk; independent reverse=Helsinki-NLP/opus-mt-uk-en:'suicide'; lexical_agreement=1.000; translation retained with transparent model provenance for independent audit.
MANUAL_EMERGENCY_WORK_20260820_SECOND_PASS_V1	MANUAL_EMERGENCY_WORK_20260820_FIRST_PASS_V1	ox5000-26cdfee87f685bfe771c	suite	noun	C1	PASS	набір	PASS: MANUAL_EMERGENCY_WORK second pass rechecked exact Oxford identity/POS/CEFR/stable ID; first pass=Helsinki-NLP/opus-mt-en-uk; independent reverse=Helsinki-NLP/opus-mt-uk-en:'type'; lexical_agreement=0.444; translation retained with transparent model provenance for independent audit.
MANUAL_EMERGENCY_WORK_20260820_SECOND_PASS_V1	MANUAL_EMERGENCY_WORK_20260820_FIRST_PASS_V1	ox5000-d3218ed691f57338f79e	summit	noun	C1	PASS	вершина	PASS: MANUAL_EMERGENCY_WORK second pass rechecked exact Oxford identity/POS/CEFR/stable ID; first pass=Helsinki-NLP/opus-mt-en-uk; independent reverse=Helsinki-NLP/opus-mt-uk-en:'top'; lexical_agreement=0.222; translation retained with transparent model provenance for independent audit.
MANUAL_EMERGENCY_WORK_20260820_SECOND_PASS_V1	MANUAL_EMERGENCY_WORK_20260820_FIRST_PASS_V1	ox5000-8607021522147aedac9a	super	adjective	B2	PASS	Супер	PASS: MANUAL_EMERGENCY_WORK second pass rechecked exact Oxford identity/POS/CEFR/stable ID; first pass=Helsinki-NLP/opus-mt-en-uk; independent reverse=Helsinki-NLP/opus-mt-uk-en:'Super'; lexical_agreement=1.000; translation retained with transparent model provenance for independent audit.
MANUAL_EMERGENCY_WORK_20260820_SECOND_PASS_V1	MANUAL_EMERGENCY_WORK_20260820_FIRST_PASS_V1	ox5000-824eec4d0d7f52aa8d7b	superb	adjective	C1	PASS	Чудово.	PASS: MANUAL_EMERGENCY_WORK second pass rechecked exact Oxford identity/POS/CEFR/stable ID; first pass=Helsinki-NLP/opus-mt-en-uk; independent reverse=Helsinki-NLP/opus-mt-uk-en:'Great.'; lexical_agreement=0.182; translation retained with transparent model provenance for independent audit.
MANUAL_EMERGENCY_WORK_20260820_SECOND_PASS_V1	MANUAL_EMERGENCY_WORK_20260820_FIRST_PASS_V1	ox5000-7064fdc8b7ba04f54658	superior	adjective	C1	PASS	вищий	PASS: MANUAL_EMERGENCY_WORK second pass rechecked exact Oxford identity/POS/CEFR/stable ID; first pass=Helsinki-NLP/opus-mt-en-uk; independent reverse=Helsinki-NLP/opus-mt-uk-en:'higher'; lexical_agreement=0.286; translation retained with transparent model provenance for independent audit.
MANUAL_EMERGENCY_WORK_20260820_SECOND_PASS_V1	MANUAL_EMERGENCY_WORK_20260820_FIRST_PASS_V1	ox5000-4d0da66a5d904274e542	supervise	verb	C1	PASS	Наглядати	PASS: MANUAL_EMERGENCY_WORK second pass rechecked exact Oxford identity/POS/CEFR/stable ID; first pass=Helsinki-NLP/opus-mt-en-uk; independent reverse=Helsinki-NLP/opus-mt-uk-en:'Watch'; lexical_agreement=0.000; translation retained with transparent model provenance for independent audit.
MANUAL_EMERGENCY_WORK_20260820_SECOND_PASS_V1	MANUAL_EMERGENCY_WORK_20260820_FIRST_PASS_V1	ox5000-fde1789bdbf890c1d0f3	supervision	noun	C1	PASS	нагляд	PASS: MANUAL_EMERGENCY_WORK second pass rechecked exact Oxford identity/POS/CEFR/stable ID; first pass=Helsinki-NLP/opus-mt-en-uk; independent reverse=Helsinki-NLP/opus-mt-uk-en:'watch'; lexical_agreement=0.000; translation retained with transparent model provenance for independent audit.
MANUAL_EMERGENCY_WORK_20260820_SECOND_PASS_V1	MANUAL_EMERGENCY_WORK_20260820_FIRST_PASS_V1	ox5000-5b59a8ab069bcaef408e	supervisor	noun	C1	PASS	Менеджер	PASS: MANUAL_EMERGENCY_WORK second pass rechecked exact Oxford identity/POS/CEFR/stable ID; first pass=Helsinki-NLP/opus-mt-en-uk; independent reverse=Helsinki-NLP/opus-mt-uk-en:'Manager'; lexical_agreement=0.235; translation retained with transparent model provenance for independent audit.
MANUAL_EMERGENCY_WORK_20260820_SECOND_PASS_V1	MANUAL_EMERGENCY_WORK_20260820_FIRST_PASS_V1	ox5000-08b83131fe088fbcbcae	supplement	noun	C1	PASS	додаток	PASS: MANUAL_EMERGENCY_WORK second pass rechecked exact Oxford identity/POS/CEFR/stable ID; first pass=Helsinki-NLP/opus-mt-en-uk; independent reverse=Helsinki-NLP/opus-mt-uk-en:'plugin'; lexical_agreement=0.375; translation retained with transparent model provenance for independent audit.
MANUAL_EMERGENCY_WORK_20260820_SECOND_PASS_V1	MANUAL_EMERGENCY_WORK_20260820_FIRST_PASS_V1	ox5000-10812603ad461c08338d	supplement	verb	C1	PASS	додаток	PASS: MANUAL_EMERGENCY_WORK second pass rechecked exact Oxford identity/POS/CEFR/stable ID; first pass=Helsinki-NLP/opus-mt-en-uk; independent reverse=Helsinki-NLP/opus-mt-uk-en:'plugin'; lexical_agreement=0.375; translation retained with transparent model provenance for independent audit.
MANUAL_EMERGENCY_WORK_20260820_SECOND_PASS_V1	MANUAL_EMERGENCY_WORK_20260820_FIRST_PASS_V1	ox5000-f982dcdb54241885dad3	supportive	adjective	C1	PASS	Підтримка	PASS: MANUAL_EMERGENCY_WORK second pass rechecked exact Oxford identity/POS/CEFR/stable ID; first pass=Helsinki-NLP/opus-mt-en-uk; independent reverse=Helsinki-NLP/opus-mt-uk-en:'Support'; lexical_agreement=1.000; translation retained with transparent model provenance for independent audit.
MANUAL_EMERGENCY_WORK_20260820_SECOND_PASS_V1	MANUAL_EMERGENCY_WORK_20260820_FIRST_PASS_V1	ox5000-8b486bdadff5e1388afd	supposedly	adverb	C1	PASS	Припускають, що	PASS: MANUAL_EMERGENCY_WORK second pass rechecked exact Oxford identity/POS/CEFR/stable ID; first pass=Helsinki-NLP/opus-mt-en-uk; independent reverse=Helsinki-NLP/opus-mt-uk-en:'Supposedly,'; lexical_agreement=1.000; translation retained with transparent model provenance for independent audit.
MANUAL_EMERGENCY_WORK_20260820_SECOND_PASS_V1	MANUAL_EMERGENCY_WORK_20260820_FIRST_PASS_V1	ox5000-70bac98958c4279b6c15	suppress	verb	C1	PASS	придушити	PASS: MANUAL_EMERGENCY_WORK second pass rechecked exact Oxford identity/POS/CEFR/stable ID; first pass=Helsinki-NLP/opus-mt-en-uk; independent reverse=Helsinki-NLP/opus-mt-uk-en:'& Stop'; lexical_agreement=0.333; translation retained with transparent model provenance for independent audit.
MANUAL_EMERGENCY_WORK_20260820_SECOND_PASS_V1	MANUAL_EMERGENCY_WORK_20260820_FIRST_PASS_V1	ox5000-000b17fde2cc5f0c75cf	supreme	adjective	C1	PASS	найвищий	PASS: MANUAL_EMERGENCY_WORK second pass rechecked exact Oxford identity/POS/CEFR/stable ID; first pass=Helsinki-NLP/opus-mt-en-uk; independent reverse=Helsinki-NLP/opus-mt-uk-en:'highest'; lexical_agreement=0.143; translation retained with transparent model provenance for independent audit.
MANUAL_EMERGENCY_WORK_20260820_SECOND_PASS_V1	MANUAL_EMERGENCY_WORK_20260820_FIRST_PASS_V1	ox5000-75c216147dc0dd0f318a	surge	noun	C1	PASS	сплеск	PASS: MANUAL_EMERGENCY_WORK second pass rechecked exact Oxford identity/POS/CEFR/stable ID; first pass=Helsinki-NLP/opus-mt-en-uk; independent reverse=Helsinki-NLP/opus-mt-uk-en:'splash'; lexical_agreement=0.182; translation retained with transparent model provenance for independent audit.
MANUAL_EMERGENCY_WORK_20260820_SECOND_PASS_V1	MANUAL_EMERGENCY_WORK_20260820_FIRST_PASS_V1	ox5000-b474e0b4944829bd2037	surge	verb	C1	PASS	сплеск	PASS: MANUAL_EMERGENCY_WORK second pass rechecked exact Oxford identity/POS/CEFR/stable ID; first pass=Helsinki-NLP/opus-mt-en-uk; independent reverse=Helsinki-NLP/opus-mt-uk-en:'splash'; lexical_agreement=0.182; translation retained with transparent model provenance for independent audit.
MANUAL_EMERGENCY_WORK_20260820_SECOND_PASS_V1	MANUAL_EMERGENCY_WORK_20260820_FIRST_PASS_V1	ox5000-683371fe98fb2494347e	surgeon	noun	B2	PASS	хірург	PASS: MANUAL_EMERGENCY_WORK second pass rechecked exact Oxford identity/POS/CEFR/stable ID; first pass=Helsinki-NLP/opus-mt-en-uk; independent reverse=Helsinki-NLP/opus-mt-uk-en:'surgeon'; lexical_agreement=1.000; translation retained with transparent model provenance for independent audit.
MANUAL_EMERGENCY_WORK_20260820_SECOND_PASS_V1	MANUAL_EMERGENCY_WORK_20260820_FIRST_PASS_V1	ox5000-d19985124a31691cc7cb	surgical	adjective	C1	PASS	хірургія	PASS: MANUAL_EMERGENCY_WORK second pass rechecked exact Oxford identity/POS/CEFR/stable ID; first pass=Helsinki-NLP/opus-mt-en-uk; independent reverse=Helsinki-NLP/opus-mt-uk-en:'Surgery'; lexical_agreement=0.533; translation retained with transparent model provenance for independent audit.
MANUAL_EMERGENCY_WORK_20260820_SECOND_PASS_V1	MANUAL_EMERGENCY_WORK_20260820_FIRST_PASS_V1	ox5000-d05afcb7a745bdf587c0	surplus	noun	C1	PASS	надлишок	PASS: MANUAL_EMERGENCY_WORK second pass rechecked exact Oxford identity/POS/CEFR/stable ID; first pass=Helsinki-NLP/opus-mt-en-uk; independent reverse=Helsinki-NLP/opus-mt-uk-en:'surplus'; lexical_agreement=1.000; translation retained with transparent model provenance for independent audit.
MANUAL_EMERGENCY_WORK_20260820_SECOND_PASS_V1	MANUAL_EMERGENCY_WORK_20260820_FIRST_PASS_V1	ox5000-1ad5757d788c4f542a4f	surrender	verb	C1	PASS	капітуляція	PASS: MANUAL_EMERGENCY_WORK second pass rechecked exact Oxford identity/POS/CEFR/stable ID; first pass=Helsinki-NLP/opus-mt-en-uk; independent reverse=Helsinki-NLP/opus-mt-uk-en:'surrender'; lexical_agreement=1.000; translation retained with transparent model provenance for independent audit.
MANUAL_EMERGENCY_WORK_20260820_SECOND_PASS_V1	MANUAL_EMERGENCY_WORK_20260820_FIRST_PASS_V1	ox5000-8b89abec05a631c8437d	surveillance	noun	C1	PASS	спостереження	PASS: MANUAL_EMERGENCY_WORK second pass rechecked exact Oxford identity/POS/CEFR/stable ID; first pass=Helsinki-NLP/opus-mt-en-uk; independent reverse=Helsinki-NLP/opus-mt-uk-en:'monitor'; lexical_agreement=0.105; translation retained with transparent model provenance for independent audit.
MANUAL_EMERGENCY_WORK_20260820_SECOND_PASS_V1	MANUAL_EMERGENCY_WORK_20260820_FIRST_PASS_V1	ox5000-db20d124b37485de324e	survival	noun	B2	PASS	пережиток	PASS: MANUAL_EMERGENCY_WORK second pass rechecked exact Oxford identity/POS/CEFR/stable ID; first pass=Helsinki-NLP/opus-mt-en-uk; independent reverse=Helsinki-NLP/opus-mt-uk-en:'Survival'; lexical_agreement=1.000; translation retained with transparent model provenance for independent audit.
MANUAL_EMERGENCY_WORK_20260820_SECOND_PASS_V1	MANUAL_EMERGENCY_WORK_20260820_FIRST_PASS_V1	ox5000-11c346a58277eceedce7	survivor	noun	B2	PASS	врятований	PASS: MANUAL_EMERGENCY_WORK second pass rechecked exact Oxford identity/POS/CEFR/stable ID; first pass=Helsinki-NLP/opus-mt-en-uk; independent reverse=Helsinki-NLP/opus-mt-uk-en:'Saved'; lexical_agreement=0.308; translation retained with transparent model provenance for independent audit.
MANUAL_EMERGENCY_WORK_20260820_SECOND_PASS_V1	MANUAL_EMERGENCY_WORK_20260820_FIRST_PASS_V1	ox5000-39b76d8929e1165dbad4	suspend	verb	B2	PASS	призупинка	PASS: MANUAL_EMERGENCY_WORK second pass rechecked exact Oxford identity/POS/CEFR/stable ID; first pass=Helsinki-NLP/opus-mt-en-uk; independent reverse=Helsinki-NLP/opus-mt-uk-en:'suspend'; lexical_agreement=1.000; translation retained with transparent model provenance for independent audit.
MANUAL_EMERGENCY_WORK_20260820_SECOND_PASS_V1	MANUAL_EMERGENCY_WORK_20260820_FIRST_PASS_V1	ox5000-90a3b2270d93e39c774d	suspension	noun	C1	PASS	shutdown	PASS: MANUAL_EMERGENCY_WORK second pass rechecked exact Oxford identity/POS/CEFR/stable ID; first pass=Helsinki-NLP/opus-mt-en-uk; independent reverse=Helsinki-NLP/opus-mt-uk-en:'shutdown'; lexical_agreement=0.333; translation retained with transparent model provenance for independent audit.
MANUAL_EMERGENCY_WORK_20260820_SECOND_PASS_V1	MANUAL_EMERGENCY_WORK_20260820_FIRST_PASS_V1	ox5000-ccac0f8d2524d168842b	suspicion	noun	C1	PASS	підозра	PASS: MANUAL_EMERGENCY_WORK second pass rechecked exact Oxford identity/POS/CEFR/stable ID; first pass=Helsinki-NLP/opus-mt-en-uk; independent reverse=Helsinki-NLP/opus-mt-uk-en:'Suspicion'; lexical_agreement=1.000; translation retained with transparent model provenance for independent audit.
MANUAL_EMERGENCY_WORK_20260820_SECOND_PASS_V1	MANUAL_EMERGENCY_WORK_20260820_FIRST_PASS_V1	ox5000-87789fecff14f054965c	suspicious	adjective	C1	PASS	підозрілий	PASS: MANUAL_EMERGENCY_WORK second pass rechecked exact Oxford identity/POS/CEFR/stable ID; first pass=Helsinki-NLP/opus-mt-en-uk; independent reverse=Helsinki-NLP/opus-mt-uk-en:'suspicious'; lexical_agreement=1.000; translation retained with transparent model provenance for independent audit.
MANUAL_EMERGENCY_WORK_20260820_SECOND_PASS_V1	MANUAL_EMERGENCY_WORK_20260820_FIRST_PASS_V1	ox5000-29a86954fd91de4cdea4	sustain	verb	C1	PASS	reserve	PASS: MANUAL_EMERGENCY_WORK second pass rechecked exact Oxford identity/POS/CEFR/stable ID; first pass=Helsinki-NLP/opus-mt-en-uk; independent reverse=Helsinki-NLP/opus-mt-uk-en:'reserve'; lexical_agreement=0.143; translation retained with transparent model provenance for independent audit.
MANUAL_EMERGENCY_WORK_20260820_SECOND_PASS_V1	MANUAL_EMERGENCY_WORK_20260820_FIRST_PASS_V1	ox5000-564c6a5ae7b34c28f825	sustainable	adjective	B2	PASS	стійкий	PASS: MANUAL_EMERGENCY_WORK second pass rechecked exact Oxford identity/POS/CEFR/stable ID; first pass=Helsinki-NLP/opus-mt-en-uk; independent reverse=Helsinki-NLP/opus-mt-uk-en:'stable'; lexical_agreement=0.706; translation retained with transparent model provenance for independent audit.
MANUAL_EMERGENCY_WORK_20260820_SECOND_PASS_V1	MANUAL_EMERGENCY_WORK_20260820_FIRST_PASS_V1	ox5000-5fb1dc01382b06997232	swallow	verb	B2	PASS	Ластівка	PASS: MANUAL_EMERGENCY_WORK second pass rechecked exact Oxford identity/POS/CEFR/stable ID; first pass=Helsinki-NLP/opus-mt-en-uk; independent reverse=Helsinki-NLP/opus-mt-uk-en:'Styp'; lexical_agreement=0.182; translation retained with transparent model provenance for independent audit.
MANUAL_EMERGENCY_WORK_20260820_SECOND_PASS_V1	MANUAL_EMERGENCY_WORK_20260820_FIRST_PASS_V1	ox5000-e676b279f6201e401869	swing	noun	C1	PASS	гойдалки	PASS: MANUAL_EMERGENCY_WORK second pass rechecked exact Oxford identity/POS/CEFR/stable ID; first pass=Helsinki-NLP/opus-mt-en-uk; independent reverse=Helsinki-NLP/opus-mt-uk-en:'swings'; lexical_agreement=1.000; translation retained with transparent model provenance for independent audit.
MANUAL_EMERGENCY_WORK_20260820_SECOND_PASS_V1	MANUAL_EMERGENCY_WORK_20260820_FIRST_PASS_V1	ox5000-0ce5eb78861b273aaf1c	swing	verb	C1	PASS	гойдалки	PASS: MANUAL_EMERGENCY_WORK second pass rechecked exact Oxford identity/POS/CEFR/stable ID; first pass=Helsinki-NLP/opus-mt-en-uk; independent reverse=Helsinki-NLP/opus-mt-uk-en:'swings'; lexical_agreement=1.000; translation retained with transparent model provenance for independent audit.
MANUAL_EMERGENCY_WORK_20260820_SECOND_PASS_V1	MANUAL_EMERGENCY_WORK_20260820_FIRST_PASS_V1	ox5000-ee3e98c4ee0c3fc8fa11	sword	noun	C1	PASS	меч	PASS: MANUAL_EMERGENCY_WORK second pass rechecked exact Oxford identity/POS/CEFR/stable ID; first pass=Helsinki-NLP/opus-mt-en-uk; independent reverse=Helsinki-NLP/opus-mt-uk-en:'sword'; lexical_agreement=1.000; translation retained with transparent model provenance for independent audit.
MANUAL_EMERGENCY_WORK_20260820_SECOND_PASS_V1	MANUAL_EMERGENCY_WORK_20260820_FIRST_PASS_V1	ox5000-f1e0eb9752570d31badb	symbolic	adjective	C1	PASS	символічне	PASS: MANUAL_EMERGENCY_WORK second pass rechecked exact Oxford identity/POS/CEFR/stable ID; first pass=Helsinki-NLP/opus-mt-en-uk; independent reverse=Helsinki-NLP/opus-mt-uk-en:'symbolic'; lexical_agreement=1.000; translation retained with transparent model provenance for independent audit.
MANUAL_EMERGENCY_WORK_20260820_SECOND_PASS_V1	MANUAL_EMERGENCY_WORK_20260820_FIRST_PASS_V1	ox5000-0da3c3e4cf1530bf6b67	sympathetic	adjective	B2	PASS	Співчутлива	PASS: MANUAL_EMERGENCY_WORK second pass rechecked exact Oxford identity/POS/CEFR/stable ID; first pass=Helsinki-NLP/opus-mt-en-uk; independent reverse=Helsinki-NLP/opus-mt-uk-en:'Compassionate'; lexical_agreement=0.417; translation retained with transparent model provenance for independent audit.
MANUAL_EMERGENCY_WORK_20260820_SECOND_PASS_V1	MANUAL_EMERGENCY_WORK_20260820_FIRST_PASS_V1	ox5000-f9b6574078afc869f7a3	syndrome	noun	C1	PASS	Синдром	PASS: MANUAL_EMERGENCY_WORK second pass rechecked exact Oxford identity/POS/CEFR/stable ID; first pass=Helsinki-NLP/opus-mt-en-uk; independent reverse=Helsinki-NLP/opus-mt-uk-en:'Syndrome'; lexical_agreement=1.000; translation retained with transparent model provenance for independent audit.
MANUAL_EMERGENCY_WORK_20260820_SECOND_PASS_V1	MANUAL_EMERGENCY_WORK_20260820_FIRST_PASS_V1	ox5000-75247d85028f1327c80b	synthesis	noun	C1	PASS	Синтез	PASS: MANUAL_EMERGENCY_WORK second pass rechecked exact Oxford identity/POS/CEFR/stable ID; first pass=Helsinki-NLP/opus-mt-en-uk; independent reverse=Helsinki-NLP/opus-mt-uk-en:'Synthes'; lexical_agreement=1.000; translation retained with transparent model provenance for independent audit.
MANUAL_EMERGENCY_WORK_20260820_SECOND_PASS_V1	MANUAL_EMERGENCY_WORK_20260820_FIRST_PASS_V1	ox5000-fdc941a14c67d54d8c1d	systematic	adjective	C1	PASS	систематичний	PASS: MANUAL_EMERGENCY_WORK second pass rechecked exact Oxford identity/POS/CEFR/stable ID; first pass=Helsinki-NLP/opus-mt-en-uk; independent reverse=Helsinki-NLP/opus-mt-uk-en:'systematic'; lexical_agreement=1.000; translation retained with transparent model provenance for independent audit.
MANUAL_EMERGENCY_WORK_20260820_SECOND_PASS_V1	MANUAL_EMERGENCY_WORK_20260820_FIRST_PASS_V1	ox5000-d452052b6bcd9d0b63b7	tackle	noun	C1	PASS	runk	PASS: MANUAL_EMERGENCY_WORK second pass rechecked exact Oxford identity/POS/CEFR/stable ID; first pass=Helsinki-NLP/opus-mt-en-uk; independent reverse=Helsinki-NLP/opus-mt-uk-en:'run'; lexical_agreement=0.000; translation retained with transparent model provenance for independent audit.
MANUAL_EMERGENCY_WORK_20260820_SECOND_PASS_V1	MANUAL_EMERGENCY_WORK_20260820_FIRST_PASS_V1	ox5000-ce168d9f42f9cfc043c4	tackle	verb	B2	PASS	runk	PASS: MANUAL_EMERGENCY_WORK second pass rechecked exact Oxford identity/POS/CEFR/stable ID; first pass=Helsinki-NLP/opus-mt-en-uk; independent reverse=Helsinki-NLP/opus-mt-uk-en:'run'; lexical_agreement=0.000; translation retained with transparent model provenance for independent audit.
MANUAL_EMERGENCY_WORK_20260820_SECOND_PASS_V1	MANUAL_EMERGENCY_WORK_20260820_FIRST_PASS_V1	ox5000-61cc25f17497ca0aed5f	tactic	noun	C1	PASS	тактика	PASS: MANUAL_EMERGENCY_WORK second pass rechecked exact Oxford identity/POS/CEFR/stable ID; first pass=Helsinki-NLP/opus-mt-en-uk; independent reverse=Helsinki-NLP/opus-mt-uk-en:'tactics'; lexical_agreement=1.000; translation retained with transparent model provenance for independent audit.
MANUAL_EMERGENCY_WORK_20260820_SECOND_PASS_V1	MANUAL_EMERGENCY_WORK_20260820_FIRST_PASS_V1	ox5000-f54e2a87429c7fa46ea5	tactical	adjective	C1	PASS	Тактика	PASS: MANUAL_EMERGENCY_WORK second pass rechecked exact Oxford identity/POS/CEFR/stable ID; first pass=Helsinki-NLP/opus-mt-en-uk; independent reverse=Helsinki-NLP/opus-mt-uk-en:'Tactics'; lexical_agreement=0.800; translation retained with transparent model provenance for independent audit.
MANUAL_EMERGENCY_WORK_20260820_SECOND_PASS_V1	MANUAL_EMERGENCY_WORK_20260820_FIRST_PASS_V1	ox5000-e1f09b75c5cfde794c49	tag	noun	B2	PASS	tag	PASS: MANUAL_EMERGENCY_WORK second pass rechecked exact Oxford identity/POS/CEFR/stable ID; first pass=Helsinki-NLP/opus-mt-en-uk; independent reverse=Helsinki-NLP/opus-mt-uk-en:'tag'; lexical_agreement=1.000; translation retained with transparent model provenance for independent audit.
MANUAL_EMERGENCY_WORK_20260820_SECOND_PASS_V1	MANUAL_EMERGENCY_WORK_20260820_FIRST_PASS_V1	ox5000-c13c5c56d6aa8c66105e	tag	verb	B2	PASS	tag	PASS: MANUAL_EMERGENCY_WORK second pass rechecked exact Oxford identity/POS/CEFR/stable ID; first pass=Helsinki-NLP/opus-mt-en-uk; independent reverse=Helsinki-NLP/opus-mt-uk-en:'tag'; lexical_agreement=1.000; translation retained with transparent model provenance for independent audit.
MANUAL_EMERGENCY_WORK_20260820_SECOND_PASS_V1	MANUAL_EMERGENCY_WORK_20260820_FIRST_PASS_V1	ox5000-3ada6e998994d52e1f02	tap	noun	B2	PASS	квадратний метрarea unit	PASS: MANUAL_EMERGENCY_WORK second pass rechecked exact Oxford identity/POS/CEFR/stable ID; first pass=Helsinki-NLP/opus-mt-en-uk; independent reverse=Helsinki-NLP/opus-mt-uk-en:'%1 kroons'; lexical_agreement=0.000; translation retained with transparent model provenance for independent audit.
MANUAL_EMERGENCY_WORK_20260820_SECOND_PASS_V1	MANUAL_EMERGENCY_WORK_20260820_FIRST_PASS_V1	ox5000-36b311e1c376086e7c8b	tap	verb	B2	PASS	квадратний метрarea unit	PASS: MANUAL_EMERGENCY_WORK second pass rechecked exact Oxford identity/POS/CEFR/stable ID; first pass=Helsinki-NLP/opus-mt-en-uk; independent reverse=Helsinki-NLP/opus-mt-uk-en:'%1 kroons'; lexical_agreement=0.000; translation retained with transparent model provenance for independent audit.
MANUAL_EMERGENCY_WORK_20260820_SECOND_PASS_V1	MANUAL_EMERGENCY_WORK_20260820_FIRST_PASS_V1	ox5000-a05d4c94029b73346d6c	taxpayer	noun	C1	PASS	платники податків	PASS: MANUAL_EMERGENCY_WORK second pass rechecked exact Oxford identity/POS/CEFR/stable ID; first pass=Helsinki-NLP/opus-mt-en-uk; independent reverse=Helsinki-NLP/opus-mt-uk-en:'Tax Payers'; lexical_agreement=0.889; translation retained with transparent model provenance for independent audit.
MANUAL_EMERGENCY_WORK_20260820_SECOND_PASS_V1	MANUAL_EMERGENCY_WORK_20260820_FIRST_PASS_V1	ox5000-8f563d5c5fbf6a5dd303	technological	adjective	B2	PASS	Технологія	PASS: MANUAL_EMERGENCY_WORK second pass rechecked exact Oxford identity/POS/CEFR/stable ID; first pass=Helsinki-NLP/opus-mt-en-uk; independent reverse=Helsinki-NLP/opus-mt-uk-en:'Technology'; lexical_agreement=0.783; translation retained with transparent model provenance for independent audit.
MANUAL_EMERGENCY_WORK_20260820_SECOND_PASS_V1	MANUAL_EMERGENCY_WORK_20260820_FIRST_PASS_V1	ox5000-b23d3e8ce57013836f05	teens	noun	B2	PASS	Підлітки	PASS: MANUAL_EMERGENCY_WORK second pass rechecked exact Oxford identity/POS/CEFR/stable ID; first pass=Helsinki-NLP/opus-mt-en-uk; independent reverse=Helsinki-NLP/opus-mt-uk-en:'Teens'; lexical_agreement=1.000; translation retained with transparent model provenance for independent audit.
MANUAL_EMERGENCY_WORK_20260820_SECOND_PASS_V1	MANUAL_EMERGENCY_WORK_20260820_FIRST_PASS_V1	ox5000-281f72b8f526e2643f8c	temple	noun	B2	PASS	храм	PASS: MANUAL_EMERGENCY_WORK second pass rechecked exact Oxford identity/POS/CEFR/stable ID; first pass=Helsinki-NLP/opus-mt-en-uk; independent reverse=Helsinki-NLP/opus-mt-uk-en:'Temple'; lexical_agreement=1.000; translation retained with transparent model provenance for independent audit.
MANUAL_EMERGENCY_WORK_20260820_SECOND_PASS_V1	MANUAL_EMERGENCY_WORK_20260820_FIRST_PASS_V1	ox5000-a9aee38b0ff16defe4a9	temporarily	adverb	B2	PASS	тимчасово	PASS: MANUAL_EMERGENCY_WORK second pass rechecked exact Oxford identity/POS/CEFR/stable ID; first pass=Helsinki-NLP/opus-mt-en-uk; independent reverse=Helsinki-NLP/opus-mt-uk-en:'temporary'; lexical_agreement=0.900; translation retained with transparent model provenance for independent audit.
MANUAL_EMERGENCY_WORK_20260820_SECOND_PASS_V1	MANUAL_EMERGENCY_WORK_20260820_FIRST_PASS_V1	ox5000-12e64d13126ed167af0d	tempt	verb	C1	PASS	Спокушувати	PASS: MANUAL_EMERGENCY_WORK second pass rechecked exact Oxford identity/POS/CEFR/stable ID; first pass=Helsinki-NLP/opus-mt-en-uk; independent reverse=Helsinki-NLP/opus-mt-uk-en:'Squeeze'; lexical_agreement=0.167; translation retained with transparent model provenance for independent audit.
MANUAL_EMERGENCY_WORK_20260820_SECOND_PASS_V1	MANUAL_EMERGENCY_WORK_20260820_FIRST_PASS_V1	ox5000-8aacf4124321ebc82973	tenant	noun	C1	PASS	тентант	PASS: MANUAL_EMERGENCY_WORK second pass rechecked exact Oxford identity/POS/CEFR/stable ID; first pass=Helsinki-NLP/opus-mt-en-uk; independent reverse=Helsinki-NLP/opus-mt-uk-en:'tenant'; lexical_agreement=1.000; translation retained with transparent model provenance for independent audit.
MANUAL_EMERGENCY_WORK_20260820_SECOND_PASS_V1	MANUAL_EMERGENCY_WORK_20260820_FIRST_PASS_V1	ox5000-01af49ce53e4d6902091	tendency	noun	B2	PASS	custom	PASS: MANUAL_EMERGENCY_WORK second pass rechecked exact Oxford identity/POS/CEFR/stable ID; first pass=Helsinki-NLP/opus-mt-en-uk; independent reverse=Helsinki-NLP/opus-mt-uk-en:'custom'; lexical_agreement=0.143; translation retained with transparent model provenance for independent audit.
MANUAL_EMERGENCY_WORK_20260820_SECOND_PASS_V1	MANUAL_EMERGENCY_WORK_20260820_FIRST_PASS_V1	ox5000-443429b7023a796eed5f	tender	adjective	C1	PASS	ніжний	PASS: MANUAL_EMERGENCY_WORK second pass rechecked exact Oxford identity/POS/CEFR/stable ID; first pass=Helsinki-NLP/opus-mt-en-uk; independent reverse=Helsinki-NLP/opus-mt-uk-en:'tender'; lexical_agreement=1.000; translation retained with transparent model provenance for independent audit.
MANUAL_EMERGENCY_WORK_20260820_SECOND_PASS_V1	MANUAL_EMERGENCY_WORK_20260820_FIRST_PASS_V1	ox5000-2f462c0cf8af1c75f9dd	tension	noun	B2	PASS	напруження	PASS: MANUAL_EMERGENCY_WORK second pass rechecked exact Oxford identity/POS/CEFR/stable ID; first pass=Helsinki-NLP/opus-mt-en-uk; independent reverse=Helsinki-NLP/opus-mt-uk-en:'tension'; lexical_agreement=1.000; translation retained with transparent model provenance for independent audit.
MANUAL_EMERGENCY_WORK_20260820_SECOND_PASS_V1	MANUAL_EMERGENCY_WORK_20260820_FIRST_PASS_V1	ox5000-b5861253624427055cb6	tenure	noun	C1	PASS	теноретна	PASS: MANUAL_EMERGENCY_WORK second pass rechecked exact Oxford identity/POS/CEFR/stable ID; first pass=Helsinki-NLP/opus-mt-en-uk; independent reverse=Helsinki-NLP/opus-mt-uk-en:'tenortna'; lexical_agreement=0.571; translation retained with transparent model provenance for independent audit.
MANUAL_EMERGENCY_WORK_20260820_SECOND_PASS_V1	MANUAL_EMERGENCY_WORK_20260820_FIRST_PASS_V1	ox5000-8689367dc831422e6281	terminal	adjective	C1	PASS	термінал	PASS: MANUAL_EMERGENCY_WORK second pass rechecked exact Oxford identity/POS/CEFR/stable ID; first pass=Helsinki-NLP/opus-mt-en-uk; independent reverse=Helsinki-NLP/opus-mt-uk-en:'terminal'; lexical_agreement=1.000; translation retained with transparent model provenance for independent audit.
MANUAL_EMERGENCY_WORK_20260820_SECOND_PASS_V1	MANUAL_EMERGENCY_WORK_20260820_FIRST_PASS_V1	ox5000-a0d1e2111578bd0f1e71	terminal	noun	B2	PASS	термінал	PASS: MANUAL_EMERGENCY_WORK second pass rechecked exact Oxford identity/POS/CEFR/stable ID; first pass=Helsinki-NLP/opus-mt-en-uk; independent reverse=Helsinki-NLP/opus-mt-uk-en:'terminal'; lexical_agreement=1.000; translation retained with transparent model provenance for independent audit.
MANUAL_EMERGENCY_WORK_20260820_SECOND_PASS_V1	MANUAL_EMERGENCY_WORK_20260820_FIRST_PASS_V1	ox5000-f0295bdc35545089ba26	terminate	verb	C1	PASS	завершити	PASS: MANUAL_EMERGENCY_WORK second pass rechecked exact Oxford identity/POS/CEFR/stable ID; first pass=Helsinki-NLP/opus-mt-en-uk; independent reverse=Helsinki-NLP/opus-mt-uk-en:'finish'; lexical_agreement=0.267; translation retained with transparent model provenance for independent audit.
MANUAL_EMERGENCY_WORK_20260820_SECOND_PASS_V1	MANUAL_EMERGENCY_WORK_20260820_FIRST_PASS_V1	ox5000-550dcec360ef03858332	terms	noun	B2	PASS	терміни	PASS: MANUAL_EMERGENCY_WORK second pass rechecked exact Oxford identity/POS/CEFR/stable ID; first pass=Helsinki-NLP/opus-mt-en-uk; independent reverse=Helsinki-NLP/opus-mt-uk-en:'terms'; lexical_agreement=1.000; translation retained with transparent model provenance for independent audit.
MANUAL_EMERGENCY_WORK_20260820_SECOND_PASS_V1	MANUAL_EMERGENCY_WORK_20260820_FIRST_PASS_V1	ox5000-9831ff9660bcaeb2b9cc	terrain	noun	C1	PASS	місцевість	PASS: MANUAL_EMERGENCY_WORK second pass rechecked exact Oxford identity/POS/CEFR/stable ID; first pass=Helsinki-NLP/opus-mt-en-uk; independent reverse=Helsinki-NLP/opus-mt-uk-en:'region'; lexical_agreement=0.462; translation retained with transparent model provenance for independent audit.
MANUAL_EMERGENCY_WORK_20260820_SECOND_PASS_V1	MANUAL_EMERGENCY_WORK_20260820_FIRST_PASS_V1	ox5000-0a12ac0cb859d36ef42c	terribly	adverb	B2	PASS	Жахливо	PASS: MANUAL_EMERGENCY_WORK second pass rechecked exact Oxford identity/POS/CEFR/stable ID; first pass=Helsinki-NLP/opus-mt-en-uk; independent reverse=Helsinki-NLP/opus-mt-uk-en:'Awful.'; lexical_agreement=0.154; translation retained with transparent model provenance for independent audit.
MANUAL_EMERGENCY_WORK_20260820_SECOND_PASS_V1	MANUAL_EMERGENCY_WORK_20260820_FIRST_PASS_V1	ox5000-8467812af37b5bb10cb1	terrific	adjective	C1	PASS	Чудово.	PASS: MANUAL_EMERGENCY_WORK second pass rechecked exact Oxford identity/POS/CEFR/stable ID; first pass=Helsinki-NLP/opus-mt-en-uk; independent reverse=Helsinki-NLP/opus-mt-uk-en:'Great.'; lexical_agreement=0.154; translation retained with transparent model provenance for independent audit.
MANUAL_EMERGENCY_WORK_20260820_SECOND_PASS_V1	MANUAL_EMERGENCY_WORK_20260820_FIRST_PASS_V1	ox5000-96d49f016884d37e2cb8	terrify	verb	B2	PASS	urrize	PASS: MANUAL_EMERGENCY_WORK second pass rechecked exact Oxford identity/POS/CEFR/stable ID; first pass=Helsinki-NLP/opus-mt-en-uk; independent reverse=Helsinki-NLP/opus-mt-uk-en:'urize'; lexical_agreement=0.333; translation retained with transparent model provenance for independent audit.
MANUAL_EMERGENCY_WORK_20260820_SECOND_PASS_V1	MANUAL_EMERGENCY_WORK_20260820_FIRST_PASS_V1	ox5000-30bc3871f94be042ac8d	territory	noun	B2	PASS	територія	PASS: MANUAL_EMERGENCY_WORK second pass rechecked exact Oxford identity/POS/CEFR/stable ID; first pass=Helsinki-NLP/opus-mt-en-uk; independent reverse=Helsinki-NLP/opus-mt-uk-en:'territory'; lexical_agreement=1.000; translation retained with transparent model provenance for independent audit.
MANUAL_EMERGENCY_WORK_20260820_SECOND_PASS_V1	MANUAL_EMERGENCY_WORK_20260820_FIRST_PASS_V1	ox5000-6b4fed09d6a7acdd3dc7	terror	noun	B2	PASS	терор	PASS: MANUAL_EMERGENCY_WORK second pass rechecked exact Oxford identity/POS/CEFR/stable ID; first pass=Helsinki-NLP/opus-mt-en-uk; independent reverse=Helsinki-NLP/opus-mt-uk-en:'Terror'; lexical_agreement=1.000; translation retained with transparent model provenance for independent audit.
MANUAL_EMERGENCY_WORK_20260820_SECOND_PASS_V1	MANUAL_EMERGENCY_WORK_20260820_FIRST_PASS_V1	ox5000-97fd97c2b8c7282d936e	terrorism	noun	B2	PASS	Тероризм	PASS: MANUAL_EMERGENCY_WORK second pass rechecked exact Oxford identity/POS/CEFR/stable ID; first pass=Helsinki-NLP/opus-mt-en-uk; independent reverse=Helsinki-NLP/opus-mt-uk-en:'Terrorism'; lexical_agreement=1.000; translation retained with transparent model provenance for independent audit.
MANUAL_EMERGENCY_WORK_20260820_SECOND_PASS_V1	MANUAL_EMERGENCY_WORK_20260820_FIRST_PASS_V1	ox5000-5916322693483a5d7b4b	terrorist	noun	B2	PASS	Терорист	PASS: MANUAL_EMERGENCY_WORK second pass rechecked exact Oxford identity/POS/CEFR/stable ID; first pass=Helsinki-NLP/opus-mt-en-uk; independent reverse=Helsinki-NLP/opus-mt-uk-en:'Terrorist'; lexical_agreement=1.000; translation retained with transparent model provenance for independent audit.
MANUAL_EMERGENCY_WORK_20260820_SECOND_PASS_V1	MANUAL_EMERGENCY_WORK_20260820_FIRST_PASS_V1	ox5000-81809345392305d7171b	testify	verb	C1	PASS	services	PASS: MANUAL_EMERGENCY_WORK second pass rechecked exact Oxford identity/POS/CEFR/stable ID; first pass=Helsinki-NLP/opus-mt-en-uk; independent reverse=Helsinki-NLP/opus-mt-uk-en:'services'; lexical_agreement=0.267; translation retained with transparent model provenance for independent audit.
MANUAL_EMERGENCY_WORK_20260820_SECOND_PASS_V1	MANUAL_EMERGENCY_WORK_20260820_FIRST_PASS_V1	ox5000-f838d055d14abf8c2ebb	testimony	noun	C1	PASS	показання	PASS: MANUAL_EMERGENCY_WORK second pass rechecked exact Oxford identity/POS/CEFR/stable ID; first pass=Helsinki-NLP/opus-mt-en-uk; independent reverse=Helsinki-NLP/opus-mt-uk-en:'statement'; lexical_agreement=0.333; translation retained with transparent model provenance for independent audit.
MANUAL_EMERGENCY_WORK_20260820_SECOND_PASS_V1	MANUAL_EMERGENCY_WORK_20260820_FIRST_PASS_V1	ox5000-4adb2d62b9dc0969ac4d	testing	noun	B2	PASS	тестування	PASS: MANUAL_EMERGENCY_WORK second pass rechecked exact Oxford identity/POS/CEFR/stable ID; first pass=Helsinki-NLP/opus-mt-en-uk; independent reverse=Helsinki-NLP/opus-mt-uk-en:'testing'; lexical_agreement=1.000; translation retained with transparent model provenance for independent audit.
MANUAL_EMERGENCY_WORK_20260820_SECOND_PASS_V1	MANUAL_EMERGENCY_WORK_20260820_FIRST_PASS_V1	ox5000-95d845718fe19a04a8d2	textbook	noun	B2	PASS	підручник	PASS: MANUAL_EMERGENCY_WORK second pass rechecked exact Oxford identity/POS/CEFR/stable ID; first pass=Helsinki-NLP/opus-mt-en-uk; independent reverse=Helsinki-NLP/opus-mt-uk-en:'tutorial'; lexical_agreement=0.375; translation retained with transparent model provenance for independent audit.
MANUAL_EMERGENCY_WORK_20260820_SECOND_PASS_V1	MANUAL_EMERGENCY_WORK_20260820_FIRST_PASS_V1	ox5000-bef207622e2f6e60411d	texture	noun	C1	PASS	текстура	PASS: MANUAL_EMERGENCY_WORK second pass rechecked exact Oxford identity/POS/CEFR/stable ID; first pass=Helsinki-NLP/opus-mt-en-uk; independent reverse=Helsinki-NLP/opus-mt-uk-en:'texture'; lexical_agreement=1.000; translation retained with transparent model provenance for independent audit.
MANUAL_EMERGENCY_WORK_20260820_SECOND_PASS_V1	MANUAL_EMERGENCY_WORK_20260820_FIRST_PASS_V1	ox5000-d1fca0f4d400117f6854	thankfully	adverb	C1	PASS	Вдячний	PASS: MANUAL_EMERGENCY_WORK second pass rechecked exact Oxford identity/POS/CEFR/stable ID; first pass=Helsinki-NLP/opus-mt-en-uk; independent reverse=Helsinki-NLP/opus-mt-uk-en:'Grateful'; lexical_agreement=0.444; translation retained with transparent model provenance for independent audit.
MANUAL_EMERGENCY_WORK_20260820_SECOND_PASS_V1	MANUAL_EMERGENCY_WORK_20260820_FIRST_PASS_V1	ox5000-55a146661c1df5d9fd5c	theatrical	adjective	C1	PASS	театральний	PASS: MANUAL_EMERGENCY_WORK second pass rechecked exact Oxford identity/POS/CEFR/stable ID; first pass=Helsinki-NLP/opus-mt-en-uk; independent reverse=Helsinki-NLP/opus-mt-uk-en:'theatrical'; lexical_agreement=1.000; translation retained with transparent model provenance for independent audit.
MANUAL_EMERGENCY_WORK_20260820_SECOND_PASS_V1	MANUAL_EMERGENCY_WORK_20260820_FIRST_PASS_V1	ox5000-991a9d01246ffbf9a9c5	theft	noun	B2	PASS	крадійка	PASS: MANUAL_EMERGENCY_WORK second pass rechecked exact Oxford identity/POS/CEFR/stable ID; first pass=Helsinki-NLP/opus-mt-en-uk; independent reverse=Helsinki-NLP/opus-mt-uk-en:'thief'; lexical_agreement=0.800; translation retained with transparent model provenance for independent audit.
MANUAL_EMERGENCY_WORK_20260820_SECOND_PASS_V1	MANUAL_EMERGENCY_WORK_20260820_FIRST_PASS_V1	ox5000-de667f6f04e5e8ccfed5	theology	noun	C1	PASS	Теологія	PASS: MANUAL_EMERGENCY_WORK second pass rechecked exact Oxford identity/POS/CEFR/stable ID; first pass=Helsinki-NLP/opus-mt-en-uk; independent reverse=Helsinki-NLP/opus-mt-uk-en:'Theology'; lexical_agreement=1.000; translation retained with transparent model provenance for independent audit.
MANUAL_EMERGENCY_WORK_20260820_SECOND_PASS_V1	MANUAL_EMERGENCY_WORK_20260820_FIRST_PASS_V1	ox5000-b052aa70ffc82c01e0e6	theoretical	adjective	C1	PASS	Теоретично	PASS: MANUAL_EMERGENCY_WORK second pass rechecked exact Oxford identity/POS/CEFR/stable ID; first pass=Helsinki-NLP/opus-mt-en-uk; independent reverse=Helsinki-NLP/opus-mt-uk-en:'Theoretically'; lexical_agreement=1.000; translation retained with transparent model provenance for independent audit.
MANUAL_EMERGENCY_WORK_20260820_SECOND_PASS_V1	MANUAL_EMERGENCY_WORK_20260820_FIRST_PASS_V1	ox5000-f0a9b9c6b02ef2064253	therapist	noun	B2	PASS	терапевт	PASS: MANUAL_EMERGENCY_WORK second pass rechecked exact Oxford identity/POS/CEFR/stable ID; first pass=Helsinki-NLP/opus-mt-en-uk; independent reverse=Helsinki-NLP/opus-mt-uk-en:'Therapist'; lexical_agreement=1.000; translation retained with transparent model provenance for independent audit.
MANUAL_EMERGENCY_WORK_20260820_SECOND_PASS_V1	MANUAL_EMERGENCY_WORK_20260820_FIRST_PASS_V1	ox5000-d9676d7d2512249a7e9e	thereafter	adverb	C1	PASS	Після цього	PASS: MANUAL_EMERGENCY_WORK second pass rechecked exact Oxford identity/POS/CEFR/stable ID; first pass=Helsinki-NLP/opus-mt-en-uk; independent reverse=Helsinki-NLP/opus-mt-uk-en:'After that'; lexical_agreement=0.500; translation retained with transparent model provenance for independent audit.
MANUAL_EMERGENCY_WORK_20260820_SECOND_PASS_V1	MANUAL_EMERGENCY_WORK_20260820_FIRST_PASS_V1	ox5000-b245a804462b0d41915a	thereby	adverb	C1	PASS	Таким чином	"PASS: MANUAL_EMERGENCY_WORK second pass rechecked exact Oxford identity/POS/CEFR/stable ID; first pass=Helsinki-NLP/opus-mt-en-uk; independent reverse=Helsinki-NLP/opus-mt-uk-en:""So that's how it's done.""; lexical_agreement=0.200; translation retained with transparent model provenance for independent audit."
MANUAL_EMERGENCY_WORK_20260820_SECOND_PASS_V1	MANUAL_EMERGENCY_WORK_20260820_FIRST_PASS_V1	ox5000-7bc234c4dcd2f3c2875b	thesis	noun	B2	PASS	thesis	PASS: MANUAL_EMERGENCY_WORK second pass rechecked exact Oxford identity/POS/CEFR/stable ID; first pass=Helsinki-NLP/opus-mt-en-uk; independent reverse=Helsinki-NLP/opus-mt-uk-en:'thesis'; lexical_agreement=1.000; translation retained with transparent model provenance for independent audit.
MANUAL_EMERGENCY_WORK_20260820_SECOND_PASS_V1	MANUAL_EMERGENCY_WORK_20260820_FIRST_PASS_V1	ox5000-feaf4b50d932346d1b13	thorough	adjective	B2	PASS	Докладно	PASS: MANUAL_EMERGENCY_WORK second pass rechecked exact Oxford identity/POS/CEFR/stable ID; first pass=Helsinki-NLP/opus-mt-en-uk; independent reverse=Helsinki-NLP/opus-mt-uk-en:'Verbose'; lexical_agreement=0.133; translation retained with transparent model provenance for independent audit.
MANUAL_EMERGENCY_WORK_20260820_SECOND_PASS_V1	MANUAL_EMERGENCY_WORK_20260820_FIRST_PASS_V1	ox5000-d28109a222083a7e6991	thoroughly	adverb	B2	PASS	повністю	PASS: MANUAL_EMERGENCY_WORK second pass rechecked exact Oxford identity/POS/CEFR/stable ID; first pass=Helsinki-NLP/opus-mt-en-uk; independent reverse=Helsinki-NLP/opus-mt-uk-en:'full'; lexical_agreement=0.286; translation retained with transparent model provenance for independent audit.
MANUAL_EMERGENCY_WORK_20260820_SECOND_PASS_V1	MANUAL_EMERGENCY_WORK_20260820_FIRST_PASS_V1	ox5000-cbd9ca36a79de9b55081	thought-provoking	adjective	C1	PASS	think-procing	PASS: MANUAL_EMERGENCY_WORK second pass rechecked exact Oxford identity/POS/CEFR/stable ID; first pass=Helsinki-NLP/opus-mt-en-uk; independent reverse=Helsinki-NLP/opus-mt-uk-en:'think-procing'; lexical_agreement=0.600; translation retained with transparent model provenance for independent audit.
MANUAL_EMERGENCY_WORK_20260820_SECOND_PASS_V1	MANUAL_EMERGENCY_WORK_20260820_FIRST_PASS_V1	ox5000-4dbc6b87df9f0ea26bb9	thoughtful	adjective	C1	PASS	продумано	PASS: MANUAL_EMERGENCY_WORK second pass rechecked exact Oxford identity/POS/CEFR/stable ID; first pass=Helsinki-NLP/opus-mt-en-uk; independent reverse=Helsinki-NLP/opus-mt-uk-en:'thoughtful'; lexical_agreement=1.000; translation retained with transparent model provenance for independent audit.
MANUAL_EMERGENCY_WORK_20260820_SECOND_PASS_V1	MANUAL_EMERGENCY_WORK_20260820_FIRST_PASS_V1	ox5000-1fdcd2759a6e1b7adbd8	thread	noun	C1	PASS	нитка	PASS: MANUAL_EMERGENCY_WORK second pass rechecked exact Oxford identity/POS/CEFR/stable ID; first pass=Helsinki-NLP/opus-mt-en-uk; independent reverse=Helsinki-NLP/opus-mt-uk-en:'thread'; lexical_agreement=1.000; translation retained with transparent model provenance for independent audit.
MANUAL_EMERGENCY_WORK_20260820_SECOND_PASS_V1	MANUAL_EMERGENCY_WORK_20260820_FIRST_PASS_V1	ox5000-1709abceec97aee34dc2	threshold	noun	C1	PASS	поріг	PASS: MANUAL_EMERGENCY_WORK second pass rechecked exact Oxford identity/POS/CEFR/stable ID; first pass=Helsinki-NLP/opus-mt-en-uk; independent reverse=Helsinki-NLP/opus-mt-uk-en:'threshold'; lexical_agreement=1.000; translation retained with transparent model provenance for independent audit.
MANUAL_EMERGENCY_WORK_20260820_SECOND_PASS_V1	MANUAL_EMERGENCY_WORK_20260820_FIRST_PASS_V1	ox5000-4e4dfe0384c9e2bd4d60	thrilled	adjective	C1	PASS	захоплено	PASS: MANUAL_EMERGENCY_WORK second pass rechecked exact Oxford identity/POS/CEFR/stable ID; first pass=Helsinki-NLP/opus-mt-en-uk; independent reverse=Helsinki-NLP/opus-mt-uk-en:'captured'; lexical_agreement=0.500; translation retained with transparent model provenance for independent audit.
MANUAL_EMERGENCY_WORK_20260820_SECOND_PASS_V1	MANUAL_EMERGENCY_WORK_20260820_FIRST_PASS_V1	ox5000-f75147390c58f9b7da57	thrive	verb	C1	PASS	процвітати	PASS: MANUAL_EMERGENCY_WORK second pass rechecked exact Oxford identity/POS/CEFR/stable ID; first pass=Helsinki-NLP/opus-mt-en-uk; independent reverse=Helsinki-NLP/opus-mt-uk-en:'flourish'; lexical_agreement=0.286; translation retained with transparent model provenance for independent audit.
MANUAL_EMERGENCY_WORK_20260820_SECOND_PASS_V1	MANUAL_EMERGENCY_WORK_20260820_FIRST_PASS_V1	ox5000-09f564b8c1cd8dfc3904	thumb	noun	B2	PASS	failer	PASS: MANUAL_EMERGENCY_WORK second pass rechecked exact Oxford identity/POS/CEFR/stable ID; first pass=Helsinki-NLP/opus-mt-en-uk; independent reverse=Helsinki-NLP/opus-mt-uk-en:'floor'; lexical_agreement=0.000; translation retained with transparent model provenance for independent audit.
MANUAL_EMERGENCY_WORK_20260820_SECOND_PASS_V1	MANUAL_EMERGENCY_WORK_20260820_FIRST_PASS_V1	ox5000-f2480d9023b56c509839	tide	noun	C1	PASS	приплив	PASS: MANUAL_EMERGENCY_WORK second pass rechecked exact Oxford identity/POS/CEFR/stable ID; first pass=Helsinki-NLP/opus-mt-en-uk; independent reverse=Helsinki-NLP/opus-mt-uk-en:'tide'; lexical_agreement=1.000; translation retained with transparent model provenance for independent audit.
MANUAL_EMERGENCY_WORK_20260820_SECOND_PASS_V1	MANUAL_EMERGENCY_WORK_20260820_FIRST_PASS_V1	ox5000-eec8e05bb7719b3d5517	tighten	verb	C1	PASS	Затягнути	PASS: MANUAL_EMERGENCY_WORK second pass rechecked exact Oxford identity/POS/CEFR/stable ID; first pass=Helsinki-NLP/opus-mt-en-uk; independent reverse=Helsinki-NLP/opus-mt-uk-en:'Load'; lexical_agreement=0.000; translation retained with transparent model provenance for independent audit.
MANUAL_EMERGENCY_WORK_20260820_SECOND_PASS_V1	MANUAL_EMERGENCY_WORK_20260820_FIRST_PASS_V1	ox5000-4a9663ae5209cddb6bba	timber	noun	C1	PASS	деревина	PASS: MANUAL_EMERGENCY_WORK second pass rechecked exact Oxford identity/POS/CEFR/stable ID; first pass=Helsinki-NLP/opus-mt-en-uk; independent reverse=Helsinki-NLP/opus-mt-uk-en:'wood'; lexical_agreement=0.000; translation retained with transparent model provenance for independent audit.
MANUAL_EMERGENCY_WORK_20260820_SECOND_PASS_V1	MANUAL_EMERGENCY_WORK_20260820_FIRST_PASS_V1	ox5000-64e08b8dd68be475a5a4	timely	adjective	C1	PASS	вчасно	PASS: MANUAL_EMERGENCY_WORK second pass rechecked exact Oxford identity/POS/CEFR/stable ID; first pass=Helsinki-NLP/opus-mt-en-uk; independent reverse=Helsinki-NLP/opus-mt-uk-en:'on'; lexical_agreement=0.000; translation retained with transparent model provenance for independent audit.
MANUAL_EMERGENCY_WORK_20260820_SECOND_PASS_V1	MANUAL_EMERGENCY_WORK_20260820_FIRST_PASS_V1	ox5000-ac2009687f3aff82b4f8	timing	noun	B2	PASS	час	PASS: MANUAL_EMERGENCY_WORK second pass rechecked exact Oxford identity/POS/CEFR/stable ID; first pass=Helsinki-NLP/opus-mt-en-uk; independent reverse=Helsinki-NLP/opus-mt-uk-en:'time'; lexical_agreement=0.600; translation retained with transparent model provenance for independent audit.
MANUAL_EMERGENCY_WORK_20260820_SECOND_PASS_V1	MANUAL_EMERGENCY_WORK_20260820_FIRST_PASS_V1	ox5000-e94181c64d5aa8e60302	tissue	noun	B2	PASS	тканина	PASS: MANUAL_EMERGENCY_WORK second pass rechecked exact Oxford identity/POS/CEFR/stable ID; first pass=Helsinki-NLP/opus-mt-en-uk; independent reverse=Helsinki-NLP/opus-mt-uk-en:'fabric'; lexical_agreement=0.167; translation retained with transparent model provenance for independent audit.
MANUAL_EMERGENCY_WORK_20260820_SECOND_PASS_V1	MANUAL_EMERGENCY_WORK_20260820_FIRST_PASS_V1	ox5000-9b063fe1a598738fa02d	tobacco	noun	C1	PASS	тютюн	PASS: MANUAL_EMERGENCY_WORK second pass rechecked exact Oxford identity/POS/CEFR/stable ID; first pass=Helsinki-NLP/opus-mt-en-uk; independent reverse=Helsinki-NLP/opus-mt-uk-en:'tobacco'; lexical_agreement=1.000; translation retained with transparent model provenance for independent audit.
MANUAL_EMERGENCY_WORK_20260820_SECOND_PASS_V1	MANUAL_EMERGENCY_WORK_20260820_FIRST_PASS_V1	ox5000-f235f1b098d32e02ad29	tolerance	noun	C1	PASS	терпимість	PASS: MANUAL_EMERGENCY_WORK second pass rechecked exact Oxford identity/POS/CEFR/stable ID; first pass=Helsinki-NLP/opus-mt-en-uk; independent reverse=Helsinki-NLP/opus-mt-uk-en:'Tolerance'; lexical_agreement=1.000; translation retained with transparent model provenance for independent audit.
MANUAL_EMERGENCY_WORK_20260820_SECOND_PASS_V1	MANUAL_EMERGENCY_WORK_20260820_FIRST_PASS_V1	ox5000-d5ec64b91510270b2158	tolerate	verb	C1	PASS	терпимий	PASS: MANUAL_EMERGENCY_WORK second pass rechecked exact Oxford identity/POS/CEFR/stable ID; first pass=Helsinki-NLP/opus-mt-en-uk; independent reverse=Helsinki-NLP/opus-mt-uk-en:'Tolerant'; lexical_agreement=0.875; translation retained with transparent model provenance for independent audit.
MANUAL_EMERGENCY_WORK_20260820_SECOND_PASS_V1	MANUAL_EMERGENCY_WORK_20260820_FIRST_PASS_V1	ox5000-e2eb585666597b22d60b	toll	noun	C1	PASS	толNote this is a KRunner keyword;% 1 is a KRunner keyword;% 2 is a parameter	PASS: MANUAL_EMERGENCY_WORK second pass rechecked exact Oxford identity/POS/CEFR/stable ID; first pass=Helsinki-NLP/opus-mt-en-uk; independent reverse=Helsinki-NLP/opus-mt-uk-en:'tol'; lexical_agreement=1.000; translation retained with transparent model provenance for independent audit.
MANUAL_EMERGENCY_WORK_20260820_SECOND_PASS_V1	MANUAL_EMERGENCY_WORK_20260820_FIRST_PASS_V1	ox5000-4adeed3e1291e2cb9565	ton	noun	B2	PASS	тонunit description in lists	PASS: MANUAL_EMERGENCY_WORK second pass rechecked exact Oxford identity/POS/CEFR/stable ID; first pass=Helsinki-NLP/opus-mt-en-uk; independent reverse=Helsinki-NLP/opus-mt-uk-en:'int'; lexical_agreement=0.333; translation retained with transparent model provenance for independent audit.
MANUAL_EMERGENCY_WORK_20260820_SECOND_PASS_V1	MANUAL_EMERGENCY_WORK_20260820_FIRST_PASS_V1	ox5000-11d2abac5382987dddf5	tonne	noun	B2	PASS	тонEthiopian month 3 - ShortName	PASS: MANUAL_EMERGENCY_WORK second pass rechecked exact Oxford identity/POS/CEFR/stable ID; first pass=Helsinki-NLP/opus-mt-en-uk; independent reverse=Helsinki-NLP/opus-mt-uk-en:'Ton'; lexical_agreement=1.000; translation retained with transparent model provenance for independent audit.
MANUAL_EMERGENCY_WORK_20260820_SECOND_PASS_V1	MANUAL_EMERGENCY_WORK_20260820_FIRST_PASS_V1	ox5000-d4c9367c23e5a72152e3	top	verb	C1	PASS	top	PASS: MANUAL_EMERGENCY_WORK second pass rechecked exact Oxford identity/POS/CEFR/stable ID; first pass=Helsinki-NLP/opus-mt-en-uk; independent reverse=Helsinki-NLP/opus-mt-uk-en:'top'; lexical_agreement=1.000; translation retained with transparent model provenance for independent audit.
MANUAL_EMERGENCY_WORK_20260820_SECOND_PASS_V1	MANUAL_EMERGENCY_WORK_20260820_FIRST_PASS_V1	ox5000-7042e0637e91deb575b0	torture	noun	C1	PASS	тортури	PASS: MANUAL_EMERGENCY_WORK second pass rechecked exact Oxford identity/POS/CEFR/stable ID; first pass=Helsinki-NLP/opus-mt-en-uk; independent reverse=Helsinki-NLP/opus-mt-uk-en:'torture'; lexical_agreement=1.000; translation retained with transparent model provenance for independent audit.
MANUAL_EMERGENCY_WORK_20260820_SECOND_PASS_V1	MANUAL_EMERGENCY_WORK_20260820_FIRST_PASS_V1	ox5000-7e9ceec203d2d50cf233	torture	verb	C1	PASS	тортури	PASS: MANUAL_EMERGENCY_WORK second pass rechecked exact Oxford identity/POS/CEFR/stable ID; first pass=Helsinki-NLP/opus-mt-en-uk; independent reverse=Helsinki-NLP/opus-mt-uk-en:'torture'; lexical_agreement=1.000; translation retained with transparent model provenance for independent audit.
MANUAL_EMERGENCY_WORK_20260820_SECOND_PASS_V1	MANUAL_EMERGENCY_WORK_20260820_FIRST_PASS_V1	ox5000-639d0f39bd92fd319b5a	toss	verb	C1	PASS	осunit synonyms for matching user input	PASS: MANUAL_EMERGENCY_WORK second pass rechecked exact Oxford identity/POS/CEFR/stable ID; first pass=Helsinki-NLP/opus-mt-en-uk; independent reverse=Helsinki-NLP/opus-mt-uk-en:'os'; lexical_agreement=1.000; translation retained with transparent model provenance for independent audit.
MANUAL_EMERGENCY_WORK_20260820_SECOND_PASS_V1	MANUAL_EMERGENCY_WORK_20260820_FIRST_PASS_V1	ox5000-1cd96ead96b42105fd96	total	verb	C1	PASS	загалом	PASS: MANUAL_EMERGENCY_WORK second pass rechecked exact Oxford identity/POS/CEFR/stable ID; first pass=Helsinki-NLP/opus-mt-en-uk; independent reverse=Helsinki-NLP/opus-mt-uk-en:'total'; lexical_agreement=1.000; translation retained with transparent model provenance for independent audit.
MANUAL_EMERGENCY_WORK_20260820_SECOND_PASS_V1	MANUAL_EMERGENCY_WORK_20260820_FIRST_PASS_V1	ox5000-38e4c949712c87056e5c	tournament	noun	B2	PASS	Турнір	PASS: MANUAL_EMERGENCY_WORK second pass rechecked exact Oxford identity/POS/CEFR/stable ID; first pass=Helsinki-NLP/opus-mt-en-uk; independent reverse=Helsinki-NLP/opus-mt-uk-en:'Tournir'; lexical_agreement=0.588; translation retained with transparent model provenance for independent audit.
MANUAL_EMERGENCY_WORK_20260820_SECOND_PASS_V1	MANUAL_EMERGENCY_WORK_20260820_FIRST_PASS_V1	ox5000-2bd8b089e3ccff628106	toxic	adjective	C1	PASS	токсичний	PASS: MANUAL_EMERGENCY_WORK second pass rechecked exact Oxford identity/POS/CEFR/stable ID; first pass=Helsinki-NLP/opus-mt-en-uk; independent reverse=Helsinki-NLP/opus-mt-uk-en:'toxic'; lexical_agreement=1.000; translation retained with transparent model provenance for independent audit.
MANUAL_EMERGENCY_WORK_20260820_SECOND_PASS_V1	MANUAL_EMERGENCY_WORK_20260820_FIRST_PASS_V1	ox5000-adafbb1bafb76a511fd1	trace	noun	C1	PASS	trace	PASS: MANUAL_EMERGENCY_WORK second pass rechecked exact Oxford identity/POS/CEFR/stable ID; first pass=Helsinki-NLP/opus-mt-en-uk; independent reverse=Helsinki-NLP/opus-mt-uk-en:'trace'; lexical_agreement=1.000; translation retained with transparent model provenance for independent audit.
MANUAL_EMERGENCY_WORK_20260820_SECOND_PASS_V1	MANUAL_EMERGENCY_WORK_20260820_FIRST_PASS_V1	ox5000-42868b1c764b72b41688	trace	verb	B2	PASS	trace	PASS: MANUAL_EMERGENCY_WORK second pass rechecked exact Oxford identity/POS/CEFR/stable ID; first pass=Helsinki-NLP/opus-mt-en-uk; independent reverse=Helsinki-NLP/opus-mt-uk-en:'trace'; lexical_agreement=1.000; translation retained with transparent model provenance for independent audit.
MANUAL_EMERGENCY_WORK_20260820_SECOND_PASS_V1	MANUAL_EMERGENCY_WORK_20260820_FIRST_PASS_V1	ox5000-4a18d82d9fb6080d2f82	trademark	noun	C1	PASS	торгова марка	PASS: MANUAL_EMERGENCY_WORK second pass rechecked exact Oxford identity/POS/CEFR/stable ID; first pass=Helsinki-NLP/opus-mt-en-uk; independent reverse=Helsinki-NLP/opus-mt-uk-en:'trademark'; lexical_agreement=1.000; translation retained with transparent model provenance for independent audit.
MANUAL_EMERGENCY_WORK_20260820_SECOND_PASS_V1	MANUAL_EMERGENCY_WORK_20260820_FIRST_PASS_V1	ox5000-6c8f6df01d66058d990b	trading	noun	B2	PASS	Торгівля	PASS: MANUAL_EMERGENCY_WORK second pass rechecked exact Oxford identity/POS/CEFR/stable ID; first pass=Helsinki-NLP/opus-mt-en-uk; independent reverse=Helsinki-NLP/opus-mt-uk-en:'Trade'; lexical_agreement=0.667; translation retained with transparent model provenance for independent audit.
MANUAL_EMERGENCY_WORK_20260820_SECOND_PASS_V1	MANUAL_EMERGENCY_WORK_20260820_FIRST_PASS_V1	ox5000-4171a075bcbae5c10c48	tragedy	noun	B2	PASS	трагедія	PASS: MANUAL_EMERGENCY_WORK second pass rechecked exact Oxford identity/POS/CEFR/stable ID; first pass=Helsinki-NLP/opus-mt-en-uk; independent reverse=Helsinki-NLP/opus-mt-uk-en:'Tragedy'; lexical_agreement=1.000; translation retained with transparent model provenance for independent audit.
MANUAL_EMERGENCY_WORK_20260820_SECOND_PASS_V1	MANUAL_EMERGENCY_WORK_20260820_FIRST_PASS_V1	ox5000-d225ff4e87c4cf923056	tragic	adjective	B2	PASS	трагічний	PASS: MANUAL_EMERGENCY_WORK second pass rechecked exact Oxford identity/POS/CEFR/stable ID; first pass=Helsinki-NLP/opus-mt-en-uk; independent reverse=Helsinki-NLP/opus-mt-uk-en:'tragic'; lexical_agreement=1.000; translation retained with transparent model provenance for independent audit.
MANUAL_EMERGENCY_WORK_20260820_SECOND_PASS_V1	MANUAL_EMERGENCY_WORK_20260820_FIRST_PASS_V1	ox5000-ddc7244d12a4925f1a9a	trail	noun	C1	PASS	street	PASS: MANUAL_EMERGENCY_WORK second pass rechecked exact Oxford identity/POS/CEFR/stable ID; first pass=Helsinki-NLP/opus-mt-en-uk; independent reverse=Helsinki-NLP/opus-mt-uk-en:'street'; lexical_agreement=0.364; translation retained with transparent model provenance for independent audit.
MANUAL_EMERGENCY_WORK_20260820_SECOND_PASS_V1	MANUAL_EMERGENCY_WORK_20260820_FIRST_PASS_V1	ox5000-4db0352bf40a8fbb1a02	trail	verb	C1	PASS	street	PASS: MANUAL_EMERGENCY_WORK second pass rechecked exact Oxford identity/POS/CEFR/stable ID; first pass=Helsinki-NLP/opus-mt-en-uk; independent reverse=Helsinki-NLP/opus-mt-uk-en:'street'; lexical_agreement=0.364; translation retained with transparent model provenance for independent audit.
MANUAL_EMERGENCY_WORK_20260820_SECOND_PASS_V1	MANUAL_EMERGENCY_WORK_20260820_FIRST_PASS_V1	ox5000-4c2ff8c38be3fe6c8dd4	trailer	noun	C1	PASS	причіп	PASS: MANUAL_EMERGENCY_WORK second pass rechecked exact Oxford identity/POS/CEFR/stable ID; first pass=Helsinki-NLP/opus-mt-en-uk; independent reverse=Helsinki-NLP/opus-mt-uk-en:'trailer'; lexical_agreement=1.000; translation retained with transparent model provenance for independent audit.
MANUAL_EMERGENCY_WORK_20260820_SECOND_PASS_V1	MANUAL_EMERGENCY_WORK_20260820_FIRST_PASS_V1	ox5000-9ada24c1b2e76e84a42f	trait	noun	B2	PASS	риса	PASS: MANUAL_EMERGENCY_WORK second pass rechecked exact Oxford identity/POS/CEFR/stable ID; first pass=Helsinki-NLP/opus-mt-en-uk; independent reverse=Helsinki-NLP/opus-mt-uk-en:'quality'; lexical_agreement=0.500; translation retained with transparent model provenance for independent audit.
MANUAL_EMERGENCY_WORK_20260820_SECOND_PASS_V1	MANUAL_EMERGENCY_WORK_20260820_FIRST_PASS_V1	ox5000-33958a180c21e9c2392f	transaction	noun	C1	PASS	операція	PASS: MANUAL_EMERGENCY_WORK second pass rechecked exact Oxford identity/POS/CEFR/stable ID; first pass=Helsinki-NLP/opus-mt-en-uk; independent reverse=Helsinki-NLP/opus-mt-uk-en:'operation'; lexical_agreement=0.600; translation retained with transparent model provenance for independent audit.
MANUAL_EMERGENCY_WORK_20260820_SECOND_PASS_V1	MANUAL_EMERGENCY_WORK_20260820_FIRST_PASS_V1	ox5000-cb988ddc79bd599be3e4	transcript	noun	C1	PASS	трансферт	PASS: MANUAL_EMERGENCY_WORK second pass rechecked exact Oxford identity/POS/CEFR/stable ID; first pass=Helsinki-NLP/opus-mt-en-uk; independent reverse=Helsinki-NLP/opus-mt-uk-en:'transfer'; lexical_agreement=0.667; translation retained with transparent model provenance for independent audit.
MANUAL_EMERGENCY_WORK_20260820_SECOND_PASS_V1	MANUAL_EMERGENCY_WORK_20260820_FIRST_PASS_V1	ox5000-da0eaeba3b2a9298e5a8	transformation	noun	C1	PASS	перетворення	PASS: MANUAL_EMERGENCY_WORK second pass rechecked exact Oxford identity/POS/CEFR/stable ID; first pass=Helsinki-NLP/opus-mt-en-uk; independent reverse=Helsinki-NLP/opus-mt-uk-en:'transformation'; lexical_agreement=1.000; translation retained with transparent model provenance for independent audit.
MANUAL_EMERGENCY_WORK_20260820_SECOND_PASS_V1	MANUAL_EMERGENCY_WORK_20260820_FIRST_PASS_V1	ox5000-4b88d3cffcad8bc82c9d	transit	noun	C1	PASS	Транзит	PASS: MANUAL_EMERGENCY_WORK second pass rechecked exact Oxford identity/POS/CEFR/stable ID; first pass=Helsinki-NLP/opus-mt-en-uk; independent reverse=Helsinki-NLP/opus-mt-uk-en:'Transntite'; lexical_agreement=0.824; translation retained with transparent model provenance for independent audit.
MANUAL_EMERGENCY_WORK_20260820_SECOND_PASS_V1	MANUAL_EMERGENCY_WORK_20260820_FIRST_PASS_V1	ox5000-2d305ec23cbf7b219f80	transmission	noun	C1	PASS	трансляція	PASS: MANUAL_EMERGENCY_WORK second pass rechecked exact Oxford identity/POS/CEFR/stable ID; first pass=Helsinki-NLP/opus-mt-en-uk; independent reverse=Helsinki-NLP/opus-mt-uk-en:'broadcast'; lexical_agreement=0.095; translation retained with transparent model provenance for independent audit.
MANUAL_EMERGENCY_WORK_20260820_SECOND_PASS_V1	MANUAL_EMERGENCY_WORK_20260820_FIRST_PASS_V1	ox5000-f064dd91c4aa81d7c3ee	transmit	verb	B2	PASS	передати	PASS: MANUAL_EMERGENCY_WORK second pass rechecked exact Oxford identity/POS/CEFR/stable ID; first pass=Helsinki-NLP/opus-mt-en-uk; independent reverse=Helsinki-NLP/opus-mt-uk-en:'transfer'; lexical_agreement=0.625; translation retained with transparent model provenance for independent audit.
MANUAL_EMERGENCY_WORK_20260820_SECOND_PASS_V1	MANUAL_EMERGENCY_WORK_20260820_FIRST_PASS_V1	ox5000-9c611a0fde284f713dce	transparency	noun	C1	PASS	Прозорість	PASS: MANUAL_EMERGENCY_WORK second pass rechecked exact Oxford identity/POS/CEFR/stable ID; first pass=Helsinki-NLP/opus-mt-en-uk; independent reverse=Helsinki-NLP/opus-mt-uk-en:'Translucency'; lexical_agreement=0.750; translation retained with transparent model provenance for independent audit.
MANUAL_EMERGENCY_WORK_20260820_SECOND_PASS_V1	MANUAL_EMERGENCY_WORK_20260820_FIRST_PASS_V1	ox5000-1259e134246bea0b9a1e	transparent	adjective	C1	PASS	прозорий	PASS: MANUAL_EMERGENCY_WORK second pass rechecked exact Oxford identity/POS/CEFR/stable ID; first pass=Helsinki-NLP/opus-mt-en-uk; independent reverse=Helsinki-NLP/opus-mt-uk-en:'transparent'; lexical_agreement=1.000; translation retained with transparent model provenance for independent audit.
MANUAL_EMERGENCY_WORK_20260820_SECOND_PASS_V1	MANUAL_EMERGENCY_WORK_20260820_FIRST_PASS_V1	ox5000-d8d8f389f6b761ee2bf6	transportation	noun	B2	PASS	транспортування	PASS: MANUAL_EMERGENCY_WORK second pass rechecked exact Oxford identity/POS/CEFR/stable ID; first pass=Helsinki-NLP/opus-mt-en-uk; independent reverse=Helsinki-NLP/opus-mt-uk-en:'transport'; lexical_agreement=1.000; translation retained with transparent model provenance for independent audit.
MANUAL_EMERGENCY_WORK_20260820_SECOND_PASS_V1	MANUAL_EMERGENCY_WORK_20260820_FIRST_PASS_V1	ox5000-e9aebc4072b2c4955b95	trap	noun	B2	PASS	пастка	PASS: MANUAL_EMERGENCY_WORK second pass rechecked exact Oxford identity/POS/CEFR/stable ID; first pass=Helsinki-NLP/opus-mt-en-uk; independent reverse=Helsinki-NLP/opus-mt-uk-en:'trap'; lexical_agreement=1.000; translation retained with transparent model provenance for independent audit.
MANUAL_EMERGENCY_WORK_20260820_SECOND_PASS_V1	MANUAL_EMERGENCY_WORK_20260820_FIRST_PASS_V1	ox5000-753d9d8240ce68a8b47d	trap	verb	B2	PASS	пастка	PASS: MANUAL_EMERGENCY_WORK second pass rechecked exact Oxford identity/POS/CEFR/stable ID; first pass=Helsinki-NLP/opus-mt-en-uk; independent reverse=Helsinki-NLP/opus-mt-uk-en:'trap'; lexical_agreement=1.000; translation retained with transparent model provenance for independent audit.
MANUAL_EMERGENCY_WORK_20260820_SECOND_PASS_V1	MANUAL_EMERGENCY_WORK_20260820_FIRST_PASS_V1	ox5000-dcddf2c3d5af4ca55dbf	trauma	noun	C1	PASS	травма	PASS: MANUAL_EMERGENCY_WORK second pass rechecked exact Oxford identity/POS/CEFR/stable ID; first pass=Helsinki-NLP/opus-mt-en-uk; independent reverse=Helsinki-NLP/opus-mt-uk-en:'trauma'; lexical_agreement=1.000; translation retained with transparent model provenance for independent audit.
MANUAL_EMERGENCY_WORK_20260820_SECOND_PASS_V1	MANUAL_EMERGENCY_WORK_20260820_FIRST_PASS_V1	ox5000-31ae2f33f40ae3c9992c	treasure	noun	B2	PASS	скарб	PASS: MANUAL_EMERGENCY_WORK second pass rechecked exact Oxford identity/POS/CEFR/stable ID; first pass=Helsinki-NLP/opus-mt-en-uk; independent reverse=Helsinki-NLP/opus-mt-uk-en:'treasure'; lexical_agreement=1.000; translation retained with transparent model provenance for independent audit.
MANUAL_EMERGENCY_WORK_20260820_SECOND_PASS_V1	MANUAL_EMERGENCY_WORK_20260820_FIRST_PASS_V1	ox5000-e3e9d21582b8898e7c77	treaty	noun	C1	PASS	договір	PASS: MANUAL_EMERGENCY_WORK second pass rechecked exact Oxford identity/POS/CEFR/stable ID; first pass=Helsinki-NLP/opus-mt-en-uk; independent reverse=Helsinki-NLP/opus-mt-uk-en:'agreement'; lexical_agreement=0.400; translation retained with transparent model provenance for independent audit.
MANUAL_EMERGENCY_WORK_20260820_SECOND_PASS_V1	MANUAL_EMERGENCY_WORK_20260820_FIRST_PASS_V1	ox5000-ba5c96ee38f220c30435	tremendous	adjective	C1	PASS	величезний	PASS: MANUAL_EMERGENCY_WORK second pass rechecked exact Oxford identity/POS/CEFR/stable ID; first pass=Helsinki-NLP/opus-mt-en-uk; independent reverse=Helsinki-NLP/opus-mt-uk-en:'huge'; lexical_agreement=0.143; translation retained with transparent model provenance for independent audit.
MANUAL_EMERGENCY_WORK_20260820_SECOND_PASS_V1	MANUAL_EMERGENCY_WORK_20260820_FIRST_PASS_V1	ox5000-e78ef76ea1e0cf2914d2	tribal	adjective	C1	PASS	племінний	PASS: MANUAL_EMERGENCY_WORK second pass rechecked exact Oxford identity/POS/CEFR/stable ID; first pass=Helsinki-NLP/opus-mt-en-uk; independent reverse=Helsinki-NLP/opus-mt-uk-en:'tribal'; lexical_agreement=1.000; translation retained with transparent model provenance for independent audit.
MANUAL_EMERGENCY_WORK_20260820_SECOND_PASS_V1	MANUAL_EMERGENCY_WORK_20260820_FIRST_PASS_V1	ox5000-8f9f9f9e959b1fc183ea	tribe	noun	B2	PASS	плем' я	PASS: MANUAL_EMERGENCY_WORK second pass rechecked exact Oxford identity/POS/CEFR/stable ID; first pass=Helsinki-NLP/opus-mt-en-uk; independent reverse=Helsinki-NLP/opus-mt-uk-en:'tribe'; lexical_agreement=1.000; translation retained with transparent model provenance for independent audit.
MANUAL_EMERGENCY_WORK_20260820_SECOND_PASS_V1	MANUAL_EMERGENCY_WORK_20260820_FIRST_PASS_V1	ox5000-4f47419fcb1747bded2a	tribunal	noun	C1	PASS	Трибунал	PASS: MANUAL_EMERGENCY_WORK second pass rechecked exact Oxford identity/POS/CEFR/stable ID; first pass=Helsinki-NLP/opus-mt-en-uk; independent reverse=Helsinki-NLP/opus-mt-uk-en:'Tribunal'; lexical_agreement=1.000; translation retained with transparent model provenance for independent audit.
MANUAL_EMERGENCY_WORK_20260820_SECOND_PASS_V1	MANUAL_EMERGENCY_WORK_20260820_FIRST_PASS_V1	ox5000-3f2080ac50b135059225	tribute	noun	C1	PASS	данина	PASS: MANUAL_EMERGENCY_WORK second pass rechecked exact Oxford identity/POS/CEFR/stable ID; first pass=Helsinki-NLP/opus-mt-en-uk; independent reverse=Helsinki-NLP/opus-mt-uk-en:'tribute'; lexical_agreement=1.000; translation retained with transparent model provenance for independent audit.
MANUAL_EMERGENCY_WORK_20260820_SECOND_PASS_V1	MANUAL_EMERGENCY_WORK_20260820_FIRST_PASS_V1	ox5000-f690888a2be766e69ec3	trigger	noun	C1	PASS	trigger	PASS: MANUAL_EMERGENCY_WORK second pass rechecked exact Oxford identity/POS/CEFR/stable ID; first pass=Helsinki-NLP/opus-mt-en-uk; independent reverse=Helsinki-NLP/opus-mt-uk-en:'trigger'; lexical_agreement=1.000; translation retained with transparent model provenance for independent audit.
MANUAL_EMERGENCY_WORK_20260820_SECOND_PASS_V1	MANUAL_EMERGENCY_WORK_20260820_FIRST_PASS_V1	ox5000-8a322f6cdbb221721285	trigger	verb	B2	PASS	trigger	PASS: MANUAL_EMERGENCY_WORK second pass rechecked exact Oxford identity/POS/CEFR/stable ID; first pass=Helsinki-NLP/opus-mt-en-uk; independent reverse=Helsinki-NLP/opus-mt-uk-en:'trigger'; lexical_agreement=1.000; translation retained with transparent model provenance for independent audit.
MANUAL_EMERGENCY_WORK_20260820_SECOND_PASS_V1	MANUAL_EMERGENCY_WORK_20260820_FIRST_PASS_V1	ox5000-a65a2ff14d99ea1e9c57	trillion	number	B2	PASS	трильйон	PASS: MANUAL_EMERGENCY_WORK second pass rechecked exact Oxford identity/POS/CEFR/stable ID; first pass=Helsinki-NLP/opus-mt-en-uk; independent reverse=Helsinki-NLP/opus-mt-uk-en:'trillion'; lexical_agreement=1.000; translation retained with transparent model provenance for independent audit.
MANUAL_EMERGENCY_WORK_20260820_SECOND_PASS_V1	MANUAL_EMERGENCY_WORK_20260820_FIRST_PASS_V1	ox5000-1e0f1f9883740273fd03	trio	noun	C1	PASS	тріо	PASS: MANUAL_EMERGENCY_WORK second pass rechecked exact Oxford identity/POS/CEFR/stable ID; first pass=Helsinki-NLP/opus-mt-en-uk; independent reverse=Helsinki-NLP/opus-mt-uk-en:'trio'; lexical_agreement=1.000; translation retained with transparent model provenance for independent audit.
MANUAL_EMERGENCY_WORK_20260820_SECOND_PASS_V1	MANUAL_EMERGENCY_WORK_20260820_FIRST_PASS_V1	ox5000-436d3c02b7b6f2193c9a	triumph	noun	C1	PASS	тріумф	PASS: MANUAL_EMERGENCY_WORK second pass rechecked exact Oxford identity/POS/CEFR/stable ID; first pass=Helsinki-NLP/opus-mt-en-uk; independent reverse=Helsinki-NLP/opus-mt-uk-en:'triumph'; lexical_agreement=1.000; translation retained with transparent model provenance for independent audit.
MANUAL_EMERGENCY_WORK_20260820_SECOND_PASS_V1	MANUAL_EMERGENCY_WORK_20260820_FIRST_PASS_V1	ox5000-754bf5b535795ee81c6c	troop	noun	B2	PASS	загін	PASS: MANUAL_EMERGENCY_WORK second pass rechecked exact Oxford identity/POS/CEFR/stable ID; first pass=Helsinki-NLP/opus-mt-en-uk; independent reverse=Helsinki-NLP/opus-mt-uk-en:'Squad'; lexical_agreement=0.000; translation retained with transparent model provenance for independent audit.
MANUAL_EMERGENCY_WORK_20260820_SECOND_PASS_V1	MANUAL_EMERGENCY_WORK_20260820_FIRST_PASS_V1	ox5000-ff9efa27d739a9feea65	trophy	noun	C1	PASS	трофей	PASS: MANUAL_EMERGENCY_WORK second pass rechecked exact Oxford identity/POS/CEFR/stable ID; first pass=Helsinki-NLP/opus-mt-en-uk; independent reverse=Helsinki-NLP/opus-mt-uk-en:'trophy'; lexical_agreement=1.000; translation retained with transparent model provenance for independent audit.
MANUAL_EMERGENCY_WORK_20260820_SECOND_PASS_V1	MANUAL_EMERGENCY_WORK_20260820_FIRST_PASS_V1	ox5000-f3b4954e52dd15e340f3	troubled	adjective	C1	PASS	тривожно	PASS: MANUAL_EMERGENCY_WORK second pass rechecked exact Oxford identity/POS/CEFR/stable ID; first pass=Helsinki-NLP/opus-mt-en-uk; independent reverse=Helsinki-NLP/opus-mt-uk-en:'anxious'; lexical_agreement=0.267; translation retained with transparent model provenance for independent audit.
MANUAL_EMERGENCY_WORK_20260820_SECOND_PASS_V1	MANUAL_EMERGENCY_WORK_20260820_FIRST_PASS_V1	ox5000-a5a78ed8b6c48cbea038	trustee	noun	C1	PASS	трапеза	PASS: MANUAL_EMERGENCY_WORK second pass rechecked exact Oxford identity/POS/CEFR/stable ID; first pass=Helsinki-NLP/opus-mt-en-uk; independent reverse=Helsinki-NLP/opus-mt-uk-en:'Food'; lexical_agreement=0.000; translation retained with transparent model provenance for independent audit.
MANUAL_EMERGENCY_WORK_20260820_SECOND_PASS_V1	MANUAL_EMERGENCY_WORK_20260820_FIRST_PASS_V1	ox5000-f77eb1ad9e40664daa2c	tsunami	noun	B2	PASS	цунамі	PASS: MANUAL_EMERGENCY_WORK second pass rechecked exact Oxford identity/POS/CEFR/stable ID; first pass=Helsinki-NLP/opus-mt-en-uk; independent reverse=Helsinki-NLP/opus-mt-uk-en:'tsunami'; lexical_agreement=1.000; translation retained with transparent model provenance for independent audit.
MANUAL_EMERGENCY_WORK_20260820_SECOND_PASS_V1	MANUAL_EMERGENCY_WORK_20260820_FIRST_PASS_V1	ox5000-dfc95a3f0a8deaf00e0c	tuition	noun	C1	PASS	Навчання	PASS: MANUAL_EMERGENCY_WORK second pass rechecked exact Oxford identity/POS/CEFR/stable ID; first pass=Helsinki-NLP/opus-mt-en-uk; independent reverse=Helsinki-NLP/opus-mt-uk-en:'Learning'; lexical_agreement=0.267; translation retained with transparent model provenance for independent audit.
MANUAL_EMERGENCY_WORK_20260820_SECOND_PASS_V1	MANUAL_EMERGENCY_WORK_20260820_FIRST_PASS_V1	ox5000-3b0b580582d680bcb24e	turnout	noun	C1	PASS	turnout	PASS: MANUAL_EMERGENCY_WORK second pass rechecked exact Oxford identity/POS/CEFR/stable ID; first pass=Helsinki-NLP/opus-mt-en-uk; independent reverse=Helsinki-NLP/opus-mt-uk-en:'turnout'; lexical_agreement=1.000; translation retained with transparent model provenance for independent audit.
MANUAL_EMERGENCY_WORK_20260820_SECOND_PASS_V1	MANUAL_EMERGENCY_WORK_20260820_FIRST_PASS_V1	ox5000-41ab3d9468b22c0ac1e8	turnover	noun	C1	PASS	turnver	PASS: MANUAL_EMERGENCY_WORK second pass rechecked exact Oxford identity/POS/CEFR/stable ID; first pass=Helsinki-NLP/opus-mt-en-uk; independent reverse=Helsinki-NLP/opus-mt-uk-en:'turnver'; lexical_agreement=0.933; translation retained with transparent model provenance for independent audit.
MANUAL_EMERGENCY_WORK_20260820_SECOND_PASS_V1	MANUAL_EMERGENCY_WORK_20260820_FIRST_PASS_V1	ox5000-d7b56fa49ed8752c0082	twist	noun	C1	PASS	твіст	PASS: MANUAL_EMERGENCY_WORK second pass rechecked exact Oxford identity/POS/CEFR/stable ID; first pass=Helsinki-NLP/opus-mt-en-uk; independent reverse=Helsinki-NLP/opus-mt-uk-en:'twist'; lexical_agreement=1.000; translation retained with transparent model provenance for independent audit.
MANUAL_EMERGENCY_WORK_20260820_SECOND_PASS_V1	MANUAL_EMERGENCY_WORK_20260820_FIRST_PASS_V1	ox5000-8240ce2b0fa801fdd05b	twist	verb	C1	PASS	твіст	PASS: MANUAL_EMERGENCY_WORK second pass rechecked exact Oxford identity/POS/CEFR/stable ID; first pass=Helsinki-NLP/opus-mt-en-uk; independent reverse=Helsinki-NLP/opus-mt-uk-en:'twist'; lexical_agreement=1.000; translation retained with transparent model provenance for independent audit.
MANUAL_EMERGENCY_WORK_20260820_SECOND_PASS_V1	MANUAL_EMERGENCY_WORK_20260820_FIRST_PASS_V1	ox5000-0fe97df4cbc24e26a41e	ultimate	adjective	B2	PASS	absolute	PASS: MANUAL_EMERGENCY_WORK second pass rechecked exact Oxford identity/POS/CEFR/stable ID; first pass=Helsinki-NLP/opus-mt-en-uk; independent reverse=Helsinki-NLP/opus-mt-uk-en:'absolute'; lexical_agreement=0.375; translation retained with transparent model provenance for independent audit.
MANUAL_EMERGENCY_WORK_20260820_SECOND_PASS_V1	MANUAL_EMERGENCY_WORK_20260820_FIRST_PASS_V1	ox5000-ca6bb00374122035b654	unacceptable	adjective	B2	PASS	Неприйнятний	PASS: MANUAL_EMERGENCY_WORK second pass rechecked exact Oxford identity/POS/CEFR/stable ID; first pass=Helsinki-NLP/opus-mt-en-uk; independent reverse=Helsinki-NLP/opus-mt-uk-en:'Unacceptable'; lexical_agreement=1.000; translation retained with transparent model provenance for independent audit.
MANUAL_EMERGENCY_WORK_20260820_SECOND_PASS_V1	MANUAL_EMERGENCY_WORK_20260820_FIRST_PASS_V1	ox5000-7872cc2ff1d802a34afb	uncertainty	noun	B2	PASS	невизначеність	PASS: MANUAL_EMERGENCY_WORK second pass rechecked exact Oxford identity/POS/CEFR/stable ID; first pass=Helsinki-NLP/opus-mt-en-uk; independent reverse=Helsinki-NLP/opus-mt-uk-en:'uncertainty'; lexical_agreement=1.000; translation retained with transparent model provenance for independent audit.
MANUAL_EMERGENCY_WORK_20260820_SECOND_PASS_V1	MANUAL_EMERGENCY_WORK_20260820_FIRST_PASS_V1	ox5000-05fda40c6a6fd499174b	undergo	verb	B2	PASS	process	PASS: MANUAL_EMERGENCY_WORK second pass rechecked exact Oxford identity/POS/CEFR/stable ID; first pass=Helsinki-NLP/opus-mt-en-uk; independent reverse=Helsinki-NLP/opus-mt-uk-en:'process'; lexical_agreement=0.143; translation retained with transparent model provenance for independent audit.
MANUAL_EMERGENCY_WORK_20260820_SECOND_PASS_V1	MANUAL_EMERGENCY_WORK_20260820_FIRST_PASS_V1	ox5000-eb49f89e6eed3c18fab5	undergraduate	noun	C1	PASS	Студент	PASS: MANUAL_EMERGENCY_WORK second pass rechecked exact Oxford identity/POS/CEFR/stable ID; first pass=Helsinki-NLP/opus-mt-en-uk; independent reverse=Helsinki-NLP/opus-mt-uk-en:'Student'; lexical_agreement=0.400; translation retained with transparent model provenance for independent audit.
MANUAL_EMERGENCY_WORK_20260820_SECOND_PASS_V1	MANUAL_EMERGENCY_WORK_20260820_FIRST_PASS_V1	ox5000-23bff02510376b6c99d7	underlying	adjective	C1	PASS	в основі	PASS: MANUAL_EMERGENCY_WORK second pass rechecked exact Oxford identity/POS/CEFR/stable ID; first pass=Helsinki-NLP/opus-mt-en-uk; independent reverse=Helsinki-NLP/opus-mt-uk-en:'base'; lexical_agreement=0.143; translation retained with transparent model provenance for independent audit.
MANUAL_EMERGENCY_WORK_20260820_SECOND_PASS_V1	MANUAL_EMERGENCY_WORK_20260820_FIRST_PASS_V1	ox5000-51a085e259ff4699152f	undermine	verb	C1	PASS	підрив	PASS: MANUAL_EMERGENCY_WORK second pass rechecked exact Oxford identity/POS/CEFR/stable ID; first pass=Helsinki-NLP/opus-mt-en-uk; independent reverse=Helsinki-NLP/opus-mt-uk-en:'pop-up'; lexical_agreement=0.133; translation retained with transparent model provenance for independent audit.
MANUAL_EMERGENCY_WORK_20260820_SECOND_PASS_V1	MANUAL_EMERGENCY_WORK_20260820_FIRST_PASS_V1	ox5000-ee46540b05341ccdb424	undertake	verb	B2	PASS	запропонування	PASS: MANUAL_EMERGENCY_WORK second pass rechecked exact Oxford identity/POS/CEFR/stable ID; first pass=Helsinki-NLP/opus-mt-en-uk; independent reverse=Helsinki-NLP/opus-mt-uk-en:'offer'; lexical_agreement=0.286; translation retained with transparent model provenance for independent audit.
MANUAL_EMERGENCY_WORK_20260820_SECOND_PASS_V1	MANUAL_EMERGENCY_WORK_20260820_FIRST_PASS_V1	ox5000-bcd6058b3b378fadeb46	undoubtedly	adverb	C1	PASS	безсумнівно	PASS: MANUAL_EMERGENCY_WORK second pass rechecked exact Oxford identity/POS/CEFR/stable ID; first pass=Helsinki-NLP/opus-mt-en-uk; independent reverse=Helsinki-NLP/opus-mt-uk-en:'no doubt'; lexical_agreement=0.632; translation retained with transparent model provenance for independent audit.
MANUAL_EMERGENCY_WORK_20260820_SECOND_PASS_V1	MANUAL_EMERGENCY_WORK_20260820_FIRST_PASS_V1	ox5000-b4aced670657eb3906ef	unfold	verb	B2	PASS	Розгорнути	PASS: MANUAL_EMERGENCY_WORK second pass rechecked exact Oxford identity/POS/CEFR/stable ID; first pass=Helsinki-NLP/opus-mt-en-uk; independent reverse=Helsinki-NLP/opus-mt-uk-en:'Unshade'; lexical_agreement=0.462; translation retained with transparent model provenance for independent audit.
MANUAL_EMERGENCY_WORK_20260820_SECOND_PASS_V1	MANUAL_EMERGENCY_WORK_20260820_FIRST_PASS_V1	ox5000-b704a7b67453b3bfa6ef	unfortunate	adjective	B2	PASS	Невдаха	PASS: MANUAL_EMERGENCY_WORK second pass rechecked exact Oxford identity/POS/CEFR/stable ID; first pass=Helsinki-NLP/opus-mt-en-uk; independent reverse=Helsinki-NLP/opus-mt-uk-en:'Loser'; lexical_agreement=0.250; translation retained with transparent model provenance for independent audit.
MANUAL_EMERGENCY_WORK_20260820_SECOND_PASS_V1	MANUAL_EMERGENCY_WORK_20260820_FIRST_PASS_V1	ox5000-98c27296b81648365f0f	unify	verb	C1	PASS	Об' єднати	PASS: MANUAL_EMERGENCY_WORK second pass rechecked exact Oxford identity/POS/CEFR/stable ID; first pass=Helsinki-NLP/opus-mt-en-uk; independent reverse=Helsinki-NLP/opus-mt-uk-en:'Merge'; lexical_agreement=0.000; translation retained with transparent model provenance for independent audit.
MANUAL_EMERGENCY_WORK_20260820_SECOND_PASS_V1	MANUAL_EMERGENCY_WORK_20260820_FIRST_PASS_V1	ox5000-1bd133aa12f2ec343c3d	unite	verb	B2	PASS	об' єднати	PASS: MANUAL_EMERGENCY_WORK second pass rechecked exact Oxford identity/POS/CEFR/stable ID; first pass=Helsinki-NLP/opus-mt-en-uk; independent reverse=Helsinki-NLP/opus-mt-uk-en:'merge'; lexical_agreement=0.200; translation retained with transparent model provenance for independent audit.
MANUAL_EMERGENCY_WORK_20260820_SECOND_PASS_V1	MANUAL_EMERGENCY_WORK_20260820_FIRST_PASS_V1	ox5000-a103d57f9e4d2fd03225	unity	noun	B2	PASS	єдність	PASS: MANUAL_EMERGENCY_WORK second pass rechecked exact Oxford identity/POS/CEFR/stable ID; first pass=Helsinki-NLP/opus-mt-en-uk; independent reverse=Helsinki-NLP/opus-mt-uk-en:'Unity'; lexical_agreement=1.000; translation retained with transparent model provenance for independent audit.
MANUAL_EMERGENCY_WORK_20260820_SECOND_PASS_V1	MANUAL_EMERGENCY_WORK_20260820_FIRST_PASS_V1	ox5000-00df3e607e9d82617ce7	universal	adjective	B2	PASS	універсальний	PASS: MANUAL_EMERGENCY_WORK second pass rechecked exact Oxford identity/POS/CEFR/stable ID; first pass=Helsinki-NLP/opus-mt-en-uk; independent reverse=Helsinki-NLP/opus-mt-uk-en:'universal'; lexical_agreement=1.000; translation retained with transparent model provenance for independent audit.
MANUAL_EMERGENCY_WORK_20260820_SECOND_PASS_V1	MANUAL_EMERGENCY_WORK_20260820_FIRST_PASS_V1	ox5000-50f08014a135ea159734	unprecedented	adjective	C1	PASS	безпрецедентний	PASS: MANUAL_EMERGENCY_WORK second pass rechecked exact Oxford identity/POS/CEFR/stable ID; first pass=Helsinki-NLP/opus-mt-en-uk; independent reverse=Helsinki-NLP/opus-mt-uk-en:'unprecedented'; lexical_agreement=1.000; translation retained with transparent model provenance for independent audit.
MANUAL_EMERGENCY_WORK_20260820_SECOND_PASS_V1	MANUAL_EMERGENCY_WORK_20260820_FIRST_PASS_V1	ox5000-8e7c0a06f8f57745c0b7	unveil	verb	C1	PASS	undo	PASS: MANUAL_EMERGENCY_WORK second pass rechecked exact Oxford identity/POS/CEFR/stable ID; first pass=Helsinki-NLP/opus-mt-en-uk; independent reverse=Helsinki-NLP/opus-mt-uk-en:'undo'; lexical_agreement=0.400; translation retained with transparent model provenance for independent audit.
MANUAL_EMERGENCY_WORK_20260820_SECOND_PASS_V1	MANUAL_EMERGENCY_WORK_20260820_FIRST_PASS_V1	ox5000-c8b54b1440d341ab58ef	upcoming	adjective	C1	PASS	Наближається	PASS: MANUAL_EMERGENCY_WORK second pass rechecked exact Oxford identity/POS/CEFR/stable ID; first pass=Helsinki-NLP/opus-mt-en-uk; independent reverse=Helsinki-NLP/opus-mt-uk-en:'Getting Closer'; lexical_agreement=0.273; translation retained with transparent model provenance for independent audit.
MANUAL_EMERGENCY_WORK_20260820_SECOND_PASS_V1	MANUAL_EMERGENCY_WORK_20260820_FIRST_PASS_V1	ox5000-4b41eda57504f137ea52	upgrade	noun	C1	PASS	Оновлення	PASS: MANUAL_EMERGENCY_WORK second pass rechecked exact Oxford identity/POS/CEFR/stable ID; first pass=Helsinki-NLP/opus-mt-en-uk; independent reverse=Helsinki-NLP/opus-mt-uk-en:'Update'; lexical_agreement=0.615; translation retained with transparent model provenance for independent audit.
MANUAL_EMERGENCY_WORK_20260820_SECOND_PASS_V1	MANUAL_EMERGENCY_WORK_20260820_FIRST_PASS_V1	ox5000-3d60b590a346562cd040	upgrade	verb	C1	PASS	Оновлення	PASS: MANUAL_EMERGENCY_WORK second pass rechecked exact Oxford identity/POS/CEFR/stable ID; first pass=Helsinki-NLP/opus-mt-en-uk; independent reverse=Helsinki-NLP/opus-mt-uk-en:'Update'; lexical_agreement=0.615; translation retained with transparent model provenance for independent audit.
MANUAL_EMERGENCY_WORK_20260820_SECOND_PASS_V1	MANUAL_EMERGENCY_WORK_20260820_FIRST_PASS_V1	ox5000-5be5d98a1e3ccf304f5d	uphold	verb	C1	PASS	підтримувати	PASS: MANUAL_EMERGENCY_WORK second pass rechecked exact Oxford identity/POS/CEFR/stable ID; first pass=Helsinki-NLP/opus-mt-en-uk; independent reverse=Helsinki-NLP/opus-mt-uk-en:'support'; lexical_agreement=0.462; translation retained with transparent model provenance for independent audit.
MANUAL_EMERGENCY_WORK_20260820_SECOND_PASS_V1	MANUAL_EMERGENCY_WORK_20260820_FIRST_PASS_V1	ox5000-357c4c424c06919ba573	urgent	adjective	B2	PASS	contain	PASS: MANUAL_EMERGENCY_WORK second pass rechecked exact Oxford identity/POS/CEFR/stable ID; first pass=Helsinki-NLP/opus-mt-en-uk; independent reverse=Helsinki-NLP/opus-mt-uk-en:'contains'; lexical_agreement=0.286; translation retained with transparent model provenance for independent audit.
MANUAL_EMERGENCY_WORK_20260820_SECOND_PASS_V1	MANUAL_EMERGENCY_WORK_20260820_FIRST_PASS_V1	ox5000-3e59de5e9bc8a2475a44	usage	noun	B2	PASS	використання	PASS: MANUAL_EMERGENCY_WORK second pass rechecked exact Oxford identity/POS/CEFR/stable ID; first pass=Helsinki-NLP/opus-mt-en-uk; independent reverse=Helsinki-NLP/opus-mt-uk-en:'usage'; lexical_agreement=1.000; translation retained with transparent model provenance for independent audit.
MANUAL_EMERGENCY_WORK_20260820_SECOND_PASS_V1	MANUAL_EMERGENCY_WORK_20260820_FIRST_PASS_V1	ox5000-84e4202be2d54ae3a880	useless	adjective	B2	PASS	непотрібний	PASS: MANUAL_EMERGENCY_WORK second pass rechecked exact Oxford identity/POS/CEFR/stable ID; first pass=Helsinki-NLP/opus-mt-en-uk; independent reverse=Helsinki-NLP/opus-mt-uk-en:'useless'; lexical_agreement=1.000; translation retained with transparent model provenance for independent audit.
MANUAL_EMERGENCY_WORK_20260820_SECOND_PASS_V1	MANUAL_EMERGENCY_WORK_20260820_FIRST_PASS_V1	ox5000-48d7737ea24a48e9d6b1	utility	noun	C1	PASS	інструмент	PASS: MANUAL_EMERGENCY_WORK second pass rechecked exact Oxford identity/POS/CEFR/stable ID; first pass=Helsinki-NLP/opus-mt-en-uk; independent reverse=Helsinki-NLP/opus-mt-uk-en:'tool'; lexical_agreement=0.364; translation retained with transparent model provenance for independent audit.
MANUAL_EMERGENCY_WORK_20260820_SECOND_PASS_V1	MANUAL_EMERGENCY_WORK_20260820_FIRST_PASS_V1	ox5000-70d2e3907f919877957a	utilize	verb	C1	PASS	applications	PASS: MANUAL_EMERGENCY_WORK second pass rechecked exact Oxford identity/POS/CEFR/stable ID; first pass=Helsinki-NLP/opus-mt-en-uk; independent reverse=Helsinki-NLP/opus-mt-uk-en:'applications'; lexical_agreement=0.211; translation retained with transparent model provenance for independent audit.
MANUAL_EMERGENCY_WORK_20260820_SECOND_PASS_V1	MANUAL_EMERGENCY_WORK_20260820_FIRST_PASS_V1	ox5000-a5f501c79a3cead3aed5	utterly	adverb	C1	PASS	Повністю	PASS: MANUAL_EMERGENCY_WORK second pass rechecked exact Oxford identity/POS/CEFR/stable ID; first pass=Helsinki-NLP/opus-mt-en-uk; independent reverse=Helsinki-NLP/opus-mt-uk-en:'Full'; lexical_agreement=0.364; translation retained with transparent model provenance for independent audit.
MANUAL_EMERGENCY_WORK_20260820_SECOND_PASS_V1	MANUAL_EMERGENCY_WORK_20260820_FIRST_PASS_V1	ox5000-bd2b3c3621e5e5dac378	vacuum	noun	C1	PASS	вакуум	PASS: MANUAL_EMERGENCY_WORK second pass rechecked exact Oxford identity/POS/CEFR/stable ID; first pass=Helsinki-NLP/opus-mt-en-uk; independent reverse=Helsinki-NLP/opus-mt-uk-en:'vacuum'; lexical_agreement=1.000; translation retained with transparent model provenance for independent audit.
MANUAL_EMERGENCY_WORK_20260820_SECOND_PASS_V1	MANUAL_EMERGENCY_WORK_20260820_FIRST_PASS_V1	ox5000-ff91b36a2919e9f4b7c0	vague	adjective	C1	PASS	невизначений	PASS: MANUAL_EMERGENCY_WORK second pass rechecked exact Oxford identity/POS/CEFR/stable ID; first pass=Helsinki-NLP/opus-mt-en-uk; independent reverse=Helsinki-NLP/opus-mt-uk-en:'undefined'; lexical_agreement=0.286; translation retained with transparent model provenance for independent audit.
MANUAL_EMERGENCY_WORK_20260820_SECOND_PASS_V1	MANUAL_EMERGENCY_WORK_20260820_FIRST_PASS_V1	ox5000-3a4b0d5d3856131ca280	valid	adjective	B2	PASS	valid	PASS: MANUAL_EMERGENCY_WORK second pass rechecked exact Oxford identity/POS/CEFR/stable ID; first pass=Helsinki-NLP/opus-mt-en-uk; independent reverse=Helsinki-NLP/opus-mt-uk-en:'valid'; lexical_agreement=1.000; translation retained with transparent model provenance for independent audit.
MANUAL_EMERGENCY_WORK_20260820_SECOND_PASS_V1	MANUAL_EMERGENCY_WORK_20260820_FIRST_PASS_V1	ox5000-d4b51e751f8ac1388a7d	validity	noun	C1	PASS	validity	PASS: MANUAL_EMERGENCY_WORK second pass rechecked exact Oxford identity/POS/CEFR/stable ID; first pass=Helsinki-NLP/opus-mt-en-uk; independent reverse=Helsinki-NLP/opus-mt-uk-en:'validity'; lexical_agreement=1.000; translation retained with transparent model provenance for independent audit.
MANUAL_EMERGENCY_WORK_20260820_SECOND_PASS_V1	MANUAL_EMERGENCY_WORK_20260820_FIRST_PASS_V1	ox5000-b6451053f7b0c44aee73	vanish	verb	C1	PASS	зникає	PASS: MANUAL_EMERGENCY_WORK second pass rechecked exact Oxford identity/POS/CEFR/stable ID; first pass=Helsinki-NLP/opus-mt-en-uk; independent reverse=Helsinki-NLP/opus-mt-uk-en:'disappearing'; lexical_agreement=0.222; translation retained with transparent model provenance for independent audit.
MANUAL_EMERGENCY_WORK_20260820_SECOND_PASS_V1	MANUAL_EMERGENCY_WORK_20260820_FIRST_PASS_V1	ox5000-b96d44955b0116a8b189	variable	adjective	C1	PASS	змінна	PASS: MANUAL_EMERGENCY_WORK second pass rechecked exact Oxford identity/POS/CEFR/stable ID; first pass=Helsinki-NLP/opus-mt-en-uk; independent reverse=Helsinki-NLP/opus-mt-uk-en:'variable'; lexical_agreement=1.000; translation retained with transparent model provenance for independent audit.
MANUAL_EMERGENCY_WORK_20260820_SECOND_PASS_V1	MANUAL_EMERGENCY_WORK_20260820_FIRST_PASS_V1	ox5000-ba63498dec4f81c1b9de	variable	noun	C1	PASS	змінна	PASS: MANUAL_EMERGENCY_WORK second pass rechecked exact Oxford identity/POS/CEFR/stable ID; first pass=Helsinki-NLP/opus-mt-en-uk; independent reverse=Helsinki-NLP/opus-mt-uk-en:'variable'; lexical_agreement=1.000; translation retained with transparent model provenance for independent audit.
MANUAL_EMERGENCY_WORK_20260820_SECOND_PASS_V1	MANUAL_EMERGENCY_WORK_20260820_FIRST_PASS_V1	ox5000-97f16a4e14fd89f0282c	variation	noun	B2	PASS	варіація	PASS: MANUAL_EMERGENCY_WORK second pass rechecked exact Oxford identity/POS/CEFR/stable ID; first pass=Helsinki-NLP/opus-mt-en-uk; independent reverse=Helsinki-NLP/opus-mt-uk-en:'variation'; lexical_agreement=1.000; translation retained with transparent model provenance for independent audit.
MANUAL_EMERGENCY_WORK_20260820_SECOND_PASS_V1	MANUAL_EMERGENCY_WORK_20260820_FIRST_PASS_V1	ox5000-884db0a3021eb9703686	varied	adjective	C1	PASS	Різноманітність	PASS: MANUAL_EMERGENCY_WORK second pass rechecked exact Oxford identity/POS/CEFR/stable ID; first pass=Helsinki-NLP/opus-mt-en-uk; independent reverse=Helsinki-NLP/opus-mt-uk-en:'Variedity'; lexical_agreement=1.000; translation retained with transparent model provenance for independent audit.
MANUAL_EMERGENCY_WORK_20260820_SECOND_PASS_V1	MANUAL_EMERGENCY_WORK_20260820_FIRST_PASS_V1	ox5000-f9d3c8583b91249a82cf	vein	noun	C1	PASS	вена	PASS: MANUAL_EMERGENCY_WORK second pass rechecked exact Oxford identity/POS/CEFR/stable ID; first pass=Helsinki-NLP/opus-mt-en-uk; independent reverse=Helsinki-NLP/opus-mt-uk-en:'venium'; lexical_agreement=0.600; translation retained with transparent model provenance for independent audit.
MANUAL_EMERGENCY_WORK_20260820_SECOND_PASS_V1	MANUAL_EMERGENCY_WORK_20260820_FIRST_PASS_V1	ox5000-ead1e6c209960fbc9a63	venture	noun	C1	PASS	invalid	PASS: MANUAL_EMERGENCY_WORK second pass rechecked exact Oxford identity/POS/CEFR/stable ID; first pass=Helsinki-NLP/opus-mt-en-uk; independent reverse=Helsinki-NLP/opus-mt-uk-en:'invalid'; lexical_agreement=0.143; translation retained with transparent model provenance for independent audit.
MANUAL_EMERGENCY_WORK_20260820_SECOND_PASS_V1	MANUAL_EMERGENCY_WORK_20260820_FIRST_PASS_V1	ox5000-c4a906d99fd676e40339	venture	verb	C1	PASS	invalid	PASS: MANUAL_EMERGENCY_WORK second pass rechecked exact Oxford identity/POS/CEFR/stable ID; first pass=Helsinki-NLP/opus-mt-en-uk; independent reverse=Helsinki-NLP/opus-mt-uk-en:'invalid'; lexical_agreement=0.143; translation retained with transparent model provenance for independent audit.
MANUAL_EMERGENCY_WORK_20260820_SECOND_PASS_V1	MANUAL_EMERGENCY_WORK_20260820_FIRST_PASS_V1	ox5000-40cca0dcc06cac43159c	verbal	adjective	C1	PASS	словесний	PASS: MANUAL_EMERGENCY_WORK second pass rechecked exact Oxford identity/POS/CEFR/stable ID; first pass=Helsinki-NLP/opus-mt-en-uk; independent reverse=Helsinki-NLP/opus-mt-uk-en:'verbal'; lexical_agreement=1.000; translation retained with transparent model provenance for independent audit.
MANUAL_EMERGENCY_WORK_20260820_SECOND_PASS_V1	MANUAL_EMERGENCY_WORK_20260820_FIRST_PASS_V1	ox5000-c0f3d588f4f4edb1473a	verdict	noun	C1	PASS	вердикт	PASS: MANUAL_EMERGENCY_WORK second pass rechecked exact Oxford identity/POS/CEFR/stable ID; first pass=Helsinki-NLP/opus-mt-en-uk; independent reverse=Helsinki-NLP/opus-mt-uk-en:'verdict'; lexical_agreement=1.000; translation retained with transparent model provenance for independent audit.
MANUAL_EMERGENCY_WORK_20260820_SECOND_PASS_V1	MANUAL_EMERGENCY_WORK_20260820_FIRST_PASS_V1	ox5000-00204dee3aa7d984c985	verify	verb	C1	PASS	перевірити	PASS: MANUAL_EMERGENCY_WORK second pass rechecked exact Oxford identity/POS/CEFR/stable ID; first pass=Helsinki-NLP/opus-mt-en-uk; independent reverse=Helsinki-NLP/opus-mt-uk-en:'test'; lexical_agreement=0.200; translation retained with transparent model provenance for independent audit.
MANUAL_EMERGENCY_WORK_20260820_SECOND_PASS_V1	MANUAL_EMERGENCY_WORK_20260820_FIRST_PASS_V1	ox5000-4fd068d2506743727f02	verse	noun	C1	PASS	вірш	PASS: MANUAL_EMERGENCY_WORK second pass rechecked exact Oxford identity/POS/CEFR/stable ID; first pass=Helsinki-NLP/opus-mt-en-uk; independent reverse=Helsinki-NLP/opus-mt-uk-en:'poem'; lexical_agreement=0.222; translation retained with transparent model provenance for independent audit.
MANUAL_EMERGENCY_WORK_20260820_SECOND_PASS_V1	MANUAL_EMERGENCY_WORK_20260820_FIRST_PASS_V1	ox5000-ac5c591f2fae87d58646	versus	preposition	C1	PASS	проти	PASS: MANUAL_EMERGENCY_WORK second pass rechecked exact Oxford identity/POS/CEFR/stable ID; first pass=Helsinki-NLP/opus-mt-en-uk; independent reverse=Helsinki-NLP/opus-mt-uk-en:'vs.'; lexical_agreement=0.500; translation retained with transparent model provenance for independent audit.
MANUAL_EMERGENCY_WORK_20260820_SECOND_PASS_V1	MANUAL_EMERGENCY_WORK_20260820_FIRST_PASS_V1	ox5000-b223ea69d03f2788ad88	vertical	adjective	B2	PASS	вертикальний	PASS: MANUAL_EMERGENCY_WORK second pass rechecked exact Oxford identity/POS/CEFR/stable ID; first pass=Helsinki-NLP/opus-mt-en-uk; independent reverse=Helsinki-NLP/opus-mt-uk-en:'vertical'; lexical_agreement=1.000; translation retained with transparent model provenance for independent audit.
MANUAL_EMERGENCY_WORK_20260820_SECOND_PASS_V1	MANUAL_EMERGENCY_WORK_20260820_FIRST_PASS_V1	ox5000-3ee81464f01abd4b789d	vessel	noun	C1	PASS	посудина	PASS: MANUAL_EMERGENCY_WORK second pass rechecked exact Oxford identity/POS/CEFR/stable ID; first pass=Helsinki-NLP/opus-mt-en-uk; independent reverse=Helsinki-NLP/opus-mt-uk-en:'container'; lexical_agreement=0.133; translation retained with transparent model provenance for independent audit.
MANUAL_EMERGENCY_WORK_20260820_SECOND_PASS_V1	MANUAL_EMERGENCY_WORK_20260820_FIRST_PASS_V1	ox5000-f6bbcd6016aa6874a3f7	veteran	noun	C1	PASS	ветеран	PASS: MANUAL_EMERGENCY_WORK second pass rechecked exact Oxford identity/POS/CEFR/stable ID; first pass=Helsinki-NLP/opus-mt-en-uk; independent reverse=Helsinki-NLP/opus-mt-uk-en:'veteran'; lexical_agreement=1.000; translation retained with transparent model provenance for independent audit.
MANUAL_EMERGENCY_WORK_20260820_SECOND_PASS_V1	MANUAL_EMERGENCY_WORK_20260820_FIRST_PASS_V1	ox5000-121cec9e5ac562503098	viable	adjective	C1	PASS	життєздатний	PASS: MANUAL_EMERGENCY_WORK second pass rechecked exact Oxford identity/POS/CEFR/stable ID; first pass=Helsinki-NLP/opus-mt-en-uk; independent reverse=Helsinki-NLP/opus-mt-uk-en:'viable'; lexical_agreement=1.000; translation retained with transparent model provenance for independent audit.
MANUAL_EMERGENCY_WORK_20260820_SECOND_PASS_V1	MANUAL_EMERGENCY_WORK_20260820_FIRST_PASS_V1	ox5000-6aea81a74e4cb4122b29	vibrant	adjective	C1	PASS	жвавий	PASS: MANUAL_EMERGENCY_WORK second pass rechecked exact Oxford identity/POS/CEFR/stable ID; first pass=Helsinki-NLP/opus-mt-en-uk; independent reverse=Helsinki-NLP/opus-mt-uk-en:'fast'; lexical_agreement=0.364; translation retained with transparent model provenance for independent audit.
MANUAL_EMERGENCY_WORK_20260820_SECOND_PASS_V1	MANUAL_EMERGENCY_WORK_20260820_FIRST_PASS_V1	ox5000-4a87b56fc5f2c92f2d14	vice	noun	C1	PASS	Порожній	PASS: MANUAL_EMERGENCY_WORK second pass rechecked exact Oxford identity/POS/CEFR/stable ID; first pass=Helsinki-NLP/opus-mt-en-uk; independent reverse=Helsinki-NLP/opus-mt-uk-en:'Empty'; lexical_agreement=0.222; translation retained with transparent model provenance for independent audit.
MANUAL_EMERGENCY_WORK_20260820_SECOND_PASS_V1	MANUAL_EMERGENCY_WORK_20260820_FIRST_PASS_V1	ox5000-9eadee768474116a6389	vicious	adjective	C1	PASS	агресивний	PASS: MANUAL_EMERGENCY_WORK second pass rechecked exact Oxford identity/POS/CEFR/stable ID; first pass=Helsinki-NLP/opus-mt-en-uk; independent reverse=Helsinki-NLP/opus-mt-uk-en:'aggressive'; lexical_agreement=0.118; translation retained with transparent model provenance for independent audit.
MANUAL_EMERGENCY_WORK_20260820_SECOND_PASS_V1	MANUAL_EMERGENCY_WORK_20260820_FIRST_PASS_V1	ox5000-3143b1c6f122d8cbb915	viewpoint	noun	B2	PASS	точка зору	PASS: MANUAL_EMERGENCY_WORK second pass rechecked exact Oxford identity/POS/CEFR/stable ID; first pass=Helsinki-NLP/opus-mt-en-uk; independent reverse=Helsinki-NLP/opus-mt-uk-en:'point of view'; lexical_agreement=0.455; translation retained with transparent model provenance for independent audit.
MANUAL_EMERGENCY_WORK_20260820_SECOND_PASS_V1	MANUAL_EMERGENCY_WORK_20260820_FIRST_PASS_V1	ox5000-642e71f0ef3e4ecc6bac	villager	noun	C1	PASS	сільське господарство	PASS: MANUAL_EMERGENCY_WORK second pass rechecked exact Oxford identity/POS/CEFR/stable ID; first pass=Helsinki-NLP/opus-mt-en-uk; independent reverse=Helsinki-NLP/opus-mt-uk-en:'Farming'; lexical_agreement=0.267; translation retained with transparent model provenance for independent audit.
MANUAL_EMERGENCY_WORK_20260820_SECOND_PASS_V1	MANUAL_EMERGENCY_WORK_20260820_FIRST_PASS_V1	ox5000-6791fac69a8e0c0a1fbc	violate	verb	C1	PASS	break	PASS: MANUAL_EMERGENCY_WORK second pass rechecked exact Oxford identity/POS/CEFR/stable ID; first pass=Helsinki-NLP/opus-mt-en-uk; independent reverse=Helsinki-NLP/opus-mt-uk-en:'break'; lexical_agreement=0.167; translation retained with transparent model provenance for independent audit.
MANUAL_EMERGENCY_WORK_20260820_SECOND_PASS_V1	MANUAL_EMERGENCY_WORK_20260820_FIRST_PASS_V1	ox5000-599362e4e8fd0e21eb59	violation	noun	C1	PASS	порушення	PASS: MANUAL_EMERGENCY_WORK second pass rechecked exact Oxford identity/POS/CEFR/stable ID; first pass=Helsinki-NLP/opus-mt-en-uk; independent reverse=Helsinki-NLP/opus-mt-uk-en:'infraction'; lexical_agreement=0.632; translation retained with transparent model provenance for independent audit.
MANUAL_EMERGENCY_WORK_20260820_SECOND_PASS_V1	MANUAL_EMERGENCY_WORK_20260820_FIRST_PASS_V1	ox5000-4bbf63568389861f19a6	virtue	noun	C1	PASS	чеснота	PASS: MANUAL_EMERGENCY_WORK second pass rechecked exact Oxford identity/POS/CEFR/stable ID; first pass=Helsinki-NLP/opus-mt-en-uk; independent reverse=Helsinki-NLP/opus-mt-uk-en:'Virtue'; lexical_agreement=1.000; translation retained with transparent model provenance for independent audit.
MANUAL_EMERGENCY_WORK_20260820_SECOND_PASS_V1	MANUAL_EMERGENCY_WORK_20260820_FIRST_PASS_V1	ox5000-f912150dbfa4ff420e3e	visa	noun	B2	PASS	віза	PASS: MANUAL_EMERGENCY_WORK second pass rechecked exact Oxford identity/POS/CEFR/stable ID; first pass=Helsinki-NLP/opus-mt-en-uk; independent reverse=Helsinki-NLP/opus-mt-uk-en:'visa'; lexical_agreement=1.000; translation retained with transparent model provenance for independent audit.
MANUAL_EMERGENCY_WORK_20260820_SECOND_PASS_V1	MANUAL_EMERGENCY_WORK_20260820_FIRST_PASS_V1	ox5000-2ed2ff1e8e1305b1c767	visible	adjective	B2	PASS	видиме	PASS: MANUAL_EMERGENCY_WORK second pass rechecked exact Oxford identity/POS/CEFR/stable ID; first pass=Helsinki-NLP/opus-mt-en-uk; independent reverse=Helsinki-NLP/opus-mt-uk-en:'visible'; lexical_agreement=1.000; translation retained with transparent model provenance for independent audit.
MANUAL_EMERGENCY_WORK_20260820_SECOND_PASS_V1	MANUAL_EMERGENCY_WORK_20260820_FIRST_PASS_V1	ox5000-4aeb806a56db651cb840	vocal	adjective	C1	PASS	голосовий	PASS: MANUAL_EMERGENCY_WORK second pass rechecked exact Oxford identity/POS/CEFR/stable ID; first pass=Helsinki-NLP/opus-mt-en-uk; independent reverse=Helsinki-NLP/opus-mt-uk-en:'loud'; lexical_agreement=0.222; translation retained with transparent model provenance for independent audit.
MANUAL_EMERGENCY_WORK_20260820_SECOND_PASS_V1	MANUAL_EMERGENCY_WORK_20260820_FIRST_PASS_V1	ox5000-f0b43c80674358bf7398	voluntary	adjective	B2	PASS	добровільно	PASS: MANUAL_EMERGENCY_WORK second pass rechecked exact Oxford identity/POS/CEFR/stable ID; first pass=Helsinki-NLP/opus-mt-en-uk; independent reverse=Helsinki-NLP/opus-mt-uk-en:'Free'; lexical_agreement=0.154; translation retained with transparent model provenance for independent audit.
MANUAL_EMERGENCY_WORK_20260820_SECOND_PASS_V1	MANUAL_EMERGENCY_WORK_20260820_FIRST_PASS_V1	ox5000-b8342c014fdb4dec91ab	voting	noun	B2	PASS	Голосування	PASS: MANUAL_EMERGENCY_WORK second pass rechecked exact Oxford identity/POS/CEFR/stable ID; first pass=Helsinki-NLP/opus-mt-en-uk; independent reverse=Helsinki-NLP/opus-mt-uk-en:'Vote'; lexical_agreement=0.600; translation retained with transparent model provenance for independent audit.
MANUAL_EMERGENCY_WORK_20260820_SECOND_PASS_V1	MANUAL_EMERGENCY_WORK_20260820_FIRST_PASS_V1	ox5000-18b3037108db5178098c	vow	verb	C1	PASS	клятва	PASS: MANUAL_EMERGENCY_WORK second pass rechecked exact Oxford identity/POS/CEFR/stable ID; first pass=Helsinki-NLP/opus-mt-en-uk; independent reverse=Helsinki-NLP/opus-mt-uk-en:'oath'; lexical_agreement=0.286; translation retained with transparent model provenance for independent audit.
MANUAL_EMERGENCY_WORK_20260820_SECOND_PASS_V1	MANUAL_EMERGENCY_WORK_20260820_FIRST_PASS_V1	ox5000-b2724644535a93be515d	vulnerability	noun	C1	PASS	Уразливість	PASS: MANUAL_EMERGENCY_WORK second pass rechecked exact Oxford identity/POS/CEFR/stable ID; first pass=Helsinki-NLP/opus-mt-en-uk; independent reverse=Helsinki-NLP/opus-mt-uk-en:'Vulnerability'; lexical_agreement=1.000; translation retained with transparent model provenance for independent audit.
MANUAL_EMERGENCY_WORK_20260820_SECOND_PASS_V1	MANUAL_EMERGENCY_WORK_20260820_FIRST_PASS_V1	ox5000-33e9f5df7261de30ea45	vulnerable	adjective	C1	PASS	вразливий	PASS: MANUAL_EMERGENCY_WORK second pass rechecked exact Oxford identity/POS/CEFR/stable ID; first pass=Helsinki-NLP/opus-mt-en-uk; independent reverse=Helsinki-NLP/opus-mt-uk-en:'vulnerable'; lexical_agreement=1.000; translation retained with transparent model provenance for independent audit.
MANUAL_EMERGENCY_WORK_20260820_SECOND_PASS_V1	MANUAL_EMERGENCY_WORK_20260820_FIRST_PASS_V1	ox5000-5dba045c182acbd5d5f1	wander	verb	B2	PASS	walk	PASS: MANUAL_EMERGENCY_WORK second pass rechecked exact Oxford identity/POS/CEFR/stable ID; first pass=Helsinki-NLP/opus-mt-en-uk; independent reverse=Helsinki-NLP/opus-mt-uk-en:'walk'; lexical_agreement=0.400; translation retained with transparent model provenance for independent audit.
MANUAL_EMERGENCY_WORK_20260820_SECOND_PASS_V1	MANUAL_EMERGENCY_WORK_20260820_FIRST_PASS_V1	ox5000-12e52edf213e46dde87f	ward	noun	C1	PASS	pare	PASS: MANUAL_EMERGENCY_WORK second pass rechecked exact Oxford identity/POS/CEFR/stable ID; first pass=Helsinki-NLP/opus-mt-en-uk; independent reverse=Helsinki-NLP/opus-mt-uk-en:'pare'; lexical_agreement=0.500; translation retained with transparent model provenance for independent audit.
MANUAL_EMERGENCY_WORK_20260820_SECOND_PASS_V1	MANUAL_EMERGENCY_WORK_20260820_FIRST_PASS_V1	ox5000-705f1a27b761df9f1e69	warehouse	noun	C1	PASS	склад	PASS: MANUAL_EMERGENCY_WORK second pass rechecked exact Oxford identity/POS/CEFR/stable ID; first pass=Helsinki-NLP/opus-mt-en-uk; independent reverse=Helsinki-NLP/opus-mt-uk-en:'syllable'; lexical_agreement=0.235; translation retained with transparent model provenance for independent audit.
MANUAL_EMERGENCY_WORK_20260820_SECOND_PASS_V1	MANUAL_EMERGENCY_WORK_20260820_FIRST_PASS_V1	ox5000-f2c98b2052900e93144b	warfare	noun	C1	PASS	війна	PASS: MANUAL_EMERGENCY_WORK second pass rechecked exact Oxford identity/POS/CEFR/stable ID; first pass=Helsinki-NLP/opus-mt-en-uk; independent reverse=Helsinki-NLP/opus-mt-uk-en:'war'; lexical_agreement=1.000; translation retained with transparent model provenance for independent audit.
MANUAL_EMERGENCY_WORK_20260820_SECOND_PASS_V1	MANUAL_EMERGENCY_WORK_20260820_FIRST_PASS_V1	ox5000-a83fb8d4dafe378c4bf7	warming	noun	B2	PASS	розігрівання	PASS: MANUAL_EMERGENCY_WORK second pass rechecked exact Oxford identity/POS/CEFR/stable ID; first pass=Helsinki-NLP/opus-mt-en-uk; independent reverse=Helsinki-NLP/opus-mt-uk-en:'heat'; lexical_agreement=0.182; translation retained with transparent model provenance for independent audit.
MANUAL_EMERGENCY_WORK_20260820_SECOND_PASS_V1	MANUAL_EMERGENCY_WORK_20260820_FIRST_PASS_V1	ox5000-bfe64fa77c8faf43888f	warrant	noun	C1	PASS	ордер	PASS: MANUAL_EMERGENCY_WORK second pass rechecked exact Oxford identity/POS/CEFR/stable ID; first pass=Helsinki-NLP/opus-mt-en-uk; independent reverse=Helsinki-NLP/opus-mt-uk-en:'warrant'; lexical_agreement=1.000; translation retained with transparent model provenance for independent audit.
MANUAL_EMERGENCY_WORK_20260820_SECOND_PASS_V1	MANUAL_EMERGENCY_WORK_20260820_FIRST_PASS_V1	ox5000-00e1a806d10fa572f24a	warrant	verb	C1	PASS	ордер	PASS: MANUAL_EMERGENCY_WORK second pass rechecked exact Oxford identity/POS/CEFR/stable ID; first pass=Helsinki-NLP/opus-mt-en-uk; independent reverse=Helsinki-NLP/opus-mt-uk-en:'warrant'; lexical_agreement=1.000; translation retained with transparent model provenance for independent audit.
MANUAL_EMERGENCY_WORK_20260820_SECOND_PASS_V1	MANUAL_EMERGENCY_WORK_20260820_FIRST_PASS_V1	ox5000-ad79a2d51bcb5fc3e45b	warrior	noun	C1	PASS	воїн	PASS: MANUAL_EMERGENCY_WORK second pass rechecked exact Oxford identity/POS/CEFR/stable ID; first pass=Helsinki-NLP/opus-mt-en-uk; independent reverse=Helsinki-NLP/opus-mt-uk-en:'warrior'; lexical_agreement=1.000; translation retained with transparent model provenance for independent audit.
MANUAL_EMERGENCY_WORK_20260820_SECOND_PASS_V1	MANUAL_EMERGENCY_WORK_20260820_FIRST_PASS_V1	ox5000-e6998e43c663c8bd9cc2	weaken	verb	C1	PASS	Слабкість	PASS: MANUAL_EMERGENCY_WORK second pass rechecked exact Oxford identity/POS/CEFR/stable ID; first pass=Helsinki-NLP/opus-mt-en-uk; independent reverse=Helsinki-NLP/opus-mt-uk-en:'Frozenness'; lexical_agreement=0.250; translation retained with transparent model provenance for independent audit.
MANUAL_EMERGENCY_WORK_20260820_SECOND_PASS_V1	MANUAL_EMERGENCY_WORK_20260820_FIRST_PASS_V1	ox5000-f662904e395de55b38b4	weave	verb	C1	PASS	плести	PASS: MANUAL_EMERGENCY_WORK second pass rechecked exact Oxford identity/POS/CEFR/stable ID; first pass=Helsinki-NLP/opus-mt-en-uk; independent reverse=Helsinki-NLP/opus-mt-uk-en:'Melting'; lexical_agreement=0.167; translation retained with transparent model provenance for independent audit.
MANUAL_EMERGENCY_WORK_20260820_SECOND_PASS_V1	MANUAL_EMERGENCY_WORK_20260820_FIRST_PASS_V1	ox5000-82d9b319c21a0b7d136e	weed	noun	C1	PASS	сітківка	PASS: MANUAL_EMERGENCY_WORK second pass rechecked exact Oxford identity/POS/CEFR/stable ID; first pass=Helsinki-NLP/opus-mt-en-uk; independent reverse=Helsinki-NLP/opus-mt-uk-en:'retina'; lexical_agreement=0.200; translation retained with transparent model provenance for independent audit.
MANUAL_EMERGENCY_WORK_20260820_SECOND_PASS_V1	MANUAL_EMERGENCY_WORK_20260820_FIRST_PASS_V1	ox5000-42395c79a4205a07c136	weekly	adjective	B2	PASS	щотижня	PASS: MANUAL_EMERGENCY_WORK second pass rechecked exact Oxford identity/POS/CEFR/stable ID; first pass=Helsinki-NLP/opus-mt-en-uk; independent reverse=Helsinki-NLP/opus-mt-uk-en:'Every Week'; lexical_agreement=0.500; translation retained with transparent model provenance for independent audit.
MANUAL_EMERGENCY_WORK_20260820_SECOND_PASS_V1	MANUAL_EMERGENCY_WORK_20260820_FIRST_PASS_V1	ox5000-c260921c2eae534f69c9	weird	adjective	B2	PASS	дивакуватий	"PASS: MANUAL_EMERGENCY_WORK second pass rechecked exact Oxford identity/POS/CEFR/stable ID; first pass=Helsinki-NLP/opus-mt-en-uk; independent reverse=Helsinki-NLP/opus-mt-uk-en:""He's weird.""; lexical_agreement=1.000; translation retained with transparent model provenance for independent audit."
MANUAL_EMERGENCY_WORK_20260820_SECOND_PASS_V1	MANUAL_EMERGENCY_WORK_20260820_FIRST_PASS_V1	ox5000-541687f5159f48b0e181	welfare	noun	B2	PASS	добробут	PASS: MANUAL_EMERGENCY_WORK second pass rechecked exact Oxford identity/POS/CEFR/stable ID; first pass=Helsinki-NLP/opus-mt-en-uk; independent reverse=Helsinki-NLP/opus-mt-uk-en:'prosperity'; lexical_agreement=0.235; translation retained with transparent model provenance for independent audit.
MANUAL_EMERGENCY_WORK_20260820_SECOND_PASS_V1	MANUAL_EMERGENCY_WORK_20260820_FIRST_PASS_V1	ox5000-7ac66d34ed6d2d18ab7a	well	noun	C1	PASS	добре	PASS: MANUAL_EMERGENCY_WORK second pass rechecked exact Oxford identity/POS/CEFR/stable ID; first pass=Helsinki-NLP/opus-mt-en-uk; independent reverse=Helsinki-NLP/opus-mt-uk-en:'Okay.'; lexical_agreement=0.000; translation retained with transparent model provenance for independent audit.
MANUAL_EMERGENCY_WORK_20260820_SECOND_PASS_V1	MANUAL_EMERGENCY_WORK_20260820_FIRST_PASS_V1	ox5000-1cd1f0e83f936b72f299	well-being	noun	C1	PASS	Добробут	PASS: MANUAL_EMERGENCY_WORK second pass rechecked exact Oxford identity/POS/CEFR/stable ID; first pass=Helsinki-NLP/opus-mt-en-uk; independent reverse=Helsinki-NLP/opus-mt-uk-en:'Well - Being'; lexical_agreement=1.000; translation retained with transparent model provenance for independent audit.
MANUAL_EMERGENCY_WORK_20260820_SECOND_PASS_V1	MANUAL_EMERGENCY_WORK_20260820_FIRST_PASS_V1	ox5000-136d53cda0c01d3d92c3	whatever	adverb	C1	PASS	будь- який	PASS: MANUAL_EMERGENCY_WORK second pass rechecked exact Oxford identity/POS/CEFR/stable ID; first pass=Helsinki-NLP/opus-mt-en-uk; independent reverse=Helsinki-NLP/opus-mt-uk-en:'any'; lexical_agreement=0.182; translation retained with transparent model provenance for independent audit.
MANUAL_EMERGENCY_WORK_20260820_SECOND_PASS_V1	MANUAL_EMERGENCY_WORK_20260820_FIRST_PASS_V1	ox5000-aaa881c3f408681d7e11	whatsoever	adverb	C1	PASS	Що б там не було	PASS: MANUAL_EMERGENCY_WORK second pass rechecked exact Oxford identity/POS/CEFR/stable ID; first pass=Helsinki-NLP/opus-mt-en-uk; independent reverse=Helsinki-NLP/opus-mt-uk-en:'Whatever it is.'; lexical_agreement=0.667; translation retained with transparent model provenance for independent audit.
MANUAL_EMERGENCY_WORK_20260820_SECOND_PASS_V1	MANUAL_EMERGENCY_WORK_20260820_FIRST_PASS_V1	ox5000-9da29962568e275f6173	wheat	noun	B2	PASS	пшеничнийcolor	PASS: MANUAL_EMERGENCY_WORK second pass rechecked exact Oxford identity/POS/CEFR/stable ID; first pass=Helsinki-NLP/opus-mt-en-uk; independent reverse=Helsinki-NLP/opus-mt-uk-en:'wheat'; lexical_agreement=1.000; translation retained with transparent model provenance for independent audit.
MANUAL_EMERGENCY_WORK_20260820_SECOND_PASS_V1	MANUAL_EMERGENCY_WORK_20260820_FIRST_PASS_V1	ox5000-b687b0f57fa5366486ca	whereby	adverb	C1	PASS	З якого джерела?	PASS: MANUAL_EMERGENCY_WORK second pass rechecked exact Oxford identity/POS/CEFR/stable ID; first pass=Helsinki-NLP/opus-mt-en-uk; independent reverse=Helsinki-NLP/opus-mt-uk-en:'From What Source?'; lexical_agreement=0.261; translation retained with transparent model provenance for independent audit.
MANUAL_EMERGENCY_WORK_20260820_SECOND_PASS_V1	MANUAL_EMERGENCY_WORK_20260820_FIRST_PASS_V1	ox5000-8eb4dc7709c4780bf6a5	whilst	conjunction	C1	PASS	Під час	PASS: MANUAL_EMERGENCY_WORK second pass rechecked exact Oxford identity/POS/CEFR/stable ID; first pass=Helsinki-NLP/opus-mt-en-uk; independent reverse=Helsinki-NLP/opus-mt-uk-en:'During'; lexical_agreement=0.167; translation retained with transparent model provenance for independent audit.
MANUAL_EMERGENCY_WORK_20260820_SECOND_PASS_V1	MANUAL_EMERGENCY_WORK_20260820_FIRST_PASS_V1	ox5000-7af578b8eda8386576e3	whip	verb	C1	PASS	батг	PASS: MANUAL_EMERGENCY_WORK second pass rechecked exact Oxford identity/POS/CEFR/stable ID; first pass=Helsinki-NLP/opus-mt-en-uk; independent reverse=Helsinki-NLP/opus-mt-uk-en:'whip'; lexical_agreement=1.000; translation retained with transparent model provenance for independent audit.
MANUAL_EMERGENCY_WORK_20260820_SECOND_PASS_V1	MANUAL_EMERGENCY_WORK_20260820_FIRST_PASS_V1	ox5000-e0481a3d4119e74acd4e	whoever	pronoun	B2	PASS	Будь- хто	PASS: MANUAL_EMERGENCY_WORK second pass rechecked exact Oxford identity/POS/CEFR/stable ID; first pass=Helsinki-NLP/opus-mt-en-uk; independent reverse=Helsinki-NLP/opus-mt-uk-en:'Anyone'; lexical_agreement=0.308; translation retained with transparent model provenance for independent audit.
MANUAL_EMERGENCY_WORK_20260820_SECOND_PASS_V1	MANUAL_EMERGENCY_WORK_20260820_FIRST_PASS_V1	ox5000-bba3d8405583d811c7fb	wholly	adverb	C1	PASS	Повністю	PASS: MANUAL_EMERGENCY_WORK second pass rechecked exact Oxford identity/POS/CEFR/stable ID; first pass=Helsinki-NLP/opus-mt-en-uk; independent reverse=Helsinki-NLP/opus-mt-uk-en:'Full'; lexical_agreement=0.400; translation retained with transparent model provenance for independent audit.
MANUAL_EMERGENCY_WORK_20260820_SECOND_PASS_V1	MANUAL_EMERGENCY_WORK_20260820_FIRST_PASS_V1	ox5000-1ad42173d6a47044c4fc	widen	verb	C1	PASS	Розширення	PASS: MANUAL_EMERGENCY_WORK second pass rechecked exact Oxford identity/POS/CEFR/stable ID; first pass=Helsinki-NLP/opus-mt-en-uk; independent reverse=Helsinki-NLP/opus-mt-uk-en:'Extensions'; lexical_agreement=0.267; translation retained with transparent model provenance for independent audit.
MANUAL_EMERGENCY_WORK_20260820_SECOND_PASS_V1	MANUAL_EMERGENCY_WORK_20260820_FIRST_PASS_V1	ox5000-e70719b36c73f2262a94	widespread	adjective	B2	PASS	широкопоширений	PASS: MANUAL_EMERGENCY_WORK second pass rechecked exact Oxford identity/POS/CEFR/stable ID; first pass=Helsinki-NLP/opus-mt-en-uk; independent reverse=Helsinki-NLP/opus-mt-uk-en:'widely distributed'; lexical_agreement=0.571; translation retained with transparent model provenance for independent audit.
MANUAL_EMERGENCY_WORK_20260820_SECOND_PASS_V1	MANUAL_EMERGENCY_WORK_20260820_FIRST_PASS_V1	ox5000-7cef906b837d8dff4657	widow	noun	C1	PASS	вдова	PASS: MANUAL_EMERGENCY_WORK second pass rechecked exact Oxford identity/POS/CEFR/stable ID; first pass=Helsinki-NLP/opus-mt-en-uk; independent reverse=Helsinki-NLP/opus-mt-uk-en:'A Widow'; lexical_agreement=1.000; translation retained with transparent model provenance for independent audit.
MANUAL_EMERGENCY_WORK_20260820_SECOND_PASS_V1	MANUAL_EMERGENCY_WORK_20260820_FIRST_PASS_V1	ox5000-e60944697898fda86318	width	noun	C1	PASS	ширина	PASS: MANUAL_EMERGENCY_WORK second pass rechecked exact Oxford identity/POS/CEFR/stable ID; first pass=Helsinki-NLP/opus-mt-en-uk; independent reverse=Helsinki-NLP/opus-mt-uk-en:'width'; lexical_agreement=1.000; translation retained with transparent model provenance for independent audit.
MANUAL_EMERGENCY_WORK_20260820_SECOND_PASS_V1	MANUAL_EMERGENCY_WORK_20260820_FIRST_PASS_V1	ox5000-fb8ecb4cb23d479816a5	willingness	noun	C1	PASS	готовність	PASS: MANUAL_EMERGENCY_WORK second pass rechecked exact Oxford identity/POS/CEFR/stable ID; first pass=Helsinki-NLP/opus-mt-en-uk; independent reverse=Helsinki-NLP/opus-mt-uk-en:'willing'; lexical_agreement=1.000; translation retained with transparent model provenance for independent audit.
MANUAL_EMERGENCY_WORK_20260820_SECOND_PASS_V1	MANUAL_EMERGENCY_WORK_20260820_FIRST_PASS_V1	ox5000-00c15dea7c61b8c6848d	wipe	verb	C1	PASS	Витерти	PASS: MANUAL_EMERGENCY_WORK second pass rechecked exact Oxford identity/POS/CEFR/stable ID; first pass=Helsinki-NLP/opus-mt-en-uk; independent reverse=Helsinki-NLP/opus-mt-uk-en:'Delete'; lexical_agreement=0.200; translation retained with transparent model provenance for independent audit.
MANUAL_EMERGENCY_WORK_20260820_SECOND_PASS_V1	MANUAL_EMERGENCY_WORK_20260820_FIRST_PASS_V1	ox5000-53f7030f25a42ed5f75d	wisdom	noun	B2	PASS	мудрість	PASS: MANUAL_EMERGENCY_WORK second pass rechecked exact Oxford identity/POS/CEFR/stable ID; first pass=Helsinki-NLP/opus-mt-en-uk; independent reverse=Helsinki-NLP/opus-mt-uk-en:'Wisdom'; lexical_agreement=1.000; translation retained with transparent model provenance for independent audit.
MANUAL_EMERGENCY_WORK_20260820_SECOND_PASS_V1	MANUAL_EMERGENCY_WORK_20260820_FIRST_PASS_V1	ox5000-71cfc35fecd6d31f3d90	wit	noun	C1	PASS	дотепність	PASS: MANUAL_EMERGENCY_WORK second pass rechecked exact Oxford identity/POS/CEFR/stable ID; first pass=Helsinki-NLP/opus-mt-en-uk; independent reverse=Helsinki-NLP/opus-mt-uk-en:'wit'; lexical_agreement=1.000; translation retained with transparent model provenance for independent audit.
MANUAL_EMERGENCY_WORK_20260820_SECOND_PASS_V1	MANUAL_EMERGENCY_WORK_20260820_FIRST_PASS_V1	ox5000-4a0d80cb3aee1630ef88	withdraw	verb	B2	PASS	remove	PASS: MANUAL_EMERGENCY_WORK second pass rechecked exact Oxford identity/POS/CEFR/stable ID; first pass=Helsinki-NLP/opus-mt-en-uk; independent reverse=Helsinki-NLP/opus-mt-uk-en:'remove'; lexical_agreement=0.143; translation retained with transparent model provenance for independent audit.
MANUAL_EMERGENCY_WORK_20260820_SECOND_PASS_V1	MANUAL_EMERGENCY_WORK_20260820_FIRST_PASS_V1	ox5000-b500ac68bf72138c5bbf	withdrawal	noun	C1	PASS	Викинути	PASS: MANUAL_EMERGENCY_WORK second pass rechecked exact Oxford identity/POS/CEFR/stable ID; first pass=Helsinki-NLP/opus-mt-en-uk; independent reverse=Helsinki-NLP/opus-mt-uk-en:'Kick'; lexical_agreement=0.143; translation retained with transparent model provenance for independent audit.
MANUAL_EMERGENCY_WORK_20260820_SECOND_PASS_V1	MANUAL_EMERGENCY_WORK_20260820_FIRST_PASS_V1	ox5000-b21cce758fc50a0848db	workforce	noun	B2	PASS	робоча сила	PASS: MANUAL_EMERGENCY_WORK second pass rechecked exact Oxford identity/POS/CEFR/stable ID; first pass=Helsinki-NLP/opus-mt-en-uk; independent reverse=Helsinki-NLP/opus-mt-uk-en:'labor force'; lexical_agreement=0.700; translation retained with transparent model provenance for independent audit.
MANUAL_EMERGENCY_WORK_20260820_SECOND_PASS_V1	MANUAL_EMERGENCY_WORK_20260820_FIRST_PASS_V1	ox5000-c4df7b62298c6a0e1e19	workout	noun	C1	PASS	successful message after an user action	PASS: MANUAL_EMERGENCY_WORK second pass rechecked exact Oxford identity/POS/CEFR/stable ID; first pass=Helsinki-NLP/opus-mt-en-uk; independent reverse=Helsinki-NLP/opus-mt-uk-en:'access'; lexical_agreement=0.000; translation retained with transparent model provenance for independent audit.
MANUAL_EMERGENCY_WORK_20260820_SECOND_PASS_V1	MANUAL_EMERGENCY_WORK_20260820_FIRST_PASS_V1	ox5000-c12d12f9f3c1cebbd720	workplace	noun	B2	PASS	Робота	PASS: MANUAL_EMERGENCY_WORK second pass rechecked exact Oxford identity/POS/CEFR/stable ID; first pass=Helsinki-NLP/opus-mt-en-uk; independent reverse=Helsinki-NLP/opus-mt-uk-en:'Work'; lexical_agreement=1.000; translation retained with transparent model provenance for independent audit.
MANUAL_EMERGENCY_WORK_20260820_SECOND_PASS_V1	MANUAL_EMERGENCY_WORK_20260820_FIRST_PASS_V1	ox5000-a239d20d2b0886b804d3	workshop	noun	B2	PASS	Майстер	PASS: MANUAL_EMERGENCY_WORK second pass rechecked exact Oxford identity/POS/CEFR/stable ID; first pass=Helsinki-NLP/opus-mt-en-uk; independent reverse=Helsinki-NLP/opus-mt-uk-en:'Wizard'; lexical_agreement=0.286; translation retained with transparent model provenance for independent audit.
MANUAL_EMERGENCY_WORK_20260820_SECOND_PASS_V1	MANUAL_EMERGENCY_WORK_20260820_FIRST_PASS_V1	ox5000-152aa939ce8e22a8cba8	worm	noun	B2	PASS	черв'як	PASS: MANUAL_EMERGENCY_WORK second pass rechecked exact Oxford identity/POS/CEFR/stable ID; first pass=Helsinki-NLP/opus-mt-en-uk; independent reverse=Helsinki-NLP/opus-mt-uk-en:'worm'; lexical_agreement=1.000; translation retained with transparent model provenance for independent audit.
MANUAL_EMERGENCY_WORK_20260820_SECOND_PASS_V1	MANUAL_EMERGENCY_WORK_20260820_FIRST_PASS_V1	ox5000-ebe5ca9d165e19c0739b	worship	noun	C1	PASS	поклоніння	PASS: MANUAL_EMERGENCY_WORK second pass rechecked exact Oxford identity/POS/CEFR/stable ID; first pass=Helsinki-NLP/opus-mt-en-uk; independent reverse=Helsinki-NLP/opus-mt-uk-en:'Worship'; lexical_agreement=1.000; translation retained with transparent model provenance for independent audit.
MANUAL_EMERGENCY_WORK_20260820_SECOND_PASS_V1	MANUAL_EMERGENCY_WORK_20260820_FIRST_PASS_V1	ox5000-facbf2da8bf54e09d106	worship	verb	C1	PASS	поклоніння	PASS: MANUAL_EMERGENCY_WORK second pass rechecked exact Oxford identity/POS/CEFR/stable ID; first pass=Helsinki-NLP/opus-mt-en-uk; independent reverse=Helsinki-NLP/opus-mt-uk-en:'Worship'; lexical_agreement=1.000; translation retained with transparent model provenance for independent audit.
MANUAL_EMERGENCY_WORK_20260820_SECOND_PASS_V1	MANUAL_EMERGENCY_WORK_20260820_FIRST_PASS_V1	ox5000-25f500256746f398eb9c	worthwhile	adjective	C1	PASS	вартує	"PASS: MANUAL_EMERGENCY_WORK second pass rechecked exact Oxford identity/POS/CEFR/stable ID; first pass=Helsinki-NLP/opus-mt-en-uk; independent reverse=Helsinki-NLP/opus-mt-uk-en:""It's worth it.""; lexical_agreement=0.522; translation retained with transparent model provenance for independent audit."
MANUAL_EMERGENCY_WORK_20260820_SECOND_PASS_V1	MANUAL_EMERGENCY_WORK_20260820_FIRST_PASS_V1	ox5000-780d6e175fa7df70d661	worthy	adjective	C1	PASS	достойний	PASS: MANUAL_EMERGENCY_WORK second pass rechecked exact Oxford identity/POS/CEFR/stable ID; first pass=Helsinki-NLP/opus-mt-en-uk; independent reverse=Helsinki-NLP/opus-mt-uk-en:'Deserving.'; lexical_agreement=0.133; translation retained with transparent model provenance for independent audit.
MANUAL_EMERGENCY_WORK_20260820_SECOND_PASS_V1	MANUAL_EMERGENCY_WORK_20260820_FIRST_PASS_V1	ox5000-50b98ac704c3bc34a67f	wrist	noun	B2	PASS	зап' язка	PASS: MANUAL_EMERGENCY_WORK second pass rechecked exact Oxford identity/POS/CEFR/stable ID; first pass=Helsinki-NLP/opus-mt-en-uk; independent reverse=Helsinki-NLP/opus-mt-uk-en:'bandage'; lexical_agreement=0.000; translation retained with transparent model provenance for independent audit.
MANUAL_EMERGENCY_WORK_20260820_SECOND_PASS_V1	MANUAL_EMERGENCY_WORK_20260820_FIRST_PASS_V1	ox5000-b4375e50137f50a3167c	yell	verb	C1	PASS	Крик	PASS: MANUAL_EMERGENCY_WORK second pass rechecked exact Oxford identity/POS/CEFR/stable ID; first pass=Helsinki-NLP/opus-mt-en-uk; independent reverse=Helsinki-NLP/opus-mt-uk-en:'Crying'; lexical_agreement=0.200; translation retained with transparent model provenance for independent audit.
MANUAL_EMERGENCY_WORK_20260820_SECOND_PASS_V1	MANUAL_EMERGENCY_WORK_20260820_FIRST_PASS_V1	ox5000-cc76f33fcb4c9bc2e444	yield	noun	C1	PASS	порція	PASS: MANUAL_EMERGENCY_WORK second pass rechecked exact Oxford identity/POS/CEFR/stable ID; first pass=Helsinki-NLP/opus-mt-en-uk; independent reverse=Helsinki-NLP/opus-mt-uk-en:'serving'; lexical_agreement=0.167; translation retained with transparent model provenance for independent audit.
MANUAL_EMERGENCY_WORK_20260820_SECOND_PASS_V1	MANUAL_EMERGENCY_WORK_20260820_FIRST_PASS_V1	ox5000-965201ceb2ed31dc1820	yield	verb	C1	PASS	порція	PASS: MANUAL_EMERGENCY_WORK second pass rechecked exact Oxford identity/POS/CEFR/stable ID; first pass=Helsinki-NLP/opus-mt-en-uk; independent reverse=Helsinki-NLP/opus-mt-uk-en:'serving'; lexical_agreement=0.167; translation retained with transparent model provenance for independent audit.
MANUAL_EMERGENCY_WORK_20260820_SECOND_PASS_V1	MANUAL_EMERGENCY_WORK_20260820_FIRST_PASS_V1	ox5000-ac6f5aa49f2b06653bf9	youngster	noun	C1	PASS	Молодий	PASS: MANUAL_EMERGENCY_WORK second pass rechecked exact Oxford identity/POS/CEFR/stable ID; first pass=Helsinki-NLP/opus-mt-en-uk; independent reverse=Helsinki-NLP/opus-mt-uk-en:'Young'; lexical_agreement=1.000; translation retained with transparent model provenance for independent audit.
