entry_id	source	part_of_speech	level	status	ukrainian	official_source	source_check	data_factory_run_id	content_qa_run_id	qa_reason
ox5000-6cb94901ee4c66a30fb3	bold	adjective	B2	verified	жирний (підприємець): сміливий і впевнений; не боїться говорити про свої почуття або йти на ризик	https://www.oxfordlearnersdictionaries.com/us/definition/english/bold_1	MANUAL_EMERGENCY_WORK V3 exact Oxford identity; source_index=593; definition_path=/us/definition/english/bold_1; stable_id=PASS; exact_definition='brave and confident; not afraid to say what you feel or to take risks'; selected_candidate_method=Helsinki-NLP/opus-mt-en-uk_contextual_definition_candidate	MANUAL_EMERGENCY_WORK_20260820_FIRST_PASS_V3_round01	MANUAL_EMERGENCY_WORK_20260820_SECOND_PASS_V3_round01	PASS: source-grounded second pass; method=Helsinki-NLP/opus-mt-en-uk_contextual_definition_candidate; exact Oxford definition='brave and confident; not afraid to say what you feel or to take risks'; candidate='жирний (підприємець): сміливий і впевнений; не боїться говорити про свої почуття або йти на ризик'; reverse='bold and confident; not afraid to talk about your feelings or take risks'; lexical=1.000; candidate_definition_similarity=0.706; reverse_definition_similarity=0.897; semantic=0.897; POS/language checks PASS.
ox5000-336cd82ab74183c72edd	bombing	noun	B2	verified	бомбува́ння	https://www.oxfordlearnersdictionaries.com/us/definition/english/bombing	MANUAL_EMERGENCY_WORK V3 exact Oxford identity; source_index=596; definition_path=/us/definition/english/bombing; stable_id=PASS; exact_definition='an occasion when a bomb is dropped or left somewhere; the act of doing this'; selected_candidate_method=en_wiktionary_matching_pos_uk_translation	MANUAL_EMERGENCY_WORK_20260820_FIRST_PASS_V3_round01	MANUAL_EMERGENCY_WORK_20260820_SECOND_PASS_V3_round01	PASS: source-grounded second pass; method=en_wiktionary_matching_pos_uk_translation; exact Oxford definition='an occasion when a bomb is dropped or left somewhere; the act of doing this'; candidate='бомбува́ння'; reverse='bombing'; lexical=1.000; candidate_definition_similarity=0.764; reverse_definition_similarity=0.694; semantic=0.764; POS/language checks PASS.
ox5000-f36df4a285a808895f17	brick	noun	B2	verified	Цегла (нун): випалена глина, яку використовують для будівництва стін, будинків та інших будівель; окремий блок цього	https://www.oxfordlearnersdictionaries.com/us/definition/english/brick_1	MANUAL_EMERGENCY_WORK V3 exact Oxford identity; source_index=648; definition_path=/us/definition/english/brick_1; stable_id=PASS; exact_definition='baked clay used for building walls, houses and other buildings; an individual block of this'; selected_candidate_method=Helsinki-NLP/opus-mt-en-uk_contextual_definition_candidate	MANUAL_EMERGENCY_WORK_20260820_FIRST_PASS_V3_round01	MANUAL_EMERGENCY_WORK_20260820_SECOND_PASS_V3_round01	PASS: source-grounded second pass; method=Helsinki-NLP/opus-mt-en-uk_contextual_definition_candidate; exact Oxford definition='baked clay used for building walls, houses and other buildings; an individual block of this'; candidate='Цегла (нун): випалена глина, яку використовують для будівництва стін, будинків та інших будівель; окремий блок цього'; reverse='Bricks (nun): burned clay used to build walls, houses, and other buildings; separate blocks of this'; lexical=1.000; candidate_definition_similarity=0.881; reverse_definition_similarity=0.840; semantic=0.881; POS/language checks PASS.
ox5000-c8c42d98d7e616f8064a	briefly	adverb	B2	verified	короткий час	https://www.oxfordlearnersdictionaries.com/us/definition/english/briefly	MANUAL_EMERGENCY_WORK V3 exact Oxford identity; source_index=652; definition_path=/us/definition/english/briefly; stable_id=PASS; exact_definition='for a short time'; selected_candidate_method=Helsinki-NLP/opus-mt-en-uk_surface_candidate	MANUAL_EMERGENCY_WORK_20260820_FIRST_PASS_V3_round01	MANUAL_EMERGENCY_WORK_20260820_SECOND_PASS_V3_round01	PASS: source-grounded second pass; method=Helsinki-NLP/opus-mt-en-uk_surface_candidate; exact Oxford definition='for a short time'; candidate='короткий час'; reverse='short time'; lexical=0.353; candidate_definition_similarity=0.879; reverse_definition_similarity=0.799; semantic=0.879; POS/language checks PASS.
ox5000-a29b52dd76fad8a77358	broadcaster	noun	B2	verified	трансляція	https://www.oxfordlearnersdictionaries.com/us/definition/english/broadcaster	MANUAL_EMERGENCY_WORK V3 exact Oxford identity; source_index=660; definition_path=/us/definition/english/broadcaster; stable_id=PASS; exact_definition='a person whose job is presenting or talking on television or radio programmes'; selected_candidate_method=Helsinki-NLP/opus-mt-en-uk_surface_candidate	MANUAL_EMERGENCY_WORK_20260820_FIRST_PASS_V3_round01	MANUAL_EMERGENCY_WORK_20260820_SECOND_PASS_V3_round01	PASS: source-grounded second pass; method=Helsinki-NLP/opus-mt-en-uk_surface_candidate; exact Oxford definition='a person whose job is presenting or talking on television or radio programmes'; candidate='трансляція'; reverse='broadcast'; lexical=1.000; candidate_definition_similarity=0.428; reverse_definition_similarity=0.512; semantic=0.512; POS/language checks PASS.
ox5000-b575091301cde0aab47c	canal	noun	B2	verified	кана́л	https://www.oxfordlearnersdictionaries.com/us/definition/english/canal	MANUAL_EMERGENCY_WORK V3 exact Oxford identity; source_index=722; definition_path=/us/definition/english/canal; stable_id=PASS; exact_definition='a long straight passage dug in the ground and filled with water for boats and ships to travel along; a smaller passage used for carrying water to fields, crops, etc.'; selected_candidate_method=en_wiktionary_matching_pos_uk_translation	MANUAL_EMERGENCY_WORK_20260820_FIRST_PASS_V3_round01	MANUAL_EMERGENCY_WORK_20260820_SECOND_PASS_V3_round01	PASS: source-grounded second pass; method=en_wiktionary_matching_pos_uk_translation; exact Oxford definition='a long straight passage dug in the ground and filled with water for boats and ships to travel along; a smaller passage used for carrying water to fields, crops, etc.'; candidate='кана́л'; reverse='canal'; lexical=1.000; candidate_definition_similarity=0.166; reverse_definition_similarity=0.448; semantic=0.448; POS/language checks PASS.
ox5000-6c90d20f57eaa3951076	candle	noun	B2	verified	свічка (ноун): кругла паличка з віском з шматком струни (що називається ґнотом) через середину, що освітлена, щоб світити, коли вона горить.	https://www.oxfordlearnersdictionaries.com/us/definition/english/candle	MANUAL_EMERGENCY_WORK V3 exact Oxford identity; source_index=726; definition_path=/us/definition/english/candle; stable_id=PASS; exact_definition='a round stick of wax with a piece of string (called a wick ) through the middle that is lit to give light as it burns'; selected_candidate_method=Helsinki-NLP/opus-mt-en-uk_contextual_definition_candidate	MANUAL_EMERGENCY_WORK_20260820_FIRST_PASS_V3_round01	MANUAL_EMERGENCY_WORK_20260820_SECOND_PASS_V3_round01	PASS: source-grounded second pass; method=Helsinki-NLP/opus-mt-en-uk_contextual_definition_candidate; exact Oxford definition='a round stick of wax with a piece of string (called a wick ) through the middle that is lit to give light as it burns'; candidate='свічка (ноун): кругла паличка з віском з шматком струни (що називається ґнотом) через середину, що освітлена, щоб світити, коли вона горить.'; reverse='candle (nun): A round stick with a piece of string (called a gnoth) through the middle, lit to shine when it burns.'; lexical=1.000; candidate_definition_similarity=0.807; reverse_definition_similarity=0.795; semantic=0.807; POS/language checks PASS.
ox5000-aadc5f65541eae6cccd0	carbon	noun	B2	verified	Вуглець (нуун): хімічний елемент. Вуглець міститься у всіх живих істотах, що існують у чистому стані як діамант і графіт.	https://www.oxfordlearnersdictionaries.com/us/definition/english/carbon	MANUAL_EMERGENCY_WORK V3 exact Oxford identity; source_index=741; definition_path=/us/definition/english/carbon; stable_id=PASS; exact_definition='a chemical element. Carbon is found in all living things, existing in a pure state as diamond and graphite .'; selected_candidate_method=Helsinki-NLP/opus-mt-en-uk_contextual_definition_candidate	MANUAL_EMERGENCY_WORK_20260820_FIRST_PASS_V3_round01	MANUAL_EMERGENCY_WORK_20260820_SECOND_PASS_V3_round01	PASS: source-grounded second pass; method=Helsinki-NLP/opus-mt-en-uk_contextual_definition_candidate; exact Oxford definition='a chemical element. Carbon is found in all living things, existing in a pure state as diamond and graphite .'; candidate='Вуглець (нуун): хімічний елемент. Вуглець міститься у всіх живих істотах, що існують у чистому стані як діамант і графіт.'; reverse='Carbon: a chemical element. Carbon is found in all living things that exist in a clean state like diamonds and graphite.'; lexical=1.000; candidate_definition_similarity=0.913; reverse_definition_similarity=0.940; semantic=0.940; POS/language checks PASS.
ox5000-2f11663a968a94ccb406	cave	noun	B2	verified	печера (нуун): велика яма на боці пагорба або скелі або під землею.	https://www.oxfordlearnersdictionaries.com/us/definition/english/cave_1	MANUAL_EMERGENCY_WORK V3 exact Oxford identity; source_index=775; definition_path=/us/definition/english/cave_1; stable_id=PASS; exact_definition='a large hole in the side of a hill or cliff or under the ground'; selected_candidate_method=Helsinki-NLP/opus-mt-en-uk_contextual_definition_candidate	MANUAL_EMERGENCY_WORK_20260820_FIRST_PASS_V3_round01	MANUAL_EMERGENCY_WORK_20260820_SECOND_PASS_V3_round01	PASS: source-grounded second pass; method=Helsinki-NLP/opus-mt-en-uk_contextual_definition_candidate; exact Oxford definition='a large hole in the side of a hill or cliff or under the ground'; candidate='печера (нуун): велика яма на боці пагорба або скелі або під землею.'; reverse='Cave (nuun): A large hole on the side of a hill or of a rock or under the ground.'; lexical=1.000; candidate_definition_similarity=0.796; reverse_definition_similarity=0.784; semantic=0.796; POS/language checks PASS.
ox5000-1a9ae9f38cefadbdbe69	certainty	noun	B2	verified	певність (ніуун): стан певності	https://www.oxfordlearnersdictionaries.com/us/definition/english/certainty	MANUAL_EMERGENCY_WORK V3 exact Oxford identity; source_index=792; definition_path=/us/definition/english/certainty; stable_id=PASS; exact_definition='the state of being certain'; selected_candidate_method=Helsinki-NLP/opus-mt-en-uk_contextual_definition_candidate	MANUAL_EMERGENCY_WORK_20260820_FIRST_PASS_V3_round01	MANUAL_EMERGENCY_WORK_20260820_SECOND_PASS_V3_round01	PASS: source-grounded second pass; method=Helsinki-NLP/opus-mt-en-uk_contextual_definition_candidate; exact Oxford definition='the state of being certain'; candidate='певність (ніуун): стан певності'; reverse='confidence (Nown): certainty'; lexical=1.000; candidate_definition_similarity=0.733; reverse_definition_similarity=0.640; semantic=0.733; POS/language checks PASS.
ox5000-f65ec664052307d40e5e	certificate	noun	B2	verified	сертифікат (ніун): офіційний документ, який може бути використано для підтвердження того, що факти, які він містить, є істинами	https://www.oxfordlearnersdictionaries.com/us/definition/english/certificate_1	MANUAL_EMERGENCY_WORK V3 exact Oxford identity; source_index=793; definition_path=/us/definition/english/certificate_1; stable_id=PASS; exact_definition='an official document that may be used to prove that the facts it states are true'; selected_candidate_method=Helsinki-NLP/opus-mt-en-uk_contextual_definition_candidate	MANUAL_EMERGENCY_WORK_20260820_FIRST_PASS_V3_round01	MANUAL_EMERGENCY_WORK_20260820_SECOND_PASS_V3_round01	PASS: source-grounded second pass; method=Helsinki-NLP/opus-mt-en-uk_contextual_definition_candidate; exact Oxford definition='an official document that may be used to prove that the facts it states are true'; candidate='сертифікат (ніун): офіційний документ, який може бути використано для підтвердження того, що факти, які він містить, є істинами'; reverse='certificate (Neun): an official document that can be used to confirm that the facts it contains are true'; lexical=1.000; candidate_definition_similarity=0.843; reverse_definition_similarity=0.771; semantic=0.843; POS/language checks PASS.
ox5000-d11e4137c39c91300aa9	challenging	adjective	B2	verified	складний	https://www.oxfordlearnersdictionaries.com/us/definition/english/challenging	MANUAL_EMERGENCY_WORK V3 exact Oxford identity; source_index=801; definition_path=/us/definition/english/challenging; stable_id=PASS; exact_definition='difficult in an interesting way that tests your ability'; selected_candidate_method=Helsinki-NLP/opus-mt-en-uk_surface_candidate	MANUAL_EMERGENCY_WORK_20260820_FIRST_PASS_V3_round01	MANUAL_EMERGENCY_WORK_20260820_SECOND_PASS_V3_round01	PASS: source-grounded second pass; method=Helsinki-NLP/opus-mt-en-uk_surface_candidate; exact Oxford definition='difficult in an interesting way that tests your ability'; candidate='складний'; reverse='complex'; lexical=0.333; candidate_definition_similarity=0.417; reverse_definition_similarity=0.249; semantic=0.417; POS/language checks PASS.
ox5000-371ffb23c06cf5d1b8ef	championship	noun	B2	verified	Чемпіонат (нуун): конкуренція, щоб знайти найкращого гравця або команду у певному спорті	https://www.oxfordlearnersdictionaries.com/us/definition/english/championship	MANUAL_EMERGENCY_WORK V3 exact Oxford identity; source_index=804; definition_path=/us/definition/english/championship; stable_id=PASS; exact_definition='a competition to find the best player or team in a particular sport'; selected_candidate_method=Helsinki-NLP/opus-mt-en-uk_contextual_definition_candidate	MANUAL_EMERGENCY_WORK_20260820_FIRST_PASS_V3_round01	MANUAL_EMERGENCY_WORK_20260820_SECOND_PASS_V3_round01	PASS: source-grounded second pass; method=Helsinki-NLP/opus-mt-en-uk_contextual_definition_candidate; exact Oxford definition='a competition to find the best player or team in a particular sport'; candidate='Чемпіонат (нуун): конкуренція, щоб знайти найкращого гравця або команду у певному спорті'; reverse='Champion: A contest to find the best player or team in a certain sport'; lexical=0.296; candidate_definition_similarity=0.935; reverse_definition_similarity=0.905; semantic=0.935; POS/language checks PASS.
ox5000-aa38df2298e6ecac59b2	charming	adjective	B2	verified	чарівна (примітка): дуже приємна або приваблива	https://www.oxfordlearnersdictionaries.com/us/definition/english/charming	MANUAL_EMERGENCY_WORK V3 exact Oxford identity; source_index=819; definition_path=/us/definition/english/charming; stable_id=PASS; exact_definition='very pleasant or attractive'; selected_candidate_method=Helsinki-NLP/opus-mt-en-uk_contextual_definition_candidate	MANUAL_EMERGENCY_WORK_20260820_FIRST_PASS_V3_round01	MANUAL_EMERGENCY_WORK_20260820_SECOND_PASS_V3_round01	PASS: source-grounded second pass; method=Helsinki-NLP/opus-mt-en-uk_contextual_definition_candidate; exact Oxford definition='very pleasant or attractive'; candidate='чарівна (примітка): дуже приємна або приваблива'; reverse='charming (note): very pleasant or attractive'; lexical=1.000; candidate_definition_similarity=0.873; reverse_definition_similarity=0.895; semantic=0.895; POS/language checks PASS.
ox5000-9f02d00aa1a75bbfe2ec	cheek	noun	B2	verified	щока (нун): обидві сторони обличчя під очима.	https://www.oxfordlearnersdictionaries.com/us/definition/english/cheek_1	MANUAL_EMERGENCY_WORK V3 exact Oxford identity; source_index=833; definition_path=/us/definition/english/cheek_1; stable_id=PASS; exact_definition='either side of the face below the eyes'; selected_candidate_method=Helsinki-NLP/opus-mt-en-uk_contextual_definition_candidate	MANUAL_EMERGENCY_WORK_20260820_FIRST_PASS_V3_round01	MANUAL_EMERGENCY_WORK_20260820_SECOND_PASS_V3_round01	PASS: source-grounded second pass; method=Helsinki-NLP/opus-mt-en-uk_contextual_definition_candidate; exact Oxford definition='either side of the face below the eyes'; candidate='щока (нун): обидві сторони обличчя під очима.'; reverse='cheek: both sides of the face under the eyes.'; lexical=1.000; candidate_definition_similarity=0.847; reverse_definition_similarity=0.845; semantic=0.847; POS/language checks PASS.
ox5000-4e45db7231a1deb4a27d	choir	noun	B2	verified	хор (нун): група людей, які співають разом, наприклад, під час церковних служб або публічних виступів.	https://www.oxfordlearnersdictionaries.com/us/definition/english/choir	MANUAL_EMERGENCY_WORK V3 exact Oxford identity; source_index=851; definition_path=/us/definition/english/choir; stable_id=PASS; exact_definition='a group of people who sing together, for example in church services or public performances'; selected_candidate_method=Helsinki-NLP/opus-mt-en-uk_contextual_definition_candidate	MANUAL_EMERGENCY_WORK_20260820_FIRST_PASS_V3_round01	MANUAL_EMERGENCY_WORK_20260820_SECOND_PASS_V3_round01	PASS: source-grounded second pass; method=Helsinki-NLP/opus-mt-en-uk_contextual_definition_candidate; exact Oxford definition='a group of people who sing together, for example in church services or public performances'; candidate='хор (нун): група людей, які співають разом, наприклад, під час церковних служб або публічних виступів.'; reverse='choir (nun): a group of people singing together, for example, during church services or public performances.'; lexical=1.000; candidate_definition_similarity=0.872; reverse_definition_similarity=0.830; semantic=0.872; POS/language checks PASS.
ox5000-50c859b7eef5dc7ea1e0	civilization	noun	B2	verified	Цивілізація (нун): дуже розвинений і організований стан людського суспільства.	https://www.oxfordlearnersdictionaries.com/us/definition/english/civilization	MANUAL_EMERGENCY_WORK V3 exact Oxford identity; source_index=873; definition_path=/us/definition/english/civilization; stable_id=PASS; exact_definition='a state of human society that is very developed and organized'; selected_candidate_method=Helsinki-NLP/opus-mt-en-uk_contextual_definition_candidate	MANUAL_EMERGENCY_WORK_20260820_FIRST_PASS_V3_round01	MANUAL_EMERGENCY_WORK_20260820_SECOND_PASS_V3_round01	PASS: source-grounded second pass; method=Helsinki-NLP/opus-mt-en-uk_contextual_definition_candidate; exact Oxford definition='a state of human society that is very developed and organized'; candidate='Цивілізація (нун): дуже розвинений і організований стан людського суспільства.'; reverse='Civilization: a highly developed and organized state of human society.'; lexical=1.000; candidate_definition_similarity=0.848; reverse_definition_similarity=0.910; semantic=0.910; POS/language checks PASS.
ox5000-086a5e82dfa259ffe944	clarify	verb	B2	verified	прояснити	https://www.oxfordlearnersdictionaries.com/us/definition/english/clarify	MANUAL_EMERGENCY_WORK V3 exact Oxford identity; source_index=876; definition_path=/us/definition/english/clarify; stable_id=PASS; exact_definition='to make something clearer or easier to understand'; selected_candidate_method=Helsinki-NLP/opus-mt-en-uk_surface_candidate	MANUAL_EMERGENCY_WORK_20260820_FIRST_PASS_V3_round01	MANUAL_EMERGENCY_WORK_20260820_SECOND_PASS_V3_round01	PASS: source-grounded second pass; method=Helsinki-NLP/opus-mt-en-uk_surface_candidate; exact Oxford definition='to make something clearer or easier to understand'; candidate='прояснити'; reverse='clear'; lexical=0.667; candidate_definition_similarity=0.540; reverse_definition_similarity=0.379; semantic=0.540; POS/language checks PASS.
ox5000-6d64823d57328578c4d4	classify	verb	B2	verified	класифікува́ти	https://www.oxfordlearnersdictionaries.com/us/definition/english/classify	MANUAL_EMERGENCY_WORK V3 exact Oxford identity; source_index=884; definition_path=/us/definition/english/classify; stable_id=PASS; exact_definition='to arrange something in groups according to features that they have in common'; selected_candidate_method=en_wiktionary_matching_pos_uk_translation	MANUAL_EMERGENCY_WORK_20260820_FIRST_PASS_V3_round01	MANUAL_EMERGENCY_WORK_20260820_SECOND_PASS_V3_round01	PASS: source-grounded second pass; method=en_wiktionary_matching_pos_uk_translation; exact Oxford definition='to arrange something in groups according to features that they have in common'; candidate='класифікува́ти'; reverse='classuvats'; lexical=0.556; candidate_definition_similarity=0.434; reverse_definition_similarity=0.253; semantic=0.434; POS/language checks PASS.
ox5000-123000ccb24aad3cb552	clerk	noun	B2	verified	службо́вець	https://www.oxfordlearnersdictionaries.com/us/definition/english/clerk_1	MANUAL_EMERGENCY_WORK V3 exact Oxford identity; source_index=893; definition_path=/us/definition/english/clerk_1; stable_id=PASS; exact_definition='a person whose job is to serve customers in a shop'; selected_candidate_method=en_wiktionary_matching_pos_uk_translation	MANUAL_EMERGENCY_WORK_20260820_FIRST_PASS_V3_round01	MANUAL_EMERGENCY_WORK_20260820_SECOND_PASS_V3_round01	PASS: source-grounded second pass; method=en_wiktionary_matching_pos_uk_translation; exact Oxford definition='a person whose job is to serve customers in a shop'; candidate='службо́вець'; reverse='minister'; lexical=0.308; candidate_definition_similarity=0.499; reverse_definition_similarity=0.199; semantic=0.499; POS/language checks PASS.
ox5000-a57faf81bb42681a8e1a	clip	noun	B2	verified	кліп	https://www.oxfordlearnersdictionaries.com/us/definition/english/clip_1	MANUAL_EMERGENCY_WORK V3 exact Oxford identity; source_index=905; definition_path=/us/definition/english/clip_1; stable_id=PASS; exact_definition='a short part of a film that is shown separately'; selected_candidate_method=Helsinki-NLP/opus-mt-en-uk_surface_candidate	MANUAL_EMERGENCY_WORK_20260820_FIRST_PASS_V3_round01	MANUAL_EMERGENCY_WORK_20260820_SECOND_PASS_V3_round01	PASS: source-grounded second pass; method=Helsinki-NLP/opus-mt-en-uk_surface_candidate; exact Oxford definition='a short part of a film that is shown separately'; candidate='кліп'; reverse='music clip'; lexical=1.000; candidate_definition_similarity=0.540; reverse_definition_similarity=0.449; semantic=0.540; POS/language checks PASS.
ox5000-716808837b74db6359aa	coincidence	noun	B2	verified	збіг обставин (нуун): факт двох подій, що відбуваються в один і той же час, у несподіваний спосіб	https://www.oxfordlearnersdictionaries.com/us/definition/english/coincidence	MANUAL_EMERGENCY_WORK V3 exact Oxford identity; source_index=934; definition_path=/us/definition/english/coincidence; stable_id=PASS; exact_definition='the fact of two things happening at the same time by chance, in a surprising way'; selected_candidate_method=Helsinki-NLP/opus-mt-en-uk_contextual_definition_candidate	MANUAL_EMERGENCY_WORK_20260820_FIRST_PASS_V3_round01	MANUAL_EMERGENCY_WORK_20260820_SECOND_PASS_V3_round01	PASS: source-grounded second pass; method=Helsinki-NLP/opus-mt-en-uk_contextual_definition_candidate; exact Oxford definition='the fact of two things happening at the same time by chance, in a surprising way'; candidate='збіг обставин (нуун): факт двох подій, що відбуваються в один і той же час, у несподіваний спосіб'; reverse='coincidence: the fact of two events occurring at the same time in unexpected ways'; lexical=1.000; candidate_definition_similarity=0.901; reverse_definition_similarity=0.882; semantic=0.901; POS/language checks PASS.
ox5000-8c5031daad7f45108dc2	collector	noun	B2	verified	колекціонер (нуун): людина, яка збирає речі, або як хобі, або як робота.	https://www.oxfordlearnersdictionaries.com/us/definition/english/collector	MANUAL_EMERGENCY_WORK V3 exact Oxford identity; source_index=945; definition_path=/us/definition/english/collector; stable_id=PASS; exact_definition='a person who collects things, either as a hobby or as a job'; selected_candidate_method=Helsinki-NLP/opus-mt-en-uk_contextual_definition_candidate	MANUAL_EMERGENCY_WORK_20260820_FIRST_PASS_V3_round01	MANUAL_EMERGENCY_WORK_20260820_SECOND_PASS_V3_round01	PASS: source-grounded second pass; method=Helsinki-NLP/opus-mt-en-uk_contextual_definition_candidate; exact Oxford definition='a person who collects things, either as a hobby or as a job'; candidate='колекціонер (нуун): людина, яка збирає речі, або як хобі, або як робота.'; reverse='collector (nuun): A person who collects things, either as a hobby or as a job.'; lexical=1.000; candidate_definition_similarity=0.913; reverse_definition_similarity=0.848; semantic=0.913; POS/language checks PASS.
ox5000-d986169e6087570a695b	colony	noun	B2	verified	колонія (нуун): країна або територія, якою керують люди з іншої, більш могутньої країни.	https://www.oxfordlearnersdictionaries.com/us/definition/english/colony	MANUAL_EMERGENCY_WORK V3 exact Oxford identity; source_index=949; definition_path=/us/definition/english/colony; stable_id=PASS; exact_definition='a country or an area that is governed by people from another, more powerful, country'; selected_candidate_method=Helsinki-NLP/opus-mt-en-uk_contextual_definition_candidate	MANUAL_EMERGENCY_WORK_20260820_FIRST_PASS_V3_round01	MANUAL_EMERGENCY_WORK_20260820_SECOND_PASS_V3_round01	PASS: source-grounded second pass; method=Helsinki-NLP/opus-mt-en-uk_contextual_definition_candidate; exact Oxford definition='a country or an area that is governed by people from another, more powerful, country'; candidate='колонія (нуун): країна або територія, якою керують люди з іншої, більш могутньої країни.'; reverse='Colony (nuun): A country or territory ruled by people from another, more powerful country.'; lexical=1.000; candidate_definition_similarity=0.682; reverse_definition_similarity=0.640; semantic=0.682; POS/language checks PASS.
ox5000-e8838df3182b0d30fd61	colourful	adjective	B2	verified	кольоровий	https://www.oxfordlearnersdictionaries.com/us/definition/english/colourful	MANUAL_EMERGENCY_WORK V3 exact Oxford identity; source_index=952; definition_path=/us/definition/english/colourful; stable_id=PASS; exact_definition='full of bright colours or having a lot of different colours'; selected_candidate_method=Helsinki-NLP/opus-mt-en-uk_surface_candidate	MANUAL_EMERGENCY_WORK_20260820_FIRST_PASS_V3_round01	MANUAL_EMERGENCY_WORK_20260820_SECOND_PASS_V3_round01	PASS: source-grounded second pass; method=Helsinki-NLP/opus-mt-en-uk_surface_candidate; exact Oxford definition='full of bright colours or having a lot of different colours'; candidate='кольоровий'; reverse='color'; lexical=0.714; candidate_definition_similarity=0.722; reverse_definition_similarity=0.696; semantic=0.722; POS/language checks PASS.
ox5000-3ef335dbc548cf6ee9a2	comic	noun	B2	verified	комікс (ноун): журнал, зазвичай для дітей, який розповідає історії через малюнки.	https://www.oxfordlearnersdictionaries.com/us/definition/english/comic_2	MANUAL_EMERGENCY_WORK V3 exact Oxford identity; source_index=965; definition_path=/us/definition/english/comic_2; stable_id=PASS; exact_definition='a magazine, usually for children, that tells stories through pictures'; selected_candidate_method=Helsinki-NLP/opus-mt-en-uk_contextual_definition_candidate	MANUAL_EMERGENCY_WORK_20260820_FIRST_PASS_V3_round01	MANUAL_EMERGENCY_WORK_20260820_SECOND_PASS_V3_round01	PASS: source-grounded second pass; method=Helsinki-NLP/opus-mt-en-uk_contextual_definition_candidate; exact Oxford definition='a magazine, usually for children, that tells stories through pictures'; candidate='комікс (ноун): журнал, зазвичай для дітей, який розповідає історії через малюнки.'; reverse='Comic: A journal usually for children who tell stories through pictures.'; lexical=1.000; candidate_definition_similarity=0.791; reverse_definition_similarity=0.781; semantic=0.791; POS/language checks PASS.
ox5000-8088b7e5636be8851c0c	commander	noun	B2	verified	командуючий (нуун): особа відповідальна за якусь справу, а головно офіцер, який наглядав за певною групою вояків або військовими операціями.	https://www.oxfordlearnersdictionaries.com/us/definition/english/commander	MANUAL_EMERGENCY_WORK V3 exact Oxford identity; source_index=968; definition_path=/us/definition/english/commander; stable_id=PASS; exact_definition='a person who is in charge of something, especially an officer in charge of a particular group of soldiers or a military operation'; selected_candidate_method=Helsinki-NLP/opus-mt-en-uk_contextual_definition_candidate	MANUAL_EMERGENCY_WORK_20260820_FIRST_PASS_V3_round01	MANUAL_EMERGENCY_WORK_20260820_SECOND_PASS_V3_round01	PASS: source-grounded second pass; method=Helsinki-NLP/opus-mt-en-uk_contextual_definition_candidate; exact Oxford definition='a person who is in charge of something, especially an officer in charge of a particular group of soldiers or a military operation'; candidate='командуючий (нуун): особа відповідальна за якусь справу, а головно офіцер, який наглядав за певною групою вояків або військовими операціями.'; reverse='Commander (nuun): A person is responsible for a case, especially an officer who oversees a certain group of soldiers or military operations.'; lexical=1.000; candidate_definition_similarity=0.886; reverse_definition_similarity=0.807; semantic=0.886; POS/language checks PASS.
ox5000-39d12fcbbe01c1f981f5	comparative	adjective	B2	verified	порівня́льний	https://www.oxfordlearnersdictionaries.com/us/definition/english/comparative_1	MANUAL_EMERGENCY_WORK V3 exact Oxford identity; source_index=993; definition_path=/us/definition/english/comparative_1; stable_id=PASS; exact_definition='measured or judged by how similar or different it is to something else'; selected_candidate_method=en_wiktionary_matching_pos_uk_translation	MANUAL_EMERGENCY_WORK_20260820_FIRST_PASS_V3_round01	MANUAL_EMERGENCY_WORK_20260820_SECOND_PASS_V3_round01	PASS: source-grounded second pass; method=en_wiktionary_matching_pos_uk_translation; exact Oxford definition='measured or judged by how similar or different it is to something else'; candidate='порівня́льний'; reverse='comparative'; lexical=1.000; candidate_definition_similarity=0.477; reverse_definition_similarity=0.462; semantic=0.477; POS/language checks PASS.
ox5000-3b7af52b2f41a82a1271	completion	noun	B2	verified	завершення (немає): дія або процес завершення; стан завершення і завершення	https://www.oxfordlearnersdictionaries.com/us/definition/english/completion	MANUAL_EMERGENCY_WORK V3 exact Oxford identity; source_index=1014; definition_path=/us/definition/english/completion; stable_id=PASS; exact_definition='the act or process of finishing something; the state of being finished and complete'; selected_candidate_method=Helsinki-NLP/opus-mt-en-uk_contextual_definition_candidate	MANUAL_EMERGENCY_WORK_20260820_FIRST_PASS_V3_round01	MANUAL_EMERGENCY_WORK_20260820_SECOND_PASS_V3_round01	PASS: source-grounded second pass; method=Helsinki-NLP/opus-mt-en-uk_contextual_definition_candidate; exact Oxford definition='the act or process of finishing something; the state of being finished and complete'; candidate='завершення (немає): дія або процес завершення; стан завершення і завершення'; reverse='completion (no): operation or process of completion; completion and completion'; lexical=1.000; candidate_definition_similarity=0.824; reverse_definition_similarity=0.748; semantic=0.824; POS/language checks PASS.
ox5000-9a75af8e33d69fd7d823	composer	noun	B2	verified	композитор (нуун): людина, яка пише музику, особливо класичну музику	https://www.oxfordlearnersdictionaries.com/us/definition/english/composer	MANUAL_EMERGENCY_WORK V3 exact Oxford identity; source_index=1024; definition_path=/us/definition/english/composer; stable_id=PASS; exact_definition='a person who writes music, especially classical music'; selected_candidate_method=Helsinki-NLP/opus-mt-en-uk_contextual_definition_candidate	MANUAL_EMERGENCY_WORK_20260820_FIRST_PASS_V3_round01	MANUAL_EMERGENCY_WORK_20260820_SECOND_PASS_V3_round01	PASS: source-grounded second pass; method=Helsinki-NLP/opus-mt-en-uk_contextual_definition_candidate; exact Oxford definition='a person who writes music, especially classical music'; candidate='композитор (нуун): людина, яка пише музику, особливо класичну музику'; reverse='composer (nuun): Music writer, especially classical music'; lexical=1.000; candidate_definition_similarity=0.920; reverse_definition_similarity=0.885; semantic=0.920; POS/language checks PASS.
ox5000-6836ebe09ea109e5cb9c	comprise	verb	B2	verified	охоплювати	https://www.oxfordlearnersdictionaries.com/us/definition/english/comprise	MANUAL_EMERGENCY_WORK V3 exact Oxford identity; source_index=1028; definition_path=/us/definition/english/comprise; stable_id=PASS; exact_definition='to have somebody/something as parts or members'; selected_candidate_method=en_wiktionary_matching_pos_uk_translation	MANUAL_EMERGENCY_WORK_20260820_FIRST_PASS_V3_round01	MANUAL_EMERGENCY_WORK_20260820_SECOND_PASS_V3_round01	PASS: source-grounded second pass; method=en_wiktionary_matching_pos_uk_translation; exact Oxford definition='to have somebody/something as parts or members'; candidate='охоплювати'; reverse='cover'; lexical=0.462; candidate_definition_similarity=0.461; reverse_definition_similarity=0.195; semantic=0.461; POS/language checks PASS.
ox5000-ab47bcb0aeacbb3a4f2b	compulsory	adjective	B2	verified	обов'язко́вий	https://www.oxfordlearnersdictionaries.com/us/definition/english/compulsory	MANUAL_EMERGENCY_WORK V3 exact Oxford identity; source_index=1031; definition_path=/us/definition/english/compulsory; stable_id=PASS; exact_definition='that must be done because of a law or a rule'; selected_candidate_method=en_wiktionary_matching_pos_uk_translation	MANUAL_EMERGENCY_WORK_20260820_FIRST_PASS_V3_round01	MANUAL_EMERGENCY_WORK_20260820_SECOND_PASS_V3_round01	PASS: source-grounded second pass; method=en_wiktionary_matching_pos_uk_translation; exact Oxford definition='that must be done because of a law or a rule'; candidate="обов'язко́вий"; reverse='army'; lexical=0.286; candidate_definition_similarity=0.507; reverse_definition_similarity=0.115; semantic=0.507; POS/language checks PASS.
ox5000-d782f68d3229c5a378fe	concrete	noun	B2	verified	бетон (нуун): будівельний матеріал, змішаний з цементом, піском, маленькими камінцями і водою.	https://www.oxfordlearnersdictionaries.com/us/definition/english/concrete_2	MANUAL_EMERGENCY_WORK V3 exact Oxford identity; source_index=1049; definition_path=/us/definition/english/concrete_2; stable_id=PASS; exact_definition='building material that is made by mixing together cement , sand, small stones and water'; selected_candidate_method=Helsinki-NLP/opus-mt-en-uk_contextual_definition_candidate	MANUAL_EMERGENCY_WORK_20260820_FIRST_PASS_V3_round01	MANUAL_EMERGENCY_WORK_20260820_SECOND_PASS_V3_round01	PASS: source-grounded second pass; method=Helsinki-NLP/opus-mt-en-uk_contextual_definition_candidate; exact Oxford definition='building material that is made by mixing together cement , sand, small stones and water'; candidate='бетон (нуун): будівельний матеріал, змішаний з цементом, піском, маленькими камінцями і водою.'; reverse='concrete: building materials mixed with cement, sand, small stones, and water'; lexical=1.000; candidate_definition_similarity=0.907; reverse_definition_similarity=0.923; semantic=0.923; POS/language checks PASS.
ox5000-5bc4fd2b67e8c09eca85	confess	verb	B2	verified	Зізнатися	https://www.oxfordlearnersdictionaries.com/us/definition/english/confess	MANUAL_EMERGENCY_WORK V3 exact Oxford identity; source_index=1056; definition_path=/us/definition/english/confess; stable_id=PASS; exact_definition='to admit, especially formally or to the police, that you have done something wrong or illegal'; selected_candidate_method=Helsinki-NLP/opus-mt-en-uk_surface_candidate	MANUAL_EMERGENCY_WORK_20260820_FIRST_PASS_V3_round01	MANUAL_EMERGENCY_WORK_20260820_SECOND_PASS_V3_round01	PASS: source-grounded second pass; method=Helsinki-NLP/opus-mt-en-uk_surface_candidate; exact Oxford definition='to admit, especially formally or to the police, that you have done something wrong or illegal'; candidate='Зізнатися'; reverse='Confess'; lexical=1.000; candidate_definition_similarity=0.472; reverse_definition_similarity=0.433; semantic=0.472; POS/language checks PASS.
ox5000-0af7e2fe2fa36ccfdcac	conservation	noun	B2	verified	Охорона природи (нуун): захист природного середовища.	https://www.oxfordlearnersdictionaries.com/us/definition/english/conservation	MANUAL_EMERGENCY_WORK V3 exact Oxford identity; source_index=1088; definition_path=/us/definition/english/conservation; stable_id=PASS; exact_definition='the protection of the natural environment'; selected_candidate_method=Helsinki-NLP/opus-mt-en-uk_contextual_definition_candidate	MANUAL_EMERGENCY_WORK_20260820_FIRST_PASS_V3_round01	MANUAL_EMERGENCY_WORK_20260820_SECOND_PASS_V3_round01	PASS: source-grounded second pass; method=Helsinki-NLP/opus-mt-en-uk_contextual_definition_candidate; exact Oxford definition='the protection of the natural environment'; candidate='Охорона природи (нуун): захист природного середовища.'; reverse='Conservation of nature (nuun): Protection of the environment.'; lexical=1.000; candidate_definition_similarity=0.927; reverse_definition_similarity=0.904; semantic=0.927; POS/language checks PASS.
ox5000-326407a82f0ca95e4a7e	considerably	adverb	B2	verified	Значно ( прислівник): багато; багато	https://www.oxfordlearnersdictionaries.com/us/definition/english/considerably	MANUAL_EMERGENCY_WORK V3 exact Oxford identity; source_index=1094; definition_path=/us/definition/english/considerably; stable_id=PASS; exact_definition='much; a lot'; selected_candidate_method=Helsinki-NLP/opus-mt-en-uk_contextual_definition_candidate	MANUAL_EMERGENCY_WORK_20260820_FIRST_PASS_V3_round01	MANUAL_EMERGENCY_WORK_20260820_SECOND_PASS_V3_round01	PASS: source-grounded second pass; method=Helsinki-NLP/opus-mt-en-uk_contextual_definition_candidate; exact Oxford definition='much; a lot'; candidate='Значно ( прислівник): багато; багато'; reverse='Far (Adverb): many; many'; lexical=0.312; candidate_definition_similarity=0.866; reverse_definition_similarity=0.676; semantic=0.866; POS/language checks PASS.
ox5000-29eb47fd6a314aa1730d	consistently	adverb	B2	verified	послідовно (клацання): завжди одне і те саме	https://www.oxfordlearnersdictionaries.com/us/definition/english/consistently	MANUAL_EMERGENCY_WORK V3 exact Oxford identity; source_index=1099; definition_path=/us/definition/english/consistently; stable_id=PASS; exact_definition='always the same'; selected_candidate_method=Helsinki-NLP/opus-mt-en-uk_contextual_definition_candidate	MANUAL_EMERGENCY_WORK_20260820_FIRST_PASS_V3_round01	MANUAL_EMERGENCY_WORK_20260820_SECOND_PASS_V3_round01	PASS: source-grounded second pass; method=Helsinki-NLP/opus-mt-en-uk_contextual_definition_candidate; exact Oxford definition='always the same'; candidate='послідовно (клацання): завжди одне і те саме'; reverse='consecutive (click) always the same'; lexical=0.356; candidate_definition_similarity=0.854; reverse_definition_similarity=0.558; semantic=0.854; POS/language checks PASS.
ox5000-b3dd4396526c004c1d2a	conspiracy	noun	B2	verified	Змова (ніун): таємний план групи людей, щоб зробити щось шкідливе або незаконне	https://www.oxfordlearnersdictionaries.com/us/definition/english/conspiracy	MANUAL_EMERGENCY_WORK V3 exact Oxford identity; source_index=1101; definition_path=/us/definition/english/conspiracy; stable_id=PASS; exact_definition='a secret plan by a group of people to do something harmful or illegal'; selected_candidate_method=Helsinki-NLP/opus-mt-en-uk_contextual_definition_candidate	MANUAL_EMERGENCY_WORK_20260820_FIRST_PASS_V3_round01	MANUAL_EMERGENCY_WORK_20260820_SECOND_PASS_V3_round01	PASS: source-grounded second pass; method=Helsinki-NLP/opus-mt-en-uk_contextual_definition_candidate; exact Oxford definition='a secret plan by a group of people to do something harmful or illegal'; candidate='Змова (ніун): таємний план групи людей, щоб зробити щось шкідливе або незаконне'; reverse='Conspiracy (Nun): A secret group plan to do something harmful or illegal'; lexical=1.000; candidate_definition_similarity=0.908; reverse_definition_similarity=0.738; semantic=0.908; POS/language checks PASS.
ox5000-e55a43ce5b36ea4927c8	consultant	noun	B2	verified	консультант (ніун): людина, яка багато знає про якусь конкретну тему і яку використовують, щоб давати про неї поради іншим людям.	https://www.oxfordlearnersdictionaries.com/us/definition/english/consultant	MANUAL_EMERGENCY_WORK V3 exact Oxford identity; source_index=1112; definition_path=/us/definition/english/consultant; stable_id=PASS; exact_definition='a person who knows a lot about a particular subject and is employed to give advice about it to other people'; selected_candidate_method=Helsinki-NLP/opus-mt-en-uk_contextual_definition_candidate	MANUAL_EMERGENCY_WORK_20260820_FIRST_PASS_V3_round01	MANUAL_EMERGENCY_WORK_20260820_SECOND_PASS_V3_round01	PASS: source-grounded second pass; method=Helsinki-NLP/opus-mt-en-uk_contextual_definition_candidate; exact Oxford definition='a person who knows a lot about a particular subject and is employed to give advice about it to other people'; candidate='консультант (ніун): людина, яка багато знає про якусь конкретну тему і яку використовують, щоб давати про неї поради іншим людям.'; reverse='consultant: a person who knows a lot about a particular subject and is used to give advice to other people.'; lexical=1.000; candidate_definition_similarity=0.814; reverse_definition_similarity=0.744; semantic=0.814; POS/language checks PASS.
ox5000-3c252e710be02044ad41	consumption	noun	B2	verified	споживання (нун): дія з використання енергії, їжі або матеріалів; використана кількість	https://www.oxfordlearnersdictionaries.com/us/definition/english/consumption	MANUAL_EMERGENCY_WORK V3 exact Oxford identity; source_index=1116; definition_path=/us/definition/english/consumption; stable_id=PASS; exact_definition='the act of using energy, food or materials; the amount used'; selected_candidate_method=Helsinki-NLP/opus-mt-en-uk_contextual_definition_candidate	MANUAL_EMERGENCY_WORK_20260820_FIRST_PASS_V3_round01	MANUAL_EMERGENCY_WORK_20260820_SECOND_PASS_V3_round01	PASS: source-grounded second pass; method=Helsinki-NLP/opus-mt-en-uk_contextual_definition_candidate; exact Oxford definition='the act of using energy, food or materials; the amount used'; candidate='споживання (нун): дія з використання енергії, їжі або матеріалів; використана кількість'; reverse='consumption (nun): energy, food or materials used; quantity used'; lexical=1.000; candidate_definition_similarity=0.890; reverse_definition_similarity=0.830; semantic=0.890; POS/language checks PASS.
ox5000-82041bb10d995697e45c	controversial	adjective	B2	verified	Суперечні (примітки): спричиняють багато гнівних публічних дискусій та незгод.	https://www.oxfordlearnersdictionaries.com/us/definition/english/controversial	MANUAL_EMERGENCY_WORK V3 exact Oxford identity; source_index=1149; definition_path=/us/definition/english/controversial; stable_id=PASS; exact_definition='causing a lot of angry public discussion and disagreement'; selected_candidate_method=Helsinki-NLP/opus-mt-en-uk_contextual_definition_candidate	MANUAL_EMERGENCY_WORK_20260820_FIRST_PASS_V3_round01	MANUAL_EMERGENCY_WORK_20260820_SECOND_PASS_V3_round01	PASS: source-grounded second pass; method=Helsinki-NLP/opus-mt-en-uk_contextual_definition_candidate; exact Oxford definition='causing a lot of angry public discussion and disagreement'; candidate='Суперечні (примітки): спричиняють багато гнівних публічних дискусій та незгод.'; reverse='Controversial (notes): Many angry public discussions and disagreements.'; lexical=1.000; candidate_definition_similarity=0.896; reverse_definition_similarity=0.880; semantic=0.896; POS/language checks PASS.
ox5000-e8a0747e227d712361ce	controversy	noun	B2	verified	Суперечки (ніно): публічні дискусії і суперечки про те, про що багато людей сильно не погоджуються, думають, що це погано, або що їх шокує	https://www.oxfordlearnersdictionaries.com/us/definition/english/controversy	MANUAL_EMERGENCY_WORK V3 exact Oxford identity; source_index=1150; definition_path=/us/definition/english/controversy; stable_id=PASS; exact_definition='public discussion and argument about something that many people strongly disagree about, think is bad, or are shocked by'; selected_candidate_method=Helsinki-NLP/opus-mt-en-uk_contextual_definition_candidate	MANUAL_EMERGENCY_WORK_20260820_FIRST_PASS_V3_round01	MANUAL_EMERGENCY_WORK_20260820_SECOND_PASS_V3_round01	PASS: source-grounded second pass; method=Helsinki-NLP/opus-mt-en-uk_contextual_definition_candidate; exact Oxford definition='public discussion and argument about something that many people strongly disagree about, think is bad, or are shocked by'; candidate='Суперечки (ніно): публічні дискусії і суперечки про те, про що багато людей сильно не погоджуються, думають, що це погано, або що їх шокує'; reverse="Arguing: Public discussion and controversy about what many strongly disagree on, think it's bad, or what shocks them"; lexical=1.000; candidate_definition_similarity=0.926; reverse_definition_similarity=0.920; semantic=0.926; POS/language checks PASS.
ox5000-dec69195d3cbcb283102	convenience	noun	B2	verified	зручності (нуун): якість зручності, легкості або підходящості для когось	https://www.oxfordlearnersdictionaries.com/us/definition/english/convenience	MANUAL_EMERGENCY_WORK V3 exact Oxford identity; source_index=1151; definition_path=/us/definition/english/convenience; stable_id=PASS; exact_definition='the quality of being useful, easy or suitable for somebody'; selected_candidate_method=Helsinki-NLP/opus-mt-en-uk_contextual_definition_candidate	MANUAL_EMERGENCY_WORK_20260820_FIRST_PASS_V3_round01	MANUAL_EMERGENCY_WORK_20260820_SECOND_PASS_V3_round01	PASS: source-grounded second pass; method=Helsinki-NLP/opus-mt-en-uk_contextual_definition_candidate; exact Oxford definition='the quality of being useful, easy or suitable for somebody'; candidate='зручності (нуун): якість зручності, легкості або підходящості для когось'; reverse='convenience (un): quality convenience, ease or availability for someone'; lexical=1.000; candidate_definition_similarity=0.769; reverse_definition_similarity=0.698; semantic=0.769; POS/language checks PASS.
ox5000-7a10e528e2e5ee26cb22	cope	verb	B2	verified	подолати	https://www.oxfordlearnersdictionaries.com/us/definition/english/cope_1	MANUAL_EMERGENCY_WORK V3 exact Oxford identity; source_index=1176; definition_path=/us/definition/english/cope_1; stable_id=PASS; exact_definition='to deal successfully with something difficult'; selected_candidate_method=Helsinki-NLP/opus-mt-en-uk_surface_candidate	MANUAL_EMERGENCY_WORK_20260820_FIRST_PASS_V3_round01	MANUAL_EMERGENCY_WORK_20260820_SECOND_PASS_V3_round01	PASS: source-grounded second pass; method=Helsinki-NLP/opus-mt-en-uk_surface_candidate; exact Oxford definition='to deal successfully with something difficult'; candidate='подолати'; reverse='overcome'; lexical=0.500; candidate_definition_similarity=0.475; reverse_definition_similarity=0.572; semantic=0.572; POS/language checks PASS.
ox5000-71efa31e1845bf3e367e	corporation	noun	B2	verified	корпорація (ноун): велика комерційна компанія	https://www.oxfordlearnersdictionaries.com/us/definition/english/corporation	MANUAL_EMERGENCY_WORK V3 exact Oxford identity; source_index=1185; definition_path=/us/definition/english/corporation; stable_id=PASS; exact_definition='a large business company'; selected_candidate_method=Helsinki-NLP/opus-mt-en-uk_contextual_definition_candidate	MANUAL_EMERGENCY_WORK_20260820_FIRST_PASS_V3_round01	MANUAL_EMERGENCY_WORK_20260820_SECOND_PASS_V3_round01	PASS: source-grounded second pass; method=Helsinki-NLP/opus-mt-en-uk_contextual_definition_candidate; exact Oxford definition='a large business company'; candidate='корпорація (ноун): велика комерційна компанія'; reverse='Corporation (Noun): A large commercial company'; lexical=1.000; candidate_definition_similarity=0.881; reverse_definition_similarity=0.762; semantic=0.881; POS/language checks PASS.
ox5000-1c94148d8ef30f683882	corridor	noun	B2	verified	коридор (нуун): довгий вузький прохід у будинку, з відчиненими дверима в кімнати по обидва боки.	https://www.oxfordlearnersdictionaries.com/us/definition/english/corridor	MANUAL_EMERGENCY_WORK V3 exact Oxford identity; source_index=1196; definition_path=/us/definition/english/corridor; stable_id=PASS; exact_definition='a long narrow passage in a building, with doors that open into rooms on either side'; selected_candidate_method=Helsinki-NLP/opus-mt-en-uk_contextual_definition_candidate	MANUAL_EMERGENCY_WORK_20260820_FIRST_PASS_V3_round01	MANUAL_EMERGENCY_WORK_20260820_SECOND_PASS_V3_round01	PASS: source-grounded second pass; method=Helsinki-NLP/opus-mt-en-uk_contextual_definition_candidate; exact Oxford definition='a long narrow passage in a building, with doors that open into rooms on either side'; candidate='коридор (нуун): довгий вузький прохід у будинку, з відчиненими дверима в кімнати по обидва боки.'; reverse='corridor (nuun): a long narrow passage into a house, with a door open on either side of the room.'; lexical=1.000; candidate_definition_similarity=0.897; reverse_definition_similarity=0.848; semantic=0.897; POS/language checks PASS.
ox5000-a5d502e140ed298b6b90	corrupt	adjective	C1	verified	зіпсований (підприємець): готовий використовувати свою силу, щоб робити нечесні або незаконні речі взамін за гроші або щоб здобути перевагу	https://www.oxfordlearnersdictionaries.com/us/definition/english/corrupt_1	MANUAL_EMERGENCY_WORK V3 exact Oxford identity; source_index=1197; definition_path=/us/definition/english/corrupt_1; stable_id=PASS; exact_definition='willing to use their power to do dishonest or illegal things in return for money or to get an advantage'; selected_candidate_method=Helsinki-NLP/opus-mt-en-uk_contextual_definition_candidate	MANUAL_EMERGENCY_WORK_20260820_FIRST_PASS_V3_round01	MANUAL_EMERGENCY_WORK_20260820_SECOND_PASS_V3_round01	PASS: source-grounded second pass; method=Helsinki-NLP/opus-mt-en-uk_contextual_definition_candidate; exact Oxford definition='willing to use their power to do dishonest or illegal things in return for money or to get an advantage'; candidate='зіпсований (підприємець): готовий використовувати свою силу, щоб робити нечесні або незаконні речі взамін за гроші або щоб здобути перевагу'; reverse='corrupted: ready to use your power to do dishonest or illegal things in exchange for money or to gain the advantage'; lexical=1.000; candidate_definition_similarity=0.757; reverse_definition_similarity=0.799; semantic=0.799; POS/language checks PASS.
ox5000-9ebdcc1221c51b64dc68	corruption	noun	C1	verified	корупція (нун): нечесна або незаконна поведінка, особливо з боку людей, наділених владою.	https://www.oxfordlearnersdictionaries.com/us/definition/english/corruption	MANUAL_EMERGENCY_WORK V3 exact Oxford identity; source_index=1198; definition_path=/us/definition/english/corruption; stable_id=PASS; exact_definition='dishonest or illegal behaviour, especially of people in authority'; selected_candidate_method=Helsinki-NLP/opus-mt-en-uk_contextual_definition_candidate	MANUAL_EMERGENCY_WORK_20260820_FIRST_PASS_V3_round01	MANUAL_EMERGENCY_WORK_20260820_SECOND_PASS_V3_round01	PASS: source-grounded second pass; method=Helsinki-NLP/opus-mt-en-uk_contextual_definition_candidate; exact Oxford definition='dishonest or illegal behaviour, especially of people in authority'; candidate='корупція (нун): нечесна або незаконна поведінка, особливо з боку людей, наділених владою.'; reverse='Corruption (un): Dishonest or illegal behavior, especially on the part of those in authority.'; lexical=1.000; candidate_definition_similarity=0.662; reverse_definition_similarity=0.758; semantic=0.758; POS/language checks PASS.
ox5000-66fcf81c27cba109d948	counter	noun	B2	verified	лічильник (нуун): довга плоска поверхня, на якій продаються товари або робляться товари в магазині, банку тощо.	https://www.oxfordlearnersdictionaries.com/us/definition/english/counter_1	MANUAL_EMERGENCY_WORK V3 exact Oxford identity; source_index=1212; definition_path=/us/definition/english/counter_1; stable_id=PASS; exact_definition='a long flat surface over which goods are sold or business is done in a shop, bank, etc.'; selected_candidate_method=Helsinki-NLP/opus-mt-en-uk_contextual_definition_candidate	MANUAL_EMERGENCY_WORK_20260820_FIRST_PASS_V3_round01	MANUAL_EMERGENCY_WORK_20260820_SECOND_PASS_V3_round01	PASS: source-grounded second pass; method=Helsinki-NLP/opus-mt-en-uk_contextual_definition_candidate; exact Oxford definition='a long flat surface over which goods are sold or business is done in a shop, bank, etc.'; candidate='лічильник (нуун): довга плоска поверхня, на якій продаються товари або робляться товари в магазині, банку тощо.'; reverse='A counter (nuun): A long flat surface on which goods are sold or made in shops, banks, and so forth.'; lexical=1.000; candidate_definition_similarity=0.835; reverse_definition_similarity=0.858; semantic=0.858; POS/language checks PASS.
ox5000-7ab982c1e86cfa8707dd	coup	noun	C1	verified	переворот (ноун): раптова зміна уряду, який є незаконним і часто насильним	https://www.oxfordlearnersdictionaries.com/us/definition/english/coup	MANUAL_EMERGENCY_WORK V3 exact Oxford identity; source_index=1219; definition_path=/us/definition/english/coup; stable_id=PASS; exact_definition='a sudden change of government that is illegal and often violent'; selected_candidate_method=Helsinki-NLP/opus-mt-en-uk_contextual_definition_candidate	MANUAL_EMERGENCY_WORK_20260820_FIRST_PASS_V3_round01	MANUAL_EMERGENCY_WORK_20260820_SECOND_PASS_V3_round01	PASS: source-grounded second pass; method=Helsinki-NLP/opus-mt-en-uk_contextual_definition_candidate; exact Oxford definition='a sudden change of government that is illegal and often violent'; candidate='переворот (ноун): раптова зміна уряду, який є незаконним і часто насильним'; reverse='A coup (Noun): A sudden change in government, which is illegal and often violent'; lexical=1.000; candidate_definition_similarity=0.800; reverse_definition_similarity=0.810; semantic=0.810; POS/language checks PASS.
ox5000-55a15b7d5ef384c80100	coverage	noun	B2	verified	покриття (ноун): повідомлення про новини і спорт у носіях	https://www.oxfordlearnersdictionaries.com/us/definition/english/coverage	MANUAL_EMERGENCY_WORK V3 exact Oxford identity; source_index=1228; definition_path=/us/definition/english/coverage; stable_id=PASS; exact_definition='the reporting of news and sport in the media'; selected_candidate_method=Helsinki-NLP/opus-mt-en-uk_contextual_definition_candidate	MANUAL_EMERGENCY_WORK_20260820_FIRST_PASS_V3_round01	MANUAL_EMERGENCY_WORK_20260820_SECOND_PASS_V3_round01	PASS: source-grounded second pass; method=Helsinki-NLP/opus-mt-en-uk_contextual_definition_candidate; exact Oxford definition='the reporting of news and sport in the media'; candidate='покриття (ноун): повідомлення про новини і спорт у носіях'; reverse='coverage (non): reports of news and media sports'; lexical=1.000; candidate_definition_similarity=0.788; reverse_definition_similarity=0.932; semantic=0.932; POS/language checks PASS.
ox5000-d1c900d343f498dba838	crack	noun	B2	verified	тріщина (нуун): лінія на поверхні чогось, де він розбився, але не поділився на окремі частини	https://www.oxfordlearnersdictionaries.com/us/definition/english/crack_2	MANUAL_EMERGENCY_WORK V3 exact Oxford identity; source_index=1231; definition_path=/us/definition/english/crack_2; stable_id=PASS; exact_definition='a line on the surface of something where it has broken but not split into separate parts'; selected_candidate_method=Helsinki-NLP/opus-mt-en-uk_contextual_definition_candidate	MANUAL_EMERGENCY_WORK_20260820_FIRST_PASS_V3_round01	MANUAL_EMERGENCY_WORK_20260820_SECOND_PASS_V3_round01	PASS: source-grounded second pass; method=Helsinki-NLP/opus-mt-en-uk_contextual_definition_candidate; exact Oxford definition='a line on the surface of something where it has broken but not split into separate parts'; candidate='тріщина (нуун): лінія на поверхні чогось, де він розбився, але не поділився на окремі частини'; reverse='crack (nuun): a line on the surface of something that crashed but did not split into individual parts'; lexical=1.000; candidate_definition_similarity=0.883; reverse_definition_similarity=0.715; semantic=0.883; POS/language checks PASS.
ox5000-b4e92bed580e34479f83	crack	verb	B2	verified	тріщина (версія): розбивати без поділу на окремі частини; розбивати щось таким чином	https://www.oxfordlearnersdictionaries.com/us/definition/english/crack_1	MANUAL_EMERGENCY_WORK V3 exact Oxford identity; source_index=1232; definition_path=/us/definition/english/crack_1; stable_id=PASS; exact_definition='to break without dividing into separate parts; to break something in this way'; selected_candidate_method=Helsinki-NLP/opus-mt-en-uk_contextual_definition_candidate	MANUAL_EMERGENCY_WORK_20260820_FIRST_PASS_V3_round01	MANUAL_EMERGENCY_WORK_20260820_SECOND_PASS_V3_round01	PASS: source-grounded second pass; method=Helsinki-NLP/opus-mt-en-uk_contextual_definition_candidate; exact Oxford definition='to break without dividing into separate parts; to break something in this way'; candidate='тріщина (версія): розбивати без поділу на окремі частини; розбивати щось таким чином'; reverse='crack (version): break without split into separate parts; break something like this'; lexical=1.000; candidate_definition_similarity=0.876; reverse_definition_similarity=0.718; semantic=0.876; POS/language checks PASS.
ox5000-95c41b3fd9cb792c67d3	creativity	noun	B2	verified	креативність (нуун): використання вміння та уяви для створення чогось нового або створення мистецтва.	https://www.oxfordlearnersdictionaries.com/us/definition/english/creativity	MANUAL_EMERGENCY_WORK V3 exact Oxford identity; source_index=1244; definition_path=/us/definition/english/creativity; stable_id=PASS; exact_definition='the use of skill and imagination to produce something new or to produce art'; selected_candidate_method=Helsinki-NLP/opus-mt-en-uk_contextual_definition_candidate	MANUAL_EMERGENCY_WORK_20260820_FIRST_PASS_V3_round01	MANUAL_EMERGENCY_WORK_20260820_SECOND_PASS_V3_round01	PASS: source-grounded second pass; method=Helsinki-NLP/opus-mt-en-uk_contextual_definition_candidate; exact Oxford definition='the use of skill and imagination to produce something new or to produce art'; candidate='креативність (нуун): використання вміння та уяви для створення чогось нового або створення мистецтва.'; reverse='creativity (nuun): using skill and imagination to create something new or art.'; lexical=1.000; candidate_definition_similarity=0.874; reverse_definition_similarity=0.869; semantic=0.874; POS/language checks PASS.
ox5000-ce478e8e55423fc0eab3	critically	adverb	B2	verified	Критично (версія): в такий спосіб, що говорить те, що ви думаєте погане про когось або щось	https://www.oxfordlearnersdictionaries.com/us/definition/english/critically	MANUAL_EMERGENCY_WORK V3 exact Oxford identity; source_index=1260; definition_path=/us/definition/english/critically; stable_id=PASS; exact_definition='in a way that says what you think is bad about somebody/something'; selected_candidate_method=Helsinki-NLP/opus-mt-en-uk_contextual_definition_candidate	MANUAL_EMERGENCY_WORK_20260820_FIRST_PASS_V3_round01	MANUAL_EMERGENCY_WORK_20260820_SECOND_PASS_V3_round01	PASS: source-grounded second pass; method=Helsinki-NLP/opus-mt-en-uk_contextual_definition_candidate; exact Oxford definition='in a way that says what you think is bad about somebody/something'; candidate='Критично (версія): в такий спосіб, що говорить те, що ви думаєте погане про когось або щось'; reverse='Critically (version): In such a way as to say what you think is wrong about someone or something'; lexical=1.000; candidate_definition_similarity=0.826; reverse_definition_similarity=0.693; semantic=0.826; POS/language checks PASS.
ox5000-83013615bdf6bfabd81c	cruise	noun	B2	verified	Круїз (нуун): подорож кораблем або човном, відвідуючи різні місця, особливо як свято.	https://www.oxfordlearnersdictionaries.com/us/definition/english/cruise_1	MANUAL_EMERGENCY_WORK V3 exact Oxford identity; source_index=1273; definition_path=/us/definition/english/cruise_1; stable_id=PASS; exact_definition='a journey by ship or boat, visiting different places, especially as a holiday'; selected_candidate_method=Helsinki-NLP/opus-mt-en-uk_contextual_definition_candidate	MANUAL_EMERGENCY_WORK_20260820_FIRST_PASS_V3_round01	MANUAL_EMERGENCY_WORK_20260820_SECOND_PASS_V3_round01	PASS: source-grounded second pass; method=Helsinki-NLP/opus-mt-en-uk_contextual_definition_candidate; exact Oxford definition='a journey by ship or boat, visiting different places, especially as a holiday'; candidate='Круїз (нуун): подорож кораблем або човном, відвідуючи різні місця, особливо як свято.'; reverse='Cruise (nuun): Travel by ship or boat, visiting various places, especially as a festival.'; lexical=1.000; candidate_definition_similarity=0.902; reverse_definition_similarity=0.648; semantic=0.902; POS/language checks PASS.
ox5000-bd34112b30a90cadea44	cult	adjective	C1	verified	Культура (підприємець): дуже популярна у певній групі людей	https://www.oxfordlearnersdictionaries.com/us/definition/english/cult_2	MANUAL_EMERGENCY_WORK V3 exact Oxford identity; source_index=1280; definition_path=/us/definition/english/cult_2; stable_id=PASS; exact_definition='very popular with a particular group of people'; selected_candidate_method=Helsinki-NLP/opus-mt-en-uk_contextual_definition_candidate	MANUAL_EMERGENCY_WORK_20260820_FIRST_PASS_V3_round01	MANUAL_EMERGENCY_WORK_20260820_SECOND_PASS_V3_round01	PASS: source-grounded second pass; method=Helsinki-NLP/opus-mt-en-uk_contextual_definition_candidate; exact Oxford definition='very popular with a particular group of people'; candidate='Культура (підприємець): дуже популярна у певній групі людей'; reverse='Culture: very popular in a group of people'; lexical=1.000; candidate_definition_similarity=0.602; reverse_definition_similarity=0.679; semantic=0.679; POS/language checks PASS.
ox5000-979c0fd9679daf0c797f	curious	adjective	B2	verified	допитливий (підприємець): має сильне бажання знати про щось	https://www.oxfordlearnersdictionaries.com/us/definition/english/curious	MANUAL_EMERGENCY_WORK V3 exact Oxford identity; source_index=1290; definition_path=/us/definition/english/curious; stable_id=PASS; exact_definition='having a strong desire to know about something'; selected_candidate_method=Helsinki-NLP/opus-mt-en-uk_contextual_definition_candidate	MANUAL_EMERGENCY_WORK_20260820_FIRST_PASS_V3_round01	MANUAL_EMERGENCY_WORK_20260820_SECOND_PASS_V3_round01	PASS: source-grounded second pass; method=Helsinki-NLP/opus-mt-en-uk_contextual_definition_candidate; exact Oxford definition='having a strong desire to know about something'; candidate='допитливий (підприємець): має сильне бажання знати про щось'; reverse='curious: has a strong desire to know something'; lexical=1.000; candidate_definition_similarity=0.800; reverse_definition_similarity=0.905; semantic=0.905; POS/language checks PASS.
ox5000-90712ba3e8da49f8900a	dairy	adjective	B2	verified	моло́чний	https://www.oxfordlearnersdictionaries.com/us/definition/english/dairy_2	MANUAL_EMERGENCY_WORK V3 exact Oxford identity; source_index=1314; definition_path=/us/definition/english/dairy_2; stable_id=PASS; exact_definition='made from milk'; selected_candidate_method=en_wiktionary_matching_pos_uk_translation	MANUAL_EMERGENCY_WORK_20260820_FIRST_PASS_V3_round01	MANUAL_EMERGENCY_WORK_20260820_SECOND_PASS_V3_round01	PASS: source-grounded second pass; method=en_wiktionary_matching_pos_uk_translation; exact Oxford definition='made from milk'; candidate='моло́чний'; reverse='milky'; lexical=0.400; candidate_definition_similarity=0.759; reverse_definition_similarity=0.005; semantic=0.759; POS/language checks PASS.
ox5000-d88bfcbe9f4406457552	dairy	noun	B2	verified	молочарство (нун): молоко, сир та інші молочні продукти.	https://www.oxfordlearnersdictionaries.com/us/definition/english/dairy_1	MANUAL_EMERGENCY_WORK V3 exact Oxford identity; source_index=1315; definition_path=/us/definition/english/dairy_1; stable_id=PASS; exact_definition='milk, cheese and other milk products'; selected_candidate_method=Helsinki-NLP/opus-mt-en-uk_contextual_definition_candidate	MANUAL_EMERGENCY_WORK_20260820_FIRST_PASS_V3_round01	MANUAL_EMERGENCY_WORK_20260820_SECOND_PASS_V3_round01	PASS: source-grounded second pass; method=Helsinki-NLP/opus-mt-en-uk_contextual_definition_candidate; exact Oxford definition='milk, cheese and other milk products'; candidate='молочарство (нун): молоко, сир та інші молочні продукти.'; reverse='milk: milk, cheese, and other dairy products'; lexical=1.000; candidate_definition_similarity=0.930; reverse_definition_similarity=0.970; semantic=0.970; POS/language checks PASS.
ox5000-e3068d3ca8d1e091b785	darkness	noun	B2	verified	темрява (нуль): стан темряви, без світла	https://www.oxfordlearnersdictionaries.com/us/definition/english/darkness	MANUAL_EMERGENCY_WORK V3 exact Oxford identity; source_index=1329; definition_path=/us/definition/english/darkness; stable_id=PASS; exact_definition='the state of being dark, without any light'; selected_candidate_method=Helsinki-NLP/opus-mt-en-uk_contextual_definition_candidate	MANUAL_EMERGENCY_WORK_20260820_FIRST_PASS_V3_round01	MANUAL_EMERGENCY_WORK_20260820_SECOND_PASS_V3_round01	PASS: source-grounded second pass; method=Helsinki-NLP/opus-mt-en-uk_contextual_definition_candidate; exact Oxford definition='the state of being dark, without any light'; candidate='темрява (нуль): стан темряви, без світла'; reverse='darkness: a state of darkness, without light'; lexical=1.000; candidate_definition_similarity=0.871; reverse_definition_similarity=0.916; semantic=0.916; POS/language checks PASS.
ox5000-fc30e2bef2db8ea80919	database	noun	B2	verified	база даних	https://www.oxfordlearnersdictionaries.com/us/definition/english/database	MANUAL_EMERGENCY_WORK V3 exact Oxford identity; source_index=1331; definition_path=/us/definition/english/database; stable_id=PASS; exact_definition='an organized set of data that is stored in a computer and can be looked at and used in various ways'; selected_candidate_method=Helsinki-NLP/opus-mt-en-uk_surface_candidate	MANUAL_EMERGENCY_WORK_20260820_FIRST_PASS_V3_round01	MANUAL_EMERGENCY_WORK_20260820_SECOND_PASS_V3_round01	PASS: source-grounded second pass; method=Helsinki-NLP/opus-mt-en-uk_surface_candidate; exact Oxford definition='an organized set of data that is stored in a computer and can be looked at and used in various ways'; candidate='база даних'; reverse='database'; lexical=1.000; candidate_definition_similarity=0.556; reverse_definition_similarity=0.536; semantic=0.556; POS/language checks PASS.
ox5000-9d962d3c830072d569ab	deadly	adjective	B2	verified	смерте́льний	https://www.oxfordlearnersdictionaries.com/us/definition/english/deadly_1	MANUAL_EMERGENCY_WORK V3 exact Oxford identity; source_index=1339; definition_path=/us/definition/english/deadly_1; stable_id=PASS; exact_definition='causing or likely to cause death'; selected_candidate_method=en_wiktionary_matching_pos_uk_translation	MANUAL_EMERGENCY_WORK_20260820_FIRST_PASS_V3_round01	MANUAL_EMERGENCY_WORK_20260820_SECOND_PASS_V3_round01	PASS: source-grounded second pass; method=en_wiktionary_matching_pos_uk_translation; exact Oxford definition='causing or likely to cause death'; candidate='смерте́льний'; reverse='Mortal'; lexical=0.333; candidate_definition_similarity=0.638; reverse_definition_similarity=0.496; semantic=0.638; POS/language checks PASS.
ox5000-46328b590c1ec5303a0c	dealer	noun	B2	verified	ди́лер	https://www.oxfordlearnersdictionaries.com/us/definition/english/dealer	MANUAL_EMERGENCY_WORK V3 exact Oxford identity; source_index=1342; definition_path=/us/definition/english/dealer; stable_id=PASS; exact_definition='a person whose business is buying and selling a particular product'; selected_candidate_method=en_wiktionary_matching_pos_uk_translation	MANUAL_EMERGENCY_WORK_20260820_FIRST_PASS_V3_round01	MANUAL_EMERGENCY_WORK_20260820_SECOND_PASS_V3_round01	PASS: source-grounded second pass; method=en_wiktionary_matching_pos_uk_translation; exact Oxford definition='a person whose business is buying and selling a particular product'; candidate='ди́лер'; reverse='dealer'; lexical=1.000; candidate_definition_similarity=0.283; reverse_definition_similarity=0.597; semantic=0.597; POS/language checks PASS.
ox5000-0c6fa7977832afceb6d7	deck	noun	B2	verified	колода	https://www.oxfordlearnersdictionaries.com/us/definition/english/deck_1	MANUAL_EMERGENCY_WORK V3 exact Oxford identity; source_index=1358; definition_path=/us/definition/english/deck_1; stable_id=PASS; exact_definition='the top outside floor of a ship or boat'; selected_candidate_method=Helsinki-NLP/opus-mt-en-uk_surface_candidate	MANUAL_EMERGENCY_WORK_20260820_FIRST_PASS_V3_round01	MANUAL_EMERGENCY_WORK_20260820_SECOND_PASS_V3_round01	PASS: source-grounded second pass; method=Helsinki-NLP/opus-mt-en-uk_surface_candidate; exact Oxford definition='the top outside floor of a ship or boat'; candidate='колода'; reverse='deck'; lexical=1.000; candidate_definition_similarity=0.400; reverse_definition_similarity=0.562; semantic=0.562; POS/language checks PASS.
ox5000-8de1d29a7d671e7035ab	defender	noun	B2	verified	оборонець	https://www.oxfordlearnersdictionaries.com/us/definition/english/defender	MANUAL_EMERGENCY_WORK V3 exact Oxford identity; source_index=1380; definition_path=/us/definition/english/defender; stable_id=PASS; exact_definition='a player who must stop the other team from scoring in games such as football (soccer), hockey, etc.'; selected_candidate_method=Helsinki-NLP/opus-mt-en-uk_surface_candidate	MANUAL_EMERGENCY_WORK_20260820_FIRST_PASS_V3_round01	MANUAL_EMERGENCY_WORK_20260820_SECOND_PASS_V3_round01	PASS: source-grounded second pass; method=Helsinki-NLP/opus-mt-en-uk_surface_candidate; exact Oxford definition='a player who must stop the other team from scoring in games such as football (soccer), hockey, etc.'; candidate='оборонець'; reverse='defender'; lexical=1.000; candidate_definition_similarity=0.398; reverse_definition_similarity=0.441; semantic=0.441; POS/language checks PASS.
ox5000-e841597e446a171297b2	delete	verb	B2	verified	видалити	https://www.oxfordlearnersdictionaries.com/us/definition/english/delete_1	MANUAL_EMERGENCY_WORK V3 exact Oxford identity; source_index=1394; definition_path=/us/definition/english/delete_1; stable_id=PASS; exact_definition='to remove something that has been written or printed, or that has been stored on a computer'; selected_candidate_method=en_wiktionary_matching_pos_uk_translation	MANUAL_EMERGENCY_WORK_20260820_FIRST_PASS_V3_round01	MANUAL_EMERGENCY_WORK_20260820_SECOND_PASS_V3_round01	PASS: source-grounded second pass; method=en_wiktionary_matching_pos_uk_translation; exact Oxford definition='to remove something that has been written or printed, or that has been stored on a computer'; candidate='видалити'; reverse='delete'; lexical=1.000; candidate_definition_similarity=0.533; reverse_definition_similarity=0.535; semantic=0.535; POS/language checks PASS.
ox5000-adf847cb368aff039402	democracy	noun	B2	verified	демократія (нун): система уряду, в якій люди країни можуть голосувати, щоб вибрати своїх представників.	https://www.oxfordlearnersdictionaries.com/us/definition/english/democracy	MANUAL_EMERGENCY_WORK V3 exact Oxford identity; source_index=1406; definition_path=/us/definition/english/democracy; stable_id=PASS; exact_definition='a system of government in which the people of a country can vote to elect their representatives'; selected_candidate_method=Helsinki-NLP/opus-mt-en-uk_contextual_definition_candidate	MANUAL_EMERGENCY_WORK_20260820_FIRST_PASS_V3_round01	MANUAL_EMERGENCY_WORK_20260820_SECOND_PASS_V3_round01	PASS: source-grounded second pass; method=Helsinki-NLP/opus-mt-en-uk_contextual_definition_candidate; exact Oxford definition='a system of government in which the people of a country can vote to elect their representatives'; candidate='демократія (нун): система уряду, в якій люди країни можуть голосувати, щоб вибрати своїх представників.'; reverse='democracy (nun): A system of government in which peoples of countries can vote to select their representatives.'; lexical=1.000; candidate_definition_similarity=0.847; reverse_definition_similarity=0.827; semantic=0.847; POS/language checks PASS.
ox5000-df0c2f847440bde50b2f	democratic	adjective	B2	verified	демократичний (підприємець): керований представниками, обраними людьми країни; пов' язаний з цією системою	https://www.oxfordlearnersdictionaries.com/us/definition/english/democratic	MANUAL_EMERGENCY_WORK V3 exact Oxford identity; source_index=1407; definition_path=/us/definition/english/democratic; stable_id=PASS; exact_definition='controlled by representatives who are elected by the people of a country; connected with this system'; selected_candidate_method=Helsinki-NLP/opus-mt-en-uk_contextual_definition_candidate	MANUAL_EMERGENCY_WORK_20260820_FIRST_PASS_V3_round01	MANUAL_EMERGENCY_WORK_20260820_SECOND_PASS_V3_round01	PASS: source-grounded second pass; method=Helsinki-NLP/opus-mt-en-uk_contextual_definition_candidate; exact Oxford definition='controlled by representatives who are elected by the people of a country; connected with this system'; candidate="демократичний (підприємець): керований представниками, обраними людьми країни; пов' язаний з цією системою"; reverse='democratic (entrepreneur): directed by representatives elected by the people of the country; associated with this system'; lexical=1.000; candidate_definition_similarity=0.812; reverse_definition_similarity=0.735; semantic=0.812; POS/language checks PASS.
ox5000-75f4e15f239ab6722fa1	demonstration	noun	B2	verified	демонстрація	https://www.oxfordlearnersdictionaries.com/us/definition/english/demonstration	MANUAL_EMERGENCY_WORK V3 exact Oxford identity; source_index=1410; definition_path=/us/definition/english/demonstration; stable_id=PASS; exact_definition='a public meeting or a march (= an organized walk by many people) at which people show that they are protesting against or supporting somebody/something'; selected_candidate_method=Helsinki-NLP/opus-mt-en-uk_surface_candidate	MANUAL_EMERGENCY_WORK_20260820_FIRST_PASS_V3_round01	MANUAL_EMERGENCY_WORK_20260820_SECOND_PASS_V3_round01	PASS: source-grounded second pass; method=Helsinki-NLP/opus-mt-en-uk_surface_candidate; exact Oxford definition='a public meeting or a march (= an organized walk by many people) at which people show that they are protesting against or supporting somebody/something'; candidate='демонстрація'; reverse='demo'; lexical=1.000; candidate_definition_similarity=0.704; reverse_definition_similarity=0.252; semantic=0.704; POS/language checks PASS.
ox5000-e32b57bb1abb824248d0	depart	verb	B2	verified	відпра́витися	https://www.oxfordlearnersdictionaries.com/us/definition/english/depart	MANUAL_EMERGENCY_WORK V3 exact Oxford identity; source_index=1417; definition_path=/us/definition/english/depart; stable_id=PASS; exact_definition='to leave a place, especially to start a trip'; selected_candidate_method=en_wiktionary_matching_pos_uk_translation	MANUAL_EMERGENCY_WORK_20260820_FIRST_PASS_V3_round01	MANUAL_EMERGENCY_WORK_20260820_SECOND_PASS_V3_round01	PASS: source-grounded second pass; method=en_wiktionary_matching_pos_uk_translation; exact Oxford definition='to leave a place, especially to start a trip'; candidate='відпра́витися'; reverse='clean up'; lexical=0.286; candidate_definition_similarity=0.381; reverse_definition_similarity=0.308; semantic=0.381; POS/language checks PASS.
ox5000-854fea13ca3a1e284c5e	dependent	adjective	B2	verified	залежний (підприємець): потрібен хтось або щось для того, щоб вижити або бути успішним	https://www.oxfordlearnersdictionaries.com/us/definition/english/dependent_1	MANUAL_EMERGENCY_WORK V3 exact Oxford identity; source_index=1422; definition_path=/us/definition/english/dependent_1; stable_id=PASS; exact_definition='needing somebody/something in order to survive or be successful'; selected_candidate_method=Helsinki-NLP/opus-mt-en-uk_contextual_definition_candidate	MANUAL_EMERGENCY_WORK_20260820_FIRST_PASS_V3_round01	MANUAL_EMERGENCY_WORK_20260820_SECOND_PASS_V3_round01	PASS: source-grounded second pass; method=Helsinki-NLP/opus-mt-en-uk_contextual_definition_candidate; exact Oxford definition='needing somebody/something in order to survive or be successful'; candidate='залежний (підприємець): потрібен хтось або щось для того, щоб вижити або бути успішним'; reverse='dependent: needs someone or something to survive or succeed'; lexical=1.000; candidate_definition_similarity=0.854; reverse_definition_similarity=0.800; semantic=0.854; POS/language checks PASS.
ox5000-14bbb1e944709030158a	deposit	noun	B2	verified	депозит	https://www.oxfordlearnersdictionaries.com/us/definition/english/deposit_1	MANUAL_EMERGENCY_WORK V3 exact Oxford identity; source_index=1426; definition_path=/us/definition/english/deposit_1; stable_id=PASS; exact_definition='a sum of money that is given as the first part of a larger payment'; selected_candidate_method=Helsinki-NLP/opus-mt-en-uk_surface_candidate	MANUAL_EMERGENCY_WORK_20260820_FIRST_PASS_V3_round01	MANUAL_EMERGENCY_WORK_20260820_SECOND_PASS_V3_round01	PASS: source-grounded second pass; method=Helsinki-NLP/opus-mt-en-uk_surface_candidate; exact Oxford definition='a sum of money that is given as the first part of a larger payment'; candidate='депозит'; reverse='deposit'; lexical=1.000; candidate_definition_similarity=0.550; reverse_definition_similarity=0.520; semantic=0.550; POS/language checks PASS.
ox5000-0e8d749dcccf250478e8	depression	noun	B2	verified	Депресія (ноун): дуже сумний, стурбований, без надії й часто має такі фізичні симптоми, як неспроможність спати, і так далі.	https://www.oxfordlearnersdictionaries.com/us/definition/english/depression	MANUAL_EMERGENCY_WORK V3 exact Oxford identity; source_index=1430; definition_path=/us/definition/english/depression; stable_id=PASS; exact_definition='a medical condition in which a person feels very sad, anxious and without hope and often has physical symptoms such as being unable to sleep, etc.'; selected_candidate_method=Helsinki-NLP/opus-mt-en-uk_contextual_definition_candidate	MANUAL_EMERGENCY_WORK_20260820_FIRST_PASS_V3_round01	MANUAL_EMERGENCY_WORK_20260820_SECOND_PASS_V3_round01	PASS: source-grounded second pass; method=Helsinki-NLP/opus-mt-en-uk_contextual_definition_candidate; exact Oxford definition='a medical condition in which a person feels very sad, anxious and without hope and often has physical symptoms such as being unable to sleep, etc.'; candidate='Депресія (ноун): дуже сумний, стурбований, без надії й часто має такі фізичні симптоми, як неспроможність спати, і так далі.'; reverse='Depression (North): Too sad, anxious, without hope, and often has such physical symptoms as inability to sleep, and so forth.'; lexical=1.000; candidate_definition_similarity=0.767; reverse_definition_similarity=0.683; semantic=0.767; POS/language checks PASS.
ox5000-d2c5893907a6fb9d1136	desperately	adverb	B2	verified	відчайдушно	https://www.oxfordlearnersdictionaries.com/us/definition/english/desperately	MANUAL_EMERGENCY_WORK V3 exact Oxford identity; source_index=1452; definition_path=/us/definition/english/desperately; stable_id=PASS; exact_definition='in a way that shows you have little hope and are ready to do anything without worrying about danger to yourself or others'; selected_candidate_method=Helsinki-NLP/opus-mt-en-uk_surface_candidate	MANUAL_EMERGENCY_WORK_20260820_FIRST_PASS_V3_round01	MANUAL_EMERGENCY_WORK_20260820_SECOND_PASS_V3_round01	PASS: source-grounded second pass; method=Helsinki-NLP/opus-mt-en-uk_surface_candidate; exact Oxford definition='in a way that shows you have little hope and are ready to do anything without worrying about danger to yourself or others'; candidate='відчайдушно'; reverse='desperate.'; lexical=1.000; candidate_definition_similarity=0.383; reverse_definition_similarity=0.272; semantic=0.383; POS/language checks PASS.
ox5000-850f52e28a1e074a2e01	destruction	noun	B2	verified	знищення (ніун): знищення чогось; процес знищення	https://www.oxfordlearnersdictionaries.com/us/definition/english/destruction	MANUAL_EMERGENCY_WORK V3 exact Oxford identity; source_index=1456; definition_path=/us/definition/english/destruction; stable_id=PASS; exact_definition='the act of destroying something; the process of being destroyed'; selected_candidate_method=Helsinki-NLP/opus-mt-en-uk_contextual_definition_candidate	MANUAL_EMERGENCY_WORK_20260820_FIRST_PASS_V3_round01	MANUAL_EMERGENCY_WORK_20260820_SECOND_PASS_V3_round01	PASS: source-grounded second pass; method=Helsinki-NLP/opus-mt-en-uk_contextual_definition_candidate; exact Oxford definition='the act of destroying something; the process of being destroyed'; candidate='знищення (ніун): знищення чогось; процес знищення'; reverse='destruction (Neun): destruction of something; destruction process'; lexical=1.000; candidate_definition_similarity=0.864; reverse_definition_similarity=0.867; semantic=0.867; POS/language checks PASS.
ox5000-20aefe39996728251d78	differ	verb	B2	verified	відрізняється (версія): бути відмінним від когось або чогось	https://www.oxfordlearnersdictionaries.com/us/definition/english/differ	MANUAL_EMERGENCY_WORK V3 exact Oxford identity; source_index=1488; definition_path=/us/definition/english/differ; stable_id=PASS; exact_definition='to be different from somebody/something'; selected_candidate_method=Helsinki-NLP/opus-mt-en-uk_contextual_definition_candidate	MANUAL_EMERGENCY_WORK_20260820_FIRST_PASS_V3_round01	MANUAL_EMERGENCY_WORK_20260820_SECOND_PASS_V3_round01	PASS: source-grounded second pass; method=Helsinki-NLP/opus-mt-en-uk_contextual_definition_candidate; exact Oxford definition='to be different from somebody/something'; candidate='відрізняється (версія): бути відмінним від когось або чогось'; reverse='different (version): be different from someone or something'; lexical=1.000; candidate_definition_similarity=0.856; reverse_definition_similarity=0.797; semantic=0.856; POS/language checks PASS.
ox5000-80fd9e80dfc8af738c00	disability	noun	B2	verified	непрацездатність (ноун): фізичний або психічний стан, через який комусь важко робити те, що може робити більшість інших людей.	https://www.oxfordlearnersdictionaries.com/us/definition/english/disability	MANUAL_EMERGENCY_WORK V3 exact Oxford identity; source_index=1514; definition_path=/us/definition/english/disability; stable_id=PASS; exact_definition='a physical or mental condition that makes it difficult for somebody to do some things that most other people can do'; selected_candidate_method=Helsinki-NLP/opus-mt-en-uk_contextual_definition_candidate	MANUAL_EMERGENCY_WORK_20260820_FIRST_PASS_V3_round01	MANUAL_EMERGENCY_WORK_20260820_SECOND_PASS_V3_round01	PASS: source-grounded second pass; method=Helsinki-NLP/opus-mt-en-uk_contextual_definition_candidate; exact Oxford definition='a physical or mental condition that makes it difficult for somebody to do some things that most other people can do'; candidate='непрацездатність (ноун): фізичний або психічний стан, через який комусь важко робити те, що може робити більшість інших людей.'; reverse='disability: physical or mental health problems that make it difficult for a person to do what most others may be able to do.'; lexical=1.000; candidate_definition_similarity=0.798; reverse_definition_similarity=0.762; semantic=0.798; POS/language checks PASS.
ox5000-dc02fc8291ad0b3d636e	disabled	adjective	B2	verified	вимкнено (підприємець): у вас є стан, який ускладнює роботу більшості людей.	https://www.oxfordlearnersdictionaries.com/us/definition/english/disabled	MANUAL_EMERGENCY_WORK V3 exact Oxford identity; source_index=1515; definition_path=/us/definition/english/disabled; stable_id=PASS; exact_definition='having a condition that makes it difficult for you to do some things that most other people can do'; selected_candidate_method=Helsinki-NLP/opus-mt-en-uk_contextual_definition_candidate	MANUAL_EMERGENCY_WORK_20260820_FIRST_PASS_V3_round01	MANUAL_EMERGENCY_WORK_20260820_SECOND_PASS_V3_round01	PASS: source-grounded second pass; method=Helsinki-NLP/opus-mt-en-uk_contextual_definition_candidate; exact Oxford definition='having a condition that makes it difficult for you to do some things that most other people can do'; candidate='вимкнено (підприємець): у вас є стан, який ускладнює роботу більшості людей.'; reverse='disabled (entrepreneur): You have a state that makes most people work more difficult.'; lexical=1.000; candidate_definition_similarity=0.691; reverse_definition_similarity=0.577; semantic=0.691; POS/language checks PASS.
ox5000-7cd186c49026db39bc01	disappoint	verb	B2	verified	розчаро́вувати	https://www.oxfordlearnersdictionaries.com/us/definition/english/disappoint	MANUAL_EMERGENCY_WORK V3 exact Oxford identity; source_index=1520; definition_path=/us/definition/english/disappoint; stable_id=PASS; exact_definition='to make somebody feel sad because something that they hope for or expect to happen does not happen or is not as good as they hoped'; selected_candidate_method=en_wiktionary_matching_pos_uk_translation	MANUAL_EMERGENCY_WORK_20260820_FIRST_PASS_V3_round01	MANUAL_EMERGENCY_WORK_20260820_SECOND_PASS_V3_round01	PASS: source-grounded second pass; method=en_wiktionary_matching_pos_uk_translation; exact Oxford definition='to make somebody feel sad because something that they hope for or expect to happen does not happen or is not as good as they hoped'; candidate='розчаро́вувати'; reverse='Disillusionment'; lexical=0.480; candidate_definition_similarity=0.514; reverse_definition_similarity=0.487; semantic=0.514; POS/language checks PASS.
ox5000-870e1a0c943fb0418b9d	disappointment	noun	B2	verified	розчарування	https://www.oxfordlearnersdictionaries.com/us/definition/english/disappointment	MANUAL_EMERGENCY_WORK V3 exact Oxford identity; source_index=1523; definition_path=/us/definition/english/disappointment; stable_id=PASS; exact_definition='the feeling of being sad because something has not happened or been as good, successful, etc. as you expected or hoped'; selected_candidate_method=Helsinki-NLP/opus-mt-en-uk_surface_candidate	MANUAL_EMERGENCY_WORK_20260820_FIRST_PASS_V3_round01	MANUAL_EMERGENCY_WORK_20260820_SECOND_PASS_V3_round01	PASS: source-grounded second pass; method=Helsinki-NLP/opus-mt-en-uk_surface_candidate; exact Oxford definition='the feeling of being sad because something has not happened or been as good, successful, etc. as you expected or hoped'; candidate='розчарування'; reverse='disappointment'; lexical=1.000; candidate_definition_similarity=0.584; reverse_definition_similarity=0.554; semantic=0.584; POS/language checks PASS.
ox5000-d779cdf09bbb40a923d2	disorder	noun	B2	verified	розлад (нун): стан або хвороба, яка спричиняє проблеми з частиною тіла або мозку.	https://www.oxfordlearnersdictionaries.com/us/definition/english/disorder	MANUAL_EMERGENCY_WORK V3 exact Oxford identity; source_index=1550; definition_path=/us/definition/english/disorder; stable_id=PASS; exact_definition='a condition or illness that causes problems with the way part of the body or brain works'; selected_candidate_method=Helsinki-NLP/opus-mt-en-uk_contextual_definition_candidate	MANUAL_EMERGENCY_WORK_20260820_FIRST_PASS_V3_round01	MANUAL_EMERGENCY_WORK_20260820_SECOND_PASS_V3_round01	PASS: source-grounded second pass; method=Helsinki-NLP/opus-mt-en-uk_contextual_definition_candidate; exact Oxford definition='a condition or illness that causes problems with the way part of the body or brain works'; candidate='розлад (нун): стан або хвороба, яка спричиняє проблеми з частиною тіла або мозку.'; reverse='disorder (nun): A condition or disease that causes problems with a part of the body or brain.'; lexical=1.000; candidate_definition_similarity=0.835; reverse_definition_similarity=0.742; semantic=0.835; POS/language checks PASS.
ox5000-a0c4ad550df69bfe8740	distinguish	verb	B2	verified	розрізня́ти	https://www.oxfordlearnersdictionaries.com/us/definition/english/distinguish	MANUAL_EMERGENCY_WORK V3 exact Oxford identity; source_index=1566; definition_path=/us/definition/english/distinguish; stable_id=PASS; exact_definition='to recognize the difference between two people or things'; selected_candidate_method=en_wiktionary_matching_pos_uk_translation	MANUAL_EMERGENCY_WORK_20260820_FIRST_PASS_V3_round01	MANUAL_EMERGENCY_WORK_20260820_SECOND_PASS_V3_round01	PASS: source-grounded second pass; method=en_wiktionary_matching_pos_uk_translation; exact Oxford definition='to recognize the difference between two people or things'; candidate='розрізня́ти'; reverse='distinguishing'; lexical=1.000; candidate_definition_similarity=0.552; reverse_definition_similarity=0.603; semantic=0.603; POS/language checks PASS.
ox5000-d06af1a8a59f85351d09	distract	verb	B2	verified	відволікати	https://www.oxfordlearnersdictionaries.com/us/definition/english/distract	MANUAL_EMERGENCY_WORK V3 exact Oxford identity; source_index=1568; definition_path=/us/definition/english/distract; stable_id=PASS; exact_definition='to take somebody’s attention away from what they are trying to do'; selected_candidate_method=en_wiktionary_matching_pos_uk_translation	MANUAL_EMERGENCY_WORK_20260820_FIRST_PASS_V3_round01	MANUAL_EMERGENCY_WORK_20260820_SECOND_PASS_V3_round01	PASS: source-grounded second pass; method=en_wiktionary_matching_pos_uk_translation; exact Oxford definition='to take somebody’s attention away from what they are trying to do'; candidate='відволікати'; reverse='distract'; lexical=1.000; candidate_definition_similarity=0.424; reverse_definition_similarity=0.515; semantic=0.515; POS/language checks PASS.
ox5000-4d721e65830d97429964	disturb	verb	B2	verified	турбувати (клацання): перервати роботу, сон тощо.	https://www.oxfordlearnersdictionaries.com/us/definition/english/disturb	MANUAL_EMERGENCY_WORK V3 exact Oxford identity; source_index=1574; definition_path=/us/definition/english/disturb; stable_id=PASS; exact_definition='to interrupt somebody when they are trying to work, sleep, etc.'; selected_candidate_method=Helsinki-NLP/opus-mt-en-uk_contextual_definition_candidate	MANUAL_EMERGENCY_WORK_20260820_FIRST_PASS_V3_round01	MANUAL_EMERGENCY_WORK_20260820_SECOND_PASS_V3_round01	PASS: source-grounded second pass; method=Helsinki-NLP/opus-mt-en-uk_contextual_definition_candidate; exact Oxford definition='to interrupt somebody when they are trying to work, sleep, etc.'; candidate='турбувати (клацання): перервати роботу, сон тощо.'; reverse='disturb (click): abort work, sleep, etc.'; lexical=1.000; candidate_definition_similarity=0.699; reverse_definition_similarity=0.625; semantic=0.699; POS/language checks PASS.
ox5000-ed14861541109f849043	dive	noun	B2	verified	пірнання	https://www.oxfordlearnersdictionaries.com/us/definition/english/dive_2	MANUAL_EMERGENCY_WORK V3 exact Oxford identity; source_index=1576; definition_path=/us/definition/english/dive_2; stable_id=PASS; exact_definition='a jump into deep water with your head first and your arms in front of you'; selected_candidate_method=Helsinki-NLP/opus-mt-en-uk_surface_candidate	MANUAL_EMERGENCY_WORK_20260820_FIRST_PASS_V3_round01	MANUAL_EMERGENCY_WORK_20260820_SECOND_PASS_V3_round01	PASS: source-grounded second pass; method=Helsinki-NLP/opus-mt-en-uk_surface_candidate; exact Oxford definition='a jump into deep water with your head first and your arms in front of you'; candidate='пірнання'; reverse='dive'; lexical=1.000; candidate_definition_similarity=0.295; reverse_definition_similarity=0.650; semantic=0.650; POS/language checks PASS.
ox5000-75ddd65afc704f846e0d	diverse	adjective	B2	verified	різноманітне	https://www.oxfordlearnersdictionaries.com/us/definition/english/diverse	MANUAL_EMERGENCY_WORK V3 exact Oxford identity; source_index=1578; definition_path=/us/definition/english/diverse; stable_id=PASS; exact_definition='very different from each other and of various kinds'; selected_candidate_method=Helsinki-NLP/opus-mt-en-uk_surface_candidate	MANUAL_EMERGENCY_WORK_20260820_FIRST_PASS_V3_round01	MANUAL_EMERGENCY_WORK_20260820_SECOND_PASS_V3_round01	PASS: source-grounded second pass; method=Helsinki-NLP/opus-mt-en-uk_surface_candidate; exact Oxford definition='very different from each other and of various kinds'; candidate='різноманітне'; reverse='various'; lexical=0.286; candidate_definition_similarity=0.542; reverse_definition_similarity=0.471; semantic=0.542; POS/language checks PASS.
ox5000-78eb3d58aa21dba7fa05	divorce	noun	B2	verified	розлучення (ноун): законне закінчення шлюбу	https://www.oxfordlearnersdictionaries.com/us/definition/english/divorce_1	MANUAL_EMERGENCY_WORK V3 exact Oxford identity; source_index=1585; definition_path=/us/definition/english/divorce_1; stable_id=PASS; exact_definition='the legal ending of a marriage'; selected_candidate_method=Helsinki-NLP/opus-mt-en-uk_contextual_definition_candidate	MANUAL_EMERGENCY_WORK_20260820_FIRST_PASS_V3_round01	MANUAL_EMERGENCY_WORK_20260820_SECOND_PASS_V3_round01	PASS: source-grounded second pass; method=Helsinki-NLP/opus-mt-en-uk_contextual_definition_candidate; exact Oxford definition='the legal ending of a marriage'; candidate='розлучення (ноун): законне закінчення шлюбу'; reverse='divorce (none): A legal end to marriage'; lexical=1.000; candidate_definition_similarity=0.860; reverse_definition_similarity=0.816; semantic=0.860; POS/language checks PASS.
ox5000-b660b49beb0bdf43c376	divorce	verb	B2	verified	розлуча́тися	https://www.oxfordlearnersdictionaries.com/us/definition/english/divorce_2	MANUAL_EMERGENCY_WORK V3 exact Oxford identity; source_index=1586; definition_path=/us/definition/english/divorce_2; stable_id=PASS; exact_definition='to end your marriage to somebody legally'; selected_candidate_method=en_wiktionary_matching_pos_uk_translation	MANUAL_EMERGENCY_WORK_20260820_FIRST_PASS_V3_round01	MANUAL_EMERGENCY_WORK_20260820_SECOND_PASS_V3_round01	PASS: source-grounded second pass; method=en_wiktionary_matching_pos_uk_translation; exact Oxford definition='to end your marriage to somebody legally'; candidate='розлуча́тися'; reverse='Divorce'; lexical=1.000; candidate_definition_similarity=0.592; reverse_definition_similarity=0.550; semantic=0.592; POS/language checks PASS.
ox5000-55e604d6e26994b92541	dominant	adjective	B2	verified	домінантний (підприємець): важливіший, потужніший або простий для позначення, ніж інші речі	https://www.oxfordlearnersdictionaries.com/us/definition/english/dominant	MANUAL_EMERGENCY_WORK V3 exact Oxford identity; source_index=1601; definition_path=/us/definition/english/dominant; stable_id=PASS; exact_definition='more important, powerful or easy to notice than other things'; selected_candidate_method=Helsinki-NLP/opus-mt-en-uk_contextual_definition_candidate	MANUAL_EMERGENCY_WORK_20260820_FIRST_PASS_V3_round01	MANUAL_EMERGENCY_WORK_20260820_SECOND_PASS_V3_round01	PASS: source-grounded second pass; method=Helsinki-NLP/opus-mt-en-uk_contextual_definition_candidate; exact Oxford definition='more important, powerful or easy to notice than other things'; candidate='домінантний (підприємець): важливіший, потужніший або простий для позначення, ніж інші речі'; reverse='dominant: more important, more powerful or simple to be marked than other things'; lexical=1.000; candidate_definition_similarity=0.738; reverse_definition_similarity=0.684; semantic=0.738; POS/language checks PASS.
ox5000-33b32b3d1d0304f7c6cf	donation	noun	B2	verified	Пожертва	https://www.oxfordlearnersdictionaries.com/us/definition/english/donation	MANUAL_EMERGENCY_WORK V3 exact Oxford identity; source_index=1604; definition_path=/us/definition/english/donation; stable_id=PASS; exact_definition='something that is given to a person or an organization such as a charity, in order to help them; the act of giving something in this way'; selected_candidate_method=Helsinki-NLP/opus-mt-en-uk_surface_candidate	MANUAL_EMERGENCY_WORK_20260820_FIRST_PASS_V3_round01	MANUAL_EMERGENCY_WORK_20260820_SECOND_PASS_V3_round01	PASS: source-grounded second pass; method=Helsinki-NLP/opus-mt-en-uk_surface_candidate; exact Oxford definition='something that is given to a person or an organization such as a charity, in order to help them; the act of giving something in this way'; candidate='Пожертва'; reverse='Donations'; lexical=1.000; candidate_definition_similarity=0.662; reverse_definition_similarity=0.641; semantic=0.662; POS/language checks PASS.
ox5000-d5832386f841cb656fdd	dot	noun	B2	verified	дот	https://www.oxfordlearnersdictionaries.com/us/definition/english/dot_1	MANUAL_EMERGENCY_WORK V3 exact Oxford identity; source_index=1608; definition_path=/us/definition/english/dot_1; stable_id=PASS; exact_definition='a small round mark, especially one that is printed'; selected_candidate_method=en_wiktionary_matching_pos_uk_translation	MANUAL_EMERGENCY_WORK_20260820_FIRST_PASS_V3_round01	MANUAL_EMERGENCY_WORK_20260820_SECOND_PASS_V3_round01	PASS: source-grounded second pass; method=en_wiktionary_matching_pos_uk_translation; exact Oxford definition='a small round mark, especially one that is printed'; candidate='дот'; reverse='tot'; lexical=0.667; candidate_definition_similarity=0.501; reverse_definition_similarity=0.278; semantic=0.501; POS/language checks PASS.
ox5000-b43793232b19c48ccb87	downtown	adverb	B2	verified	В центрі міста або в центрі, особливо в його головній діловій зоні.	https://www.oxfordlearnersdictionaries.com/us/definition/english/downtown_1	MANUAL_EMERGENCY_WORK V3 exact Oxford identity; source_index=1623; definition_path=/us/definition/english/downtown_1; stable_id=PASS; exact_definition='in or towards the centre of a city, especially its main business area'; selected_candidate_method=Helsinki-NLP/opus-mt-en-uk_contextual_definition_candidate	MANUAL_EMERGENCY_WORK_20260820_FIRST_PASS_V3_round01	MANUAL_EMERGENCY_WORK_20260820_SECOND_PASS_V3_round01	PASS: source-grounded second pass; method=Helsinki-NLP/opus-mt-en-uk_contextual_definition_candidate; exact Oxford definition='in or towards the centre of a city, especially its main business area'; candidate='В центрі міста або в центрі, особливо в його головній діловій зоні.'; reverse='In the middle of the city or downtown, especially in its main business zone.'; lexical=1.000; candidate_definition_similarity=0.917; reverse_definition_similarity=0.860; semantic=0.917; POS/language checks PASS.
ox5000-ec48035f7d2c76a494d0	downtown	noun	B2	verified	центр	https://www.oxfordlearnersdictionaries.com/us/definition/english/downtown_3	MANUAL_EMERGENCY_WORK V3 exact Oxford identity; source_index=1624; definition_path=/us/definition/english/downtown_3; stable_id=PASS; exact_definition='the centre of a city, especially its main business area'; selected_candidate_method=Helsinki-NLP/opus-mt-en-uk_surface_candidate	MANUAL_EMERGENCY_WORK_20260820_FIRST_PASS_V3_round01	MANUAL_EMERGENCY_WORK_20260820_SECOND_PASS_V3_round01	PASS: source-grounded second pass; method=Helsinki-NLP/opus-mt-en-uk_surface_candidate; exact Oxford definition='the centre of a city, especially its main business area'; candidate='центр'; reverse='center'; lexical=0.286; candidate_definition_similarity=0.474; reverse_definition_similarity=0.522; semantic=0.522; POS/language checks PASS.
ox5000-3f076cc2e24ceeab0e19	dramatically	adverb	B2	verified	драматично	https://www.oxfordlearnersdictionaries.com/us/definition/english/dramatically	MANUAL_EMERGENCY_WORK V3 exact Oxford identity; source_index=1634; definition_path=/us/definition/english/dramatically; stable_id=PASS; exact_definition='very suddenly and to a very great and often surprising degree'; selected_candidate_method=Helsinki-NLP/opus-mt-en-uk_surface_candidate	MANUAL_EMERGENCY_WORK_20260820_FIRST_PASS_V3_round01	MANUAL_EMERGENCY_WORK_20260820_SECOND_PASS_V3_round01	PASS: source-grounded second pass; method=Helsinki-NLP/opus-mt-en-uk_surface_candidate; exact Oxford definition='very suddenly and to a very great and often surprising degree'; candidate='драматично'; reverse='dramatic'; lexical=1.000; candidate_definition_similarity=0.562; reverse_definition_similarity=0.498; semantic=0.562; POS/language checks PASS.
ox5000-28fce2fd6625072758dd	drought	noun	B2	verified	за́суха	https://www.oxfordlearnersdictionaries.com/us/definition/english/drought	MANUAL_EMERGENCY_WORK V3 exact Oxford identity; source_index=1652; definition_path=/us/definition/english/drought; stable_id=PASS; exact_definition='a long period of time when there is little or no rain'; selected_candidate_method=en_wiktionary_matching_pos_uk_translation	MANUAL_EMERGENCY_WORK_20260820_FIRST_PASS_V3_round01	MANUAL_EMERGENCY_WORK_20260820_SECOND_PASS_V3_round01	PASS: source-grounded second pass; method=en_wiktionary_matching_pos_uk_translation; exact Oxford definition='a long period of time when there is little or no rain'; candidate='за́суха'; reverse='Drought'; lexical=1.000; candidate_definition_similarity=0.528; reverse_definition_similarity=0.428; semantic=0.528; POS/language checks PASS.
ox5000-7f327ac67d3382af1f36	duration	noun	B2	verified	тривалість (нуль): тривалість часу, протягом якого щось триває або продовжується	https://www.oxfordlearnersdictionaries.com/us/definition/english/duration	MANUAL_EMERGENCY_WORK V3 exact Oxford identity; source_index=1666; definition_path=/us/definition/english/duration; stable_id=PASS; exact_definition='the length of time that something lasts or continues'; selected_candidate_method=Helsinki-NLP/opus-mt-en-uk_contextual_definition_candidate	MANUAL_EMERGENCY_WORK_20260820_FIRST_PASS_V3_round01	MANUAL_EMERGENCY_WORK_20260820_SECOND_PASS_V3_round01	PASS: source-grounded second pass; method=Helsinki-NLP/opus-mt-en-uk_contextual_definition_candidate; exact Oxford definition='the length of time that something lasts or continues'; candidate='тривалість (нуль): тривалість часу, протягом якого щось триває або продовжується'; reverse='duration (zero): the duration of the time that something lasts or continues'; lexical=1.000; candidate_definition_similarity=0.821; reverse_definition_similarity=0.856; semantic=0.856; POS/language checks PASS.
ox5000-ef71bf152c656a55a7d0	dynamic	adjective	B2	verified	динамічний (підприємець): має багато енергії та сильної особистості.	https://www.oxfordlearnersdictionaries.com/us/definition/english/dynamic_1	MANUAL_EMERGENCY_WORK V3 exact Oxford identity; source_index=1671; definition_path=/us/definition/english/dynamic_1; stable_id=PASS; exact_definition='having a lot of energy and a strong personality'; selected_candidate_method=Helsinki-NLP/opus-mt-en-uk_contextual_definition_candidate	MANUAL_EMERGENCY_WORK_20260820_FIRST_PASS_V3_round01	MANUAL_EMERGENCY_WORK_20260820_SECOND_PASS_V3_round01	PASS: source-grounded second pass; method=Helsinki-NLP/opus-mt-en-uk_contextual_definition_candidate; exact Oxford definition='having a lot of energy and a strong personality'; candidate='динамічний (підприємець): має багато енергії та сильної особистості.'; reverse='dynamic (entrepreneur) has a lot of energy and strength.'; lexical=1.000; candidate_definition_similarity=0.720; reverse_definition_similarity=0.574; semantic=0.720; POS/language checks PASS.
ox5000-ca7f9728fd25d9f579b4	economics	noun	B2	verified	Економіка (нун): вивчення того, як суспільство організовує свої гроші, торгівлю та промисловість.	https://www.oxfordlearnersdictionaries.com/us/definition/english/economics	MANUAL_EMERGENCY_WORK V3 exact Oxford identity; source_index=1697; definition_path=/us/definition/english/economics; stable_id=PASS; exact_definition='the study of how a society organizes its money, trade and industry'; selected_candidate_method=Helsinki-NLP/opus-mt-en-uk_contextual_definition_candidate	MANUAL_EMERGENCY_WORK_20260820_FIRST_PASS_V3_round01	MANUAL_EMERGENCY_WORK_20260820_SECOND_PASS_V3_round01	PASS: source-grounded second pass; method=Helsinki-NLP/opus-mt-en-uk_contextual_definition_candidate; exact Oxford definition='the study of how a society organizes its money, trade and industry'; candidate='Економіка (нун): вивчення того, як суспільство організовує свої гроші, торгівлю та промисловість.'; reverse='Economics: A study of how society organizes its money, trade, and industry'; lexical=1.000; candidate_definition_similarity=0.902; reverse_definition_similarity=0.945; semantic=0.945; POS/language checks PASS.
ox5000-fbacc78ff91e8803a76c	economist	noun	B2	verified	економіст (нуун): людина, яка вивчає або пише про економіку	https://www.oxfordlearnersdictionaries.com/us/definition/english/economist	MANUAL_EMERGENCY_WORK V3 exact Oxford identity; source_index=1698; definition_path=/us/definition/english/economist; stable_id=PASS; exact_definition='a person who studies or writes about economics'; selected_candidate_method=Helsinki-NLP/opus-mt-en-uk_contextual_definition_candidate	MANUAL_EMERGENCY_WORK_20260820_FIRST_PASS_V3_round01	MANUAL_EMERGENCY_WORK_20260820_SECOND_PASS_V3_round01	PASS: source-grounded second pass; method=Helsinki-NLP/opus-mt-en-uk_contextual_definition_candidate; exact Oxford definition='a person who studies or writes about economics'; candidate='економіст (нуун): людина, яка вивчає або пише про економіку'; reverse="An economist: someone who's studying or writing about the economy"; lexical=1.000; candidate_definition_similarity=0.912; reverse_definition_similarity=0.894; semantic=0.912; POS/language checks PASS.
ox5000-0dffd09878151b2d113b	editorial	adjective	B2	verified	Редакторська (підприємець): пов'язана з завданням підготувати щось на зразок газети, книжки, телебачення чи радіопрограми, щоб її публікували або транслювали.	https://www.oxfordlearnersdictionaries.com/us/definition/english/editorial_1	MANUAL_EMERGENCY_WORK V3 exact Oxford identity; source_index=1704; definition_path=/us/definition/english/editorial_1; stable_id=PASS; exact_definition='connected with the task of preparing something such as a newspaper, a book or a television or radio programme, to be published or broadcast'; selected_candidate_method=Helsinki-NLP/opus-mt-en-uk_contextual_definition_candidate	MANUAL_EMERGENCY_WORK_20260820_FIRST_PASS_V3_round01	MANUAL_EMERGENCY_WORK_20260820_SECOND_PASS_V3_round01	PASS: source-grounded second pass; method=Helsinki-NLP/opus-mt-en-uk_contextual_definition_candidate; exact Oxford definition='connected with the task of preparing something such as a newspaper, a book or a television or radio programme, to be published or broadcast'; candidate="Редакторська (підприємець): пов'язана з завданням підготувати щось на зразок газети, книжки, телебачення чи радіопрограми, щоб її публікували або транслювали."; reverse='Editorial: The task of preparing something like newspapers, books, television, or radio programs to publish or broadcast.'; lexical=1.000; candidate_definition_similarity=0.827; reverse_definition_similarity=0.880; semantic=0.880; POS/language checks PASS.
ox5000-0f9b904543c55dfc5a83	efficiently	adverb	B2	verified	ефективно	https://www.oxfordlearnersdictionaries.com/us/definition/english/efficiently	MANUAL_EMERGENCY_WORK V3 exact Oxford identity; source_index=1716; definition_path=/us/definition/english/efficiently; stable_id=PASS; exact_definition='in a good and careful way, with no waste of time, money or energy'; selected_candidate_method=Helsinki-NLP/opus-mt-en-uk_surface_candidate	MANUAL_EMERGENCY_WORK_20260820_FIRST_PASS_V3_round01	MANUAL_EMERGENCY_WORK_20260820_SECOND_PASS_V3_round01	PASS: source-grounded second pass; method=Helsinki-NLP/opus-mt-en-uk_surface_candidate; exact Oxford definition='in a good and careful way, with no waste of time, money or energy'; candidate='ефективно'; reverse='effective'; lexical=0.500; candidate_definition_similarity=0.532; reverse_definition_similarity=0.475; semantic=0.532; POS/language checks PASS.
ox5000-5c9a079bb10c55b83870	elbow	noun	B2	verified	лікоть (нун): суглоб між верхніми і нижніми частинами руки, де він вигинається посередині.	https://www.oxfordlearnersdictionaries.com/us/definition/english/elbow_1	MANUAL_EMERGENCY_WORK V3 exact Oxford identity; source_index=1727; definition_path=/us/definition/english/elbow_1; stable_id=PASS; exact_definition='the joint between the upper and lower parts of the arm where it bends in the middle'; selected_candidate_method=Helsinki-NLP/opus-mt-en-uk_contextual_definition_candidate	MANUAL_EMERGENCY_WORK_20260820_FIRST_PASS_V3_round01	MANUAL_EMERGENCY_WORK_20260820_SECOND_PASS_V3_round01	PASS: source-grounded second pass; method=Helsinki-NLP/opus-mt-en-uk_contextual_definition_candidate; exact Oxford definition='the joint between the upper and lower parts of the arm where it bends in the middle'; candidate='лікоть (нун): суглоб між верхніми і нижніми частинами руки, де він вигинається посередині.'; reverse='elbow: joint between the upper and lower arms, where it bends in the middle'; lexical=1.000; candidate_definition_similarity=0.784; reverse_definition_similarity=0.941; semantic=0.941; POS/language checks PASS.
ox5000-c3007be8ab4931bb3d62	electronics	noun	B2	verified	Електроніка (нуун) - галузь науки і техніки, що вивчає електротехніку в електронному обладнанні.	https://www.oxfordlearnersdictionaries.com/us/definition/english/electronics	MANUAL_EMERGENCY_WORK V3 exact Oxford identity; source_index=1736; definition_path=/us/definition/english/electronics; stable_id=PASS; exact_definition='the branch of science and technology that studies electric currents in electronic equipment'; selected_candidate_method=Helsinki-NLP/opus-mt-en-uk_contextual_definition_candidate	MANUAL_EMERGENCY_WORK_20260820_FIRST_PASS_V3_round01	MANUAL_EMERGENCY_WORK_20260820_SECOND_PASS_V3_round01	PASS: source-grounded second pass; method=Helsinki-NLP/opus-mt-en-uk_contextual_definition_candidate; exact Oxford definition='the branch of science and technology that studies electric currents in electronic equipment'; candidate='Електроніка (нуун) - галузь науки і техніки, що вивчає електротехніку в електронному обладнанні.'; reverse='Electronics (nun) is a field of science and technology that studies electrical engineering in electronic equipment.'; lexical=1.000; candidate_definition_similarity=0.776; reverse_definition_similarity=0.718; semantic=0.776; POS/language checks PASS.
ox5000-2fe3e13b6adf5d961d3c	elegant	adjective	B2	verified	елегантний (примітник): привабливий і добрий стиль	https://www.oxfordlearnersdictionaries.com/us/definition/english/elegant	MANUAL_EMERGENCY_WORK V3 exact Oxford identity; source_index=1737; definition_path=/us/definition/english/elegant; stable_id=PASS; exact_definition='attractive and showing a good sense of style'; selected_candidate_method=Helsinki-NLP/opus-mt-en-uk_contextual_definition_candidate	MANUAL_EMERGENCY_WORK_20260820_FIRST_PASS_V3_round01	MANUAL_EMERGENCY_WORK_20260820_SECOND_PASS_V3_round01	PASS: source-grounded second pass; method=Helsinki-NLP/opus-mt-en-uk_contextual_definition_candidate; exact Oxford definition='attractive and showing a good sense of style'; candidate='елегантний (примітник): привабливий і добрий стиль'; reverse='elegant (note): attractive and good style'; lexical=1.000; candidate_definition_similarity=0.854; reverse_definition_similarity=0.724; semantic=0.854; POS/language checks PASS.
ox5000-c051d0b14e7554a2af4d	elementary	adjective	B2	verified	елементарний	https://www.oxfordlearnersdictionaries.com/us/definition/english/elementary	MANUAL_EMERGENCY_WORK V3 exact Oxford identity; source_index=1739; definition_path=/us/definition/english/elementary; stable_id=PASS; exact_definition='in or connected with the first stages of a course of study'; selected_candidate_method=Helsinki-NLP/opus-mt-en-uk_surface_candidate	MANUAL_EMERGENCY_WORK_20260820_FIRST_PASS_V3_round01	MANUAL_EMERGENCY_WORK_20260820_SECOND_PASS_V3_round01	PASS: source-grounded second pass; method=Helsinki-NLP/opus-mt-en-uk_surface_candidate; exact Oxford definition='in or connected with the first stages of a course of study'; candidate='елементарний'; reverse='elementary'; lexical=1.000; candidate_definition_similarity=0.333; reverse_definition_similarity=0.388; semantic=0.388; POS/language checks PASS.
ox5000-5ac94dbba9ae436c39a6	eliminate	verb	B2	verified	ліквідувати	https://www.oxfordlearnersdictionaries.com/us/definition/english/eliminate	MANUAL_EMERGENCY_WORK V3 exact Oxford identity; source_index=1744; definition_path=/us/definition/english/eliminate; stable_id=PASS; exact_definition='to remove or get rid of something'; selected_candidate_method=en_wiktionary_matching_pos_uk_translation	MANUAL_EMERGENCY_WORK_20260820_FIRST_PASS_V3_round01	MANUAL_EMERGENCY_WORK_20260820_SECOND_PASS_V3_round01	PASS: source-grounded second pass; method=en_wiktionary_matching_pos_uk_translation; exact Oxford definition='to remove or get rid of something'; candidate='ліквідувати'; reverse='liquidize'; lexical=0.444; candidate_definition_similarity=0.718; reverse_definition_similarity=0.280; semantic=0.718; POS/language checks PASS.
ox5000-08c78f8c2b7984d83249	embrace	verb	B2	verified	обіймати (версії): обіймати когось як знак любові або дружби	https://www.oxfordlearnersdictionaries.com/us/definition/english/embrace_2	MANUAL_EMERGENCY_WORK V3 exact Oxford identity; source_index=1757; definition_path=/us/definition/english/embrace_2; stable_id=PASS; exact_definition='to put your arms around somebody as a sign of love or friendship'; selected_candidate_method=Helsinki-NLP/opus-mt-en-uk_contextual_definition_candidate	MANUAL_EMERGENCY_WORK_20260820_FIRST_PASS_V3_round01	MANUAL_EMERGENCY_WORK_20260820_SECOND_PASS_V3_round01	PASS: source-grounded second pass; method=Helsinki-NLP/opus-mt-en-uk_contextual_definition_candidate; exact Oxford definition='to put your arms around somebody as a sign of love or friendship'; candidate='обіймати (версії): обіймати когось як знак любові або дружби'; reverse='embrace: hug someone as a sign of love or friendship'; lexical=1.000; candidate_definition_similarity=0.813; reverse_definition_similarity=0.796; semantic=0.813; POS/language checks PASS.
ox5000-bda1ffe3536ced59e99a	emission	noun	B2	verified	випромі́нювання	https://www.oxfordlearnersdictionaries.com/us/definition/english/emission	MANUAL_EMERGENCY_WORK V3 exact Oxford identity; source_index=1761; definition_path=/us/definition/english/emission; stable_id=PASS; exact_definition='the production or sending out of light, heat, gas, etc.'; selected_candidate_method=en_wiktionary_matching_pos_uk_translation	MANUAL_EMERGENCY_WORK_20260820_FIRST_PASS_V3_round01	MANUAL_EMERGENCY_WORK_20260820_SECOND_PASS_V3_round01	PASS: source-grounded second pass; method=en_wiktionary_matching_pos_uk_translation; exact Oxford definition='the production or sending out of light, heat, gas, etc.'; candidate='випромі́нювання'; reverse='Radiation'; lexical=0.471; candidate_definition_similarity=0.402; reverse_definition_similarity=0.328; semantic=0.402; POS/language checks PASS.
ox5000-240af653d10714d95f2d	emotionally	adverb	B2	verified	емоційне ( прислівник): у спосіб, який пов'язаний з почуттями людей (= з емоціями)	https://www.oxfordlearnersdictionaries.com/us/definition/english/emotionally	MANUAL_EMERGENCY_WORK V3 exact Oxford identity; source_index=1764; definition_path=/us/definition/english/emotionally; stable_id=PASS; exact_definition="in a way that is connected with people's feelings (= with the emotions)"; selected_candidate_method=Helsinki-NLP/opus-mt-en-uk_contextual_definition_candidate	MANUAL_EMERGENCY_WORK_20260820_FIRST_PASS_V3_round01	MANUAL_EMERGENCY_WORK_20260820_SECOND_PASS_V3_round01	PASS: source-grounded second pass; method=Helsinki-NLP/opus-mt-en-uk_contextual_definition_candidate; exact Oxford definition="in a way that is connected with people's feelings (= with the emotions)"; candidate="емоційне ( прислівник): у спосіб, який пов'язаний з почуттями людей (= з емоціями)"; reverse='emotional (Adverb): the way people feel (= to emotions)'; lexical=0.339; candidate_definition_similarity=0.854; reverse_definition_similarity=0.717; semantic=0.854; POS/language checks PASS.
ox5000-ee093cc46d1da14394f0	empire	noun	B2	verified	Імперія (нуун): група країн або держав, якими керує один провідник або уряд	https://www.oxfordlearnersdictionaries.com/us/definition/english/empire	MANUAL_EMERGENCY_WORK V3 exact Oxford identity; source_index=1767; definition_path=/us/definition/english/empire; stable_id=PASS; exact_definition='a group of countries or states that are controlled by one leader or government'; selected_candidate_method=Helsinki-NLP/opus-mt-en-uk_contextual_definition_candidate	MANUAL_EMERGENCY_WORK_20260820_FIRST_PASS_V3_round01	MANUAL_EMERGENCY_WORK_20260820_SECOND_PASS_V3_round01	PASS: source-grounded second pass; method=Helsinki-NLP/opus-mt-en-uk_contextual_definition_candidate; exact Oxford definition='a group of countries or states that are controlled by one leader or government'; candidate='Імперія (нуун): група країн або держав, якими керує один провідник або уряд'; reverse='Empire (nuun): A group of countries or states ruled by one ruler or government'; lexical=1.000; candidate_definition_similarity=0.833; reverse_definition_similarity=0.797; semantic=0.833; POS/language checks PASS.
ox5000-31d2c935d6d641420ba1	enjoyable	adjective	B2	verified	приємна (примітка): дарує задоволення	https://www.oxfordlearnersdictionaries.com/us/definition/english/enjoyable	MANUAL_EMERGENCY_WORK V3 exact Oxford identity; source_index=1805; definition_path=/us/definition/english/enjoyable; stable_id=PASS; exact_definition='giving pleasure'; selected_candidate_method=Helsinki-NLP/opus-mt-en-uk_contextual_definition_candidate	MANUAL_EMERGENCY_WORK_20260820_FIRST_PASS_V3_round01	MANUAL_EMERGENCY_WORK_20260820_SECOND_PASS_V3_round01	PASS: source-grounded second pass; method=Helsinki-NLP/opus-mt-en-uk_contextual_definition_candidate; exact Oxford definition='giving pleasure'; candidate='приємна (примітка): дарує задоволення'; reverse='nice (note): fun'; lexical=0.364; candidate_definition_similarity=0.838; reverse_definition_similarity=0.581; semantic=0.838; POS/language checks PASS.
ox5000-f49dfbb082c50aed8b4c	entertaining	adjective	B2	verified	розважа́льний	https://www.oxfordlearnersdictionaries.com/us/definition/english/entertaining	MANUAL_EMERGENCY_WORK V3 exact Oxford identity; source_index=1819; definition_path=/us/definition/english/entertaining; stable_id=PASS; exact_definition='that you enjoy watching, listening to, doing or experiencing'; selected_candidate_method=en_wiktionary_matching_pos_uk_translation	MANUAL_EMERGENCY_WORK_20260820_FIRST_PASS_V3_round01	MANUAL_EMERGENCY_WORK_20260820_SECOND_PASS_V3_round01	PASS: source-grounded second pass; method=en_wiktionary_matching_pos_uk_translation; exact Oxford definition='that you enjoy watching, listening to, doing or experiencing'; candidate='розважа́льний'; reverse='ambiguous'; lexical=0.286; candidate_definition_similarity=0.522; reverse_definition_similarity=0.155; semantic=0.522; POS/language checks PASS.
ox5000-8a474e14891c7a2f46d6	entrepreneur	noun	B2	verified	підприємець (нуун): людина, яка заробляє, запускаючи або займаючи підприємства, особливо коли це пов'язано з фінансовим ризиком.	https://www.oxfordlearnersdictionaries.com/us/definition/english/entrepreneur	MANUAL_EMERGENCY_WORK V3 exact Oxford identity; source_index=1829; definition_path=/us/definition/english/entrepreneur; stable_id=PASS; exact_definition='a person who makes money by starting or running businesses, especially when this involves taking financial risks'; selected_candidate_method=Helsinki-NLP/opus-mt-en-uk_contextual_definition_candidate	MANUAL_EMERGENCY_WORK_20260820_FIRST_PASS_V3_round01	MANUAL_EMERGENCY_WORK_20260820_SECOND_PASS_V3_round01	PASS: source-grounded second pass; method=Helsinki-NLP/opus-mt-en-uk_contextual_definition_candidate; exact Oxford definition='a person who makes money by starting or running businesses, especially when this involves taking financial risks'; candidate="підприємець (нуун): людина, яка заробляє, запускаючи або займаючи підприємства, особливо коли це пов'язано з фінансовим ризиком."; reverse='entrepreneur: A person who earns by starting or doing business, especially when it involves financial risks.'; lexical=1.000; candidate_definition_similarity=0.792; reverse_definition_similarity=0.759; semantic=0.792; POS/language checks PASS.
ox5000-9ef7efb306accd10f03f	envelope	noun	B2	verified	конверт (нун): плоский паперовий контейнер, що використовується для надсилання літер, з частиною, до якої ви кріпите, щоб закрити його	https://www.oxfordlearnersdictionaries.com/us/definition/english/envelope	MANUAL_EMERGENCY_WORK V3 exact Oxford identity; source_index=1831; definition_path=/us/definition/english/envelope; stable_id=PASS; exact_definition='a flat paper container used for sending letters in, with a part that you stick down to close it'; selected_candidate_method=Helsinki-NLP/opus-mt-en-uk_contextual_definition_candidate	MANUAL_EMERGENCY_WORK_20260820_FIRST_PASS_V3_round01	MANUAL_EMERGENCY_WORK_20260820_SECOND_PASS_V3_round01	PASS: source-grounded second pass; method=Helsinki-NLP/opus-mt-en-uk_contextual_definition_candidate; exact Oxford definition='a flat paper container used for sending letters in, with a part that you stick down to close it'; candidate='конверт (нун): плоский паперовий контейнер, що використовується для надсилання літер, з частиною, до якої ви кріпите, щоб закрити його'; reverse='envelope (nun): A flat paper container used to send letters, with part to which you attach to to close it'; lexical=1.000; candidate_definition_similarity=0.907; reverse_definition_similarity=0.870; semantic=0.907; POS/language checks PASS.
ox5000-bedeed830a30bd59f7b8	equivalent	adjective	B2	verified	еквівалентний (приміток): рівний у значеннях, кількості, значенню, важливості тощо.	https://www.oxfordlearnersdictionaries.com/us/definition/english/equivalent_2	MANUAL_EMERGENCY_WORK V3 exact Oxford identity; source_index=1844; definition_path=/us/definition/english/equivalent_2; stable_id=PASS; exact_definition='equal in value, amount, meaning, importance, etc.'; selected_candidate_method=Helsinki-NLP/opus-mt-en-uk_contextual_definition_candidate	MANUAL_EMERGENCY_WORK_20260820_FIRST_PASS_V3_round01	MANUAL_EMERGENCY_WORK_20260820_SECOND_PASS_V3_round01	PASS: source-grounded second pass; method=Helsinki-NLP/opus-mt-en-uk_contextual_definition_candidate; exact Oxford definition='equal in value, amount, meaning, importance, etc.'; candidate='еквівалентний (приміток): рівний у значеннях, кількості, значенню, важливості тощо.'; reverse='equivalent (note): equal to value, quantity, value, importance, etc.'; lexical=1.000; candidate_definition_similarity=0.869; reverse_definition_similarity=0.881; semantic=0.881; POS/language checks PASS.
ox5000-eae218cc17da85168d23	equivalent	noun	B2	verified	еквівалентний	https://www.oxfordlearnersdictionaries.com/us/definition/english/equivalent_1	MANUAL_EMERGENCY_WORK V3 exact Oxford identity; source_index=1845; definition_path=/us/definition/english/equivalent_1; stable_id=PASS; exact_definition='a thing, amount, word, etc. that is equal in value, meaning or purpose to something else'; selected_candidate_method=Helsinki-NLP/opus-mt-en-uk_surface_candidate	MANUAL_EMERGENCY_WORK_20260820_FIRST_PASS_V3_round01	MANUAL_EMERGENCY_WORK_20260820_SECOND_PASS_V3_round01	PASS: source-grounded second pass; method=Helsinki-NLP/opus-mt-en-uk_surface_candidate; exact Oxford definition='a thing, amount, word, etc. that is equal in value, meaning or purpose to something else'; candidate='еквівалентний'; reverse='equivalent'; lexical=1.000; candidate_definition_similarity=0.376; reverse_definition_similarity=0.492; semantic=0.492; POS/language checks PASS.
ox5000-56b353657dba1a61f24a	era	noun	B2	verified	ера (ніун): період часу, зазвичай в історії, який відрізняється від інших, через певні характеристики або події.	https://www.oxfordlearnersdictionaries.com/us/definition/english/era	MANUAL_EMERGENCY_WORK V3 exact Oxford identity; source_index=1846; definition_path=/us/definition/english/era; stable_id=PASS; exact_definition='a period of time, usually in history, that is different from other periods because of particular characteristics or events'; selected_candidate_method=Helsinki-NLP/opus-mt-en-uk_contextual_definition_candidate	MANUAL_EMERGENCY_WORK_20260820_FIRST_PASS_V3_round01	MANUAL_EMERGENCY_WORK_20260820_SECOND_PASS_V3_round01	PASS: source-grounded second pass; method=Helsinki-NLP/opus-mt-en-uk_contextual_definition_candidate; exact Oxford definition='a period of time, usually in history, that is different from other periods because of particular characteristics or events'; candidate='ера (ніун): період часу, зазвичай в історії, який відрізняється від інших, через певні характеристики або події.'; reverse='era (Neun): A period of time, usually in history that differs from others, because of certain characteristics or events.'; lexical=1.000; candidate_definition_similarity=0.797; reverse_definition_similarity=0.768; semantic=0.797; POS/language checks PASS.
ox5000-30d669c469a9c6d1e040	erupt	verb	B2	verified	виверга́ти	https://www.oxfordlearnersdictionaries.com/us/definition/english/erupt	MANUAL_EMERGENCY_WORK V3 exact Oxford identity; source_index=1849; definition_path=/us/definition/english/erupt; stable_id=PASS; exact_definition='when a volcano erupts or burning rocks, smoke, etc. erupt or are erupted , the burning rocks, etc. are thrown out from the volcano'; selected_candidate_method=en_wiktionary_matching_pos_uk_translation	MANUAL_EMERGENCY_WORK_20260820_FIRST_PASS_V3_round01	MANUAL_EMERGENCY_WORK_20260820_SECOND_PASS_V3_round01	PASS: source-grounded second pass; method=en_wiktionary_matching_pos_uk_translation; exact Oxford definition='when a volcano erupts or burning rocks, smoke, etc. erupt or are erupted , the burning rocks, etc. are thrown out from the volcano'; candidate='виверга́ти'; reverse='Eruptions'; lexical=1.000; candidate_definition_similarity=0.257; reverse_definition_similarity=0.591; semantic=0.591; POS/language checks PASS.
ox5000-ad62bcd01b35a0aa8cf5	essentially	adverb	B2	verified	по суті (верб) коли ви думаєте про справжню, важливу або базову природу когось або чогось	https://www.oxfordlearnersdictionaries.com/us/definition/english/essentially	MANUAL_EMERGENCY_WORK V3 exact Oxford identity; source_index=1857; definition_path=/us/definition/english/essentially; stable_id=PASS; exact_definition='when you think about the true, important or basic nature of somebody/something'; selected_candidate_method=Helsinki-NLP/opus-mt-en-uk_contextual_definition_candidate	MANUAL_EMERGENCY_WORK_20260820_FIRST_PASS_V3_round01	MANUAL_EMERGENCY_WORK_20260820_SECOND_PASS_V3_round01	PASS: source-grounded second pass; method=Helsinki-NLP/opus-mt-en-uk_contextual_definition_candidate; exact Oxford definition='when you think about the true, important or basic nature of somebody/something'; candidate='по суті (верб) коли ви думаєте про справжню, важливу або базову природу когось або чогось'; reverse="essentially (verb) when you think of someone's true, important, fundamental nature or something"; lexical=1.000; candidate_definition_similarity=0.940; reverse_definition_similarity=0.853; semantic=0.940; POS/language checks PASS.
