content_qa_run_id	data_factory_run_id	entry_id	source	part_of_speech	level	decision	ukrainian	qa_reason
MANUAL_EMERGENCY_WORK_20260820_SECOND_PASS_V7_round04	MANUAL_EMERGENCY_WORK_20260820_FIRST_PASS_V7_round04	ox5000-6cb94901ee4c66a30fb3	bold	adjective	B2	BLOCKED		BLOCKED V7: surface MT is candidate generation only; no independent sense-specific bilingual confirmation for this lexical value; exact Oxford definition='brave and confident; not afraid to say what you feel or to take risks'.
MANUAL_EMERGENCY_WORK_20260820_SECOND_PASS_V7_round04	MANUAL_EMERGENCY_WORK_20260820_FIRST_PASS_V7_round04	ox5000-336cd82ab74183c72edd	bombing	noun	B2	BLOCKED		BLOCKED V7: sense-bound bilingual confirmation did not survive alignment gate; exact Oxford definition='an occasion when a bomb is dropped or left somewhere; the act of doing this'.
MANUAL_EMERGENCY_WORK_20260820_SECOND_PASS_V7_round04	MANUAL_EMERGENCY_WORK_20260820_FIRST_PASS_V7_round04	ox5000-0324076e988934c9c7ca	booking	noun	B2	BLOCKED		BLOCKED V7: sense-specific Wiktionary gloss does not align with exact Oxford definition; gloss_similarity=0.483; lexical_overlap=0; exact Oxford definition='an arrangement that you make in advance to buy a ticket to travel somewhere, go to the theatre, etc.'.
MANUAL_EMERGENCY_WORK_20260820_SECOND_PASS_V7_round04	MANUAL_EMERGENCY_WORK_20260820_FIRST_PASS_V7_round04	ox5000-00636bc1e91847dc273e	boost	noun	B2	BLOCKED		BLOCKED V7: semantic role mismatch: Oxford definition requires person, reverse candidate looks process; exact Oxford definition='something that helps or encourages somebody/something'.
MANUAL_EMERGENCY_WORK_20260820_SECOND_PASS_V7_round04	MANUAL_EMERGENCY_WORK_20260820_FIRST_PASS_V7_round04	ox5000-c0b4a3f25a5eb7edbd5f	boost	verb	B2	BLOCKED		BLOCKED V7: verb candidate is not an appropriate Ukrainian infinitive/verb phrase; exact Oxford definition='to make something increase, or become better or more successful'.
MANUAL_EMERGENCY_WORK_20260820_SECOND_PASS_V7_round04	MANUAL_EMERGENCY_WORK_20260820_FIRST_PASS_V7_round04	ox5000-1f5a6ea35a13b0e40dd1	bound	adjective	B2	BLOCKED		BLOCKED V7: adjective candidate has no plausible Ukrainian adjective morphology; exact Oxford definition='certain or likely to happen, or to do or be something'.
MANUAL_EMERGENCY_WORK_20260820_SECOND_PASS_V7_round04	MANUAL_EMERGENCY_WORK_20260820_FIRST_PASS_V7_round04	ox5000-f36df4a285a808895f17	brick	noun	B2	BLOCKED		BLOCKED V7: sense-bound bilingual confirmation did not survive alignment gate; exact Oxford definition='baked clay used for building walls, houses and other buildings; an individual block of this'.
MANUAL_EMERGENCY_WORK_20260820_SECOND_PASS_V7_round04	MANUAL_EMERGENCY_WORK_20260820_FIRST_PASS_V7_round04	ox5000-c8c42d98d7e616f8064a	briefly	adverb	B2	BLOCKED		BLOCKED V7: multiword adverb candidate is not an adverbial phrase; exact Oxford definition='for a short time'.
MANUAL_EMERGENCY_WORK_20260820_SECOND_PASS_V7_round04	MANUAL_EMERGENCY_WORK_20260820_FIRST_PASS_V7_round04	ox5000-a29b52dd76fad8a77358	broadcaster	noun	B2	BLOCKED		BLOCKED V7: sense-bound bilingual confirmation did not survive alignment gate; exact Oxford definition='a person whose job is presenting or talking on television or radio programmes'.
MANUAL_EMERGENCY_WORK_20260820_SECOND_PASS_V7_round04	MANUAL_EMERGENCY_WORK_20260820_FIRST_PASS_V7_round04	ox5000-c665d95862829f444fe3	broadly	adverb	B2	BLOCKED		BLOCKED V7: surface MT is candidate generation only; no independent sense-specific bilingual confirmation for this lexical value; exact Oxford definition='generally, without considering details'.
MANUAL_EMERGENCY_WORK_20260820_SECOND_PASS_V7_round04	MANUAL_EMERGENCY_WORK_20260820_FIRST_PASS_V7_round04	ox5000-7e010b349356a4ff144c	bug	noun	B2	BLOCKED		BLOCKED V7: candidate has contradictory definition support despite sense-bound source; exact Oxford definition='any small insect'.
MANUAL_EMERGENCY_WORK_20260820_SECOND_PASS_V7_round04	MANUAL_EMERGENCY_WORK_20260820_FIRST_PASS_V7_round04	ox5000-bc1029015aec50c2aea1	cabin	noun	B2	BLOCKED		BLOCKED V7: sense-bound bilingual confirmation did not survive alignment gate; exact Oxford definition='a small room on a ship in which you live or sleep'.
MANUAL_EMERGENCY_WORK_20260820_SECOND_PASS_V7_round04	MANUAL_EMERGENCY_WORK_20260820_FIRST_PASS_V7_round04	ox5000-b575091301cde0aab47c	canal	noun	B2	BLOCKED		BLOCKED V7: sense-specific Wiktionary gloss does not align with exact Oxford definition; gloss_similarity=0.560; lexical_overlap=0; exact Oxford definition='a long straight passage dug in the ground and filled with water for boats and ships to travel along; a smaller passage used for carrying water to fields, crops, etc.'.
MANUAL_EMERGENCY_WORK_20260820_SECOND_PASS_V7_round04	MANUAL_EMERGENCY_WORK_20260820_FIRST_PASS_V7_round04	ox5000-6c90d20f57eaa3951076	candle	noun	B2	BLOCKED		BLOCKED V7: sense-bound bilingual confirmation did not survive alignment gate; exact Oxford definition='a round stick of wax with a piece of string (called a wick ) through the middle that is lit to give light as it burns'.
MANUAL_EMERGENCY_WORK_20260820_SECOND_PASS_V7_round04	MANUAL_EMERGENCY_WORK_20260820_FIRST_PASS_V7_round04	ox5000-aadc5f65541eae6cccd0	carbon	noun	B2	BLOCKED		BLOCKED V7: sense-bound bilingual confirmation did not survive alignment gate; exact Oxford definition='a chemical element. Carbon is found in all living things, existing in a pure state as diamond and graphite .'.
MANUAL_EMERGENCY_WORK_20260820_SECOND_PASS_V7_round04	MANUAL_EMERGENCY_WORK_20260820_FIRST_PASS_V7_round04	ox5000-9c94f94be7b1a888dd21	casual	adjective	B2	BLOCKED		BLOCKED V7: surface MT is candidate generation only; no independent sense-specific bilingual confirmation for this lexical value; exact Oxford definition='not formal'.
MANUAL_EMERGENCY_WORK_20260820_SECOND_PASS_V7_round04	MANUAL_EMERGENCY_WORK_20260820_FIRST_PASS_V7_round04	ox5000-2f11663a968a94ccb406	cave	noun	B2	BLOCKED		BLOCKED V7: sense-bound bilingual confirmation did not survive alignment gate; exact Oxford definition='a large hole in the side of a hill or cliff or under the ground'.
MANUAL_EMERGENCY_WORK_20260820_SECOND_PASS_V7_round04	MANUAL_EMERGENCY_WORK_20260820_FIRST_PASS_V7_round04	ox5000-1a9ae9f38cefadbdbe69	certainty	noun	B2	BLOCKED		BLOCKED V7: semantic role mismatch: Oxford definition requires state, reverse candidate looks generic; exact Oxford definition='the state of being certain'.
MANUAL_EMERGENCY_WORK_20260820_SECOND_PASS_V7_round04	MANUAL_EMERGENCY_WORK_20260820_FIRST_PASS_V7_round04	ox5000-f65ec664052307d40e5e	certificate	noun	B2	BLOCKED		BLOCKED V7: sense-bound bilingual confirmation did not survive alignment gate; exact Oxford definition='an official document that may be used to prove that the facts it states are true'.
MANUAL_EMERGENCY_WORK_20260820_SECOND_PASS_V7_round04	MANUAL_EMERGENCY_WORK_20260820_FIRST_PASS_V7_round04	ox5000-d11e4137c39c91300aa9	challenging	adjective	B2	BLOCKED		BLOCKED V7: surface MT is candidate generation only; no independent sense-specific bilingual confirmation for this lexical value; exact Oxford definition='difficult in an interesting way that tests your ability'.
MANUAL_EMERGENCY_WORK_20260820_SECOND_PASS_V7_round04	MANUAL_EMERGENCY_WORK_20260820_FIRST_PASS_V7_round04	ox5000-aa38df2298e6ecac59b2	charming	adjective	B2	BLOCKED		BLOCKED V7: surface MT is candidate generation only; no independent sense-specific bilingual confirmation for this lexical value; exact Oxford definition='very pleasant or attractive'.
MANUAL_EMERGENCY_WORK_20260820_SECOND_PASS_V7_round04	MANUAL_EMERGENCY_WORK_20260820_FIRST_PASS_V7_round04	ox5000-faf95786d6bb15f92757	chase	noun	B2	BLOCKED		BLOCKED V7: candidate is not predominantly Ukrainian; exact Oxford definition='an act of running or driving after somebody/something in order to catch them or it'.
MANUAL_EMERGENCY_WORK_20260820_SECOND_PASS_V7_round04	MANUAL_EMERGENCY_WORK_20260820_FIRST_PASS_V7_round04	ox5000-1c569c97ca81d70efaf2	chase	verb	B2	BLOCKED		BLOCKED V7: candidate is not predominantly Ukrainian; exact Oxford definition='to run, drive, etc. after somebody/something in order to catch them or it'.
MANUAL_EMERGENCY_WORK_20260820_SECOND_PASS_V7_round04	MANUAL_EMERGENCY_WORK_20260820_FIRST_PASS_V7_round04	ox5000-9f02d00aa1a75bbfe2ec	cheek	noun	B2	BLOCKED		BLOCKED V7: candidate has contradictory definition support despite sense-bound source; exact Oxford definition='either side of the face below the eyes'.
MANUAL_EMERGENCY_WORK_20260820_SECOND_PASS_V7_round04	MANUAL_EMERGENCY_WORK_20260820_FIRST_PASS_V7_round04	ox5000-e9afbf1e9b9ba09c65ee	cheer	noun	B2	BLOCKED		BLOCKED V7: V6 pymorphy3 uk has no requested-POS parse for 'веселий'; exact Oxford definition='a shout of joy, support or praise'.
MANUAL_EMERGENCY_WORK_20260820_SECOND_PASS_V7_round04	MANUAL_EMERGENCY_WORK_20260820_FIRST_PASS_V7_round04	ox5000-042f56b4f8aa0bfb23f1	cheer	verb	B2	BLOCKED		BLOCKED V7: verb candidate is not an appropriate Ukrainian infinitive/verb phrase; exact Oxford definition='to shout loudly, in order to show support or praise for somebody, or to encourage them'.
MANUAL_EMERGENCY_WORK_20260820_SECOND_PASS_V7_round04	MANUAL_EMERGENCY_WORK_20260820_FIRST_PASS_V7_round04	ox5000-4e45db7231a1deb4a27d	choir	noun	B2	BLOCKED		BLOCKED V7: semantic role mismatch: Oxford definition requires person, reverse candidate looks generic; exact Oxford definition='a group of people who sing together, for example in church services or public performances'.
MANUAL_EMERGENCY_WORK_20260820_SECOND_PASS_V7_round04	MANUAL_EMERGENCY_WORK_20260820_FIRST_PASS_V7_round04	ox5000-5f21cc31a80fe8b694f6	chop	verb	B2	BLOCKED		BLOCKED V7: English/source-language residue or model artifact; exact Oxford definition='to cut something into pieces with a sharp tool such as a knife'.
MANUAL_EMERGENCY_WORK_20260820_SECOND_PASS_V7_round04	MANUAL_EMERGENCY_WORK_20260820_FIRST_PASS_V7_round04	ox5000-14a30058a90886f8f5dc	circuit	noun	B2	BLOCKED		BLOCKED V7: semantic role mismatch: Oxford definition requires place, reverse candidate looks process; exact Oxford definition='a line, route or journey around a place'.
MANUAL_EMERGENCY_WORK_20260820_SECOND_PASS_V7_round04	MANUAL_EMERGENCY_WORK_20260820_FIRST_PASS_V7_round04	ox5000-50c859b7eef5dc7ea1e0	civilization	noun	B2	BLOCKED		BLOCKED V7: V6 candidate-specific Ukrainian lexical evidence missing/ambiguous or lacks exact English lexical mapping; exact Oxford definition='a state of human society that is very developed and organized'.
MANUAL_EMERGENCY_WORK_20260820_SECOND_PASS_V7_round04	MANUAL_EMERGENCY_WORK_20260820_FIRST_PASS_V7_round04	ox5000-086a5e82dfa259ffe944	clarify	verb	B2	BLOCKED		BLOCKED V7: sense-bound bilingual confirmation did not survive alignment gate; exact Oxford definition='to make something clearer or easier to understand'.
MANUAL_EMERGENCY_WORK_20260820_SECOND_PASS_V7_round04	MANUAL_EMERGENCY_WORK_20260820_FIRST_PASS_V7_round04	ox5000-6d64823d57328578c4d4	classify	verb	B2	BLOCKED		BLOCKED V7: sense-specific Wiktionary gloss does not align with exact Oxford definition; gloss_similarity=0.466; lexical_overlap=0; exact Oxford definition='to arrange something in groups according to features that they have in common'.
MANUAL_EMERGENCY_WORK_20260820_SECOND_PASS_V7_round04	MANUAL_EMERGENCY_WORK_20260820_FIRST_PASS_V7_round04	ox5000-123000ccb24aad3cb552	clerk	noun	B2	BLOCKED		BLOCKED V7: surface MT is candidate generation only; no independent sense-specific bilingual confirmation for this lexical value; exact Oxford definition='a person whose job is to serve customers in a shop'.
MANUAL_EMERGENCY_WORK_20260820_SECOND_PASS_V7_round04	MANUAL_EMERGENCY_WORK_20260820_FIRST_PASS_V7_round04	ox5000-bf7922083634871fd76e	cliff	noun	B2	BLOCKED		BLOCKED V7: V6 candidate-specific Ukrainian lexical evidence missing/ambiguous or lacks exact English lexical mapping; exact Oxford definition='a high area of rock with a very steep side, often at the edge of the sea or ocean'.
MANUAL_EMERGENCY_WORK_20260820_SECOND_PASS_V7_round04	MANUAL_EMERGENCY_WORK_20260820_FIRST_PASS_V7_round04	ox5000-065f94e1d344097a9fb6	clinic	noun	B2	BLOCKED		BLOCKED V7: V6 candidate-specific Ukrainian lexical evidence missing/ambiguous or lacks exact English lexical mapping; exact Oxford definition='a building or part of a hospital where people can go for special medical treatment or advice'.
MANUAL_EMERGENCY_WORK_20260820_SECOND_PASS_V7_round04	MANUAL_EMERGENCY_WORK_20260820_FIRST_PASS_V7_round04	ox5000-a57faf81bb42681a8e1a	clip	noun	B2	BLOCKED		BLOCKED V7: sense-specific Wiktionary gloss does not align with exact Oxford definition; gloss_similarity=0.282; lexical_overlap=0; exact Oxford definition='a short part of a film that is shown separately'.
MANUAL_EMERGENCY_WORK_20260820_SECOND_PASS_V7_round04	MANUAL_EMERGENCY_WORK_20260820_FIRST_PASS_V7_round04	ox5000-716808837b74db6359aa	coincidence	noun	B2	BLOCKED		BLOCKED V7: sense-specific Wiktionary gloss does not align with exact Oxford definition; gloss_similarity=0.568; lexical_overlap=0; exact Oxford definition='the fact of two things happening at the same time by chance, in a surprising way'.
MANUAL_EMERGENCY_WORK_20260820_SECOND_PASS_V7_round04	MANUAL_EMERGENCY_WORK_20260820_FIRST_PASS_V7_round04	ox5000-8c5031daad7f45108dc2	collector	noun	B2	BLOCKED		BLOCKED V7: V6 candidate-specific Ukrainian lexical evidence missing/ambiguous or lacks exact English lexical mapping; exact Oxford definition='a person who collects things, either as a hobby or as a job'.
MANUAL_EMERGENCY_WORK_20260820_SECOND_PASS_V7_round04	MANUAL_EMERGENCY_WORK_20260820_FIRST_PASS_V7_round04	ox5000-d986169e6087570a695b	colony	noun	B2	BLOCKED		BLOCKED V7: sense-bound bilingual confirmation did not survive alignment gate; exact Oxford definition='a country or an area that is governed by people from another, more powerful, country'.
MANUAL_EMERGENCY_WORK_20260820_SECOND_PASS_V7_round04	MANUAL_EMERGENCY_WORK_20260820_FIRST_PASS_V7_round04	ox5000-e8838df3182b0d30fd61	colourful	adjective	B2	BLOCKED		BLOCKED V7: surface MT is candidate generation only; no independent sense-specific bilingual confirmation for this lexical value; exact Oxford definition='full of bright colours or having a lot of different colours'.
MANUAL_EMERGENCY_WORK_20260820_SECOND_PASS_V7_round04	MANUAL_EMERGENCY_WORK_20260820_FIRST_PASS_V7_round04	ox5000-85c56babf231b6fd11a6	comic	adjective	B2	BLOCKED		BLOCKED V7: adjective candidate has no plausible Ukrainian adjective morphology; exact Oxford definition='humorous and making you laugh'.
MANUAL_EMERGENCY_WORK_20260820_SECOND_PASS_V7_round04	MANUAL_EMERGENCY_WORK_20260820_FIRST_PASS_V7_round04	ox5000-3ef335dbc548cf6ee9a2	comic	noun	B2	BLOCKED		BLOCKED V7: sense-specific Wiktionary gloss does not align with exact Oxford definition; gloss_similarity=0.168; lexical_overlap=0; exact Oxford definition='a magazine, usually for children, that tells stories through pictures'.
MANUAL_EMERGENCY_WORK_20260820_SECOND_PASS_V7_round04	MANUAL_EMERGENCY_WORK_20260820_FIRST_PASS_V7_round04	ox5000-8088b7e5636be8851c0c	commander	noun	B2	BLOCKED		BLOCKED V7: V6 candidate-specific Ukrainian lexical evidence missing/ambiguous or lacks exact English lexical mapping; exact Oxford definition='a person who is in charge of something, especially an officer in charge of a particular group of soldiers or a military operation'.
MANUAL_EMERGENCY_WORK_20260820_SECOND_PASS_V7_round04	MANUAL_EMERGENCY_WORK_20260820_FIRST_PASS_V7_round04	ox5000-39d12fcbbe01c1f981f5	comparative	adjective	B2	BLOCKED		BLOCKED V7: sense-specific Wiktionary gloss does not align with exact Oxford definition; gloss_similarity=0.554; lexical_overlap=0; exact Oxford definition='measured or judged by how similar or different it is to something else'.
MANUAL_EMERGENCY_WORK_20260820_SECOND_PASS_V7_round04	MANUAL_EMERGENCY_WORK_20260820_FIRST_PASS_V7_round04	ox5000-3b7af52b2f41a82a1271	completion	noun	B2	BLOCKED		BLOCKED V7: surface MT is candidate generation only; no independent sense-specific bilingual confirmation for this lexical value; exact Oxford definition='the act or process of finishing something; the state of being finished and complete'.
MANUAL_EMERGENCY_WORK_20260820_SECOND_PASS_V7_round04	MANUAL_EMERGENCY_WORK_20260820_FIRST_PASS_V7_round04	ox5000-e07de55ff108c88cf492	compose	verb	B2	BLOCKED		BLOCKED V7: sense-specific Wiktionary gloss does not align with exact Oxford definition; gloss_similarity=0.313; lexical_overlap=0; exact Oxford definition='to write music'.
MANUAL_EMERGENCY_WORK_20260820_SECOND_PASS_V7_round04	MANUAL_EMERGENCY_WORK_20260820_FIRST_PASS_V7_round04	ox5000-0f76508d4a3a6e8d10e7	compound	noun	B2	BLOCKED		BLOCKED V7: candidate is not predominantly Ukrainian; exact Oxford definition='a thing consisting of two or more separate things combined together'.
MANUAL_EMERGENCY_WORK_20260820_SECOND_PASS_V7_round04	MANUAL_EMERGENCY_WORK_20260820_FIRST_PASS_V7_round04	ox5000-cef7e9caa766c637d105	comprehensive	adjective	B2	BLOCKED		BLOCKED V7: sense-specific Wiktionary gloss does not align with exact Oxford definition; gloss_similarity=0.314; lexical_overlap=0; exact Oxford definition='including all, or almost all, the items, details, facts, information, etc., that may be involved'.
MANUAL_EMERGENCY_WORK_20260820_SECOND_PASS_V7_round04	MANUAL_EMERGENCY_WORK_20260820_FIRST_PASS_V7_round04	ox5000-6836ebe09ea109e5cb9c	comprise	verb	B2	BLOCKED		BLOCKED V7: sense-specific Wiktionary gloss does not align with exact Oxford definition; gloss_similarity=0.512; lexical_overlap=0; exact Oxford definition='to have somebody/something as parts or members'.
MANUAL_EMERGENCY_WORK_20260820_SECOND_PASS_V7_round04	MANUAL_EMERGENCY_WORK_20260820_FIRST_PASS_V7_round04	ox5000-ab47bcb0aeacbb3a4f2b	compulsory	adjective	B2	BLOCKED		BLOCKED V7: sense-specific Wiktionary gloss does not align with exact Oxford definition; gloss_similarity=0.488; lexical_overlap=0; exact Oxford definition='that must be done because of a law or a rule'.
MANUAL_EMERGENCY_WORK_20260820_SECOND_PASS_V7_round04	MANUAL_EMERGENCY_WORK_20260820_FIRST_PASS_V7_round04	ox5000-3dbc882686b6ebef26d1	concrete	adjective	B2	BLOCKED		BLOCKED V7: sense-specific Wiktionary gloss does not align with exact Oxford definition; gloss_similarity=0.348; lexical_overlap=0; exact Oxford definition='made of concrete'.
MANUAL_EMERGENCY_WORK_20260820_SECOND_PASS_V7_round04	MANUAL_EMERGENCY_WORK_20260820_FIRST_PASS_V7_round04	ox5000-5bc4fd2b67e8c09eca85	confess	verb	B2	BLOCKED		BLOCKED V7: surface MT is candidate generation only; no independent sense-specific bilingual confirmation for this lexical value; exact Oxford definition='to admit, especially formally or to the police, that you have done something wrong or illegal'.
MANUAL_EMERGENCY_WORK_20260820_SECOND_PASS_V7_round04	MANUAL_EMERGENCY_WORK_20260820_FIRST_PASS_V7_round04	ox5000-85a7a64b9f86bcca1831	confusion	noun	B2	BLOCKED		BLOCKED V7: surface MT is candidate generation only; no independent sense-specific bilingual confirmation for this lexical value; exact Oxford definition='a state of not being certain about what is happening, what you should do, what something means, etc.'.
MANUAL_EMERGENCY_WORK_20260820_SECOND_PASS_V7_round04	MANUAL_EMERGENCY_WORK_20260820_FIRST_PASS_V7_round04	ox5000-c88a5ab0c123045d4363	consequently	adverb	B2	BLOCKED		BLOCKED V7: multiword adverb candidate is not an adverbial phrase; exact Oxford definition='as a result; therefore'.
MANUAL_EMERGENCY_WORK_20260820_SECOND_PASS_V7_round04	MANUAL_EMERGENCY_WORK_20260820_FIRST_PASS_V7_round04	ox5000-0af7e2fe2fa36ccfdcac	conservation	noun	B2	BLOCKED		BLOCKED V7: sense-specific Wiktionary gloss does not align with exact Oxford definition; gloss_similarity=0.546; lexical_overlap=0; exact Oxford definition='the protection of the natural environment'.
MANUAL_EMERGENCY_WORK_20260820_SECOND_PASS_V7_round04	MANUAL_EMERGENCY_WORK_20260820_FIRST_PASS_V7_round04	ox5000-26a00e51322ff7c8d3ee	considerable	adjective	B2	BLOCKED		BLOCKED V7: candidate is not predominantly Ukrainian; exact Oxford definition='great in amount, size, importance, etc.'.
MANUAL_EMERGENCY_WORK_20260820_SECOND_PASS_V7_round04	MANUAL_EMERGENCY_WORK_20260820_FIRST_PASS_V7_round04	ox5000-326407a82f0ca95e4a7e	considerably	adverb	B2	BLOCKED		BLOCKED V7: surface MT is candidate generation only; no independent sense-specific bilingual confirmation for this lexical value; exact Oxford definition='much; a lot'.
MANUAL_EMERGENCY_WORK_20260820_SECOND_PASS_V7_round04	MANUAL_EMERGENCY_WORK_20260820_FIRST_PASS_V7_round04	ox5000-29eb47fd6a314aa1730d	consistently	adverb	B2	BLOCKED		BLOCKED V7: V6 pymorphy3 uk has no requested-POS parse for 'завжди'; exact Oxford definition='always the same'.
MANUAL_EMERGENCY_WORK_20260820_SECOND_PASS_V7_round04	MANUAL_EMERGENCY_WORK_20260820_FIRST_PASS_V7_round04	ox5000-b3dd4396526c004c1d2a	conspiracy	noun	B2	BLOCKED		BLOCKED V7: sense-bound bilingual confirmation did not survive alignment gate; exact Oxford definition='a secret plan by a group of people to do something harmful or illegal'.
MANUAL_EMERGENCY_WORK_20260820_SECOND_PASS_V7_round04	MANUAL_EMERGENCY_WORK_20260820_FIRST_PASS_V7_round04	ox5000-53a7b9ea5ca0a81c0606	consult	verb	B2	BLOCKED		BLOCKED V7: verb candidate is not an appropriate Ukrainian infinitive/verb phrase; exact Oxford definition='to go to somebody for information or advice'.
MANUAL_EMERGENCY_WORK_20260820_SECOND_PASS_V7_round04	MANUAL_EMERGENCY_WORK_20260820_FIRST_PASS_V7_round04	ox5000-e55a43ce5b36ea4927c8	consultant	noun	B2	BLOCKED		BLOCKED V7: Oxford definition requires person role but source/reverse role is not independently person-like (consultant); exact Oxford definition='a person who knows a lot about a particular subject and is employed to give advice about it to other people'.
MANUAL_EMERGENCY_WORK_20260820_SECOND_PASS_V7_round04	MANUAL_EMERGENCY_WORK_20260820_FIRST_PASS_V7_round04	ox5000-3c252e710be02044ad41	consumption	noun	B2	BLOCKED		BLOCKED V7: sense-bound bilingual confirmation did not survive alignment gate; exact Oxford definition='the act of using energy, food or materials; the amount used'.
MANUAL_EMERGENCY_WORK_20260820_SECOND_PASS_V7_round04	MANUAL_EMERGENCY_WORK_20260820_FIRST_PASS_V7_round04	ox5000-82041bb10d995697e45c	controversial	adjective	B2	BLOCKED		BLOCKED V7: sense-bound bilingual confirmation did not survive alignment gate; exact Oxford definition='causing a lot of angry public discussion and disagreement'.
MANUAL_EMERGENCY_WORK_20260820_SECOND_PASS_V7_round04	MANUAL_EMERGENCY_WORK_20260820_FIRST_PASS_V7_round04	ox5000-e8a0747e227d712361ce	controversy	noun	B2	BLOCKED		BLOCKED V7: candidate has contradictory definition support despite sense-bound source; exact Oxford definition='public discussion and argument about something that many people strongly disagree about, think is bad, or are shocked by'.
MANUAL_EMERGENCY_WORK_20260820_SECOND_PASS_V7_round04	MANUAL_EMERGENCY_WORK_20260820_FIRST_PASS_V7_round04	ox5000-dec69195d3cbcb283102	convenience	noun	B2	BLOCKED		BLOCKED V7: Oxford definition requires person role but source/reverse role is not independently person-like (convenience); exact Oxford definition='the quality of being useful, easy or suitable for somebody'.
MANUAL_EMERGENCY_WORK_20260820_SECOND_PASS_V7_round04	MANUAL_EMERGENCY_WORK_20260820_FIRST_PASS_V7_round04	ox5000-0f41dc7cf551486cfea5	convention	noun	B2	BLOCKED		BLOCKED V7: sense-specific Wiktionary gloss does not align with exact Oxford definition; gloss_similarity=0.234; lexical_overlap=0; exact Oxford definition='the way in which something is done that most people in a society expect and consider to be polite or the right way to do it'.
MANUAL_EMERGENCY_WORK_20260820_SECOND_PASS_V7_round04	MANUAL_EMERGENCY_WORK_20260820_FIRST_PASS_V7_round04	ox5000-e1c13a38e16cdfc2623d	conventional	adjective	B2	BLOCKED		BLOCKED V7: sense-bound bilingual confirmation did not survive alignment gate; exact Oxford definition='tending to follow what is done or considered acceptable by society in general; normal and ordinary, and perhaps not very interesting'.
MANUAL_EMERGENCY_WORK_20260820_SECOND_PASS_V7_round04	MANUAL_EMERGENCY_WORK_20260820_FIRST_PASS_V7_round04	ox5000-3ed6772c28d9fdbd70ca	convey	verb	B2	BLOCKED		BLOCKED V7: surface MT is candidate generation only; no independent sense-specific bilingual confirmation for this lexical value; exact Oxford definition='to make ideas, feelings, etc. known to somebody'.
MANUAL_EMERGENCY_WORK_20260820_SECOND_PASS_V7_round04	MANUAL_EMERGENCY_WORK_20260820_FIRST_PASS_V7_round04	ox5000-acdf0358f54cd515da09	convincing	adjective	B2	BLOCKED		BLOCKED V7: semantic role mismatch: Oxford definition requires person, reverse candidate looks generic; exact Oxford definition='that makes somebody believe that something is true'.
MANUAL_EMERGENCY_WORK_20260820_SECOND_PASS_V7_round04	MANUAL_EMERGENCY_WORK_20260820_FIRST_PASS_V7_round04	ox5000-7a10e528e2e5ee26cb22	cope	verb	B2	BLOCKED		BLOCKED V7: surface MT is candidate generation only; no independent sense-specific bilingual confirmation for this lexical value; exact Oxford definition='to deal successfully with something difficult'.
MANUAL_EMERGENCY_WORK_20260820_SECOND_PASS_V7_round04	MANUAL_EMERGENCY_WORK_20260820_FIRST_PASS_V7_round04	ox5000-71efa31e1845bf3e367e	corporation	noun	B2	BLOCKED		BLOCKED V7: sense-specific Wiktionary gloss does not align with exact Oxford definition; gloss_similarity=0.385; lexical_overlap=0; exact Oxford definition='a large business company'.
MANUAL_EMERGENCY_WORK_20260820_SECOND_PASS_V7_round04	MANUAL_EMERGENCY_WORK_20260820_FIRST_PASS_V7_round04	ox5000-1c94148d8ef30f683882	corridor	noun	B2	BLOCKED		BLOCKED V7: surface MT is candidate generation only; no independent sense-specific bilingual confirmation for this lexical value; exact Oxford definition='a long narrow passage in a building, with doors that open into rooms on either side'.
MANUAL_EMERGENCY_WORK_20260820_SECOND_PASS_V7_round04	MANUAL_EMERGENCY_WORK_20260820_FIRST_PASS_V7_round04	ox5000-a5d502e140ed298b6b90	corrupt	adjective	C1	BLOCKED		BLOCKED V7: sense-specific Wiktionary gloss does not align with exact Oxford definition; gloss_similarity=0.189; lexical_overlap=0; exact Oxford definition='willing to use their power to do dishonest or illegal things in return for money or to get an advantage'.
MANUAL_EMERGENCY_WORK_20260820_SECOND_PASS_V7_round04	MANUAL_EMERGENCY_WORK_20260820_FIRST_PASS_V7_round04	ox5000-9ebdcc1221c51b64dc68	corruption	noun	C1	BLOCKED		BLOCKED V7: sense-bound bilingual confirmation did not survive alignment gate; exact Oxford definition='dishonest or illegal behaviour, especially of people in authority'.
MANUAL_EMERGENCY_WORK_20260820_SECOND_PASS_V7_round04	MANUAL_EMERGENCY_WORK_20260820_FIRST_PASS_V7_round04	ox5000-66fcf81c27cba109d948	counter	noun	B2	BLOCKED		BLOCKED V7: sense-bound bilingual confirmation did not survive alignment gate; exact Oxford definition='a long flat surface over which goods are sold or business is done in a shop, bank, etc.'.
MANUAL_EMERGENCY_WORK_20260820_SECOND_PASS_V7_round04	MANUAL_EMERGENCY_WORK_20260820_FIRST_PASS_V7_round04	ox5000-7ab982c1e86cfa8707dd	coup	noun	C1	BLOCKED		BLOCKED V7: surface MT is candidate generation only; no independent sense-specific bilingual confirmation for this lexical value; exact Oxford definition='a sudden change of government that is illegal and often violent'.
MANUAL_EMERGENCY_WORK_20260820_SECOND_PASS_V7_round04	MANUAL_EMERGENCY_WORK_20260820_FIRST_PASS_V7_round04	ox5000-55a15b7d5ef384c80100	coverage	noun	B2	BLOCKED		BLOCKED V7: sense-bound bilingual confirmation did not survive alignment gate; exact Oxford definition='the reporting of news and sport in the media'.
MANUAL_EMERGENCY_WORK_20260820_SECOND_PASS_V7_round04	MANUAL_EMERGENCY_WORK_20260820_FIRST_PASS_V7_round04	ox5000-d1c900d343f498dba838	crack	noun	B2	BLOCKED		BLOCKED V7: sense-specific Wiktionary gloss does not align with exact Oxford definition; gloss_similarity=0.404; lexical_overlap=0; exact Oxford definition='a line on the surface of something where it has broken but not split into separate parts'.
MANUAL_EMERGENCY_WORK_20260820_SECOND_PASS_V7_round04	MANUAL_EMERGENCY_WORK_20260820_FIRST_PASS_V7_round04	ox5000-b4e92bed580e34479f83	crack	verb	B2	BLOCKED		BLOCKED V7: verb candidate is not an appropriate Ukrainian infinitive/verb phrase; exact Oxford definition='to break without dividing into separate parts; to break something in this way'.
MANUAL_EMERGENCY_WORK_20260820_SECOND_PASS_V7_round04	MANUAL_EMERGENCY_WORK_20260820_FIRST_PASS_V7_round04	ox5000-58b2e3328e4ac0838b4d	craft	noun	B2	BLOCKED		BLOCKED V7: sense-bound bilingual confirmation did not survive alignment gate; exact Oxford definition='an activity involving a special skill at making things with your hands'.
MANUAL_EMERGENCY_WORK_20260820_SECOND_PASS_V7_round04	MANUAL_EMERGENCY_WORK_20260820_FIRST_PASS_V7_round04	ox5000-95c41b3fd9cb792c67d3	creativity	noun	B2	BLOCKED		BLOCKED V7: surface MT is candidate generation only; no independent sense-specific bilingual confirmation for this lexical value; exact Oxford definition='the use of skill and imagination to produce something new or to produce art'.
MANUAL_EMERGENCY_WORK_20260820_SECOND_PASS_V7_round04	MANUAL_EMERGENCY_WORK_20260820_FIRST_PASS_V7_round04	ox5000-ce478e8e55423fc0eab3	critically	adverb	B2	BLOCKED		BLOCKED V7: semantic role mismatch: Oxford definition requires person, reverse candidate looks generic; exact Oxford definition='in a way that says what you think is bad about somebody/something'.
MANUAL_EMERGENCY_WORK_20260820_SECOND_PASS_V7_round04	MANUAL_EMERGENCY_WORK_20260820_FIRST_PASS_V7_round04	ox5000-83013615bdf6bfabd81c	cruise	noun	B2	BLOCKED		BLOCKED V7: sense-specific Wiktionary gloss does not align with exact Oxford definition; gloss_similarity=0.532; lexical_overlap=0; exact Oxford definition='a journey by ship or boat, visiting different places, especially as a holiday'.
MANUAL_EMERGENCY_WORK_20260820_SECOND_PASS_V7_round04	MANUAL_EMERGENCY_WORK_20260820_FIRST_PASS_V7_round04	ox5000-66932a98dca84a2dbbc3	cruise	verb	B2	BLOCKED		BLOCKED V7: verb candidate is not an appropriate Ukrainian infinitive/verb phrase; exact Oxford definition='to travel in a ship or boat visiting different places, especially as a holiday'.
MANUAL_EMERGENCY_WORK_20260820_SECOND_PASS_V7_round04	MANUAL_EMERGENCY_WORK_20260820_FIRST_PASS_V7_round04	ox5000-816dc4076d218bff7be8	cue	noun	B2	BLOCKED		BLOCKED V7: candidate is not predominantly Ukrainian; exact Oxford definition='an action or event that is a signal for somebody to do something'.
MANUAL_EMERGENCY_WORK_20260820_SECOND_PASS_V7_round04	MANUAL_EMERGENCY_WORK_20260820_FIRST_PASS_V7_round04	ox5000-bd34112b30a90cadea44	cult	adjective	C1	BLOCKED		BLOCKED V7: V6 pymorphy3 uk has no requested-POS parse for 'секта'; exact Oxford definition='very popular with a particular group of people'.
MANUAL_EMERGENCY_WORK_20260820_SECOND_PASS_V7_round04	MANUAL_EMERGENCY_WORK_20260820_FIRST_PASS_V7_round04	ox5000-f0ac4360614dd59c0109	cult	noun	C1	BLOCKED		BLOCKED V7: sense-specific Wiktionary gloss does not align with exact Oxford definition; gloss_similarity=0.187; lexical_overlap=0; exact Oxford definition='a way of life, an attitude, an idea, etc. that has become very popular'.
MANUAL_EMERGENCY_WORK_20260820_SECOND_PASS_V7_round04	MANUAL_EMERGENCY_WORK_20260820_FIRST_PASS_V7_round04	ox5000-979c0fd9679daf0c797f	curious	adjective	B2	BLOCKED		BLOCKED V7: sense-specific Wiktionary gloss does not align with exact Oxford definition; gloss_similarity=0.587; lexical_overlap=0; exact Oxford definition='having a strong desire to know about something'.
MANUAL_EMERGENCY_WORK_20260820_SECOND_PASS_V7_round04	MANUAL_EMERGENCY_WORK_20260820_FIRST_PASS_V7_round04	ox5000-0061f78f727f6b7f1472	curriculum	noun	B2	BLOCKED		BLOCKED V7: sense-specific Wiktionary gloss does not align with exact Oxford definition; gloss_similarity=0.604; lexical_overlap=0; exact Oxford definition='the subjects that are included in a course of study or taught in a school, college, etc.'.
MANUAL_EMERGENCY_WORK_20260820_SECOND_PASS_V7_round04	MANUAL_EMERGENCY_WORK_20260820_FIRST_PASS_V7_round04	ox5000-6ae71c9ddb8dfc06bde3	cute	adjective	B2	BLOCKED		BLOCKED V7: V6 candidate-specific Ukrainian lexical evidence missing/ambiguous or lacks exact English lexical mapping; exact Oxford definition='pretty and attractive'.
MANUAL_EMERGENCY_WORK_20260820_SECOND_PASS_V7_round04	MANUAL_EMERGENCY_WORK_20260820_FIRST_PASS_V7_round04	ox5000-90712ba3e8da49f8900a	dairy	adjective	B2	BLOCKED		BLOCKED V7: V6 candidate-specific Ukrainian lexical evidence missing/ambiguous or lacks exact English lexical mapping; exact Oxford definition='made from milk'.
MANUAL_EMERGENCY_WORK_20260820_SECOND_PASS_V7_round04	MANUAL_EMERGENCY_WORK_20260820_FIRST_PASS_V7_round04	ox5000-d88bfcbe9f4406457552	dairy	noun	B2	BLOCKED		BLOCKED V7: V6 candidate-specific Ukrainian lexical evidence missing/ambiguous or lacks exact English lexical mapping; exact Oxford definition='milk, cheese and other milk products'.
MANUAL_EMERGENCY_WORK_20260820_SECOND_PASS_V7_round04	MANUAL_EMERGENCY_WORK_20260820_FIRST_PASS_V7_round04	ox5000-558d5b9a795fc132d65a	dare	verb	B2	BLOCKED		BLOCKED V7: surface MT is candidate generation only; no independent sense-specific bilingual confirmation for this lexical value; exact Oxford definition='to be brave enough to do something'.
MANUAL_EMERGENCY_WORK_20260820_SECOND_PASS_V7_round04	MANUAL_EMERGENCY_WORK_20260820_FIRST_PASS_V7_round04	ox5000-fc30e2bef2db8ea80919	database	noun	B2	BLOCKED		BLOCKED V7: sense-specific Wiktionary gloss does not align with exact Oxford definition; gloss_similarity=0.543; lexical_overlap=0; exact Oxford definition='an organized set of data that is stored in a computer and can be looked at and used in various ways'.
MANUAL_EMERGENCY_WORK_20260820_SECOND_PASS_V7_round04	MANUAL_EMERGENCY_WORK_20260820_FIRST_PASS_V7_round04	ox5000-4071455ab57c18eb70f1	deadline	noun	B2	BLOCKED		BLOCKED V7: surface MT is candidate generation only; no independent sense-specific bilingual confirmation for this lexical value; exact Oxford definition='a point in time by which something must be done'.
MANUAL_EMERGENCY_WORK_20260820_SECOND_PASS_V7_round04	MANUAL_EMERGENCY_WORK_20260820_FIRST_PASS_V7_round04	ox5000-9d962d3c830072d569ab	deadly	adjective	B2	BLOCKED		BLOCKED V7: surface MT is candidate generation only; no independent sense-specific bilingual confirmation for this lexical value; exact Oxford definition='causing or likely to cause death'.
MANUAL_EMERGENCY_WORK_20260820_SECOND_PASS_V7_round04	MANUAL_EMERGENCY_WORK_20260820_FIRST_PASS_V7_round04	ox5000-46328b590c1ec5303a0c	dealer	noun	B2	BLOCKED		BLOCKED V7: semantic role mismatch: Oxford definition requires person, reverse candidate looks generic; exact Oxford definition='a person whose business is buying and selling a particular product'.
MANUAL_EMERGENCY_WORK_20260820_SECOND_PASS_V7_round04	MANUAL_EMERGENCY_WORK_20260820_FIRST_PASS_V7_round04	ox5000-0c6fa7977832afceb6d7	deck	noun	B2	BLOCKED		BLOCKED V7: sense-specific Wiktionary gloss does not align with exact Oxford definition; gloss_similarity=0.097; lexical_overlap=0; exact Oxford definition='the top outside floor of a ship or boat'.
MANUAL_EMERGENCY_WORK_20260820_SECOND_PASS_V7_round04	MANUAL_EMERGENCY_WORK_20260820_FIRST_PASS_V7_round04	ox5000-8de1d29a7d671e7035ab	defender	noun	B2	BLOCKED		BLOCKED V7: sense-specific Wiktionary gloss does not align with exact Oxford definition; gloss_similarity=0.618; lexical_overlap=0; exact Oxford definition='a player who must stop the other team from scoring in games such as football (soccer), hockey, etc.'.
MANUAL_EMERGENCY_WORK_20260820_SECOND_PASS_V7_round04	MANUAL_EMERGENCY_WORK_20260820_FIRST_PASS_V7_round04	ox5000-e841597e446a171297b2	delete	verb	B2	BLOCKED		BLOCKED V7: surface MT is candidate generation only; no independent sense-specific bilingual confirmation for this lexical value; exact Oxford definition='to remove something that has been written or printed, or that has been stored on a computer'.
MANUAL_EMERGENCY_WORK_20260820_SECOND_PASS_V7_round04	MANUAL_EMERGENCY_WORK_20260820_FIRST_PASS_V7_round04	ox5000-df0c2f847440bde50b2f	democratic	adjective	B2	BLOCKED		BLOCKED V7: sense-specific Wiktionary gloss does not align with exact Oxford definition; gloss_similarity=0.620; lexical_overlap=0; exact Oxford definition='controlled by representatives who are elected by the people of a country; connected with this system'.
MANUAL_EMERGENCY_WORK_20260820_SECOND_PASS_V7_round04	MANUAL_EMERGENCY_WORK_20260820_FIRST_PASS_V7_round04	ox5000-75f4e15f239ab6722fa1	demonstration	noun	B2	BLOCKED		BLOCKED V7: semantic role mismatch: Oxford definition requires person, reverse candidate looks process; exact Oxford definition='a public meeting or a march (= an organized walk by many people) at which people show that they are protesting against or supporting somebody/something'.
MANUAL_EMERGENCY_WORK_20260820_SECOND_PASS_V7_round04	MANUAL_EMERGENCY_WORK_20260820_FIRST_PASS_V7_round04	ox5000-e32b57bb1abb824248d0	depart	verb	B2	BLOCKED		BLOCKED V7: candidate is not predominantly Ukrainian; exact Oxford definition='to leave a place, especially to start a trip'.
MANUAL_EMERGENCY_WORK_20260820_SECOND_PASS_V7_round04	MANUAL_EMERGENCY_WORK_20260820_FIRST_PASS_V7_round04	ox5000-854fea13ca3a1e284c5e	dependent	adjective	B2	BLOCKED		BLOCKED V7: semantic role mismatch: Oxford definition requires person, reverse candidate looks generic; exact Oxford definition='needing somebody/something in order to survive or be successful'.
MANUAL_EMERGENCY_WORK_20260820_SECOND_PASS_V7_round04	MANUAL_EMERGENCY_WORK_20260820_FIRST_PASS_V7_round04	ox5000-14bbb1e944709030158a	deposit	noun	B2	BLOCKED		BLOCKED V7: sense-bound bilingual confirmation did not survive alignment gate; exact Oxford definition='a sum of money that is given as the first part of a larger payment'.
MANUAL_EMERGENCY_WORK_20260820_SECOND_PASS_V7_round04	MANUAL_EMERGENCY_WORK_20260820_FIRST_PASS_V7_round04	ox5000-0e8d749dcccf250478e8	depression	noun	B2	BLOCKED		BLOCKED V7: Oxford definition requires person role but source/reverse role is not independently person-like (depression); exact Oxford definition='a medical condition in which a person feels very sad, anxious and without hope and often has physical symptoms such as being unable to sleep, etc.'.
MANUAL_EMERGENCY_WORK_20260820_SECOND_PASS_V7_round04	MANUAL_EMERGENCY_WORK_20260820_FIRST_PASS_V7_round04	ox5000-71e206a3f3fcd711ce46	derive	verb	B2	BLOCKED		BLOCKED V7: Oxford definition text not found at exact definition path; exact Oxford definition=''.
MANUAL_EMERGENCY_WORK_20260820_SECOND_PASS_V7_round04	MANUAL_EMERGENCY_WORK_20260820_FIRST_PASS_V7_round04	ox5000-d2c5893907a6fb9d1136	desperately	adverb	B2	BLOCKED		BLOCKED V7: sense-specific Wiktionary gloss does not align with exact Oxford definition; gloss_similarity=0.370; lexical_overlap=0; exact Oxford definition='in a way that shows you have little hope and are ready to do anything without worrying about danger to yourself or others'.
MANUAL_EMERGENCY_WORK_20260820_SECOND_PASS_V7_round04	MANUAL_EMERGENCY_WORK_20260820_FIRST_PASS_V7_round04	ox5000-850f52e28a1e074a2e01	destruction	noun	B2	BLOCKED		BLOCKED V7: V6 candidate-specific Ukrainian lexical evidence missing/ambiguous or lacks exact English lexical mapping; exact Oxford definition='the act of destroying something; the process of being destroyed'.
MANUAL_EMERGENCY_WORK_20260820_SECOND_PASS_V7_round04	MANUAL_EMERGENCY_WORK_20260820_FIRST_PASS_V7_round04	ox5000-5b3bd8fde7b374b2bfab	determination	noun	B2	BLOCKED		BLOCKED V7: sense-bound bilingual confirmation did not survive alignment gate; exact Oxford definition='the quality that makes you continue trying to do something even when this is difficult'.
MANUAL_EMERGENCY_WORK_20260820_SECOND_PASS_V7_round04	MANUAL_EMERGENCY_WORK_20260820_FIRST_PASS_V7_round04	ox5000-56ba360389067adbba25	devote	verb	B2	BLOCKED		BLOCKED V7: Oxford definition text not found at exact definition path; exact Oxford definition=''.
MANUAL_EMERGENCY_WORK_20260820_SECOND_PASS_V7_round04	MANUAL_EMERGENCY_WORK_20260820_FIRST_PASS_V7_round04	ox5000-20aefe39996728251d78	differ	verb	B2	BLOCKED		BLOCKED V7: semantic role mismatch: Oxford definition requires person, reverse candidate looks generic; exact Oxford definition='to be different from somebody/something'.
MANUAL_EMERGENCY_WORK_20260820_SECOND_PASS_V7_round04	MANUAL_EMERGENCY_WORK_20260820_FIRST_PASS_V7_round04	ox5000-80fd9e80dfc8af738c00	disability	noun	B2	BLOCKED		BLOCKED V7: Oxford definition requires person role but source/reverse role is not independently person-like (disability); exact Oxford definition='a physical or mental condition that makes it difficult for somebody to do some things that most other people can do'.
MANUAL_EMERGENCY_WORK_20260820_SECOND_PASS_V7_round04	MANUAL_EMERGENCY_WORK_20260820_FIRST_PASS_V7_round04	ox5000-dc02fc8291ad0b3d636e	disabled	adjective	B2	BLOCKED		BLOCKED V7: semantic role mismatch: Oxford definition requires state, reverse candidate looks generic; exact Oxford definition='having a condition that makes it difficult for you to do some things that most other people can do'.
MANUAL_EMERGENCY_WORK_20260820_SECOND_PASS_V7_round04	MANUAL_EMERGENCY_WORK_20260820_FIRST_PASS_V7_round04	ox5000-cf8453ee7b04d2901e89	disagreement	noun	B2	BLOCKED		BLOCKED V7: surface MT is candidate generation only; no independent sense-specific bilingual confirmation for this lexical value; exact Oxford definition='a situation where people have different opinions about something and often argue'.
MANUAL_EMERGENCY_WORK_20260820_SECOND_PASS_V7_round04	MANUAL_EMERGENCY_WORK_20260820_FIRST_PASS_V7_round04	ox5000-7cd186c49026db39bc01	disappoint	verb	B2	BLOCKED		BLOCKED V7: verb candidate is not an appropriate Ukrainian infinitive/verb phrase; exact Oxford definition='to make somebody feel sad because something that they hope for or expect to happen does not happen or is not as good as they hoped'.
MANUAL_EMERGENCY_WORK_20260820_SECOND_PASS_V7_round04	MANUAL_EMERGENCY_WORK_20260820_FIRST_PASS_V7_round04	ox5000-870e1a0c943fb0418b9d	disappointment	noun	B2	BLOCKED		BLOCKED V7: surface MT is candidate generation only; no independent sense-specific bilingual confirmation for this lexical value; exact Oxford definition='the feeling of being sad because something has not happened or been as good, successful, etc. as you expected or hoped'.
MANUAL_EMERGENCY_WORK_20260820_SECOND_PASS_V7_round04	MANUAL_EMERGENCY_WORK_20260820_FIRST_PASS_V7_round04	ox5000-7218b3757288c078fffe	discourage	verb	B2	BLOCKED		BLOCKED V7: semantic role mismatch: Oxford definition requires person, reverse candidate looks generic; exact Oxford definition='to try to prevent something or to prevent somebody from doing something, especially by making it difficult to do or by showing that you do not approve of it'.
MANUAL_EMERGENCY_WORK_20260820_SECOND_PASS_V7_round04	MANUAL_EMERGENCY_WORK_20260820_FIRST_PASS_V7_round04	ox5000-d779cdf09bbb40a923d2	disorder	noun	B2	BLOCKED		BLOCKED V7: sense-specific Wiktionary gloss does not align with exact Oxford definition; gloss_similarity=0.523; lexical_overlap=0; exact Oxford definition='a condition or illness that causes problems with the way part of the body or brain works'.
MANUAL_EMERGENCY_WORK_20260820_SECOND_PASS_V7_round04	MANUAL_EMERGENCY_WORK_20260820_FIRST_PASS_V7_round04	ox5000-5e7d80af5eef97168291	distant	adjective	B2	BLOCKED		BLOCKED V7: surface MT is candidate generation only; no independent sense-specific bilingual confirmation for this lexical value; exact Oxford definition='far away in space or time'.
MANUAL_EMERGENCY_WORK_20260820_SECOND_PASS_V7_round04	MANUAL_EMERGENCY_WORK_20260820_FIRST_PASS_V7_round04	ox5000-1d3333e465f30469350d	distinct	adjective	B2	BLOCKED		BLOCKED V7: sense-specific Wiktionary gloss does not align with exact Oxford definition; gloss_similarity=0.402; lexical_overlap=0; exact Oxford definition='easily or clearly heard, seen, felt, etc.'.
MANUAL_EMERGENCY_WORK_20260820_SECOND_PASS_V7_round04	MANUAL_EMERGENCY_WORK_20260820_FIRST_PASS_V7_round04	ox5000-a0c4ad550df69bfe8740	distinguish	verb	B2	BLOCKED		BLOCKED V7: sense-bound bilingual confirmation did not survive alignment gate; exact Oxford definition='to recognize the difference between two people or things'.
MANUAL_EMERGENCY_WORK_20260820_SECOND_PASS_V7_round04	MANUAL_EMERGENCY_WORK_20260820_FIRST_PASS_V7_round04	ox5000-d06af1a8a59f85351d09	distract	verb	B2	BLOCKED		BLOCKED V7: Oxford definition requires person role but source/reverse role is not independently person-like (distract); exact Oxford definition='to take somebody’s attention away from what they are trying to do'.
MANUAL_EMERGENCY_WORK_20260820_SECOND_PASS_V7_round04	MANUAL_EMERGENCY_WORK_20260820_FIRST_PASS_V7_round04	ox5000-4d721e65830d97429964	disturb	verb	B2	BLOCKED		BLOCKED V7: candidate is not predominantly Ukrainian; exact Oxford definition='to interrupt somebody when they are trying to work, sleep, etc.'.
MANUAL_EMERGENCY_WORK_20260820_SECOND_PASS_V7_round04	MANUAL_EMERGENCY_WORK_20260820_FIRST_PASS_V7_round04	ox5000-ed14861541109f849043	dive	noun	B2	BLOCKED		BLOCKED V7: surface MT is candidate generation only; no independent sense-specific bilingual confirmation for this lexical value; exact Oxford definition='a jump into deep water with your head first and your arms in front of you'.
MANUAL_EMERGENCY_WORK_20260820_SECOND_PASS_V7_round04	MANUAL_EMERGENCY_WORK_20260820_FIRST_PASS_V7_round04	ox5000-6295e7f64b9eba4b0db2	dive	verb	B2	BLOCKED		BLOCKED V7: V6 candidate-specific Ukrainian lexical evidence missing/ambiguous or lacks exact English lexical mapping; exact Oxford definition='to jump into water with your head and arms going in first'.
MANUAL_EMERGENCY_WORK_20260820_SECOND_PASS_V7_round04	MANUAL_EMERGENCY_WORK_20260820_FIRST_PASS_V7_round04	ox5000-75ddd65afc704f846e0d	diverse	adjective	B2	BLOCKED		BLOCKED V7: sense-bound bilingual confirmation did not survive alignment gate; exact Oxford definition='very different from each other and of various kinds'.
MANUAL_EMERGENCY_WORK_20260820_SECOND_PASS_V7_round04	MANUAL_EMERGENCY_WORK_20260820_FIRST_PASS_V7_round04	ox5000-4933941ca6507b1fe891	diversity	noun	B2	BLOCKED		BLOCKED V7: sense-specific Wiktionary gloss does not align with exact Oxford definition; gloss_similarity=0.495; lexical_overlap=0; exact Oxford definition='a range of many people or things that are very different from each other'.
MANUAL_EMERGENCY_WORK_20260820_SECOND_PASS_V7_round04	MANUAL_EMERGENCY_WORK_20260820_FIRST_PASS_V7_round04	ox5000-78eb3d58aa21dba7fa05	divorce	noun	B2	BLOCKED		BLOCKED V7: V6 candidate-specific Ukrainian lexical evidence missing/ambiguous or lacks exact English lexical mapping; exact Oxford definition='the legal ending of a marriage'.
MANUAL_EMERGENCY_WORK_20260820_SECOND_PASS_V7_round04	MANUAL_EMERGENCY_WORK_20260820_FIRST_PASS_V7_round04	ox5000-b660b49beb0bdf43c376	divorce	verb	B2	BLOCKED		BLOCKED V7: Oxford definition requires person role but source/reverse role is not independently person-like (divorce); exact Oxford definition='to end your marriage to somebody legally'.
MANUAL_EMERGENCY_WORK_20260820_SECOND_PASS_V7_round04	MANUAL_EMERGENCY_WORK_20260820_FIRST_PASS_V7_round04	ox5000-55e604d6e26994b92541	dominant	adjective	B2	BLOCKED		BLOCKED V7: adjective candidate has no plausible Ukrainian adjective morphology; exact Oxford definition='more important, powerful or easy to notice than other things'.
MANUAL_EMERGENCY_WORK_20260820_SECOND_PASS_V7_round04	MANUAL_EMERGENCY_WORK_20260820_FIRST_PASS_V7_round04	ox5000-33b32b3d1d0304f7c6cf	donation	noun	B2	BLOCKED		BLOCKED V7: Oxford definition requires person role but source/reverse role is not independently person-like (donation); exact Oxford definition='something that is given to a person or an organization such as a charity, in order to help them; the act of giving something in this way'.
MANUAL_EMERGENCY_WORK_20260820_SECOND_PASS_V7_round04	MANUAL_EMERGENCY_WORK_20260820_FIRST_PASS_V7_round04	ox5000-d5832386f841cb656fdd	dot	noun	B2	BLOCKED		BLOCKED V7: sense-bound bilingual confirmation did not survive alignment gate; exact Oxford definition='a small round mark, especially one that is printed'.
MANUAL_EMERGENCY_WORK_20260820_SECOND_PASS_V7_round04	MANUAL_EMERGENCY_WORK_20260820_FIRST_PASS_V7_round04	ox5000-b73b2ba3671d7892c96a	downtown	adjective	B2	BLOCKED		BLOCKED V7: adjective candidate has no plausible Ukrainian adjective morphology; exact Oxford definition='in, towards or typical of the centre of a city, especially its main business area'.
MANUAL_EMERGENCY_WORK_20260820_SECOND_PASS_V7_round04	MANUAL_EMERGENCY_WORK_20260820_FIRST_PASS_V7_round04	ox5000-b43793232b19c48ccb87	downtown	adverb	B2	BLOCKED		BLOCKED V7: V6 pymorphy3 uk has no requested-POS parse for 'центр'; exact Oxford definition='in or towards the centre of a city, especially its main business area'.
MANUAL_EMERGENCY_WORK_20260820_SECOND_PASS_V7_round04	MANUAL_EMERGENCY_WORK_20260820_FIRST_PASS_V7_round04	ox5000-ec48035f7d2c76a494d0	downtown	noun	B2	BLOCKED		BLOCKED V7: V6 candidate-specific Ukrainian lexical evidence missing/ambiguous or lacks exact English lexical mapping; exact Oxford definition='the centre of a city, especially its main business area'.
MANUAL_EMERGENCY_WORK_20260820_SECOND_PASS_V7_round04	MANUAL_EMERGENCY_WORK_20260820_FIRST_PASS_V7_round04	ox5000-3f076cc2e24ceeab0e19	dramatically	adverb	B2	BLOCKED		BLOCKED V7: surface MT is candidate generation only; no independent sense-specific bilingual confirmation for this lexical value; exact Oxford definition='very suddenly and to a very great and often surprising degree'.
MANUAL_EMERGENCY_WORK_20260820_SECOND_PASS_V7_round04	MANUAL_EMERGENCY_WORK_20260820_FIRST_PASS_V7_round04	ox5000-28fce2fd6625072758dd	drought	noun	B2	BLOCKED		BLOCKED V7: V6 candidate-specific Ukrainian lexical evidence missing/ambiguous or lacks exact English lexical mapping; exact Oxford definition='a long period of time when there is little or no rain'.
MANUAL_EMERGENCY_WORK_20260820_SECOND_PASS_V7_round04	MANUAL_EMERGENCY_WORK_20260820_FIRST_PASS_V7_round04	ox5000-315c08663012957ec8b3	dull	adjective	B2	BLOCKED		BLOCKED V7: surface MT is candidate generation only; no independent sense-specific bilingual confirmation for this lexical value; exact Oxford definition='not interesting or exciting'.
MANUAL_EMERGENCY_WORK_20260820_SECOND_PASS_V7_round04	MANUAL_EMERGENCY_WORK_20260820_FIRST_PASS_V7_round04	ox5000-c6dc877cf05d2ddfc872	dump	verb	B2	BLOCKED		BLOCKED V7: semantic role mismatch: Oxford definition requires place, reverse candidate looks process; exact Oxford definition='to get rid of something you do not want, especially in a place that is not suitable'.
MANUAL_EMERGENCY_WORK_20260820_SECOND_PASS_V7_round04	MANUAL_EMERGENCY_WORK_20260820_FIRST_PASS_V7_round04	ox5000-7f327ac67d3382af1f36	duration	noun	B2	BLOCKED		BLOCKED V7: V6 candidate-specific Ukrainian lexical evidence missing/ambiguous or lacks exact English lexical mapping; exact Oxford definition='the length of time that something lasts or continues'.
MANUAL_EMERGENCY_WORK_20260820_SECOND_PASS_V7_round04	MANUAL_EMERGENCY_WORK_20260820_FIRST_PASS_V7_round04	ox5000-ef71bf152c656a55a7d0	dynamic	adjective	B2	BLOCKED		BLOCKED V7: sense-specific Wiktionary gloss does not align with exact Oxford definition; gloss_similarity=0.495; lexical_overlap=0; exact Oxford definition='having a lot of energy and a strong personality'.
MANUAL_EMERGENCY_WORK_20260820_SECOND_PASS_V7_round04	MANUAL_EMERGENCY_WORK_20260820_FIRST_PASS_V7_round04	ox5000-fbacc78ff91e8803a76c	economist	noun	B2	BLOCKED		BLOCKED V7: V6 candidate-specific Ukrainian lexical evidence missing/ambiguous or lacks exact English lexical mapping; exact Oxford definition='a person who studies or writes about economics'.
MANUAL_EMERGENCY_WORK_20260820_SECOND_PASS_V7_round04	MANUAL_EMERGENCY_WORK_20260820_FIRST_PASS_V7_round04	ox5000-0dffd09878151b2d113b	editorial	adjective	B2	BLOCKED		BLOCKED V7: surface MT is candidate generation only; no independent sense-specific bilingual confirmation for this lexical value; exact Oxford definition='connected with the task of preparing something such as a newspaper, a book or a television or radio programme, to be published or broadcast'.
MANUAL_EMERGENCY_WORK_20260820_SECOND_PASS_V7_round04	MANUAL_EMERGENCY_WORK_20260820_FIRST_PASS_V7_round04	ox5000-0f9b904543c55dfc5a83	efficiently	adverb	B2	BLOCKED		BLOCKED V7: surface MT is candidate generation only; no independent sense-specific bilingual confirmation for this lexical value; exact Oxford definition='in a good and careful way, with no waste of time, money or energy'.
MANUAL_EMERGENCY_WORK_20260820_SECOND_PASS_V7_round04	MANUAL_EMERGENCY_WORK_20260820_FIRST_PASS_V7_round04	ox5000-5c9a079bb10c55b83870	elbow	noun	B2	BLOCKED		BLOCKED V7: candidate has contradictory definition support despite sense-bound source; exact Oxford definition='the joint between the upper and lower parts of the arm where it bends in the middle'.
MANUAL_EMERGENCY_WORK_20260820_SECOND_PASS_V7_round04	MANUAL_EMERGENCY_WORK_20260820_FIRST_PASS_V7_round04	ox5000-c3007be8ab4931bb3d62	electronics	noun	B2	BLOCKED		BLOCKED V7: sense-specific Wiktionary gloss does not align with exact Oxford definition; gloss_similarity=0.393; lexical_overlap=0; exact Oxford definition='the branch of science and technology that studies electric currents in electronic equipment'.
MANUAL_EMERGENCY_WORK_20260820_SECOND_PASS_V7_round04	MANUAL_EMERGENCY_WORK_20260820_FIRST_PASS_V7_round04	ox5000-2fe3e13b6adf5d961d3c	elegant	adjective	B2	BLOCKED		BLOCKED V7: surface MT is candidate generation only; no independent sense-specific bilingual confirmation for this lexical value; exact Oxford definition='attractive and showing a good sense of style'.
MANUAL_EMERGENCY_WORK_20260820_SECOND_PASS_V7_round04	MANUAL_EMERGENCY_WORK_20260820_FIRST_PASS_V7_round04	ox5000-c051d0b14e7554a2af4d	elementary	adjective	B2	BLOCKED		BLOCKED V7: surface MT is candidate generation only; no independent sense-specific bilingual confirmation for this lexical value; exact Oxford definition='in or connected with the first stages of a course of study'.
MANUAL_EMERGENCY_WORK_20260820_SECOND_PASS_V7_round04	MANUAL_EMERGENCY_WORK_20260820_FIRST_PASS_V7_round04	ox5000-5ac94dbba9ae436c39a6	eliminate	verb	B2	BLOCKED		BLOCKED V7: sense-specific Wiktionary gloss does not align with exact Oxford definition; gloss_similarity=0.498; lexical_overlap=0; exact Oxford definition='to remove or get rid of something'.
MANUAL_EMERGENCY_WORK_20260820_SECOND_PASS_V7_round04	MANUAL_EMERGENCY_WORK_20260820_FIRST_PASS_V7_round04	ox5000-08c78f8c2b7984d83249	embrace	verb	B2	BLOCKED		BLOCKED V7: semantic role mismatch: Oxford definition requires person, reverse candidate looks generic; exact Oxford definition='to put your arms around somebody as a sign of love or friendship'.
MANUAL_EMERGENCY_WORK_20260820_SECOND_PASS_V7_round04	MANUAL_EMERGENCY_WORK_20260820_FIRST_PASS_V7_round04	ox5000-bda1ffe3536ced59e99a	emission	noun	B2	BLOCKED		BLOCKED V7: sense-specific Wiktionary gloss does not align with exact Oxford definition; gloss_similarity=0.532; lexical_overlap=0; exact Oxford definition='the production or sending out of light, heat, gas, etc.'.
MANUAL_EMERGENCY_WORK_20260820_SECOND_PASS_V7_round04	MANUAL_EMERGENCY_WORK_20260820_FIRST_PASS_V7_round04	ox5000-240af653d10714d95f2d	emotionally	adverb	B2	BLOCKED		"BLOCKED V7: V6 pymorphy3 uk has no requested-POS parse for 'емоційна'; exact Oxford definition=""in a way that is connected with people's feelings (= with the emotions)""."
MANUAL_EMERGENCY_WORK_20260820_SECOND_PASS_V7_round04	MANUAL_EMERGENCY_WORK_20260820_FIRST_PASS_V7_round04	ox5000-ee093cc46d1da14394f0	empire	noun	B2	BLOCKED		BLOCKED V7: sense-bound bilingual confirmation did not survive alignment gate; exact Oxford definition='a group of countries or states that are controlled by one leader or government'.
MANUAL_EMERGENCY_WORK_20260820_SECOND_PASS_V7_round04	MANUAL_EMERGENCY_WORK_20260820_FIRST_PASS_V7_round04	ox5000-31d2c935d6d641420ba1	enjoyable	adjective	B2	BLOCKED		BLOCKED V7: adjective candidate has no plausible Ukrainian adjective morphology; exact Oxford definition='giving pleasure'.
MANUAL_EMERGENCY_WORK_20260820_SECOND_PASS_V7_round04	MANUAL_EMERGENCY_WORK_20260820_FIRST_PASS_V7_round04	ox5000-f49dfbb082c50aed8b4c	entertaining	adjective	B2	BLOCKED		BLOCKED V7: sense-specific Wiktionary gloss does not align with exact Oxford definition; gloss_similarity=0.360; lexical_overlap=0; exact Oxford definition='that you enjoy watching, listening to, doing or experiencing'.
MANUAL_EMERGENCY_WORK_20260820_SECOND_PASS_V7_round04	MANUAL_EMERGENCY_WORK_20260820_FIRST_PASS_V7_round04	ox5000-8a474e14891c7a2f46d6	entrepreneur	noun	B2	BLOCKED		BLOCKED V7: Oxford definition requires person role but source/reverse role is not independently person-like (entrepreneur); exact Oxford definition='a person who makes money by starting or running businesses, especially when this involves taking financial risks'.
MANUAL_EMERGENCY_WORK_20260820_SECOND_PASS_V7_round04	MANUAL_EMERGENCY_WORK_20260820_FIRST_PASS_V7_round04	ox5000-9ef7efb306accd10f03f	envelope	noun	B2	BLOCKED		BLOCKED V7: sense-bound bilingual confirmation did not survive alignment gate; exact Oxford definition='a flat paper container used for sending letters in, with a part that you stick down to close it'.
MANUAL_EMERGENCY_WORK_20260820_SECOND_PASS_V7_round04	MANUAL_EMERGENCY_WORK_20260820_FIRST_PASS_V7_round04	ox5000-69666b6f95ecaf8dceb5	equip	verb	B2	BLOCKED		BLOCKED V7: verb candidate is not an appropriate Ukrainian infinitive/verb phrase; exact Oxford definition='to provide yourself/somebody/something with the things that are needed for a particular purpose or activity'.
MANUAL_EMERGENCY_WORK_20260820_SECOND_PASS_V7_round04	MANUAL_EMERGENCY_WORK_20260820_FIRST_PASS_V7_round04	ox5000-bedeed830a30bd59f7b8	equivalent	adjective	B2	BLOCKED		BLOCKED V7: V6 candidate-specific Ukrainian lexical evidence missing/ambiguous or lacks exact English lexical mapping; exact Oxford definition='equal in value, amount, meaning, importance, etc.'.
MANUAL_EMERGENCY_WORK_20260820_SECOND_PASS_V7_round04	MANUAL_EMERGENCY_WORK_20260820_FIRST_PASS_V7_round04	ox5000-eae218cc17da85168d23	equivalent	noun	B2	BLOCKED		BLOCKED V7: candidate has contradictory definition support despite sense-bound source; exact Oxford definition='a thing, amount, word, etc. that is equal in value, meaning or purpose to something else'.
MANUAL_EMERGENCY_WORK_20260820_SECOND_PASS_V7_round04	MANUAL_EMERGENCY_WORK_20260820_FIRST_PASS_V7_round04	ox5000-56b353657dba1a61f24a	era	noun	B2	BLOCKED		BLOCKED V7: V6 candidate-specific Ukrainian lexical evidence missing/ambiguous or lacks exact English lexical mapping; exact Oxford definition='a period of time, usually in history, that is different from other periods because of particular characteristics or events'.
MANUAL_EMERGENCY_WORK_20260820_SECOND_PASS_V7_round04	MANUAL_EMERGENCY_WORK_20260820_FIRST_PASS_V7_round04	ox5000-30d669c469a9c6d1e040	erupt	verb	B2	BLOCKED		BLOCKED V7: sense-specific Wiktionary gloss does not align with exact Oxford definition; gloss_similarity=0.249; lexical_overlap=0; exact Oxford definition='when a volcano erupts or burning rocks, smoke, etc. erupt or are erupted , the burning rocks, etc. are thrown out from the volcano'.
MANUAL_EMERGENCY_WORK_20260820_SECOND_PASS_V7_round04	MANUAL_EMERGENCY_WORK_20260820_FIRST_PASS_V7_round04	ox5000-ad62bcd01b35a0aa8cf5	essentially	adverb	B2	BLOCKED		BLOCKED V7: Oxford definition requires person role but source/reverse role is not independently person-like (essentially); exact Oxford definition='when you think about the true, important or basic nature of somebody/something'.
MANUAL_EMERGENCY_WORK_20260820_SECOND_PASS_V7_round04	MANUAL_EMERGENCY_WORK_20260820_FIRST_PASS_V7_round04	ox5000-ae44c8e9073abc0a1382	ethic	noun	B2	BLOCKED		BLOCKED V7: semantic role mismatch: Oxford definition requires person, reverse candidate looks generic; exact Oxford definition='moral principles that control or influence a person’s behaviour'.
MANUAL_EMERGENCY_WORK_20260820_SECOND_PASS_V7_round04	MANUAL_EMERGENCY_WORK_20260820_FIRST_PASS_V7_round04	ox5000-b5fe4ca0cb57767b5696	ethnic	adjective	B2	BLOCKED		BLOCKED V7: sense-bound bilingual confirmation did not survive alignment gate; exact Oxford definition='connected with or belonging to a group of people that share a cultural tradition'.
MANUAL_EMERGENCY_WORK_20260820_SECOND_PASS_V7_round04	MANUAL_EMERGENCY_WORK_20260820_FIRST_PASS_V7_round04	ox5000-d8b18880e169486d11a5	evaluation	noun	B2	BLOCKED		BLOCKED V7: sense-specific Wiktionary gloss does not align with exact Oxford definition; gloss_similarity=0.527; lexical_overlap=0; exact Oxford definition='the act of forming an opinion of the amount, value or quality of something after thinking about it carefully'.
MANUAL_EMERGENCY_WORK_20260820_SECOND_PASS_V7_round04	MANUAL_EMERGENCY_WORK_20260820_FIRST_PASS_V7_round04	ox5000-38fabc705df782f15f98	evident	adjective	B2	BLOCKED		BLOCKED V7: sense-specific Wiktionary gloss does not align with exact Oxford definition; gloss_similarity=0.409; lexical_overlap=0; exact Oxford definition='clear; easily seen'.
MANUAL_EMERGENCY_WORK_20260820_SECOND_PASS_V7_round04	MANUAL_EMERGENCY_WORK_20260820_FIRST_PASS_V7_round04	ox5000-c10da450920e83775e89	evolution	noun	B2	BLOCKED		BLOCKED V7: sense-bound bilingual confirmation did not survive alignment gate; exact Oxford definition='the slow steady development of plants, animals, etc. during the history of the earth, as they adapt to changes in their environment'.
MANUAL_EMERGENCY_WORK_20260820_SECOND_PASS_V7_round04	MANUAL_EMERGENCY_WORK_20260820_FIRST_PASS_V7_round04	ox5000-7ff21e9a0227dd05a0e5	evolve	verb	B2	BLOCKED		BLOCKED V7: sense-specific Wiktionary gloss does not align with exact Oxford definition; gloss_similarity=0.328; lexical_overlap=0; exact Oxford definition='to develop gradually, especially from a simple to a more complicated form; to develop something in this way'.
MANUAL_EMERGENCY_WORK_20260820_SECOND_PASS_V7_round04	MANUAL_EMERGENCY_WORK_20260820_FIRST_PASS_V7_round04	ox5000-a4eb18bbc1606607a948	exceed	verb	B2	BLOCKED		BLOCKED V7: verb candidate is not an appropriate Ukrainian infinitive/verb phrase; exact Oxford definition='to be greater than a particular number or amount'.
MANUAL_EMERGENCY_WORK_20260820_SECOND_PASS_V7_round04	MANUAL_EMERGENCY_WORK_20260820_FIRST_PASS_V7_round04	ox5000-3eaa6e8cecd547ed3cb7	exception	noun	B2	BLOCKED		BLOCKED V7: Oxford definition requires person role but source/reverse role is not independently person-like (exception); exact Oxford definition='a person or thing that is not included in a general statement'.
MANUAL_EMERGENCY_WORK_20260820_SECOND_PASS_V7_round04	MANUAL_EMERGENCY_WORK_20260820_FIRST_PASS_V7_round04	ox5000-f04760f861e36a60749e	excessive	adjective	B2	BLOCKED		BLOCKED V7: sense-specific Wiktionary gloss does not align with exact Oxford definition; gloss_similarity=0.507; lexical_overlap=0; exact Oxford definition='greater than what seems reasonable or appropriate'.
MANUAL_EMERGENCY_WORK_20260820_SECOND_PASS_V7_round04	MANUAL_EMERGENCY_WORK_20260820_FIRST_PASS_V7_round04	ox5000-7ba09d1c95fa8a9511c4	exclude	verb	B2	BLOCKED		BLOCKED V7: surface MT is candidate generation only; no independent sense-specific bilingual confirmation for this lexical value; exact Oxford definition='to deliberately not include something in what you are doing or considering'.
MANUAL_EMERGENCY_WORK_20260820_SECOND_PASS_V7_round04	MANUAL_EMERGENCY_WORK_20260820_FIRST_PASS_V7_round04	ox5000-423378269c32f713c96b	exhibit	noun	B2	BLOCKED		BLOCKED V7: sense-specific Wiktionary gloss does not align with exact Oxford definition; gloss_similarity=0.560; lexical_overlap=0; exact Oxford definition='an object or a collection of objects put in a public place, for example a museum, so that people can see it'.
MANUAL_EMERGENCY_WORK_20260820_SECOND_PASS_V7_round04	MANUAL_EMERGENCY_WORK_20260820_FIRST_PASS_V7_round04	ox5000-31c37db5211ae9d29e59	exhibit	verb	B2	BLOCKED		BLOCKED V7: candidate has contradictory definition support despite sense-bound source; exact Oxford definition='to show something in a public place for people to enjoy or to give them information'.
MANUAL_EMERGENCY_WORK_20260820_SECOND_PASS_V7_round04	MANUAL_EMERGENCY_WORK_20260820_FIRST_PASS_V7_round04	ox5000-19adc9708cbcd84850ba	exit	noun	B2	BLOCKED		BLOCKED V7: sense-bound bilingual confirmation did not survive alignment gate; exact Oxford definition='a way out of a public building or vehicle'.
MANUAL_EMERGENCY_WORK_20260820_SECOND_PASS_V7_round04	MANUAL_EMERGENCY_WORK_20260820_FIRST_PASS_V7_round04	ox5000-8a0eec8f77097262e252	exotic	adjective	B2	BLOCKED		BLOCKED V7: sense-specific Wiktionary gloss does not align with exact Oxford definition; gloss_similarity=0.577; lexical_overlap=0; exact Oxford definition='from or in another country, especially a tropical one; seeming exciting and unusual because it seems to be connected with other countries'.
MANUAL_EMERGENCY_WORK_20260820_SECOND_PASS_V7_round04	MANUAL_EMERGENCY_WORK_20260820_FIRST_PASS_V7_round04	ox5000-b02ca5f0dad7df4d2555	expansion	noun	B2	BLOCKED		BLOCKED V7: V6 candidate-specific Ukrainian lexical evidence missing/ambiguous or lacks exact English lexical mapping; exact Oxford definition='an act of increasing or making something increase in size, amount or importance'.
MANUAL_EMERGENCY_WORK_20260820_SECOND_PASS_V7_round04	MANUAL_EMERGENCY_WORK_20260820_FIRST_PASS_V7_round04	ox5000-db878068101448926700	expertise	noun	B2	BLOCKED		BLOCKED V7: surface MT is candidate generation only; no independent sense-specific bilingual confirmation for this lexical value; exact Oxford definition='expert knowledge or skill in a particular subject, activity or job'.
MANUAL_EMERGENCY_WORK_20260820_SECOND_PASS_V7_round04	MANUAL_EMERGENCY_WORK_20260820_FIRST_PASS_V7_round04	ox5000-ef4a7e83e64103fd38d7	exploit	verb	B2	BLOCKED		BLOCKED V7: Oxford definition requires person role but source/reverse role is not independently person-like (exploit); exact Oxford definition='to treat a person or situation as an opportunity to gain an advantage for yourself'.
MANUAL_EMERGENCY_WORK_20260820_SECOND_PASS_V7_round04	MANUAL_EMERGENCY_WORK_20260820_FIRST_PASS_V7_round04	ox5000-da3a344a90cc77842f0f	exposure	noun	B2	BLOCKED		BLOCKED V7: sense-specific Wiktionary gloss does not align with exact Oxford definition; gloss_similarity=0.264; lexical_overlap=0; exact Oxford definition='the state of being in a place or situation where there is no protection from something harmful or unpleasant'.
MANUAL_EMERGENCY_WORK_20260820_SECOND_PASS_V7_round04	MANUAL_EMERGENCY_WORK_20260820_FIRST_PASS_V7_round04	ox5000-47ce42b1dcae59990d04	extension	noun	B2	BLOCKED		BLOCKED V7: surface MT is candidate generation only; no independent sense-specific bilingual confirmation for this lexical value; exact Oxford definition='the act of increasing the area of activity, group of people, etc. that is affected by something'.
MANUAL_EMERGENCY_WORK_20260820_SECOND_PASS_V7_round04	MANUAL_EMERGENCY_WORK_20260820_FIRST_PASS_V7_round04	ox5000-293e2fc606e4bb1f9c71	extensive	adjective	B2	BLOCKED		BLOCKED V7: sense-specific Wiktionary gloss does not align with exact Oxford definition; gloss_similarity=0.584; lexical_overlap=0; exact Oxford definition='covering a large area; great in amount'.
MANUAL_EMERGENCY_WORK_20260820_SECOND_PASS_V7_round04	MANUAL_EMERGENCY_WORK_20260820_FIRST_PASS_V7_round04	ox5000-0a3468782d34d84170d5	extensively	adverb	B2	BLOCKED		BLOCKED V7: surface MT is candidate generation only; no independent sense-specific bilingual confirmation for this lexical value; exact Oxford definition='in a way that covers a large area'.
MANUAL_EMERGENCY_WORK_20260820_SECOND_PASS_V7_round04	MANUAL_EMERGENCY_WORK_20260820_FIRST_PASS_V7_round04	ox5000-332726e8976ae1dd9d77	extract	noun	B2	BLOCKED		BLOCKED V7: sense-specific Wiktionary gloss does not align with exact Oxford definition; gloss_similarity=0.235; lexical_overlap=0; exact Oxford definition='a short passage from a book, piece of music, etc. that gives you an idea of what the whole thing is like'.
MANUAL_EMERGENCY_WORK_20260820_SECOND_PASS_V7_round04	MANUAL_EMERGENCY_WORK_20260820_FIRST_PASS_V7_round04	ox5000-0f7caa6befc952d04c09	fabric	noun	B2	BLOCKED		BLOCKED V7: V6 candidate-specific Ukrainian lexical evidence missing/ambiguous or lacks exact English lexical mapping; exact Oxford definition='material made by weaving wool, cotton, silk, etc., used for making clothes, curtains, etc. and for covering furniture'.
MANUAL_EMERGENCY_WORK_20260820_SECOND_PASS_V7_round04	MANUAL_EMERGENCY_WORK_20260820_FIRST_PASS_V7_round04	ox5000-ef35efd68f20517aad21	fabulous	adjective	B2	BLOCKED		BLOCKED V7: adjective candidate has no plausible Ukrainian adjective morphology; exact Oxford definition='extremely good'.
MANUAL_EMERGENCY_WORK_20260820_SECOND_PASS_V7_round04	MANUAL_EMERGENCY_WORK_20260820_FIRST_PASS_V7_round04	ox5000-17a2d8b159c132a215ea	failed	adjective	B2	BLOCKED		BLOCKED V7: adjective candidate has no plausible Ukrainian adjective morphology; exact Oxford definition='not successful'.
MANUAL_EMERGENCY_WORK_20260820_SECOND_PASS_V7_round04	MANUAL_EMERGENCY_WORK_20260820_FIRST_PASS_V7_round04	ox5000-2134f21a7877889bc152	fake	adjective	B2	BLOCKED		BLOCKED V7: adjective candidate has no plausible Ukrainian adjective morphology; exact Oxford definition='not what somebody claims it is; appearing to be something it is not'.
MANUAL_EMERGENCY_WORK_20260820_SECOND_PASS_V7_round04	MANUAL_EMERGENCY_WORK_20260820_FIRST_PASS_V7_round04	ox5000-af9f6fc2822a5032991b	fame	noun	B2	BLOCKED		BLOCKED V7: sense-bound bilingual confirmation did not survive alignment gate; exact Oxford definition='the state of being known and talked about by many people'.
MANUAL_EMERGENCY_WORK_20260820_SECOND_PASS_V7_round04	MANUAL_EMERGENCY_WORK_20260820_FIRST_PASS_V7_round04	ox5000-5838fae45af6b7342ff4	fantasy	noun	B2	BLOCKED		BLOCKED V7: sense-specific Wiktionary gloss does not align with exact Oxford definition; gloss_similarity=0.352; lexical_overlap=0; exact Oxford definition='a pleasant situation that you imagine but that is unlikely to happen'.
MANUAL_EMERGENCY_WORK_20260820_SECOND_PASS_V7_round04	MANUAL_EMERGENCY_WORK_20260820_FIRST_PASS_V7_round04	ox5000-e62ff1e0d169e7695c4a	fare	noun	B2	BLOCKED		BLOCKED V7: surface MT is candidate generation only; no independent sense-specific bilingual confirmation for this lexical value; exact Oxford definition='the money that you pay to travel by bus, plane, taxi, etc.'.
MANUAL_EMERGENCY_WORK_20260820_SECOND_PASS_V7_round04	MANUAL_EMERGENCY_WORK_20260820_FIRST_PASS_V7_round04	ox5000-5c5f6469717804efa6ca	federal	adjective	B2	BLOCKED		BLOCKED V7: semantic role mismatch: Oxford definition requires place, reverse candidate looks generic; exact Oxford definition='having a system of government in which the individual states of a country have control over their own affairs, but are controlled by a central government for national decisions, etc.'.
MANUAL_EMERGENCY_WORK_20260820_SECOND_PASS_V7_round04	MANUAL_EMERGENCY_WORK_20260820_FIRST_PASS_V7_round04	ox5000-6da150f86ef5e4cdec6d	fever	noun	B2	BLOCKED		BLOCKED V7: semantic role mismatch: Oxford definition requires person, reverse candidate looks generic; exact Oxford definition='a medical condition in which a person has a temperature that is higher than normal'.
MANUAL_EMERGENCY_WORK_20260820_SECOND_PASS_V7_round04	MANUAL_EMERGENCY_WORK_20260820_FIRST_PASS_V7_round04	ox5000-b780af72eaa52c9bcfa6	firefighter	noun	B2	BLOCKED		BLOCKED V7: semantic role mismatch: Oxford definition requires person, reverse candidate looks generic; exact Oxford definition='a person whose job is to put out fires'.
MANUAL_EMERGENCY_WORK_20260820_SECOND_PASS_V7_round04	MANUAL_EMERGENCY_WORK_20260820_FIRST_PASS_V7_round04	ox5000-6e881b75f8a8d383a4fe	firework	noun	B2	BLOCKED		BLOCKED V7: sense-bound bilingual confirmation did not survive alignment gate; exact Oxford definition='a small device containing powder that burns or explodes and produces bright coloured lights and loud noises, used especially at celebrations'.
MANUAL_EMERGENCY_WORK_20260820_SECOND_PASS_V7_round04	MANUAL_EMERGENCY_WORK_20260820_FIRST_PASS_V7_round04	ox5000-e8f9305cf8015bbc5cee	firm	adjective	B2	BLOCKED		BLOCKED V7: sense-specific Wiktionary gloss does not align with exact Oxford definition; gloss_similarity=0.462; lexical_overlap=0; exact Oxford definition='fairly hard; not easy to press into a different shape'.
MANUAL_EMERGENCY_WORK_20260820_SECOND_PASS_V7_round04	MANUAL_EMERGENCY_WORK_20260820_FIRST_PASS_V7_round04	ox5000-4f6617b9287ff2da9ea7	firmly	adverb	B2	BLOCKED		BLOCKED V7: surface MT is candidate generation only; no independent sense-specific bilingual confirmation for this lexical value; exact Oxford definition='in a strong or definite way'.
MANUAL_EMERGENCY_WORK_20260820_SECOND_PASS_V7_round04	MANUAL_EMERGENCY_WORK_20260820_FIRST_PASS_V7_round04	ox5000-bd79c052fa5d352fbb27	flavour	noun	B2	BLOCKED		BLOCKED V7: candidate is not predominantly Ukrainian; exact Oxford definition='how food or drink tastes'.
MANUAL_EMERGENCY_WORK_20260820_SECOND_PASS_V7_round04	MANUAL_EMERGENCY_WORK_20260820_FIRST_PASS_V7_round04	ox5000-cc984d8d5615f983c4c8	fond	adjective	B2	BLOCKED		BLOCKED V7: semantic role mismatch: Oxford definition requires person, reverse candidate looks process; exact Oxford definition='having warm or loving feelings for somebody, especially somebody you have known for a long time'.
MANUAL_EMERGENCY_WORK_20260820_SECOND_PASS_V7_round04	MANUAL_EMERGENCY_WORK_20260820_FIRST_PASS_V7_round04	ox5000-afa74ec045528b9642d4	fool	noun	B2	BLOCKED		BLOCKED V7: Oxford definition requires person role but source/reverse role is not independently person-like (fool); exact Oxford definition='a person who you think behaves or speaks in a way that lacks intelligence or good judgement'.
MANUAL_EMERGENCY_WORK_20260820_SECOND_PASS_V7_round04	MANUAL_EMERGENCY_WORK_20260820_FIRST_PASS_V7_round04	ox5000-e74afd4a21b32dd7948a	forbid	verb	B2	BLOCKED		BLOCKED V7: semantic role mismatch: Oxford definition requires person, reverse candidate looks generic; exact Oxford definition='to order somebody not to do something; to order that something must not be done'.
MANUAL_EMERGENCY_WORK_20260820_SECOND_PASS_V7_round04	MANUAL_EMERGENCY_WORK_20260820_FIRST_PASS_V7_round04	ox5000-8f0a5905b743e6145587	forecast	noun	B2	BLOCKED		BLOCKED V7: surface MT is candidate generation only; no independent sense-specific bilingual confirmation for this lexical value; exact Oxford definition='a statement about what will happen in the future, based on information that is available now'.
MANUAL_EMERGENCY_WORK_20260820_SECOND_PASS_V7_round04	MANUAL_EMERGENCY_WORK_20260820_FIRST_PASS_V7_round04	ox5000-3a0f5941248926ec1d37	forecast	verb	B2	BLOCKED		BLOCKED V7: verb candidate is not an appropriate Ukrainian infinitive/verb phrase; exact Oxford definition='to say what you think will happen in the future based on information that you have now'.
MANUAL_EMERGENCY_WORK_20260820_SECOND_PASS_V7_round04	MANUAL_EMERGENCY_WORK_20260820_FIRST_PASS_V7_round04	ox5000-727991f6048fe8ce77d0	foreigner	noun	C1	BLOCKED		BLOCKED V7: semantic role mismatch: Oxford definition requires person, reverse candidate looks generic; exact Oxford definition='a person who comes from a different country'.
MANUAL_EMERGENCY_WORK_20260820_SECOND_PASS_V7_round04	MANUAL_EMERGENCY_WORK_20260820_FIRST_PASS_V7_round04	ox5000-0ca7565db377e67a8c2c	format	noun	B2	BLOCKED		BLOCKED V7: surface MT is candidate generation only; no independent sense-specific bilingual confirmation for this lexical value; exact Oxford definition='the general arrangement, plan, design, etc. of something'.
MANUAL_EMERGENCY_WORK_20260820_SECOND_PASS_V7_round04	MANUAL_EMERGENCY_WORK_20260820_FIRST_PASS_V7_round04	ox5000-44a935daea3b2b80e426	formation	noun	B2	BLOCKED		BLOCKED V7: surface MT is candidate generation only; no independent sense-specific bilingual confirmation for this lexical value; exact Oxford definition='the action of forming something; the process of being formed'.
MANUAL_EMERGENCY_WORK_20260820_SECOND_PASS_V7_round04	MANUAL_EMERGENCY_WORK_20260820_FIRST_PASS_V7_round04	ox5000-364abe382625d64bbd07	formerly	adverb	B2	BLOCKED		BLOCKED V7: surface MT is candidate generation only; no independent sense-specific bilingual confirmation for this lexical value; exact Oxford definition='in the past'.
MANUAL_EMERGENCY_WORK_20260820_SECOND_PASS_V7_round04	MANUAL_EMERGENCY_WORK_20260820_FIRST_PASS_V7_round04	ox5000-99537d5150d0cdb742b2	formula	noun	C1	BLOCKED		BLOCKED V7: sense-specific Wiktionary gloss does not align with exact Oxford definition; gloss_similarity=0.461; lexical_overlap=0; exact Oxford definition='a series of letters, numbers or symbols that represent a rule or law'.
MANUAL_EMERGENCY_WORK_20260820_SECOND_PASS_V7_round04	MANUAL_EMERGENCY_WORK_20260820_FIRST_PASS_V7_round04	ox5000-9f9486a0d8382b5782ea	fortunate	adjective	B2	BLOCKED		BLOCKED V7: adjective candidate has no plausible Ukrainian adjective morphology; exact Oxford definition='having or bringing an advantage, an opportunity, a piece of good luck, etc.'.
MANUAL_EMERGENCY_WORK_20260820_SECOND_PASS_V7_round04	MANUAL_EMERGENCY_WORK_20260820_FIRST_PASS_V7_round04	ox5000-51f9239c5d82f1daf597	forum	noun	B2	BLOCKED		BLOCKED V7: sense-bound bilingual confirmation did not survive alignment gate; exact Oxford definition='an event or medium where people can exchange opinions and ideas on a particular issue; a meeting organized for this purpose'.
MANUAL_EMERGENCY_WORK_20260820_SECOND_PASS_V7_round04	MANUAL_EMERGENCY_WORK_20260820_FIRST_PASS_V7_round04	ox5000-fdfbff9a3658ec4c47d7	fossil	noun	B2	BLOCKED		BLOCKED V7: V6 candidate-specific Ukrainian lexical evidence missing/ambiguous or lacks exact English lexical mapping; exact Oxford definition='the parts of a dead animal or a plant that have become hard and turned into rock'.
MANUAL_EMERGENCY_WORK_20260820_SECOND_PASS_V7_round04	MANUAL_EMERGENCY_WORK_20260820_FIRST_PASS_V7_round04	ox5000-3826a189ea9ac3d0931e	foundation	noun	B2	BLOCKED		BLOCKED V7: sense-specific Wiktionary gloss does not align with exact Oxford definition; gloss_similarity=0.601; lexical_overlap=0; exact Oxford definition='a principle, an idea or a fact that something is based on and that it grows from'.
MANUAL_EMERGENCY_WORK_20260820_SECOND_PASS_V7_round04	MANUAL_EMERGENCY_WORK_20260820_FIRST_PASS_V7_round04	ox5000-01eabf8856766ebc8e63	founder	noun	B2	BLOCKED		BLOCKED V7: sense-specific Wiktionary gloss does not align with exact Oxford definition; gloss_similarity=0.614; lexical_overlap=0; exact Oxford definition='a person who starts an organization, institution, etc. or causes something to be built'.
MANUAL_EMERGENCY_WORK_20260820_SECOND_PASS_V7_round04	MANUAL_EMERGENCY_WORK_20260820_FIRST_PASS_V7_round04	ox5000-1bc4348190f7b6ca8ea3	fraction	noun	B2	BLOCKED		BLOCKED V7: V6 candidate-specific Ukrainian lexical evidence missing/ambiguous or lacks exact English lexical mapping; exact Oxford definition='a small part or amount of something'.
MANUAL_EMERGENCY_WORK_20260820_SECOND_PASS_V7_round04	MANUAL_EMERGENCY_WORK_20260820_FIRST_PASS_V7_round04	ox5000-29bed3900aea762df21c	fragment	noun	B2	BLOCKED		BLOCKED V7: sense-specific Wiktionary gloss does not align with exact Oxford definition; gloss_similarity=0.452; lexical_overlap=0; exact Oxford definition='a small part of something that has broken off or comes from something larger'.
MANUAL_EMERGENCY_WORK_20260820_SECOND_PASS_V7_round04	MANUAL_EMERGENCY_WORK_20260820_FIRST_PASS_V7_round04	ox5000-8eb2e0b61582abcd29fd	framework	noun	B2	BLOCKED		BLOCKED V7: semantic role mismatch: Oxford definition requires place, reverse candidate looks generic; exact Oxford definition='the parts of a building or an object that support its weight and give it shape'.
MANUAL_EMERGENCY_WORK_20260820_SECOND_PASS_V7_round04	MANUAL_EMERGENCY_WORK_20260820_FIRST_PASS_V7_round04	ox5000-d11ee536f206623dd9f9	fraud	noun	B2	BLOCKED		BLOCKED V7: sense-specific Wiktionary gloss does not align with exact Oxford definition; gloss_similarity=0.599; lexical_overlap=0; exact Oxford definition='the crime of cheating somebody in order to get money or goods illegally'.
MANUAL_EMERGENCY_WORK_20260820_SECOND_PASS_V7_round04	MANUAL_EMERGENCY_WORK_20260820_FIRST_PASS_V7_round04	ox5000-a2f3332e44595061040d	freely	adverb	B2	BLOCKED		BLOCKED V7: sense-specific Wiktionary gloss does not align with exact Oxford definition; gloss_similarity=0.406; lexical_overlap=0; exact Oxford definition='without anyone trying to prevent or control something'.
MANUAL_EMERGENCY_WORK_20260820_SECOND_PASS_V7_round04	MANUAL_EMERGENCY_WORK_20260820_FIRST_PASS_V7_round04	ox5000-af3d7f706d9de6258253	frequent	adjective	B2	BLOCKED		BLOCKED V7: V6 candidate-specific Ukrainian lexical evidence missing/ambiguous or lacks exact English lexical mapping; exact Oxford definition='happening or doing something often'.
MANUAL_EMERGENCY_WORK_20260820_SECOND_PASS_V7_round04	MANUAL_EMERGENCY_WORK_20260820_FIRST_PASS_V7_round04	ox5000-7d8f5e0b4363007ea90f	fulfil	verb	B2	BLOCKED		BLOCKED V7: verb candidate is not an appropriate Ukrainian infinitive/verb phrase; exact Oxford definition='to do or achieve what was hoped for or expected'.
MANUAL_EMERGENCY_WORK_20260820_SECOND_PASS_V7_round04	MANUAL_EMERGENCY_WORK_20260820_FIRST_PASS_V7_round04	ox5000-842908a0c1db6a162da8	full-time	adjective	B2	BLOCKED		BLOCKED V7: sense-bound bilingual confirmation did not survive alignment gate; exact Oxford definition='for all the hours of a week during which people normally work or study, rather than just for a part of it'.
MANUAL_EMERGENCY_WORK_20260820_SECOND_PASS_V7_round04	MANUAL_EMERGENCY_WORK_20260820_FIRST_PASS_V7_round04	ox5000-02b2b92d62fbdb8d9849	full-time	adverb	B2	BLOCKED		BLOCKED V7: multiword adverb candidate is not an adverbial phrase; exact Oxford definition='for all the hours of a week during which people normally work or study, rather than just for a part of it'.
MANUAL_EMERGENCY_WORK_20260820_SECOND_PASS_V7_round04	MANUAL_EMERGENCY_WORK_20260820_FIRST_PASS_V7_round04	ox5000-40c7d5e1dedb6b8d1d14	fundamentally	adverb	B2	BLOCKED		BLOCKED V7: surface MT is candidate generation only; no independent sense-specific bilingual confirmation for this lexical value; exact Oxford definition='in every way that is important; completely'.
MANUAL_EMERGENCY_WORK_20260820_SECOND_PASS_V7_round04	MANUAL_EMERGENCY_WORK_20260820_FIRST_PASS_V7_round04	ox5000-f0d18f20e6160ed0969d	furious	adjective	B2	BLOCKED		BLOCKED V7: sense-specific Wiktionary gloss does not align with exact Oxford definition; gloss_similarity=0.540; lexical_overlap=0; exact Oxford definition='very angry'.
MANUAL_EMERGENCY_WORK_20260820_SECOND_PASS_V7_round04	MANUAL_EMERGENCY_WORK_20260820_FIRST_PASS_V7_round04	ox5000-19dcdb5e045a76a294ff	gaming	noun	B2	BLOCKED		BLOCKED V7: surface MT is candidate generation only; no independent sense-specific bilingual confirmation for this lexical value; exact Oxford definition='playing video games'.
MANUAL_EMERGENCY_WORK_20260820_SECOND_PASS_V7_round04	MANUAL_EMERGENCY_WORK_20260820_FIRST_PASS_V7_round04	ox5000-75514d52c27e0f4cd7f7	gay	adjective	B2	BLOCKED		BLOCKED V7: adjective candidate has no plausible Ukrainian adjective morphology; exact Oxford definition='sexually or romantically attracted to people of the same sex'.
MANUAL_EMERGENCY_WORK_20260820_SECOND_PASS_V7_round04	MANUAL_EMERGENCY_WORK_20260820_FIRST_PASS_V7_round04	ox5000-59f5f085529f2ddbf319	gender	noun	B2	BLOCKED		BLOCKED V7: sense-specific Wiktionary gloss does not align with exact Oxford definition; gloss_similarity=0.513; lexical_overlap=0; exact Oxford definition='the fact of being male or female, especially when considered with reference to social and cultural differences, rather than differences in biology; members of a particular gender as a group'.
MANUAL_EMERGENCY_WORK_20260820_SECOND_PASS_V7_round04	MANUAL_EMERGENCY_WORK_20260820_FIRST_PASS_V7_round04	ox5000-46c3d06bb042acc4ae37	gene	noun	B2	BLOCKED		BLOCKED V7: sense-bound bilingual confirmation did not survive alignment gate; exact Oxford definition='a unit inside a cell that controls a particular quality in a living thing that has been passed on from its parents'.
MANUAL_EMERGENCY_WORK_20260820_SECOND_PASS_V7_round04	MANUAL_EMERGENCY_WORK_20260820_FIRST_PASS_V7_round04	ox5000-94877a610fe8476c7f15	genetic	adjective	B2	BLOCKED		BLOCKED V7: V6 candidate-specific Ukrainian lexical evidence missing/ambiguous or lacks exact English lexical mapping; exact Oxford definition='connected with genes (= the units in the cells of a living thing that control its physical characteristics) or genetics (= the study of genes )'.
MANUAL_EMERGENCY_WORK_20260820_SECOND_PASS_V7_round04	MANUAL_EMERGENCY_WORK_20260820_FIRST_PASS_V7_round04	ox5000-38ca77b3038a730f48dc	genius	noun	B2	BLOCKED		BLOCKED V7: V6 candidate-specific Ukrainian lexical evidence missing/ambiguous or lacks exact English lexical mapping; exact Oxford definition='unusually great intelligence, skill or artistic ability'.
MANUAL_EMERGENCY_WORK_20260820_SECOND_PASS_V7_round04	MANUAL_EMERGENCY_WORK_20260820_FIRST_PASS_V7_round04	ox5000-05655f6fadd0b485ca75	genuine	adjective	B2	BLOCKED		BLOCKED V7: V6 candidate-specific Ukrainian lexical evidence missing/ambiguous or lacks exact English lexical mapping; exact Oxford definition='real; exactly what it appears to be; not artificial'.
MANUAL_EMERGENCY_WORK_20260820_SECOND_PASS_V7_round04	MANUAL_EMERGENCY_WORK_20260820_FIRST_PASS_V7_round04	ox5000-80a11eeb9358a7e9644e	genuinely	adverb	B2	BLOCKED		BLOCKED V7: surface MT is candidate generation only; no independent sense-specific bilingual confirmation for this lexical value; exact Oxford definition='truly; in a way that is exactly what it appears to be and is not artificial'.
MANUAL_EMERGENCY_WORK_20260820_SECOND_PASS_V7_round04	MANUAL_EMERGENCY_WORK_20260820_FIRST_PASS_V7_round04	ox5000-50d8b4ca875ee4a7096d	gesture	noun	B2	BLOCKED		BLOCKED V7: sense-specific Wiktionary gloss does not align with exact Oxford definition; gloss_similarity=0.510; lexical_overlap=0; exact Oxford definition='a movement that you make with your hands, your head or your face to show a particular meaning'.
MANUAL_EMERGENCY_WORK_20260820_SECOND_PASS_V7_round04	MANUAL_EMERGENCY_WORK_20260820_FIRST_PASS_V7_round04	ox5000-0910ae2efee31d9ab3a4	gig	noun	B2	BLOCKED		BLOCKED V7: surface MT is candidate generation only; no independent sense-specific bilingual confirmation for this lexical value; exact Oxford definition='a performance by musicians playing popular music or jazz in front of an audience; a similar performance by a comedian'.
MANUAL_EMERGENCY_WORK_20260820_SECOND_PASS_V7_round04	MANUAL_EMERGENCY_WORK_20260820_FIRST_PASS_V7_round04	ox5000-127e5b46dd0bae6f7a06	glance	noun	C1	BLOCKED		BLOCKED V7: surface MT is candidate generation only; no independent sense-specific bilingual confirmation for this lexical value; exact Oxford definition='a quick look'.
MANUAL_EMERGENCY_WORK_20260820_SECOND_PASS_V7_round04	MANUAL_EMERGENCY_WORK_20260820_FIRST_PASS_V7_round04	ox5000-7a202570f29a7f4daf74	glance	verb	C1	BLOCKED		BLOCKED V7: semantic role mismatch: Oxford definition requires person, reverse candidate looks generic; exact Oxford definition='to look quickly at something/somebody'.
MANUAL_EMERGENCY_WORK_20260820_SECOND_PASS_V7_round04	MANUAL_EMERGENCY_WORK_20260820_FIRST_PASS_V7_round04	ox5000-78a493bf921bb7477c7c	glimpse	noun	C1	BLOCKED		BLOCKED V7: candidate is not predominantly Ukrainian; exact Oxford definition='a sight of somebody/something for a very short time, when you do not see the person or thing completely'.
MANUAL_EMERGENCY_WORK_20260820_SECOND_PASS_V7_round04	MANUAL_EMERGENCY_WORK_20260820_FIRST_PASS_V7_round04	ox5000-2a12e5e092f583e5e7b5	globalization	noun	B2	BLOCKED		BLOCKED V7: surface MT is candidate generation only; no independent sense-specific bilingual confirmation for this lexical value; exact Oxford definition='the fact that different cultures and economic systems around the world are becoming connected and similar to each other because of the influence of large multinational companies and of improved communication'.
MANUAL_EMERGENCY_WORK_20260820_SECOND_PASS_V7_round04	MANUAL_EMERGENCY_WORK_20260820_FIRST_PASS_V7_round04	ox5000-2c70ba897b47d73650bb	globe	noun	B2	BLOCKED		BLOCKED V7: sense-specific Wiktionary gloss does not align with exact Oxford definition; gloss_similarity=0.411; lexical_overlap=0; exact Oxford definition='the world (used especially to emphasize its size)'.
MANUAL_EMERGENCY_WORK_20260820_SECOND_PASS_V7_round04	MANUAL_EMERGENCY_WORK_20260820_FIRST_PASS_V7_round04	ox5000-c4006c27fe4f74c08ec9	golden	adjective	B2	BLOCKED		BLOCKED V7: surface MT is candidate generation only; no independent sense-specific bilingual confirmation for this lexical value; exact Oxford definition='made of gold'.
MANUAL_EMERGENCY_WORK_20260820_SECOND_PASS_V7_round04	MANUAL_EMERGENCY_WORK_20260820_FIRST_PASS_V7_round04	ox5000-29f67b0d52a0d9907076	goodness	noun	B2	BLOCKED		BLOCKED V7: surface MT is candidate generation only; no independent sense-specific bilingual confirmation for this lexical value; exact Oxford definition='the quality of being good'.
MANUAL_EMERGENCY_WORK_20260820_SECOND_PASS_V7_round04	MANUAL_EMERGENCY_WORK_20260820_FIRST_PASS_V7_round04	ox5000-8645840cb5bbd2168ad2	gorgeous	adjective	B2	BLOCKED		BLOCKED V7: surface MT is candidate generation only; no independent sense-specific bilingual confirmation for this lexical value; exact Oxford definition='very beautiful and attractive; giving great pleasure'.
MANUAL_EMERGENCY_WORK_20260820_SECOND_PASS_V7_round04	MANUAL_EMERGENCY_WORK_20260820_FIRST_PASS_V7_round04	ox5000-4e4e1337cc88e43cc243	governor	noun	B2	BLOCKED		BLOCKED V7: V6 candidate-specific Ukrainian lexical evidence missing/ambiguous or lacks exact English lexical mapping; exact Oxford definition='a person who is the official head of a country or region that is governed by another country'.
MANUAL_EMERGENCY_WORK_20260820_SECOND_PASS_V7_round04	MANUAL_EMERGENCY_WORK_20260820_FIRST_PASS_V7_round04	ox5000-9fa3b95bc325a8e5a0bc	graphic	adjective	B2	BLOCKED		BLOCKED V7: sense-specific Wiktionary gloss does not align with exact Oxford definition; gloss_similarity=0.566; lexical_overlap=0; exact Oxford definition='connected with drawings and design, especially in the production of books, magazines, websites, etc.'.
MANUAL_EMERGENCY_WORK_20260820_SECOND_PASS_V7_round04	MANUAL_EMERGENCY_WORK_20260820_FIRST_PASS_V7_round04	ox5000-f6db7a1824f60f3e32a1	graphics	noun	B2	BLOCKED		BLOCKED V7: sense-specific Wiktionary gloss does not align with exact Oxford definition; gloss_similarity=0.563; lexical_overlap=0; exact Oxford definition='designs, drawings or pictures that are used especially in the production of books, magazines, websites, etc.'.
MANUAL_EMERGENCY_WORK_20260820_SECOND_PASS_V7_round04	MANUAL_EMERGENCY_WORK_20260820_FIRST_PASS_V7_round04	ox5000-f20da69ea37da6663eb9	greatly	adverb	B2	BLOCKED		BLOCKED V7: sentence-like punctuation in lexical value; exact Oxford definition='very much'.
MANUAL_EMERGENCY_WORK_20260820_SECOND_PASS_V7_round04	MANUAL_EMERGENCY_WORK_20260820_FIRST_PASS_V7_round04	ox5000-b31fc31f4e51a7bcac20	greenhouse	noun	B2	BLOCKED		BLOCKED V7: candidate has contradictory definition support despite sense-bound source; exact Oxford definition='a building with glass sides and a glass roof for growing plants in'.
MANUAL_EMERGENCY_WORK_20260820_SECOND_PASS_V7_round04	MANUAL_EMERGENCY_WORK_20260820_FIRST_PASS_V7_round04	ox5000-ff9332c8a6a6a58fb82f	grocery	noun	B2	BLOCKED		BLOCKED V7: surface MT is candidate generation only; no independent sense-specific bilingual confirmation for this lexical value; exact Oxford definition='a shop that sells food and other things used in the home. In American English ‘ grocery store ’ is often used to mean ‘supermarket’.'.
MANUAL_EMERGENCY_WORK_20260820_SECOND_PASS_V7_round04	MANUAL_EMERGENCY_WORK_20260820_FIRST_PASS_V7_round04	ox5000-889e167db140abcc55ee	guideline	noun	B2	BLOCKED		BLOCKED V7: sense-specific Wiktionary gloss does not align with exact Oxford definition; gloss_similarity=0.410; lexical_overlap=0; exact Oxford definition='a set of rules or instructions that are given by an official organization telling you how to do something, especially something difficult'.
MANUAL_EMERGENCY_WORK_20260820_SECOND_PASS_V7_round04	MANUAL_EMERGENCY_WORK_20260820_FIRST_PASS_V7_round04	ox5000-196e7e40d3dea9806f88	habitat	noun	B2	BLOCKED		BLOCKED V7: surface MT is candidate generation only; no independent sense-specific bilingual confirmation for this lexical value; exact Oxford definition='the place where a particular type of animal or plant is normally found'.
MANUAL_EMERGENCY_WORK_20260820_SECOND_PASS_V7_round04	MANUAL_EMERGENCY_WORK_20260820_FIRST_PASS_V7_round04	ox5000-e1c41e9f875382fe57b7	harbour	noun	B2	BLOCKED		BLOCKED V7: surface MT is candidate generation only; no independent sense-specific bilingual confirmation for this lexical value; exact Oxford definition='an area of water on the coast, protected from the open sea by strong walls, where ships can shelter'.
MANUAL_EMERGENCY_WORK_20260820_SECOND_PASS_V7_round04	MANUAL_EMERGENCY_WORK_20260820_FIRST_PASS_V7_round04	ox5000-2810d4945e0b4cbb8892	headquarters	noun	B2	BLOCKED		BLOCKED V7: Oxford definition requires person role but source/reverse role is not independently person-like (headquarters); exact Oxford definition='a place from which an organization or a military operation is controlled; the people who work there'.
MANUAL_EMERGENCY_WORK_20260820_SECOND_PASS_V7_round04	MANUAL_EMERGENCY_WORK_20260820_FIRST_PASS_V7_round04	ox5000-ef704d39fcedac1879a3	heal	verb	B2	BLOCKED		BLOCKED V7: sense-bound bilingual confirmation did not survive alignment gate; exact Oxford definition='to become healthy again; to make something healthy again'.
MANUAL_EMERGENCY_WORK_20260820_SECOND_PASS_V7_round04	MANUAL_EMERGENCY_WORK_20260820_FIRST_PASS_V7_round04	ox5000-984f901bff540521430c	healthcare	noun	B2	BLOCKED		BLOCKED V7: surface MT is candidate generation only; no independent sense-specific bilingual confirmation for this lexical value; exact Oxford definition='the service of providing medical care'.
MANUAL_EMERGENCY_WORK_20260820_SECOND_PASS_V7_round04	MANUAL_EMERGENCY_WORK_20260820_FIRST_PASS_V7_round04	ox5000-391293d6fb6a7618d9b1	helmet	noun	B2	BLOCKED		BLOCKED V7: Oxford definition requires person role but source/reverse role is not independently person-like (helmet); exact Oxford definition='a type of hard hat that protects the head, worn, for example, by a police officer, a soldier or a person riding a bike or motorbike or playing some sports'.
MANUAL_EMERGENCY_WORK_20260820_SECOND_PASS_V7_round04	MANUAL_EMERGENCY_WORK_20260820_FIRST_PASS_V7_round04	ox5000-b0e9a621ac9c68faa293	hence	adverb	B2	BLOCKED		BLOCKED V7: sense-specific Wiktionary gloss does not align with exact Oxford definition; gloss_similarity=0.468; lexical_overlap=0; exact Oxford definition='for this reason'.
MANUAL_EMERGENCY_WORK_20260820_SECOND_PASS_V7_round04	MANUAL_EMERGENCY_WORK_20260820_FIRST_PASS_V7_round04	ox5000-94aa2afe2d9372cb4229	herb	noun	B2	BLOCKED		BLOCKED V7: surface MT is candidate generation only; no independent sense-specific bilingual confirmation for this lexical value; exact Oxford definition='a plant whose leaves, flowers or seeds are used to add taste to food, in medicines or for their pleasant smell. parsley , mint and oregano are all herbs .'.
MANUAL_EMERGENCY_WORK_20260820_SECOND_PASS_V7_round04	MANUAL_EMERGENCY_WORK_20260820_FIRST_PASS_V7_round04	ox5000-d3e2e909a6622cd172bf	hidden	adjective	B2	BLOCKED		BLOCKED V7: sense-specific Wiktionary gloss does not align with exact Oxford definition; gloss_similarity=0.585; lexical_overlap=0; exact Oxford definition='something that is hidden is kept or located in a place where it cannot be seen'.
MANUAL_EMERGENCY_WORK_20260820_SECOND_PASS_V7_round04	MANUAL_EMERGENCY_WORK_20260820_FIRST_PASS_V7_round04	ox5000-50fc0bc84b3fc5dc83ac	highway	noun	B2	BLOCKED		BLOCKED V7: surface MT is candidate generation only; no independent sense-specific bilingual confirmation for this lexical value; exact Oxford definition='a main road for travelling long distances, especially one connecting and going through cities and towns'.
MANUAL_EMERGENCY_WORK_20260820_SECOND_PASS_V7_round04	MANUAL_EMERGENCY_WORK_20260820_FIRST_PASS_V7_round04	ox5000-b6f7336242fe1a0172bf	hilarious	adjective	B2	BLOCKED		BLOCKED V7: V6 candidate-specific Ukrainian lexical evidence missing/ambiguous or lacks exact English lexical mapping; exact Oxford definition='extremely funny'.
MANUAL_EMERGENCY_WORK_20260820_SECOND_PASS_V7_round04	MANUAL_EMERGENCY_WORK_20260820_FIRST_PASS_V7_round04	ox5000-dfe0006f6faea4481b74	hip	noun	B2	BLOCKED		BLOCKED V7: sense-bound bilingual confirmation did not survive alignment gate; exact Oxford definition='the area at either side of the body between the top of the leg and the middle part of the body; the joint at the top of the leg that connects it with the top part of the body'.
MANUAL_EMERGENCY_WORK_20260820_SECOND_PASS_V7_round04	MANUAL_EMERGENCY_WORK_20260820_FIRST_PASS_V7_round04	ox5000-65b7be2b102eaacebdf0	historian	noun	B2	BLOCKED		BLOCKED V7: sense-bound bilingual confirmation did not survive alignment gate; exact Oxford definition='a person who studies or writes about history; an expert in history'.
MANUAL_EMERGENCY_WORK_20260820_SECOND_PASS_V7_round04	MANUAL_EMERGENCY_WORK_20260820_FIRST_PASS_V7_round04	ox5000-45d3403127f71104c337	homeless	adjective	B2	BLOCKED		BLOCKED V7: sense-bound bilingual confirmation did not survive alignment gate; exact Oxford definition='having no home, and therefore typically living on the streets'.
MANUAL_EMERGENCY_WORK_20260820_SECOND_PASS_V7_round04	MANUAL_EMERGENCY_WORK_20260820_FIRST_PASS_V7_round04	ox5000-101f93ba1a99dadfbee0	honesty	noun	B2	BLOCKED		BLOCKED V7: V6 candidate-specific Ukrainian lexical evidence missing/ambiguous or lacks exact English lexical mapping; exact Oxford definition='the quality of being honest'.
MANUAL_EMERGENCY_WORK_20260820_SECOND_PASS_V7_round04	MANUAL_EMERGENCY_WORK_20260820_FIRST_PASS_V7_round04	ox5000-5a8626cc70e9e3ad32a4	hook	noun	B2	BLOCKED		BLOCKED V7: sense-bound bilingual confirmation did not survive alignment gate; exact Oxford definition='a curved piece of metal, plastic or wire for hanging things on, catching fish with, etc.'.
MANUAL_EMERGENCY_WORK_20260820_SECOND_PASS_V7_round04	MANUAL_EMERGENCY_WORK_20260820_FIRST_PASS_V7_round04	ox5000-b6de68069d4b1653da28	hopefully	adverb	B2	BLOCKED		BLOCKED V7: sentence-like punctuation in lexical value; exact Oxford definition='used to express what you hope will happen'.
MANUAL_EMERGENCY_WORK_20260820_SECOND_PASS_V7_round04	MANUAL_EMERGENCY_WORK_20260820_FIRST_PASS_V7_round04	ox5000-5b96940d18199354bf42	hunger	noun	B2	BLOCKED		BLOCKED V7: semantic role mismatch: Oxford definition requires state, reverse candidate looks generic; exact Oxford definition='the state of not having enough food to eat, especially when this causes illness or death'.
MANUAL_EMERGENCY_WORK_20260820_SECOND_PASS_V7_round04	MANUAL_EMERGENCY_WORK_20260820_FIRST_PASS_V7_round04	ox5000-6826ffff72382c3098c5	hypothesis	noun	B2	BLOCKED		BLOCKED V7: sense-bound bilingual confirmation did not survive alignment gate; exact Oxford definition='an idea or explanation of something that is based on a few known facts but that has not yet been proved to be true or correct'.
MANUAL_EMERGENCY_WORK_20260820_SECOND_PASS_V7_round04	MANUAL_EMERGENCY_WORK_20260820_FIRST_PASS_V7_round04	ox5000-dac0118b6e5ac4e7e31f	icon	noun	B2	BLOCKED		BLOCKED V7: V6 candidate-specific Ukrainian lexical evidence missing/ambiguous or lacks exact English lexical mapping; exact Oxford definition='a small symbol on a computer or smartphone screen that represents a program or a file'.
MANUAL_EMERGENCY_WORK_20260820_SECOND_PASS_V7_round04	MANUAL_EMERGENCY_WORK_20260820_FIRST_PASS_V7_round04	ox5000-0266b44058e618706301	ID	noun	B2	BLOCKED		BLOCKED V7: surface MT is candidate generation only; no independent sense-specific bilingual confirmation for this lexical value; exact Oxford definition='an official way of showing who you are, for example a document with your name, date of birth and often a photograph on it (the abbreviation for ‘ identity ’ or ‘ identification ’ )'.
MANUAL_EMERGENCY_WORK_20260820_SECOND_PASS_V7_round04	MANUAL_EMERGENCY_WORK_20260820_FIRST_PASS_V7_round04	ox5000-cba028b70a26fb8e973b	identical	adjective	B2	BLOCKED		BLOCKED V7: sense-specific Wiktionary gloss does not align with exact Oxford definition; gloss_similarity=0.490; lexical_overlap=0; exact Oxford definition='similar in every detail'.
MANUAL_EMERGENCY_WORK_20260820_SECOND_PASS_V7_round04	MANUAL_EMERGENCY_WORK_20260820_FIRST_PASS_V7_round04	ox5000-530d3802d61ad0aefab6	illusion	noun	B2	BLOCKED		BLOCKED V7: Oxford definition requires person role but source/reverse role is not independently person-like (illusion); exact Oxford definition='a false idea or belief, especially about somebody or about a situation'.
MANUAL_EMERGENCY_WORK_20260820_SECOND_PASS_V7_round04	MANUAL_EMERGENCY_WORK_20260820_FIRST_PASS_V7_round04	ox5000-fe7c0867a2f339b6f398	immigration	noun	B2	BLOCKED		BLOCKED V7: semantic role mismatch: Oxford definition requires person, reverse candidate looks process; exact Oxford definition='the process of coming to live permanently in a different country from the one you were born in; the number of people who do this'.
MANUAL_EMERGENCY_WORK_20260820_SECOND_PASS_V7_round04	MANUAL_EMERGENCY_WORK_20260820_FIRST_PASS_V7_round04	ox5000-39a64cc0f2bccb1d329c	immune	adjective	B2	BLOCKED		BLOCKED V7: adjective candidate has no plausible Ukrainian adjective morphology; exact Oxford definition='that cannot catch or be affected by a particular disease or illness'.
MANUAL_EMERGENCY_WORK_20260820_SECOND_PASS_V7_round04	MANUAL_EMERGENCY_WORK_20260820_FIRST_PASS_V7_round04	ox5000-c1c5fbcd8bef4eef712e	implement	verb	B2	BLOCKED		BLOCKED V7: verb candidate is not an appropriate Ukrainian infinitive/verb phrase; exact Oxford definition='to make something that has been officially decided start to happen or be used'.
MANUAL_EMERGENCY_WORK_20260820_SECOND_PASS_V7_round04	MANUAL_EMERGENCY_WORK_20260820_FIRST_PASS_V7_round04	ox5000-2ab7636cef93aa6ee33e	implication	noun	B2	BLOCKED		BLOCKED V7: semantic role mismatch: Oxford definition requires process, reverse candidate looks generic; exact Oxford definition='a possible effect or result of an action or a decision'.
MANUAL_EMERGENCY_WORK_20260820_SECOND_PASS_V7_round04	MANUAL_EMERGENCY_WORK_20260820_FIRST_PASS_V7_round04	ox5000-45c8c81f5a8d00df51ee	incentive	noun	B2	BLOCKED		BLOCKED V7: sense-bound bilingual confirmation did not survive alignment gate; exact Oxford definition='something that encourages you to do something'.
MANUAL_EMERGENCY_WORK_20260820_SECOND_PASS_V7_round04	MANUAL_EMERGENCY_WORK_20260820_FIRST_PASS_V7_round04	ox5000-0619be0d2f24cb68b967	incorporate	verb	B2	BLOCKED		BLOCKED V7: V6 candidate-specific Ukrainian lexical evidence missing/ambiguous or lacks exact English lexical mapping; exact Oxford definition='to include something so that it forms a part of something'.
MANUAL_EMERGENCY_WORK_20260820_SECOND_PASS_V7_round04	MANUAL_EMERGENCY_WORK_20260820_FIRST_PASS_V7_round04	ox5000-e6ba4bdf14d730fcb39b	incorrect	adjective	B2	BLOCKED		BLOCKED V7: sense-bound bilingual confirmation did not survive alignment gate; exact Oxford definition='not accurate or true'.
MANUAL_EMERGENCY_WORK_20260820_SECOND_PASS_V7_round04	MANUAL_EMERGENCY_WORK_20260820_FIRST_PASS_V7_round04	ox5000-ef97a46763f2c6c5b237	independence	noun	B2	BLOCKED		BLOCKED V7: sense-specific Wiktionary gloss does not align with exact Oxford definition; gloss_similarity=0.380; lexical_overlap=0; exact Oxford definition='freedom from political control by other countries'.
MANUAL_EMERGENCY_WORK_20260820_SECOND_PASS_V7_round04	MANUAL_EMERGENCY_WORK_20260820_FIRST_PASS_V7_round04	ox5000-be988b1dff39f57ff813	index	noun	B2	BLOCKED		BLOCKED V7: sense-bound bilingual confirmation did not survive alignment gate; exact Oxford definition='a list of names or topics that are referred to in a book, etc., usually arranged at the end of a book in alphabetical order or listed in a separate file or book'.
MANUAL_EMERGENCY_WORK_20260820_SECOND_PASS_V7_round04	MANUAL_EMERGENCY_WORK_20260820_FIRST_PASS_V7_round04	ox5000-cc1a0296595578e3be05	indication	noun	B2	BLOCKED		BLOCKED V7: semantic role mismatch: Oxford definition requires person, reverse candidate looks generic; exact Oxford definition='a remark or sign that shows that something is happening or what somebody is thinking or feeling'.
MANUAL_EMERGENCY_WORK_20260820_SECOND_PASS_V7_round04	MANUAL_EMERGENCY_WORK_20260820_FIRST_PASS_V7_round04	ox5000-06646a689dd3273e1c93	inevitable	adjective	B2	BLOCKED		BLOCKED V7: candidate has contradictory definition support despite sense-bound source; exact Oxford definition='that you cannot avoid or prevent'.
MANUAL_EMERGENCY_WORK_20260820_SECOND_PASS_V7_round04	MANUAL_EMERGENCY_WORK_20260820_FIRST_PASS_V7_round04	ox5000-7b3cb0765f05e7460306	inevitably	adverb	B2	BLOCKED		BLOCKED V7: sense-specific Wiktionary gloss does not align with exact Oxford definition; gloss_similarity=0.302; lexical_overlap=0; exact Oxford definition='as is certain to happen'.
MANUAL_EMERGENCY_WORK_20260820_SECOND_PASS_V7_round04	MANUAL_EMERGENCY_WORK_20260820_FIRST_PASS_V7_round04	ox5000-7ff9e2bdabdf73fcdf4d	infer	verb	B2	BLOCKED		BLOCKED V7: sense-specific Wiktionary gloss does not align with exact Oxford definition; gloss_similarity=0.569; lexical_overlap=0; exact Oxford definition='to reach an opinion or decide that something is true on the basis of information that is available'.
MANUAL_EMERGENCY_WORK_20260820_SECOND_PASS_V7_round04	MANUAL_EMERGENCY_WORK_20260820_FIRST_PASS_V7_round04	ox5000-f0ae610ae73d64453087	inflation	noun	B2	BLOCKED		BLOCKED V7: V6 candidate-specific Ukrainian lexical evidence missing/ambiguous or lacks exact English lexical mapping; exact Oxford definition='a fall in the value of money and a general increase in prices; the rate at which this happens'.
MANUAL_EMERGENCY_WORK_20260820_SECOND_PASS_V7_round04	MANUAL_EMERGENCY_WORK_20260820_FIRST_PASS_V7_round04	ox5000-49955cd8897590e06eb7	info	noun	B2	BLOCKED		BLOCKED V7: candidate is not predominantly Ukrainian; exact Oxford definition='information'.
MANUAL_EMERGENCY_WORK_20260820_SECOND_PASS_V7_round04	MANUAL_EMERGENCY_WORK_20260820_FIRST_PASS_V7_round04	ox5000-36319883199e948ad332	infrastructure	noun	B2	BLOCKED		BLOCKED V7: V6 candidate-specific Ukrainian lexical evidence missing/ambiguous or lacks exact English lexical mapping; exact Oxford definition='the basic systems and services that are necessary for a country or an organization to run smoothly, for example buildings, transport and water and power supplies'.
MANUAL_EMERGENCY_WORK_20260820_SECOND_PASS_V7_round04	MANUAL_EMERGENCY_WORK_20260820_FIRST_PASS_V7_round04	ox5000-24da19bb4ce0d5ceeacb	inhabitant	noun	B2	BLOCKED		BLOCKED V7: semantic role mismatch: Oxford definition requires person, reverse candidate looks generic; exact Oxford definition='a person or an animal that lives in a particular place'.
MANUAL_EMERGENCY_WORK_20260820_SECOND_PASS_V7_round04	MANUAL_EMERGENCY_WORK_20260820_FIRST_PASS_V7_round04	ox5000-f4321412ab9f41d8e2db	inherit	verb	B2	BLOCKED		BLOCKED V7: Oxford definition requires person role but source/reverse role is not independently person-like (inherit); exact Oxford definition='to receive money, property, etc. from somebody when they die'.
MANUAL_EMERGENCY_WORK_20260820_SECOND_PASS_V7_round04	MANUAL_EMERGENCY_WORK_20260820_FIRST_PASS_V7_round04	ox5000-f6248e466730f68b14a2	ink	noun	B2	BLOCKED		BLOCKED V7: V6 candidate-specific Ukrainian lexical evidence missing/ambiguous or lacks exact English lexical mapping; exact Oxford definition='coloured liquid for writing, drawing and printing'.
MANUAL_EMERGENCY_WORK_20260820_SECOND_PASS_V7_round04	MANUAL_EMERGENCY_WORK_20260820_FIRST_PASS_V7_round04	ox5000-5262606cd574af131a21	innovation	noun	B2	BLOCKED		BLOCKED V7: sense-bound bilingual confirmation did not survive alignment gate; exact Oxford definition='the introduction of new things, ideas or ways of doing something'.
MANUAL_EMERGENCY_WORK_20260820_SECOND_PASS_V7_round04	MANUAL_EMERGENCY_WORK_20260820_FIRST_PASS_V7_round04	ox5000-bb2305964c87f26f785b	innovative	adjective	B2	BLOCKED		BLOCKED V7: surface MT is candidate generation only; no independent sense-specific bilingual confirmation for this lexical value; exact Oxford definition='introducing or using new ideas, ways of doing something, etc.'.
MANUAL_EMERGENCY_WORK_20260820_SECOND_PASS_V7_round04	MANUAL_EMERGENCY_WORK_20260820_FIRST_PASS_V7_round04	ox5000-e1ca54e0e4d0e1a16fac	input	noun	B2	BLOCKED		BLOCKED V7: semantic role mismatch: Oxford definition requires process, reverse candidate looks generic; exact Oxford definition='time, knowledge, ideas, etc. that you put into work, a project, etc. in order to make it succeed; the act of putting something in'.
MANUAL_EMERGENCY_WORK_20260820_SECOND_PASS_V7_round04	MANUAL_EMERGENCY_WORK_20260820_FIRST_PASS_V7_round04	ox5000-272fbc928cd10bef3371	insert	verb	B2	BLOCKED		BLOCKED V7: surface MT is candidate generation only; no independent sense-specific bilingual confirmation for this lexical value; exact Oxford definition='to put something into something else or between two things'.
MANUAL_EMERGENCY_WORK_20260820_SECOND_PASS_V7_round04	MANUAL_EMERGENCY_WORK_20260820_FIRST_PASS_V7_round04	ox5000-5f09fb5782151e5b31f9	inspector	noun	B2	BLOCKED		BLOCKED V7: V6 candidate-specific Ukrainian lexical evidence missing/ambiguous or lacks exact English lexical mapping; exact Oxford definition='an officer of middle rank in the police force'.
MANUAL_EMERGENCY_WORK_20260820_SECOND_PASS_V7_round04	MANUAL_EMERGENCY_WORK_20260820_FIRST_PASS_V7_round04	ox5000-057f0fb509e5dcf12e33	installation	noun	B2	BLOCKED		BLOCKED V7: surface MT is candidate generation only; no independent sense-specific bilingual confirmation for this lexical value; exact Oxford definition='the act of fixing equipment or furniture in position so that it can be used'.
MANUAL_EMERGENCY_WORK_20260820_SECOND_PASS_V7_round04	MANUAL_EMERGENCY_WORK_20260820_FIRST_PASS_V7_round04	ox5000-d6cbb323c712ce894586	instant	adjective	B2	BLOCKED		BLOCKED V7: adjective candidate has no plausible Ukrainian adjective morphology; exact Oxford definition='happening immediately'.
MANUAL_EMERGENCY_WORK_20260820_SECOND_PASS_V7_round04	MANUAL_EMERGENCY_WORK_20260820_FIRST_PASS_V7_round04	ox5000-badf4a8930fc7d79c357	instantly	adverb	B2	BLOCKED		BLOCKED V7: sense-bound bilingual confirmation did not survive alignment gate; exact Oxford definition='immediately'.
MANUAL_EMERGENCY_WORK_20260820_SECOND_PASS_V7_round04	MANUAL_EMERGENCY_WORK_20260820_FIRST_PASS_V7_round04	ox5000-c12f00903c72d68024f3	integrate	verb	B2	BLOCKED		BLOCKED V7: sense-specific Wiktionary gloss does not align with exact Oxford definition; gloss_similarity=0.609; lexical_overlap=0; exact Oxford definition='to combine two or more things so that they work together; to combine with something else in this way'.
MANUAL_EMERGENCY_WORK_20260820_SECOND_PASS_V7_round04	MANUAL_EMERGENCY_WORK_20260820_FIRST_PASS_V7_round04	ox5000-c6ed2c694d610997a7df	intellectual	adjective	B2	BLOCKED		BLOCKED V7: Oxford definition requires person role but source/reverse role is not independently person-like (intellectual); exact Oxford definition='connected with or using a person’s ability to think in a logical way and understand things'.
MANUAL_EMERGENCY_WORK_20260820_SECOND_PASS_V7_round04	MANUAL_EMERGENCY_WORK_20260820_FIRST_PASS_V7_round04	ox5000-c54f9279e34437f21931	interact	verb	B2	BLOCKED		BLOCKED V7: Oxford definition requires person role but source/reverse role is not independently person-like (interact); exact Oxford definition='to communicate with somebody, especially while you work, play or spend time with them'.
MANUAL_EMERGENCY_WORK_20260820_SECOND_PASS_V7_round04	MANUAL_EMERGENCY_WORK_20260820_FIRST_PASS_V7_round04	ox5000-dadeebf8bd921477bf3b	interaction	noun	B2	BLOCKED		BLOCKED V7: semantic role mismatch: Oxford definition requires person, reverse candidate looks process; exact Oxford definition='the act of communicating with somebody, especially while you work, play or spend time with them'.
MANUAL_EMERGENCY_WORK_20260820_SECOND_PASS_V7_round04	MANUAL_EMERGENCY_WORK_20260820_FIRST_PASS_V7_round04	ox5000-4f4fbda46ce05ce575f1	interpretation	noun	B2	BLOCKED		BLOCKED V7: sense-bound bilingual confirmation did not survive alignment gate; exact Oxford definition='the particular way in which something is understood or explained'.
MANUAL_EMERGENCY_WORK_20260820_SECOND_PASS_V7_round04	MANUAL_EMERGENCY_WORK_20260820_FIRST_PASS_V7_round04	ox5000-23f96e4f7e768533f9e1	interval	noun	B2	BLOCKED		BLOCKED V7: sense-specific Wiktionary gloss does not align with exact Oxford definition; gloss_similarity=0.256; lexical_overlap=0; exact Oxford definition='a period of time between two events'.
MANUAL_EMERGENCY_WORK_20260820_SECOND_PASS_V7_round04	MANUAL_EMERGENCY_WORK_20260820_FIRST_PASS_V7_round04	ox5000-67085d75a6593c5849c3	invade	verb	B2	BLOCKED		BLOCKED V7: V6 candidate-specific Ukrainian lexical evidence missing/ambiguous or lacks exact English lexical mapping; exact Oxford definition='to enter a country, town, etc. using military force in order to take control of it'.
MANUAL_EMERGENCY_WORK_20260820_SECOND_PASS_V7_round04	MANUAL_EMERGENCY_WORK_20260820_FIRST_PASS_V7_round04	ox5000-d20215e9e0ba29c2222f	invasion	noun	B2	BLOCKED		BLOCKED V7: sense-bound bilingual confirmation did not survive alignment gate; exact Oxford definition='the act of an army entering another country by force in order to take control of it'.
MANUAL_EMERGENCY_WORK_20260820_SECOND_PASS_V7_round04	MANUAL_EMERGENCY_WORK_20260820_FIRST_PASS_V7_round04	ox5000-5ec2e0bf7bd7159c4fa2	investor	noun	B2	BLOCKED		BLOCKED V7: V6 candidate-specific Ukrainian lexical evidence missing/ambiguous or lacks exact English lexical mapping; exact Oxford definition='a person or an organization that invests money in something'.
MANUAL_EMERGENCY_WORK_20260820_SECOND_PASS_V7_round04	MANUAL_EMERGENCY_WORK_20260820_FIRST_PASS_V7_round04	ox5000-68dfdd415bb302e71b0a	isolate	verb	B2	BLOCKED		BLOCKED V7: semantic role mismatch: Oxford definition requires person, reverse candidate looks generic; exact Oxford definition='to separate somebody/something physically or socially from other people or things'.
MANUAL_EMERGENCY_WORK_20260820_SECOND_PASS_V7_round04	MANUAL_EMERGENCY_WORK_20260820_FIRST_PASS_V7_round04	ox5000-b7446723645accf54c52	isolated	adjective	B2	BLOCKED		BLOCKED V7: surface MT is candidate generation only; no independent sense-specific bilingual confirmation for this lexical value; exact Oxford definition='far away from any others'.
MANUAL_EMERGENCY_WORK_20260820_SECOND_PASS_V7_round04	MANUAL_EMERGENCY_WORK_20260820_FIRST_PASS_V7_round04	ox5000-2bdd3cdbe3b5841b8f62	jail	noun	B2	BLOCKED		BLOCKED V7: Oxford definition text not found at exact definition path; exact Oxford definition=''.
MANUAL_EMERGENCY_WORK_20260820_SECOND_PASS_V7_round04	MANUAL_EMERGENCY_WORK_20260820_FIRST_PASS_V7_round04	ox5000-031f0c28f6bfce2b6e15	jail	verb	B2	BLOCKED		BLOCKED V7: verb candidate is not an appropriate Ukrainian infinitive/verb phrase; exact Oxford definition='to put somebody in prison'.
MANUAL_EMERGENCY_WORK_20260820_SECOND_PASS_V7_round04	MANUAL_EMERGENCY_WORK_20260820_FIRST_PASS_V7_round04	ox5000-fb7375e0f3874e5647c5	jet	noun	B2	BLOCKED		BLOCKED V7: surface MT is candidate generation only; no independent sense-specific bilingual confirmation for this lexical value; exact Oxford definition='a plane driven by jet engines'.
MANUAL_EMERGENCY_WORK_20260820_SECOND_PASS_V7_round04	MANUAL_EMERGENCY_WORK_20260820_FIRST_PASS_V7_round04	ox5000-70c5c8f51acbab122f67	joint	adjective	B2	BLOCKED		BLOCKED V7: sense-bound bilingual confirmation did not survive alignment gate; exact Oxford definition='involving two or more people together'.
MANUAL_EMERGENCY_WORK_20260820_SECOND_PASS_V7_round04	MANUAL_EMERGENCY_WORK_20260820_FIRST_PASS_V7_round04	ox5000-dd96500677d3ca51e52e	joint	noun	B2	BLOCKED		BLOCKED V7: semantic role mismatch: Oxford definition requires place, reverse candidate looks process; exact Oxford definition='a place where two bones are joined together in the body in a way that enables them to bend and move'.
MANUAL_EMERGENCY_WORK_20260820_SECOND_PASS_V7_round04	MANUAL_EMERGENCY_WORK_20260820_FIRST_PASS_V7_round04	ox5000-2f08ca6f381da258e455	journalism	noun	B2	BLOCKED		BLOCKED V7: sense-bound bilingual confirmation did not survive alignment gate; exact Oxford definition='the work of collecting and writing news stories for newspapers, magazines, radio, television or online news sites; the news stories that are written'.
MANUAL_EMERGENCY_WORK_20260820_SECOND_PASS_V7_round04	MANUAL_EMERGENCY_WORK_20260820_FIRST_PASS_V7_round04	ox5000-daa9b791eff027caf0b2	jury	noun	B2	BLOCKED		BLOCKED V7: Oxford definition requires person role but source/reverse role is not independently person-like (jury); exact Oxford definition='a group of members of the public who listen to the facts of a case in a court and decide whether or not somebody is guilty of a crime, or whether a claim has been proved'.
MANUAL_EMERGENCY_WORK_20260820_SECOND_PASS_V7_round04	MANUAL_EMERGENCY_WORK_20260820_FIRST_PASS_V7_round04	ox5000-11266ab8c09eb5c57402	kit	noun	B2	BLOCKED		BLOCKED V7: surface MT is candidate generation only; no independent sense-specific bilingual confirmation for this lexical value; exact Oxford definition='a set of tools or equipment that you use for a particular purpose'.
MANUAL_EMERGENCY_WORK_20260820_SECOND_PASS_V7_round04	MANUAL_EMERGENCY_WORK_20260820_FIRST_PASS_V7_round04	ox5000-c3113232c1fb2e5bbaa0	ladder	noun	B2	BLOCKED		BLOCKED V7: surface MT is candidate generation only; no independent sense-specific bilingual confirmation for this lexical value; exact Oxford definition='a piece of equipment for climbing up and down a wall, the side of a building, etc., consisting of two lengths of wood or metal that are joined together by steps or rungs'.
MANUAL_EMERGENCY_WORK_20260820_SECOND_PASS_V7_round04	MANUAL_EMERGENCY_WORK_20260820_FIRST_PASS_V7_round04	ox5000-a218d28b896b2bdb62f8	landing	noun	B2	BLOCKED		BLOCKED V7: sense-bound bilingual confirmation did not survive alignment gate; exact Oxford definition='an act of bringing an aircraft or a spacecraft down to the ground after a journey'.
MANUAL_EMERGENCY_WORK_20260820_SECOND_PASS_V7_round04	MANUAL_EMERGENCY_WORK_20260820_FIRST_PASS_V7_round04	ox5000-b9a7aa2033cb2e0c7400	lane	noun	B2	BLOCKED		BLOCKED V7: semantic role mismatch: Oxford definition requires place, reverse candidate looks generic; exact Oxford definition='a narrow road in the country'.
MANUAL_EMERGENCY_WORK_20260820_SECOND_PASS_V7_round04	MANUAL_EMERGENCY_WORK_20260820_FIRST_PASS_V7_round04	ox5000-c1b92733baa2264f3999	lately	adverb	B2	BLOCKED		BLOCKED V7: multiword adverb candidate is not an adverbial phrase; exact Oxford definition='recently; in the recent past'.
MANUAL_EMERGENCY_WORK_20260820_SECOND_PASS_V7_round04	MANUAL_EMERGENCY_WORK_20260820_FIRST_PASS_V7_round04	ox5000-e7ea035601a37a9a4722	leaflet	noun	B2	BLOCKED		BLOCKED V7: surface MT is candidate generation only; no independent sense-specific bilingual confirmation for this lexical value; exact Oxford definition='a printed sheet of paper or a few printed pages that are given free to advertise or give information about something'.
MANUAL_EMERGENCY_WORK_20260820_SECOND_PASS_V7_round04	MANUAL_EMERGENCY_WORK_20260820_FIRST_PASS_V7_round04	ox5000-717eebb531c2bbf433f9	legend	noun	B2	BLOCKED		BLOCKED V7: V6 candidate-specific Ukrainian lexical evidence missing/ambiguous or lacks exact English lexical mapping; exact Oxford definition='a story from ancient times about people and events, that may or may not be true; this type of story'.
MANUAL_EMERGENCY_WORK_20260820_SECOND_PASS_V7_round04	MANUAL_EMERGENCY_WORK_20260820_FIRST_PASS_V7_round04	ox5000-ffb8e573cf446633d5cb	lens	noun	B2	BLOCKED		BLOCKED V7: sense-bound bilingual confirmation did not survive alignment gate; exact Oxford definition='a curved piece of glass or plastic that makes things look larger, smaller or clearer when you look through it'.
MANUAL_EMERGENCY_WORK_20260820_SECOND_PASS_V7_round04	MANUAL_EMERGENCY_WORK_20260820_FIRST_PASS_V7_round04	ox5000-51bc5ea8a66b539c5223	lifetime	noun	B2	BLOCKED		BLOCKED V7: semantic role mismatch: Oxford definition requires person, reverse candidate looks generic; exact Oxford definition='the length of time that somebody lives or that something lasts'.
MANUAL_EMERGENCY_WORK_20260820_SECOND_PASS_V7_round04	MANUAL_EMERGENCY_WORK_20260820_FIRST_PASS_V7_round04	ox5000-a3a2e9e256bd13e3e541	lighting	noun	B2	BLOCKED		BLOCKED V7: semantic role mismatch: Oxford definition requires place, reverse candidate looks generic; exact Oxford definition='the arrangement or type of light in a place'.
MANUAL_EMERGENCY_WORK_20260820_SECOND_PASS_V7_round04	MANUAL_EMERGENCY_WORK_20260820_FIRST_PASS_V7_round04	ox5000-328c1d56fad5d18c8f23	likewise	adverb	B2	BLOCKED		BLOCKED V7: multiword adverb candidate is not an adverbial phrase; exact Oxford definition='the same; in a similar way'.
MANUAL_EMERGENCY_WORK_20260820_SECOND_PASS_V7_round04	MANUAL_EMERGENCY_WORK_20260820_FIRST_PASS_V7_round04	ox5000-fdce7e0032ae59989c61	limitation	noun	B2	BLOCKED		BLOCKED V7: semantic role mismatch: Oxford definition requires person, reverse candidate looks generic; exact Oxford definition='the act or process of limiting or controlling somebody/something'.
MANUAL_EMERGENCY_WORK_20260820_SECOND_PASS_V7_round04	MANUAL_EMERGENCY_WORK_20260820_FIRST_PASS_V7_round04	ox5000-112880a33f9d8e34a9b3	literally	adverb	B2	BLOCKED		BLOCKED V7: V6 candidate-specific Ukrainian lexical evidence missing/ambiguous or lacks exact English lexical mapping; exact Oxford definition='in a literal way'.
MANUAL_EMERGENCY_WORK_20260820_SECOND_PASS_V7_round04	MANUAL_EMERGENCY_WORK_20260820_FIRST_PASS_V7_round04	ox5000-9eabcb2d708b14389152	literary	adjective	B2	BLOCKED		BLOCKED V7: V6 candidate-specific Ukrainian lexical evidence missing/ambiguous or lacks exact English lexical mapping; exact Oxford definition='connected with literature'.
MANUAL_EMERGENCY_WORK_20260820_SECOND_PASS_V7_round04	MANUAL_EMERGENCY_WORK_20260820_FIRST_PASS_V7_round04	ox5000-ef0b492c57cfb957db02	litre	noun	B2	BLOCKED		BLOCKED V7: sense-bound bilingual confirmation did not survive alignment gate; exact Oxford definition='a unit for measuring volume, equal to 1.76 British pints or 2.11 American pints'.
MANUAL_EMERGENCY_WORK_20260820_SECOND_PASS_V7_round04	MANUAL_EMERGENCY_WORK_20260820_FIRST_PASS_V7_round04	ox5000-772478c07738c9ee4fbc	litter	noun	B2	BLOCKED		BLOCKED V7: sense-specific Wiktionary gloss does not align with exact Oxford definition; gloss_similarity=0.595; lexical_overlap=0; exact Oxford definition='small pieces of rubbish such as paper, cans and bottles, that people have left lying in a public place'.
MANUAL_EMERGENCY_WORK_20260820_SECOND_PASS_V7_round04	MANUAL_EMERGENCY_WORK_20260820_FIRST_PASS_V7_round04	ox5000-88df5e9d39518566d1f6	logo	noun	B2	BLOCKED		BLOCKED V7: surface MT is candidate generation only; no independent sense-specific bilingual confirmation for this lexical value; exact Oxford definition='a printed design or symbol that a company or an organization uses as its special sign'.
MANUAL_EMERGENCY_WORK_20260820_SECOND_PASS_V7_round04	MANUAL_EMERGENCY_WORK_20260820_FIRST_PASS_V7_round04	ox5000-a7622314f2c3bb2b4d35	lottery	noun	B2	BLOCKED		BLOCKED V7: Oxford definition requires person role but source/reverse role is not independently person-like (lottery); exact Oxford definition='a way of raising money for a government, charity, etc. by selling tickets that have different numbers on them that people have chosen. Numbers are then chosen by chance and the people who have those numbers on their tickets win prizes.'.
MANUAL_EMERGENCY_WORK_20260820_SECOND_PASS_V7_round04	MANUAL_EMERGENCY_WORK_20260820_FIRST_PASS_V7_round04	ox5000-b23be88bc8ebf7098db0	loyal	adjective	B2	BLOCKED		BLOCKED V7: Oxford definition requires person role but source/reverse role is not independently person-like (loyal); exact Oxford definition='remaining constant in your support of somebody/something'.
MANUAL_EMERGENCY_WORK_20260820_SECOND_PASS_V7_round04	MANUAL_EMERGENCY_WORK_20260820_FIRST_PASS_V7_round04	ox5000-5ffdbbd8fd821d1622a7	lyric	noun	B2	BLOCKED		BLOCKED V7: candidate is not predominantly Ukrainian; exact Oxford definition='the words of a popular song'.
MANUAL_EMERGENCY_WORK_20260820_SECOND_PASS_V7_round04	MANUAL_EMERGENCY_WORK_20260820_FIRST_PASS_V7_round04	ox5000-3e0bca958a799ee3c3b2	magnificent	adjective	B2	BLOCKED		BLOCKED V7: surface MT is candidate generation only; no independent sense-specific bilingual confirmation for this lexical value; exact Oxford definition='extremely attractive and impressive; deserving praise'.
MANUAL_EMERGENCY_WORK_20260820_SECOND_PASS_V7_round04	MANUAL_EMERGENCY_WORK_20260820_FIRST_PASS_V7_round04	ox5000-6c870370430f84ac75d1	make-up	noun	B2	BLOCKED		BLOCKED V7: candidate is not predominantly Ukrainian; exact Oxford definition='coloured substances used on the skin to make yourself look more attractive or to change your appearance'.
MANUAL_EMERGENCY_WORK_20260820_SECOND_PASS_V7_round04	MANUAL_EMERGENCY_WORK_20260820_FIRST_PASS_V7_round04	ox5000-e01fe6e6100e610146cf	making	noun	B2	BLOCKED		BLOCKED V7: surface MT is candidate generation only; no independent sense-specific bilingual confirmation for this lexical value; exact Oxford definition='the act or process of making or producing something'.
MANUAL_EMERGENCY_WORK_20260820_SECOND_PASS_V7_round04	MANUAL_EMERGENCY_WORK_20260820_FIRST_PASS_V7_round04	ox5000-1dbbc1fd29bbf32a3e10	manufacture	verb	B2	BLOCKED		BLOCKED V7: sense-bound bilingual confirmation did not survive alignment gate; exact Oxford definition='to make goods in large quantities, using machines'.
MANUAL_EMERGENCY_WORK_20260820_SECOND_PASS_V7_round04	MANUAL_EMERGENCY_WORK_20260820_FIRST_PASS_V7_round04	ox5000-9c59e86010b806d83fec	manufacturing	noun	B2	BLOCKED		BLOCKED V7: sense-bound bilingual confirmation did not survive alignment gate; exact Oxford definition='the business or industry of producing goods in large quantities in factories, etc.'.
MANUAL_EMERGENCY_WORK_20260820_SECOND_PASS_V7_round04	MANUAL_EMERGENCY_WORK_20260820_FIRST_PASS_V7_round04	ox5000-3b407a089918c14984a8	marathon	noun	B2	BLOCKED		BLOCKED V7: V6 candidate-specific Ukrainian lexical evidence missing/ambiguous or lacks exact English lexical mapping; exact Oxford definition='a long running race of about 42 kilometres or 26 miles'.
MANUAL_EMERGENCY_WORK_20260820_SECOND_PASS_V7_round04	MANUAL_EMERGENCY_WORK_20260820_FIRST_PASS_V7_round04	ox5000-edc3408926156df88b49	margin	noun	B2	BLOCKED		BLOCKED V7: sense-bound bilingual confirmation did not survive alignment gate; exact Oxford definition='the empty space at the side of a written or printed page'.
MANUAL_EMERGENCY_WORK_20260820_SECOND_PASS_V7_round04	MANUAL_EMERGENCY_WORK_20260820_FIRST_PASS_V7_round04	ox5000-84fa239e44c4093c7cfe	marker	noun	B2	BLOCKED		BLOCKED V7: surface MT is candidate generation only; no independent sense-specific bilingual confirmation for this lexical value; exact Oxford definition='an object or a sign that shows the position of something'.
MANUAL_EMERGENCY_WORK_20260820_SECOND_PASS_V7_round04	MANUAL_EMERGENCY_WORK_20260820_FIRST_PASS_V7_round04	ox5000-d86503c48a8e8690c121	martial	adjective	B2	BLOCKED		BLOCKED V7: V6 candidate-specific Ukrainian lexical evidence missing/ambiguous or lacks exact English lexical mapping; exact Oxford definition='connected with fighting or war'.
MANUAL_EMERGENCY_WORK_20260820_SECOND_PASS_V7_round04	MANUAL_EMERGENCY_WORK_20260820_FIRST_PASS_V7_round04	ox5000-79019916bd7e8a187527	mate	noun	B2	BLOCKED		BLOCKED V7: semantic role mismatch: Oxford definition requires person, reverse candidate looks generic; exact Oxford definition='used as a friendly way of addressing somebody, especially between men'.
MANUAL_EMERGENCY_WORK_20260820_SECOND_PASS_V7_round04	MANUAL_EMERGENCY_WORK_20260820_FIRST_PASS_V7_round04	ox5000-803233f8756ba059a15c	mate	verb	B2	BLOCKED		BLOCKED V7: verb candidate is not an appropriate Ukrainian infinitive/verb phrase; exact Oxford definition='to have sex in order to produce young'.
MANUAL_EMERGENCY_WORK_20260820_SECOND_PASS_V7_round04	MANUAL_EMERGENCY_WORK_20260820_FIRST_PASS_V7_round04	ox5000-9eb52d5916fd39ec8a75	mayor	noun	B2	BLOCKED		BLOCKED V7: V6 candidate-specific Ukrainian lexical evidence missing/ambiguous or lacks exact English lexical mapping; exact Oxford definition='the head of the government of a town or city, etc., elected by the public'.
MANUAL_EMERGENCY_WORK_20260820_SECOND_PASS_V7_round04	MANUAL_EMERGENCY_WORK_20260820_FIRST_PASS_V7_round04	ox5000-30593521f63578f24f57	mechanic	noun	B2	BLOCKED		BLOCKED V7: semantic role mismatch: Oxford definition requires person, reverse candidate looks generic; exact Oxford definition='a person whose job is repairing machines, especially the engines of vehicles'.
MANUAL_EMERGENCY_WORK_20260820_SECOND_PASS_V7_round04	MANUAL_EMERGENCY_WORK_20260820_FIRST_PASS_V7_round04	ox5000-bc744c53b635188752ff	mechanical	adjective	B2	BLOCKED		BLOCKED V7: sense-specific Wiktionary gloss does not align with exact Oxford definition; gloss_similarity=0.337; lexical_overlap=0; exact Oxford definition='operated by power from an engine'.
MANUAL_EMERGENCY_WORK_20260820_SECOND_PASS_V7_round04	MANUAL_EMERGENCY_WORK_20260820_FIRST_PASS_V7_round04	ox5000-feb14135e748e0ec9422	mechanism	noun	B2	BLOCKED		BLOCKED V7: sense-specific Wiktionary gloss does not align with exact Oxford definition; gloss_similarity=0.377; lexical_overlap=0; exact Oxford definition='a set of moving parts in a machine that performs a task'.
MANUAL_EMERGENCY_WORK_20260820_SECOND_PASS_V7_round04	MANUAL_EMERGENCY_WORK_20260820_FIRST_PASS_V7_round04	ox5000-aafc6f9c171aa1d3e4ab	medal	noun	B2	BLOCKED		BLOCKED V7: Oxford definition requires person role but source/reverse role is not independently person-like (medal); exact Oxford definition='a flat piece of metal, usually like a coin in shape, that is given to the winner of a competition or to somebody who has been brave, for example in war'.
MANUAL_EMERGENCY_WORK_20260820_SECOND_PASS_V7_round04	MANUAL_EMERGENCY_WORK_20260820_FIRST_PASS_V7_round04	ox5000-885e13683538fe87553d	medication	noun	B2	BLOCKED		BLOCKED V7: surface MT is candidate generation only; no independent sense-specific bilingual confirmation for this lexical value; exact Oxford definition='a drug or another form of medicine that you take to prevent or to treat an illness; treatment involving drugs'.
MANUAL_EMERGENCY_WORK_20260820_SECOND_PASS_V7_round04	MANUAL_EMERGENCY_WORK_20260820_FIRST_PASS_V7_round04	ox5000-6ecd6860e0bf3c45ceec	membership	noun	B2	BLOCKED		BLOCKED V7: V6 candidate-specific Ukrainian lexical evidence missing/ambiguous or lacks exact English lexical mapping; exact Oxford definition='the state of being a member of a group, a club, an organization, etc.'.
MANUAL_EMERGENCY_WORK_20260820_SECOND_PASS_V7_round04	MANUAL_EMERGENCY_WORK_20260820_FIRST_PASS_V7_round04	ox5000-88c7868cbefd07d53bac	memorable	adjective	B2	BLOCKED		BLOCKED V7: adjective candidate has no plausible Ukrainian adjective morphology; exact Oxford definition='worth remembering or easy to remember, especially because of being special or unusual'.
MANUAL_EMERGENCY_WORK_20260820_SECOND_PASS_V7_round04	MANUAL_EMERGENCY_WORK_20260820_FIRST_PASS_V7_round04	ox5000-a0b66ab8c1eda0867006	metaphor	noun	B2	BLOCKED		BLOCKED V7: sense-specific Wiktionary gloss does not align with exact Oxford definition; gloss_similarity=0.307; lexical_overlap=0; exact Oxford definition='a word or phrase used to describe somebody/something else, in a way that is different from its normal use, in order to show that the two things have the same qualities and to make the description more powerful, for example She has a heart of stone ; the use of such words and phrases'.
MANUAL_EMERGENCY_WORK_20260820_SECOND_PASS_V7_round04	MANUAL_EMERGENCY_WORK_20260820_FIRST_PASS_V7_round04	ox5000-986de09a91776341ea71	miner	noun	B2	BLOCKED		BLOCKED V7: sense-bound bilingual confirmation did not survive alignment gate; exact Oxford definition='a person who works in a mine taking out coal, gold, diamonds, etc.'.
MANUAL_EMERGENCY_WORK_20260820_SECOND_PASS_V7_round04	MANUAL_EMERGENCY_WORK_20260820_FIRST_PASS_V7_round04	ox5000-d5da00c3d1c99d2ce05a	miserable	adjective	B2	BLOCKED		BLOCKED V7: sense-specific Wiktionary gloss does not align with exact Oxford definition; gloss_similarity=0.476; lexical_overlap=0; exact Oxford definition='very unhappy or uncomfortable'.
MANUAL_EMERGENCY_WORK_20260820_SECOND_PASS_V7_round04	MANUAL_EMERGENCY_WORK_20260820_FIRST_PASS_V7_round04	ox5000-c7c8003562442221d355	mode	noun	B2	BLOCKED		BLOCKED V7: sense-specific Wiktionary gloss does not align with exact Oxford definition; gloss_similarity=0.360; lexical_overlap=0; exact Oxford definition='a particular way of doing something; a particular type of something'.
MANUAL_EMERGENCY_WORK_20260820_SECOND_PASS_V7_round04	MANUAL_EMERGENCY_WORK_20260820_FIRST_PASS_V7_round04	ox5000-1c1409a8020c89e8377e	modest	adjective	B2	BLOCKED		BLOCKED V7: sense-bound bilingual confirmation did not survive alignment gate; exact Oxford definition='not very large, expensive, important, etc.'.
MANUAL_EMERGENCY_WORK_20260820_SECOND_PASS_V7_round04	MANUAL_EMERGENCY_WORK_20260820_FIRST_PASS_V7_round04	ox5000-22e3da986f5cef99f6ae	monster	noun	B2	BLOCKED		BLOCKED V7: sense-bound bilingual confirmation did not survive alignment gate; exact Oxford definition='(in stories) an imaginary creature that is very large, ugly and frightening'.
MANUAL_EMERGENCY_WORK_20260820_SECOND_PASS_V7_round04	MANUAL_EMERGENCY_WORK_20260820_FIRST_PASS_V7_round04	ox5000-06cb5472f60a2edbcf2b	monthly	adjective	B2	BLOCKED		BLOCKED V7: V6 candidate-specific Ukrainian lexical evidence missing/ambiguous or lacks exact English lexical mapping; exact Oxford definition='happening once a month or every month'.
MANUAL_EMERGENCY_WORK_20260820_SECOND_PASS_V7_round04	MANUAL_EMERGENCY_WORK_20260820_FIRST_PASS_V7_round04	ox5000-625446803ce6f0d5cf1a	monument	noun	B2	BLOCKED		BLOCKED V7: sense-bound bilingual confirmation did not survive alignment gate; exact Oxford definition='a building, column, statue, etc. built to remind people of a famous person or event'.
MANUAL_EMERGENCY_WORK_20260820_SECOND_PASS_V7_round04	MANUAL_EMERGENCY_WORK_20260820_FIRST_PASS_V7_round04	ox5000-88734672e90f2e89d10b	moreover	adverb	B2	BLOCKED		BLOCKED V7: surface MT is candidate generation only; no independent sense-specific bilingual confirmation for this lexical value; exact Oxford definition='used to introduce some new information that adds to or supports what you have said previously'.
MANUAL_EMERGENCY_WORK_20260820_SECOND_PASS_V7_round04	MANUAL_EMERGENCY_WORK_20260820_FIRST_PASS_V7_round04	ox5000-8bc8e2f1c11fbf198d37	mortgage	noun	B2	BLOCKED		BLOCKED V7: sense-specific Wiktionary gloss does not align with exact Oxford definition; gloss_similarity=0.565; lexical_overlap=0; exact Oxford definition='a legal agreement by which a bank or similar organization lends you money to buy a house, etc., and you pay the money back over a particular number of years; the sum of money that you borrow'.
MANUAL_EMERGENCY_WORK_20260820_SECOND_PASS_V7_round04	MANUAL_EMERGENCY_WORK_20260820_FIRST_PASS_V7_round04	ox5000-85ff0bace6a2ff8b3896	motion	noun	B2	BLOCKED		BLOCKED V7: sense-specific Wiktionary gloss does not align with exact Oxford definition; gloss_similarity=0.504; lexical_overlap=0; exact Oxford definition='the act or process of moving or the way something moves'.
MANUAL_EMERGENCY_WORK_20260820_SECOND_PASS_V7_round04	MANUAL_EMERGENCY_WORK_20260820_FIRST_PASS_V7_round04	ox5000-15358dfd67542bac5588	motivate	verb	B2	BLOCKED		BLOCKED V7: Oxford definition requires person role but source/reverse role is not independently person-like (motivate); exact Oxford definition='to be the reason why somebody does something or behaves in a particular way'.
MANUAL_EMERGENCY_WORK_20260820_SECOND_PASS_V7_round04	MANUAL_EMERGENCY_WORK_20260820_FIRST_PASS_V7_round04	ox5000-636c6bf1b2aeff69bbd1	motivation	noun	B2	BLOCKED		BLOCKED V7: Oxford definition requires person role but source/reverse role is not independently person-like (motivation); exact Oxford definition='the reason why somebody does something or behaves in a particular way'.
MANUAL_EMERGENCY_WORK_20260820_SECOND_PASS_V7_round04	MANUAL_EMERGENCY_WORK_20260820_FIRST_PASS_V7_round04	ox5000-98811a8ef5eeb939e28e	moving	adjective	B2	BLOCKED		BLOCKED V7: semantic role mismatch: Oxford definition requires person, reverse candidate looks generic; exact Oxford definition='causing strong, often sad, feelings about somebody/something'.
MANUAL_EMERGENCY_WORK_20260820_SECOND_PASS_V7_round04	MANUAL_EMERGENCY_WORK_20260820_FIRST_PASS_V7_round04	ox5000-badee9d8f307959df126	ongoing	adjective	B2	BLOCKED		BLOCKED V7: V6 candidate-specific Ukrainian lexical evidence missing/ambiguous or lacks exact English lexical mapping; exact Oxford definition='continuing to exist or develop'.
MANUAL_EMERGENCY_WORK_20260820_SECOND_PASS_V7_round04	MANUAL_EMERGENCY_WORK_20260820_FIRST_PASS_V7_round04	ox5000-2f6f191c073dce6857c8	openly	adverb	B2	BLOCKED		BLOCKED V7: sense-specific Wiktionary gloss does not align with exact Oxford definition; gloss_similarity=0.468; lexical_overlap=0; exact Oxford definition='without hiding any feelings, opinions or information'.
MANUAL_EMERGENCY_WORK_20260820_SECOND_PASS_V7_round04	MANUAL_EMERGENCY_WORK_20260820_FIRST_PASS_V7_round04	ox5000-3b99ee42b5cd8d914754	opera	noun	B2	BLOCKED		BLOCKED V7: V6 candidate-specific Ukrainian lexical evidence missing/ambiguous or lacks exact English lexical mapping; exact Oxford definition='a dramatic work in which all or most of the words are sung to music; works of this type as an art form or entertainment'.
MANUAL_EMERGENCY_WORK_20260820_SECOND_PASS_V7_round04	MANUAL_EMERGENCY_WORK_20260820_FIRST_PASS_V7_round04	ox5000-019a4aa3fdffda49fc88	optimistic	adjective	B2	BLOCKED		BLOCKED V7: V6 candidate-specific Ukrainian lexical evidence missing/ambiguous or lacks exact English lexical mapping; exact Oxford definition='expecting good things to happen or something to be successful; showing this feeling'.
MANUAL_EMERGENCY_WORK_20260820_SECOND_PASS_V7_round04	MANUAL_EMERGENCY_WORK_20260820_FIRST_PASS_V7_round04	ox5000-35b1a402b7c754fe5305	orchestra	noun	B2	BLOCKED		BLOCKED V7: Oxford definition requires person role but source/reverse role is not independently person-like (orchestra); exact Oxford definition='a large group of people who play various musical instruments together, led by a conductor'.
MANUAL_EMERGENCY_WORK_20260820_SECOND_PASS_V7_round04	MANUAL_EMERGENCY_WORK_20260820_FIRST_PASS_V7_round04	ox5000-b4389a2bac4330cc53ad	organic	adjective	B2	BLOCKED		BLOCKED V7: sense-specific Wiktionary gloss does not align with exact Oxford definition; gloss_similarity=0.492; lexical_overlap=0; exact Oxford definition='produced or practised without using artificial chemicals'.
MANUAL_EMERGENCY_WORK_20260820_SECOND_PASS_V7_round04	MANUAL_EMERGENCY_WORK_20260820_FIRST_PASS_V7_round04	ox5000-e588b4bfc5ae52073336	outfit	noun	B2	BLOCKED		BLOCKED V7: surface MT is candidate generation only; no independent sense-specific bilingual confirmation for this lexical value; exact Oxford definition='a set of clothes that you wear together, especially for a particular occasion or purpose'.
MANUAL_EMERGENCY_WORK_20260820_SECOND_PASS_V7_round04	MANUAL_EMERGENCY_WORK_20260820_FIRST_PASS_V7_round04	ox5000-8d38d3d7d5e03f2abaae	output	noun	B2	BLOCKED		BLOCKED V7: semantic role mismatch: Oxford definition requires person, reverse candidate looks process; exact Oxford definition='the amount of something that a person, a machine or an organization produces'.
MANUAL_EMERGENCY_WORK_20260820_SECOND_PASS_V7_round04	MANUAL_EMERGENCY_WORK_20260820_FIRST_PASS_V7_round04	ox5000-9884417c4c0fe5bde7b6	outstanding	adjective	B2	BLOCKED		BLOCKED V7: surface MT is candidate generation only; no independent sense-specific bilingual confirmation for this lexical value; exact Oxford definition='extremely good; excellent'.
MANUAL_EMERGENCY_WORK_20260820_SECOND_PASS_V7_round04	MANUAL_EMERGENCY_WORK_20260820_FIRST_PASS_V7_round04	ox5000-021eeabab2a596d30a62	overcome	verb	B2	BLOCKED		BLOCKED V7: surface MT is candidate generation only; no independent sense-specific bilingual confirmation for this lexical value; exact Oxford definition='to succeed in dealing with or controlling a problem that has been preventing you from achieving something'.
MANUAL_EMERGENCY_WORK_20260820_SECOND_PASS_V7_round04	MANUAL_EMERGENCY_WORK_20260820_FIRST_PASS_V7_round04	ox5000-1167b9a5705478ca1c8f	overnight	adverb	B2	BLOCKED		BLOCKED V7: V6 pymorphy3 uk has no requested-POS parse for 'ніч'; exact Oxford definition='during or for the night'.
MANUAL_EMERGENCY_WORK_20260820_SECOND_PASS_V7_round04	MANUAL_EMERGENCY_WORK_20260820_FIRST_PASS_V7_round04	ox5000-a93b7e958b34078785e0	overseas	adjective	B2	BLOCKED		BLOCKED V7: surface MT is candidate generation only; no independent sense-specific bilingual confirmation for this lexical value; exact Oxford definition='connected with foreign countries, especially those separated from your country by the sea or ocean'.
MANUAL_EMERGENCY_WORK_20260820_SECOND_PASS_V7_round04	MANUAL_EMERGENCY_WORK_20260820_FIRST_PASS_V7_round04	ox5000-14a1cc720a6156b2bef8	overseas	adverb	B2	BLOCKED		BLOCKED V7: surface MT is candidate generation only; no independent sense-specific bilingual confirmation for this lexical value; exact Oxford definition='to or in a foreign country, especially those separated from your country by the sea or ocean'.
MANUAL_EMERGENCY_WORK_20260820_SECOND_PASS_V7_round04	MANUAL_EMERGENCY_WORK_20260820_FIRST_PASS_V7_round04	ox5000-875ac29835bedd3f8fe9	ownership	noun	B2	BLOCKED		BLOCKED V7: surface MT is candidate generation only; no independent sense-specific bilingual confirmation for this lexical value; exact Oxford definition='the fact of owning something'.
MANUAL_EMERGENCY_WORK_20260820_SECOND_PASS_V7_round04	MANUAL_EMERGENCY_WORK_20260820_FIRST_PASS_V7_round04	ox5000-4ad6c70bffbabb30bef5	oxygen	noun	B2	BLOCKED		BLOCKED V7: sense-bound bilingual confirmation did not survive alignment gate; exact Oxford definition='a chemical element. Oxygen is a gas that is present in air and water and is necessary for people, animals and plants to live.'.
MANUAL_EMERGENCY_WORK_20260820_SECOND_PASS_V7_round04	MANUAL_EMERGENCY_WORK_20260820_FIRST_PASS_V7_round04	ox5000-ebd3aca4366331cbbecb	packet	noun	B2	BLOCKED		BLOCKED V7: sense-bound bilingual confirmation did not survive alignment gate; exact Oxford definition='a small container made of paper or card in which goods are packed for selling'.
MANUAL_EMERGENCY_WORK_20260820_SECOND_PASS_V7_round04	MANUAL_EMERGENCY_WORK_20260820_FIRST_PASS_V7_round04	ox5000-30fd4723cd451189f603	palm	noun	B2	BLOCKED		BLOCKED V7: surface MT is candidate generation only; no independent sense-specific bilingual confirmation for this lexical value; exact Oxford definition='a straight tree with a mass of long leaves at the top, growing in tropical countries. There are several types of palm tree, some of which produce fruit.'.
MANUAL_EMERGENCY_WORK_20260820_SECOND_PASS_V7_round04	MANUAL_EMERGENCY_WORK_20260820_FIRST_PASS_V7_round04	ox5000-d10729e289ea7b28417a	panic	noun	B2	BLOCKED		BLOCKED V7: sense-bound bilingual confirmation did not survive alignment gate; exact Oxford definition='a sudden feeling of great fear that cannot be controlled and prevents you from thinking clearly'.
MANUAL_EMERGENCY_WORK_20260820_SECOND_PASS_V7_round04	MANUAL_EMERGENCY_WORK_20260820_FIRST_PASS_V7_round04	ox5000-7a6e9f9445697c021a81	parade	noun	B2	BLOCKED		BLOCKED V7: sense-bound bilingual confirmation did not survive alignment gate; exact Oxford definition='a public celebration of a special day or event, usually with bands in the streets and decorated vehicles'.
MANUAL_EMERGENCY_WORK_20260820_SECOND_PASS_V7_round04	MANUAL_EMERGENCY_WORK_20260820_FIRST_PASS_V7_round04	ox5000-fd6ca5be73f93fb3556b	parallel	adjective	B2	BLOCKED		BLOCKED V7: sense-bound bilingual confirmation did not survive alignment gate; exact Oxford definition='two or more lines that are parallel to each other are the same distance apart at every point'.
MANUAL_EMERGENCY_WORK_20260820_SECOND_PASS_V7_round04	MANUAL_EMERGENCY_WORK_20260820_FIRST_PASS_V7_round04	ox5000-7ebeea756d3860dfe0d4	parallel	noun	B2	BLOCKED		BLOCKED V7: Oxford definition requires person role but source/reverse role is not independently person-like (parallel); exact Oxford definition='a person, a situation, an event, etc. that is very similar to another, especially one in a different place or time'.
MANUAL_EMERGENCY_WORK_20260820_SECOND_PASS_V7_round04	MANUAL_EMERGENCY_WORK_20260820_FIRST_PASS_V7_round04	ox5000-9a69ec83b0e36255adb9	part-time	adjective	B2	BLOCKED		BLOCKED V7: sense-specific Wiktionary gloss does not align with exact Oxford definition; gloss_similarity=0.476; lexical_overlap=0; exact Oxford definition='for part of the day or week in which people work'.
MANUAL_EMERGENCY_WORK_20260820_SECOND_PASS_V7_round04	MANUAL_EMERGENCY_WORK_20260820_FIRST_PASS_V7_round04	ox5000-2cbeb1855517af42f649	participation	noun	B2	BLOCKED		BLOCKED V7: V6 candidate-specific Ukrainian lexical evidence missing/ambiguous or lacks exact English lexical mapping; exact Oxford definition='the act of taking part in an activity or event'.
MANUAL_EMERGENCY_WORK_20260820_SECOND_PASS_V7_round04	MANUAL_EMERGENCY_WORK_20260820_FIRST_PASS_V7_round04	ox5000-e99d3a619738b2e246d6	partnership	noun	B2	BLOCKED		BLOCKED V7: sense-bound bilingual confirmation did not survive alignment gate; exact Oxford definition='the state of being a partner in business'.
MANUAL_EMERGENCY_WORK_20260820_SECOND_PASS_V7_round04	MANUAL_EMERGENCY_WORK_20260820_FIRST_PASS_V7_round04	ox5000-311fd2e67b591781d96e	passionate	adjective	B2	BLOCKED		BLOCKED V7: surface MT is candidate generation only; no independent sense-specific bilingual confirmation for this lexical value; exact Oxford definition='having or showing strong feelings of sexual love or of anger, etc.'.
MANUAL_EMERGENCY_WORK_20260820_SECOND_PASS_V7_round04	MANUAL_EMERGENCY_WORK_20260820_FIRST_PASS_V7_round04	ox5000-6d4a81e66902a45caa21	passive	adjective	C1	BLOCKED		BLOCKED V7: sense-specific Wiktionary gloss does not align with exact Oxford definition; gloss_similarity=0.251; lexical_overlap=0; exact Oxford definition='accepting what happens or what people do without trying to change anything or oppose them'.
MANUAL_EMERGENCY_WORK_20260820_SECOND_PASS_V7_round04	MANUAL_EMERGENCY_WORK_20260820_FIRST_PASS_V7_round04	ox5000-e998bda7a717be49bec6	password	noun	B2	BLOCKED		BLOCKED V7: sense-specific Wiktionary gloss does not align with exact Oxford definition; gloss_similarity=0.490; lexical_overlap=0; exact Oxford definition='a series of letters, numbers, etc. that you must type into a computer or computer system in order to be able to use it'.
MANUAL_EMERGENCY_WORK_20260820_SECOND_PASS_V7_round04	MANUAL_EMERGENCY_WORK_20260820_FIRST_PASS_V7_round04	ox5000-d11dcce3a28b447255da	pastor	noun	C1	BLOCKED		BLOCKED V7: sense-bound bilingual confirmation did not survive alignment gate; exact Oxford definition='a minister in charge of a Christian church or group, especially in some Nonconformist churches'.
MANUAL_EMERGENCY_WORK_20260820_SECOND_PASS_V7_round04	MANUAL_EMERGENCY_WORK_20260820_FIRST_PASS_V7_round04	ox5000-9a43f8a85ef922837b3c	patch	noun	C1	BLOCKED		BLOCKED V7: semantic role mismatch: Oxford definition requires place, reverse candidate looks generic; exact Oxford definition='a small area of something, especially one which is different from the area around it'.
MANUAL_EMERGENCY_WORK_20260820_SECOND_PASS_V7_round04	MANUAL_EMERGENCY_WORK_20260820_FIRST_PASS_V7_round04	ox5000-5af766941fb0ffd07856	patent	noun	C1	BLOCKED		BLOCKED V7: V6 candidate-specific Ukrainian lexical evidence missing/ambiguous or lacks exact English lexical mapping; exact Oxford definition='an official right to be the only person to make, use or sell a product or an invention; a document that proves this'.
MANUAL_EMERGENCY_WORK_20260820_SECOND_PASS_V7_round04	MANUAL_EMERGENCY_WORK_20260820_FIRST_PASS_V7_round04	ox5000-9c211817fb234e7e024f	pathway	noun	C1	BLOCKED		BLOCKED V7: surface MT is candidate generation only; no independent sense-specific bilingual confirmation for this lexical value; exact Oxford definition='a track that serves as a path'.
MANUAL_EMERGENCY_WORK_20260820_SECOND_PASS_V7_round04	MANUAL_EMERGENCY_WORK_20260820_FIRST_PASS_V7_round04	ox5000-feac7d068345b41bf9b8	patience	noun	B2	BLOCKED		BLOCKED V7: sense-specific Wiktionary gloss does not align with exact Oxford definition; gloss_similarity=0.353; lexical_overlap=0; exact Oxford definition='the ability to stay calm and accept a delay or something annoying without complaining'.
MANUAL_EMERGENCY_WORK_20260820_SECOND_PASS_V7_round04	MANUAL_EMERGENCY_WORK_20260820_FIRST_PASS_V7_round04	ox5000-8b10bfc43d80bd6a1b1e	patrol	noun	C1	BLOCKED		BLOCKED V7: sense-specific Wiktionary gloss does not align with exact Oxford definition; gloss_similarity=0.340; lexical_overlap=0; exact Oxford definition='the act of going to different parts of a building, an area, etc. to make sure that there is no trouble or crime'.
MANUAL_EMERGENCY_WORK_20260820_SECOND_PASS_V7_round04	MANUAL_EMERGENCY_WORK_20260820_FIRST_PASS_V7_round04	ox5000-33ef55c0137f6d5d734c	patrol	verb	C1	BLOCKED		BLOCKED V7: verb candidate is not an appropriate Ukrainian infinitive/verb phrase; exact Oxford definition='to go around an area or a building at regular times to check that it is safe and that there is no trouble'.
MANUAL_EMERGENCY_WORK_20260820_SECOND_PASS_V7_round04	MANUAL_EMERGENCY_WORK_20260820_FIRST_PASS_V7_round04	ox5000-0c74f2ed819a03c75dcc	patron	noun	C1	BLOCKED		BLOCKED V7: Oxford definition requires person role but source/reverse role is not independently person-like (patron); exact Oxford definition='a person who gives money and support to artists and writers'.
MANUAL_EMERGENCY_WORK_20260820_SECOND_PASS_V7_round04	MANUAL_EMERGENCY_WORK_20260820_FIRST_PASS_V7_round04	ox5000-5bf6bb98b0aa6e88e25d	pause	noun	B2	BLOCKED		BLOCKED V7: semantic role mismatch: Oxford definition requires person, reverse candidate looks generic; exact Oxford definition='a period of time during which somebody stops talking or stops what they are doing'.
MANUAL_EMERGENCY_WORK_20260820_SECOND_PASS_V7_round04	MANUAL_EMERGENCY_WORK_20260820_FIRST_PASS_V7_round04	ox5000-b65a62db9abd8eef3cff	pause	verb	B2	BLOCKED		BLOCKED V7: verb candidate is not an appropriate Ukrainian infinitive/verb phrase; exact Oxford definition='to stop talking or doing something for a short time before continuing'.
MANUAL_EMERGENCY_WORK_20260820_SECOND_PASS_V7_round04	MANUAL_EMERGENCY_WORK_20260820_FIRST_PASS_V7_round04	ox5000-9a85f61c8b8cc997a0b0	peak	noun	C1	BLOCKED		BLOCKED V7: semantic role mismatch: Oxford definition requires person, reverse candidate looks generic; exact Oxford definition='the point when somebody/something is best, most successful, strongest, etc.'.
MANUAL_EMERGENCY_WORK_20260820_SECOND_PASS_V7_round04	MANUAL_EMERGENCY_WORK_20260820_FIRST_PASS_V7_round04	ox5000-8a40036adfd1df61e55e	peasant	noun	C1	BLOCKED		BLOCKED V7: sense-bound bilingual confirmation did not survive alignment gate; exact Oxford definition='(especially in the past, or in poorer countries) a farmer who owns or rents a small piece of land'.
MANUAL_EMERGENCY_WORK_20260820_SECOND_PASS_V7_round04	MANUAL_EMERGENCY_WORK_20260820_FIRST_PASS_V7_round04	ox5000-35de66642784aeeb9ee5	peculiar	adjective	C1	BLOCKED		BLOCKED V7: surface MT is candidate generation only; no independent sense-specific bilingual confirmation for this lexical value; exact Oxford definition='strange or unusual, especially in a way that is unpleasant or makes you worried'.
MANUAL_EMERGENCY_WORK_20260820_SECOND_PASS_V7_round04	MANUAL_EMERGENCY_WORK_20260820_FIRST_PASS_V7_round04	ox5000-781a985da79bb4af5cdf	peer	noun	B2	BLOCKED		BLOCKED V7: semantic role mismatch: Oxford definition requires person, reverse candidate looks generic; exact Oxford definition='a person who is the same age or who has the same social status as you'.
MANUAL_EMERGENCY_WORK_20260820_SECOND_PASS_V7_round04	MANUAL_EMERGENCY_WORK_20260820_FIRST_PASS_V7_round04	ox5000-2cb6429f8e617379c52e	penalty	noun	B2	BLOCKED		BLOCKED V7: sense-bound bilingual confirmation did not survive alignment gate; exact Oxford definition='a punishment for breaking a law, rule or contract'.
MANUAL_EMERGENCY_WORK_20260820_SECOND_PASS_V7_round04	MANUAL_EMERGENCY_WORK_20260820_FIRST_PASS_V7_round04	ox5000-99e9d2cc172cc5434f56	perceive	verb	B2	BLOCKED		BLOCKED V7: semantic role mismatch: Oxford definition requires person, reverse candidate looks generic; exact Oxford definition='to understand or think of somebody/something in a particular way'.
MANUAL_EMERGENCY_WORK_20260820_SECOND_PASS_V7_round04	MANUAL_EMERGENCY_WORK_20260820_FIRST_PASS_V7_round04	ox5000-d74d8ec5476e2ae9ebb7	perception	noun	B2	BLOCKED		BLOCKED V7: sense-bound bilingual confirmation did not survive alignment gate; exact Oxford definition='an idea, a belief or an image you have as a result of how you see or understand something'.
MANUAL_EMERGENCY_WORK_20260820_SECOND_PASS_V7_round04	MANUAL_EMERGENCY_WORK_20260820_FIRST_PASS_V7_round04	ox5000-3532569e450a869942b8	permanently	adverb	B2	BLOCKED		BLOCKED V7: surface MT is candidate generation only; no independent sense-specific bilingual confirmation for this lexical value; exact Oxford definition='in a way that lasts for a long time or for all time in the future; in a way that exists all the time'.
MANUAL_EMERGENCY_WORK_20260820_SECOND_PASS_V7_round04	MANUAL_EMERGENCY_WORK_20260820_FIRST_PASS_V7_round04	ox5000-9f15b17f09337ac45081	persist	verb	C1	BLOCKED		BLOCKED V7: verb candidate is not an appropriate Ukrainian infinitive/verb phrase; exact Oxford definition='to continue to do something despite difficulties or opposition, in a way that can seem unreasonable'.
MANUAL_EMERGENCY_WORK_20260820_SECOND_PASS_V7_round04	MANUAL_EMERGENCY_WORK_20260820_FIRST_PASS_V7_round04	ox5000-a7b952c88c032e59859f	persistent	adjective	C1	BLOCKED		BLOCKED V7: sense-specific Wiktionary gloss does not align with exact Oxford definition; gloss_similarity=0.391; lexical_overlap=0; exact Oxford definition='determined to do something despite difficulties, especially when other people are against you and think that you are being annoying or unreasonable'.
MANUAL_EMERGENCY_WORK_20260820_SECOND_PASS_V7_round04	MANUAL_EMERGENCY_WORK_20260820_FIRST_PASS_V7_round04	ox5000-eb9457a81d9f62a179b8	personnel	noun	C1	BLOCKED		BLOCKED V7: Oxford definition requires person role but source/reverse role is not independently person-like (personnel); exact Oxford definition='the people who work for an organization or one of the armed forces'.
MANUAL_EMERGENCY_WORK_20260820_SECOND_PASS_V7_round04	MANUAL_EMERGENCY_WORK_20260820_FIRST_PASS_V7_round04	ox5000-b491a88f6456bbb0cfb8	petition	noun	C1	BLOCKED		BLOCKED V7: semantic role mismatch: Oxford definition requires person, reverse candidate looks generic; exact Oxford definition='a written document signed by a large number of people that asks somebody in a position of authority to do or change something'.
MANUAL_EMERGENCY_WORK_20260820_SECOND_PASS_V7_round04	MANUAL_EMERGENCY_WORK_20260820_FIRST_PASS_V7_round04	ox5000-97e75b56a14dcea93cd6	philosopher	noun	C1	BLOCKED		BLOCKED V7: V6 candidate-specific Ukrainian lexical evidence missing/ambiguous or lacks exact English lexical mapping; exact Oxford definition='a person who studies or writes about philosophy'.
MANUAL_EMERGENCY_WORK_20260820_SECOND_PASS_V7_round04	MANUAL_EMERGENCY_WORK_20260820_FIRST_PASS_V7_round04	ox5000-7f50e5d4ea8b939bb645	physician	noun	C1	BLOCKED		BLOCKED V7: sense-bound bilingual confirmation did not survive alignment gate; exact Oxford definition='a doctor, especially one who is a specialist in general medicine and not surgery'.
MANUAL_EMERGENCY_WORK_20260820_SECOND_PASS_V7_round04	MANUAL_EMERGENCY_WORK_20260820_FIRST_PASS_V7_round04	ox5000-3f779a09de200359c0e7	pill	noun	B2	BLOCKED		BLOCKED V7: V6 candidate-specific Ukrainian lexical evidence missing/ambiguous or lacks exact English lexical mapping; exact Oxford definition='a small flat round piece of medicine that you swallow whole, without biting it'.
MANUAL_EMERGENCY_WORK_20260820_SECOND_PASS_V7_round04	MANUAL_EMERGENCY_WORK_20260820_FIRST_PASS_V7_round04	ox5000-4d12a2450049f476f743	pioneer	noun	C1	BLOCKED		BLOCKED V7: sense-specific Wiktionary gloss does not align with exact Oxford definition; gloss_similarity=0.349; lexical_overlap=0; exact Oxford definition='a person who is the first to study and develop a particular area of knowledge, culture, etc. that other people then continue to develop'.
MANUAL_EMERGENCY_WORK_20260820_SECOND_PASS_V7_round04	MANUAL_EMERGENCY_WORK_20260820_FIRST_PASS_V7_round04	ox5000-a69f31481890fe668be4	pioneer	verb	C1	BLOCKED		BLOCKED V7: verb candidate is not an appropriate Ukrainian infinitive/verb phrase; exact Oxford definition='when somebody pioneers something, they are one of the first people to do, discover or use something new'.
MANUAL_EMERGENCY_WORK_20260820_SECOND_PASS_V7_round04	MANUAL_EMERGENCY_WORK_20260820_FIRST_PASS_V7_round04	ox5000-aa936da664ebf419cd8b	pipeline	noun	C1	BLOCKED		BLOCKED V7: sense-specific Wiktionary gloss does not align with exact Oxford definition; gloss_similarity=0.252; lexical_overlap=0; exact Oxford definition='a series of pipes that are usually underground and are used for carrying oil, gas, etc. over long distances'.
MANUAL_EMERGENCY_WORK_20260820_SECOND_PASS_V7_round04	MANUAL_EMERGENCY_WORK_20260820_FIRST_PASS_V7_round04	ox5000-0dd6137a2f1a6a9a12e6	pirate	noun	C1	BLOCKED		BLOCKED V7: Oxford definition requires person role but source/reverse role is not independently person-like (pirate); exact Oxford definition='(especially in the past) a person on a ship who attacks other ships at sea in order to steal from them'.
MANUAL_EMERGENCY_WORK_20260820_SECOND_PASS_V7_round04	MANUAL_EMERGENCY_WORK_20260820_FIRST_PASS_V7_round04	ox5000-69c6a831bfe7dfdfa3dd	pit	noun	C1	BLOCKED		BLOCKED V7: candidate has contradictory definition support despite sense-bound source; exact Oxford definition='a large deep hole in the ground'.
MANUAL_EMERGENCY_WORK_20260820_SECOND_PASS_V7_round04	MANUAL_EMERGENCY_WORK_20260820_FIRST_PASS_V7_round04	ox5000-d150b012b581766179eb	pity	noun	B2	BLOCKED		BLOCKED V7: sense-bound bilingual confirmation did not survive alignment gate; exact Oxford definition='used to show that you are disappointed about something'.
MANUAL_EMERGENCY_WORK_20260820_SECOND_PASS_V7_round04	MANUAL_EMERGENCY_WORK_20260820_FIRST_PASS_V7_round04	ox5000-714d19b7df6bf047fb12	placement	noun	B2	BLOCKED		BLOCKED V7: semantic role mismatch: Oxford definition requires person, reverse candidate looks process; exact Oxford definition='the act of finding somebody a suitable job or place to live'.
MANUAL_EMERGENCY_WORK_20260820_SECOND_PASS_V7_round04	MANUAL_EMERGENCY_WORK_20260820_FIRST_PASS_V7_round04	ox5000-160c8d7d475bdeee5fa4	plea	noun	C1	BLOCKED		BLOCKED V7: candidate is not predominantly Ukrainian; exact Oxford definition='a serious emotional request, especially for something needing action now'.
MANUAL_EMERGENCY_WORK_20260820_SECOND_PASS_V7_round04	MANUAL_EMERGENCY_WORK_20260820_FIRST_PASS_V7_round04	ox5000-da6c1e1198461773e1dc	plead	verb	C1	BLOCKED		BLOCKED V7: English/source-language residue or model artifact; exact Oxford definition='to ask somebody for something in a very strong and serious way'.
MANUAL_EMERGENCY_WORK_20260820_SECOND_PASS_V7_round04	MANUAL_EMERGENCY_WORK_20260820_FIRST_PASS_V7_round04	ox5000-83df4ff41fec9e689188	pledge	noun	C1	BLOCKED		BLOCKED V7: sense-specific Wiktionary gloss does not align with exact Oxford definition; gloss_similarity=0.213; lexical_overlap=0; exact Oxford definition='a serious promise'.
MANUAL_EMERGENCY_WORK_20260820_SECOND_PASS_V7_round04	MANUAL_EMERGENCY_WORK_20260820_FIRST_PASS_V7_round04	ox5000-f7ec77c63ef59898cba2	pledge	verb	C1	BLOCKED		BLOCKED V7: candidate is not predominantly Ukrainian; exact Oxford definition='to formally promise to give or do something'.
MANUAL_EMERGENCY_WORK_20260820_SECOND_PASS_V7_round04	MANUAL_EMERGENCY_WORK_20260820_FIRST_PASS_V7_round04	ox5000-f363b0d81ea651cb2c6a	plug	noun	C1	BLOCKED		BLOCKED V7: semantic role mismatch: Oxford definition requires object, reverse candidate looks generic; exact Oxford definition='a small plastic object with two or three metal pins that connects a piece of electrical equipment to the main supply of electricity'.
MANUAL_EMERGENCY_WORK_20260820_SECOND_PASS_V7_round04	MANUAL_EMERGENCY_WORK_20260820_FIRST_PASS_V7_round04	ox5000-30f8b5e2f3659b82af9e	plug	verb	C1	BLOCKED		BLOCKED V7: verb candidate is not an appropriate Ukrainian infinitive/verb phrase; exact Oxford definition='to fill a hole with a substance or piece of material that fits tightly into it'.
MANUAL_EMERGENCY_WORK_20260820_SECOND_PASS_V7_round04	MANUAL_EMERGENCY_WORK_20260820_FIRST_PASS_V7_round04	ox5000-a2a56181aff99fea04b0	plunge	verb	C1	BLOCKED		BLOCKED V7: English/source-language residue or model artifact; exact Oxford definition='to move or make somebody/something move suddenly forwards and/or downwards'.
MANUAL_EMERGENCY_WORK_20260820_SECOND_PASS_V7_round04	MANUAL_EMERGENCY_WORK_20260820_FIRST_PASS_V7_round04	ox5000-ec99e1e8c7830791d513	pole	noun	C1	BLOCKED		BLOCKED V7: sense-specific Wiktionary gloss does not align with exact Oxford definition; gloss_similarity=0.254; lexical_overlap=0; exact Oxford definition='a long thin straight piece of wood or metal, especially one with the end placed in the ground, used as a support'.
MANUAL_EMERGENCY_WORK_20260820_SECOND_PASS_V7_round04	MANUAL_EMERGENCY_WORK_20260820_FIRST_PASS_V7_round04	ox5000-63da2a1947e89c7e3bbd	poll	noun	C1	BLOCKED		BLOCKED V7: Oxford definition requires person role but source/reverse role is not independently person-like (poll); exact Oxford definition='the process of questioning people who are representative of a larger group in order to get information about the general opinion'.
MANUAL_EMERGENCY_WORK_20260820_SECOND_PASS_V7_round04	MANUAL_EMERGENCY_WORK_20260820_FIRST_PASS_V7_round04	ox5000-14f031faff13a37dc5da	pond	noun	C1	BLOCKED		BLOCKED V7: sense-bound bilingual confirmation did not survive alignment gate; exact Oxford definition='a small area of still water, especially one that is artificial'.
MANUAL_EMERGENCY_WORK_20260820_SECOND_PASS_V7_round04	MANUAL_EMERGENCY_WORK_20260820_FIRST_PASS_V7_round04	ox5000-a56bffc14b7623ca92d5	pop	verb	C1	BLOCKED		BLOCKED V7: candidate is not predominantly Ukrainian; exact Oxford definition='to make a short explosive sound; to cause something to make this sound'.
MANUAL_EMERGENCY_WORK_20260820_SECOND_PASS_V7_round04	MANUAL_EMERGENCY_WORK_20260820_FIRST_PASS_V7_round04	ox5000-e8093e2d8ad2399dab1e	portfolio	noun	C1	BLOCKED		BLOCKED V7: surface MT is candidate generation only; no independent sense-specific bilingual confirmation for this lexical value; exact Oxford definition='a thin flat case used for carrying documents, drawings, etc.'.
MANUAL_EMERGENCY_WORK_20260820_SECOND_PASS_V7_round04	MANUAL_EMERGENCY_WORK_20260820_FIRST_PASS_V7_round04	ox5000-61157023f5c6f7cae979	portion	noun	B2	BLOCKED		BLOCKED V7: sense-specific Wiktionary gloss does not align with exact Oxford definition; gloss_similarity=0.308; lexical_overlap=0; exact Oxford definition='one part of something larger'.
MANUAL_EMERGENCY_WORK_20260820_SECOND_PASS_V7_round04	MANUAL_EMERGENCY_WORK_20260820_FIRST_PASS_V7_round04	ox5000-56711d8b015a24df31cf	portray	verb	C1	BLOCKED		BLOCKED V7: verb candidate is not an appropriate Ukrainian infinitive/verb phrase; exact Oxford definition='to show somebody/something in a picture; to describe somebody/something in a piece of writing'.
MANUAL_EMERGENCY_WORK_20260820_SECOND_PASS_V7_round04	MANUAL_EMERGENCY_WORK_20260820_FIRST_PASS_V7_round04	ox5000-c15e293b147fe2223274	post-war	adjective	C1	BLOCKED		BLOCKED V7: V6 candidate-specific Ukrainian lexical evidence missing/ambiguous or lacks exact English lexical mapping; exact Oxford definition='existing, happening or made in the period after a war, especially the Second World War'.
MANUAL_EMERGENCY_WORK_20260820_SECOND_PASS_V7_round04	MANUAL_EMERGENCY_WORK_20260820_FIRST_PASS_V7_round04	ox5000-f68f5a29d94b8b03690e	postpone	verb	C1	BLOCKED		BLOCKED V7: semantic role mismatch: Oxford definition requires event, reverse candidate looks person; exact Oxford definition='to arrange for an event, etc. to take place at a later time or date than originally planned'.
MANUAL_EMERGENCY_WORK_20260820_SECOND_PASS_V7_round04	MANUAL_EMERGENCY_WORK_20260820_FIRST_PASS_V7_round04	ox5000-711718c5c7cfed4346b5	potentially	adverb	B2	BLOCKED		BLOCKED V7: surface MT is candidate generation only; no independent sense-specific bilingual confirmation for this lexical value; exact Oxford definition='used to say that something may develop into something'.
MANUAL_EMERGENCY_WORK_20260820_SECOND_PASS_V7_round04	MANUAL_EMERGENCY_WORK_20260820_FIRST_PASS_V7_round04	ox5000-beb52a5555437b39995b	practitioner	noun	C1	BLOCKED		BLOCKED V7: semantic role mismatch: Oxford definition requires person, reverse candidate looks generic; exact Oxford definition='a person who works in a profession, especially medicine or law'.
MANUAL_EMERGENCY_WORK_20260820_SECOND_PASS_V7_round04	MANUAL_EMERGENCY_WORK_20260820_FIRST_PASS_V7_round04	ox5000-74daeda551245ecd75df	preach	verb	C1	BLOCKED		BLOCKED V7: verb candidate is not an appropriate Ukrainian infinitive/verb phrase; exact Oxford definition='to give a religious talk in a public place, especially in a church during a service'.
MANUAL_EMERGENCY_WORK_20260820_SECOND_PASS_V7_round04	MANUAL_EMERGENCY_WORK_20260820_FIRST_PASS_V7_round04	ox5000-9a62e37d0085deb94e17	precede	verb	B2	BLOCKED		BLOCKED V7: verb candidate is not an appropriate Ukrainian infinitive/verb phrase; exact Oxford definition='to happen before something or come before something/somebody in order'.
MANUAL_EMERGENCY_WORK_20260820_SECOND_PASS_V7_round04	MANUAL_EMERGENCY_WORK_20260820_FIRST_PASS_V7_round04	ox5000-9ea970eafe26ff604aa5	precedent	noun	C1	BLOCKED		BLOCKED V7: sense-bound bilingual confirmation did not survive alignment gate; exact Oxford definition='an official action or decision that has happened in the past and that is seen as an example or a rule to be followed in a similar situation later'.
MANUAL_EMERGENCY_WORK_20260820_SECOND_PASS_V7_round04	MANUAL_EMERGENCY_WORK_20260820_FIRST_PASS_V7_round04	ox5000-09b263abf182e4e60c79	precious	adjective	B2	BLOCKED		BLOCKED V7: sense-bound bilingual confirmation did not survive alignment gate; exact Oxford definition='rare and worth a lot of money'.
MANUAL_EMERGENCY_WORK_20260820_SECOND_PASS_V7_round04	MANUAL_EMERGENCY_WORK_20260820_FIRST_PASS_V7_round04	ox5000-366987964a8ab382bc33	precise	adjective	B2	BLOCKED		BLOCKED V7: surface MT is candidate generation only; no independent sense-specific bilingual confirmation for this lexical value; exact Oxford definition='clear and accurate'.
MANUAL_EMERGENCY_WORK_20260820_SECOND_PASS_V7_round04	MANUAL_EMERGENCY_WORK_20260820_FIRST_PASS_V7_round04	ox5000-07a37e93b46b0272d38d	precisely	adverb	B2	BLOCKED		BLOCKED V7: surface MT is candidate generation only; no independent sense-specific bilingual confirmation for this lexical value; exact Oxford definition='accurately; carefully'.
MANUAL_EMERGENCY_WORK_20260820_SECOND_PASS_V7_round04	MANUAL_EMERGENCY_WORK_20260820_FIRST_PASS_V7_round04	ox5000-e79d85a69185862ee9d0	precision	noun	C1	BLOCKED		BLOCKED V7: surface MT is candidate generation only; no independent sense-specific bilingual confirmation for this lexical value; exact Oxford definition='the quality of being exact, accurate and careful'.
MANUAL_EMERGENCY_WORK_20260820_SECOND_PASS_V7_round04	MANUAL_EMERGENCY_WORK_20260820_FIRST_PASS_V7_round04	ox5000-0c69381b3616424379da	predator	noun	C1	BLOCKED		BLOCKED V7: V6 candidate-specific Ukrainian lexical evidence missing/ambiguous or lacks exact English lexical mapping; exact Oxford definition='an animal that kills and eats other animals'.
MANUAL_EMERGENCY_WORK_20260820_SECOND_PASS_V7_round04	MANUAL_EMERGENCY_WORK_20260820_FIRST_PASS_V7_round04	ox5000-2dca3be5c1eb81910a5e	predecessor	noun	C1	BLOCKED		BLOCKED V7: surface MT is candidate generation only; no independent sense-specific bilingual confirmation for this lexical value; exact Oxford definition='a person who did a job before somebody else'.
MANUAL_EMERGENCY_WORK_20260820_SECOND_PASS_V7_round04	MANUAL_EMERGENCY_WORK_20260820_FIRST_PASS_V7_round04	ox5000-0075e875d49c550e0129	predictable	adjective	B2	BLOCKED		BLOCKED V7: sense-specific Wiktionary gloss does not align with exact Oxford definition; gloss_similarity=0.603; lexical_overlap=0; exact Oxford definition='if something is predictable , you know in advance that it will happen or what it will be like'.
MANUAL_EMERGENCY_WORK_20260820_SECOND_PASS_V7_round04	MANUAL_EMERGENCY_WORK_20260820_FIRST_PASS_V7_round04	ox5000-8ab5d933d24fc645f982	predominantly	adverb	C1	BLOCKED		BLOCKED V7: sense-bound bilingual confirmation did not survive alignment gate; exact Oxford definition='mostly; mainly'.
MANUAL_EMERGENCY_WORK_20260820_SECOND_PASS_V7_round04	MANUAL_EMERGENCY_WORK_20260820_FIRST_PASS_V7_round04	ox5000-f3c417c667c17aef688f	preference	noun	B2	BLOCKED		BLOCKED V7: semantic role mismatch: Oxford definition requires person, reverse candidate looks generic; exact Oxford definition='a greater interest in or desire for somebody/something than somebody/something else'.
MANUAL_EMERGENCY_WORK_20260820_SECOND_PASS_V7_round04	MANUAL_EMERGENCY_WORK_20260820_FIRST_PASS_V7_round04	ox5000-1d0e11bac57e7f23988b	pregnancy	noun	C1	BLOCKED		BLOCKED V7: sense-specific Wiktionary gloss does not align with exact Oxford definition; gloss_similarity=0.507; lexical_overlap=0; exact Oxford definition='the state of being pregnant'.
MANUAL_EMERGENCY_WORK_20260820_SECOND_PASS_V7_round04	MANUAL_EMERGENCY_WORK_20260820_FIRST_PASS_V7_round04	ox5000-8ac0c5af2413dbb6d70d	prejudice	noun	C1	BLOCKED		BLOCKED V7: Oxford definition requires person role but source/reverse role is not independently person-like (prejudice); exact Oxford definition='an unreasonable dislike of or preference for a person, group, custom, etc., especially when it is based on their race, religion, sex, etc.'.
MANUAL_EMERGENCY_WORK_20260820_SECOND_PASS_V7_round04	MANUAL_EMERGENCY_WORK_20260820_FIRST_PASS_V7_round04	ox5000-3db493fbc047bbb130b0	preliminary	adjective	C1	BLOCKED		BLOCKED V7: surface MT is candidate generation only; no independent sense-specific bilingual confirmation for this lexical value; exact Oxford definition='happening before a more important action or event'.
MANUAL_EMERGENCY_WORK_20260820_SECOND_PASS_V7_round04	MANUAL_EMERGENCY_WORK_20260820_FIRST_PASS_V7_round04	ox5000-0d4c9a47753a14c4905c	premier	adjective	C1	BLOCKED		BLOCKED V7: candidate is not predominantly Ukrainian; exact Oxford definition='most important, famous or successful'.
MANUAL_EMERGENCY_WORK_20260820_SECOND_PASS_V7_round04	MANUAL_EMERGENCY_WORK_20260820_FIRST_PASS_V7_round04	ox5000-16a18c346465b0809338	premise	noun	C1	BLOCKED		BLOCKED V7: sense-specific Wiktionary gloss does not align with exact Oxford definition; gloss_similarity=0.200; lexical_overlap=0; exact Oxford definition='a statement or an idea that forms the basis for a reasonable line of argument'.
MANUAL_EMERGENCY_WORK_20260820_SECOND_PASS_V7_round04	MANUAL_EMERGENCY_WORK_20260820_FIRST_PASS_V7_round04	ox5000-dd232a1e434e044d510f	premium	noun	C1	BLOCKED		BLOCKED V7: surface MT is candidate generation only; no independent sense-specific bilingual confirmation for this lexical value; exact Oxford definition='an amount of money that you pay once or regularly for an insurance policy'.
MANUAL_EMERGENCY_WORK_20260820_SECOND_PASS_V7_round04	MANUAL_EMERGENCY_WORK_20260820_FIRST_PASS_V7_round04	ox5000-d056bc62812b9372974f	prescribe	verb	C1	BLOCKED		BLOCKED V7: semantic role mismatch: Oxford definition requires person, reverse candidate looks generic; exact Oxford definition='to tell somebody to take a particular medicine or have a particular treatment; to write a prescription for a particular medicine, etc.'.
MANUAL_EMERGENCY_WORK_20260820_SECOND_PASS_V7_round04	MANUAL_EMERGENCY_WORK_20260820_FIRST_PASS_V7_round04	ox5000-348b91b4e7de9e998ca1	prescription	noun	C1	BLOCKED		"BLOCKED V7: candidate has contradictory definition support despite sense-bound source; exact Oxford definition=""an official piece of paper on which a doctor writes the type of medicine you should have, and which enables you to get it from a chemist's""."
MANUAL_EMERGENCY_WORK_20260820_SECOND_PASS_V7_round04	MANUAL_EMERGENCY_WORK_20260820_FIRST_PASS_V7_round04	ox5000-3b9665fac679b54735b9	presently	adverb	C1	BLOCKED		BLOCKED V7: V6 pymorphy3 uk has no requested-POS parse for 'поточний'; exact Oxford definition='at the time you are speaking or writing; now'.
MANUAL_EMERGENCY_WORK_20260820_SECOND_PASS_V7_round04	MANUAL_EMERGENCY_WORK_20260820_FIRST_PASS_V7_round04	ox5000-4a1e89ce5360f3ea74a0	preservation	noun	C1	BLOCKED		BLOCKED V7: surface MT is candidate generation only; no independent sense-specific bilingual confirmation for this lexical value; exact Oxford definition='the act of keeping something in its original state or in good condition'.
MANUAL_EMERGENCY_WORK_20260820_SECOND_PASS_V7_round04	MANUAL_EMERGENCY_WORK_20260820_FIRST_PASS_V7_round04	ox5000-15097a8cdb577f28ab80	preside	verb	C1	BLOCKED		BLOCKED V7: sense-bound bilingual confirmation did not survive alignment gate; exact Oxford definition='to lead or be in charge of a meeting, ceremony, etc.'.
MANUAL_EMERGENCY_WORK_20260820_SECOND_PASS_V7_round04	MANUAL_EMERGENCY_WORK_20260820_FIRST_PASS_V7_round04	ox5000-626708635e9ca62f55fd	presidency	noun	C1	BLOCKED		BLOCKED V7: semantic role mismatch: Oxford definition requires person, reverse candidate looks generic; exact Oxford definition='the job of being president of a country or an organization; the period of time somebody holds this job'.
MANUAL_EMERGENCY_WORK_20260820_SECOND_PASS_V7_round04	MANUAL_EMERGENCY_WORK_20260820_FIRST_PASS_V7_round04	ox5000-304888d5b3b34cdf8f1a	presidential	adjective	C1	BLOCKED		BLOCKED V7: V6 candidate-specific Ukrainian lexical evidence missing/ambiguous or lacks exact English lexical mapping; exact Oxford definition='connected with the position or activities of a president'.
MANUAL_EMERGENCY_WORK_20260820_SECOND_PASS_V7_round04	MANUAL_EMERGENCY_WORK_20260820_FIRST_PASS_V7_round04	ox5000-b149024523e283a89471	prestigious	adjective	C1	BLOCKED		BLOCKED V7: V6 candidate-specific Ukrainian lexical evidence missing/ambiguous or lacks exact English lexical mapping; exact Oxford definition='respected and admired as very important or of very high quality'.
MANUAL_EMERGENCY_WORK_20260820_SECOND_PASS_V7_round04	MANUAL_EMERGENCY_WORK_20260820_FIRST_PASS_V7_round04	ox5000-abfa3a9d7dde6c0b639b	presumably	adverb	C1	BLOCKED		BLOCKED V7: surface MT is candidate generation only; no independent sense-specific bilingual confirmation for this lexical value; exact Oxford definition='used to say that you think that something is probably true'.
MANUAL_EMERGENCY_WORK_20260820_SECOND_PASS_V7_round04	MANUAL_EMERGENCY_WORK_20260820_FIRST_PASS_V7_round04	ox5000-0de61af433bd2562aabd	presume	verb	C1	BLOCKED		BLOCKED V7: candidate has contradictory definition support despite sense-bound source; exact Oxford definition='to suppose that something is true, although you do not have actual proof'.
MANUAL_EMERGENCY_WORK_20260820_SECOND_PASS_V7_round04	MANUAL_EMERGENCY_WORK_20260820_FIRST_PASS_V7_round04	ox5000-fb17dd90d15283541768	prevail	verb	C1	BLOCKED		BLOCKED V7: candidate is not predominantly Ukrainian; exact Oxford definition='to exist or be very common at a particular time or in a particular place'.
MANUAL_EMERGENCY_WORK_20260820_SECOND_PASS_V7_round04	MANUAL_EMERGENCY_WORK_20260820_FIRST_PASS_V7_round04	ox5000-720fe693d139db569134	prevalence	noun	C1	BLOCKED		BLOCKED V7: sense-specific Wiktionary gloss does not align with exact Oxford definition; gloss_similarity=0.291; lexical_overlap=0; exact Oxford definition='the fact of existing or being very common at a particular time or in a particular place'.
MANUAL_EMERGENCY_WORK_20260820_SECOND_PASS_V7_round04	MANUAL_EMERGENCY_WORK_20260820_FIRST_PASS_V7_round04	ox5000-83688944d1f5d4e61640	prevention	noun	C1	BLOCKED		BLOCKED V7: V6 candidate-specific Ukrainian lexical evidence missing/ambiguous or lacks exact English lexical mapping; exact Oxford definition='the act of stopping something bad from happening'.
MANUAL_EMERGENCY_WORK_20260820_SECOND_PASS_V7_round04	MANUAL_EMERGENCY_WORK_20260820_FIRST_PASS_V7_round04	ox5000-770257e1113a4e67d77a	prey	noun	C1	BLOCKED		BLOCKED V7: sense-bound bilingual confirmation did not survive alignment gate; exact Oxford definition='an animal, a bird, etc. that is hunted, killed and eaten by another'.
MANUAL_EMERGENCY_WORK_20260820_SECOND_PASS_V7_round04	MANUAL_EMERGENCY_WORK_20260820_FIRST_PASS_V7_round04	ox5000-30d651fc921ad00b63ae	pride	noun	B2	BLOCKED		BLOCKED V7: noun candidate is an infinitive/verb form; exact Oxford definition='a feeling of being pleased or satisfied that you get when you or people who are connected with you have done something well or own something that other people admire'.
MANUAL_EMERGENCY_WORK_20260820_SECOND_PASS_V7_round04	MANUAL_EMERGENCY_WORK_20260820_FIRST_PASS_V7_round04	ox5000-c89fe72ec539245bc6d4	primarily	adverb	B2	BLOCKED		BLOCKED V7: Oxford definition text not found at exact definition path; exact Oxford definition=''.
MANUAL_EMERGENCY_WORK_20260820_SECOND_PASS_V7_round04	MANUAL_EMERGENCY_WORK_20260820_FIRST_PASS_V7_round04	ox5000-ad4ef8e9f1d30f7387b6	principal	noun	C1	BLOCKED		BLOCKED V7: semantic role mismatch: Oxford definition requires person, reverse candidate looks generic; exact Oxford definition='the person who is in charge of a college or (in Scotland and Canada) a university'.
MANUAL_EMERGENCY_WORK_20260820_SECOND_PASS_V7_round04	MANUAL_EMERGENCY_WORK_20260820_FIRST_PASS_V7_round04	ox5000-68462507f2904d5c48d2	prior	adjective	B2	BLOCKED		BLOCKED V7: surface MT is candidate generation only; no independent sense-specific bilingual confirmation for this lexical value; exact Oxford definition='happening or existing before something else or before a particular time'.
MANUAL_EMERGENCY_WORK_20260820_SECOND_PASS_V7_round04	MANUAL_EMERGENCY_WORK_20260820_FIRST_PASS_V7_round04	ox5000-735d2fc0c5365227caa0	privatization	noun	C1	BLOCKED		BLOCKED V7: sense-bound bilingual confirmation did not survive alignment gate; exact Oxford definition='the act of selling a business or an industry so that it is no longer owned by the government'.
MANUAL_EMERGENCY_WORK_20260820_SECOND_PASS_V7_round04	MANUAL_EMERGENCY_WORK_20260820_FIRST_PASS_V7_round04	ox5000-206be67da166f791b624	privilege	noun	C1	BLOCKED		BLOCKED V7: surface MT is candidate generation only; no independent sense-specific bilingual confirmation for this lexical value; exact Oxford definition='a special right or advantage that a particular person or group of people has'.
MANUAL_EMERGENCY_WORK_20260820_SECOND_PASS_V7_round04	MANUAL_EMERGENCY_WORK_20260820_FIRST_PASS_V7_round04	ox5000-3f480e4f3cad8f3e7633	probability	noun	B2	BLOCKED		BLOCKED V7: sense-bound bilingual confirmation did not survive alignment gate; exact Oxford definition='how likely something is to happen'.
MANUAL_EMERGENCY_WORK_20260820_SECOND_PASS_V7_round04	MANUAL_EMERGENCY_WORK_20260820_FIRST_PASS_V7_round04	ox5000-61a7b9ce4472358ebc62	probable	adjective	B2	BLOCKED		BLOCKED V7: sense-bound bilingual confirmation did not survive alignment gate; exact Oxford definition='likely to happen, to exist or to be true'.
MANUAL_EMERGENCY_WORK_20260820_SECOND_PASS_V7_round04	MANUAL_EMERGENCY_WORK_20260820_FIRST_PASS_V7_round04	ox5000-28bb6a0bf28e3e32fc63	probe	noun	C1	BLOCKED		BLOCKED V7: surface MT is candidate generation only; no independent sense-specific bilingual confirmation for this lexical value; exact Oxford definition='a complete and careful investigation of something'.
MANUAL_EMERGENCY_WORK_20260820_SECOND_PASS_V7_round04	MANUAL_EMERGENCY_WORK_20260820_FIRST_PASS_V7_round04	ox5000-4aeb7f96a546ae5c38dc	probe	verb	C1	BLOCKED		BLOCKED V7: verb candidate is not an appropriate Ukrainian infinitive/verb phrase; exact Oxford definition='to ask questions in order to find out secret or hidden information about somebody/something'.
MANUAL_EMERGENCY_WORK_20260820_SECOND_PASS_V7_round04	MANUAL_EMERGENCY_WORK_20260820_FIRST_PASS_V7_round04	ox5000-48325aefe1723d71cdea	problematic	adjective	C1	BLOCKED		BLOCKED V7: adjective candidate has no plausible Ukrainian adjective morphology; exact Oxford definition='difficult to deal with or to understand; full of problems; not certain to be successful'.
MANUAL_EMERGENCY_WORK_20260820_SECOND_PASS_V7_round04	MANUAL_EMERGENCY_WORK_20260820_FIRST_PASS_V7_round04	ox5000-e849cd2876d9a4e77753	proceed	verb	B2	BLOCKED		BLOCKED V7: sense-specific Wiktionary gloss does not align with exact Oxford definition; gloss_similarity=0.511; lexical_overlap=0; exact Oxford definition='to continue doing something that has already been started; to continue being done'.
MANUAL_EMERGENCY_WORK_20260820_SECOND_PASS_V7_round04	MANUAL_EMERGENCY_WORK_20260820_FIRST_PASS_V7_round04	ox5000-ebeab91aea8d3bf23114	proceeding	noun	C1	BLOCKED		BLOCKED V7: noun candidate is an infinitive/verb form; exact Oxford definition='the process of using a court to settle an argument or to deal with a complaint'.
MANUAL_EMERGENCY_WORK_20260820_SECOND_PASS_V7_round04	MANUAL_EMERGENCY_WORK_20260820_FIRST_PASS_V7_round04	ox5000-90f8226b2495c8b502e3	proceeds	noun	C1	BLOCKED		BLOCKED V7: candidate is not predominantly Ukrainian; exact Oxford definition='the money that you receive when you sell something or organize a performance, etc.; profits'.
MANUAL_EMERGENCY_WORK_20260820_SECOND_PASS_V7_round04	MANUAL_EMERGENCY_WORK_20260820_FIRST_PASS_V7_round04	ox5000-df0312b92094c5740bdb	processing	noun	C1	BLOCKED		BLOCKED V7: surface MT is candidate generation only; no independent sense-specific bilingual confirmation for this lexical value; exact Oxford definition='the treatment of raw material, food, etc. in order to change it, preserve it, etc.'.
MANUAL_EMERGENCY_WORK_20260820_SECOND_PASS_V7_round04	MANUAL_EMERGENCY_WORK_20260820_FIRST_PASS_V7_round04	ox5000-1f2f56a3e0a76bb3e5e5	processor	noun	C1	BLOCKED		BLOCKED V7: sense-specific Wiktionary gloss does not align with exact Oxford definition; gloss_similarity=0.356; lexical_overlap=0; exact Oxford definition='a machine, person or company that processes things'.
MANUAL_EMERGENCY_WORK_20260820_SECOND_PASS_V7_round04	MANUAL_EMERGENCY_WORK_20260820_FIRST_PASS_V7_round04	ox5000-6fa116eb25ddd97065e1	proclaim	verb	C1	BLOCKED		BLOCKED V7: sense-specific Wiktionary gloss does not align with exact Oxford definition; gloss_similarity=0.577; lexical_overlap=0; exact Oxford definition='to publicly and officially tell people about something important'.
MANUAL_EMERGENCY_WORK_20260820_SECOND_PASS_V7_round04	MANUAL_EMERGENCY_WORK_20260820_FIRST_PASS_V7_round04	ox5000-0a3631a760b0c96b1aff	productive	adjective	C1	BLOCKED		BLOCKED V7: sense-specific Wiktionary gloss does not align with exact Oxford definition; gloss_similarity=0.286; lexical_overlap=0; exact Oxford definition='making goods or growing crops, especially in large quantities'.
MANUAL_EMERGENCY_WORK_20260820_SECOND_PASS_V7_round04	MANUAL_EMERGENCY_WORK_20260820_FIRST_PASS_V7_round04	ox5000-8ae55da584a524fb2e44	productivity	noun	C1	BLOCKED		BLOCKED V7: surface MT is candidate generation only; no independent sense-specific bilingual confirmation for this lexical value; exact Oxford definition='the rate at which a worker, a company or a country produces goods, and the amount produced, compared with how much time, work and money is needed to produce them'.
MANUAL_EMERGENCY_WORK_20260820_SECOND_PASS_V7_round04	MANUAL_EMERGENCY_WORK_20260820_FIRST_PASS_V7_round04	ox5000-41fbf08475112e172260	profitable	adjective	C1	BLOCKED		BLOCKED V7: surface MT is candidate generation only; no independent sense-specific bilingual confirmation for this lexical value; exact Oxford definition='that makes or is likely to make money'.
MANUAL_EMERGENCY_WORK_20260820_SECOND_PASS_V7_round04	MANUAL_EMERGENCY_WORK_20260820_FIRST_PASS_V7_round04	ox5000-9bfc0299d5cbf77457ab	profound	adjective	C1	BLOCKED		BLOCKED V7: sense-specific Wiktionary gloss does not align with exact Oxford definition; gloss_similarity=0.329; lexical_overlap=0; exact Oxford definition='very great; felt or experienced very strongly'.
MANUAL_EMERGENCY_WORK_20260820_SECOND_PASS_V7_round04	MANUAL_EMERGENCY_WORK_20260820_FIRST_PASS_V7_round04	ox5000-e7a611cfa41abec93a0e	programming	noun	B2	BLOCKED		BLOCKED V7: V6 candidate-specific Ukrainian lexical evidence missing/ambiguous or lacks exact English lexical mapping; exact Oxford definition='the process of writing and testing computer programs'.
MANUAL_EMERGENCY_WORK_20260820_SECOND_PASS_V7_round04	MANUAL_EMERGENCY_WORK_20260820_FIRST_PASS_V7_round04	ox5000-a966e7e88a6fd2370e2e	progressive	adjective	B2	BLOCKED		BLOCKED V7: surface MT is candidate generation only; no independent sense-specific bilingual confirmation for this lexical value; exact Oxford definition='in favour of new ideas, modern methods and change'.
MANUAL_EMERGENCY_WORK_20260820_SECOND_PASS_V7_round04	MANUAL_EMERGENCY_WORK_20260820_FIRST_PASS_V7_round04	ox5000-87f79a47a3d406def88a	prohibit	verb	B2	BLOCKED		BLOCKED V7: sense-specific Wiktionary gloss does not align with exact Oxford definition; gloss_similarity=0.258; lexical_overlap=0; exact Oxford definition='to stop something from being done or used especially by law'.
MANUAL_EMERGENCY_WORK_20260820_SECOND_PASS_V7_round04	MANUAL_EMERGENCY_WORK_20260820_FIRST_PASS_V7_round04	ox5000-e20bbb038fe79f4c477d	projection	noun	C1	BLOCKED		BLOCKED V7: sense-specific Wiktionary gloss does not align with exact Oxford definition; gloss_similarity=0.546; lexical_overlap=0; exact Oxford definition='an estimate or a statement of what figures, amounts, or events will be in the future, or what they were in the past, based on what is happening now'.
MANUAL_EMERGENCY_WORK_20260820_SECOND_PASS_V7_round04	MANUAL_EMERGENCY_WORK_20260820_FIRST_PASS_V7_round04	ox5000-b1d82ddeb70360d85d9e	prominent	adjective	C1	BLOCKED		BLOCKED V7: sense-bound bilingual confirmation did not survive alignment gate; exact Oxford definition='important or well known'.
MANUAL_EMERGENCY_WORK_20260820_SECOND_PASS_V7_round04	MANUAL_EMERGENCY_WORK_20260820_FIRST_PASS_V7_round04	ox5000-55777456e6ec76d23cd7	promising	adjective	B2	BLOCKED		BLOCKED V7: sense-bound bilingual confirmation did not survive alignment gate; exact Oxford definition='showing signs of being good or successful'.
MANUAL_EMERGENCY_WORK_20260820_SECOND_PASS_V7_round04	MANUAL_EMERGENCY_WORK_20260820_FIRST_PASS_V7_round04	ox5000-05e4562c21dd147b7fd0	promotion	noun	B2	BLOCKED		BLOCKED V7: sense-specific Wiktionary gloss does not align with exact Oxford definition; gloss_similarity=0.498; lexical_overlap=0; exact Oxford definition='a move to a more important job or rank in a company or an organization'.
MANUAL_EMERGENCY_WORK_20260820_SECOND_PASS_V7_round04	MANUAL_EMERGENCY_WORK_20260820_FIRST_PASS_V7_round04	ox5000-a0d10e0fce2fb8012e7e	prompt	verb	B2	BLOCKED		BLOCKED V7: semantic role mismatch: Oxford definition requires person, reverse candidate looks generic; exact Oxford definition='to make somebody decide to do something; to cause something to happen'.
MANUAL_EMERGENCY_WORK_20260820_SECOND_PASS_V7_round04	MANUAL_EMERGENCY_WORK_20260820_FIRST_PASS_V7_round04	ox5000-ce708c928b594b9a6027	pronounced	adjective	C1	BLOCKED		BLOCKED V7: adjective candidate has no plausible Ukrainian adjective morphology; exact Oxford definition='very obvious, easy to notice or strongly expressed'.
MANUAL_EMERGENCY_WORK_20260820_SECOND_PASS_V7_round04	MANUAL_EMERGENCY_WORK_20260820_FIRST_PASS_V7_round04	ox5000-3639a66436d614547a4f	propaganda	noun	C1	BLOCKED		BLOCKED V7: sense-specific Wiktionary gloss does not align with exact Oxford definition; gloss_similarity=0.207; lexical_overlap=0; exact Oxford definition='ideas or statements that may be false or present only one side of an argument that are used in order to gain support for a political leader, party, etc.'.
MANUAL_EMERGENCY_WORK_20260820_SECOND_PASS_V7_round04	MANUAL_EMERGENCY_WORK_20260820_FIRST_PASS_V7_round04	ox5000-c4827f2829cded7522d5	proportion	noun	B2	BLOCKED		BLOCKED V7: sense-bound bilingual confirmation did not survive alignment gate; exact Oxford definition='a part or share of a whole'.
MANUAL_EMERGENCY_WORK_20260820_SECOND_PASS_V7_round04	MANUAL_EMERGENCY_WORK_20260820_FIRST_PASS_V7_round04	ox5000-58465406ddb00a4ab660	proposition	noun	C1	BLOCKED		BLOCKED V7: V6 candidate-specific Ukrainian lexical evidence missing/ambiguous or lacks exact English lexical mapping; exact Oxford definition='an idea or a plan of action that is suggested, especially in business'.
MANUAL_EMERGENCY_WORK_20260820_SECOND_PASS_V7_round04	MANUAL_EMERGENCY_WORK_20260820_FIRST_PASS_V7_round04	ox5000-4bb8d65260da2fa814ee	prosecute	verb	C1	BLOCKED		BLOCKED V7: verb candidate is not an appropriate Ukrainian infinitive/verb phrase; exact Oxford definition='to officially charge somebody with a crime in court'.
MANUAL_EMERGENCY_WORK_20260820_SECOND_PASS_V7_round04	MANUAL_EMERGENCY_WORK_20260820_FIRST_PASS_V7_round04	ox5000-472252ddcc7788ceb848	prosecution	noun	C1	BLOCKED		BLOCKED V7: semantic role mismatch: Oxford definition requires person, reverse candidate looks generic; exact Oxford definition='the process of trying to prove in court that somebody is guilty of a crime (= of prosecuting them) ; the process of being officially charged with a crime in court'.
MANUAL_EMERGENCY_WORK_20260820_SECOND_PASS_V7_round04	MANUAL_EMERGENCY_WORK_20260820_FIRST_PASS_V7_round04	ox5000-35ba008bb2f4727a7054	prosecutor	noun	C1	BLOCKED		BLOCKED V7: sense-bound bilingual confirmation did not survive alignment gate; exact Oxford definition='a public official who charges somebody officially with a crime and prosecutes them in court'.
MANUAL_EMERGENCY_WORK_20260820_SECOND_PASS_V7_round04	MANUAL_EMERGENCY_WORK_20260820_FIRST_PASS_V7_round04	ox5000-f04358c550167dff6b4c	prospective	adjective	C1	BLOCKED		BLOCKED V7: surface MT is candidate generation only; no independent sense-specific bilingual confirmation for this lexical value; exact Oxford definition='expected to do something or to become something'.
MANUAL_EMERGENCY_WORK_20260820_SECOND_PASS_V7_round04	MANUAL_EMERGENCY_WORK_20260820_FIRST_PASS_V7_round04	ox5000-d0b371017109d0ab1235	prosperity	noun	C1	BLOCKED		BLOCKED V7: sense-bound bilingual confirmation did not survive alignment gate; exact Oxford definition='the state of being successful, especially in making money'.
MANUAL_EMERGENCY_WORK_20260820_SECOND_PASS_V7_round04	MANUAL_EMERGENCY_WORK_20260820_FIRST_PASS_V7_round04	ox5000-c68475adc97d62708bf1	protective	adjective	C1	BLOCKED		BLOCKED V7: English/source-language residue or model artifact; exact Oxford definition='providing or intended to provide protection'.
MANUAL_EMERGENCY_WORK_20260820_SECOND_PASS_V7_round04	MANUAL_EMERGENCY_WORK_20260820_FIRST_PASS_V7_round04	ox5000-da65dfcb87abf26fbe6b	protein	noun	B2	BLOCKED		BLOCKED V7: sense-specific Wiktionary gloss does not align with exact Oxford definition; gloss_similarity=0.429; lexical_overlap=0; exact Oxford definition='a substance, found within all living things, that forms the structure of muscles, organs, etc. There are many different proteins and they are an essential part of what humans and animals eat to help them grow and stay healthy.'.
MANUAL_EMERGENCY_WORK_20260820_SECOND_PASS_V7_round04	MANUAL_EMERGENCY_WORK_20260820_FIRST_PASS_V7_round04	ox5000-2af3bad78661603d5f3d	protester	noun	B2	BLOCKED		BLOCKED V7: sense-bound bilingual confirmation did not survive alignment gate; exact Oxford definition='a person who makes a public protest'.
MANUAL_EMERGENCY_WORK_20260820_SECOND_PASS_V7_round04	MANUAL_EMERGENCY_WORK_20260820_FIRST_PASS_V7_round04	ox5000-623f07f44898502aec44	protocol	noun	C1	BLOCKED		BLOCKED V7: V6 candidate-specific Ukrainian lexical evidence missing/ambiguous or lacks exact English lexical mapping; exact Oxford definition='a system of fixed rules and formal behaviour used at official meetings, usually between governments'.
MANUAL_EMERGENCY_WORK_20260820_SECOND_PASS_V7_round04	MANUAL_EMERGENCY_WORK_20260820_FIRST_PASS_V7_round04	ox5000-b0176df6d31bd546cb4f	provincial	adjective	C1	BLOCKED		BLOCKED V7: sense-specific Wiktionary gloss does not align with exact Oxford definition; gloss_similarity=0.563; lexical_overlap=0; exact Oxford definition='connected with one of the large areas that some countries are divided into, with its own local government'.
MANUAL_EMERGENCY_WORK_20260820_SECOND_PASS_V7_round04	MANUAL_EMERGENCY_WORK_20260820_FIRST_PASS_V7_round04	ox5000-37f9eeeb75524cee3ab6	provision	noun	C1	BLOCKED		BLOCKED V7: English/source-language residue or model artifact; exact Oxford definition='the act of supplying somebody with something that they need or want; something that is supplied'.
MANUAL_EMERGENCY_WORK_20260820_SECOND_PASS_V7_round04	MANUAL_EMERGENCY_WORK_20260820_FIRST_PASS_V7_round04	ox5000-d4c9465438f4799972e7	provoke	verb	C1	BLOCKED		BLOCKED V7: V6 candidate-specific Ukrainian lexical evidence missing/ambiguous or lacks exact English lexical mapping; exact Oxford definition='to cause a particular reaction or have a particular effect'.
MANUAL_EMERGENCY_WORK_20260820_SECOND_PASS_V7_round04	MANUAL_EMERGENCY_WORK_20260820_FIRST_PASS_V7_round04	ox5000-e72aef296449310d3771	psychiatric	adjective	C1	BLOCKED		BLOCKED V7: V6 candidate-specific Ukrainian lexical evidence missing/ambiguous or lacks exact English lexical mapping; exact Oxford definition='relating to psychiatry or to mental illnesses'.
MANUAL_EMERGENCY_WORK_20260820_SECOND_PASS_V7_round04	MANUAL_EMERGENCY_WORK_20260820_FIRST_PASS_V7_round04	ox5000-c1385d112ea2efa50773	psychological	adjective	B2	BLOCKED		BLOCKED V7: Oxford definition requires person role but source/reverse role is not independently person-like (psychological); exact Oxford definition='connected with a person’s mind and the way in which it works'.
MANUAL_EMERGENCY_WORK_20260820_SECOND_PASS_V7_round04	MANUAL_EMERGENCY_WORK_20260820_FIRST_PASS_V7_round04	ox5000-03aa5af70263c59cb020	publicity	noun	B2	BLOCKED		BLOCKED V7: semantic role mismatch: Oxford definition requires person, reverse candidate looks process; exact Oxford definition='the attention that is given to somebody/something by newspapers, television, etc.'.
MANUAL_EMERGENCY_WORK_20260820_SECOND_PASS_V7_round04	MANUAL_EMERGENCY_WORK_20260820_FIRST_PASS_V7_round04	ox5000-1a3a79b493580cdcfd44	publishing	noun	B2	BLOCKED		BLOCKED V7: noun candidate is an infinitive/verb form; exact Oxford definition='the profession or business of preparing and printing books, magazines, CD-ROMs , etc. and selling or making them available to the public'.
MANUAL_EMERGENCY_WORK_20260820_SECOND_PASS_V7_round04	MANUAL_EMERGENCY_WORK_20260820_FIRST_PASS_V7_round04	ox5000-3631f2773b187680d3a9	pulse	noun	C1	BLOCKED		BLOCKED V7: surface MT is candidate generation only; no independent sense-specific bilingual confirmation for this lexical value; exact Oxford definition='the regular beat of the heart as it sends blood around the body, that can be felt in different places, especially on the inside part of the wrist ; the number of times the heart beats in a minute'.
MANUAL_EMERGENCY_WORK_20260820_SECOND_PASS_V7_round04	MANUAL_EMERGENCY_WORK_20260820_FIRST_PASS_V7_round04	ox5000-5fef76f716acb428b470	pump	noun	C1	BLOCKED		BLOCKED V7: surface MT is candidate generation only; no independent sense-specific bilingual confirmation for this lexical value; exact Oxford definition='a machine that is used to force liquid, gas or air into or out of something'.
MANUAL_EMERGENCY_WORK_20260820_SECOND_PASS_V7_round04	MANUAL_EMERGENCY_WORK_20260820_FIRST_PASS_V7_round04	ox5000-496b6fa809f3e321f985	pump	verb	C1	BLOCKED		BLOCKED V7: verb candidate is not an appropriate Ukrainian infinitive/verb phrase; exact Oxford definition='to make water, air, gas, etc. flow in a particular direction by using a pump or something that works like a pump'.
MANUAL_EMERGENCY_WORK_20260820_SECOND_PASS_V7_round04	MANUAL_EMERGENCY_WORK_20260820_FIRST_PASS_V7_round04	ox5000-5e11e486d4f68608018c	punch	noun	C1	BLOCKED		BLOCKED V7: surface MT is candidate generation only; no independent sense-specific bilingual confirmation for this lexical value; exact Oxford definition='a hard hit made with the fist (= closed hand)'.
MANUAL_EMERGENCY_WORK_20260820_SECOND_PASS_V7_round04	MANUAL_EMERGENCY_WORK_20260820_FIRST_PASS_V7_round04	ox5000-8f1c8ff0d448af6b1b00	punch	verb	C1	BLOCKED		BLOCKED V7: semantic role mismatch: Oxford definition requires person, reverse candidate looks generic; exact Oxford definition='to hit somebody/something hard with your fist (= closed hand)'.
MANUAL_EMERGENCY_WORK_20260820_SECOND_PASS_V7_round04	MANUAL_EMERGENCY_WORK_20260820_FIRST_PASS_V7_round04	ox5000-32da952952c71765a893	punk	noun	B2	BLOCKED		BLOCKED V7: surface MT is candidate generation only; no independent sense-specific bilingual confirmation for this lexical value; exact Oxford definition='a type of loud and aggressive rock music popular in the late 1970s and early 1980s'.
MANUAL_EMERGENCY_WORK_20260820_SECOND_PASS_V7_round04	MANUAL_EMERGENCY_WORK_20260820_FIRST_PASS_V7_round04	ox5000-161377f3aa55e4869856	purely	adverb	B2	BLOCKED		BLOCKED V7: surface MT is candidate generation only; no independent sense-specific bilingual confirmation for this lexical value; exact Oxford definition='only; completely'.
MANUAL_EMERGENCY_WORK_20260820_SECOND_PASS_V7_round04	MANUAL_EMERGENCY_WORK_20260820_FIRST_PASS_V7_round04	ox5000-0fbbc2a505e3fca073f1	pursuit	noun	B2	BLOCKED		BLOCKED V7: semantic role mismatch: Oxford definition requires process, reverse candidate looks generic; exact Oxford definition='the act of looking for or trying to get something'.
MANUAL_EMERGENCY_WORK_20260820_SECOND_PASS_V7_round04	MANUAL_EMERGENCY_WORK_20260820_FIRST_PASS_V7_round04	ox5000-16b6e35306f2d3819ba9	puzzle	noun	B2	BLOCKED		BLOCKED V7: surface MT is candidate generation only; no independent sense-specific bilingual confirmation for this lexical value; exact Oxford definition='a game, etc. that you have to think about carefully in order to answer it or do it'.
MANUAL_EMERGENCY_WORK_20260820_SECOND_PASS_V7_round04	MANUAL_EMERGENCY_WORK_20260820_FIRST_PASS_V7_round04	ox5000-fef76f9ad1ae3b385d52	query	noun	C1	BLOCKED		BLOCKED V7: candidate is not predominantly Ukrainian; exact Oxford definition='a question, especially one asking for information or expressing a doubt about something'.
MANUAL_EMERGENCY_WORK_20260820_SECOND_PASS_V7_round04	MANUAL_EMERGENCY_WORK_20260820_FIRST_PASS_V7_round04	ox5000-f8f10d86fe3b2b70cd7b	quest	noun	C1	BLOCKED		BLOCKED V7: surface MT is candidate generation only; no independent sense-specific bilingual confirmation for this lexical value; exact Oxford definition='a long search for something, especially for some quality such as happiness'.
MANUAL_EMERGENCY_WORK_20260820_SECOND_PASS_V7_round04	MANUAL_EMERGENCY_WORK_20260820_FIRST_PASS_V7_round04	ox5000-bd79fce62a6106e6ae81	questionnaire	noun	B2	BLOCKED		BLOCKED V7: surface MT is candidate generation only; no independent sense-specific bilingual confirmation for this lexical value; exact Oxford definition='a written list of questions that are answered by a number of people so that information can be collected from the answers'.
MANUAL_EMERGENCY_WORK_20260820_SECOND_PASS_V7_round04	MANUAL_EMERGENCY_WORK_20260820_FIRST_PASS_V7_round04	ox5000-09c9b402a9dd868c0c4f	quota	noun	C1	BLOCKED		BLOCKED V7: surface MT is candidate generation only; no independent sense-specific bilingual confirmation for this lexical value; exact Oxford definition='a limited number or amount of people or things that is officially allowed'.
MANUAL_EMERGENCY_WORK_20260820_SECOND_PASS_V7_round04	MANUAL_EMERGENCY_WORK_20260820_FIRST_PASS_V7_round04	ox5000-3c42cbde1b0db6056f57	racial	adjective	B2	BLOCKED		BLOCKED V7: surface MT is candidate generation only; no independent sense-specific bilingual confirmation for this lexical value; exact Oxford definition='happening or existing between people of different races'.
MANUAL_EMERGENCY_WORK_20260820_SECOND_PASS_V7_round04	MANUAL_EMERGENCY_WORK_20260820_FIRST_PASS_V7_round04	ox5000-ae90908d4616264014c6	racism	noun	B2	BLOCKED		BLOCKED V7: Oxford definition requires person role but source/reverse role is not independently person-like (racism); exact Oxford definition='the unfair treatment of people who belong to a different race; violent behaviour towards them'.
MANUAL_EMERGENCY_WORK_20260820_SECOND_PASS_V7_round04	MANUAL_EMERGENCY_WORK_20260820_FIRST_PASS_V7_round04	ox5000-183ec8d2749196d55d07	racist	adjective	B2	BLOCKED		BLOCKED V7: surface MT is candidate generation only; no independent sense-specific bilingual confirmation for this lexical value; exact Oxford definition='having the belief that some races of people are better than others or having general beliefs about other people based only on their race; showing this through violent or unfair treatment of people of other races'.
MANUAL_EMERGENCY_WORK_20260820_SECOND_PASS_V7_round04	MANUAL_EMERGENCY_WORK_20260820_FIRST_PASS_V7_round04	ox5000-3b6e26cd4bcc3291f712	racist	noun	B2	BLOCKED		BLOCKED V7: V6 pymorphy3 uk has no requested-POS parse for 'расистська'; exact Oxford definition='a person who believes that some races of people are better than others or who has general beliefs about other people based only on their race, and may show this in violent or unfair treatment of people of other races'.
MANUAL_EMERGENCY_WORK_20260820_SECOND_PASS_V7_round04	MANUAL_EMERGENCY_WORK_20260820_FIRST_PASS_V7_round04	ox5000-638f021918f23d527d49	radar	noun	C1	BLOCKED		BLOCKED V7: surface MT is candidate generation only; no independent sense-specific bilingual confirmation for this lexical value; exact Oxford definition='a system that uses radio waves to find the position and movement of objects, for example planes and ships, when they cannot be seen'.
MANUAL_EMERGENCY_WORK_20260820_SECOND_PASS_V7_round04	MANUAL_EMERGENCY_WORK_20260820_FIRST_PASS_V7_round04	ox5000-6ce48c0a27b361c09fb2	radiation	noun	B2	BLOCKED		BLOCKED V7: surface MT is candidate generation only; no independent sense-specific bilingual confirmation for this lexical value; exact Oxford definition='powerful and very dangerous rays that are sent out from radioactive substances'.
MANUAL_EMERGENCY_WORK_20260820_SECOND_PASS_V7_round04	MANUAL_EMERGENCY_WORK_20260820_FIRST_PASS_V7_round04	ox5000-d5aeb06b1d88e01c047f	radical	adjective	C1	BLOCKED		BLOCKED V7: surface MT is candidate generation only; no independent sense-specific bilingual confirmation for this lexical value; exact Oxford definition='relating to the most basic and important parts of something; complete and detailed'.
MANUAL_EMERGENCY_WORK_20260820_SECOND_PASS_V7_round04	MANUAL_EMERGENCY_WORK_20260820_FIRST_PASS_V7_round04	ox5000-bb993f48a066dd5c990a	rage	noun	C1	BLOCKED		BLOCKED V7: surface MT is candidate generation only; no independent sense-specific bilingual confirmation for this lexical value; exact Oxford definition='a feeling of violent anger that is difficult to control'.
MANUAL_EMERGENCY_WORK_20260820_SECOND_PASS_V7_round04	MANUAL_EMERGENCY_WORK_20260820_FIRST_PASS_V7_round04	ox5000-deb86df67a8ab2ba1e09	raid	noun	C1	BLOCKED		BLOCKED V7: surface MT is candidate generation only; no independent sense-specific bilingual confirmation for this lexical value; exact Oxford definition='a short surprise attack on an enemy by soldiers, ships or aircraft'.
MANUAL_EMERGENCY_WORK_20260820_SECOND_PASS_V7_round04	MANUAL_EMERGENCY_WORK_20260820_FIRST_PASS_V7_round04	ox5000-4d67d866c647b72f7c3c	raid	verb	C1	BLOCKED		BLOCKED V7: verb candidate is not an appropriate Ukrainian infinitive/verb phrase; exact Oxford definition='to visit a person or place without warning to look for criminals, illegal goods, drugs, etc.'.
MANUAL_EMERGENCY_WORK_20260820_SECOND_PASS_V7_round04	MANUAL_EMERGENCY_WORK_20260820_FIRST_PASS_V7_round04	ox5000-1ef92015b92c1e37fb27	rail	noun	B2	BLOCKED		BLOCKED V7: surface MT is candidate generation only; no independent sense-specific bilingual confirmation for this lexical value; exact Oxford definition='a wooden or metal bar placed around something as a barrier or to provide support'.
MANUAL_EMERGENCY_WORK_20260820_SECOND_PASS_V7_round04	MANUAL_EMERGENCY_WORK_20260820_FIRST_PASS_V7_round04	ox5000-cfb300586a991fa0eabe	rally	noun	C1	BLOCKED		BLOCKED V7: surface MT is candidate generation only; no independent sense-specific bilingual confirmation for this lexical value; exact Oxford definition='a large public meeting, especially one held to support a particular idea or political party'.
MANUAL_EMERGENCY_WORK_20260820_SECOND_PASS_V7_round04	MANUAL_EMERGENCY_WORK_20260820_FIRST_PASS_V7_round04	ox5000-7da870e0b860693f3ac5	rally	verb	C1	BLOCKED		BLOCKED V7: verb candidate is not an appropriate Ukrainian infinitive/verb phrase; exact Oxford definition='to come together or bring people together in order to help or support somebody/something'.
MANUAL_EMERGENCY_WORK_20260820_SECOND_PASS_V7_round04	MANUAL_EMERGENCY_WORK_20260820_FIRST_PASS_V7_round04	ox5000-295bea1c47af665a1dba	random	adjective	B2	BLOCKED		BLOCKED V7: candidate is not predominantly Ukrainian; exact Oxford definition='done, chosen, etc. without somebody deciding in advance what is going to happen, or without any regular pattern'.
MANUAL_EMERGENCY_WORK_20260820_SECOND_PASS_V7_round04	MANUAL_EMERGENCY_WORK_20260820_FIRST_PASS_V7_round04	ox5000-5a6744b97184b4a0cb6a	ranking	noun	C1	BLOCKED		BLOCKED V7: semantic role mismatch: Oxford definition requires person, reverse candidate looks process; exact Oxford definition='the position of somebody/something on a scale that shows how good or important they are in relation to other similar people or things, especially in sport'.
MANUAL_EMERGENCY_WORK_20260820_SECOND_PASS_V7_round04	MANUAL_EMERGENCY_WORK_20260820_FIRST_PASS_V7_round04	ox5000-163c1aaea653b97b76ad	rape	noun	C1	BLOCKED		BLOCKED V7: Oxford definition requires person role but source/reverse role is not independently person-like (rape); exact Oxford definition='the crime of forcing somebody to have sex when they do not want it or are not able to agree to it'.
MANUAL_EMERGENCY_WORK_20260820_SECOND_PASS_V7_round04	MANUAL_EMERGENCY_WORK_20260820_FIRST_PASS_V7_round04	ox5000-44e91337ba5dff9097c9	rape	verb	C1	BLOCKED		BLOCKED V7: Oxford definition requires person role but source/reverse role is not independently person-like (rape); exact Oxford definition='to force somebody to have sex when they do not want it or are not able to agree to it'.
MANUAL_EMERGENCY_WORK_20260820_SECOND_PASS_V7_round04	MANUAL_EMERGENCY_WORK_20260820_FIRST_PASS_V7_round04	ox5000-fe7ba1256d19f8c2e57f	rat	noun	B2	BLOCKED		BLOCKED V7: sense-specific Wiktionary gloss does not align with exact Oxford definition; gloss_similarity=0.554; lexical_overlap=0; exact Oxford definition='a small animal with a long tail, that looks like a large mouse, usually considered a pest (= an animal which is disliked because it destroys food or spreads disease)'.
MANUAL_EMERGENCY_WORK_20260820_SECOND_PASS_V7_round04	MANUAL_EMERGENCY_WORK_20260820_FIRST_PASS_V7_round04	ox5000-a926d9b4d561f0479900	rating	noun	B2	BLOCKED		BLOCKED V7: Oxford definition requires person role but source/reverse role is not independently person-like (rating); exact Oxford definition='a measurement of how good, popular, important, etc. somebody/something is, especially in relation to other people or things'.
MANUAL_EMERGENCY_WORK_20260820_SECOND_PASS_V7_round04	MANUAL_EMERGENCY_WORK_20260820_FIRST_PASS_V7_round04	ox5000-f01536bcc125902c07c7	ratio	noun	C1	BLOCKED		BLOCKED V7: surface MT is candidate generation only; no independent sense-specific bilingual confirmation for this lexical value; exact Oxford definition='the relationship between two groups of people or things that is represented by two numbers showing how much larger one group is than the other'.
MANUAL_EMERGENCY_WORK_20260820_SECOND_PASS_V7_round04	MANUAL_EMERGENCY_WORK_20260820_FIRST_PASS_V7_round04	ox5000-4b5e8fe7429e7586b3b3	rational	adjective	C1	BLOCKED		BLOCKED V7: sense-specific Wiktionary gloss does not align with exact Oxford definition; gloss_similarity=0.380; lexical_overlap=0; exact Oxford definition='based on reason rather than emotions'.
MANUAL_EMERGENCY_WORK_20260820_SECOND_PASS_V7_round04	MANUAL_EMERGENCY_WORK_20260820_FIRST_PASS_V7_round04	ox5000-406daaee7c9e0713271e	ray	noun	C1	BLOCKED		BLOCKED V7: sense-bound bilingual confirmation did not survive alignment gate; exact Oxford definition='a narrow line of light, heat or other energy'.
MANUAL_EMERGENCY_WORK_20260820_SECOND_PASS_V7_round04	MANUAL_EMERGENCY_WORK_20260820_FIRST_PASS_V7_round04	ox5000-93c2c995db4f9c123eaa	readily	adverb	C1	BLOCKED		BLOCKED V7: surface MT is candidate generation only; no independent sense-specific bilingual confirmation for this lexical value; exact Oxford definition='quickly and without difficulty'.
MANUAL_EMERGENCY_WORK_20260820_SECOND_PASS_V7_round04	MANUAL_EMERGENCY_WORK_20260820_FIRST_PASS_V7_round04	ox5000-e3d550f6c3247fc800d6	realization	noun	C1	BLOCKED		BLOCKED V7: semantic role mismatch: Oxford definition requires process, reverse candidate looks state; exact Oxford definition='the process of becoming aware of something'.
MANUAL_EMERGENCY_WORK_20260820_SECOND_PASS_V7_round04	MANUAL_EMERGENCY_WORK_20260820_FIRST_PASS_V7_round04	ox5000-f6e06778ccf9167c70f9	realm	noun	C1	BLOCKED		BLOCKED V7: sense-specific Wiktionary gloss does not align with exact Oxford definition; gloss_similarity=0.377; lexical_overlap=0; exact Oxford definition='an area of activity, interest or knowledge'.
MANUAL_EMERGENCY_WORK_20260820_SECOND_PASS_V7_round04	MANUAL_EMERGENCY_WORK_20260820_FIRST_PASS_V7_round04	ox5000-82db79a2e4cd3cde65f1	rear	adjective	C1	BLOCKED		BLOCKED V7: sense-specific Wiktionary gloss does not align with exact Oxford definition; gloss_similarity=0.603; lexical_overlap=0; exact Oxford definition='at or near the back of something'.
MANUAL_EMERGENCY_WORK_20260820_SECOND_PASS_V7_round04	MANUAL_EMERGENCY_WORK_20260820_FIRST_PASS_V7_round04	ox5000-69b2f9590153df6988ce	rear	noun	C1	BLOCKED		BLOCKED V7: surface MT is candidate generation only; no independent sense-specific bilingual confirmation for this lexical value; exact Oxford definition='the back part of something'.
MANUAL_EMERGENCY_WORK_20260820_SECOND_PASS_V7_round04	MANUAL_EMERGENCY_WORK_20260820_FIRST_PASS_V7_round04	ox5000-9297029e6028ab551ec4	reasonably	adverb	B2	BLOCKED		BLOCKED V7: surface MT is candidate generation only; no independent sense-specific bilingual confirmation for this lexical value; exact Oxford definition='to a degree that is fairly good but not very good'.
MANUAL_EMERGENCY_WORK_20260820_SECOND_PASS_V7_round04	MANUAL_EMERGENCY_WORK_20260820_FIRST_PASS_V7_round04	ox5000-fbe2d3432c02ae63c10f	reasoning	noun	C1	BLOCKED		BLOCKED V7: semantic role mismatch: Oxford definition requires process, reverse candidate looks generic; exact Oxford definition='the process of thinking about things in a logical way; opinions and ideas that are based on logical thinking'.
MANUAL_EMERGENCY_WORK_20260820_SECOND_PASS_V7_round04	MANUAL_EMERGENCY_WORK_20260820_FIRST_PASS_V7_round04	ox5000-1278d12e916dee475af0	reassure	verb	C1	BLOCKED		BLOCKED V7: semantic role mismatch: Oxford definition requires person, reverse candidate looks generic; exact Oxford definition='to say or do something that makes somebody less frightened or worried'.
MANUAL_EMERGENCY_WORK_20260820_SECOND_PASS_V7_round04	MANUAL_EMERGENCY_WORK_20260820_FIRST_PASS_V7_round04	ox5000-2f6ac118ca4cecab6315	rebel	noun	C1	BLOCKED		BLOCKED V7: Oxford definition requires person role but source/reverse role is not independently person-like (rebel); exact Oxford definition='a person who fights against the government of their country'.
MANUAL_EMERGENCY_WORK_20260820_SECOND_PASS_V7_round04	MANUAL_EMERGENCY_WORK_20260820_FIRST_PASS_V7_round04	ox5000-733394b847c11155a769	rebellion	noun	C1	BLOCKED		BLOCKED V7: sense-specific Wiktionary gloss does not align with exact Oxford definition; gloss_similarity=0.387; lexical_overlap=0; exact Oxford definition='an attempt by some of the people in a country to change their government, using violence'.
MANUAL_EMERGENCY_WORK_20260820_SECOND_PASS_V7_round04	MANUAL_EMERGENCY_WORK_20260820_FIRST_PASS_V7_round04	ox5000-b511afcdef6aaf02980d	rebuild	verb	B2	BLOCKED		BLOCKED V7: surface MT is candidate generation only; no independent sense-specific bilingual confirmation for this lexical value; exact Oxford definition='to build or put something together again'.
MANUAL_EMERGENCY_WORK_20260820_SECOND_PASS_V7_round04	MANUAL_EMERGENCY_WORK_20260820_FIRST_PASS_V7_round04	ox5000-82e5e823e0220b1f8d8d	receiver	noun	B2	BLOCKED		BLOCKED V7: sense-specific Wiktionary gloss does not align with exact Oxford definition; gloss_similarity=0.500; lexical_overlap=0; exact Oxford definition='the part of a phone that you hold close to your mouth and ear'.
MANUAL_EMERGENCY_WORK_20260820_SECOND_PASS_V7_round04	MANUAL_EMERGENCY_WORK_20260820_FIRST_PASS_V7_round04	ox5000-58cf60dcbb0b202c2d54	recession	noun	B2	BLOCKED		BLOCKED V7: V6 candidate-specific Ukrainian lexical evidence missing/ambiguous or lacks exact English lexical mapping; exact Oxford definition='a difficult time for the economy of a country, when there is less trade and industrial activity than usual and more people are unemployed'.
MANUAL_EMERGENCY_WORK_20260820_SECOND_PASS_V7_round04	MANUAL_EMERGENCY_WORK_20260820_FIRST_PASS_V7_round04	ox5000-509759e82384ed740f3c	recipient	noun	C1	BLOCKED		BLOCKED V7: semantic role mismatch: Oxford definition requires person, reverse candidate looks generic; exact Oxford definition='a person who receives something'.
MANUAL_EMERGENCY_WORK_20260820_SECOND_PASS_V7_round04	MANUAL_EMERGENCY_WORK_20260820_FIRST_PASS_V7_round04	ox5000-378f3b22f72b712307df	reckon	verb	B2	BLOCKED		BLOCKED V7: verb candidate is not an appropriate Ukrainian infinitive/verb phrase; exact Oxford definition='to think something or have an opinion about something'.
MANUAL_EMERGENCY_WORK_20260820_SECOND_PASS_V7_round04	MANUAL_EMERGENCY_WORK_20260820_FIRST_PASS_V7_round04	ox5000-6e280ae2dd1681720f95	recognition	noun	B2	BLOCKED		BLOCKED V7: semantic role mismatch: Oxford definition requires person, reverse candidate looks process; exact Oxford definition='the act of remembering who somebody is when you see them, or of identifying what something is'.
MANUAL_EMERGENCY_WORK_20260820_SECOND_PASS_V7_round04	MANUAL_EMERGENCY_WORK_20260820_FIRST_PASS_V7_round04	ox5000-ddae4d5e51503e1a8ffd	reconstruction	noun	C1	BLOCKED		BLOCKED V7: semantic role mismatch: Oxford definition requires process, reverse candidate looks generic; exact Oxford definition='the process of changing or improving the condition of something or the way it works; the process of putting something back into the state it was in before'.
MANUAL_EMERGENCY_WORK_20260820_SECOND_PASS_V7_round04	MANUAL_EMERGENCY_WORK_20260820_FIRST_PASS_V7_round04	ox5000-948b85bbe7732bc16534	recount	verb	C1	BLOCKED		BLOCKED V7: semantic role mismatch: Oxford definition requires person, reverse candidate looks generic; exact Oxford definition='to tell somebody about something, especially something that you have experienced'.
MANUAL_EMERGENCY_WORK_20260820_SECOND_PASS_V7_round04	MANUAL_EMERGENCY_WORK_20260820_FIRST_PASS_V7_round04	ox5000-8f636332013cc3a777c9	recovery	noun	B2	BLOCKED		BLOCKED V7: semantic role mismatch: Oxford definition requires process, reverse candidate looks generic; exact Oxford definition='the process of becoming well again after an illness or injury'.
MANUAL_EMERGENCY_WORK_20260820_SECOND_PASS_V7_round04	MANUAL_EMERGENCY_WORK_20260820_FIRST_PASS_V7_round04	ox5000-2fed7b0a384991dc97d4	recruit	noun	B2	BLOCKED		BLOCKED V7: Oxford definition requires person role but source/reverse role is not independently person-like (recruit); exact Oxford definition='a person who has recently joined the armed forces or the police'.
MANUAL_EMERGENCY_WORK_20260820_SECOND_PASS_V7_round04	MANUAL_EMERGENCY_WORK_20260820_FIRST_PASS_V7_round04	ox5000-585e02d27fde1a6416d9	recruit	verb	B2	BLOCKED		BLOCKED V7: V6 candidate-specific Ukrainian lexical evidence missing/ambiguous or lacks exact English lexical mapping; exact Oxford definition='to find new people to join a company, an organization, the armed forces, etc.'.
MANUAL_EMERGENCY_WORK_20260820_SECOND_PASS_V7_round04	MANUAL_EMERGENCY_WORK_20260820_FIRST_PASS_V7_round04	ox5000-07b39c7d2b02aa9f8e69	recruitment	noun	B2	BLOCKED		BLOCKED V7: sense-bound bilingual confirmation did not survive alignment gate; exact Oxford definition='the act or process of finding new people to join a company, an organization, the armed forces, etc.'.
MANUAL_EMERGENCY_WORK_20260820_SECOND_PASS_V7_round04	MANUAL_EMERGENCY_WORK_20260820_FIRST_PASS_V7_round04	ox5000-9d471a0aecbe7bc0ce6c	referee	noun	B2	BLOCKED		BLOCKED V7: candidate is not predominantly Ukrainian; exact Oxford definition='the official who controls the game in some sports'.
MANUAL_EMERGENCY_WORK_20260820_SECOND_PASS_V7_round04	MANUAL_EMERGENCY_WORK_20260820_FIRST_PASS_V7_round04	ox5000-cb92c41178d16df358d5	referendum	noun	C1	BLOCKED		BLOCKED V7: sense-bound bilingual confirmation did not survive alignment gate; exact Oxford definition='an occasion when all the people of a country can vote on an important issue'.
MANUAL_EMERGENCY_WORK_20260820_SECOND_PASS_V7_round04	MANUAL_EMERGENCY_WORK_20260820_FIRST_PASS_V7_round04	ox5000-bd41821d02479eb199aa	reflection	noun	C1	BLOCKED		BLOCKED V7: sense-specific Wiktionary gloss does not align with exact Oxford definition; gloss_similarity=0.410; lexical_overlap=0; exact Oxford definition='an image in a mirror, on a shiny surface, on water, etc.'.
MANUAL_EMERGENCY_WORK_20260820_SECOND_PASS_V7_round04	MANUAL_EMERGENCY_WORK_20260820_FIRST_PASS_V7_round04	ox5000-1d95ed508bd14265061f	reform	noun	C1	BLOCKED		BLOCKED V7: sense-specific Wiktionary gloss does not align with exact Oxford definition; gloss_similarity=0.194; lexical_overlap=0; exact Oxford definition='change that is made to a social system, an organization, etc. in order to improve or correct it'.
MANUAL_EMERGENCY_WORK_20260820_SECOND_PASS_V7_round04	MANUAL_EMERGENCY_WORK_20260820_FIRST_PASS_V7_round04	ox5000-be774d750b11aad42701	reform	verb	C1	BLOCKED		BLOCKED V7: sense-specific Wiktionary gloss does not align with exact Oxford definition; gloss_similarity=0.517; lexical_overlap=0; exact Oxford definition='to improve a system, an organization, a law, etc. by making changes to it'.
MANUAL_EMERGENCY_WORK_20260820_SECOND_PASS_V7_round04	MANUAL_EMERGENCY_WORK_20260820_FIRST_PASS_V7_round04	ox5000-57fa865cd40bc14f9f2e	refuge	noun	C1	BLOCKED		BLOCKED V7: sense-bound bilingual confirmation did not survive alignment gate; exact Oxford definition='shelter or protection from danger, trouble, etc.'.
MANUAL_EMERGENCY_WORK_20260820_SECOND_PASS_V7_round04	MANUAL_EMERGENCY_WORK_20260820_FIRST_PASS_V7_round04	ox5000-1f874af05695c3e7245e	refugee	noun	B2	BLOCKED		BLOCKED V7: Oxford definition requires person role but source/reverse role is not independently person-like (refugee); exact Oxford definition='a person who has been forced to leave their country or home, because there is a war or for political, religious or social reasons'.
MANUAL_EMERGENCY_WORK_20260820_SECOND_PASS_V7_round04	MANUAL_EMERGENCY_WORK_20260820_FIRST_PASS_V7_round04	ox5000-d7e008335aeb580b9f87	refusal	noun	C1	BLOCKED		BLOCKED V7: V6 candidate-specific Ukrainian lexical evidence missing/ambiguous or lacks exact English lexical mapping; exact Oxford definition='an act of saying or showing that you will not do, give or accept something'.
MANUAL_EMERGENCY_WORK_20260820_SECOND_PASS_V7_round04	MANUAL_EMERGENCY_WORK_20260820_FIRST_PASS_V7_round04	ox5000-dbd50724500be7d1c07d	regain	verb	C1	BLOCKED		BLOCKED V7: candidate is not predominantly Ukrainian; exact Oxford definition='to get back something you no longer have, especially an ability or a quality'.
MANUAL_EMERGENCY_WORK_20260820_SECOND_PASS_V7_round04	MANUAL_EMERGENCY_WORK_20260820_FIRST_PASS_V7_round04	ox5000-483abc4f09223bd18c48	regardless	adverb	C1	BLOCKED		BLOCKED V7: surface MT is candidate generation only; no independent sense-specific bilingual confirmation for this lexical value; exact Oxford definition='paying no attention, even if the situation is bad or there are difficulties'.
MANUAL_EMERGENCY_WORK_20260820_SECOND_PASS_V7_round04	MANUAL_EMERGENCY_WORK_20260820_FIRST_PASS_V7_round04	ox5000-770cb1cb41ee7278607c	regime	noun	C1	BLOCKED		BLOCKED V7: candidate has contradictory definition support despite sense-bound source; exact Oxford definition='a method or system of government, especially one that has not been elected in a fair way'.
MANUAL_EMERGENCY_WORK_20260820_SECOND_PASS_V7_round04	MANUAL_EMERGENCY_WORK_20260820_FIRST_PASS_V7_round04	ox5000-b7ec0bd40a2fc11dfaa3	registration	noun	B2	BLOCKED		BLOCKED V7: Oxford definition requires person role but source/reverse role is not independently person-like (registration); exact Oxford definition='the act of making an official record of something/somebody'.
MANUAL_EMERGENCY_WORK_20260820_SECOND_PASS_V7_round04	MANUAL_EMERGENCY_WORK_20260820_FIRST_PASS_V7_round04	ox5000-5d112ff6a8457bb4ac57	regulate	verb	B2	BLOCKED		BLOCKED V7: surface MT is candidate generation only; no independent sense-specific bilingual confirmation for this lexical value; exact Oxford definition='to control something by means of rules'.
MANUAL_EMERGENCY_WORK_20260820_SECOND_PASS_V7_round04	MANUAL_EMERGENCY_WORK_20260820_FIRST_PASS_V7_round04	ox5000-3f70ec0b50c6082d68cd	regulator	noun	C1	BLOCKED		BLOCKED V7: semantic role mismatch: Oxford definition requires person, reverse candidate looks generic; exact Oxford definition='a person or an organization that officially controls an area of business or industry and makes sure that it is operating fairly'.
MANUAL_EMERGENCY_WORK_20260820_SECOND_PASS_V7_round04	MANUAL_EMERGENCY_WORK_20260820_FIRST_PASS_V7_round04	ox5000-89fc68aa89e0ce017d46	regulatory	adjective	C1	BLOCKED		BLOCKED V7: adjective candidate has no plausible Ukrainian adjective morphology; exact Oxford definition='having the power to control an area of business or industry and make sure that it is operating fairly'.
MANUAL_EMERGENCY_WORK_20260820_SECOND_PASS_V7_round04	MANUAL_EMERGENCY_WORK_20260820_FIRST_PASS_V7_round04	ox5000-ddf683838d0c717cdaa6	rehabilitation	noun	C1	BLOCKED		BLOCKED V7: Oxford definition requires person role but source/reverse role is not independently person-like (rehabilitation); exact Oxford definition='the process of helping somebody to return to a normal, healthy life after they have been in prison or very ill'.
MANUAL_EMERGENCY_WORK_20260820_SECOND_PASS_V7_round04	MANUAL_EMERGENCY_WORK_20260820_FIRST_PASS_V7_round04	ox5000-c75dbfcf2cdc43a6bffd	reign	noun	C1	BLOCKED		BLOCKED V7: V6 candidate-specific Ukrainian lexical evidence missing/ambiguous or lacks exact English lexical mapping; exact Oxford definition='the period during which a king, queen, emperor , etc. rules'.
MANUAL_EMERGENCY_WORK_20260820_SECOND_PASS_V7_round04	MANUAL_EMERGENCY_WORK_20260820_FIRST_PASS_V7_round04	ox5000-7d47951ec14eb266e85b	reign	verb	C1	BLOCKED		BLOCKED V7: sense-specific Wiktionary gloss does not align with exact Oxford definition; gloss_similarity=0.593; lexical_overlap=0; exact Oxford definition='to rule as king, queen, emperor , etc.'.
MANUAL_EMERGENCY_WORK_20260820_SECOND_PASS_V7_round04	MANUAL_EMERGENCY_WORK_20260820_FIRST_PASS_V7_round04	ox5000-cc2967651d71a7068ca8	reinforce	verb	B2	BLOCKED		BLOCKED V7: semantic role mismatch: Oxford definition requires state, reverse candidate looks generic; exact Oxford definition='to make a feeling, an idea, etc. stronger'.
MANUAL_EMERGENCY_WORK_20260820_SECOND_PASS_V7_round04	MANUAL_EMERGENCY_WORK_20260820_FIRST_PASS_V7_round04	ox5000-cb8f971d89616d8fc057	rejection	noun	C1	BLOCKED		BLOCKED V7: semantic role mismatch: Oxford definition requires process, reverse candidate looks generic; exact Oxford definition='the act of refusing to accept or consider something'.
MANUAL_EMERGENCY_WORK_20260820_SECOND_PASS_V7_round04	MANUAL_EMERGENCY_WORK_20260820_FIRST_PASS_V7_round04	ox5000-647655f1ee5e1d3ecef4	relevance	noun	C1	BLOCKED		BLOCKED V7: surface MT is candidate generation only; no independent sense-specific bilingual confirmation for this lexical value; exact Oxford definition='a close connection with the subject you are discussing or the situation you are in'.
MANUAL_EMERGENCY_WORK_20260820_SECOND_PASS_V7_round04	MANUAL_EMERGENCY_WORK_20260820_FIRST_PASS_V7_round04	ox5000-f803ff8677e60cca35f4	reliability	noun	C1	BLOCKED		BLOCKED V7: Oxford definition requires person role but source/reverse role is not independently person-like (reliability); exact Oxford definition='the quality of being able to be trusted to do what somebody wants or needs'.
MANUAL_EMERGENCY_WORK_20260820_SECOND_PASS_V7_round04	MANUAL_EMERGENCY_WORK_20260820_FIRST_PASS_V7_round04	ox5000-302058e7a3d7857fa595	relieve	verb	B2	BLOCKED		BLOCKED V7: surface MT is candidate generation only; no independent sense-specific bilingual confirmation for this lexical value; exact Oxford definition='to remove or reduce an unpleasant feeling or pain'.
MANUAL_EMERGENCY_WORK_20260820_SECOND_PASS_V7_round04	MANUAL_EMERGENCY_WORK_20260820_FIRST_PASS_V7_round04	ox5000-b992f758262a990feb46	relieved	adjective	B2	BLOCKED		BLOCKED V7: adjective candidate has no plausible Ukrainian adjective morphology; exact Oxford definition='feeling happy because something unpleasant has stopped or has not happened; showing this'.
MANUAL_EMERGENCY_WORK_20260820_SECOND_PASS_V7_round04	MANUAL_EMERGENCY_WORK_20260820_FIRST_PASS_V7_round04	ox5000-30e4fdf929282bee2e41	reluctant	adjective	C1	BLOCKED		BLOCKED V7: surface MT is candidate generation only; no independent sense-specific bilingual confirmation for this lexical value; exact Oxford definition='hesitating before doing something because you do not want to do it or because you are not sure that it is the right thing to do'.
MANUAL_EMERGENCY_WORK_20260820_SECOND_PASS_V7_round04	MANUAL_EMERGENCY_WORK_20260820_FIRST_PASS_V7_round04	ox5000-ad3d9b9fbe9bfc9922d4	remainder	noun	C1	BLOCKED		BLOCKED V7: sense-specific Wiktionary gloss does not align with exact Oxford definition; gloss_similarity=0.365; lexical_overlap=0; exact Oxford definition='the people, things or time that remain'.
MANUAL_EMERGENCY_WORK_20260820_SECOND_PASS_V7_round04	MANUAL_EMERGENCY_WORK_20260820_FIRST_PASS_V7_round04	ox5000-eaf9c9c29dc9134fdc06	remains	noun	C1	BLOCKED		BLOCKED V7: surface MT is candidate generation only; no independent sense-specific bilingual confirmation for this lexical value; exact Oxford definition='the parts of something that are left after the other parts have been used, eaten, removed, etc.'.
MANUAL_EMERGENCY_WORK_20260820_SECOND_PASS_V7_round04	MANUAL_EMERGENCY_WORK_20260820_FIRST_PASS_V7_round04	ox5000-c5cf348853a28d5a4697	remarkable	adjective	B2	BLOCKED		BLOCKED V7: surface MT is candidate generation only; no independent sense-specific bilingual confirmation for this lexical value; exact Oxford definition='unusual or surprising in a way that causes people to take notice'.
MANUAL_EMERGENCY_WORK_20260820_SECOND_PASS_V7_round04	MANUAL_EMERGENCY_WORK_20260820_FIRST_PASS_V7_round04	ox5000-7d9c7f501d331eeb13b1	remarkably	adverb	B2	BLOCKED		BLOCKED V7: surface MT is candidate generation only; no independent sense-specific bilingual confirmation for this lexical value; exact Oxford definition='in a way that is unusual or surprising and causes people to take notice'.
MANUAL_EMERGENCY_WORK_20260820_SECOND_PASS_V7_round04	MANUAL_EMERGENCY_WORK_20260820_FIRST_PASS_V7_round04	ox5000-7a422dddafa973b3ef5b	remedy	noun	C1	BLOCKED		BLOCKED V7: surface MT is candidate generation only; no independent sense-specific bilingual confirmation for this lexical value; exact Oxford definition='a way of dealing with or improving an unpleasant or difficult situation'.
MANUAL_EMERGENCY_WORK_20260820_SECOND_PASS_V7_round04	MANUAL_EMERGENCY_WORK_20260820_FIRST_PASS_V7_round04	ox5000-2d10dd4cc44f2dc69524	reminder	noun	C1	BLOCKED		BLOCKED V7: sense-bound bilingual confirmation did not survive alignment gate; exact Oxford definition='something that makes you think about or remember somebody/something, that you have forgotten or would like to forget'.
MANUAL_EMERGENCY_WORK_20260820_SECOND_PASS_V7_round04	MANUAL_EMERGENCY_WORK_20260820_FIRST_PASS_V7_round04	ox5000-b3b931657b2f20d42654	removal	noun	C1	BLOCKED		BLOCKED V7: semantic role mismatch: Oxford definition requires person, reverse candidate looks generic; exact Oxford definition='the act of taking somebody/something away from a particular place'.
MANUAL_EMERGENCY_WORK_20260820_SECOND_PASS_V7_round04	MANUAL_EMERGENCY_WORK_20260820_FIRST_PASS_V7_round04	ox5000-72494ae94d9b371b61d7	render	verb	C1	BLOCKED		BLOCKED V7: semantic role mismatch: Oxford definition requires person, reverse candidate looks generic; exact Oxford definition='to cause somebody/something to be in a particular state or condition'.
MANUAL_EMERGENCY_WORK_20260820_SECOND_PASS_V7_round04	MANUAL_EMERGENCY_WORK_20260820_FIRST_PASS_V7_round04	ox5000-eb3cacd1e12c5acc5328	renew	verb	C1	BLOCKED		BLOCKED V7: sense-bound bilingual confirmation did not survive alignment gate; exact Oxford definition='to begin something again after it stopped or was interrupted'.
MANUAL_EMERGENCY_WORK_20260820_SECOND_PASS_V7_round04	MANUAL_EMERGENCY_WORK_20260820_FIRST_PASS_V7_round04	ox5000-de598a185376641994a0	renowned	adjective	C1	BLOCKED		BLOCKED V7: V6 candidate-specific Ukrainian lexical evidence missing/ambiguous or lacks exact English lexical mapping; exact Oxford definition='famous and respected'.
MANUAL_EMERGENCY_WORK_20260820_SECOND_PASS_V7_round04	MANUAL_EMERGENCY_WORK_20260820_FIRST_PASS_V7_round04	ox5000-c38154f0b0dc7bc68cca	rental	noun	C1	BLOCKED		BLOCKED V7: surface MT is candidate generation only; no independent sense-specific bilingual confirmation for this lexical value; exact Oxford definition='the amount of money that you pay to use something for a particular period of time'.
MANUAL_EMERGENCY_WORK_20260820_SECOND_PASS_V7_round04	MANUAL_EMERGENCY_WORK_20260820_FIRST_PASS_V7_round04	ox5000-51727a0baf0fdc68ff9c	replacement	noun	C1	BLOCKED		BLOCKED V7: semantic role mismatch: Oxford definition requires process, reverse candidate looks generic; exact Oxford definition='the act of replacing one thing with another, especially something that is newer or better'.
MANUAL_EMERGENCY_WORK_20260820_SECOND_PASS_V7_round04	MANUAL_EMERGENCY_WORK_20260820_FIRST_PASS_V7_round04	ox5000-807618fb1ab06afab56f	reportedly	adverb	C1	BLOCKED		BLOCKED V7: V6 pymorphy3 uk has no requested-POS parse for 'кажуть'; exact Oxford definition='according to what some people say'.
MANUAL_EMERGENCY_WORK_20260820_SECOND_PASS_V7_round04	MANUAL_EMERGENCY_WORK_20260820_FIRST_PASS_V7_round04	ox5000-d551fb505cb60befe61d	reporting	noun	B2	BLOCKED		BLOCKED V7: surface MT is candidate generation only; no independent sense-specific bilingual confirmation for this lexical value; exact Oxford definition='the presenting of and writing about news on television and radio, and in newspapers'.
MANUAL_EMERGENCY_WORK_20260820_SECOND_PASS_V7_round04	MANUAL_EMERGENCY_WORK_20260820_FIRST_PASS_V7_round04	ox5000-26aafd547d2b978fab33	representation	noun	C1	BLOCKED		BLOCKED V7: semantic role mismatch: Oxford definition requires person, reverse candidate looks process; exact Oxford definition='the act of presenting somebody/something in a particular way; something that shows or describes something'.
MANUAL_EMERGENCY_WORK_20260820_SECOND_PASS_V7_round04	MANUAL_EMERGENCY_WORK_20260820_FIRST_PASS_V7_round04	ox5000-c3bb081811e8ea86c41e	reproduce	verb	C1	BLOCKED		BLOCKED V7: verb candidate is not an appropriate Ukrainian infinitive/verb phrase; exact Oxford definition='to make a copy of a picture, piece of text, etc.'.
MANUAL_EMERGENCY_WORK_20260820_SECOND_PASS_V7_round04	MANUAL_EMERGENCY_WORK_20260820_FIRST_PASS_V7_round04	ox5000-6cefb270b02e3e99fea6	reproduction	noun	C1	BLOCKED		BLOCKED V7: sense-bound bilingual confirmation did not survive alignment gate; exact Oxford definition='the act or process of producing babies, young animals or plants'.
MANUAL_EMERGENCY_WORK_20260820_SECOND_PASS_V7_round04	MANUAL_EMERGENCY_WORK_20260820_FIRST_PASS_V7_round04	ox5000-471ca43ce42bd1eee79a	republic	noun	C1	BLOCKED		BLOCKED V7: sense-specific Wiktionary gloss does not align with exact Oxford definition; gloss_similarity=0.362; lexical_overlap=0; exact Oxford definition='a country that is governed by a president and politicians elected by the people and where there is no king or queen'.
MANUAL_EMERGENCY_WORK_20260820_SECOND_PASS_V7_round04	MANUAL_EMERGENCY_WORK_20260820_FIRST_PASS_V7_round04	ox5000-e479fa4b3f34648974c8	resemble	verb	C1	BLOCKED		BLOCKED V7: verb candidate is not an appropriate Ukrainian infinitive/verb phrase; exact Oxford definition='to look like or be similar to another person or thing'.
MANUAL_EMERGENCY_WORK_20260820_SECOND_PASS_V7_round04	MANUAL_EMERGENCY_WORK_20260820_FIRST_PASS_V7_round04	ox5000-3e450a4dbd3782654ccb	reside	verb	C1	BLOCKED		BLOCKED V7: sense-specific Wiktionary gloss does not align with exact Oxford definition; gloss_similarity=0.589; lexical_overlap=0; exact Oxford definition='to live in a particular place'.
MANUAL_EMERGENCY_WORK_20260820_SECOND_PASS_V7_round04	MANUAL_EMERGENCY_WORK_20260820_FIRST_PASS_V7_round04	ox5000-dc3467fb5f0849fdcdc4	residence	noun	C1	BLOCKED		BLOCKED V7: sense-bound bilingual confirmation did not survive alignment gate; exact Oxford definition='a house, especially a large or impressive one'.
MANUAL_EMERGENCY_WORK_20260820_SECOND_PASS_V7_round04	MANUAL_EMERGENCY_WORK_20260820_FIRST_PASS_V7_round04	ox5000-512b88682f546a2c0938	residential	adjective	C1	BLOCKED		BLOCKED V7: sense-specific Wiktionary gloss does not align with exact Oxford definition; gloss_similarity=0.608; lexical_overlap=0; exact Oxford definition='suitable for living in; consisting of houses rather than factories or offices'.
MANUAL_EMERGENCY_WORK_20260820_SECOND_PASS_V7_round04	MANUAL_EMERGENCY_WORK_20260820_FIRST_PASS_V7_round04	ox5000-68db8de8e4fc890ab09c	residue	noun	C1	BLOCKED		BLOCKED V7: semantic role mismatch: Oxford definition requires process, reverse candidate looks person; exact Oxford definition='a small amount of something that remains at the end of a process'.
MANUAL_EMERGENCY_WORK_20260820_SECOND_PASS_V7_round04	MANUAL_EMERGENCY_WORK_20260820_FIRST_PASS_V7_round04	ox5000-20a1f65811686513d9f4	resign	verb	B2	BLOCKED		BLOCKED V7: parenthetical/model annotation contamination; exact Oxford definition='to officially tell somebody that you are leaving your job, an organization, etc.'.
MANUAL_EMERGENCY_WORK_20260820_SECOND_PASS_V7_round04	MANUAL_EMERGENCY_WORK_20260820_FIRST_PASS_V7_round04	ox5000-ec47378a07e16683b704	resignation	noun	C1	BLOCKED		BLOCKED V7: semantic role mismatch: Oxford definition requires process, reverse candidate looks generic; exact Oxford definition='the act of giving up your job or position; the occasion when you do this'.
MANUAL_EMERGENCY_WORK_20260820_SECOND_PASS_V7_round04	MANUAL_EMERGENCY_WORK_20260820_FIRST_PASS_V7_round04	ox5000-1ab91c8bb657fca97c46	resistance	noun	C1	BLOCKED		BLOCKED V7: sense-bound bilingual confirmation did not survive alignment gate; exact Oxford definition='dislike of or opposition to a plan, an idea, etc.; the act of refusing to obey'.
MANUAL_EMERGENCY_WORK_20260820_SECOND_PASS_V7_round04	MANUAL_EMERGENCY_WORK_20260820_FIRST_PASS_V7_round04	ox5000-41515350cf5b0dac18c0	resolution	noun	B2	BLOCKED		BLOCKED V7: sense-specific Wiktionary gloss does not align with exact Oxford definition; gloss_similarity=0.438; lexical_overlap=0; exact Oxford definition='a definite decision to do or not to do something'.
MANUAL_EMERGENCY_WORK_20260820_SECOND_PASS_V7_round04	MANUAL_EMERGENCY_WORK_20260820_FIRST_PASS_V7_round04	ox5000-0025be25ef16855099a4	respective	adjective	C1	BLOCKED		BLOCKED V7: candidate has contradictory definition support despite sense-bound source; exact Oxford definition='belonging or relating separately to each of the people or things already mentioned'.
MANUAL_EMERGENCY_WORK_20260820_SECOND_PASS_V7_round04	MANUAL_EMERGENCY_WORK_20260820_FIRST_PASS_V7_round04	ox5000-9728d53a61a5aee10a0f	respectively	adverb	C1	BLOCKED		BLOCKED V7: sense-specific Wiktionary gloss does not align with exact Oxford definition; gloss_similarity=0.555; lexical_overlap=0; exact Oxford definition='in the same order as the people or things already mentioned'.
MANUAL_EMERGENCY_WORK_20260820_SECOND_PASS_V7_round04	MANUAL_EMERGENCY_WORK_20260820_FIRST_PASS_V7_round04	ox5000-50e11205519ecec5b407	restoration	noun	C1	BLOCKED		BLOCKED V7: sense-specific Wiktionary gloss does not align with exact Oxford definition; gloss_similarity=0.250; lexical_overlap=0; exact Oxford definition='the work of repairing and cleaning an old building, a painting, etc. so that its condition is as good as it originally was'.
MANUAL_EMERGENCY_WORK_20260820_SECOND_PASS_V7_round04	MANUAL_EMERGENCY_WORK_20260820_FIRST_PASS_V7_round04	ox5000-5d20149d99ee9637e163	restore	verb	B2	BLOCKED		BLOCKED V7: V6 candidate-specific Ukrainian lexical evidence missing/ambiguous or lacks exact English lexical mapping; exact Oxford definition='to bring back a situation or feeling that existed before'.
MANUAL_EMERGENCY_WORK_20260820_SECOND_PASS_V7_round04	MANUAL_EMERGENCY_WORK_20260820_FIRST_PASS_V7_round04	ox5000-0670fb24df06e519b69b	restraint	noun	C1	BLOCKED		BLOCKED V7: surface MT is candidate generation only; no independent sense-specific bilingual confirmation for this lexical value; exact Oxford definition='a rule, a fact, an idea, etc. that limits or controls what people can do'.
MANUAL_EMERGENCY_WORK_20260820_SECOND_PASS_V7_round04	MANUAL_EMERGENCY_WORK_20260820_FIRST_PASS_V7_round04	ox5000-91db5baf228ad1faa80b	restrict	verb	B2	BLOCKED		BLOCKED V7: verb candidate is not an appropriate Ukrainian infinitive/verb phrase; exact Oxford definition='to limit the size, amount or range of something'.
MANUAL_EMERGENCY_WORK_20260820_SECOND_PASS_V7_round04	MANUAL_EMERGENCY_WORK_20260820_FIRST_PASS_V7_round04	ox5000-dfcb6fb371da1f235512	restriction	noun	B2	BLOCKED		BLOCKED V7: sense-specific Wiktionary gloss does not align with exact Oxford definition; gloss_similarity=0.603; lexical_overlap=0; exact Oxford definition='a rule or law that limits what you can do or what can happen'.
MANUAL_EMERGENCY_WORK_20260820_SECOND_PASS_V7_round04	MANUAL_EMERGENCY_WORK_20260820_FIRST_PASS_V7_round04	ox5000-889a381eef3e62e7724c	resume	verb	C1	BLOCKED		BLOCKED V7: candidate is not predominantly Ukrainian; exact Oxford definition='if you resume an activity, or if it resumes , it begins again or continues after being interrupted'.
MANUAL_EMERGENCY_WORK_20260820_SECOND_PASS_V7_round04	MANUAL_EMERGENCY_WORK_20260820_FIRST_PASS_V7_round04	ox5000-4624f0a076289b652979	retail	noun	B2	BLOCKED		BLOCKED V7: candidate has contradictory definition support despite sense-bound source; exact Oxford definition='the selling of goods to the public, usually through shops'.
MANUAL_EMERGENCY_WORK_20260820_SECOND_PASS_V7_round04	MANUAL_EMERGENCY_WORK_20260820_FIRST_PASS_V7_round04	ox5000-696955c5f883270a9d0c	retirement	noun	B2	BLOCKED		BLOCKED V7: surface MT is candidate generation only; no independent sense-specific bilingual confirmation for this lexical value; exact Oxford definition='the fact of leaving your job and stopping work, usually because you have reached a particular age; the time when you do this'.
MANUAL_EMERGENCY_WORK_20260820_SECOND_PASS_V7_round04	MANUAL_EMERGENCY_WORK_20260820_FIRST_PASS_V7_round04	ox5000-3e9d83fd1c7fb3445500	retreat	noun	C1	BLOCKED		BLOCKED V7: semantic role mismatch: Oxford definition requires place, reverse candidate looks process; exact Oxford definition='a movement away from a place or an enemy because of danger or defeat'.
MANUAL_EMERGENCY_WORK_20260820_SECOND_PASS_V7_round04	MANUAL_EMERGENCY_WORK_20260820_FIRST_PASS_V7_round04	ox5000-8e4c7fdab2a371068a91	retreat	verb	C1	BLOCKED		BLOCKED V7: semantic role mismatch: Oxford definition requires place, reverse candidate looks generic; exact Oxford definition='to move away from a place or an enemy because you are in danger or because you have been defeated'.
MANUAL_EMERGENCY_WORK_20260820_SECOND_PASS_V7_round04	MANUAL_EMERGENCY_WORK_20260820_FIRST_PASS_V7_round04	ox5000-1d1c7f32d3feeeaa1f7b	retrieve	verb	C1	BLOCKED		BLOCKED V7: semantic role mismatch: Oxford definition requires place, reverse candidate looks generic; exact Oxford definition='to bring or get something back, especially from a place where it should not be'.
MANUAL_EMERGENCY_WORK_20260820_SECOND_PASS_V7_round04	MANUAL_EMERGENCY_WORK_20260820_FIRST_PASS_V7_round04	ox5000-e5c257cc77ac4a08ef80	revelation	noun	C1	BLOCKED		BLOCKED V7: sense-specific Wiktionary gloss does not align with exact Oxford definition; gloss_similarity=0.575; lexical_overlap=0; exact Oxford definition='a fact that people are made aware of, especially one that has been secret and is surprising'.
MANUAL_EMERGENCY_WORK_20260820_SECOND_PASS_V7_round04	MANUAL_EMERGENCY_WORK_20260820_FIRST_PASS_V7_round04	ox5000-403a262123ef7179b6c7	revenge	noun	C1	BLOCKED		BLOCKED V7: semantic role mismatch: Oxford definition requires person, reverse candidate looks generic; exact Oxford definition='something that you do in order to make somebody suffer because they have made you suffer'.
MANUAL_EMERGENCY_WORK_20260820_SECOND_PASS_V7_round04	MANUAL_EMERGENCY_WORK_20260820_FIRST_PASS_V7_round04	ox5000-a3bdd3de0b78cccadf30	revenue	noun	B2	BLOCKED		BLOCKED V7: sense-specific Wiktionary gloss does not align with exact Oxford definition; gloss_similarity=0.539; lexical_overlap=0; exact Oxford definition='the money that a government receives from taxes or that an organization, etc. receives from its business'.
MANUAL_EMERGENCY_WORK_20260820_SECOND_PASS_V7_round04	MANUAL_EMERGENCY_WORK_20260820_FIRST_PASS_V7_round04	ox5000-d9e41e62104e2e2c56ee	reverse	adjective	C1	BLOCKED		BLOCKED V7: surface MT is candidate generation only; no independent sense-specific bilingual confirmation for this lexical value; exact Oxford definition='opposite to what has been mentioned'.
MANUAL_EMERGENCY_WORK_20260820_SECOND_PASS_V7_round04	MANUAL_EMERGENCY_WORK_20260820_FIRST_PASS_V7_round04	ox5000-5c13445451c35b3fdf6e	reverse	noun	C1	BLOCKED		BLOCKED V7: V6 pymorphy3 uk has no requested-POS parse for 'Зворотний'; exact Oxford definition='the opposite of what has just been mentioned'.
MANUAL_EMERGENCY_WORK_20260820_SECOND_PASS_V7_round04	MANUAL_EMERGENCY_WORK_20260820_FIRST_PASS_V7_round04	ox5000-09672226d1b64a0b6aa3	reverse	verb	C1	BLOCKED		BLOCKED V7: sense-specific Wiktionary gloss does not align with exact Oxford definition; gloss_similarity=0.407; lexical_overlap=0; exact Oxford definition='to change something completely so that it is the opposite of what it was before'.
MANUAL_EMERGENCY_WORK_20260820_SECOND_PASS_V7_round04	MANUAL_EMERGENCY_WORK_20260820_FIRST_PASS_V7_round04	ox5000-2c5234bac76339e1dcfd	revision	noun	B2	BLOCKED		BLOCKED V7: sense-specific Wiktionary gloss does not align with exact Oxford definition; gloss_similarity=0.574; lexical_overlap=0; exact Oxford definition='a change or set of changes to something'.
MANUAL_EMERGENCY_WORK_20260820_SECOND_PASS_V7_round04	MANUAL_EMERGENCY_WORK_20260820_FIRST_PASS_V7_round04	ox5000-5b2ae027f51366bee7c7	revival	noun	C1	BLOCKED		BLOCKED V7: semantic role mismatch: Oxford definition requires state, reverse candidate looks generic; exact Oxford definition='an improvement in the condition or strength of something'.
MANUAL_EMERGENCY_WORK_20260820_SECOND_PASS_V7_round04	MANUAL_EMERGENCY_WORK_20260820_FIRST_PASS_V7_round04	ox5000-9bd54337e6ebc0e55b60	revive	verb	C1	BLOCKED		BLOCKED V7: verb candidate is not an appropriate Ukrainian infinitive/verb phrase; exact Oxford definition='to become, or to make somebody/something become, conscious or healthy and strong again'.
MANUAL_EMERGENCY_WORK_20260820_SECOND_PASS_V7_round04	MANUAL_EMERGENCY_WORK_20260820_FIRST_PASS_V7_round04	ox5000-aaf930aa90cdde500437	revolutionary	adjective	C1	BLOCKED		BLOCKED V7: V6 candidate-specific Ukrainian lexical evidence missing/ambiguous or lacks exact English lexical mapping; exact Oxford definition='connected with political revolution'.
MANUAL_EMERGENCY_WORK_20260820_SECOND_PASS_V7_round04	MANUAL_EMERGENCY_WORK_20260820_FIRST_PASS_V7_round04	ox5000-254ebaaf358609011d07	rhetoric	noun	C1	BLOCKED		BLOCKED V7: sense-specific Wiktionary gloss does not align with exact Oxford definition; gloss_similarity=0.514; lexical_overlap=0; exact Oxford definition='speech or writing that is intended to influence people, but that is not completely honest or sincere'.
MANUAL_EMERGENCY_WORK_20260820_SECOND_PASS_V7_round04	MANUAL_EMERGENCY_WORK_20260820_FIRST_PASS_V7_round04	ox5000-973224264c14dee0ed22	ridiculous	adjective	B2	BLOCKED		BLOCKED V7: sense-bound bilingual confirmation did not survive alignment gate; exact Oxford definition='very silly or unreasonable'.
MANUAL_EMERGENCY_WORK_20260820_SECOND_PASS_V7_round04	MANUAL_EMERGENCY_WORK_20260820_FIRST_PASS_V7_round04	ox5000-40b2c9b77830c900da18	rifle	noun	C1	BLOCKED		BLOCKED V7: surface MT is candidate generation only; no independent sense-specific bilingual confirmation for this lexical value; exact Oxford definition='a gun with a long barrel which you hold to your shoulder to fire'.
MANUAL_EMERGENCY_WORK_20260820_SECOND_PASS_V7_round04	MANUAL_EMERGENCY_WORK_20260820_FIRST_PASS_V7_round04	ox5000-43dead8e818487401b8c	riot	noun	C1	BLOCKED		BLOCKED V7: sense-bound bilingual confirmation did not survive alignment gate; exact Oxford definition='a situation in which a group of people behave in a violent way in a public place, often as a protest'.
MANUAL_EMERGENCY_WORK_20260820_SECOND_PASS_V7_round04	MANUAL_EMERGENCY_WORK_20260820_FIRST_PASS_V7_round04	ox5000-cea8cee4e720619285f1	rip	verb	C1	BLOCKED		BLOCKED V7: verb candidate is not an appropriate Ukrainian infinitive/verb phrase; exact Oxford definition='to tear something or to become torn, often suddenly or violently'.
MANUAL_EMERGENCY_WORK_20260820_SECOND_PASS_V7_round04	MANUAL_EMERGENCY_WORK_20260820_FIRST_PASS_V7_round04	ox5000-0a7089aeca671246d9d4	risky	adjective	B2	BLOCKED		BLOCKED V7: adjective candidate has no plausible Ukrainian adjective morphology; exact Oxford definition='involving the possibility of something bad happening'.
MANUAL_EMERGENCY_WORK_20260820_SECOND_PASS_V7_round04	MANUAL_EMERGENCY_WORK_20260820_FIRST_PASS_V7_round04	ox5000-623d5a0eb34670f915a1	ritual	noun	C1	BLOCKED		BLOCKED V7: sense-bound bilingual confirmation did not survive alignment gate; exact Oxford definition='a series of actions that are always performed in the same way, especially as part of a religious ceremony'.
MANUAL_EMERGENCY_WORK_20260820_SECOND_PASS_V7_round04	MANUAL_EMERGENCY_WORK_20260820_FIRST_PASS_V7_round04	ox5000-0c88c4e63156b3a83e3b	rival	adjective	B2	BLOCKED		BLOCKED V7: adjective candidate has no plausible Ukrainian adjective morphology; exact Oxford definition='competing with another person, company, thing, etc.'.
MANUAL_EMERGENCY_WORK_20260820_SECOND_PASS_V7_round04	MANUAL_EMERGENCY_WORK_20260820_FIRST_PASS_V7_round04	ox5000-dac23ee9598106867c47	rival	noun	B2	BLOCKED		BLOCKED V7: semantic role mismatch: Oxford definition requires person, reverse candidate looks generic; exact Oxford definition='a person, company or thing that competes with another in sport, business, etc.'.
MANUAL_EMERGENCY_WORK_20260820_SECOND_PASS_V7_round04	MANUAL_EMERGENCY_WORK_20260820_FIRST_PASS_V7_round04	ox5000-500fd17c9e36773f7ba3	rob	verb	B2	BLOCKED		BLOCKED V7: candidate is not predominantly Ukrainian; exact Oxford definition='to steal money or property from a person or place'.
MANUAL_EMERGENCY_WORK_20260820_SECOND_PASS_V7_round04	MANUAL_EMERGENCY_WORK_20260820_FIRST_PASS_V7_round04	ox5000-c9990220c195a3899e7d	robbery	noun	B2	BLOCKED		BLOCKED V7: sense-specific Wiktionary gloss does not align with exact Oxford definition; gloss_similarity=0.601; lexical_overlap=0; exact Oxford definition='the crime of stealing money or goods from a bank, shop, person, etc., especially using violence or threats'.
MANUAL_EMERGENCY_WORK_20260820_SECOND_PASS_V7_round04	MANUAL_EMERGENCY_WORK_20260820_FIRST_PASS_V7_round04	ox5000-f11435c18693f1833847	robust	adjective	C1	BLOCKED		BLOCKED V7: surface MT is candidate generation only; no independent sense-specific bilingual confirmation for this lexical value; exact Oxford definition='strong and healthy'.
MANUAL_EMERGENCY_WORK_20260820_SECOND_PASS_V7_round04	MANUAL_EMERGENCY_WORK_20260820_FIRST_PASS_V7_round04	ox5000-d4fc02188ccee21bdd73	rock	verb	C1	BLOCKED		BLOCKED V7: verb candidate is not an appropriate Ukrainian infinitive/verb phrase; exact Oxford definition='to move gently backwards and forwards or from side to side; to make somebody/something move in this way'.
MANUAL_EMERGENCY_WORK_20260820_SECOND_PASS_V7_round04	MANUAL_EMERGENCY_WORK_20260820_FIRST_PASS_V7_round04	ox5000-b7960accb9da1a3abf6f	rocket	noun	B2	BLOCKED		BLOCKED V7: sense-specific Wiktionary gloss does not align with exact Oxford definition; gloss_similarity=0.603; lexical_overlap=0; exact Oxford definition='a spacecraft in the shape of a tube that is driven by a stream of gases let out behind it when fuel is burned inside'.
MANUAL_EMERGENCY_WORK_20260820_SECOND_PASS_V7_round04	MANUAL_EMERGENCY_WORK_20260820_FIRST_PASS_V7_round04	ox5000-385bd6859d1f5cd67083	rod	noun	C1	BLOCKED		BLOCKED V7: sense-specific Wiktionary gloss does not align with exact Oxford definition; gloss_similarity=0.308; lexical_overlap=0; exact Oxford definition='a long straight piece of wood, metal or glass'.
MANUAL_EMERGENCY_WORK_20260820_SECOND_PASS_V7_round04	MANUAL_EMERGENCY_WORK_20260820_FIRST_PASS_V7_round04	ox5000-c23aaa4d8bcbe8a32faf	romance	noun	B2	BLOCKED		BLOCKED V7: semantic role mismatch: Oxford definition requires person, reverse candidate looks generic; exact Oxford definition='an exciting, usually short, relationship between two people who are in love with each other'.
MANUAL_EMERGENCY_WORK_20260820_SECOND_PASS_V7_round04	MANUAL_EMERGENCY_WORK_20260820_FIRST_PASS_V7_round04	ox5000-1208715b598e0fba7b74	rose	noun	B2	BLOCKED		BLOCKED V7: sense-bound bilingual confirmation did not survive alignment gate; exact Oxford definition='a flower with a sweet smell that grows on a bush with thorns (= sharp points) on its stems'.
MANUAL_EMERGENCY_WORK_20260820_SECOND_PASS_V7_round04	MANUAL_EMERGENCY_WORK_20260820_FIRST_PASS_V7_round04	ox5000-abc7d4c542db8e757daf	rotate	verb	C1	BLOCKED		BLOCKED V7: surface MT is candidate generation only; no independent sense-specific bilingual confirmation for this lexical value; exact Oxford definition='to move or turn around a central fixed point; to make something do this'.
MANUAL_EMERGENCY_WORK_20260820_SECOND_PASS_V7_round04	MANUAL_EMERGENCY_WORK_20260820_FIRST_PASS_V7_round04	ox5000-2b30e3f36e7293f6ded9	rotation	noun	C1	BLOCKED		BLOCKED V7: V6 candidate-specific Ukrainian lexical evidence missing/ambiguous or lacks exact English lexical mapping; exact Oxford definition='the action of an object moving in a circle around a central fixed point'.
MANUAL_EMERGENCY_WORK_20260820_SECOND_PASS_V7_round04	MANUAL_EMERGENCY_WORK_20260820_FIRST_PASS_V7_round04	ox5000-2843cad9aa08f31a5848	roughly	adverb	B2	BLOCKED		BLOCKED V7: surface MT is candidate generation only; no independent sense-specific bilingual confirmation for this lexical value; exact Oxford definition='approximately but not exactly'.
MANUAL_EMERGENCY_WORK_20260820_SECOND_PASS_V7_round04	MANUAL_EMERGENCY_WORK_20260820_FIRST_PASS_V7_round04	ox5000-c6d01d673c9b956fb8b7	ruin	noun	B2	BLOCKED		BLOCKED V7: sense-bound bilingual confirmation did not survive alignment gate; exact Oxford definition='the state or process of being destroyed or severely damaged'.
MANUAL_EMERGENCY_WORK_20260820_SECOND_PASS_V7_round04	MANUAL_EMERGENCY_WORK_20260820_FIRST_PASS_V7_round04	ox5000-5df5cb77ae1681072483	ruin	verb	B2	BLOCKED		BLOCKED V7: sense-bound bilingual confirmation did not survive alignment gate; exact Oxford definition='to damage something so badly that it loses all its value, pleasure, etc.'.
MANUAL_EMERGENCY_WORK_20260820_SECOND_PASS_V7_round04	MANUAL_EMERGENCY_WORK_20260820_FIRST_PASS_V7_round04	ox5000-864bba3e87bfdad57702	ruling	noun	C1	BLOCKED		BLOCKED V7: candidate is not predominantly Ukrainian; exact Oxford definition='an official decision made by somebody in a position of authority, especially a judge'.
MANUAL_EMERGENCY_WORK_20260820_SECOND_PASS_V7_round04	MANUAL_EMERGENCY_WORK_20260820_FIRST_PASS_V7_round04	ox5000-4236cda79c17e2e2fd1c	rumour	noun	C1	BLOCKED		BLOCKED V7: semantic role mismatch: Oxford definition requires object, reverse candidate looks process; exact Oxford definition='a piece of information, or a story, that people talk about, but that may not be true'.
MANUAL_EMERGENCY_WORK_20260820_SECOND_PASS_V7_round04	MANUAL_EMERGENCY_WORK_20260820_FIRST_PASS_V7_round04	ox5000-8d27293d75e4127e70d3	sack	verb	C1	BLOCKED		BLOCKED V7: verb candidate is not an appropriate Ukrainian infinitive/verb phrase; exact Oxford definition='to dismiss somebody from a job'.
MANUAL_EMERGENCY_WORK_20260820_SECOND_PASS_V7_round04	MANUAL_EMERGENCY_WORK_20260820_FIRST_PASS_V7_round04	ox5000-4aa0b479680b11e1787d	sacred	adjective	C1	BLOCKED		BLOCKED V7: V6 candidate-specific Ukrainian lexical evidence missing/ambiguous or lacks exact English lexical mapping; exact Oxford definition='connected with God or a god; considered to be holy'.
MANUAL_EMERGENCY_WORK_20260820_SECOND_PASS_V7_round04	MANUAL_EMERGENCY_WORK_20260820_FIRST_PASS_V7_round04	ox5000-db446976af899b0bf839	sacrifice	noun	C1	BLOCKED		BLOCKED V7: sense-specific Wiktionary gloss does not align with exact Oxford definition; gloss_similarity=0.419; lexical_overlap=0; exact Oxford definition='the fact of giving up something important or valuable to you in order to get or do something that seems more important; something that you give up in this way'.
MANUAL_EMERGENCY_WORK_20260820_SECOND_PASS_V7_round04	MANUAL_EMERGENCY_WORK_20260820_FIRST_PASS_V7_round04	ox5000-bb788d95f9d070364e6e	sacrifice	verb	C1	BLOCKED		BLOCKED V7: sense-specific Wiktionary gloss does not align with exact Oxford definition; gloss_similarity=0.385; lexical_overlap=0; exact Oxford definition='to give up something that is important or valuable to you in order to get or do something that seems more important for yourself or for another person'.
MANUAL_EMERGENCY_WORK_20260820_SECOND_PASS_V7_round04	MANUAL_EMERGENCY_WORK_20260820_FIRST_PASS_V7_round04	ox5000-d497fd9a71970e5fe295	saint	noun	C1	BLOCKED		BLOCKED V7: semantic role mismatch: Oxford definition requires person, reverse candidate looks generic; exact Oxford definition='a person that the Christian Church recognizes as being very holy, because of the way they have lived or died'.
MANUAL_EMERGENCY_WORK_20260820_SECOND_PASS_V7_round04	MANUAL_EMERGENCY_WORK_20260820_FIRST_PASS_V7_round04	ox5000-0417d4afb8b747832299	sake	noun	C1	BLOCKED		BLOCKED V7: sense-specific Wiktionary gloss does not align with exact Oxford definition; gloss_similarity=0.180; lexical_overlap=0; exact Oxford definition='used to emphasize that it is important to do something or when you are annoyed about something'.
MANUAL_EMERGENCY_WORK_20260820_SECOND_PASS_V7_round04	MANUAL_EMERGENCY_WORK_20260820_FIRST_PASS_V7_round04	ox5000-6ae77755b68bdc591694	sanction	noun	C1	BLOCKED		BLOCKED V7: sense-specific Wiktionary gloss does not align with exact Oxford definition; gloss_similarity=0.440; lexical_overlap=0; exact Oxford definition='an official order that limits trade, contact, etc. with a particular country, in order to make it do something, such as obeying international law'.
MANUAL_EMERGENCY_WORK_20260820_SECOND_PASS_V7_round04	MANUAL_EMERGENCY_WORK_20260820_FIRST_PASS_V7_round04	ox5000-eae0572fec04502130f5	satisfaction	noun	B2	BLOCKED		BLOCKED V7: sense-specific Wiktionary gloss does not align with exact Oxford definition; gloss_similarity=0.560; lexical_overlap=0; exact Oxford definition='the good feeling that you have when you have achieved something or when something that you wanted to happen does happen; something that gives you this feeling'.
MANUAL_EMERGENCY_WORK_20260820_SECOND_PASS_V7_round04	MANUAL_EMERGENCY_WORK_20260820_FIRST_PASS_V7_round04	ox5000-2d0378e6f60450a4e78c	say	noun	C1	BLOCKED		BLOCKED V7: noun candidate is an infinitive/verb form; exact Oxford definition='the right to influence something by giving your opinion before a decision is made'.
MANUAL_EMERGENCY_WORK_20260820_SECOND_PASS_V7_round04	MANUAL_EMERGENCY_WORK_20260820_FIRST_PASS_V7_round04	ox5000-1b53fef53eb21569d70c	scandal	noun	B2	BLOCKED		BLOCKED V7: sense-bound bilingual confirmation did not survive alignment gate; exact Oxford definition='behaviour or an event that people think is morally or legally wrong and causes public feelings of shock or anger'.
MANUAL_EMERGENCY_WORK_20260820_SECOND_PASS_V7_round04	MANUAL_EMERGENCY_WORK_20260820_FIRST_PASS_V7_round04	ox5000-ee7afd5b64a301aee7d6	scare	noun	B2	BLOCKED		BLOCKED V7: surface MT is candidate generation only; no independent sense-specific bilingual confirmation for this lexical value; exact Oxford definition='a situation in which a lot of people are anxious or frightened about something'.
MANUAL_EMERGENCY_WORK_20260820_SECOND_PASS_V7_round04	MANUAL_EMERGENCY_WORK_20260820_FIRST_PASS_V7_round04	ox5000-4380114ee2ca12fbcf96	scare	verb	B2	BLOCKED		BLOCKED V7: Oxford definition requires person role but source/reverse role is not independently person-like (scare); exact Oxford definition='to frighten somebody'.
MANUAL_EMERGENCY_WORK_20260820_SECOND_PASS_V7_round04	MANUAL_EMERGENCY_WORK_20260820_FIRST_PASS_V7_round04	ox5000-f89d240b3237a67d25cb	scattered	adjective	C1	BLOCKED		BLOCKED V7: sense-specific Wiktionary gloss does not align with exact Oxford definition; gloss_similarity=0.260; lexical_overlap=0; exact Oxford definition='spread far apart over a wide area or over a long period of time'.
MANUAL_EMERGENCY_WORK_20260820_SECOND_PASS_V7_round04	MANUAL_EMERGENCY_WORK_20260820_FIRST_PASS_V7_round04	ox5000-ec9d25a572db338403d1	scenario	noun	B2	BLOCKED		BLOCKED V7: sense-specific Wiktionary gloss does not align with exact Oxford definition; gloss_similarity=0.323; lexical_overlap=0; exact Oxford definition='a description of how things might happen in the future'.
MANUAL_EMERGENCY_WORK_20260820_SECOND_PASS_V7_round04	MANUAL_EMERGENCY_WORK_20260820_FIRST_PASS_V7_round04	ox5000-5fdb661427fb2416a77b	sceptical	adjective	C1	BLOCKED		BLOCKED V7: candidate is not predominantly Ukrainian; exact Oxford definition='having doubts that a claim or statement is true or that something will happen'.
MANUAL_EMERGENCY_WORK_20260820_SECOND_PASS_V7_round04	MANUAL_EMERGENCY_WORK_20260820_FIRST_PASS_V7_round04	ox5000-8b3b2396f2c6ac0ac855	scholar	noun	B2	BLOCKED		BLOCKED V7: Oxford definition requires person role but source/reverse role is not independently person-like (scholar); exact Oxford definition='a person who knows a lot about a particular subject because they have studied it in detail'.
MANUAL_EMERGENCY_WORK_20260820_SECOND_PASS_V7_round04	MANUAL_EMERGENCY_WORK_20260820_FIRST_PASS_V7_round04	ox5000-410a4d8064f346b81160	scholarship	noun	B2	BLOCKED		BLOCKED V7: Oxford definition requires person role but source/reverse role is not independently person-like (scholarship); exact Oxford definition='an amount of money given to somebody by an organization to help pay for their education'.
MANUAL_EMERGENCY_WORK_20260820_SECOND_PASS_V7_round04	MANUAL_EMERGENCY_WORK_20260820_FIRST_PASS_V7_round04	ox5000-a3e2bf2714271c9afd7d	scope	noun	C1	BLOCKED		BLOCKED V7: surface MT is candidate generation only; no independent sense-specific bilingual confirmation for this lexical value; exact Oxford definition='the opportunity or ability to do or achieve something'.
MANUAL_EMERGENCY_WORK_20260820_SECOND_PASS_V7_round04	MANUAL_EMERGENCY_WORK_20260820_FIRST_PASS_V7_round04	ox5000-f8891ee0328da0b3b79a	scratch	noun	B2	BLOCKED		BLOCKED V7: Oxford definition requires person role but source/reverse role is not independently person-like (scratch); exact Oxford definition='a mark, a cut or an injury made by scratching somebody’s skin or the surface of something'.
MANUAL_EMERGENCY_WORK_20260820_SECOND_PASS_V7_round04	MANUAL_EMERGENCY_WORK_20260820_FIRST_PASS_V7_round04	ox5000-f2e0ce9a5923766253d1	scratch	verb	B2	BLOCKED		BLOCKED V7: candidate has contradictory definition support despite sense-bound source; exact Oxford definition='to rub your skin with your nails, usually because it is itching'.
MANUAL_EMERGENCY_WORK_20260820_SECOND_PASS_V7_round04	MANUAL_EMERGENCY_WORK_20260820_FIRST_PASS_V7_round04	ox5000-5f1633f73def75e46766	screening	noun	B2	BLOCKED		BLOCKED V7: surface MT is candidate generation only; no independent sense-specific bilingual confirmation for this lexical value; exact Oxford definition='the act of showing a film or television programme'.
MANUAL_EMERGENCY_WORK_20260820_SECOND_PASS_V7_round04	MANUAL_EMERGENCY_WORK_20260820_FIRST_PASS_V7_round04	ox5000-0f5815bb4f9655175d9a	screw	noun	C1	BLOCKED		BLOCKED V7: sense-specific Wiktionary gloss does not align with exact Oxford definition; gloss_similarity=0.270; lexical_overlap=0; exact Oxford definition='a thin pointed piece of metal like a nail with a raised spiral line (called a thread ) along it and a line or cross cut into its head. Screws are turned and pressed into wood, metal, etc. with a screwdriver in order to fasten two things together.'.
MANUAL_EMERGENCY_WORK_20260820_SECOND_PASS_V7_round04	MANUAL_EMERGENCY_WORK_20260820_FIRST_PASS_V7_round04	ox5000-31812c64a559ba0e6be3	screw	verb	C1	BLOCKED		BLOCKED V7: candidate is not predominantly Ukrainian; exact Oxford definition='to fasten one thing to another or make something tight with a screw or screws'.
MANUAL_EMERGENCY_WORK_20260820_SECOND_PASS_V7_round04	MANUAL_EMERGENCY_WORK_20260820_FIRST_PASS_V7_round04	ox5000-e4ee69dd73a8bb73a78a	scrutiny	noun	C1	BLOCKED		BLOCKED V7: surface MT is candidate generation only; no independent sense-specific bilingual confirmation for this lexical value; exact Oxford definition='careful and complete examination'.
MANUAL_EMERGENCY_WORK_20260820_SECOND_PASS_V7_round04	MANUAL_EMERGENCY_WORK_20260820_FIRST_PASS_V7_round04	ox5000-6716c67c225124fb95ac	seal	noun	C1	BLOCKED		BLOCKED V7: sense-specific Wiktionary gloss does not align with exact Oxford definition; gloss_similarity=0.108; lexical_overlap=0; exact Oxford definition='an official design or mark, stamped on a document to show that it is real and carries the authority of a particular person or organization'.
MANUAL_EMERGENCY_WORK_20260820_SECOND_PASS_V7_round04	MANUAL_EMERGENCY_WORK_20260820_FIRST_PASS_V7_round04	ox5000-db3ceafda1454861cd55	seal	verb	C1	BLOCKED		BLOCKED V7: verb candidate is not an appropriate Ukrainian infinitive/verb phrase; exact Oxford definition='to close an envelope , etc. by sticking the edges of the opening together'.
MANUAL_EMERGENCY_WORK_20260820_SECOND_PASS_V7_round04	MANUAL_EMERGENCY_WORK_20260820_FIRST_PASS_V7_round04	ox5000-c01c6baa129f1167a903	secular	adjective	C1	BLOCKED		BLOCKED V7: candidate has contradictory definition support despite sense-bound source; exact Oxford definition='not connected with spiritual or religious matters'.
MANUAL_EMERGENCY_WORK_20260820_SECOND_PASS_V7_round04	MANUAL_EMERGENCY_WORK_20260820_FIRST_PASS_V7_round04	ox5000-f135a53ed4965a23fbbc	seeker	noun	B2	BLOCKED		BLOCKED V7: V6 pymorphy3 uk has no requested-POS parse for 'Шукаю'; exact Oxford definition='a person who is trying to find or get the thing mentioned'.
MANUAL_EMERGENCY_WORK_20260820_SECOND_PASS_V7_round04	MANUAL_EMERGENCY_WORK_20260820_FIRST_PASS_V7_round04	ox5000-477a1ec3087bffb2fc14	seemingly	adverb	C1	BLOCKED		BLOCKED V7: V6 pymorphy3 uk has no requested-POS parse for 'Здається'; exact Oxford definition='in a way that appears to be true but may in fact not be'.
MANUAL_EMERGENCY_WORK_20260820_SECOND_PASS_V7_round04	MANUAL_EMERGENCY_WORK_20260820_FIRST_PASS_V7_round04	ox5000-8e7233a18eabccdd3370	segment	noun	C1	BLOCKED		BLOCKED V7: sense-specific Wiktionary gloss does not align with exact Oxford definition; gloss_similarity=0.362; lexical_overlap=0; exact Oxford definition='a part of something that is separate from the other parts or can be considered separately'.
MANUAL_EMERGENCY_WORK_20260820_SECOND_PASS_V7_round04	MANUAL_EMERGENCY_WORK_20260820_FIRST_PASS_V7_round04	ox5000-75eee68ef68baad02a6c	seize	verb	C1	BLOCKED		BLOCKED V7: semantic role mismatch: Oxford definition requires person, reverse candidate looks generic; exact Oxford definition='to take somebody/something in your hand suddenly and using force'.
MANUAL_EMERGENCY_WORK_20260820_SECOND_PASS_V7_round04	MANUAL_EMERGENCY_WORK_20260820_FIRST_PASS_V7_round04	ox5000-1731efc4f3191f6cc39e	seldom	adverb	C1	BLOCKED		BLOCKED V7: surface MT is candidate generation only; no independent sense-specific bilingual confirmation for this lexical value; exact Oxford definition='not often'.
MANUAL_EMERGENCY_WORK_20260820_SECOND_PASS_V7_round04	MANUAL_EMERGENCY_WORK_20260820_FIRST_PASS_V7_round04	ox5000-c358f1aaee6dd2091d18	selective	adjective	C1	BLOCKED		BLOCKED V7: surface MT is candidate generation only; no independent sense-specific bilingual confirmation for this lexical value; exact Oxford definition='affecting or involving only a small number of people or things from a larger group'.
MANUAL_EMERGENCY_WORK_20260820_SECOND_PASS_V7_round04	MANUAL_EMERGENCY_WORK_20260820_FIRST_PASS_V7_round04	ox5000-4c5a68658e17364aec5c	seminar	noun	B2	BLOCKED		BLOCKED V7: sense-specific Wiktionary gloss does not align with exact Oxford definition; gloss_similarity=0.513; lexical_overlap=0; exact Oxford definition='a class at a university or college when a small group of students and a teacher discuss or study a particular topic'.
MANUAL_EMERGENCY_WORK_20260820_SECOND_PASS_V7_round04	MANUAL_EMERGENCY_WORK_20260820_FIRST_PASS_V7_round04	ox5000-812cde90deabfbe68d6a	senator	noun	C1	BLOCKED		BLOCKED V7: V6 candidate-specific Ukrainian lexical evidence missing/ambiguous or lacks exact English lexical mapping; exact Oxford definition='a member of a senate'.
MANUAL_EMERGENCY_WORK_20260820_SECOND_PASS_V7_round04	MANUAL_EMERGENCY_WORK_20260820_FIRST_PASS_V7_round04	ox5000-92197d1d4bc1b8336e03	sensation	noun	C1	BLOCKED		BLOCKED V7: semantic role mismatch: Oxford definition requires state, reverse candidate looks process; exact Oxford definition='a feeling that you get when something affects your body'.
MANUAL_EMERGENCY_WORK_20260820_SECOND_PASS_V7_round04	MANUAL_EMERGENCY_WORK_20260820_FIRST_PASS_V7_round04	ox5000-a2d2a0cadcd41338c011	sensitivity	noun	C1	BLOCKED		BLOCKED V7: sense-specific Wiktionary gloss does not align with exact Oxford definition; gloss_similarity=0.511; lexical_overlap=0; exact Oxford definition='the ability to understand other people’s feelings'.
MANUAL_EMERGENCY_WORK_20260820_SECOND_PASS_V7_round04	MANUAL_EMERGENCY_WORK_20260820_FIRST_PASS_V7_round04	ox5000-a65a55e1b5d084563b73	sentiment	noun	C1	BLOCKED		BLOCKED V7: semantic role mismatch: Oxford definition requires state, reverse candidate looks generic; exact Oxford definition='a feeling or an opinion, especially one based on emotions'.
MANUAL_EMERGENCY_WORK_20260820_SECOND_PASS_V7_round04	MANUAL_EMERGENCY_WORK_20260820_FIRST_PASS_V7_round04	ox5000-7f715330b02df62ded5a	separation	noun	C1	BLOCKED		BLOCKED V7: V6 candidate-specific Ukrainian lexical evidence missing/ambiguous or lacks exact English lexical mapping; exact Oxford definition='the act of separating people or things; the state of being separate'.
MANUAL_EMERGENCY_WORK_20260820_SECOND_PASS_V7_round04	MANUAL_EMERGENCY_WORK_20260820_FIRST_PASS_V7_round04	ox5000-346897b419b5e99d5b6d	serial	adjective	C1	BLOCKED		BLOCKED V7: surface MT is candidate generation only; no independent sense-specific bilingual confirmation for this lexical value; exact Oxford definition='doing the same thing in the same way several times; done in the same way several times'.
MANUAL_EMERGENCY_WORK_20260820_SECOND_PASS_V7_round04	MANUAL_EMERGENCY_WORK_20260820_FIRST_PASS_V7_round04	ox5000-ec0ef04aa89a267d0603	set-up	noun	C1	BLOCKED		BLOCKED V7: candidate is not predominantly Ukrainian; exact Oxford definition='a way of organizing something; a system'.
MANUAL_EMERGENCY_WORK_20260820_SECOND_PASS_V7_round04	MANUAL_EMERGENCY_WORK_20260820_FIRST_PASS_V7_round04	ox5000-38120b4981e352fc7d63	settlement	noun	C1	BLOCKED		BLOCKED V7: sense-bound bilingual confirmation did not survive alignment gate; exact Oxford definition='an official agreement that ends an argument between two people or groups'.
MANUAL_EMERGENCY_WORK_20260820_SECOND_PASS_V7_round04	MANUAL_EMERGENCY_WORK_20260820_FIRST_PASS_V7_round04	ox5000-dcf65fb66f09637a6013	settler	noun	B2	BLOCKED		BLOCKED V7: semantic role mismatch: Oxford definition requires person, reverse candidate looks generic; exact Oxford definition='a person who goes to live in a new country or region'.
MANUAL_EMERGENCY_WORK_20260820_SECOND_PASS_V7_round04	MANUAL_EMERGENCY_WORK_20260820_FIRST_PASS_V7_round04	ox5000-9ceb6f48ee4ce0fbc1a9	severely	adverb	B2	BLOCKED		BLOCKED V7: surface MT is candidate generation only; no independent sense-specific bilingual confirmation for this lexical value; exact Oxford definition='very badly or seriously'.
MANUAL_EMERGENCY_WORK_20260820_SECOND_PASS_V7_round04	MANUAL_EMERGENCY_WORK_20260820_FIRST_PASS_V7_round04	ox5000-db08192bd577be065a58	sexuality	noun	C1	BLOCKED		BLOCKED V7: Oxford definition requires person role but source/reverse role is not independently person-like (sexuality); exact Oxford definition='the feelings and activities connected with a person’s sexual desires'.
MANUAL_EMERGENCY_WORK_20260820_SECOND_PASS_V7_round04	MANUAL_EMERGENCY_WORK_20260820_FIRST_PASS_V7_round04	ox5000-d673e76e39b7545cd641	sexy	adjective	B2	BLOCKED		BLOCKED V7: sense-bound bilingual confirmation did not survive alignment gate; exact Oxford definition='sexually attractive'.
MANUAL_EMERGENCY_WORK_20260820_SECOND_PASS_V7_round04	MANUAL_EMERGENCY_WORK_20260820_FIRST_PASS_V7_round04	ox5000-0a860de45afe655f17cd	shaped	adjective	B2	BLOCKED		BLOCKED V7: V6 pymorphy3 uk has no requested-POS parse for 'форма'; exact Oxford definition='having the type of shape mentioned'.
MANUAL_EMERGENCY_WORK_20260820_SECOND_PASS_V7_round04	MANUAL_EMERGENCY_WORK_20260820_FIRST_PASS_V7_round04	ox5000-964d8fd1fcb5f146fdc6	shatter	verb	C1	BLOCKED		BLOCKED V7: V6 candidate-specific Ukrainian lexical evidence missing/ambiguous or lacks exact English lexical mapping; exact Oxford definition='to suddenly break into small pieces; to make something suddenly break into small pieces'.
MANUAL_EMERGENCY_WORK_20260820_SECOND_PASS_V7_round04	MANUAL_EMERGENCY_WORK_20260820_FIRST_PASS_V7_round04	ox5000-a8750364b0bf00f55b71	shed	verb	C1	BLOCKED		BLOCKED V7: verb candidate is not an appropriate Ukrainian infinitive/verb phrase; exact Oxford definition='to get rid of something that is no longer wanted'.
MANUAL_EMERGENCY_WORK_20260820_SECOND_PASS_V7_round04	MANUAL_EMERGENCY_WORK_20260820_FIRST_PASS_V7_round04	ox5000-00f794702182a285364c	sheer	adjective	C1	BLOCKED		BLOCKED V7: sense-bound bilingual confirmation did not survive alignment gate; exact Oxford definition='used to emphasize the size, degree or amount of something'.
MANUAL_EMERGENCY_WORK_20260820_SECOND_PASS_V7_round04	MANUAL_EMERGENCY_WORK_20260820_FIRST_PASS_V7_round04	ox5000-c182c4aaf92aa43b7d78	shipping	noun	C1	BLOCKED		BLOCKED V7: surface MT is candidate generation only; no independent sense-specific bilingual confirmation for this lexical value; exact Oxford definition='ships in general or considered as a group'.
MANUAL_EMERGENCY_WORK_20260820_SECOND_PASS_V7_round04	MANUAL_EMERGENCY_WORK_20260820_FIRST_PASS_V7_round04	ox5000-7190c72389b69360fcb4	shocking	adjective	B2	BLOCKED		BLOCKED V7: sense-specific Wiktionary gloss does not align with exact Oxford definition; gloss_similarity=0.293; lexical_overlap=0; exact Oxford definition='that offends or upsets people; that is morally wrong'.
MANUAL_EMERGENCY_WORK_20260820_SECOND_PASS_V7_round04	MANUAL_EMERGENCY_WORK_20260820_FIRST_PASS_V7_round04	ox5000-f14cfdecffdef8e98007	shoot	noun	C1	BLOCKED		BLOCKED V7: candidate is not predominantly Ukrainian; exact Oxford definition='the part that grows up from the ground when a plant starts to grow; a new part that grows on plants or trees'.
MANUAL_EMERGENCY_WORK_20260820_SECOND_PASS_V7_round04	MANUAL_EMERGENCY_WORK_20260820_FIRST_PASS_V7_round04	ox5000-228daf6af9cabc126097	shore	noun	B2	BLOCKED		BLOCKED V7: candidate is not predominantly Ukrainian; exact Oxford definition='the land along the edge of the sea, the ocean or a lake'.
MANUAL_EMERGENCY_WORK_20260820_SECOND_PASS_V7_round04	MANUAL_EMERGENCY_WORK_20260820_FIRST_PASS_V7_round04	ox5000-3108d7347a7e81705a85	short-term	adjective	B2	BLOCKED		BLOCKED V7: sense-bound bilingual confirmation did not survive alignment gate; exact Oxford definition='lasting a short time; designed only for a short period of time in the future'.
MANUAL_EMERGENCY_WORK_20260820_SECOND_PASS_V7_round04	MANUAL_EMERGENCY_WORK_20260820_FIRST_PASS_V7_round04	ox5000-1a031da6eac7d925338b	shortage	noun	B2	BLOCKED		BLOCKED V7: surface MT is candidate generation only; no independent sense-specific bilingual confirmation for this lexical value; exact Oxford definition='a situation when there is not enough of the people or things that are needed'.
MANUAL_EMERGENCY_WORK_20260820_SECOND_PASS_V7_round04	MANUAL_EMERGENCY_WORK_20260820_FIRST_PASS_V7_round04	ox5000-6cda0681410675b159d9	shortly	adverb	B2	BLOCKED		BLOCKED V7: surface MT is candidate generation only; no independent sense-specific bilingual confirmation for this lexical value; exact Oxford definition='a short time; not long'.
MANUAL_EMERGENCY_WORK_20260820_SECOND_PASS_V7_round04	MANUAL_EMERGENCY_WORK_20260820_FIRST_PASS_V7_round04	ox5000-d64e66d05e0c72293139	shrink	verb	C1	BLOCKED		BLOCKED V7: English/source-language residue or model artifact; exact Oxford definition='to become smaller, especially when washed in water that is too hot; to make clothes, cloth, etc. smaller in this way'.
MANUAL_EMERGENCY_WORK_20260820_SECOND_PASS_V7_round04	MANUAL_EMERGENCY_WORK_20260820_FIRST_PASS_V7_round04	ox5000-e9398be87e92c4565700	shrug	verb	C1	BLOCKED		BLOCKED V7: V6 candidate-specific Ukrainian lexical evidence missing/ambiguous or lacks exact English lexical mapping; exact Oxford definition='to raise your shoulders and then drop them to show that you do not know or care about something'.
MANUAL_EMERGENCY_WORK_20260820_SECOND_PASS_V7_round04	MANUAL_EMERGENCY_WORK_20260820_FIRST_PASS_V7_round04	ox5000-3560fef85dd1fc6debc0	sibling	noun	B2	BLOCKED		BLOCKED V7: V6 candidate-specific Ukrainian lexical evidence missing/ambiguous or lacks exact English lexical mapping; exact Oxford definition='a brother or sister'.
MANUAL_EMERGENCY_WORK_20260820_SECOND_PASS_V7_round04	MANUAL_EMERGENCY_WORK_20260820_FIRST_PASS_V7_round04	ox5000-b0fded582d3311d3af45	sigh	noun	C1	BLOCKED		BLOCKED V7: V6 candidate-specific Ukrainian lexical evidence missing/ambiguous or lacks exact English lexical mapping; exact Oxford definition='an act or the sound of sighing'.
MANUAL_EMERGENCY_WORK_20260820_SECOND_PASS_V7_round04	MANUAL_EMERGENCY_WORK_20260820_FIRST_PASS_V7_round04	ox5000-0d870e0fda6ba6d93f94	sigh	verb	C1	BLOCKED		BLOCKED V7: sense-specific Wiktionary gloss does not align with exact Oxford definition; gloss_similarity=0.518; lexical_overlap=0; exact Oxford definition='to take and then let out a long deep breath that can be heard, to show that you are disappointed, sad, tired, etc.'.
MANUAL_EMERGENCY_WORK_20260820_SECOND_PASS_V7_round04	MANUAL_EMERGENCY_WORK_20260820_FIRST_PASS_V7_round04	ox5000-c18d434123fca63aa7f7	signature	noun	B2	BLOCKED		BLOCKED V7: sense-specific Wiktionary gloss does not align with exact Oxford definition; gloss_similarity=0.362; lexical_overlap=0; exact Oxford definition='your name as you usually write it, for example at the end of a letter'.
MANUAL_EMERGENCY_WORK_20260820_SECOND_PASS_V7_round04	MANUAL_EMERGENCY_WORK_20260820_FIRST_PASS_V7_round04	ox5000-4993892b52f0aadb8436	significance	noun	B2	BLOCKED		BLOCKED V7: surface MT is candidate generation only; no independent sense-specific bilingual confirmation for this lexical value; exact Oxford definition='the importance of something, especially when this has an effect on what happens in the future'.
MANUAL_EMERGENCY_WORK_20260820_SECOND_PASS_V7_round04	MANUAL_EMERGENCY_WORK_20260820_FIRST_PASS_V7_round04	ox5000-ebeeff851e05dff3f17c	simulate	verb	C1	BLOCKED		BLOCKED V7: sense-specific Wiktionary gloss does not align with exact Oxford definition; gloss_similarity=0.367; lexical_overlap=0; exact Oxford definition='to create particular conditions that exist in real life using computers, models, etc., usually for study or training purposes'.
MANUAL_EMERGENCY_WORK_20260820_SECOND_PASS_V7_round04	MANUAL_EMERGENCY_WORK_20260820_FIRST_PASS_V7_round04	ox5000-63848ba81689d33f92ac	simulation	noun	C1	BLOCKED		BLOCKED V7: sense-specific Wiktionary gloss does not align with exact Oxford definition; gloss_similarity=0.616; lexical_overlap=0; exact Oxford definition='a situation in which a particular set of conditions is created artificially in order to study or experience something that could exist in reality'.
MANUAL_EMERGENCY_WORK_20260820_SECOND_PASS_V7_round04	MANUAL_EMERGENCY_WORK_20260820_FIRST_PASS_V7_round04	ox5000-10facdce071582e626d6	simultaneously	adverb	C1	BLOCKED		BLOCKED V7: sense-bound bilingual confirmation did not survive alignment gate; exact Oxford definition='at the same time as something else'.
MANUAL_EMERGENCY_WORK_20260820_SECOND_PASS_V7_round04	MANUAL_EMERGENCY_WORK_20260820_FIRST_PASS_V7_round04	ox5000-79062f39d67197eaae65	sin	noun	C1	BLOCKED		BLOCKED V7: candidate is not predominantly Ukrainian; exact Oxford definition='an offence against God or against a religious or moral law'.
MANUAL_EMERGENCY_WORK_20260820_SECOND_PASS_V7_round04	MANUAL_EMERGENCY_WORK_20260820_FIRST_PASS_V7_round04	ox5000-55316c416a7c5af7e278	situated	adjective	C1	BLOCKED		BLOCKED V7: V6 pymorphy3 uk has no requested-POS parse for 'знаходиться'; exact Oxford definition='in a particular place or position'.
MANUAL_EMERGENCY_WORK_20260820_SECOND_PASS_V7_round04	MANUAL_EMERGENCY_WORK_20260820_FIRST_PASS_V7_round04	ox5000-2861f57961b0b110b904	sketch	noun	C1	BLOCKED		BLOCKED V7: sense-bound bilingual confirmation did not survive alignment gate; exact Oxford definition='a simple picture that is drawn quickly and does not have many details'.
MANUAL_EMERGENCY_WORK_20260820_SECOND_PASS_V7_round04	MANUAL_EMERGENCY_WORK_20260820_FIRST_PASS_V7_round04	ox5000-067976a3fc213d3e15bc	skilled	adjective	B2	BLOCKED		BLOCKED V7: surface MT is candidate generation only; no independent sense-specific bilingual confirmation for this lexical value; exact Oxford definition='having enough ability, experience and knowledge to be able to do something well'.
MANUAL_EMERGENCY_WORK_20260820_SECOND_PASS_V7_round04	MANUAL_EMERGENCY_WORK_20260820_FIRST_PASS_V7_round04	ox5000-6b53840672b325aa032d	skip	verb	C1	BLOCKED		BLOCKED V7: surface MT is candidate generation only; no independent sense-specific bilingual confirmation for this lexical value; exact Oxford definition='to move forwards lightly and quickly making a little jump with each step'.
MANUAL_EMERGENCY_WORK_20260820_SECOND_PASS_V7_round04	MANUAL_EMERGENCY_WORK_20260820_FIRST_PASS_V7_round04	ox5000-1286d019f6a2e99874dc	skull	noun	B2	BLOCKED		BLOCKED V7: V6 candidate-specific Ukrainian lexical evidence missing/ambiguous or lacks exact English lexical mapping; exact Oxford definition='the bone structure that forms the head and surrounds and protects the brain'.
MANUAL_EMERGENCY_WORK_20260820_SECOND_PASS_V7_round04	MANUAL_EMERGENCY_WORK_20260820_FIRST_PASS_V7_round04	ox5000-5cfb8a0fa422d38e65ee	slam	verb	C1	BLOCKED		BLOCKED V7: candidate is not predominantly Ukrainian; exact Oxford definition='to shut, or to make something shut, with a lot of force, making a loud noise'.
MANUAL_EMERGENCY_WORK_20260820_SECOND_PASS_V7_round04	MANUAL_EMERGENCY_WORK_20260820_FIRST_PASS_V7_round04	ox5000-3b3a7ce403b20d8fc4af	slap	verb	C1	BLOCKED		BLOCKED V7: verb candidate is not an appropriate Ukrainian infinitive/verb phrase; exact Oxford definition='to hit somebody/something with the flat part of your hand'.
MANUAL_EMERGENCY_WORK_20260820_SECOND_PASS_V7_round04	MANUAL_EMERGENCY_WORK_20260820_FIRST_PASS_V7_round04	ox5000-fbee093b230e25594ad6	slash	verb	C1	BLOCKED		BLOCKED V7: verb candidate is not an appropriate Ukrainian infinitive/verb phrase; exact Oxford definition='to make a long cut with a sharp object, especially in a violent way'.
MANUAL_EMERGENCY_WORK_20260820_SECOND_PASS_V7_round04	MANUAL_EMERGENCY_WORK_20260820_FIRST_PASS_V7_round04	ox5000-70e90712fcd58b7b0a34	slavery	noun	C1	BLOCKED		BLOCKED V7: V6 candidate-specific Ukrainian lexical evidence missing/ambiguous or lacks exact English lexical mapping; exact Oxford definition='the state of being forced to work as a slave'.
MANUAL_EMERGENCY_WORK_20260820_SECOND_PASS_V7_round04	MANUAL_EMERGENCY_WORK_20260820_FIRST_PASS_V7_round04	ox5000-2a995e3c360aad349aa0	slogan	noun	B2	BLOCKED		BLOCKED V7: sense-specific Wiktionary gloss does not align with exact Oxford definition; gloss_similarity=0.462; lexical_overlap=0; exact Oxford definition='a word or phrase that is easy to remember, used for example by a political party or in advertising to attract people’s attention or to suggest an idea quickly'.
MANUAL_EMERGENCY_WORK_20260820_SECOND_PASS_V7_round04	MANUAL_EMERGENCY_WORK_20260820_FIRST_PASS_V7_round04	ox5000-09549192d95b46653d2b	slot	noun	C1	BLOCKED		BLOCKED V7: surface MT is candidate generation only; no independent sense-specific bilingual confirmation for this lexical value; exact Oxford definition='a long, narrow opening, into which you put or fit something'.
MANUAL_EMERGENCY_WORK_20260820_SECOND_PASS_V7_round04	MANUAL_EMERGENCY_WORK_20260820_FIRST_PASS_V7_round04	ox5000-45ce43966d81aa1e49c2	smash	verb	C1	BLOCKED		BLOCKED V7: sense-bound bilingual confirmation did not survive alignment gate; exact Oxford definition='to break something, or to be broken, violently and noisily into many pieces'.
MANUAL_EMERGENCY_WORK_20260820_SECOND_PASS_V7_round04	MANUAL_EMERGENCY_WORK_20260820_FIRST_PASS_V7_round04	ox5000-fd37b4b2ae6240ee9ec1	snap	verb	C1	BLOCKED		BLOCKED V7: verb candidate is not an appropriate Ukrainian infinitive/verb phrase; exact Oxford definition='to break something suddenly with a sharp noise; to be broken in this way'.
MANUAL_EMERGENCY_WORK_20260820_SECOND_PASS_V7_round04	MANUAL_EMERGENCY_WORK_20260820_FIRST_PASS_V7_round04	ox5000-13f2331bae5d898ae95a	so-called	adjective	B2	BLOCKED		BLOCKED V7: adjective candidate has no plausible Ukrainian adjective morphology; exact Oxford definition='used to show that you do not think that the word or phrase that is being used to describe somebody/something is appropriate'.
MANUAL_EMERGENCY_WORK_20260820_SECOND_PASS_V7_round04	MANUAL_EMERGENCY_WORK_20260820_FIRST_PASS_V7_round04	ox5000-20919655f6e7d5062f90	soak	verb	C1	BLOCKED		BLOCKED V7: candidate is not predominantly Ukrainian; exact Oxford definition='to put something in liquid for a time so that it becomes completely wet; to become completely wet in this way'.
MANUAL_EMERGENCY_WORK_20260820_SECOND_PASS_V7_round04	MANUAL_EMERGENCY_WORK_20260820_FIRST_PASS_V7_round04	ox5000-64a492fdbd43b68e3427	soar	verb	C1	BLOCKED		BLOCKED V7: verb candidate is not an appropriate Ukrainian infinitive/verb phrase; exact Oxford definition='if the value, amount or level of something soars , it rises very quickly'.
MANUAL_EMERGENCY_WORK_20260820_SECOND_PASS_V7_round04	MANUAL_EMERGENCY_WORK_20260820_FIRST_PASS_V7_round04	ox5000-81811128ebe7ad5e2425	socialist	adjective	C1	BLOCKED		BLOCKED V7: V6 candidate-specific Ukrainian lexical evidence missing/ambiguous or lacks exact English lexical mapping; exact Oxford definition='connected with socialism'.
MANUAL_EMERGENCY_WORK_20260820_SECOND_PASS_V7_round04	MANUAL_EMERGENCY_WORK_20260820_FIRST_PASS_V7_round04	ox5000-5731592e4ea7dc2a7eac	sole	adjective	C1	BLOCKED		BLOCKED V7: V6 pymorphy3 uk has no requested-POS parse for 'лише'; exact Oxford definition='only; single'.
MANUAL_EMERGENCY_WORK_20260820_SECOND_PASS_V7_round04	MANUAL_EMERGENCY_WORK_20260820_FIRST_PASS_V7_round04	ox5000-43d3a9fa9183ee7d1ea2	solely	adverb	C1	BLOCKED		BLOCKED V7: semantic role mismatch: Oxford definition requires person, reverse candidate looks generic; exact Oxford definition='only; not involving somebody/something else'.
MANUAL_EMERGENCY_WORK_20260820_SECOND_PASS_V7_round04	MANUAL_EMERGENCY_WORK_20260820_FIRST_PASS_V7_round04	ox5000-c4f3415deb86368145e7	solicitor	noun	C1	BLOCKED		BLOCKED V7: candidate is not predominantly Ukrainian; exact Oxford definition='a lawyer who prepares legal documents, for example for the sale of land or buildings, advises people on legal matters, and can speak for them in some courts of law'.
MANUAL_EMERGENCY_WORK_20260820_SECOND_PASS_V7_round04	MANUAL_EMERGENCY_WORK_20260820_FIRST_PASS_V7_round04	ox5000-0f421e0338a534c5fdbe	solidarity	noun	C1	BLOCKED		BLOCKED V7: sense-specific Wiktionary gloss does not align with exact Oxford definition; gloss_similarity=0.534; lexical_overlap=0; exact Oxford definition='support by one person or group of people for another because they share feelings, opinions, aims, etc.'.
MANUAL_EMERGENCY_WORK_20260820_SECOND_PASS_V7_round04	MANUAL_EMERGENCY_WORK_20260820_FIRST_PASS_V7_round04	ox5000-504941675ad8a7232c26	solo	adjective	C1	BLOCKED		BLOCKED V7: adjective candidate has no plausible Ukrainian adjective morphology; exact Oxford definition='done by one person alone, without anyone helping them'.
MANUAL_EMERGENCY_WORK_20260820_SECOND_PASS_V7_round04	MANUAL_EMERGENCY_WORK_20260820_FIRST_PASS_V7_round04	ox5000-bbb1638496bf283345b8	solo	noun	C1	BLOCKED		BLOCKED V7: surface MT is candidate generation only; no independent sense-specific bilingual confirmation for this lexical value; exact Oxford definition='a piece of music, dance or entertainment performed by only one person'.
MANUAL_EMERGENCY_WORK_20260820_SECOND_PASS_V7_round04	MANUAL_EMERGENCY_WORK_20260820_FIRST_PASS_V7_round04	ox5000-f6ede09439d26c81a2e3	somehow	adverb	B2	BLOCKED		BLOCKED V7: multiword adverb candidate is not an adverbial phrase; exact Oxford definition='in a way that is not known or certain'.
MANUAL_EMERGENCY_WORK_20260820_SECOND_PASS_V7_round04	MANUAL_EMERGENCY_WORK_20260820_FIRST_PASS_V7_round04	ox5000-293d1b73e1a52bb7a6b4	sometime	adverb	B2	BLOCKED		BLOCKED V7: V6 pymorphy3 uk has no requested-POS parse for 'коли-небудь'; exact Oxford definition='at a time that you do not know exactly or has not yet been decided'.
MANUAL_EMERGENCY_WORK_20260820_SECOND_PASS_V7_round04	MANUAL_EMERGENCY_WORK_20260820_FIRST_PASS_V7_round04	ox5000-65d1fc396bc0804805a1	sophisticated	adjective	B2	BLOCKED		BLOCKED V7: surface MT is candidate generation only; no independent sense-specific bilingual confirmation for this lexical value; exact Oxford definition='clever and complicated in the way that it works or is presented'.
MANUAL_EMERGENCY_WORK_20260820_SECOND_PASS_V7_round04	MANUAL_EMERGENCY_WORK_20260820_FIRST_PASS_V7_round04	ox5000-a6dcbf692802d9819c27	sound	adjective	C1	BLOCKED		BLOCKED V7: adjective candidate has no plausible Ukrainian adjective morphology; exact Oxford definition='sensible; that you can rely on and that will probably give good results'.
MANUAL_EMERGENCY_WORK_20260820_SECOND_PASS_V7_round04	MANUAL_EMERGENCY_WORK_20260820_FIRST_PASS_V7_round04	ox5000-5bab904f7b7385f0726a	sovereignty	noun	C1	BLOCKED		BLOCKED V7: V6 candidate-specific Ukrainian lexical evidence missing/ambiguous or lacks exact English lexical mapping; exact Oxford definition='complete power to govern a country'.
MANUAL_EMERGENCY_WORK_20260820_SECOND_PASS_V7_round04	MANUAL_EMERGENCY_WORK_20260820_FIRST_PASS_V7_round04	ox5000-94f0e84773d2caa9c3e4	spam	noun	C1	BLOCKED		BLOCKED V7: Oxford definition requires person role but source/reverse role is not independently person-like (spam); exact Oxford definition='advertising material sent by email to people who have not asked for it; advertising material on the internet that is not wanted'.
MANUAL_EMERGENCY_WORK_20260820_SECOND_PASS_V7_round04	MANUAL_EMERGENCY_WORK_20260820_FIRST_PASS_V7_round04	ox5000-8fd493c6b8c66d55716d	span	noun	C1	BLOCKED		BLOCKED V7: sense-bound bilingual confirmation did not survive alignment gate; exact Oxford definition='the length of time that something lasts or is able to continue'.
MANUAL_EMERGENCY_WORK_20260820_SECOND_PASS_V7_round04	MANUAL_EMERGENCY_WORK_20260820_FIRST_PASS_V7_round04	ox5000-3bab93a0f0ba68954ca0	span	verb	C1	BLOCKED		BLOCKED V7: candidate is not predominantly Ukrainian; exact Oxford definition='to last all through a period of time or to cover the whole of it'.
MANUAL_EMERGENCY_WORK_20260820_SECOND_PASS_V7_round04	MANUAL_EMERGENCY_WORK_20260820_FIRST_PASS_V7_round04	ox5000-dc4fbe2d5fe2f3d96177	spare	adjective	B2	BLOCKED		BLOCKED V7: surface MT is candidate generation only; no independent sense-specific bilingual confirmation for this lexical value; exact Oxford definition='available to do what you want with rather than work'.
MANUAL_EMERGENCY_WORK_20260820_SECOND_PASS_V7_round04	MANUAL_EMERGENCY_WORK_20260820_FIRST_PASS_V7_round04	ox5000-b4691477dac3ae734168	spare	verb	C1	BLOCKED		BLOCKED V7: semantic role mismatch: Oxford definition requires person, reverse candidate looks generic; exact Oxford definition='to make something such as time or money available to somebody or for something, especially when it requires an effort for you to do this'.
MANUAL_EMERGENCY_WORK_20260820_SECOND_PASS_V7_round04	MANUAL_EMERGENCY_WORK_20260820_FIRST_PASS_V7_round04	ox5000-af276684cc6b331a5780	spark	verb	C1	BLOCKED		BLOCKED V7: verb candidate is not an appropriate Ukrainian infinitive/verb phrase; exact Oxford definition='to cause something to start or develop, especially suddenly'.
MANUAL_EMERGENCY_WORK_20260820_SECOND_PASS_V7_round04	MANUAL_EMERGENCY_WORK_20260820_FIRST_PASS_V7_round04	ox5000-345d9d8b2f2626231f20	specialize	verb	B2	BLOCKED		BLOCKED V7: sense-specific Wiktionary gloss does not align with exact Oxford definition; gloss_similarity=0.474; lexical_overlap=0; exact Oxford definition='to become an expert in a particular area of work, study or business; to spend more time on one area of work, etc. than on others'.
MANUAL_EMERGENCY_WORK_20260820_SECOND_PASS_V7_round04	MANUAL_EMERGENCY_WORK_20260820_FIRST_PASS_V7_round04	ox5000-59b760aca1f541ce0d42	specialized	adjective	C1	BLOCKED		BLOCKED V7: sense-specific Wiktionary gloss does not align with exact Oxford definition; gloss_similarity=0.526; lexical_overlap=0; exact Oxford definition='designed or developed for a particular purpose or area of knowledge'.
MANUAL_EMERGENCY_WORK_20260820_SECOND_PASS_V7_round04	MANUAL_EMERGENCY_WORK_20260820_FIRST_PASS_V7_round04	ox5000-0c232fac165e903627d5	specification	noun	C1	BLOCKED		BLOCKED V7: sense-specific Wiktionary gloss does not align with exact Oxford definition; gloss_similarity=0.415; lexical_overlap=0; exact Oxford definition='a detailed description of how something is, or should be, designed or made'.
MANUAL_EMERGENCY_WORK_20260820_SECOND_PASS_V7_round04	MANUAL_EMERGENCY_WORK_20260820_FIRST_PASS_V7_round04	ox5000-0acb45a595cce0df20be	specify	verb	B2	BLOCKED		BLOCKED V7: surface MT is candidate generation only; no independent sense-specific bilingual confirmation for this lexical value; exact Oxford definition='to state something, especially by giving an exact measurement, time, exact instructions, etc.'.
MANUAL_EMERGENCY_WORK_20260820_SECOND_PASS_V7_round04	MANUAL_EMERGENCY_WORK_20260820_FIRST_PASS_V7_round04	ox5000-4ab9e24a28cd210a312d	specimen	noun	C1	BLOCKED		BLOCKED V7: surface MT is candidate generation only; no independent sense-specific bilingual confirmation for this lexical value; exact Oxford definition='a small amount of something that shows what the rest of it is like'.
MANUAL_EMERGENCY_WORK_20260820_SECOND_PASS_V7_round04	MANUAL_EMERGENCY_WORK_20260820_FIRST_PASS_V7_round04	ox5000-4caf07a464d00cf4d539	spectacle	noun	C1	BLOCKED		BLOCKED V7: sense-specific Wiktionary gloss does not align with exact Oxford definition; gloss_similarity=0.177; lexical_overlap=0; exact Oxford definition='two lenses in a frame that rests on the nose and ears. People wear spectacles in order to be able to see better or to protect their eyes from bright light.'.
MANUAL_EMERGENCY_WORK_20260820_SECOND_PASS_V7_round04	MANUAL_EMERGENCY_WORK_20260820_FIRST_PASS_V7_round04	ox5000-0b9548c40b5d9e0a2415	spectacular	adjective	B2	BLOCKED		BLOCKED V7: surface MT is candidate generation only; no independent sense-specific bilingual confirmation for this lexical value; exact Oxford definition='very impressive'.
MANUAL_EMERGENCY_WORK_20260820_SECOND_PASS_V7_round04	MANUAL_EMERGENCY_WORK_20260820_FIRST_PASS_V7_round04	ox5000-50fef483f79b06b5214e	spectator	noun	B2	BLOCKED		BLOCKED V7: sense-specific Wiktionary gloss does not align with exact Oxford definition; gloss_similarity=0.409; lexical_overlap=0; exact Oxford definition='a person who is watching an event, especially a sports event'.
MANUAL_EMERGENCY_WORK_20260820_SECOND_PASS_V7_round04	MANUAL_EMERGENCY_WORK_20260820_FIRST_PASS_V7_round04	ox5000-f782db5a9e90f01155f8	spectrum	noun	C1	BLOCKED		BLOCKED V7: sense-bound bilingual confirmation did not survive alignment gate; exact Oxford definition='a band of coloured lights in order of their wavelengths , as seen in a rainbow and into which light may be separated'.
MANUAL_EMERGENCY_WORK_20260820_SECOND_PASS_V7_round04	MANUAL_EMERGENCY_WORK_20260820_FIRST_PASS_V7_round04	ox5000-602abdcb3ba37942bc00	speculate	verb	B2	BLOCKED		BLOCKED V7: verb candidate is not an appropriate Ukrainian infinitive/verb phrase; exact Oxford definition='to form an opinion about something without knowing all the details or facts'.
MANUAL_EMERGENCY_WORK_20260820_SECOND_PASS_V7_round04	MANUAL_EMERGENCY_WORK_20260820_FIRST_PASS_V7_round04	ox5000-c63350e4086215a6068c	speculation	noun	B2	BLOCKED		BLOCKED V7: sense-bound bilingual confirmation did not survive alignment gate; exact Oxford definition='the act of forming opinions about what has happened or what might happen without knowing all the facts'.
MANUAL_EMERGENCY_WORK_20260820_SECOND_PASS_V7_round04	MANUAL_EMERGENCY_WORK_20260820_FIRST_PASS_V7_round04	ox5000-f320d9d13d4ccd549468	spell	noun	C1	BLOCKED		BLOCKED V7: surface MT is candidate generation only; no independent sense-specific bilingual confirmation for this lexical value; exact Oxford definition='a short period of time during which something lasts'.
MANUAL_EMERGENCY_WORK_20260820_SECOND_PASS_V7_round04	MANUAL_EMERGENCY_WORK_20260820_FIRST_PASS_V7_round04	ox5000-72a5645b1bf466d48c27	sphere	noun	C1	BLOCKED		BLOCKED V7: sense-specific Wiktionary gloss does not align with exact Oxford definition; gloss_similarity=0.587; lexical_overlap=0; exact Oxford definition='a solid figure that is completely round, with every point on its surface at an equal distance from the centre'.
MANUAL_EMERGENCY_WORK_20260820_SECOND_PASS_V7_round04	MANUAL_EMERGENCY_WORK_20260820_FIRST_PASS_V7_round04	ox5000-256c8185b1dfd96e9f19	spice	noun	B2	BLOCKED		BLOCKED V7: sense-bound bilingual confirmation did not survive alignment gate; exact Oxford definition='one of the various types of powder or seed that come from plants and are used in cooking. Spices have a strong taste and smell.'.
MANUAL_EMERGENCY_WORK_20260820_SECOND_PASS_V7_round04	MANUAL_EMERGENCY_WORK_20260820_FIRST_PASS_V7_round04	ox5000-59f3b01cef3db8471f79	spill	verb	B2	BLOCKED		BLOCKED V7: sense-specific Wiktionary gloss does not align with exact Oxford definition; gloss_similarity=0.465; lexical_overlap=0; exact Oxford definition='to flow over the edge of a container by accident; to make liquid do this'.
MANUAL_EMERGENCY_WORK_20260820_SECOND_PASS_V7_round04	MANUAL_EMERGENCY_WORK_20260820_FIRST_PASS_V7_round04	ox5000-24a88df216defcf68a7d	spin	noun	C1	BLOCKED		BLOCKED V7: surface MT is candidate generation only; no independent sense-specific bilingual confirmation for this lexical value; exact Oxford definition='a very fast turning movement'.
MANUAL_EMERGENCY_WORK_20260820_SECOND_PASS_V7_round04	MANUAL_EMERGENCY_WORK_20260820_FIRST_PASS_V7_round04	ox5000-0de976d449afd0d958f1	spin	verb	C1	BLOCKED		BLOCKED V7: V6 candidate-specific Ukrainian lexical evidence missing/ambiguous or lacks exact English lexical mapping; exact Oxford definition='to turn round and round quickly; to make something do this'.
MANUAL_EMERGENCY_WORK_20260820_SECOND_PASS_V7_round04	MANUAL_EMERGENCY_WORK_20260820_FIRST_PASS_V7_round04	ox5000-b97520fdd3dde5fb23d2	spine	noun	C1	BLOCKED		BLOCKED V7: sense-specific Wiktionary gloss does not align with exact Oxford definition; gloss_similarity=0.446; lexical_overlap=0; exact Oxford definition='the row of small bones that are connected together down the middle of the back'.
MANUAL_EMERGENCY_WORK_20260820_SECOND_PASS_V7_round04	MANUAL_EMERGENCY_WORK_20260820_FIRST_PASS_V7_round04	ox5000-8b05c3e4886c904c7b15	spite	noun	B2	BLOCKED		BLOCKED V7: semantic role mismatch: Oxford definition requires person, reverse candidate looks generic; exact Oxford definition='a feeling of wanting to hurt or upset somebody'.
MANUAL_EMERGENCY_WORK_20260820_SECOND_PASS_V7_round04	MANUAL_EMERGENCY_WORK_20260820_FIRST_PASS_V7_round04	ox5000-14d85262aab9f4e3bb18	spoil	verb	B2	BLOCKED		BLOCKED V7: candidate is not predominantly Ukrainian; exact Oxford definition='to change something good into something bad, unpleasant, etc.'.
MANUAL_EMERGENCY_WORK_20260820_SECOND_PASS_V7_round04	MANUAL_EMERGENCY_WORK_20260820_FIRST_PASS_V7_round04	ox5000-7ede5024152dd882302d	spokesman	noun	B2	BLOCKED		BLOCKED V7: V6 candidate-specific Ukrainian lexical evidence missing/ambiguous or lacks exact English lexical mapping; exact Oxford definition='a person who speaks for a group or an organization'.
MANUAL_EMERGENCY_WORK_20260820_SECOND_PASS_V7_round04	MANUAL_EMERGENCY_WORK_20260820_FIRST_PASS_V7_round04	ox5000-771535acfeed7beab067	spokesperson	noun	B2	BLOCKED		BLOCKED V7: V6 candidate-specific Ukrainian lexical evidence missing/ambiguous or lacks exact English lexical mapping; exact Oxford definition='a person who speaks for a group or an organization'.
MANUAL_EMERGENCY_WORK_20260820_SECOND_PASS_V7_round04	MANUAL_EMERGENCY_WORK_20260820_FIRST_PASS_V7_round04	ox5000-9c15615ce8548856f3f4	spokeswoman	noun	B2	BLOCKED		BLOCKED V7: V6 candidate-specific Ukrainian lexical evidence missing/ambiguous or lacks exact English lexical mapping; exact Oxford definition='a woman who speaks for a group or an organization'.
MANUAL_EMERGENCY_WORK_20260820_SECOND_PASS_V7_round04	MANUAL_EMERGENCY_WORK_20260820_FIRST_PASS_V7_round04	ox5000-b2661fb6e14062c3248f	sponsorship	noun	B2	BLOCKED		BLOCKED V7: surface MT is candidate generation only; no independent sense-specific bilingual confirmation for this lexical value; exact Oxford definition='financial support from a sponsor'.
MANUAL_EMERGENCY_WORK_20260820_SECOND_PASS_V7_round04	MANUAL_EMERGENCY_WORK_20260820_FIRST_PASS_V7_round04	ox5000-9071c6c768dd47a699e1	sporting	adjective	B2	BLOCKED		BLOCKED V7: V6 candidate-specific Ukrainian lexical evidence missing/ambiguous or lacks exact English lexical mapping; exact Oxford definition='connected with sports'.
MANUAL_EMERGENCY_WORK_20260820_SECOND_PASS_V7_round04	MANUAL_EMERGENCY_WORK_20260820_FIRST_PASS_V7_round04	ox5000-7ec49338a4a6d9c02a0f	spotlight	noun	C1	BLOCKED		BLOCKED V7: surface MT is candidate generation only; no independent sense-specific bilingual confirmation for this lexical value; exact Oxford definition='a light with a single, very bright beam that can be directed at a particular place or person, especially a performer on the stage'.
MANUAL_EMERGENCY_WORK_20260820_SECOND_PASS_V7_round04	MANUAL_EMERGENCY_WORK_20260820_FIRST_PASS_V7_round04	ox5000-74d7b573de8710a0722e	spouse	noun	C1	BLOCKED		BLOCKED V7: sense-bound bilingual confirmation did not survive alignment gate; exact Oxford definition='a husband or wife'.
MANUAL_EMERGENCY_WORK_20260820_SECOND_PASS_V7_round04	MANUAL_EMERGENCY_WORK_20260820_FIRST_PASS_V7_round04	ox5000-0aa63cde40e1bdba7606	spy	noun	C1	BLOCKED		BLOCKED V7: Oxford definition requires person role but source/reverse role is not independently person-like (spy); exact Oxford definition='a person who tries to get secret information about another country, organization or person, especially somebody who is employed by a government or the police'.
MANUAL_EMERGENCY_WORK_20260820_SECOND_PASS_V7_round04	MANUAL_EMERGENCY_WORK_20260820_FIRST_PASS_V7_round04	ox5000-c2a6686ec496e6cb62f6	spy	verb	C1	BLOCKED		BLOCKED V7: sense-specific Wiktionary gloss does not align with exact Oxford definition; gloss_similarity=0.431; lexical_overlap=0; exact Oxford definition='to collect secret information about another country, organization or person'.
MANUAL_EMERGENCY_WORK_20260820_SECOND_PASS_V7_round04	MANUAL_EMERGENCY_WORK_20260820_FIRST_PASS_V7_round04	ox5000-71db30d2a889c264257c	squad	noun	C1	BLOCKED		BLOCKED V7: sense-bound bilingual confirmation did not survive alignment gate; exact Oxford definition='a section of a police force that deals with a particular type of crime'.
MANUAL_EMERGENCY_WORK_20260820_SECOND_PASS_V7_round04	MANUAL_EMERGENCY_WORK_20260820_FIRST_PASS_V7_round04	ox5000-626b716b54d1acca747d	squeeze	verb	C1	BLOCKED		BLOCKED V7: sense-specific Wiktionary gloss does not align with exact Oxford definition; gloss_similarity=0.449; lexical_overlap=0; exact Oxford definition='to press something, especially with your fingers'.
MANUAL_EMERGENCY_WORK_20260820_SECOND_PASS_V7_round04	MANUAL_EMERGENCY_WORK_20260820_FIRST_PASS_V7_round04	ox5000-e6f44a958562bf7abf7c	stab	verb	C1	BLOCKED		BLOCKED V7: semantic role mismatch: Oxford definition requires person, reverse candidate looks generic; exact Oxford definition='to push a sharp, pointed object, especially a knife, into somebody, killing or injuring them'.
MANUAL_EMERGENCY_WORK_20260820_SECOND_PASS_V7_round04	MANUAL_EMERGENCY_WORK_20260820_FIRST_PASS_V7_round04	ox5000-442407d81c34948f3e01	stability	noun	C1	BLOCKED		BLOCKED V7: V6 candidate-specific Ukrainian lexical evidence missing/ambiguous or lacks exact English lexical mapping; exact Oxford definition='the quality or state of being steady and not changing or being upset in any way (= the quality of being stable)'.
MANUAL_EMERGENCY_WORK_20260820_SECOND_PASS_V7_round04	MANUAL_EMERGENCY_WORK_20260820_FIRST_PASS_V7_round04	ox5000-fd492cc26eb07b2e4fa9	stabilize	verb	C1	BLOCKED		BLOCKED V7: sense-bound bilingual confirmation did not survive alignment gate; exact Oxford definition='to become or to make something become steady and unlikely to change; to make something stable'.
MANUAL_EMERGENCY_WORK_20260820_SECOND_PASS_V7_round04	MANUAL_EMERGENCY_WORK_20260820_FIRST_PASS_V7_round04	ox5000-1f971ffc38a84dfdc9eb	stake	noun	C1	BLOCKED		BLOCKED V7: semantic role mismatch: Oxford definition requires person, reverse candidate looks generic; exact Oxford definition='money that somebody invests in a company'.
MANUAL_EMERGENCY_WORK_20260820_SECOND_PASS_V7_round04	MANUAL_EMERGENCY_WORK_20260820_FIRST_PASS_V7_round04	ox5000-8eaceadbb1ee581b62f9	stall	noun	B2	BLOCKED		BLOCKED V7: sense-bound bilingual confirmation did not survive alignment gate; exact Oxford definition='a table or small shop with an open front that people sell things from, especially at a market'.
MANUAL_EMERGENCY_WORK_20260820_SECOND_PASS_V7_round04	MANUAL_EMERGENCY_WORK_20260820_FIRST_PASS_V7_round04	ox5000-7a3a677b37b7297ea39e	stance	noun	B2	BLOCKED		BLOCKED V7: semantic role mismatch: Oxford definition requires person, reverse candidate looks process; exact Oxford definition='the opinions that somebody has about something and expresses publicly'.
MANUAL_EMERGENCY_WORK_20260820_SECOND_PASS_V7_round04	MANUAL_EMERGENCY_WORK_20260820_FIRST_PASS_V7_round04	ox5000-980507a355dc07024a5e	standing	adjective	C1	BLOCKED		BLOCKED V7: V6 pymorphy3 uk has no requested-POS parse for 'стояння'; exact Oxford definition='done from a position in which you are standing rather than sitting or running'.
MANUAL_EMERGENCY_WORK_20260820_SECOND_PASS_V7_round04	MANUAL_EMERGENCY_WORK_20260820_FIRST_PASS_V7_round04	ox5000-4a62354eea2aa0c1fe7e	stark	adjective	C1	BLOCKED		BLOCKED V7: surface MT is candidate generation only; no independent sense-specific bilingual confirmation for this lexical value; exact Oxford definition='unpleasant; real, and impossible to avoid'.
MANUAL_EMERGENCY_WORK_20260820_SECOND_PASS_V7_round04	MANUAL_EMERGENCY_WORK_20260820_FIRST_PASS_V7_round04	ox5000-cdc26e4c72368b040b24	starve	verb	B2	BLOCKED		BLOCKED V7: semantic role mismatch: Oxford definition requires person, reverse candidate looks process; exact Oxford definition='to suffer or die because you do not have enough food to eat; to make somebody suffer or die in this way'.
MANUAL_EMERGENCY_WORK_20260820_SECOND_PASS_V7_round04	MANUAL_EMERGENCY_WORK_20260820_FIRST_PASS_V7_round04	ox5000-616ed2e87cf312a1d154	statistical	adjective	C1	BLOCKED		BLOCKED V7: V6 candidate-specific Ukrainian lexical evidence missing/ambiguous or lacks exact English lexical mapping; exact Oxford definition='connected with or based on statistics'.
MANUAL_EMERGENCY_WORK_20260820_SECOND_PASS_V7_round04	MANUAL_EMERGENCY_WORK_20260820_FIRST_PASS_V7_round04	ox5000-1d6a1167f6e0068fbfc2	steadily	adverb	B2	BLOCKED		BLOCKED V7: surface MT is candidate generation only; no independent sense-specific bilingual confirmation for this lexical value; exact Oxford definition='gradually and in an even and regular way'.
MANUAL_EMERGENCY_WORK_20260820_SECOND_PASS_V7_round04	MANUAL_EMERGENCY_WORK_20260820_FIRST_PASS_V7_round04	ox5000-14abb43eba14f012e5eb	steam	noun	B2	BLOCKED		BLOCKED V7: surface MT is candidate generation only; no independent sense-specific bilingual confirmation for this lexical value; exact Oxford definition='the hot gas that water changes into when it boils'.
MANUAL_EMERGENCY_WORK_20260820_SECOND_PASS_V7_round04	MANUAL_EMERGENCY_WORK_20260820_FIRST_PASS_V7_round04	ox5000-f26f65eeec860e7aee0e	steer	verb	C1	BLOCKED		BLOCKED V7: candidate is not predominantly Ukrainian; exact Oxford definition='to control the direction in which a boat, car, etc. moves'.
MANUAL_EMERGENCY_WORK_20260820_SECOND_PASS_V7_round04	MANUAL_EMERGENCY_WORK_20260820_FIRST_PASS_V7_round04	ox5000-13c31eaba6790c6b13a1	stem	noun	C1	BLOCKED		BLOCKED V7: surface MT is candidate generation only; no independent sense-specific bilingual confirmation for this lexical value; exact Oxford definition='the main long, thin part of a plant above the ground from which the leaves or flowers grow; a smaller part that grows from this and supports flowers or leaves'.
MANUAL_EMERGENCY_WORK_20260820_SECOND_PASS_V7_round04	MANUAL_EMERGENCY_WORK_20260820_FIRST_PASS_V7_round04	ox5000-953f191b3f02189d014a	stem	verb	C1	BLOCKED		BLOCKED V7: verb candidate is not an appropriate Ukrainian infinitive/verb phrase; exact Oxford definition='to stop something that is flowing from spreading or increasing'.
MANUAL_EMERGENCY_WORK_20260820_SECOND_PASS_V7_round04	MANUAL_EMERGENCY_WORK_20260820_FIRST_PASS_V7_round04	ox5000-e38d745fe829cedf1374	stereotype	noun	C1	BLOCKED		BLOCKED V7: surface MT is candidate generation only; no independent sense-specific bilingual confirmation for this lexical value; exact Oxford definition='a fixed idea or image that many people have of a particular type of person or thing, but which is often not true in reality and may cause hurt and offence'.
MANUAL_EMERGENCY_WORK_20260820_SECOND_PASS_V7_round04	MANUAL_EMERGENCY_WORK_20260820_FIRST_PASS_V7_round04	ox5000-3f1e3d183d1cbfa4b4c6	stimulate	verb	B2	BLOCKED		BLOCKED V7: verb candidate is not an appropriate Ukrainian infinitive/verb phrase; exact Oxford definition='to make something develop or become more active; to encourage something'.
MANUAL_EMERGENCY_WORK_20260820_SECOND_PASS_V7_round04	MANUAL_EMERGENCY_WORK_20260820_FIRST_PASS_V7_round04	ox5000-9ac8563a536ea0c05871	stimulus	noun	C1	BLOCKED		BLOCKED V7: semantic role mismatch: Oxford definition requires person, reverse candidate looks process; exact Oxford definition='something that helps somebody/something to develop better or more quickly'.
MANUAL_EMERGENCY_WORK_20260820_SECOND_PASS_V7_round04	MANUAL_EMERGENCY_WORK_20260820_FIRST_PASS_V7_round04	ox5000-89ee912889a76e3be149	stir	verb	C1	BLOCKED		BLOCKED V7: verb candidate is not an appropriate Ukrainian infinitive/verb phrase; exact Oxford definition='to move a liquid or substance around, using a spoon or something similar, in order to mix it completely'.
MANUAL_EMERGENCY_WORK_20260820_SECOND_PASS_V7_round04	MANUAL_EMERGENCY_WORK_20260820_FIRST_PASS_V7_round04	ox5000-5a639bd32b6fa05828e2	storage	noun	C1	BLOCKED		BLOCKED V7: surface MT is candidate generation only; no independent sense-specific bilingual confirmation for this lexical value; exact Oxford definition='the process of keeping something in a particular place until it is needed; the space where things can be kept'.
MANUAL_EMERGENCY_WORK_20260820_SECOND_PASS_V7_round04	MANUAL_EMERGENCY_WORK_20260820_FIRST_PASS_V7_round04	ox5000-f6b29aa22c04b745a26a	straightforward	adjective	C1	BLOCKED		BLOCKED V7: surface MT is candidate generation only; no independent sense-specific bilingual confirmation for this lexical value; exact Oxford definition='easy to do or to understand; not complicated'.
MANUAL_EMERGENCY_WORK_20260820_SECOND_PASS_V7_round04	MANUAL_EMERGENCY_WORK_20260820_FIRST_PASS_V7_round04	ox5000-9459734beb39d10c7e71	strain	noun	C1	BLOCKED		BLOCKED V7: candidate is not predominantly Ukrainian; exact Oxford definition='pressure on a system or relationship because great demands are being placed on it'.
MANUAL_EMERGENCY_WORK_20260820_SECOND_PASS_V7_round04	MANUAL_EMERGENCY_WORK_20260820_FIRST_PASS_V7_round04	ox5000-a1c00469b0bc4fe597c6	strand	noun	C1	BLOCKED		BLOCKED V7: surface MT is candidate generation only; no independent sense-specific bilingual confirmation for this lexical value; exact Oxford definition='a single thin piece of thread , wire, hair, etc.'.
MANUAL_EMERGENCY_WORK_20260820_SECOND_PASS_V7_round04	MANUAL_EMERGENCY_WORK_20260820_FIRST_PASS_V7_round04	ox5000-f4d56c8c46e4d6f772c3	strategic	adjective	C1	BLOCKED		BLOCKED V7: surface MT is candidate generation only; no independent sense-specific bilingual confirmation for this lexical value; exact Oxford definition='done as part of a plan that is meant to achieve a particular purpose or to gain an advantage'.
MANUAL_EMERGENCY_WORK_20260820_SECOND_PASS_V7_round04	MANUAL_EMERGENCY_WORK_20260820_FIRST_PASS_V7_round04	ox5000-17714dd4e4a9a5258b0d	strengthen	verb	B2	BLOCKED		BLOCKED V7: verb candidate is not an appropriate Ukrainian infinitive/verb phrase; exact Oxford definition='to become more powerful or effective; to make somebody/something more powerful or effective'.
MANUAL_EMERGENCY_WORK_20260820_SECOND_PASS_V7_round04	MANUAL_EMERGENCY_WORK_20260820_FIRST_PASS_V7_round04	ox5000-5596e88919f103c35872	strictly	adverb	B2	BLOCKED		BLOCKED V7: surface MT is candidate generation only; no independent sense-specific bilingual confirmation for this lexical value; exact Oxford definition='with a lot of control and rules that must be obeyed'.
MANUAL_EMERGENCY_WORK_20260820_SECOND_PASS_V7_round04	MANUAL_EMERGENCY_WORK_20260820_FIRST_PASS_V7_round04	ox5000-41f1166ff1765ca1a266	striking	adjective	C1	BLOCKED		BLOCKED V7: surface MT is candidate generation only; no independent sense-specific bilingual confirmation for this lexical value; exact Oxford definition='interesting and unusual enough to attract attention'.
MANUAL_EMERGENCY_WORK_20260820_SECOND_PASS_V7_round04	MANUAL_EMERGENCY_WORK_20260820_FIRST_PASS_V7_round04	ox5000-257a7edd9932fb46a134	strip	noun	C1	BLOCKED		BLOCKED V7: surface MT is candidate generation only; no independent sense-specific bilingual confirmation for this lexical value; exact Oxford definition='a long narrow piece of paper, metal, cloth, etc.'.
MANUAL_EMERGENCY_WORK_20260820_SECOND_PASS_V7_round04	MANUAL_EMERGENCY_WORK_20260820_FIRST_PASS_V7_round04	ox5000-8fdf7c3fa1ff0749e888	strip	verb	C1	BLOCKED		BLOCKED V7: verb candidate is not an appropriate Ukrainian infinitive/verb phrase; exact Oxford definition='to take off all or most of your clothes or another person’s clothes'.
MANUAL_EMERGENCY_WORK_20260820_SECOND_PASS_V7_round04	MANUAL_EMERGENCY_WORK_20260820_FIRST_PASS_V7_round04	ox5000-a00df9b6f8f4eda1bb71	strive	verb	C1	BLOCKED		BLOCKED V7: candidate is not predominantly Ukrainian; exact Oxford definition='to try very hard to achieve something'.
MANUAL_EMERGENCY_WORK_20260820_SECOND_PASS_V7_round04	MANUAL_EMERGENCY_WORK_20260820_FIRST_PASS_V7_round04	ox5000-daeb6d79b4d634b68b53	stroke	noun	B2	BLOCKED		BLOCKED V7: semantic role mismatch: Oxford definition requires process, reverse candidate looks generic; exact Oxford definition='an act of hitting a ball, for example with a bat or racket'.
MANUAL_EMERGENCY_WORK_20260820_SECOND_PASS_V7_round04	MANUAL_EMERGENCY_WORK_20260820_FIRST_PASS_V7_round04	ox5000-49b93769290b41d3ccca	structural	adjective	C1	BLOCKED		BLOCKED V7: surface MT is candidate generation only; no independent sense-specific bilingual confirmation for this lexical value; exact Oxford definition='connected with the way in which something is built or organized'.
MANUAL_EMERGENCY_WORK_20260820_SECOND_PASS_V7_round04	MANUAL_EMERGENCY_WORK_20260820_FIRST_PASS_V7_round04	ox5000-e83d2cfb6067f7ef6f2b	stumble	verb	C1	BLOCKED		BLOCKED V7: surface MT is candidate generation only; no independent sense-specific bilingual confirmation for this lexical value; exact Oxford definition='to hit your foot against something while you are walking or running and almost fall'.
MANUAL_EMERGENCY_WORK_20260820_SECOND_PASS_V7_round04	MANUAL_EMERGENCY_WORK_20260820_FIRST_PASS_V7_round04	ox5000-55ac4bfa74eaba162150	stun	verb	C1	BLOCKED		BLOCKED V7: candidate is not predominantly Ukrainian; exact Oxford definition='to make a person or an animal unconscious for a short time, especially by hitting them on the head'.
MANUAL_EMERGENCY_WORK_20260820_SECOND_PASS_V7_round04	MANUAL_EMERGENCY_WORK_20260820_FIRST_PASS_V7_round04	ox5000-d26b4cc191e0d78756fd	stunning	adjective	B2	BLOCKED		BLOCKED V7: surface MT is candidate generation only; no independent sense-specific bilingual confirmation for this lexical value; exact Oxford definition='extremely attractive or impressive'.
MANUAL_EMERGENCY_WORK_20260820_SECOND_PASS_V7_round04	MANUAL_EMERGENCY_WORK_20260820_FIRST_PASS_V7_round04	ox5000-3d00922475004cf93a94	submission	noun	C1	BLOCKED		BLOCKED V7: Oxford definition requires person role but source/reverse role is not independently person-like (submission); exact Oxford definition='the act of accepting that somebody has defeated you and that you must obey them'.
MANUAL_EMERGENCY_WORK_20260820_SECOND_PASS_V7_round04	MANUAL_EMERGENCY_WORK_20260820_FIRST_PASS_V7_round04	ox5000-f2e7ff182fba2f7b32ce	subscriber	noun	C1	BLOCKED		BLOCKED V7: surface MT is candidate generation only; no independent sense-specific bilingual confirmation for this lexical value; exact Oxford definition='a person who pays money, usually once a year, to receive regular copies of a magazine or newspaper or have access to it online'.
MANUAL_EMERGENCY_WORK_20260820_SECOND_PASS_V7_round04	MANUAL_EMERGENCY_WORK_20260820_FIRST_PASS_V7_round04	ox5000-82524e734d9ba7cdeb6d	subscription	noun	C1	BLOCKED		BLOCKED V7: sense-specific Wiktionary gloss does not align with exact Oxford definition; gloss_similarity=0.356; lexical_overlap=0; exact Oxford definition='an amount of money that you pay regularly to receive a service, be a member of a club, support a charity or receive regular copies of a newspaper or magazine; the act of paying this money'.
MANUAL_EMERGENCY_WORK_20260820_SECOND_PASS_V7_round04	MANUAL_EMERGENCY_WORK_20260820_FIRST_PASS_V7_round04	ox5000-723f59ddea1be37debf4	subsequent	adjective	B2	BLOCKED		BLOCKED V7: sense-specific Wiktionary gloss does not align with exact Oxford definition; gloss_similarity=0.506; lexical_overlap=0; exact Oxford definition='happening or coming after something else'.
MANUAL_EMERGENCY_WORK_20260820_SECOND_PASS_V7_round04	MANUAL_EMERGENCY_WORK_20260820_FIRST_PASS_V7_round04	ox5000-deeafc102a5fc0edcb7e	subsequently	adverb	B2	BLOCKED		BLOCKED V7: surface MT is candidate generation only; no independent sense-specific bilingual confirmation for this lexical value; exact Oxford definition='afterwards; later; after something else has happened'.
MANUAL_EMERGENCY_WORK_20260820_SECOND_PASS_V7_round04	MANUAL_EMERGENCY_WORK_20260820_FIRST_PASS_V7_round04	ox5000-4a4f06882bc795737f54	subsidy	noun	C1	BLOCKED		BLOCKED V7: candidate is not predominantly Ukrainian; exact Oxford definition='money that is paid by a government or an organization to reduce the costs of services or of producing goods so that their prices can be kept low'.
MANUAL_EMERGENCY_WORK_20260820_SECOND_PASS_V7_round04	MANUAL_EMERGENCY_WORK_20260820_FIRST_PASS_V7_round04	ox5000-8497fff50f2f4451b1fa	substantial	adjective	C1	BLOCKED		BLOCKED V7: candidate is not predominantly Ukrainian; exact Oxford definition='large in amount, value or importance'.
MANUAL_EMERGENCY_WORK_20260820_SECOND_PASS_V7_round04	MANUAL_EMERGENCY_WORK_20260820_FIRST_PASS_V7_round04	ox5000-ccb0aa16d20fc2fac36c	substantially	adverb	C1	BLOCKED		BLOCKED V7: surface MT is candidate generation only; no independent sense-specific bilingual confirmation for this lexical value; exact Oxford definition='very much; a lot'.
MANUAL_EMERGENCY_WORK_20260820_SECOND_PASS_V7_round04	MANUAL_EMERGENCY_WORK_20260820_FIRST_PASS_V7_round04	ox5000-ccf6c1169dbd08cdf21d	substitute	noun	C1	BLOCKED		BLOCKED V7: semantic role mismatch: Oxford definition requires person, reverse candidate looks generic; exact Oxford definition='a person or thing that you use or have instead of the one you normally use or have'.
MANUAL_EMERGENCY_WORK_20260820_SECOND_PASS_V7_round04	MANUAL_EMERGENCY_WORK_20260820_FIRST_PASS_V7_round04	ox5000-3c58d0022914fdbdef9d	substitute	verb	C1	BLOCKED		BLOCKED V7: semantic role mismatch: Oxford definition requires person, reverse candidate looks generic; exact Oxford definition='to take the place of somebody/something else; to use somebody/something instead of somebody/something else'.
MANUAL_EMERGENCY_WORK_20260820_SECOND_PASS_V7_round04	MANUAL_EMERGENCY_WORK_20260820_FIRST_PASS_V7_round04	ox5000-0d5fda15b316d6849f9b	substitution	noun	C1	BLOCKED		BLOCKED V7: surface MT is candidate generation only; no independent sense-specific bilingual confirmation for this lexical value; exact Oxford definition='an act of using one person or thing in the place of another'.
MANUAL_EMERGENCY_WORK_20260820_SECOND_PASS_V7_round04	MANUAL_EMERGENCY_WORK_20260820_FIRST_PASS_V7_round04	ox5000-e74fd3b31557c9905855	subtle	adjective	C1	BLOCKED		BLOCKED V7: candidate is not predominantly Ukrainian; exact Oxford definition='not very obvious or easy to notice'.
MANUAL_EMERGENCY_WORK_20260820_SECOND_PASS_V7_round04	MANUAL_EMERGENCY_WORK_20260820_FIRST_PASS_V7_round04	ox5000-76af4dafb040a67a8415	suburb	noun	B2	BLOCKED		BLOCKED V7: V6 candidate-specific Ukrainian lexical evidence missing/ambiguous or lacks exact English lexical mapping; exact Oxford definition='an area where people live that is outside the centre of a city'.
MANUAL_EMERGENCY_WORK_20260820_SECOND_PASS_V7_round04	MANUAL_EMERGENCY_WORK_20260820_FIRST_PASS_V7_round04	ox5000-bb9ca1bf424237d86e34	suburban	adjective	C1	BLOCKED		BLOCKED V7: sense-bound bilingual confirmation did not survive alignment gate; exact Oxford definition='in or connected with a suburb'.
MANUAL_EMERGENCY_WORK_20260820_SECOND_PASS_V7_round04	MANUAL_EMERGENCY_WORK_20260820_FIRST_PASS_V7_round04	ox5000-7825b41eb321cdf7f96a	succession	noun	C1	BLOCKED		BLOCKED V7: surface MT is candidate generation only; no independent sense-specific bilingual confirmation for this lexical value; exact Oxford definition='a number of people or things that follow each other in time or order'.
MANUAL_EMERGENCY_WORK_20260820_SECOND_PASS_V7_round04	MANUAL_EMERGENCY_WORK_20260820_FIRST_PASS_V7_round04	ox5000-7b16ec3d91247c36cd14	successive	adjective	C1	BLOCKED		BLOCKED V7: surface MT is candidate generation only; no independent sense-specific bilingual confirmation for this lexical value; exact Oxford definition='following immediately one after the other'.
MANUAL_EMERGENCY_WORK_20260820_SECOND_PASS_V7_round04	MANUAL_EMERGENCY_WORK_20260820_FIRST_PASS_V7_round04	ox5000-e4c75e1c4323b1a9129c	successor	noun	C1	BLOCKED		BLOCKED V7: semantic role mismatch: Oxford definition requires person, reverse candidate looks generic; exact Oxford definition='a person or thing that comes after somebody/something else and takes their/its place'.
MANUAL_EMERGENCY_WORK_20260820_SECOND_PASS_V7_round04	MANUAL_EMERGENCY_WORK_20260820_FIRST_PASS_V7_round04	ox5000-78c91736c18630ab8264	suck	verb	C1	BLOCKED		BLOCKED V7: candidate has contradictory definition support despite sense-bound source; exact Oxford definition='to take liquid, air, etc. into your mouth by using the muscles of your lips'.
MANUAL_EMERGENCY_WORK_20260820_SECOND_PASS_V7_round04	MANUAL_EMERGENCY_WORK_20260820_FIRST_PASS_V7_round04	ox5000-8f9ed5ef41a7acfc59ed	sue	verb	C1	BLOCKED		BLOCKED V7: verb candidate is not an appropriate Ukrainian infinitive/verb phrase; exact Oxford definition='to make a claim against a person or an organization in court about something that they have said or done to harm you'.
MANUAL_EMERGENCY_WORK_20260820_SECOND_PASS_V7_round04	MANUAL_EMERGENCY_WORK_20260820_FIRST_PASS_V7_round04	ox5000-f4962865b424cf13c615	suffering	noun	B2	BLOCKED		BLOCKED V7: sense-specific Wiktionary gloss does not align with exact Oxford definition; gloss_similarity=0.449; lexical_overlap=0; exact Oxford definition='physical or mental pain'.
MANUAL_EMERGENCY_WORK_20260820_SECOND_PASS_V7_round04	MANUAL_EMERGENCY_WORK_20260820_FIRST_PASS_V7_round04	ox5000-ddd9d4b54015a4746b00	sufficient	adjective	B2	BLOCKED		BLOCKED V7: adjective candidate has no plausible Ukrainian adjective morphology; exact Oxford definition='enough for a particular purpose; as much as you need'.
MANUAL_EMERGENCY_WORK_20260820_SECOND_PASS_V7_round04	MANUAL_EMERGENCY_WORK_20260820_FIRST_PASS_V7_round04	ox5000-9c9d29e2d90c4d840d2a	sufficiently	adverb	B2	BLOCKED		BLOCKED V7: surface MT is candidate generation only; no independent sense-specific bilingual confirmation for this lexical value; exact Oxford definition='enough for a particular purpose; as much as you need'.
MANUAL_EMERGENCY_WORK_20260820_SECOND_PASS_V7_round04	MANUAL_EMERGENCY_WORK_20260820_FIRST_PASS_V7_round04	ox5000-f14a9f52de234c78bc5b	suicide	noun	C1	BLOCKED		BLOCKED V7: V6 candidate-specific Ukrainian lexical evidence missing/ambiguous or lacks exact English lexical mapping; exact Oxford definition='the act of killing yourself deliberately'.
MANUAL_EMERGENCY_WORK_20260820_SECOND_PASS_V7_round04	MANUAL_EMERGENCY_WORK_20260820_FIRST_PASS_V7_round04	ox5000-26cdfee87f685bfe771c	suite	noun	C1	BLOCKED		BLOCKED V7: sense-specific Wiktionary gloss does not align with exact Oxford definition; gloss_similarity=0.132; lexical_overlap=0; exact Oxford definition='a set of rooms, especially in a hotel'.
MANUAL_EMERGENCY_WORK_20260820_SECOND_PASS_V7_round04	MANUAL_EMERGENCY_WORK_20260820_FIRST_PASS_V7_round04	ox5000-8607021522147aedac9a	super	adjective	B2	BLOCKED		BLOCKED V7: adjective candidate has no plausible Ukrainian adjective morphology; exact Oxford definition='extremely good'.
MANUAL_EMERGENCY_WORK_20260820_SECOND_PASS_V7_round04	MANUAL_EMERGENCY_WORK_20260820_FIRST_PASS_V7_round04	ox5000-824eec4d0d7f52aa8d7b	superb	adjective	C1	BLOCKED		BLOCKED V7: sentence-like punctuation in lexical value; exact Oxford definition='excellent; of very good quality'.
MANUAL_EMERGENCY_WORK_20260820_SECOND_PASS_V7_round04	MANUAL_EMERGENCY_WORK_20260820_FIRST_PASS_V7_round04	ox5000-7064fdc8b7ba04f54658	superior	adjective	C1	BLOCKED		BLOCKED V7: V6 candidate-specific Ukrainian lexical evidence missing/ambiguous or lacks exact English lexical mapping; exact Oxford definition='better in quality than somebody/something else; greater than somebody/something else'.
MANUAL_EMERGENCY_WORK_20260820_SECOND_PASS_V7_round04	MANUAL_EMERGENCY_WORK_20260820_FIRST_PASS_V7_round04	ox5000-4d0da66a5d904274e542	supervise	verb	C1	BLOCKED		BLOCKED V7: sense-bound bilingual confirmation did not survive alignment gate; exact Oxford definition='to be in charge of somebody/something and make sure that everything is done correctly, safely, etc.'.
MANUAL_EMERGENCY_WORK_20260820_SECOND_PASS_V7_round04	MANUAL_EMERGENCY_WORK_20260820_FIRST_PASS_V7_round04	ox5000-fde1789bdbf890c1d0f3	supervision	noun	C1	BLOCKED		BLOCKED V7: semantic role mismatch: Oxford definition requires person, reverse candidate looks generic; exact Oxford definition='the work or activity involved in being in charge of somebody/something and making sure that everything is done correctly, safely, etc.'.
MANUAL_EMERGENCY_WORK_20260820_SECOND_PASS_V7_round04	MANUAL_EMERGENCY_WORK_20260820_FIRST_PASS_V7_round04	ox5000-5b59a8ab069bcaef408e	supervisor	noun	C1	BLOCKED		BLOCKED V7: surface MT is candidate generation only; no independent sense-specific bilingual confirmation for this lexical value; exact Oxford definition='a person who supervises somebody/something'.
MANUAL_EMERGENCY_WORK_20260820_SECOND_PASS_V7_round04	MANUAL_EMERGENCY_WORK_20260820_FIRST_PASS_V7_round04	ox5000-08b83131fe088fbcbcae	supplement	noun	C1	BLOCKED		BLOCKED V7: semantic role mismatch: Oxford definition requires object, reverse candidate looks generic; exact Oxford definition='a thing that is added to something else to improve or complete it'.
MANUAL_EMERGENCY_WORK_20260820_SECOND_PASS_V7_round04	MANUAL_EMERGENCY_WORK_20260820_FIRST_PASS_V7_round04	ox5000-10812603ad461c08338d	supplement	verb	C1	BLOCKED		BLOCKED V7: verb candidate is not an appropriate Ukrainian infinitive/verb phrase; exact Oxford definition='to add something to something in order to improve it or make it more complete'.
MANUAL_EMERGENCY_WORK_20260820_SECOND_PASS_V7_round04	MANUAL_EMERGENCY_WORK_20260820_FIRST_PASS_V7_round04	ox5000-f982dcdb54241885dad3	supportive	adjective	C1	BLOCKED		BLOCKED V7: V6 pymorphy3 uk has no requested-POS parse for 'Підтримка'; exact Oxford definition='encouraging somebody or giving them help or sympathy'.
MANUAL_EMERGENCY_WORK_20260820_SECOND_PASS_V7_round04	MANUAL_EMERGENCY_WORK_20260820_FIRST_PASS_V7_round04	ox5000-8b486bdadff5e1388afd	supposedly	adverb	C1	BLOCKED		BLOCKED V7: multiword adverb candidate is not an adverbial phrase; exact Oxford definition='according to what is generally thought or believed but not known for certain'.
MANUAL_EMERGENCY_WORK_20260820_SECOND_PASS_V7_round04	MANUAL_EMERGENCY_WORK_20260820_FIRST_PASS_V7_round04	ox5000-70bac98958c4279b6c15	suppress	verb	C1	BLOCKED		BLOCKED V7: surface MT is candidate generation only; no independent sense-specific bilingual confirmation for this lexical value; exact Oxford definition='to put an end, often by force, to a group or an activity that is believed to threaten authority'.
MANUAL_EMERGENCY_WORK_20260820_SECOND_PASS_V7_round04	MANUAL_EMERGENCY_WORK_20260820_FIRST_PASS_V7_round04	ox5000-000b17fde2cc5f0c75cf	supreme	adjective	C1	BLOCKED		BLOCKED V7: sense-specific Wiktionary gloss does not align with exact Oxford definition; gloss_similarity=0.486; lexical_overlap=0; exact Oxford definition='highest in rank or position'.
MANUAL_EMERGENCY_WORK_20260820_SECOND_PASS_V7_round04	MANUAL_EMERGENCY_WORK_20260820_FIRST_PASS_V7_round04	ox5000-75c216147dc0dd0f318a	surge	noun	C1	BLOCKED		BLOCKED V7: surface MT is candidate generation only; no independent sense-specific bilingual confirmation for this lexical value; exact Oxford definition='a sudden increase of a strong feeling'.
MANUAL_EMERGENCY_WORK_20260820_SECOND_PASS_V7_round04	MANUAL_EMERGENCY_WORK_20260820_FIRST_PASS_V7_round04	ox5000-b474e0b4944829bd2037	surge	verb	C1	BLOCKED		BLOCKED V7: verb candidate is not an appropriate Ukrainian infinitive/verb phrase; exact Oxford definition='to move quickly and with force in a particular direction'.
MANUAL_EMERGENCY_WORK_20260820_SECOND_PASS_V7_round04	MANUAL_EMERGENCY_WORK_20260820_FIRST_PASS_V7_round04	ox5000-683371fe98fb2494347e	surgeon	noun	B2	BLOCKED		BLOCKED V7: Oxford definition requires person role but source/reverse role is not independently person-like (surgeon); exact Oxford definition='a doctor who is trained to perform surgery (= medical operations that involve cutting open a person’s body)'.
MANUAL_EMERGENCY_WORK_20260820_SECOND_PASS_V7_round04	MANUAL_EMERGENCY_WORK_20260820_FIRST_PASS_V7_round04	ox5000-d19985124a31691cc7cb	surgical	adjective	C1	BLOCKED		BLOCKED V7: V6 candidate-specific Ukrainian lexical evidence missing/ambiguous or lacks exact English lexical mapping; exact Oxford definition='used in or connected with surgery'.
MANUAL_EMERGENCY_WORK_20260820_SECOND_PASS_V7_round04	MANUAL_EMERGENCY_WORK_20260820_FIRST_PASS_V7_round04	ox5000-d05afcb7a745bdf587c0	surplus	noun	C1	BLOCKED		BLOCKED V7: sense-specific Wiktionary gloss does not align with exact Oxford definition; gloss_similarity=0.587; lexical_overlap=0; exact Oxford definition='an amount that is extra or more than you need'.
MANUAL_EMERGENCY_WORK_20260820_SECOND_PASS_V7_round04	MANUAL_EMERGENCY_WORK_20260820_FIRST_PASS_V7_round04	ox5000-1ad5757d788c4f542a4f	surrender	verb	C1	BLOCKED		BLOCKED V7: sense-specific Wiktionary gloss does not align with exact Oxford definition; gloss_similarity=0.411; lexical_overlap=0; exact Oxford definition='to admit that you have been defeated and want to stop fighting; to allow yourself to be caught, taken prisoner, etc.'.
MANUAL_EMERGENCY_WORK_20260820_SECOND_PASS_V7_round04	MANUAL_EMERGENCY_WORK_20260820_FIRST_PASS_V7_round04	ox5000-8b89abec05a631c8437d	surveillance	noun	C1	BLOCKED		BLOCKED V7: semantic role mismatch: Oxford definition requires person, reverse candidate looks generic; exact Oxford definition='the act of carefully watching a person suspected of a crime or a place where a crime may be committed'.
MANUAL_EMERGENCY_WORK_20260820_SECOND_PASS_V7_round04	MANUAL_EMERGENCY_WORK_20260820_FIRST_PASS_V7_round04	ox5000-db20d124b37485de324e	survival	noun	B2	BLOCKED		BLOCKED V7: sense-bound bilingual confirmation did not survive alignment gate; exact Oxford definition='the state of continuing to live or exist, often despite difficulty or danger'.
MANUAL_EMERGENCY_WORK_20260820_SECOND_PASS_V7_round04	MANUAL_EMERGENCY_WORK_20260820_FIRST_PASS_V7_round04	ox5000-11c346a58277eceedce7	survivor	noun	B2	BLOCKED		BLOCKED V7: semantic role mismatch: Oxford definition requires person, reverse candidate looks generic; exact Oxford definition='a person who continues to live, especially despite being nearly killed or experiencing great danger or difficulty'.
MANUAL_EMERGENCY_WORK_20260820_SECOND_PASS_V7_round04	MANUAL_EMERGENCY_WORK_20260820_FIRST_PASS_V7_round04	ox5000-39b76d8929e1165dbad4	suspend	verb	B2	BLOCKED		BLOCKED V7: sense-bound bilingual confirmation did not survive alignment gate; exact Oxford definition='to hang something from something else'.
MANUAL_EMERGENCY_WORK_20260820_SECOND_PASS_V7_round04	MANUAL_EMERGENCY_WORK_20260820_FIRST_PASS_V7_round04	ox5000-90a3b2270d93e39c774d	suspension	noun	C1	BLOCKED		BLOCKED V7: sense-specific Wiktionary gloss does not align with exact Oxford definition; gloss_similarity=0.097; lexical_overlap=0; exact Oxford definition='the act of officially removing somebody from their job, school, team, etc. for a period of time, usually as a punishment'.
MANUAL_EMERGENCY_WORK_20260820_SECOND_PASS_V7_round04	MANUAL_EMERGENCY_WORK_20260820_FIRST_PASS_V7_round04	ox5000-ccac0f8d2524d168842b	suspicion	noun	C1	BLOCKED		BLOCKED V7: semantic role mismatch: Oxford definition requires person, reverse candidate looks generic; exact Oxford definition='a feeling that somebody has done something wrong, illegal or dishonest, even though you have no proof'.
MANUAL_EMERGENCY_WORK_20260820_SECOND_PASS_V7_round04	MANUAL_EMERGENCY_WORK_20260820_FIRST_PASS_V7_round04	ox5000-87789fecff14f054965c	suspicious	adjective	C1	BLOCKED		BLOCKED V7: Oxford definition requires person role but source/reverse role is not independently person-like (suspicious); exact Oxford definition='feeling that somebody has done something wrong, illegal or dishonest, without having any proof'.
MANUAL_EMERGENCY_WORK_20260820_SECOND_PASS_V7_round04	MANUAL_EMERGENCY_WORK_20260820_FIRST_PASS_V7_round04	ox5000-29a86954fd91de4cdea4	sustain	verb	C1	BLOCKED		BLOCKED V7: English/source-language residue or model artifact; exact Oxford definition='to provide enough of what somebody/something needs in order to live or exist'.
MANUAL_EMERGENCY_WORK_20260820_SECOND_PASS_V7_round04	MANUAL_EMERGENCY_WORK_20260820_FIRST_PASS_V7_round04	ox5000-564c6a5ae7b34c28f825	sustainable	adjective	B2	BLOCKED		BLOCKED V7: surface MT is candidate generation only; no independent sense-specific bilingual confirmation for this lexical value; exact Oxford definition='involving the use of natural products and energy in a way that does not harm the environment'.
MANUAL_EMERGENCY_WORK_20260820_SECOND_PASS_V7_round04	MANUAL_EMERGENCY_WORK_20260820_FIRST_PASS_V7_round04	ox5000-5fb1dc01382b06997232	swallow	verb	B2	BLOCKED		BLOCKED V7: sense-bound bilingual confirmation did not survive alignment gate; exact Oxford definition='to make food, drink, etc. go down your throat into your stomach'.
MANUAL_EMERGENCY_WORK_20260820_SECOND_PASS_V7_round04	MANUAL_EMERGENCY_WORK_20260820_FIRST_PASS_V7_round04	ox5000-e676b279f6201e401869	swing	noun	C1	BLOCKED		BLOCKED V7: sense-specific Wiktionary gloss does not align with exact Oxford definition; gloss_similarity=0.299; lexical_overlap=0; exact Oxford definition='a swinging movement or rhythm'.
MANUAL_EMERGENCY_WORK_20260820_SECOND_PASS_V7_round04	MANUAL_EMERGENCY_WORK_20260820_FIRST_PASS_V7_round04	ox5000-0ce5eb78861b273aaf1c	swing	verb	C1	BLOCKED		BLOCKED V7: sense-specific Wiktionary gloss does not align with exact Oxford definition; gloss_similarity=0.333; lexical_overlap=0; exact Oxford definition='to move backwards or forwards or from side to side while hanging from a fixed point; to make something do this'.
MANUAL_EMERGENCY_WORK_20260820_SECOND_PASS_V7_round04	MANUAL_EMERGENCY_WORK_20260820_FIRST_PASS_V7_round04	ox5000-f1e0eb9752570d31badb	symbolic	adjective	C1	BLOCKED		BLOCKED V7: V6 candidate-specific Ukrainian lexical evidence missing/ambiguous or lacks exact English lexical mapping; exact Oxford definition='containing symbols, or being used as a symbol'.
MANUAL_EMERGENCY_WORK_20260820_SECOND_PASS_V7_round04	MANUAL_EMERGENCY_WORK_20260820_FIRST_PASS_V7_round04	ox5000-0da3c3e4cf1530bf6b67	sympathetic	adjective	B2	BLOCKED		BLOCKED V7: semantic role mismatch: Oxford definition requires person, reverse candidate looks generic; exact Oxford definition='kind to somebody who is hurt or sad; showing that you understand and care about their problems'.
MANUAL_EMERGENCY_WORK_20260820_SECOND_PASS_V7_round04	MANUAL_EMERGENCY_WORK_20260820_FIRST_PASS_V7_round04	ox5000-f9b6574078afc869f7a3	syndrome	noun	C1	BLOCKED		BLOCKED V7: sense-specific Wiktionary gloss does not align with exact Oxford definition; gloss_similarity=0.591; lexical_overlap=0; exact Oxford definition='a set of physical conditions that show you have a particular disease or medical problem'.
MANUAL_EMERGENCY_WORK_20260820_SECOND_PASS_V7_round04	MANUAL_EMERGENCY_WORK_20260820_FIRST_PASS_V7_round04	ox5000-75247d85028f1327c80b	synthesis	noun	C1	BLOCKED		BLOCKED V7: sense-specific Wiktionary gloss does not align with exact Oxford definition; gloss_similarity=0.387; lexical_overlap=0; exact Oxford definition='the act of combining separate ideas, beliefs, styles, etc.; a mixture or combination of ideas, beliefs, styles, etc.'.
MANUAL_EMERGENCY_WORK_20260820_SECOND_PASS_V7_round04	MANUAL_EMERGENCY_WORK_20260820_FIRST_PASS_V7_round04	ox5000-fdc941a14c67d54d8c1d	systematic	adjective	C1	BLOCKED		BLOCKED V7: sense-bound bilingual confirmation did not survive alignment gate; exact Oxford definition='done according to a system or plan, in a complete, efficient or determined way'.
MANUAL_EMERGENCY_WORK_20260820_SECOND_PASS_V7_round04	MANUAL_EMERGENCY_WORK_20260820_FIRST_PASS_V7_round04	ox5000-d452052b6bcd9d0b63b7	tackle	noun	C1	BLOCKED		BLOCKED V7: candidate is not predominantly Ukrainian; exact Oxford definition='an act of trying to take the ball from an opponent in football (soccer), hockey, etc.; an act of knocking somebody to the ground, for example in rugby or American football'.
MANUAL_EMERGENCY_WORK_20260820_SECOND_PASS_V7_round04	MANUAL_EMERGENCY_WORK_20260820_FIRST_PASS_V7_round04	ox5000-ce168d9f42f9cfc043c4	tackle	verb	B2	BLOCKED		BLOCKED V7: candidate is not predominantly Ukrainian; exact Oxford definition='to make a determined effort to deal with a difficult problem or situation'.
MANUAL_EMERGENCY_WORK_20260820_SECOND_PASS_V7_round04	MANUAL_EMERGENCY_WORK_20260820_FIRST_PASS_V7_round04	ox5000-61cc25f17497ca0aed5f	tactic	noun	C1	BLOCKED		BLOCKED V7: sense-bound bilingual confirmation did not survive alignment gate; exact Oxford definition='the particular method you use to achieve something'.
MANUAL_EMERGENCY_WORK_20260820_SECOND_PASS_V7_round04	MANUAL_EMERGENCY_WORK_20260820_FIRST_PASS_V7_round04	ox5000-f54e2a87429c7fa46ea5	tactical	adjective	C1	BLOCKED		BLOCKED V7: sense-specific Wiktionary gloss does not align with exact Oxford definition; gloss_similarity=0.479; lexical_overlap=0; exact Oxford definition='connected with the particular method you use to achieve something'.
MANUAL_EMERGENCY_WORK_20260820_SECOND_PASS_V7_round04	MANUAL_EMERGENCY_WORK_20260820_FIRST_PASS_V7_round04	ox5000-e1f09b75c5cfde794c49	tag	noun	B2	BLOCKED		BLOCKED V7: sense-bound bilingual confirmation did not survive alignment gate; exact Oxford definition='a small piece of paper, cloth, plastic, etc. attached to something to identify it or give information about it'.
MANUAL_EMERGENCY_WORK_20260820_SECOND_PASS_V7_round04	MANUAL_EMERGENCY_WORK_20260820_FIRST_PASS_V7_round04	ox5000-c13c5c56d6aa8c66105e	tag	verb	B2	BLOCKED		BLOCKED V7: candidate is not predominantly Ukrainian; exact Oxford definition='to fasten a tag onto something/somebody'.
MANUAL_EMERGENCY_WORK_20260820_SECOND_PASS_V7_round04	MANUAL_EMERGENCY_WORK_20260820_FIRST_PASS_V7_round04	ox5000-3ada6e998994d52e1f02	tap	noun	B2	BLOCKED		BLOCKED V7: English/source-language residue or model artifact; exact Oxford definition='a device for controlling the flow of water from a pipe into a bath or sink'.
MANUAL_EMERGENCY_WORK_20260820_SECOND_PASS_V7_round04	MANUAL_EMERGENCY_WORK_20260820_FIRST_PASS_V7_round04	ox5000-36b311e1c376086e7c8b	tap	verb	B2	BLOCKED		BLOCKED V7: English/source-language residue or model artifact; exact Oxford definition='to hit somebody/something quickly and lightly'.
MANUAL_EMERGENCY_WORK_20260820_SECOND_PASS_V7_round04	MANUAL_EMERGENCY_WORK_20260820_FIRST_PASS_V7_round04	ox5000-a05d4c94029b73346d6c	taxpayer	noun	C1	BLOCKED		BLOCKED V7: candidate has contradictory definition support despite sense-bound source; exact Oxford definition='a person who pays tax to the government, especially on the money that they earn'.
MANUAL_EMERGENCY_WORK_20260820_SECOND_PASS_V7_round04	MANUAL_EMERGENCY_WORK_20260820_FIRST_PASS_V7_round04	ox5000-8f563d5c5fbf6a5dd303	technological	adjective	B2	BLOCKED		BLOCKED V7: V6 candidate-specific Ukrainian lexical evidence missing/ambiguous or lacks exact English lexical mapping; exact Oxford definition='connected with technology'.
MANUAL_EMERGENCY_WORK_20260820_SECOND_PASS_V7_round04	MANUAL_EMERGENCY_WORK_20260820_FIRST_PASS_V7_round04	ox5000-b23d3e8ce57013836f05	teens	noun	B2	BLOCKED		BLOCKED V7: semantic role mismatch: Oxford definition requires person, reverse candidate looks generic; exact Oxford definition='the years of a person’s life when they are between 13 and 19 years old'.
MANUAL_EMERGENCY_WORK_20260820_SECOND_PASS_V7_round04	MANUAL_EMERGENCY_WORK_20260820_FIRST_PASS_V7_round04	ox5000-281f72b8f526e2643f8c	temple	noun	B2	BLOCKED		BLOCKED V7: V6 candidate-specific Ukrainian lexical evidence missing/ambiguous or lacks exact English lexical mapping; exact Oxford definition='a building used for religious worship , especially in religions other than Christianity'.
MANUAL_EMERGENCY_WORK_20260820_SECOND_PASS_V7_round04	MANUAL_EMERGENCY_WORK_20260820_FIRST_PASS_V7_round04	ox5000-a9aee38b0ff16defe4a9	temporarily	adverb	B2	BLOCKED		BLOCKED V7: sense-bound bilingual confirmation did not survive alignment gate; exact Oxford definition='in a way that lasts or is intended to last or be used only for a short time; in a way that is not permanent'.
MANUAL_EMERGENCY_WORK_20260820_SECOND_PASS_V7_round04	MANUAL_EMERGENCY_WORK_20260820_FIRST_PASS_V7_round04	ox5000-12e64d13126ed167af0d	tempt	verb	C1	BLOCKED		BLOCKED V7: semantic role mismatch: Oxford definition requires person, reverse candidate looks generic; exact Oxford definition='to attract somebody or make somebody want to do or have something, even if they know it is wrong'.
MANUAL_EMERGENCY_WORK_20260820_SECOND_PASS_V7_round04	MANUAL_EMERGENCY_WORK_20260820_FIRST_PASS_V7_round04	ox5000-8aacf4124321ebc82973	tenant	noun	C1	BLOCKED		BLOCKED V7: semantic role mismatch: Oxford definition requires person, reverse candidate looks process; exact Oxford definition='a person who pays rent for the use of a room, building, land, etc. to the person who owns it'.
MANUAL_EMERGENCY_WORK_20260820_SECOND_PASS_V7_round04	MANUAL_EMERGENCY_WORK_20260820_FIRST_PASS_V7_round04	ox5000-01af49ce53e4d6902091	tendency	noun	B2	BLOCKED		BLOCKED V7: English/source-language residue or model artifact; exact Oxford definition='if somebody/something has a particular tendency , they are likely to behave or act in a particular way'.
MANUAL_EMERGENCY_WORK_20260820_SECOND_PASS_V7_round04	MANUAL_EMERGENCY_WORK_20260820_FIRST_PASS_V7_round04	ox5000-443429b7023a796eed5f	tender	adjective	C1	BLOCKED		BLOCKED V7: V6 candidate-specific Ukrainian lexical evidence missing/ambiguous or lacks exact English lexical mapping; exact Oxford definition='kind, gentle and loving'.
MANUAL_EMERGENCY_WORK_20260820_SECOND_PASS_V7_round04	MANUAL_EMERGENCY_WORK_20260820_FIRST_PASS_V7_round04	ox5000-2f462c0cf8af1c75f9dd	tension	noun	B2	BLOCKED		BLOCKED V7: sense-specific Wiktionary gloss does not align with exact Oxford definition; gloss_similarity=0.354; lexical_overlap=0; exact Oxford definition='a situation in which people do not trust each other, or feel unfriendly towards each other, and that may cause them to attack each other'.
MANUAL_EMERGENCY_WORK_20260820_SECOND_PASS_V7_round04	MANUAL_EMERGENCY_WORK_20260820_FIRST_PASS_V7_round04	ox5000-b5861253624427055cb6	tenure	noun	C1	BLOCKED		BLOCKED V7: semantic role mismatch: Oxford definition requires person, reverse candidate looks generic; exact Oxford definition='the period of time when somebody holds an important job, especially a political one; the act of holding an important job'.
MANUAL_EMERGENCY_WORK_20260820_SECOND_PASS_V7_round04	MANUAL_EMERGENCY_WORK_20260820_FIRST_PASS_V7_round04	ox5000-8689367dc831422e6281	terminal	adjective	C1	BLOCKED		BLOCKED V7: adjective candidate has no plausible Ukrainian adjective morphology; exact Oxford definition='that cannot be cured and will lead to death, often slowly'.
MANUAL_EMERGENCY_WORK_20260820_SECOND_PASS_V7_round04	MANUAL_EMERGENCY_WORK_20260820_FIRST_PASS_V7_round04	ox5000-f0295bdc35545089ba26	terminate	verb	C1	BLOCKED		BLOCKED V7: surface MT is candidate generation only; no independent sense-specific bilingual confirmation for this lexical value; exact Oxford definition='to end; to make something end'.
MANUAL_EMERGENCY_WORK_20260820_SECOND_PASS_V7_round04	MANUAL_EMERGENCY_WORK_20260820_FIRST_PASS_V7_round04	ox5000-550dcec360ef03858332	terms	noun	B2	BLOCKED		BLOCKED V7: surface MT is candidate generation only; no independent sense-specific bilingual confirmation for this lexical value; exact Oxford definition='the conditions that people offer, demand or accept when they make an agreement, an arrangement or a contract'.
MANUAL_EMERGENCY_WORK_20260820_SECOND_PASS_V7_round04	MANUAL_EMERGENCY_WORK_20260820_FIRST_PASS_V7_round04	ox5000-9831ff9660bcaeb2b9cc	terrain	noun	C1	BLOCKED		BLOCKED V7: sense-bound bilingual confirmation did not survive alignment gate; exact Oxford definition='used to refer to an area of land when you are mentioning its natural features, for example, if it is rough, flat, etc.'.
MANUAL_EMERGENCY_WORK_20260820_SECOND_PASS_V7_round04	MANUAL_EMERGENCY_WORK_20260820_FIRST_PASS_V7_round04	ox5000-0a12ac0cb859d36ef42c	terribly	adverb	B2	BLOCKED		BLOCKED V7: surface MT is candidate generation only; no independent sense-specific bilingual confirmation for this lexical value; exact Oxford definition='very much; very badly'.
MANUAL_EMERGENCY_WORK_20260820_SECOND_PASS_V7_round04	MANUAL_EMERGENCY_WORK_20260820_FIRST_PASS_V7_round04	ox5000-8467812af37b5bb10cb1	terrific	adjective	C1	BLOCKED		BLOCKED V7: sentence-like punctuation in lexical value; exact Oxford definition='excellent; wonderful'.
MANUAL_EMERGENCY_WORK_20260820_SECOND_PASS_V7_round04	MANUAL_EMERGENCY_WORK_20260820_FIRST_PASS_V7_round04	ox5000-96d49f016884d37e2cb8	terrify	verb	B2	BLOCKED		BLOCKED V7: candidate is not predominantly Ukrainian; exact Oxford definition='to make somebody feel extremely frightened'.
MANUAL_EMERGENCY_WORK_20260820_SECOND_PASS_V7_round04	MANUAL_EMERGENCY_WORK_20260820_FIRST_PASS_V7_round04	ox5000-30bc3871f94be042ac8d	territory	noun	B2	BLOCKED		BLOCKED V7: sense-bound bilingual confirmation did not survive alignment gate; exact Oxford definition='land that is under the control of a particular country or political leader'.
MANUAL_EMERGENCY_WORK_20260820_SECOND_PASS_V7_round04	MANUAL_EMERGENCY_WORK_20260820_FIRST_PASS_V7_round04	ox5000-6b4fed09d6a7acdd3dc7	terror	noun	B2	BLOCKED		BLOCKED V7: Oxford definition text not found at exact definition path; exact Oxford definition=''.
MANUAL_EMERGENCY_WORK_20260820_SECOND_PASS_V7_round04	MANUAL_EMERGENCY_WORK_20260820_FIRST_PASS_V7_round04	ox5000-97fd97c2b8c7282d936e	terrorism	noun	B2	BLOCKED		BLOCKED V7: sense-bound bilingual confirmation did not survive alignment gate; exact Oxford definition='the use of violent action in order to achieve political aims or to force a government to act'.
MANUAL_EMERGENCY_WORK_20260820_SECOND_PASS_V7_round04	MANUAL_EMERGENCY_WORK_20260820_FIRST_PASS_V7_round04	ox5000-5916322693483a5d7b4b	terrorist	noun	B2	BLOCKED		BLOCKED V7: sense-bound bilingual confirmation did not survive alignment gate; exact Oxford definition='a person who takes part in terrorism'.
MANUAL_EMERGENCY_WORK_20260820_SECOND_PASS_V7_round04	MANUAL_EMERGENCY_WORK_20260820_FIRST_PASS_V7_round04	ox5000-81809345392305d7171b	testify	verb	C1	BLOCKED		BLOCKED V7: candidate is not predominantly Ukrainian; exact Oxford definition='to make a statement that something happened or that something is true, especially as a witness in court'.
MANUAL_EMERGENCY_WORK_20260820_SECOND_PASS_V7_round04	MANUAL_EMERGENCY_WORK_20260820_FIRST_PASS_V7_round04	ox5000-f838d055d14abf8c2ebb	testimony	noun	C1	BLOCKED		BLOCKED V7: semantic role mismatch: Oxford definition requires object, reverse candidate looks process; exact Oxford definition='a thing that shows that something else exists or is true'.
MANUAL_EMERGENCY_WORK_20260820_SECOND_PASS_V7_round04	MANUAL_EMERGENCY_WORK_20260820_FIRST_PASS_V7_round04	ox5000-4adb2d62b9dc0969ac4d	testing	noun	B2	BLOCKED		BLOCKED V7: Oxford definition requires person role but source/reverse role is not independently person-like (testing); exact Oxford definition='the activity of testing somebody/something in order to find something out, see if it works, etc.'.
MANUAL_EMERGENCY_WORK_20260820_SECOND_PASS_V7_round04	MANUAL_EMERGENCY_WORK_20260820_FIRST_PASS_V7_round04	ox5000-95d845718fe19a04a8d2	textbook	noun	B2	BLOCKED		BLOCKED V7: sense-specific Wiktionary gloss does not align with exact Oxford definition; gloss_similarity=0.543; lexical_overlap=0; exact Oxford definition='a book that teaches a particular subject and that is used especially in schools and colleges'.
MANUAL_EMERGENCY_WORK_20260820_SECOND_PASS_V7_round04	MANUAL_EMERGENCY_WORK_20260820_FIRST_PASS_V7_round04	ox5000-bef207622e2f6e60411d	texture	noun	C1	BLOCKED		BLOCKED V7: V6 candidate-specific Ukrainian lexical evidence missing/ambiguous or lacks exact English lexical mapping; exact Oxford definition='the way a surface, substance or piece of cloth feels when you touch it, for example how rough, smooth, hard or soft it is'.
MANUAL_EMERGENCY_WORK_20260820_SECOND_PASS_V7_round04	MANUAL_EMERGENCY_WORK_20260820_FIRST_PASS_V7_round04	ox5000-d1fca0f4d400117f6854	thankfully	adverb	C1	BLOCKED		BLOCKED V7: V6 pymorphy3 uk has no requested-POS parse for 'Вдячний'; exact Oxford definition='used to show that you are pleased that something good has happened or that something bad has been avoided'.
MANUAL_EMERGENCY_WORK_20260820_SECOND_PASS_V7_round04	MANUAL_EMERGENCY_WORK_20260820_FIRST_PASS_V7_round04	ox5000-55a146661c1df5d9fd5c	theatrical	adjective	C1	BLOCKED		BLOCKED V7: V6 candidate-specific Ukrainian lexical evidence missing/ambiguous or lacks exact English lexical mapping; exact Oxford definition='connected with the theatre'.
MANUAL_EMERGENCY_WORK_20260820_SECOND_PASS_V7_round04	MANUAL_EMERGENCY_WORK_20260820_FIRST_PASS_V7_round04	ox5000-991a9d01246ffbf9a9c5	theft	noun	B2	BLOCKED		BLOCKED V7: semantic role mismatch: Oxford definition requires person, reverse candidate looks process; exact Oxford definition='the crime of stealing something from a person or place'.
MANUAL_EMERGENCY_WORK_20260820_SECOND_PASS_V7_round04	MANUAL_EMERGENCY_WORK_20260820_FIRST_PASS_V7_round04	ox5000-b052aa70ffc82c01e0e6	theoretical	adjective	C1	BLOCKED		BLOCKED V7: sense-specific Wiktionary gloss does not align with exact Oxford definition; gloss_similarity=0.511; lexical_overlap=0; exact Oxford definition='connected with the ideas and principles on which a particular subject is based, rather than with practice and experiment'.
MANUAL_EMERGENCY_WORK_20260820_SECOND_PASS_V7_round04	MANUAL_EMERGENCY_WORK_20260820_FIRST_PASS_V7_round04	ox5000-f0a9b9c6b02ef2064253	therapist	noun	B2	BLOCKED		BLOCKED V7: sense-bound bilingual confirmation did not survive alignment gate; exact Oxford definition='a specialist who treats a particular type of illness or problem, or who uses a particular type of treatment'.
MANUAL_EMERGENCY_WORK_20260820_SECOND_PASS_V7_round04	MANUAL_EMERGENCY_WORK_20260820_FIRST_PASS_V7_round04	ox5000-d9676d7d2512249a7e9e	thereafter	adverb	C1	BLOCKED		BLOCKED V7: multiword adverb candidate is not an adverbial phrase; exact Oxford definition='after the time or event mentioned'.
MANUAL_EMERGENCY_WORK_20260820_SECOND_PASS_V7_round04	MANUAL_EMERGENCY_WORK_20260820_FIRST_PASS_V7_round04	ox5000-b245a804462b0d41915a	thereby	adverb	C1	BLOCKED		BLOCKED V7: multiword adverb candidate is not an adverbial phrase; exact Oxford definition='used to introduce the result of the action or situation mentioned'.
MANUAL_EMERGENCY_WORK_20260820_SECOND_PASS_V7_round04	MANUAL_EMERGENCY_WORK_20260820_FIRST_PASS_V7_round04	ox5000-7bc234c4dcd2f3c2875b	thesis	noun	B2	BLOCKED		BLOCKED V7: sense-specific Wiktionary gloss does not align with exact Oxford definition; gloss_similarity=0.177; lexical_overlap=0; exact Oxford definition='a long piece of writing completed by a student as part of a university degree, based on their own research'.
MANUAL_EMERGENCY_WORK_20260820_SECOND_PASS_V7_round04	MANUAL_EMERGENCY_WORK_20260820_FIRST_PASS_V7_round04	ox5000-feaf4b50d932346d1b13	thorough	adjective	B2	BLOCKED		BLOCKED V7: adjective candidate has no plausible Ukrainian adjective morphology; exact Oxford definition='done completely; with great attention to detail'.
MANUAL_EMERGENCY_WORK_20260820_SECOND_PASS_V7_round04	MANUAL_EMERGENCY_WORK_20260820_FIRST_PASS_V7_round04	ox5000-d28109a222083a7e6991	thoroughly	adverb	B2	BLOCKED		BLOCKED V7: surface MT is candidate generation only; no independent sense-specific bilingual confirmation for this lexical value; exact Oxford definition='very much; completely'.
MANUAL_EMERGENCY_WORK_20260820_SECOND_PASS_V7_round04	MANUAL_EMERGENCY_WORK_20260820_FIRST_PASS_V7_round04	ox5000-cbd9ca36a79de9b55081	thought-provoking	adjective	C1	BLOCKED		BLOCKED V7: candidate is not predominantly Ukrainian; exact Oxford definition='making people think seriously about a particular subject or issue'.
MANUAL_EMERGENCY_WORK_20260820_SECOND_PASS_V7_round04	MANUAL_EMERGENCY_WORK_20260820_FIRST_PASS_V7_round04	ox5000-4dbc6b87df9f0ea26bb9	thoughtful	adjective	C1	BLOCKED		BLOCKED V7: adjective candidate has no plausible Ukrainian adjective morphology; exact Oxford definition='quiet, because you are thinking'.
MANUAL_EMERGENCY_WORK_20260820_SECOND_PASS_V7_round04	MANUAL_EMERGENCY_WORK_20260820_FIRST_PASS_V7_round04	ox5000-1fdcd2759a6e1b7adbd8	thread	noun	C1	BLOCKED		BLOCKED V7: surface MT is candidate generation only; no independent sense-specific bilingual confirmation for this lexical value; exact Oxford definition='a thin string of cotton, wool, silk, etc. used for sewing or making cloth'.
MANUAL_EMERGENCY_WORK_20260820_SECOND_PASS_V7_round04	MANUAL_EMERGENCY_WORK_20260820_FIRST_PASS_V7_round04	ox5000-1709abceec97aee34dc2	threshold	noun	C1	BLOCKED		BLOCKED V7: surface MT is candidate generation only; no independent sense-specific bilingual confirmation for this lexical value; exact Oxford definition='the floor or ground at the bottom of a doorway , considered as the entrance to a building or room'.
MANUAL_EMERGENCY_WORK_20260820_SECOND_PASS_V7_round04	MANUAL_EMERGENCY_WORK_20260820_FIRST_PASS_V7_round04	ox5000-4e4dfe0384c9e2bd4d60	thrilled	adjective	C1	BLOCKED		BLOCKED V7: adjective candidate has no plausible Ukrainian adjective morphology; exact Oxford definition='very excited and pleased'.
MANUAL_EMERGENCY_WORK_20260820_SECOND_PASS_V7_round04	MANUAL_EMERGENCY_WORK_20260820_FIRST_PASS_V7_round04	ox5000-f75147390c58f9b7da57	thrive	verb	C1	BLOCKED		BLOCKED V7: surface MT is candidate generation only; no independent sense-specific bilingual confirmation for this lexical value; exact Oxford definition='to become, and continue to be, successful, strong, healthy, etc.'.
MANUAL_EMERGENCY_WORK_20260820_SECOND_PASS_V7_round04	MANUAL_EMERGENCY_WORK_20260820_FIRST_PASS_V7_round04	ox5000-09f564b8c1cd8dfc3904	thumb	noun	B2	BLOCKED		BLOCKED V7: sense-specific Wiktionary gloss does not align with exact Oxford definition; gloss_similarity=0.423; lexical_overlap=0; exact Oxford definition='the short, thick finger at the side of the hand, slightly apart from the other four'.
MANUAL_EMERGENCY_WORK_20260820_SECOND_PASS_V7_round04	MANUAL_EMERGENCY_WORK_20260820_FIRST_PASS_V7_round04	ox5000-f2480d9023b56c509839	tide	noun	C1	BLOCKED		BLOCKED V7: sense-bound bilingual confirmation did not survive alignment gate; exact Oxford definition='a regular rise and fall in the level of the sea, caused by the pull of the moon and sun; the flow of water that happens as the sea rises and falls'.
MANUAL_EMERGENCY_WORK_20260820_SECOND_PASS_V7_round04	MANUAL_EMERGENCY_WORK_20260820_FIRST_PASS_V7_round04	ox5000-eec8e05bb7719b3d5517	tighten	verb	C1	BLOCKED		BLOCKED V7: surface MT is candidate generation only; no independent sense-specific bilingual confirmation for this lexical value; exact Oxford definition='to hold or fix something more securely in position; to make something or become more difficult to move, open or separate'.
MANUAL_EMERGENCY_WORK_20260820_SECOND_PASS_V7_round04	MANUAL_EMERGENCY_WORK_20260820_FIRST_PASS_V7_round04	ox5000-4a9663ae5209cddb6bba	timber	noun	C1	BLOCKED		BLOCKED V7: V6 candidate-specific Ukrainian lexical evidence missing/ambiguous or lacks exact English lexical mapping; exact Oxford definition='trees that are grown to be used in building or for making things'.
MANUAL_EMERGENCY_WORK_20260820_SECOND_PASS_V7_round04	MANUAL_EMERGENCY_WORK_20260820_FIRST_PASS_V7_round04	ox5000-64e08b8dd68be475a5a4	timely	adjective	C1	BLOCKED		BLOCKED V7: adjective candidate has no plausible Ukrainian adjective morphology; exact Oxford definition='happening at exactly the right time'.
MANUAL_EMERGENCY_WORK_20260820_SECOND_PASS_V7_round04	MANUAL_EMERGENCY_WORK_20260820_FIRST_PASS_V7_round04	ox5000-ac2009687f3aff82b4f8	timing	noun	B2	BLOCKED		BLOCKED V7: semantic role mismatch: Oxford definition requires process, reverse candidate looks generic; exact Oxford definition='the act of choosing when something happens; a particular point or period of time when something happens or is planned'.
MANUAL_EMERGENCY_WORK_20260820_SECOND_PASS_V7_round04	MANUAL_EMERGENCY_WORK_20260820_FIRST_PASS_V7_round04	ox5000-e94181c64d5aa8e60302	tissue	noun	B2	BLOCKED		BLOCKED V7: V6 candidate-specific Ukrainian lexical evidence missing/ambiguous or lacks exact English lexical mapping; exact Oxford definition='a piece of soft paper, used especially as a handkerchief'.
MANUAL_EMERGENCY_WORK_20260820_SECOND_PASS_V7_round04	MANUAL_EMERGENCY_WORK_20260820_FIRST_PASS_V7_round04	ox5000-f235f1b098d32e02ad29	tolerance	noun	C1	BLOCKED		BLOCKED V7: Oxford definition requires person role but source/reverse role is not independently person-like (tolerance); exact Oxford definition='the quality of being willing to accept or tolerate somebody/something, especially opinions or behaviour that you may not agree with, or people who are not like you'.
MANUAL_EMERGENCY_WORK_20260820_SECOND_PASS_V7_round04	MANUAL_EMERGENCY_WORK_20260820_FIRST_PASS_V7_round04	ox5000-d5ec64b91510270b2158	tolerate	verb	C1	BLOCKED		BLOCKED V7: Oxford definition requires person role but source/reverse role is not independently person-like (tolerate); exact Oxford definition='to allow somebody to do something that you do not agree with or like'.
MANUAL_EMERGENCY_WORK_20260820_SECOND_PASS_V7_round04	MANUAL_EMERGENCY_WORK_20260820_FIRST_PASS_V7_round04	ox5000-e2eb585666597b22d60b	toll	noun	C1	BLOCKED		BLOCKED V7: sense-bound bilingual confirmation did not survive alignment gate; exact Oxford definition='money that you pay to use a particular road or bridge'.
MANUAL_EMERGENCY_WORK_20260820_SECOND_PASS_V7_round04	MANUAL_EMERGENCY_WORK_20260820_FIRST_PASS_V7_round04	ox5000-4adeed3e1291e2cb9565	ton	noun	B2	BLOCKED		BLOCKED V7: sense-specific Wiktionary gloss does not align with exact Oxford definition; gloss_similarity=0.550; lexical_overlap=0; exact Oxford definition='a unit for measuring weight, in the UK 2\u2009240 pounds ( long ton ) and in the US 2\u2009000 pounds ( short ton )'.
MANUAL_EMERGENCY_WORK_20260820_SECOND_PASS_V7_round04	MANUAL_EMERGENCY_WORK_20260820_FIRST_PASS_V7_round04	ox5000-11d2abac5382987dddf5	tonne	noun	B2	BLOCKED		BLOCKED V7: candidate is not predominantly Ukrainian; exact Oxford definition='a unit for measuring weight, equal to 1\u2009000 kilograms'.
MANUAL_EMERGENCY_WORK_20260820_SECOND_PASS_V7_round04	MANUAL_EMERGENCY_WORK_20260820_FIRST_PASS_V7_round04	ox5000-d4c9367c23e5a72152e3	top	verb	C1	BLOCKED		BLOCKED V7: sense-specific Wiktionary gloss does not align with exact Oxford definition; gloss_similarity=0.300; lexical_overlap=0; exact Oxford definition='to be higher than a particular amount'.
MANUAL_EMERGENCY_WORK_20260820_SECOND_PASS_V7_round04	MANUAL_EMERGENCY_WORK_20260820_FIRST_PASS_V7_round04	ox5000-7042e0637e91deb575b0	torture	noun	C1	BLOCKED		BLOCKED V7: Oxford definition requires person role but source/reverse role is not independently person-like (torture); exact Oxford definition='the act of causing somebody severe pain in order to punish them or make them say or do something'.
MANUAL_EMERGENCY_WORK_20260820_SECOND_PASS_V7_round04	MANUAL_EMERGENCY_WORK_20260820_FIRST_PASS_V7_round04	ox5000-7e9ceec203d2d50cf233	torture	verb	C1	BLOCKED		BLOCKED V7: Oxford definition requires person role but source/reverse role is not independently person-like (torture); exact Oxford definition='to hurt somebody physically or mentally in order to punish them or make them tell you something'.
MANUAL_EMERGENCY_WORK_20260820_SECOND_PASS_V7_round04	MANUAL_EMERGENCY_WORK_20260820_FIRST_PASS_V7_round04	ox5000-639d0f39bd92fd319b5a	toss	verb	C1	BLOCKED		BLOCKED V7: English/source-language residue or model artifact; exact Oxford definition='to throw something lightly or carelessly'.
MANUAL_EMERGENCY_WORK_20260820_SECOND_PASS_V7_round04	MANUAL_EMERGENCY_WORK_20260820_FIRST_PASS_V7_round04	ox5000-1cd96ead96b42105fd96	total	verb	C1	BLOCKED		BLOCKED V7: verb candidate is not an appropriate Ukrainian infinitive/verb phrase; exact Oxford definition='to reach a particular total'.
MANUAL_EMERGENCY_WORK_20260820_SECOND_PASS_V7_round04	MANUAL_EMERGENCY_WORK_20260820_FIRST_PASS_V7_round04	ox5000-38e4c949712c87056e5c	tournament	noun	B2	BLOCKED		BLOCKED V7: sense-bound bilingual confirmation did not survive alignment gate; exact Oxford definition='a sports competition involving a number of teams or players who take part in different games and must leave the competition if they lose. The competition continues until there is only the winner left.'.
MANUAL_EMERGENCY_WORK_20260820_SECOND_PASS_V7_round04	MANUAL_EMERGENCY_WORK_20260820_FIRST_PASS_V7_round04	ox5000-2bd8b089e3ccff628106	toxic	adjective	C1	BLOCKED		BLOCKED V7: sense-bound bilingual confirmation did not survive alignment gate; exact Oxford definition='containing poison; poisonous'.
MANUAL_EMERGENCY_WORK_20260820_SECOND_PASS_V7_round04	MANUAL_EMERGENCY_WORK_20260820_FIRST_PASS_V7_round04	ox5000-adafbb1bafb76a511fd1	trace	noun	C1	BLOCKED		BLOCKED V7: Oxford definition requires person role but source/reverse role is not independently person-like (trace); exact Oxford definition='a mark, an object or a sign that shows that somebody/something existed or was present'.
MANUAL_EMERGENCY_WORK_20260820_SECOND_PASS_V7_round04	MANUAL_EMERGENCY_WORK_20260820_FIRST_PASS_V7_round04	ox5000-42868b1c764b72b41688	trace	verb	B2	BLOCKED		BLOCKED V7: candidate is not predominantly Ukrainian; exact Oxford definition='to find or discover somebody/something by looking carefully for them/it'.
MANUAL_EMERGENCY_WORK_20260820_SECOND_PASS_V7_round04	MANUAL_EMERGENCY_WORK_20260820_FIRST_PASS_V7_round04	ox5000-4a18d82d9fb6080d2f82	trademark	noun	C1	BLOCKED		BLOCKED V7: sense-bound bilingual confirmation did not survive alignment gate; exact Oxford definition='a name, symbol or design that a company uses for its products and that cannot be used by anyone else'.
MANUAL_EMERGENCY_WORK_20260820_SECOND_PASS_V7_round04	MANUAL_EMERGENCY_WORK_20260820_FIRST_PASS_V7_round04	ox5000-6c8f6df01d66058d990b	trading	noun	B2	BLOCKED		BLOCKED V7: surface MT is candidate generation only; no independent sense-specific bilingual confirmation for this lexical value; exact Oxford definition='the activity of buying and selling things'.
MANUAL_EMERGENCY_WORK_20260820_SECOND_PASS_V7_round04	MANUAL_EMERGENCY_WORK_20260820_FIRST_PASS_V7_round04	ox5000-4171a075bcbae5c10c48	tragedy	noun	B2	BLOCKED		BLOCKED V7: V6 candidate-specific Ukrainian lexical evidence missing/ambiguous or lacks exact English lexical mapping; exact Oxford definition='a very sad event or situation, especially one that involves death'.
MANUAL_EMERGENCY_WORK_20260820_SECOND_PASS_V7_round04	MANUAL_EMERGENCY_WORK_20260820_FIRST_PASS_V7_round04	ox5000-d225ff4e87c4cf923056	tragic	adjective	B2	BLOCKED		BLOCKED V7: Oxford definition requires person role but source/reverse role is not independently person-like (tragic); exact Oxford definition='making you feel very sad, usually because somebody has died or suffered a lot'.
MANUAL_EMERGENCY_WORK_20260820_SECOND_PASS_V7_round04	MANUAL_EMERGENCY_WORK_20260820_FIRST_PASS_V7_round04	ox5000-ddc7244d12a4925f1a9a	trail	noun	C1	BLOCKED		BLOCKED V7: semantic role mismatch: Oxford definition requires person, reverse candidate looks generic; exact Oxford definition='a long line or series of marks that is left by somebody/something'.
MANUAL_EMERGENCY_WORK_20260820_SECOND_PASS_V7_round04	MANUAL_EMERGENCY_WORK_20260820_FIRST_PASS_V7_round04	ox5000-4db0352bf40a8fbb1a02	trail	verb	C1	BLOCKED		BLOCKED V7: semantic role mismatch: Oxford definition requires person, reverse candidate looks generic; exact Oxford definition='to pull something behind somebody/something, usually along the ground; to be pulled along in this way'.
MANUAL_EMERGENCY_WORK_20260820_SECOND_PASS_V7_round04	MANUAL_EMERGENCY_WORK_20260820_FIRST_PASS_V7_round04	ox5000-4c2ff8c38be3fe6c8dd4	trailer	noun	C1	BLOCKED		BLOCKED V7: V6 candidate-specific Ukrainian lexical evidence missing/ambiguous or lacks exact English lexical mapping; exact Oxford definition='a truck, or a container with wheels, that is pulled by another vehicle'.
MANUAL_EMERGENCY_WORK_20260820_SECOND_PASS_V7_round04	MANUAL_EMERGENCY_WORK_20260820_FIRST_PASS_V7_round04	ox5000-9ada24c1b2e76e84a42f	trait	noun	B2	BLOCKED		BLOCKED V7: sense-specific Wiktionary gloss does not align with exact Oxford definition; gloss_similarity=0.549; lexical_overlap=0; exact Oxford definition='a particular quality in your personality'.
MANUAL_EMERGENCY_WORK_20260820_SECOND_PASS_V7_round04	MANUAL_EMERGENCY_WORK_20260820_FIRST_PASS_V7_round04	ox5000-33958a180c21e9c2392f	transaction	noun	C1	BLOCKED		BLOCKED V7: semantic role mismatch: Oxford definition requires process, reverse candidate looks generic; exact Oxford definition='a piece of business that is done between people, especially an act of buying or selling'.
MANUAL_EMERGENCY_WORK_20260820_SECOND_PASS_V7_round04	MANUAL_EMERGENCY_WORK_20260820_FIRST_PASS_V7_round04	ox5000-cb988ddc79bd599be3e4	transcript	noun	C1	BLOCKED		BLOCKED V7: surface MT is candidate generation only; no independent sense-specific bilingual confirmation for this lexical value; exact Oxford definition='a written or printed copy of words that have been spoken'.
MANUAL_EMERGENCY_WORK_20260820_SECOND_PASS_V7_round04	MANUAL_EMERGENCY_WORK_20260820_FIRST_PASS_V7_round04	ox5000-da0eaeba3b2a9298e5a8	transformation	noun	C1	BLOCKED		BLOCKED V7: Oxford definition requires person role but source/reverse role is not independently person-like (transformation); exact Oxford definition='a complete change in somebody/something'.
MANUAL_EMERGENCY_WORK_20260820_SECOND_PASS_V7_round04	MANUAL_EMERGENCY_WORK_20260820_FIRST_PASS_V7_round04	ox5000-4b88d3cffcad8bc82c9d	transit	noun	C1	BLOCKED		BLOCKED V7: sense-bound bilingual confirmation did not survive alignment gate; exact Oxford definition='the process of being moved or carried from one place to another'.
MANUAL_EMERGENCY_WORK_20260820_SECOND_PASS_V7_round04	MANUAL_EMERGENCY_WORK_20260820_FIRST_PASS_V7_round04	ox5000-2d305ec23cbf7b219f80	transmission	noun	C1	BLOCKED		BLOCKED V7: semantic role mismatch: Oxford definition requires process, reverse candidate looks generic; exact Oxford definition='the act or process of passing something from one person, place or thing to another'.
MANUAL_EMERGENCY_WORK_20260820_SECOND_PASS_V7_round04	MANUAL_EMERGENCY_WORK_20260820_FIRST_PASS_V7_round04	ox5000-f064dd91c4aa81d7c3ee	transmit	verb	B2	BLOCKED		BLOCKED V7: surface MT is candidate generation only; no independent sense-specific bilingual confirmation for this lexical value; exact Oxford definition='to send an electronic signal, radio or television broadcast, etc.'.
MANUAL_EMERGENCY_WORK_20260820_SECOND_PASS_V7_round04	MANUAL_EMERGENCY_WORK_20260820_FIRST_PASS_V7_round04	ox5000-9c611a0fde284f713dce	transparency	noun	C1	BLOCKED		BLOCKED V7: sense-bound bilingual confirmation did not survive alignment gate; exact Oxford definition='the quality of something, such as a situation or an argument, that makes it easy to understand'.
MANUAL_EMERGENCY_WORK_20260820_SECOND_PASS_V7_round04	MANUAL_EMERGENCY_WORK_20260820_FIRST_PASS_V7_round04	ox5000-1259e134246bea0b9a1e	transparent	adjective	C1	BLOCKED		BLOCKED V7: V6 candidate-specific Ukrainian lexical evidence missing/ambiguous or lacks exact English lexical mapping; exact Oxford definition='allowing you to see through it'.
MANUAL_EMERGENCY_WORK_20260820_SECOND_PASS_V7_round04	MANUAL_EMERGENCY_WORK_20260820_FIRST_PASS_V7_round04	ox5000-d8d8f389f6b761ee2bf6	transportation	noun	B2	BLOCKED		BLOCKED V7: sense-specific Wiktionary gloss does not align with exact Oxford definition; gloss_similarity=0.424; lexical_overlap=0; exact Oxford definition='a system for carrying people or goods from one place to another using vehicles, roads, etc.'.
MANUAL_EMERGENCY_WORK_20260820_SECOND_PASS_V7_round04	MANUAL_EMERGENCY_WORK_20260820_FIRST_PASS_V7_round04	ox5000-e9aebc4072b2c4955b95	trap	noun	B2	BLOCKED		BLOCKED V7: V6 candidate-specific Ukrainian lexical evidence missing/ambiguous or lacks exact English lexical mapping; exact Oxford definition='a piece of equipment for catching animals'.
MANUAL_EMERGENCY_WORK_20260820_SECOND_PASS_V7_round04	MANUAL_EMERGENCY_WORK_20260820_FIRST_PASS_V7_round04	ox5000-753d9d8240ce68a8b47d	trap	verb	B2	BLOCKED		BLOCKED V7: verb candidate is not an appropriate Ukrainian infinitive/verb phrase; exact Oxford definition='to put somebody in a dangerous place that they cannot get out of'.
MANUAL_EMERGENCY_WORK_20260820_SECOND_PASS_V7_round04	MANUAL_EMERGENCY_WORK_20260820_FIRST_PASS_V7_round04	ox5000-dcddf2c3d5af4ca55dbf	trauma	noun	C1	BLOCKED		BLOCKED V7: sense-specific Wiktionary gloss does not align with exact Oxford definition; gloss_similarity=0.446; lexical_overlap=0; exact Oxford definition='a mental condition caused by severe shock, stress or fear, especially when the harmful effects last for a long time'.
MANUAL_EMERGENCY_WORK_20260820_SECOND_PASS_V7_round04	MANUAL_EMERGENCY_WORK_20260820_FIRST_PASS_V7_round04	ox5000-31ae2f33f40ae3c9992c	treasure	noun	B2	BLOCKED		BLOCKED V7: V6 candidate-specific Ukrainian lexical evidence missing/ambiguous or lacks exact English lexical mapping; exact Oxford definition='a collection of valuable things such as gold, silver and jewellery'.
MANUAL_EMERGENCY_WORK_20260820_SECOND_PASS_V7_round04	MANUAL_EMERGENCY_WORK_20260820_FIRST_PASS_V7_round04	ox5000-e3e9d21582b8898e7c77	treaty	noun	C1	BLOCKED		BLOCKED V7: V6 candidate-specific Ukrainian lexical evidence missing/ambiguous or lacks exact English lexical mapping; exact Oxford definition='a formal agreement between two or more countries'.
MANUAL_EMERGENCY_WORK_20260820_SECOND_PASS_V7_round04	MANUAL_EMERGENCY_WORK_20260820_FIRST_PASS_V7_round04	ox5000-ba5c96ee38f220c30435	tremendous	adjective	C1	BLOCKED		BLOCKED V7: surface MT is candidate generation only; no independent sense-specific bilingual confirmation for this lexical value; exact Oxford definition='very great'.
MANUAL_EMERGENCY_WORK_20260820_SECOND_PASS_V7_round04	MANUAL_EMERGENCY_WORK_20260820_FIRST_PASS_V7_round04	ox5000-e78ef76ea1e0cf2914d2	tribal	adjective	C1	BLOCKED		BLOCKED V7: V6 candidate-specific Ukrainian lexical evidence missing/ambiguous or lacks exact English lexical mapping; exact Oxford definition='connected with a tribe or tribes'.
MANUAL_EMERGENCY_WORK_20260820_SECOND_PASS_V7_round04	MANUAL_EMERGENCY_WORK_20260820_FIRST_PASS_V7_round04	ox5000-8f9f9f9e959b1fc183ea	tribe	noun	B2	BLOCKED		BLOCKED V7: sense-bound bilingual confirmation did not survive alignment gate; exact Oxford definition='a social group in a traditional society consisting of people with the same language, culture, religion, etc., living in a particular area and often having one leader known as a chief'.
MANUAL_EMERGENCY_WORK_20260820_SECOND_PASS_V7_round04	MANUAL_EMERGENCY_WORK_20260820_FIRST_PASS_V7_round04	ox5000-4f47419fcb1747bded2a	tribunal	noun	C1	BLOCKED		BLOCKED V7: sense-bound bilingual confirmation did not survive alignment gate; exact Oxford definition='a type of court with the authority to deal with a particular problem or disagreement'.
MANUAL_EMERGENCY_WORK_20260820_SECOND_PASS_V7_round04	MANUAL_EMERGENCY_WORK_20260820_FIRST_PASS_V7_round04	ox5000-3f2080ac50b135059225	tribute	noun	C1	BLOCKED		BLOCKED V7: sense-bound bilingual confirmation did not survive alignment gate; exact Oxford definition='an act, a statement or a gift that is intended to show your love or respect, especially for a dead person'.
MANUAL_EMERGENCY_WORK_20260820_SECOND_PASS_V7_round04	MANUAL_EMERGENCY_WORK_20260820_FIRST_PASS_V7_round04	ox5000-f690888a2be766e69ec3	trigger	noun	C1	BLOCKED		BLOCKED V7: V6 candidate-specific Ukrainian lexical evidence missing/ambiguous or lacks exact English lexical mapping; exact Oxford definition='the part of a gun that you press in order to fire it'.
MANUAL_EMERGENCY_WORK_20260820_SECOND_PASS_V7_round04	MANUAL_EMERGENCY_WORK_20260820_FIRST_PASS_V7_round04	ox5000-8a322f6cdbb221721285	trigger	verb	B2	BLOCKED		BLOCKED V7: candidate is not predominantly Ukrainian; exact Oxford definition='to make something happen suddenly'.
MANUAL_EMERGENCY_WORK_20260820_SECOND_PASS_V7_round04	MANUAL_EMERGENCY_WORK_20260820_FIRST_PASS_V7_round04	ox5000-a65a2ff14d99ea1e9c57	trillion	number	B2	BLOCKED		BLOCKED V7: V6 pymorphy3 uk has no requested-POS parse for 'трильйон'; exact Oxford definition='1\u2009000\u2009000\u2009000\u2009000; one million million'.
MANUAL_EMERGENCY_WORK_20260820_SECOND_PASS_V7_round04	MANUAL_EMERGENCY_WORK_20260820_FIRST_PASS_V7_round04	ox5000-1e0f1f9883740273fd03	trio	noun	C1	BLOCKED		BLOCKED V7: surface MT is candidate generation only; no independent sense-specific bilingual confirmation for this lexical value; exact Oxford definition='a group of three people or things'.
MANUAL_EMERGENCY_WORK_20260820_SECOND_PASS_V7_round04	MANUAL_EMERGENCY_WORK_20260820_FIRST_PASS_V7_round04	ox5000-436d3c02b7b6f2193c9a	triumph	noun	C1	BLOCKED		BLOCKED V7: surface MT is candidate generation only; no independent sense-specific bilingual confirmation for this lexical value; exact Oxford definition='a great success, achievement or victory'.
MANUAL_EMERGENCY_WORK_20260820_SECOND_PASS_V7_round04	MANUAL_EMERGENCY_WORK_20260820_FIRST_PASS_V7_round04	ox5000-754bf5b535795ee81c6c	troop	noun	B2	BLOCKED		BLOCKED V7: sense-bound bilingual confirmation did not survive alignment gate; exact Oxford definition='soldiers, especially in large groups'.
MANUAL_EMERGENCY_WORK_20260820_SECOND_PASS_V7_round04	MANUAL_EMERGENCY_WORK_20260820_FIRST_PASS_V7_round04	ox5000-ff9efa27d739a9feea65	trophy	noun	C1	BLOCKED		BLOCKED V7: sense-bound bilingual confirmation did not survive alignment gate; exact Oxford definition='an object such as a silver cup that is given as a prize for winning a competition'.
MANUAL_EMERGENCY_WORK_20260820_SECOND_PASS_V7_round04	MANUAL_EMERGENCY_WORK_20260820_FIRST_PASS_V7_round04	ox5000-f3b4954e52dd15e340f3	troubled	adjective	C1	BLOCKED		BLOCKED V7: adjective candidate has no plausible Ukrainian adjective morphology; exact Oxford definition='worried and anxious'.
MANUAL_EMERGENCY_WORK_20260820_SECOND_PASS_V7_round04	MANUAL_EMERGENCY_WORK_20260820_FIRST_PASS_V7_round04	ox5000-a5a78ed8b6c48cbea038	trustee	noun	C1	BLOCKED		BLOCKED V7: semantic role mismatch: Oxford definition requires person, reverse candidate looks generic; exact Oxford definition='a person or an organization that has control of money or property that has been put into a trust for somebody'.
MANUAL_EMERGENCY_WORK_20260820_SECOND_PASS_V7_round04	MANUAL_EMERGENCY_WORK_20260820_FIRST_PASS_V7_round04	ox5000-dfc95a3f0a8deaf00e0c	tuition	noun	C1	BLOCKED		BLOCKED V7: surface MT is candidate generation only; no independent sense-specific bilingual confirmation for this lexical value; exact Oxford definition='the act of teaching something, especially to one person or to people in small groups'.
MANUAL_EMERGENCY_WORK_20260820_SECOND_PASS_V7_round04	MANUAL_EMERGENCY_WORK_20260820_FIRST_PASS_V7_round04	ox5000-3b0b580582d680bcb24e	turnout	noun	C1	BLOCKED		BLOCKED V7: semantic role mismatch: Oxford definition requires person, reverse candidate looks generic; exact Oxford definition='the number of people who attend a particular event'.
MANUAL_EMERGENCY_WORK_20260820_SECOND_PASS_V7_round04	MANUAL_EMERGENCY_WORK_20260820_FIRST_PASS_V7_round04	ox5000-41ab3d9468b22c0ac1e8	turnover	noun	C1	BLOCKED		BLOCKED V7: sense-specific Wiktionary gloss does not align with exact Oxford definition; gloss_similarity=0.606; lexical_overlap=0; exact Oxford definition='the total amount of goods or services sold by a company during a particular period of time'.
MANUAL_EMERGENCY_WORK_20260820_SECOND_PASS_V7_round04	MANUAL_EMERGENCY_WORK_20260820_FIRST_PASS_V7_round04	ox5000-d7b56fa49ed8752c0082	twist	noun	C1	BLOCKED		BLOCKED V7: surface MT is candidate generation only; no independent sense-specific bilingual confirmation for this lexical value; exact Oxford definition='the action of turning something with your hand, or of turning a part of your body'.
MANUAL_EMERGENCY_WORK_20260820_SECOND_PASS_V7_round04	MANUAL_EMERGENCY_WORK_20260820_FIRST_PASS_V7_round04	ox5000-8240ce2b0fa801fdd05b	twist	verb	C1	BLOCKED		BLOCKED V7: candidate has contradictory definition support despite sense-bound source; exact Oxford definition='to bend or turn something into a particular shape'.
MANUAL_EMERGENCY_WORK_20260820_SECOND_PASS_V7_round04	MANUAL_EMERGENCY_WORK_20260820_FIRST_PASS_V7_round04	ox5000-0fe97df4cbc24e26a41e	ultimate	adjective	B2	BLOCKED		BLOCKED V7: sense-specific Wiktionary gloss does not align with exact Oxford definition; gloss_similarity=0.458; lexical_overlap=0; exact Oxford definition='happening at the end of a long process'.
MANUAL_EMERGENCY_WORK_20260820_SECOND_PASS_V7_round04	MANUAL_EMERGENCY_WORK_20260820_FIRST_PASS_V7_round04	ox5000-ca6bb00374122035b654	unacceptable	adjective	B2	BLOCKED		BLOCKED V7: sense-bound bilingual confirmation did not survive alignment gate; exact Oxford definition='so bad that you think it should not be allowed'.
MANUAL_EMERGENCY_WORK_20260820_SECOND_PASS_V7_round04	MANUAL_EMERGENCY_WORK_20260820_FIRST_PASS_V7_round04	ox5000-7872cc2ff1d802a34afb	uncertainty	noun	B2	BLOCKED		BLOCKED V7: V6 candidate-specific Ukrainian lexical evidence missing/ambiguous or lacks exact English lexical mapping; exact Oxford definition='the state of being uncertain'.
MANUAL_EMERGENCY_WORK_20260820_SECOND_PASS_V7_round04	MANUAL_EMERGENCY_WORK_20260820_FIRST_PASS_V7_round04	ox5000-05fda40c6a6fd499174b	undergo	verb	B2	BLOCKED		BLOCKED V7: English/source-language residue or model artifact; exact Oxford definition='to experience something, especially a change or something unpleasant'.
MANUAL_EMERGENCY_WORK_20260820_SECOND_PASS_V7_round04	MANUAL_EMERGENCY_WORK_20260820_FIRST_PASS_V7_round04	ox5000-eb49f89e6eed3c18fab5	undergraduate	noun	C1	BLOCKED		BLOCKED V7: surface MT is candidate generation only; no independent sense-specific bilingual confirmation for this lexical value; exact Oxford definition='a university or college student who is studying for their first degree'.
MANUAL_EMERGENCY_WORK_20260820_SECOND_PASS_V7_round04	MANUAL_EMERGENCY_WORK_20260820_FIRST_PASS_V7_round04	ox5000-23bff02510376b6c99d7	underlying	adjective	C1	BLOCKED		BLOCKED V7: adjective candidate has no plausible Ukrainian adjective morphology; exact Oxford definition='important in a situation but not always easily noticed or stated clearly'.
MANUAL_EMERGENCY_WORK_20260820_SECOND_PASS_V7_round04	MANUAL_EMERGENCY_WORK_20260820_FIRST_PASS_V7_round04	ox5000-51a085e259ff4699152f	undermine	verb	C1	BLOCKED		BLOCKED V7: semantic role mismatch: Oxford definition requires person, reverse candidate looks generic; exact Oxford definition='to make something, especially somebody’s confidence or authority, gradually weaker or less effective'.
MANUAL_EMERGENCY_WORK_20260820_SECOND_PASS_V7_round04	MANUAL_EMERGENCY_WORK_20260820_FIRST_PASS_V7_round04	ox5000-ee46540b05341ccdb424	undertake	verb	B2	BLOCKED		BLOCKED V7: sense-specific Wiktionary gloss does not align with exact Oxford definition; gloss_similarity=0.608; lexical_overlap=0; exact Oxford definition='to make yourself responsible for something and start doing it'.
MANUAL_EMERGENCY_WORK_20260820_SECOND_PASS_V7_round04	MANUAL_EMERGENCY_WORK_20260820_FIRST_PASS_V7_round04	ox5000-bcd6058b3b378fadeb46	undoubtedly	adverb	C1	BLOCKED		BLOCKED V7: surface MT is candidate generation only; no independent sense-specific bilingual confirmation for this lexical value; exact Oxford definition='used to emphasize that something exists or is definitely true'.
MANUAL_EMERGENCY_WORK_20260820_SECOND_PASS_V7_round04	MANUAL_EMERGENCY_WORK_20260820_FIRST_PASS_V7_round04	ox5000-b4aced670657eb3906ef	unfold	verb	B2	BLOCKED		BLOCKED V7: sense-bound bilingual confirmation did not survive alignment gate; exact Oxford definition='to spread open or flat something that has previously been folded; to become open and flat'.
MANUAL_EMERGENCY_WORK_20260820_SECOND_PASS_V7_round04	MANUAL_EMERGENCY_WORK_20260820_FIRST_PASS_V7_round04	ox5000-b704a7b67453b3bfa6ef	unfortunate	adjective	B2	BLOCKED		BLOCKED V7: V6 pymorphy3 uk has no requested-POS parse for 'Невдаха'; exact Oxford definition='having bad luck; caused by bad luck'.
MANUAL_EMERGENCY_WORK_20260820_SECOND_PASS_V7_round04	MANUAL_EMERGENCY_WORK_20260820_FIRST_PASS_V7_round04	ox5000-98c27296b81648365f0f	unify	verb	C1	BLOCKED		BLOCKED V7: verb candidate is not an appropriate Ukrainian infinitive/verb phrase; exact Oxford definition='to join people, things, parts of a country, etc. together so that they form a single unit'.
MANUAL_EMERGENCY_WORK_20260820_SECOND_PASS_V7_round04	MANUAL_EMERGENCY_WORK_20260820_FIRST_PASS_V7_round04	ox5000-1bd133aa12f2ec343c3d	unite	verb	B2	BLOCKED		BLOCKED V7: verb candidate is not an appropriate Ukrainian infinitive/verb phrase; exact Oxford definition='to join together with other people in order to do something as a group'.
MANUAL_EMERGENCY_WORK_20260820_SECOND_PASS_V7_round04	MANUAL_EMERGENCY_WORK_20260820_FIRST_PASS_V7_round04	ox5000-a103d57f9e4d2fd03225	unity	noun	B2	BLOCKED		BLOCKED V7: semantic role mismatch: Oxford definition requires state, reverse candidate looks process; exact Oxford definition='the state of being in agreement and working together; the state of being joined together to form one unit'.
MANUAL_EMERGENCY_WORK_20260820_SECOND_PASS_V7_round04	MANUAL_EMERGENCY_WORK_20260820_FIRST_PASS_V7_round04	ox5000-00df3e607e9d82617ce7	universal	adjective	B2	BLOCKED		BLOCKED V7: sense-specific Wiktionary gloss does not align with exact Oxford definition; gloss_similarity=0.269; lexical_overlap=0; exact Oxford definition='done by or involving all the people in the world or in a particular group'.
MANUAL_EMERGENCY_WORK_20260820_SECOND_PASS_V7_round04	MANUAL_EMERGENCY_WORK_20260820_FIRST_PASS_V7_round04	ox5000-50f08014a135ea159734	unprecedented	adjective	C1	BLOCKED		BLOCKED V7: candidate has contradictory definition support despite sense-bound source; exact Oxford definition='that has never happened, been done or been known before'.
MANUAL_EMERGENCY_WORK_20260820_SECOND_PASS_V7_round04	MANUAL_EMERGENCY_WORK_20260820_FIRST_PASS_V7_round04	ox5000-8e7c0a06f8f57745c0b7	unveil	verb	C1	BLOCKED		BLOCKED V7: candidate is not predominantly Ukrainian; exact Oxford definition='to remove a cover or curtain from a painting, statue, etc. so that it can be seen in public for the first time'.
MANUAL_EMERGENCY_WORK_20260820_SECOND_PASS_V7_round04	MANUAL_EMERGENCY_WORK_20260820_FIRST_PASS_V7_round04	ox5000-c8b54b1440d341ab58ef	upcoming	adjective	C1	BLOCKED		BLOCKED V7: V6 pymorphy3 uk has no requested-POS parse for 'Наближається'; exact Oxford definition='going to happen soon'.
MANUAL_EMERGENCY_WORK_20260820_SECOND_PASS_V7_round04	MANUAL_EMERGENCY_WORK_20260820_FIRST_PASS_V7_round04	ox5000-4b41eda57504f137ea52	upgrade	noun	C1	BLOCKED		BLOCKED V7: semantic role mismatch: Oxford definition requires process, reverse candidate looks generic; exact Oxford definition='the act of making a machine, computer system, etc. more powerful and efficient; the more powerful and efficient machine, computer system, etc.'.
MANUAL_EMERGENCY_WORK_20260820_SECOND_PASS_V7_round04	MANUAL_EMERGENCY_WORK_20260820_FIRST_PASS_V7_round04	ox5000-3d60b590a346562cd040	upgrade	verb	C1	BLOCKED		BLOCKED V7: verb candidate is not an appropriate Ukrainian infinitive/verb phrase; exact Oxford definition='to make a machine, computer system, etc. more powerful and efficient; to start using a new and better version of a machine, system, etc.'.
MANUAL_EMERGENCY_WORK_20260820_SECOND_PASS_V7_round04	MANUAL_EMERGENCY_WORK_20260820_FIRST_PASS_V7_round04	ox5000-5be5d98a1e3ccf304f5d	uphold	verb	C1	BLOCKED		BLOCKED V7: surface MT is candidate generation only; no independent sense-specific bilingual confirmation for this lexical value; exact Oxford definition='to support something that you think is right and make sure that it continues to exist'.
MANUAL_EMERGENCY_WORK_20260820_SECOND_PASS_V7_round04	MANUAL_EMERGENCY_WORK_20260820_FIRST_PASS_V7_round04	ox5000-357c4c424c06919ba573	urgent	adjective	B2	BLOCKED		BLOCKED V7: sense-specific Wiktionary gloss does not align with exact Oxford definition; gloss_similarity=0.545; lexical_overlap=0; exact Oxford definition='that needs to be dealt with or happen immediately'.
MANUAL_EMERGENCY_WORK_20260820_SECOND_PASS_V7_round04	MANUAL_EMERGENCY_WORK_20260820_FIRST_PASS_V7_round04	ox5000-3e59de5e9bc8a2475a44	usage	noun	B2	BLOCKED		BLOCKED V7: candidate has contradictory definition support despite sense-bound source; exact Oxford definition='the way in which words are used in a language'.
MANUAL_EMERGENCY_WORK_20260820_SECOND_PASS_V7_round04	MANUAL_EMERGENCY_WORK_20260820_FIRST_PASS_V7_round04	ox5000-84e4202be2d54ae3a880	useless	adjective	B2	BLOCKED		BLOCKED V7: sense-specific Wiktionary gloss does not align with exact Oxford definition; gloss_similarity=0.489; lexical_overlap=0; exact Oxford definition='not useful; not doing or achieving what is needed or wanted'.
MANUAL_EMERGENCY_WORK_20260820_SECOND_PASS_V7_round04	MANUAL_EMERGENCY_WORK_20260820_FIRST_PASS_V7_round04	ox5000-48d7737ea24a48e9d6b1	utility	noun	C1	BLOCKED		BLOCKED V7: surface MT is candidate generation only; no independent sense-specific bilingual confirmation for this lexical value; exact Oxford definition='a service provided for the public, for example an electricity, water or gas supply'.
MANUAL_EMERGENCY_WORK_20260820_SECOND_PASS_V7_round04	MANUAL_EMERGENCY_WORK_20260820_FIRST_PASS_V7_round04	ox5000-70d2e3907f919877957a	utilize	verb	C1	BLOCKED		BLOCKED V7: English/source-language residue or model artifact; exact Oxford definition='to use something, especially for a practical purpose'.
MANUAL_EMERGENCY_WORK_20260820_SECOND_PASS_V7_round04	MANUAL_EMERGENCY_WORK_20260820_FIRST_PASS_V7_round04	ox5000-a5f501c79a3cead3aed5	utterly	adverb	C1	BLOCKED		BLOCKED V7: surface MT is candidate generation only; no independent sense-specific bilingual confirmation for this lexical value; exact Oxford definition='completely'.
MANUAL_EMERGENCY_WORK_20260820_SECOND_PASS_V7_round04	MANUAL_EMERGENCY_WORK_20260820_FIRST_PASS_V7_round04	ox5000-bd2b3c3621e5e5dac378	vacuum	noun	C1	BLOCKED		BLOCKED V7: surface MT is candidate generation only; no independent sense-specific bilingual confirmation for this lexical value; exact Oxford definition='a space that is completely empty of all substances, including all air or other gas'.
MANUAL_EMERGENCY_WORK_20260820_SECOND_PASS_V7_round04	MANUAL_EMERGENCY_WORK_20260820_FIRST_PASS_V7_round04	ox5000-ff91b36a2919e9f4b7c0	vague	adjective	C1	BLOCKED		BLOCKED V7: semantic role mismatch: Oxford definition requires person, reverse candidate looks generic; exact Oxford definition='not clear in a person’s mind'.
MANUAL_EMERGENCY_WORK_20260820_SECOND_PASS_V7_round04	MANUAL_EMERGENCY_WORK_20260820_FIRST_PASS_V7_round04	ox5000-3a4b0d5d3856131ca280	valid	adjective	B2	BLOCKED		BLOCKED V7: candidate has contradictory definition support despite sense-bound source; exact Oxford definition='that is legally or officially acceptable'.
MANUAL_EMERGENCY_WORK_20260820_SECOND_PASS_V7_round04	MANUAL_EMERGENCY_WORK_20260820_FIRST_PASS_V7_round04	ox5000-d4b51e751f8ac1388a7d	validity	noun	C1	BLOCKED		BLOCKED V7: semantic role mismatch: Oxford definition requires state, reverse candidate looks generic; exact Oxford definition='the state of being legally or officially acceptable'.
MANUAL_EMERGENCY_WORK_20260820_SECOND_PASS_V7_round04	MANUAL_EMERGENCY_WORK_20260820_FIRST_PASS_V7_round04	ox5000-b6451053f7b0c44aee73	vanish	verb	C1	BLOCKED		BLOCKED V7: surface MT is candidate generation only; no independent sense-specific bilingual confirmation for this lexical value; exact Oxford definition='to disappear suddenly and/or in a way that you cannot explain'.
MANUAL_EMERGENCY_WORK_20260820_SECOND_PASS_V7_round04	MANUAL_EMERGENCY_WORK_20260820_FIRST_PASS_V7_round04	ox5000-b96d44955b0116a8b189	variable	adjective	C1	BLOCKED		BLOCKED V7: candidate has contradictory definition support despite sense-bound source; exact Oxford definition='often changing; likely to change'.
MANUAL_EMERGENCY_WORK_20260820_SECOND_PASS_V7_round04	MANUAL_EMERGENCY_WORK_20260820_FIRST_PASS_V7_round04	ox5000-ba63498dec4f81c1b9de	variable	noun	C1	BLOCKED		BLOCKED V7: sense-bound bilingual confirmation did not survive alignment gate; exact Oxford definition='a situation, number or quantity that can vary or be varied'.
MANUAL_EMERGENCY_WORK_20260820_SECOND_PASS_V7_round04	MANUAL_EMERGENCY_WORK_20260820_FIRST_PASS_V7_round04	ox5000-97f16a4e14fd89f0282c	variation	noun	B2	BLOCKED		BLOCKED V7: surface MT is candidate generation only; no independent sense-specific bilingual confirmation for this lexical value; exact Oxford definition='a change, especially in the amount or level of something'.
MANUAL_EMERGENCY_WORK_20260820_SECOND_PASS_V7_round04	MANUAL_EMERGENCY_WORK_20260820_FIRST_PASS_V7_round04	ox5000-884db0a3021eb9703686	varied	adjective	C1	BLOCKED		BLOCKED V7: adjective candidate has no plausible Ukrainian adjective morphology; exact Oxford definition='of many different types'.
MANUAL_EMERGENCY_WORK_20260820_SECOND_PASS_V7_round04	MANUAL_EMERGENCY_WORK_20260820_FIRST_PASS_V7_round04	ox5000-f9d3c8583b91249a82cf	vein	noun	C1	BLOCKED		BLOCKED V7: candidate has contradictory definition support despite sense-bound source; exact Oxford definition='any of the tubes that carry blood from all parts of the body towards the heart'.
MANUAL_EMERGENCY_WORK_20260820_SECOND_PASS_V7_round04	MANUAL_EMERGENCY_WORK_20260820_FIRST_PASS_V7_round04	ox5000-ead1e6c209960fbc9a63	venture	noun	C1	BLOCKED		BLOCKED V7: English/source-language residue or model artifact; exact Oxford definition='a business project or activity, especially one that involves taking risks'.
MANUAL_EMERGENCY_WORK_20260820_SECOND_PASS_V7_round04	MANUAL_EMERGENCY_WORK_20260820_FIRST_PASS_V7_round04	ox5000-c4a906d99fd676e40339	venture	verb	C1	BLOCKED		BLOCKED V7: English/source-language residue or model artifact; exact Oxford definition='to go somewhere even though you know that it might be dangerous or unpleasant'.
MANUAL_EMERGENCY_WORK_20260820_SECOND_PASS_V7_round04	MANUAL_EMERGENCY_WORK_20260820_FIRST_PASS_V7_round04	ox5000-40cca0dcc06cac43159c	verbal	adjective	C1	BLOCKED		BLOCKED V7: sense-bound bilingual confirmation did not survive alignment gate; exact Oxford definition='relating to words'.
MANUAL_EMERGENCY_WORK_20260820_SECOND_PASS_V7_round04	MANUAL_EMERGENCY_WORK_20260820_FIRST_PASS_V7_round04	ox5000-c0f3d588f4f4edb1473a	verdict	noun	C1	BLOCKED		"BLOCKED V7: Oxford definition requires person role but source/reverse role is not independently person-like (verdict); exact Oxford definition=""an official judgement made in court or at an inquest (= an official investigation into somebody's death)""."
MANUAL_EMERGENCY_WORK_20260820_SECOND_PASS_V7_round04	MANUAL_EMERGENCY_WORK_20260820_FIRST_PASS_V7_round04	ox5000-00204dee3aa7d984c985	verify	verb	C1	BLOCKED		BLOCKED V7: sense-bound bilingual confirmation did not survive alignment gate; exact Oxford definition='to check that something is true or accurate'.
MANUAL_EMERGENCY_WORK_20260820_SECOND_PASS_V7_round04	MANUAL_EMERGENCY_WORK_20260820_FIRST_PASS_V7_round04	ox5000-4fd068d2506743727f02	verse	noun	C1	BLOCKED		BLOCKED V7: V6 candidate-specific Ukrainian lexical evidence missing/ambiguous or lacks exact English lexical mapping; exact Oxford definition='writing that is arranged in lines, often with a regular rhythm or pattern of rhyme'.
MANUAL_EMERGENCY_WORK_20260820_SECOND_PASS_V7_round04	MANUAL_EMERGENCY_WORK_20260820_FIRST_PASS_V7_round04	ox5000-ac5c591f2fae87d58646	versus	preposition	C1	BLOCKED		BLOCKED V7: surface MT is candidate generation only; no independent sense-specific bilingual confirmation for this lexical value; exact Oxford definition='used to show that two teams or sides are against each other'.
MANUAL_EMERGENCY_WORK_20260820_SECOND_PASS_V7_round04	MANUAL_EMERGENCY_WORK_20260820_FIRST_PASS_V7_round04	ox5000-b223ea69d03f2788ad88	vertical	adjective	B2	BLOCKED		BLOCKED V7: sense-bound bilingual confirmation did not survive alignment gate; exact Oxford definition='going straight up or down from a level surface or from top to bottom in a picture, etc.'.
MANUAL_EMERGENCY_WORK_20260820_SECOND_PASS_V7_round04	MANUAL_EMERGENCY_WORK_20260820_FIRST_PASS_V7_round04	ox5000-3ee81464f01abd4b789d	vessel	noun	C1	BLOCKED		BLOCKED V7: Oxford definition requires person role but source/reverse role is not independently person-like (vessel); exact Oxford definition='a tube that carries blood through the body of a person or an animal, or liquid through the parts of a plant'.
MANUAL_EMERGENCY_WORK_20260820_SECOND_PASS_V7_round04	MANUAL_EMERGENCY_WORK_20260820_FIRST_PASS_V7_round04	ox5000-f6bbcd6016aa6874a3f7	veteran	noun	C1	BLOCKED		BLOCKED V7: Oxford definition requires person role but source/reverse role is not independently person-like (veteran); exact Oxford definition='a person who has a lot of experience in a particular area or activity'.
MANUAL_EMERGENCY_WORK_20260820_SECOND_PASS_V7_round04	MANUAL_EMERGENCY_WORK_20260820_FIRST_PASS_V7_round04	ox5000-121cec9e5ac562503098	viable	adjective	C1	BLOCKED		BLOCKED V7: sense-specific Wiktionary gloss does not align with exact Oxford definition; gloss_similarity=0.298; lexical_overlap=0; exact Oxford definition='that can be done; that will be successful'.
MANUAL_EMERGENCY_WORK_20260820_SECOND_PASS_V7_round04	MANUAL_EMERGENCY_WORK_20260820_FIRST_PASS_V7_round04	ox5000-6aea81a74e4cb4122b29	vibrant	adjective	C1	BLOCKED		BLOCKED V7: surface MT is candidate generation only; no independent sense-specific bilingual confirmation for this lexical value; exact Oxford definition='full of life and energy'.
MANUAL_EMERGENCY_WORK_20260820_SECOND_PASS_V7_round04	MANUAL_EMERGENCY_WORK_20260820_FIRST_PASS_V7_round04	ox5000-4a87b56fc5f2c92f2d14	vice	noun	C1	BLOCKED		BLOCKED V7: sense-specific Wiktionary gloss does not align with exact Oxford definition; gloss_similarity=0.277; lexical_overlap=0; exact Oxford definition='criminal activities that involve sex or drugs'.
MANUAL_EMERGENCY_WORK_20260820_SECOND_PASS_V7_round04	MANUAL_EMERGENCY_WORK_20260820_FIRST_PASS_V7_round04	ox5000-9eadee768474116a6389	vicious	adjective	C1	BLOCKED		BLOCKED V7: surface MT is candidate generation only; no independent sense-specific bilingual confirmation for this lexical value; exact Oxford definition='violent and cruel'.
MANUAL_EMERGENCY_WORK_20260820_SECOND_PASS_V7_round04	MANUAL_EMERGENCY_WORK_20260820_FIRST_PASS_V7_round04	ox5000-3143b1c6f122d8cbb915	viewpoint	noun	B2	BLOCKED		BLOCKED V7: surface MT is candidate generation only; no independent sense-specific bilingual confirmation for this lexical value; exact Oxford definition='a way of thinking about a subject'.
MANUAL_EMERGENCY_WORK_20260820_SECOND_PASS_V7_round04	MANUAL_EMERGENCY_WORK_20260820_FIRST_PASS_V7_round04	ox5000-642e71f0ef3e4ecc6bac	villager	noun	C1	BLOCKED		BLOCKED V7: semantic role mismatch: Oxford definition requires person, reverse candidate looks process; exact Oxford definition='a person who lives in a village'.
MANUAL_EMERGENCY_WORK_20260820_SECOND_PASS_V7_round04	MANUAL_EMERGENCY_WORK_20260820_FIRST_PASS_V7_round04	ox5000-6791fac69a8e0c0a1fbc	violate	verb	C1	BLOCKED		BLOCKED V7: sense-specific Wiktionary gloss does not align with exact Oxford definition; gloss_similarity=0.619; lexical_overlap=0; exact Oxford definition='to go against or refuse to obey a law, an agreement, etc.'.
MANUAL_EMERGENCY_WORK_20260820_SECOND_PASS_V7_round04	MANUAL_EMERGENCY_WORK_20260820_FIRST_PASS_V7_round04	ox5000-599362e4e8fd0e21eb59	violation	noun	C1	BLOCKED		BLOCKED V7: surface MT is candidate generation only; no independent sense-specific bilingual confirmation for this lexical value; exact Oxford definition='the act of going against or refusing to obey a law, an agreement, etc.'.
MANUAL_EMERGENCY_WORK_20260820_SECOND_PASS_V7_round04	MANUAL_EMERGENCY_WORK_20260820_FIRST_PASS_V7_round04	ox5000-4bbf63568389861f19a6	virtue	noun	C1	BLOCKED		BLOCKED V7: sense-bound bilingual confirmation did not survive alignment gate; exact Oxford definition='behaviour or attitudes that show high moral standards'.
MANUAL_EMERGENCY_WORK_20260820_SECOND_PASS_V7_round04	MANUAL_EMERGENCY_WORK_20260820_FIRST_PASS_V7_round04	ox5000-f912150dbfa4ff420e3e	visa	noun	B2	BLOCKED		BLOCKED V7: sense-bound bilingual confirmation did not survive alignment gate; exact Oxford definition='a stamp or mark put in your passport by officials of a foreign country that gives you permission to enter, pass through or leave their country'.
MANUAL_EMERGENCY_WORK_20260820_SECOND_PASS_V7_round04	MANUAL_EMERGENCY_WORK_20260820_FIRST_PASS_V7_round04	ox5000-4aeb806a56db651cb840	vocal	adjective	C1	BLOCKED		BLOCKED V7: V6 candidate-specific Ukrainian lexical evidence missing/ambiguous or lacks exact English lexical mapping; exact Oxford definition='connected with the voice'.
MANUAL_EMERGENCY_WORK_20260820_SECOND_PASS_V7_round04	MANUAL_EMERGENCY_WORK_20260820_FIRST_PASS_V7_round04	ox5000-f0b43c80674358bf7398	voluntary	adjective	B2	BLOCKED		BLOCKED V7: V6 candidate-specific Ukrainian lexical evidence missing/ambiguous or lacks exact English lexical mapping; exact Oxford definition='done willingly, not because you are forced'.
MANUAL_EMERGENCY_WORK_20260820_SECOND_PASS_V7_round04	MANUAL_EMERGENCY_WORK_20260820_FIRST_PASS_V7_round04	ox5000-b8342c014fdb4dec91ab	voting	noun	B2	BLOCKED		BLOCKED V7: Oxford definition requires person role but source/reverse role is not independently person-like (voting); exact Oxford definition='the action of choosing somebody/something in an election or at a meeting'.
MANUAL_EMERGENCY_WORK_20260820_SECOND_PASS_V7_round04	MANUAL_EMERGENCY_WORK_20260820_FIRST_PASS_V7_round04	ox5000-18b3037108db5178098c	vow	verb	C1	BLOCKED		BLOCKED V7: verb candidate is not an appropriate Ukrainian infinitive/verb phrase; exact Oxford definition='to make a formal and serious promise to do something or a formal statement that is true'.
MANUAL_EMERGENCY_WORK_20260820_SECOND_PASS_V7_round04	MANUAL_EMERGENCY_WORK_20260820_FIRST_PASS_V7_round04	ox5000-b2724644535a93be515d	vulnerability	noun	C1	BLOCKED		BLOCKED V7: sense-specific Wiktionary gloss does not align with exact Oxford definition; gloss_similarity=0.411; lexical_overlap=0; exact Oxford definition='the fact of being weak and easily hurt physically or emotionally'.
MANUAL_EMERGENCY_WORK_20260820_SECOND_PASS_V7_round04	MANUAL_EMERGENCY_WORK_20260820_FIRST_PASS_V7_round04	ox5000-33e9f5df7261de30ea45	vulnerable	adjective	C1	BLOCKED		BLOCKED V7: sense-specific Wiktionary gloss does not align with exact Oxford definition; gloss_similarity=0.326; lexical_overlap=0; exact Oxford definition='weak and easily hurt physically or emotionally'.
MANUAL_EMERGENCY_WORK_20260820_SECOND_PASS_V7_round04	MANUAL_EMERGENCY_WORK_20260820_FIRST_PASS_V7_round04	ox5000-5dba045c182acbd5d5f1	wander	verb	B2	BLOCKED		BLOCKED V7: candidate is not predominantly Ukrainian; exact Oxford definition='to walk slowly around or to a place, often without any particular sense of purpose or direction'.
MANUAL_EMERGENCY_WORK_20260820_SECOND_PASS_V7_round04	MANUAL_EMERGENCY_WORK_20260820_FIRST_PASS_V7_round04	ox5000-12e52edf213e46dde87f	ward	noun	C1	BLOCKED		BLOCKED V7: candidate is not predominantly Ukrainian; exact Oxford definition='a separate room or area in a hospital for people with the same type of medical condition'.
MANUAL_EMERGENCY_WORK_20260820_SECOND_PASS_V7_round04	MANUAL_EMERGENCY_WORK_20260820_FIRST_PASS_V7_round04	ox5000-705f1a27b761df9f1e69	warehouse	noun	C1	BLOCKED		BLOCKED V7: semantic role mismatch: Oxford definition requires place, reverse candidate looks generic; exact Oxford definition='a building where large quantities of goods are stored, especially before they are sent to shops to be sold'.
MANUAL_EMERGENCY_WORK_20260820_SECOND_PASS_V7_round04	MANUAL_EMERGENCY_WORK_20260820_FIRST_PASS_V7_round04	ox5000-f2c98b2052900e93144b	warfare	noun	C1	BLOCKED		BLOCKED V7: sense-bound bilingual confirmation did not survive alignment gate; exact Oxford definition='the activity of fighting a war, especially using particular weapons or methods'.
MANUAL_EMERGENCY_WORK_20260820_SECOND_PASS_V7_round04	MANUAL_EMERGENCY_WORK_20260820_FIRST_PASS_V7_round04	ox5000-a83fb8d4dafe378c4bf7	warming	noun	B2	BLOCKED		BLOCKED V7: sense-specific Wiktionary gloss does not align with exact Oxford definition; gloss_similarity=0.334; lexical_overlap=0; exact Oxford definition='the process of making something, or of becoming, warm or warmer'.
MANUAL_EMERGENCY_WORK_20260820_SECOND_PASS_V7_round04	MANUAL_EMERGENCY_WORK_20260820_FIRST_PASS_V7_round04	ox5000-bfe64fa77c8faf43888f	warrant	noun	C1	BLOCKED		BLOCKED V7: sense-bound bilingual confirmation did not survive alignment gate; exact Oxford definition='a legal document that is signed by a judge and gives the police authority to do something'.
MANUAL_EMERGENCY_WORK_20260820_SECOND_PASS_V7_round04	MANUAL_EMERGENCY_WORK_20260820_FIRST_PASS_V7_round04	ox5000-00e1a806d10fa572f24a	warrant	verb	C1	BLOCKED		BLOCKED V7: verb candidate is not an appropriate Ukrainian infinitive/verb phrase; exact Oxford definition='to make something necessary or appropriate in a particular situation'.
MANUAL_EMERGENCY_WORK_20260820_SECOND_PASS_V7_round04	MANUAL_EMERGENCY_WORK_20260820_FIRST_PASS_V7_round04	ox5000-ad79a2d51bcb5fc3e45b	warrior	noun	C1	BLOCKED		BLOCKED V7: V6 candidate-specific Ukrainian lexical evidence missing/ambiguous or lacks exact English lexical mapping; exact Oxford definition='(especially in the past) a person who fights in a battle or war'.
MANUAL_EMERGENCY_WORK_20260820_SECOND_PASS_V7_round04	MANUAL_EMERGENCY_WORK_20260820_FIRST_PASS_V7_round04	ox5000-e6998e43c663c8bd9cc2	weaken	verb	C1	BLOCKED		BLOCKED V7: Oxford definition requires person role but source/reverse role is not independently person-like (weaken); exact Oxford definition='to make somebody/something less strong or powerful; to become less strong or powerful'.
MANUAL_EMERGENCY_WORK_20260820_SECOND_PASS_V7_round04	MANUAL_EMERGENCY_WORK_20260820_FIRST_PASS_V7_round04	ox5000-f662904e395de55b38b4	weave	verb	C1	BLOCKED		BLOCKED V7: candidate has contradictory definition support despite sense-bound source; exact Oxford definition='to make cloth, a carpet, a basket , etc. by crossing threads or narrow pieces of material across, over and under each other by hand or on a machine called a loom'.
MANUAL_EMERGENCY_WORK_20260820_SECOND_PASS_V7_round04	MANUAL_EMERGENCY_WORK_20260820_FIRST_PASS_V7_round04	ox5000-82d9b319c21a0b7d136e	weed	noun	C1	BLOCKED		BLOCKED V7: candidate has contradictory definition support despite sense-bound source; exact Oxford definition='a wild plant growing where it is not wanted, especially among crops or garden plants'.
MANUAL_EMERGENCY_WORK_20260820_SECOND_PASS_V7_round04	MANUAL_EMERGENCY_WORK_20260820_FIRST_PASS_V7_round04	ox5000-c260921c2eae534f69c9	weird	adjective	B2	BLOCKED		BLOCKED V7: V6 candidate-specific Ukrainian lexical evidence missing/ambiguous or lacks exact English lexical mapping; exact Oxford definition='very strange or unusual and difficult to explain'.
MANUAL_EMERGENCY_WORK_20260820_SECOND_PASS_V7_round04	MANUAL_EMERGENCY_WORK_20260820_FIRST_PASS_V7_round04	ox5000-541687f5159f48b0e181	welfare	noun	B2	BLOCKED		BLOCKED V7: semantic role mismatch: Oxford definition requires person, reverse candidate looks state; exact Oxford definition='the general health, happiness and safety of a person, an animal or a group'.
MANUAL_EMERGENCY_WORK_20260820_SECOND_PASS_V7_round04	MANUAL_EMERGENCY_WORK_20260820_FIRST_PASS_V7_round04	ox5000-7ac66d34ed6d2d18ab7a	well	noun	C1	BLOCKED		BLOCKED V7: sense-bound bilingual confirmation did not survive alignment gate; exact Oxford definition='a deep hole in the ground from which people obtain water. The sides of wells are usually covered with brick or stone and there is usually a cover or a small wall at the top of the well .'.
MANUAL_EMERGENCY_WORK_20260820_SECOND_PASS_V7_round04	MANUAL_EMERGENCY_WORK_20260820_FIRST_PASS_V7_round04	ox5000-136d53cda0c01d3d92c3	whatever	adverb	C1	BLOCKED		BLOCKED V7: multiword adverb candidate is not an adverbial phrase; exact Oxford definition='not at all; not of any kind'.
MANUAL_EMERGENCY_WORK_20260820_SECOND_PASS_V7_round04	MANUAL_EMERGENCY_WORK_20260820_FIRST_PASS_V7_round04	ox5000-aaa881c3f408681d7e11	whatsoever	adverb	C1	BLOCKED		BLOCKED V7: multiword adverb candidate is not an adverbial phrase; exact Oxford definition='not at all; not of any kind'.
MANUAL_EMERGENCY_WORK_20260820_SECOND_PASS_V7_round04	MANUAL_EMERGENCY_WORK_20260820_FIRST_PASS_V7_round04	ox5000-9da29962568e275f6173	wheat	noun	B2	BLOCKED		BLOCKED V7: sense-bound bilingual confirmation did not survive alignment gate; exact Oxford definition='a plant grown for its grain that is used to produce the flour for bread, cakes, pasta , etc.; the grain of this plant'.
MANUAL_EMERGENCY_WORK_20260820_SECOND_PASS_V7_round04	MANUAL_EMERGENCY_WORK_20260820_FIRST_PASS_V7_round04	ox5000-b687b0f57fa5366486ca	whereby	adverb	C1	BLOCKED		BLOCKED V7: sentence-like punctuation in lexical value; exact Oxford definition='by which; because of which'.
MANUAL_EMERGENCY_WORK_20260820_SECOND_PASS_V7_round04	MANUAL_EMERGENCY_WORK_20260820_FIRST_PASS_V7_round04	ox5000-8eb4dc7709c4780bf6a5	whilst	conjunction	C1	BLOCKED		BLOCKED V7: surface MT is candidate generation only; no independent sense-specific bilingual confirmation for this lexical value; exact Oxford definition='during the time that something is happening; at the same time as something else is happening'.
MANUAL_EMERGENCY_WORK_20260820_SECOND_PASS_V7_round04	MANUAL_EMERGENCY_WORK_20260820_FIRST_PASS_V7_round04	ox5000-7af578b8eda8386576e3	whip	verb	C1	BLOCKED		BLOCKED V7: semantic role mismatch: Oxford definition requires person, reverse candidate looks generic; exact Oxford definition='to hit a person or an animal hard with a whip , as a punishment or to make them go faster or work harder'.
MANUAL_EMERGENCY_WORK_20260820_SECOND_PASS_V7_round04	MANUAL_EMERGENCY_WORK_20260820_FIRST_PASS_V7_round04	ox5000-e0481a3d4119e74acd4e	whoever	pronoun	B2	BLOCKED		BLOCKED V7: semantic role mismatch: Oxford definition requires person, reverse candidate looks generic; exact Oxford definition='the person or people who; any person who'.
MANUAL_EMERGENCY_WORK_20260820_SECOND_PASS_V7_round04	MANUAL_EMERGENCY_WORK_20260820_FIRST_PASS_V7_round04	ox5000-bba3d8405583d811c7fb	wholly	adverb	C1	BLOCKED		BLOCKED V7: surface MT is candidate generation only; no independent sense-specific bilingual confirmation for this lexical value; exact Oxford definition='completely'.
MANUAL_EMERGENCY_WORK_20260820_SECOND_PASS_V7_round04	MANUAL_EMERGENCY_WORK_20260820_FIRST_PASS_V7_round04	ox5000-1ad42173d6a47044c4fc	widen	verb	C1	BLOCKED		BLOCKED V7: verb candidate is not an appropriate Ukrainian infinitive/verb phrase; exact Oxford definition='to become wider; to make something wider'.
MANUAL_EMERGENCY_WORK_20260820_SECOND_PASS_V7_round04	MANUAL_EMERGENCY_WORK_20260820_FIRST_PASS_V7_round04	ox5000-e70719b36c73f2262a94	widespread	adjective	B2	BLOCKED		BLOCKED V7: adjective candidate has no plausible Ukrainian adjective morphology; exact Oxford definition='existing or happening over a large area or among many people'.
MANUAL_EMERGENCY_WORK_20260820_SECOND_PASS_V7_round04	MANUAL_EMERGENCY_WORK_20260820_FIRST_PASS_V7_round04	ox5000-e60944697898fda86318	width	noun	C1	BLOCKED		BLOCKED V7: V6 candidate-specific Ukrainian lexical evidence missing/ambiguous or lacks exact English lexical mapping; exact Oxford definition='the measurement from one side of something to the other; how wide something is'.
MANUAL_EMERGENCY_WORK_20260820_SECOND_PASS_V7_round04	MANUAL_EMERGENCY_WORK_20260820_FIRST_PASS_V7_round04	ox5000-fb8ecb4cb23d479816a5	willingness	noun	C1	BLOCKED		BLOCKED V7: semantic role mismatch: Oxford definition requires state, reverse candidate looks process; exact Oxford definition='the quality of being happy and ready to do something'.
MANUAL_EMERGENCY_WORK_20260820_SECOND_PASS_V7_round04	MANUAL_EMERGENCY_WORK_20260820_FIRST_PASS_V7_round04	ox5000-00c15dea7c61b8c6848d	wipe	verb	C1	BLOCKED		BLOCKED V7: surface MT is candidate generation only; no independent sense-specific bilingual confirmation for this lexical value; exact Oxford definition='to rub something against a surface, in order to remove dirt or liquid from it; to rub a surface with a cloth, etc. in order to clean it'.
MANUAL_EMERGENCY_WORK_20260820_SECOND_PASS_V7_round04	MANUAL_EMERGENCY_WORK_20260820_FIRST_PASS_V7_round04	ox5000-53f7030f25a42ed5f75d	wisdom	noun	B2	BLOCKED		BLOCKED V7: sense-specific Wiktionary gloss does not align with exact Oxford definition; gloss_similarity=0.076; lexical_overlap=0; exact Oxford definition='the ability to make sensible decisions and give good advice because of the experience and knowledge that you have'.
MANUAL_EMERGENCY_WORK_20260820_SECOND_PASS_V7_round04	MANUAL_EMERGENCY_WORK_20260820_FIRST_PASS_V7_round04	ox5000-71cfc35fecd6d31f3d90	wit	noun	C1	BLOCKED		BLOCKED V7: surface MT is candidate generation only; no independent sense-specific bilingual confirmation for this lexical value; exact Oxford definition='the ability to say or write things that are both clever and humorous'.
MANUAL_EMERGENCY_WORK_20260820_SECOND_PASS_V7_round04	MANUAL_EMERGENCY_WORK_20260820_FIRST_PASS_V7_round04	ox5000-4a0d80cb3aee1630ef88	withdraw	verb	B2	BLOCKED		BLOCKED V7: candidate has contradictory definition support despite sense-bound source; exact Oxford definition='to take money out of a bank account'.
MANUAL_EMERGENCY_WORK_20260820_SECOND_PASS_V7_round04	MANUAL_EMERGENCY_WORK_20260820_FIRST_PASS_V7_round04	ox5000-b500ac68bf72138c5bbf	withdrawal	noun	C1	BLOCKED		BLOCKED V7: noun candidate is an infinitive/verb form; exact Oxford definition='the act of taking an amount of money out of your bank account'.
MANUAL_EMERGENCY_WORK_20260820_SECOND_PASS_V7_round04	MANUAL_EMERGENCY_WORK_20260820_FIRST_PASS_V7_round04	ox5000-b21cce758fc50a0848db	workforce	noun	B2	BLOCKED		BLOCKED V7: sense-bound bilingual confirmation did not survive alignment gate; exact Oxford definition='all the people who work for a particular company, organization, etc.'.
MANUAL_EMERGENCY_WORK_20260820_SECOND_PASS_V7_round04	MANUAL_EMERGENCY_WORK_20260820_FIRST_PASS_V7_round04	ox5000-c4df7b62298c6a0e1e19	workout	noun	C1	BLOCKED		BLOCKED V7: English/source-language residue or model artifact; exact Oxford definition='a period of physical exercise that you do to keep fit'.
MANUAL_EMERGENCY_WORK_20260820_SECOND_PASS_V7_round04	MANUAL_EMERGENCY_WORK_20260820_FIRST_PASS_V7_round04	ox5000-c12d12f9f3c1cebbd720	workplace	noun	B2	BLOCKED		BLOCKED V7: V6 candidate-specific Ukrainian lexical evidence missing/ambiguous or lacks exact English lexical mapping; exact Oxford definition='the office, factory, etc. where people work'.
MANUAL_EMERGENCY_WORK_20260820_SECOND_PASS_V7_round04	MANUAL_EMERGENCY_WORK_20260820_FIRST_PASS_V7_round04	ox5000-a239d20d2b0886b804d3	workshop	noun	B2	BLOCKED		BLOCKED V7: surface MT is candidate generation only; no independent sense-specific bilingual confirmation for this lexical value; exact Oxford definition='a period of discussion and practical work on a particular subject, in which a group of people share their knowledge and experience'.
MANUAL_EMERGENCY_WORK_20260820_SECOND_PASS_V7_round04	MANUAL_EMERGENCY_WORK_20260820_FIRST_PASS_V7_round04	ox5000-152aa939ce8e22a8cba8	worm	noun	B2	BLOCKED		BLOCKED V7: surface MT is candidate generation only; no independent sense-specific bilingual confirmation for this lexical value; exact Oxford definition='a long, thin creature with a soft body and no bones or legs'.
MANUAL_EMERGENCY_WORK_20260820_SECOND_PASS_V7_round04	MANUAL_EMERGENCY_WORK_20260820_FIRST_PASS_V7_round04	ox5000-ebe5ca9d165e19c0739b	worship	noun	C1	BLOCKED		BLOCKED V7: surface MT is candidate generation only; no independent sense-specific bilingual confirmation for this lexical value; exact Oxford definition='the practice of showing respect for God or a god, by saying prayers, singing with others, etc.; a ceremony for this'.
MANUAL_EMERGENCY_WORK_20260820_SECOND_PASS_V7_round04	MANUAL_EMERGENCY_WORK_20260820_FIRST_PASS_V7_round04	ox5000-facbf2da8bf54e09d106	worship	verb	C1	BLOCKED		BLOCKED V7: verb candidate is not an appropriate Ukrainian infinitive/verb phrase; exact Oxford definition='to show respect for God or a god, especially by saying prayers, singing, etc. with other people in a religious building'.
MANUAL_EMERGENCY_WORK_20260820_SECOND_PASS_V7_round04	MANUAL_EMERGENCY_WORK_20260820_FIRST_PASS_V7_round04	ox5000-25f500256746f398eb9c	worthwhile	adjective	C1	BLOCKED		BLOCKED V7: V6 pymorphy3 uk has no requested-POS parse for 'вартує'; exact Oxford definition='important, pleasant, interesting, etc.; worth spending time, money or effort on'.
MANUAL_EMERGENCY_WORK_20260820_SECOND_PASS_V7_round04	MANUAL_EMERGENCY_WORK_20260820_FIRST_PASS_V7_round04	ox5000-780d6e175fa7df70d661	worthy	adjective	C1	BLOCKED		BLOCKED V7: semantic role mismatch: Oxford definition requires person, reverse candidate looks process; exact Oxford definition='having the qualities that deserve somebody/something'.
MANUAL_EMERGENCY_WORK_20260820_SECOND_PASS_V7_round04	MANUAL_EMERGENCY_WORK_20260820_FIRST_PASS_V7_round04	ox5000-50b98ac704c3bc34a67f	wrist	noun	B2	BLOCKED		BLOCKED V7: surface MT is candidate generation only; no independent sense-specific bilingual confirmation for this lexical value; exact Oxford definition='the joint between the hand and the arm'.
MANUAL_EMERGENCY_WORK_20260820_SECOND_PASS_V7_round04	MANUAL_EMERGENCY_WORK_20260820_FIRST_PASS_V7_round04	ox5000-b4375e50137f50a3167c	yell	verb	C1	BLOCKED		BLOCKED V7: verb candidate is not an appropriate Ukrainian infinitive/verb phrase; exact Oxford definition='to shout loudly, for example because you are angry, excited, frightened or in pain'.
MANUAL_EMERGENCY_WORK_20260820_SECOND_PASS_V7_round04	MANUAL_EMERGENCY_WORK_20260820_FIRST_PASS_V7_round04	ox5000-cc76f33fcb4c9bc2e444	yield	noun	C1	BLOCKED		BLOCKED V7: surface MT is candidate generation only; no independent sense-specific bilingual confirmation for this lexical value; exact Oxford definition='the total amount of crops, profits, etc. that are produced'.
MANUAL_EMERGENCY_WORK_20260820_SECOND_PASS_V7_round04	MANUAL_EMERGENCY_WORK_20260820_FIRST_PASS_V7_round04	ox5000-965201ceb2ed31dc1820	yield	verb	C1	BLOCKED		BLOCKED V7: verb candidate is not an appropriate Ukrainian infinitive/verb phrase; exact Oxford definition='to produce or provide something, for example a profit, result or crop'.
MANUAL_EMERGENCY_WORK_20260820_SECOND_PASS_V7_round04	MANUAL_EMERGENCY_WORK_20260820_FIRST_PASS_V7_round04	ox5000-ac6f5aa49f2b06653bf9	youngster	noun	C1	BLOCKED		BLOCKED V7: surface MT is candidate generation only; no independent sense-specific bilingual confirmation for this lexical value; exact Oxford definition='a young person or a child'.
